ISO-10303-21;
HEADER;
FILE_DESCRIPTION (( 'STEP AP214' ),
    '1' );
FILE_NAME ('BackPiece.STEP',
    '2026-09-02T17:54:28',
    ( '' ),
    ( '' ),
    'SwSTEP 2.0',
    'SolidWorks 2025',
    '' );
FILE_SCHEMA (( 'AUTOMOTIVE_DESIGN' ));
ENDSEC;

DATA;
#1 = CARTESIAN_POINT ( 'NONE',  ( -69.74836691017675605, 62.75118492177985985, 105.5176803333145870 ) ) ;
#2 = CARTESIAN_POINT ( 'NONE',  ( -69.68186199156582461, 61.51523753488184809, 130.7145718160065258 ) ) ;
#3 = AXIS2_PLACEMENT_3D ( 'NONE', #1579, #6653, #4595 ) ;
#4 = AXIS2_PLACEMENT_3D ( 'NONE', #7790, #1715, #5733 ) ;
#5 = CARTESIAN_POINT ( 'NONE',  ( -81.71139227621051759, 151.5149691794777596, 156.2090315870555628 ) ) ;
#6 = CARTESIAN_POINT ( 'NONE',  ( -79.56631887912794809, 142.1647641860222677, 62.12370324031426350 ) ) ;
#7 = ORIENTED_EDGE ( 'NONE', *, *, #6091, .T. ) ;
#8 = DIRECTION ( 'NONE',  ( -0.000000000000000000, 1.000000000000000000, 0.000000000000000000 ) ) ;
#9 = DIRECTION ( 'NONE',  ( 1.000000000000000000, -0.000000000000000000, -0.000000000000000000 ) ) ;
#10 = ORIENTED_EDGE ( 'NONE', *, *, #1086, .F. ) ;
#11 = CARTESIAN_POINT ( 'NONE',  ( -89.92374460378536583, 104.9552586092414685, 114.7725100573179446 ) ) ;
#12 = ORIENTED_EDGE ( 'NONE', *, *, #2790, .T. ) ;
#13 = B_SPLINE_SURFACE_WITH_KNOTS ( 'NONE', 1, 3, ( 
 ( #986, #7662, #6960, #9142, #445, #8693, #2591, #6447, #4799, #1974, #3501, #2772, #5072, #1373, #9076, #7600, #1476, #9791, #1626, #2268, #3106, #6094, #1824, #8536, #3354, #3401, #2671, #4190, #5696, #3481, #2108, #8771, #6720, #4574, #817, #8283, #63, #8977, #9228, #960, #5226, #1648, #748, #1535 ),
 ( #3074, #2339, #3371, #4206, #5469, #2597, #1742, #7017, #5530, #305, #921, #9399, #3955, #8489, #238, #6246, #9291, #5564, #3591, #629, #2017, #9585, #3444, #8832, #3735, #9782, #3001, #1513, #7892, #7037, #5397, #5553, #3253, #3204, #6426, #8816, #3394, #4221, #3630, #808, #9677, #3824, #5979, #7521 ) ),
 .UNSPECIFIED., .F., .F., .F.,
 ( 2, 2 ),
 ( 4, 2, 2, 2, 2, 2, 2, 2, 2, 2, 2, 2, 2, 2, 2, 2, 2, 2, 2, 2, 2, 4 ),
 ( 0.000000000000000000, 1.000000000000000000 ),
 ( 0.000000000000000000, 0.001397028950163117702, 0.002794057900326235404, 0.004191086850489352672, 0.004889601325570911740, 0.005588115800652470808, 0.006985144750815588076, 0.008382173700978705344, 0.009080688176060263544, 0.009779202651141823480, 0.01047771712622338341, 0.01117623160130494162, 0.01257326055146805802, 0.01397028950163117615, 0.01466880397671273609, 0.01536731845179429429, 0.01676434740195741069, 0.01816137635212052709, 0.01885989082720208876, 0.01955840530228364696, 0.02095543425244676683, 0.02235246320260988323 ),
 .UNSPECIFIED. ) ;
#14 = CARTESIAN_POINT ( 'NONE',  ( -81.91735744420022058, 77.12187193127142848, 67.82193163634708810 ) ) ;
#15 = CIRCLE ( 'NONE', #5543, 5.000000000000004441 ) ;
#16 = CARTESIAN_POINT ( 'NONE',  ( -79.58388288670788313, 76.34623345982001297, 66.18719283046218038 ) ) ;
#17 = CARTESIAN_POINT ( 'NONE',  ( -81.42854144508763170, 72.95086019584591952, 155.8571158095808471 ) ) ;
#18 = CARTESIAN_POINT ( 'NONE',  ( -90.78852488284351807, 83.94207477278524721, 113.7060728823499858 ) ) ;
#19 = ADVANCED_FACE ( 'NONE', ( #1443 ), #3731, .T. ) ;
#20 = DIRECTION ( 'NONE',  ( 0.000000000000000000, 0.000000000000000000, -1.000000000000000000 ) ) ;
#21 = CARTESIAN_POINT ( 'NONE',  ( -78.78852960328464405, 68.74463027961520822, 85.00325229342891475 ) ) ;
#22 = CARTESIAN_POINT ( 'NONE',  ( -76.78852960328464405, 146.6084652770730088, 160.9385003127598566 ) ) ;
#23 = ORIENTED_EDGE ( 'NONE', *, *, #2924, .F. ) ;
#24 = CARTESIAN_POINT ( 'NONE',  ( -70.97009908537522449, 114.4172614236641863, 96.86503193508758613 ) ) ;
#25 = CARTESIAN_POINT ( 'NONE',  ( -90.75026622233667695, 86.94190798177660895, 116.5057407317052736 ) ) ;
#26 = CARTESIAN_POINT ( 'NONE',  ( -90.78852960328464405, 81.41141280376652389, 62.82207159945092911 ) ) ;
#27 = CARTESIAN_POINT ( 'NONE',  ( -88.85704443486936555, 133.6309159640421456, 92.18901621958045212 ) ) ;
#28 = ADVANCED_FACE ( 'NONE', ( #2494 ), #6245, .F. ) ;
#29 = DIRECTION ( 'NONE',  ( 0.000000000000000000, 1.000000000000000000, 0.000000000000000000 ) ) ;
#30 = EDGE_CURVE ( 'NONE', #1419, #3758, #8488, .T. ) ;
#31 = CARTESIAN_POINT ( 'NONE',  ( -88.81559007205517275, 105.2157457668972711, 91.96147921292704552 ) ) ;
#32 = DIRECTION ( 'NONE',  ( 0.000000000000000000, 0.000000000000000000, -1.000000000000000000 ) ) ;
#33 = CARTESIAN_POINT ( 'NONE',  ( -85.10186639201333492, 125.0459115807644679, 126.0138331739386928 ) ) ;
#34 = CARTESIAN_POINT ( 'NONE',  ( -77.80768966850214952, 143.7456835244037734, 165.8735207620469509 ) ) ;
#35 = ORIENTED_EDGE ( 'NONE', *, *, #6502, .T. ) ;
#36 = CARTESIAN_POINT ( 'NONE',  ( -80.25670287183352514, 82.48581560505608934, 163.2815913987753333 ) ) ;
#37 = ORIENTED_EDGE ( 'NONE', *, *, #8129, .F. ) ;
#38 = DIRECTION ( 'NONE',  ( 1.000000000000000000, -0.000000000000000000, -0.000000000000000000 ) ) ;
#39 = CARTESIAN_POINT ( 'NONE',  ( -74.78852960328464405, 69.28151800167140095, 149.7325884709703701 ) ) ;
#40 = CARTESIAN_POINT ( 'NONE',  ( -83.57096574269348821, 74.16906168889708795, 72.28263320980985895 ) ) ;
#41 = ORIENTED_EDGE ( 'NONE', *, *, #4899, .T. ) ;
#42 = CARTESIAN_POINT ( 'NONE',  ( -76.94091422935082392, 80.80910909097242723, 59.97127885692822247 ) ) ;
#43 = CARTESIAN_POINT ( 'NONE',  ( -84.41993025438613074, 129.3138659311927938, 97.81063454113285616 ) ) ;
#44 = B_SPLINE_CURVE_WITH_KNOTS ( 'NONE', 1,
 ( #6182, #3881 ),
 .UNSPECIFIED., .F., .F.,
 ( 2, 2 ),
 ( 0.000000000000000000, 1.000000000000000000 ),
 .UNSPECIFIED. ) ;
#45 = CARTESIAN_POINT ( 'NONE',  ( -89.44315848804960467, 142.8666835883711883, 95.71421069122733627 ) ) ;
#46 = LINE ( 'NONE', #3076, #4536 ) ;
#47 = CARTESIAN_POINT ( 'NONE',  ( -88.72473169950124827, 113.3119079817578125, 118.1939282825255333 ) ) ;
#48 = CARTESIAN_POINT ( 'NONE',  ( -70.78852960328462984, 146.6084652770730088, 160.9385003127598566 ) ) ;
#49 = ORIENTED_EDGE ( 'NONE', *, *, #8875, .F. ) ;
#50 = CARTESIAN_POINT ( 'NONE',  ( -74.78852960328464405, 72.76613869137212021, 149.8243718520982668 ) ) ;
#51 = DIRECTION ( 'NONE',  ( 0.000000000000000000, 0.000000000000000000, -1.000000000000000000 ) ) ;
#52 = EDGE_CURVE ( 'NONE', #954, #7871, #3851, .T. ) ;
#53 = EDGE_CURVE ( 'NONE', #7905, #3044, #3431, .T. ) ;
#54 = ADVANCED_FACE ( 'NONE', ( #245 ), #9022, .T. ) ;
#55 = CARTESIAN_POINT ( 'NONE',  ( -89.39968599410453010, 63.75736231319062597, 131.5913500084087389 ) ) ;
#56 = CARTESIAN_POINT ( 'NONE',  ( -88.77123346665158010, 113.3119079817578125, 115.5054217592783772 ) ) ;
#57 = CARTESIAN_POINT ( 'NONE',  ( -73.25639700012763456, 75.81337756912971315, 73.81149049415613206 ) ) ;
#58 = CARTESIAN_POINT ( 'NONE',  ( -82.55396254933813793, 150.8278427952725451, 156.4449225078985535 ) ) ;
#59 = DIRECTION ( 'NONE',  ( 0.000000000000000000, 0.000000000000000000, 1.000000000000000000 ) ) ;
#60 = CARTESIAN_POINT ( 'NONE',  ( -78.78852960328464405, 141.9419079817567138, 80.00574073170530198 ) ) ;
#61 = ORIENTED_EDGE ( 'NONE', *, *, #5387, .T. ) ;
#62 = ORIENTED_EDGE ( 'NONE', *, *, #1333, .F. ) ;
#63 = CARTESIAN_POINT ( 'NONE',  ( -88.94855808253878138, 128.8104915226442984, 92.70004419524272521 ) ) ;
#64 = EDGE_CURVE ( 'NONE', #867, #8127, #2109, .T. ) ;
#65 = DIRECTION ( 'NONE',  ( 1.000000000000000000, -0.000000000000000000, -0.000000000000000000 ) ) ;
#66 = CARTESIAN_POINT ( 'NONE',  ( -87.53267433147676968, 61.62696123707727480, 95.72446562613687604 ) ) ;
#67 = CARTESIAN_POINT ( 'NONE',  ( -90.57560165214292169, 147.8705782108250162, 120.5994847504387053 ) ) ;
#68 = CARTESIAN_POINT ( 'NONE',  ( -70.78852960328462984, 64.39571115052355310, 129.8342342392633384 ) ) ;
#69 = FACE_OUTER_BOUND ( 'NONE', #8476, .T. ) ;
#70 = CARTESIAN_POINT ( 'NONE',  ( -72.28852960328462984, 107.3119079817578267, 133.5054217592787609 ) ) ;
#71 = VERTEX_POINT ( 'NONE', #8353 ) ;
#72 = CARTESIAN_POINT ( 'NONE',  ( -71.34913184519541574, 114.3675861382138095, 96.04941001104256770 ) ) ;
#73 = CARTESIAN_POINT ( 'NONE',  ( -90.78470776430752665, 89.78919923799922742, 114.4709154154196540 ) ) ;
#74 = DIRECTION ( 'NONE',  ( 0.000000000000000000, 0.06861641503411169962, 0.9976431163436485505 ) ) ;
#75 = DIRECTION ( 'NONE',  ( 0.000000000000000000, 0.000000000000000000, -1.000000000000000000 ) ) ;
#76 = DIRECTION ( 'NONE',  ( 1.000000000000000000, -0.000000000000000000, -0.000000000000000000 ) ) ;
#77 = CARTESIAN_POINT ( 'NONE',  ( -81.63997710689670839, 77.61714155029513051, 159.8978886339511405 ) ) ;
#78 = CARTESIAN_POINT ( 'NONE',  ( -84.35845190452410236, 144.9220801508843408, 152.3994452341435419 ) ) ;
#79 = EDGE_CURVE ( 'NONE', #7832, #9740, #138, .T. ) ;
#80 = FACE_OUTER_BOUND ( 'NONE', #3614, .T. ) ;
#81 = CARTESIAN_POINT ( 'NONE',  ( -72.88908322528243389, 74.34412246974891048, 152.4463397633650743 ) ) ;
#82 = CARTESIAN_POINT ( 'NONE',  ( -84.36445180223901730, 131.2265700407376983, 129.3171480716956978 ) ) ;
#83 = B_SPLINE_CURVE_WITH_KNOTS ( 'NONE', 3,
 ( #9371, #3376, #2740, #8562 ),
 .UNSPECIFIED., .F., .F.,
 ( 4, 4 ),
 ( 0.01509454543085222804, 0.02975369070884360811 ),
 .UNSPECIFIED. ) ;
#84 = CARTESIAN_POINT ( 'NONE',  ( -74.78852960328464405, 62.29347055928871413, 111.6679929837119403 ) ) ;
#85 = VERTEX_POINT ( 'NONE', #6797 ) ;
#86 = CARTESIAN_POINT ( 'NONE',  ( -90.78852960328464405, 79.92790140000782628, 69.46833313838935453 ) ) ;
#87 = DIRECTION ( 'NONE',  ( -1.000000000000000000, 4.625929269271481378E-14, 0.000000000000000000 ) ) ;
#88 = VERTEX_POINT ( 'NONE', #36 ) ;
#89 = DIRECTION ( 'NONE',  ( 0.000000000000000000, 0.000000000000000000, 1.000000000000000000 ) ) ;
#90 = CARTESIAN_POINT ( 'NONE',  ( -86.78852960328464405, 86.94190798175786483, 113.5057407317052736 ) ) ;
#91 = CYLINDRICAL_SURFACE ( 'NONE', #623, 3.000000000000002665 ) ;
#92 = EDGE_CURVE ( 'NONE', #3386, #6639, #5973, .T. ) ;
#93 = EDGE_LOOP ( 'NONE', ( #4331, #877 ) ) ;
#94 = CARTESIAN_POINT ( 'NONE',  ( -88.78852960328462984, -0.000000000000000000, 102.5041018525514289 ) ) ;
#95 = CARTESIAN_POINT ( 'NONE',  ( -84.90167887244537326, 125.7786391399181838, 99.90389280167228492 ) ) ;
#96 = CARTESIAN_POINT ( 'NONE',  ( -72.28852960328462984, 111.3119079817578410, 131.5054217592787325 ) ) ;
#97 = CARTESIAN_POINT ( 'NONE',  ( -88.98367413373574664, 138.0002865545915540, 92.89949917712118577 ) ) ;
#98 = DIRECTION ( 'NONE',  ( 0.000000000000000000, 0.000000000000000000, -1.000000000000000000 ) ) ;
#99 = CARTESIAN_POINT ( 'NONE',  ( -78.78852960328465826, 66.93104913922645949, 137.6653860803452005 ) ) ;
#100 = ORIENTED_EDGE ( 'NONE', *, *, #8021, .F. ) ;
#101 = CARTESIAN_POINT ( 'NONE',  ( -69.74836691017675605, 64.39571115052355310, 129.8342342392633384 ) ) ;
#102 = DIRECTION ( 'NONE',  ( 1.000000000000000000, -0.000000000000000000, -0.000000000000000000 ) ) ;
#103 = CARTESIAN_POINT ( 'NONE',  ( -77.88624991159676370, 87.31496967778882379, 163.7357773184804728 ) ) ;
#104 = CARTESIAN_POINT ( 'NONE',  ( -85.01088223575943914, 140.6801317872472055, 126.4733688374208782 ) ) ;
#105 = CARTESIAN_POINT ( 'NONE',  ( -78.78852960328464405, 137.3251101029211441, 93.58049982365568553 ) ) ;
#106 = CARTESIAN_POINT ( 'NONE',  ( -82.31447436695147246, 151.1090098012639942, 70.62428555100423466 ) ) ;
#107 = CARTESIAN_POINT ( 'NONE',  ( -84.35234364183619959, 134.2851005628698147, 129.3645232042858879 ) ) ;
#108 = FILL_AREA_STYLE ('',( #4619 ) ) ;
#109 = DIRECTION ( 'NONE',  ( 1.000000000000000000, -0.000000000000000000, -0.000000000000000000 ) ) ;
#110 = ADVANCED_FACE ( 'NONE', ( #3068 ), #6847, .T. ) ;
#111 = ORIENTED_EDGE ( 'NONE', *, *, #3654, .F. ) ;
#112 = CARTESIAN_POINT ( 'NONE',  ( -84.53991617767762534, 138.0350514235611570, 98.30116301037084270 ) ) ;
#113 = ADVANCED_FACE ( 'NONE', ( #1079 ), #1441, .T. ) ;
#114 = CARTESIAN_POINT ( 'NONE',  ( -72.11319310228776658, 71.22393253091168219, 150.5350621648543097 ) ) ;
#115 = AXIS2_PLACEMENT_3D ( 'NONE', #5049, #7367, #4231 ) ;
#116 = VERTEX_POINT ( 'NONE', #2686 ) ;
#117 = ORIENTED_EDGE ( 'NONE', *, *, #9322, .T. ) ;
#118 = CARTESIAN_POINT ( 'NONE',  ( -88.78852960328462984, 0.000000000000000000, 94.50674166600603598 ) ) ;
#119 = CARTESIAN_POINT ( 'NONE',  ( -90.78852960328464405, 87.44784369544065328, 61.28001597468926320 ) ) ;
#120 = CARTESIAN_POINT ( 'NONE',  ( -82.83637287869916577, 70.35128090295673076, 151.6244273065819357 ) ) ;
#121 = AXIS2_PLACEMENT_3D ( 'NONE', #4001, #3260, #4881 ) ;
#122 = CARTESIAN_POINT ( 'NONE',  ( -85.18013226570188579, 124.6998384055104054, 125.6014850519723325 ) ) ;
#123 = ADVANCED_FACE ( 'NONE', ( #4158 ), #8941, .T. ) ;
#124 = LINE ( 'NONE', #3943, #8855 ) ;
#125 = EDGE_CURVE ( 'NONE', #2907, #6132, #7888, .T. ) ;
#126 = CARTESIAN_POINT ( 'NONE',  ( -74.78852960328464405, 65.53649885068310255, 93.28917959605155374 ) ) ;
#127 = VERTEX_POINT ( 'NONE', #6404 ) ;
#128 = EDGE_CURVE ( 'NONE', #1186, #8245, #9287, .T. ) ;
#129 = CARTESIAN_POINT ( 'NONE',  ( -70.91816862398862042, 114.6378439882080045, 96.77526158918243482 ) ) ;
#130 = CARTESIAN_POINT ( 'NONE',  ( -78.78852960328464405, 146.6084652770729235, 160.9385003127597713 ) ) ;
#131 = AXIS2_PLACEMENT_3D ( 'NONE', #8207, #2279, #6052 ) ;
#132 = CARTESIAN_POINT ( 'NONE',  ( -88.78852960328462984, 106.6293568147877551, 102.5041018525514289 ) ) ;
#133 = CARTESIAN_POINT ( 'NONE',  ( -81.36483392130031689, 77.62469553964706392, 66.48701900999168402 ) ) ;
#134 = CARTESIAN_POINT ( 'NONE',  ( -72.28852960328462984, 113.3204415849168925, 133.6041728108963014 ) ) ;
#135 = CARTESIAN_POINT ( 'NONE',  ( -85.18268012256525878, 124.6899435607292617, 125.5869697174425994 ) ) ;
#136 = DIRECTION ( 'NONE',  ( 0.000000000000000000, 0.000000000000000000, -1.000000000000000000 ) ) ;
#137 = ORIENTED_EDGE ( 'NONE', *, *, #5209, .T. ) ;
#138 = LINE ( 'NONE', #9202, #1057 ) ;
#139 = ORIENTED_EDGE ( 'NONE', *, *, #8502, .F. ) ;
#140 = CARTESIAN_POINT ( 'NONE',  ( -81.05493107368587857, 150.1151820909385322, 161.3642501228586070 ) ) ;
#141 = DIRECTION ( 'NONE',  ( 0.000000000000000000, 0.000000000000000000, -1.000000000000000000 ) ) ;
#142 = VECTOR ( 'NONE', #9582, 1000.000000000000114 ) ;
#143 = CARTESIAN_POINT ( 'NONE',  ( -80.16710616776003917, 75.27577266281807056, 159.3163129522724262 ) ) ;
#144 = LINE ( 'NONE', #744, #3019 ) ;
#145 = ORIENTED_EDGE ( 'NONE', *, *, #3564, .F. ) ;
#146 = CARTESIAN_POINT ( 'NONE',  ( -84.44082137323472637, 129.0786025579187992, 97.89495391563052351 ) ) ;
#147 = CARTESIAN_POINT ( 'NONE',  ( -84.73277620206224015, 139.0658775887529259, 127.7762338007202914 ) ) ;
#148 = CARTESIAN_POINT ( 'NONE',  ( -78.78852960328464405, 141.5581117127231039, 70.92190020000548145 ) ) ;
#149 = AXIS2_PLACEMENT_3D ( 'NONE', #7421, #7473, #6713 ) ;
#150 = UNCERTAINTY_MEASURE_WITH_UNIT (LENGTH_MEASURE( 1.000000000000000082E-05 ), #6668, 'distance_accuracy_value', 'NONE');
#151 = EDGE_CURVE ( 'NONE', #9615, #8125, #5709, .T. ) ;
#152 = CARTESIAN_POINT ( 'NONE',  ( -78.78852960328464405, 76.08162222189633894, 155.3132913743940833 ) ) ;
#153 = ORIENTED_EDGE ( 'NONE', *, *, #4449, .T. ) ;
#154 = CARTESIAN_POINT ( 'NONE',  ( -69.74836691017675605, 66.18236014593446725, 135.7156269189535465 ) ) ;
#155 = DIRECTION ( 'NONE',  ( 0.000000000000000000, 0.000000000000000000, -1.000000000000000000 ) ) ;
#156 = CARTESIAN_POINT ( 'NONE',  ( -78.37741671862556814, 116.9003256902832675, 164.5904987380681916 ) ) ;
#157 = AXIS2_PLACEMENT_3D ( 'NONE', #6405, #9359, #3315 ) ;
#158 =( BOUNDED_CURVE ( )  B_SPLINE_CURVE ( 3, ( #1032, #1880, #3314, #6304 ),
 .UNSPECIFIED., .F., .T. ) 
 B_SPLINE_CURVE_WITH_KNOTS ( ( 4, 4 ),
 ( 3.141592653589793116, 4.712388980384689674 ),
 .UNSPECIFIED. ) 
 CURVE ( )  GEOMETRIC_REPRESENTATION_ITEM ( )  RATIONAL_B_SPLINE_CURVE ( ( 1.000000000000000000, 0.8047378541243649375, 0.8047378541243649375, 1.000000000000000000 ) ) 
 REPRESENTATION_ITEM ( '' )  );
#159 = CARTESIAN_POINT ( 'NONE',  ( -90.54204483858460151, 113.3643566106453164, 112.4636203946037938 ) ) ;
#160 = CARTESIAN_POINT ( 'NONE',  ( -87.43887576390167737, 155.4889739103364548, 95.30622428297631643 ) ) ;
#161 = CARTESIAN_POINT ( 'NONE',  ( -88.60400832359077583, 113.3643634171191650, 134.8626982255437099 ) ) ;
#162 = EDGE_LOOP ( 'NONE', ( #8575, #7885, #2495, #1357 ) ) ;
#163 = AXIS2_PLACEMENT_3D ( 'NONE', #2065, #1316, #4290 ) ;
#164 = CARTESIAN_POINT ( 'NONE',  ( -84.96758716728660943, 140.7129921987289265, 100.2204479996925528 ) ) ;
#165 = AXIS2_PLACEMENT_3D ( 'NONE', #6317, #1986, #2650 ) ;
#166 = EDGE_LOOP ( 'NONE', ( #339, #5872, #6872, #7266, #6015, #5365, #4431, #3805, #7177, #9596 ) ) ;
#167 = ORIENTED_EDGE ( 'NONE', *, *, #6085, .T. ) ;
#168 = PRODUCT_DEFINITION ( 'UNKNOWN', '', #2416, #9756 ) ;
#169 = VECTOR ( 'NONE', #6201, 1000.000000000000000 ) ;
#170 = AXIS2_PLACEMENT_3D ( 'NONE', #9055, #2843, #6270 ) ;
#171 = CARTESIAN_POINT ( 'NONE',  ( -81.85571716644300011, 72.16260913012088452, 72.39155394076482253 ) ) ;
#172 = DIRECTION ( 'NONE',  ( -1.000000000000000000, 0.000000000000000000, 0.000000000000000000 ) ) ;
#173 = CARTESIAN_POINT ( 'NONE',  ( -90.78852960328464405, 148.7294257510154978, 63.95107861456690301 ) ) ;
#174 = CARTESIAN_POINT ( 'NONE',  ( -74.78852960328464405, 71.17273606242923734, 150.4189574090136716 ) ) ;
#175 = CARTESIAN_POINT ( 'NONE',  ( -74.78852960328464405, 65.45495335180707741, 133.4674409558201376 ) ) ;
#176 = CARTESIAN_POINT ( 'NONE',  ( -90.24005335611394685, 119.1859508198008513, 124.8669524508101318 ) ) ;
#177 = EDGE_LOOP ( 'NONE', ( #49, #2539, #4370, #137 ) ) ;
#178 = CARTESIAN_POINT ( 'NONE',  ( -71.08008567994178861, 114.5893683668915202, 96.39674711683862540 ) ) ;
#179 = PRODUCT_CONTEXT ( 'NONE', #7875, 'mechanical' ) ;
#180 = AXIS2_PLACEMENT_3D ( 'NONE', #2403, #7021, #3280 ) ;
#181 = VECTOR ( 'NONE', #2701, 1000.000000000000000 ) ;
#182 = CARTESIAN_POINT ( 'NONE',  ( -70.78852960328462984, 78.63191675939015113, 158.8634014860263903 ) ) ;
#183 = EDGE_CURVE ( 'NONE', #6536, #6267, #9407, .T. ) ;
#184 = DIRECTION ( 'NONE',  ( 1.000000000000000000, -0.000000000000000000, -0.000000000000000000 ) ) ;
#185 = DIRECTION ( 'NONE',  ( -1.000000000000000000, 0.000000000000000000, 0.000000000000000000 ) ) ;
#186 = EDGE_CURVE ( 'NONE', #8542, #888, #6567, .T. ) ;
#187 = EDGE_CURVE ( 'NONE', #1249, #7134, #9548, .T. ) ;
#188 = AXIS2_PLACEMENT_3D ( 'NONE', #7960, #7298, #8899 ) ;
#189 = CARTESIAN_POINT ( 'NONE',  ( -72.28852960328462984, 111.3119079817578267, 115.5054217592787467 ) ) ;
#190 = CARTESIAN_POINT ( 'NONE',  ( -78.78852960328464405, 120.3309159640421484, 100.5804998236556855 ) ) ;
#191 = CARTESIAN_POINT ( 'NONE',  ( -80.62086928982593292, 147.3155774229848589, 162.4134486342254036 ) ) ;
#192 = CARTESIAN_POINT ( 'NONE',  ( -90.78852960328464405, 97.20908031448949771, 165.0794685023070372 ) ) ;
#193 = CARTESIAN_POINT ( 'NONE',  ( -85.01979296370041084, 125.4374646304128902, 126.4291213057202583 ) ) ;
#194 = CARTESIAN_POINT ( 'NONE',  ( -81.03883106803735359, 151.6586802554030555, 155.9887145288562920 ) ) ;
#195 = ORIENTED_EDGE ( 'NONE', *, *, #8618, .T. ) ;
#196 = CARTESIAN_POINT ( 'NONE',  ( -86.19310625798206615, 143.6309159640420887, 111.3134987428708058 ) ) ;
#197 = VERTEX_POINT ( 'NONE', #4798 ) ;
#198 = CARTESIAN_POINT ( 'NONE',  ( -78.41573968633713321, 81.12145744622507948, 59.53623861236543746 ) ) ;
#199 = CARTESIAN_POINT ( 'NONE',  ( -78.16733976996266620, 97.20868902919958998, 61.93180555668922693 ) ) ;
#200 = CARTESIAN_POINT ( 'NONE',  ( -78.78852960328464405, 111.8688076255531314, 161.5904987380681916 ) ) ;
#201 = EDGE_LOOP ( 'NONE', ( #5190, #7516, #9662, #7717, #4032 ) ) ;
#202 = CARTESIAN_POINT ( 'NONE',  ( -80.17799280463384548, 78.25613128645188965, 163.4838131349875709 ) ) ;
#203 = CARTESIAN_POINT ( 'NONE',  ( -85.30591874024071330, 143.4753333298293114, 149.4195739002365713 ) ) ;
#204 = CARTESIAN_POINT ( 'NONE',  ( -85.53587947819868020, 123.2991783904354435, 103.4366605444662639 ) ) ;
#205 = CARTESIAN_POINT ( 'NONE',  ( -77.82286658070481167, 143.8439711279226287, 61.18106428501116056 ) ) ;
#206 = CARTESIAN_POINT ( 'NONE',  ( -90.39457036169277160, 147.5712177676149111, 103.8753820790348925 ) ) ;
#207 = DIRECTION ( 'NONE',  ( 0.000000000000000000, 0.000000000000000000, 1.000000000000000000 ) ) ;
#208 = CARTESIAN_POINT ( 'NONE',  ( -70.78852960328462984, 79.92790140000782628, 69.46833313838935453 ) ) ;
#209 = CARTESIAN_POINT ( 'NONE',  ( -87.78852960328462984, 107.6293568147877551, 94.50674166600603598 ) ) ;
#210 = DIRECTION ( 'NONE',  ( 0.000000000000000000, 0.06860884601768382773, -0.9976436369005327043 ) ) ;
#211 = ORIENTED_EDGE ( 'NONE', *, *, #2532, .F. ) ;
#212 = CARTESIAN_POINT ( 'NONE',  ( -79.57357356739900922, 141.0091803924501619, 62.14038501255961222 ) ) ;
#213 = CARTESIAN_POINT ( 'NONE',  ( -72.23524296243125775, 71.71743813434922288, 76.23904066978934679 ) ) ;
#214 = CARTESIAN_POINT ( 'NONE',  ( -72.28852960328462984, 113.3204415849168925, 133.5125265045658125 ) ) ;
#215 = DIRECTION ( 'NONE',  ( 1.000000000000000000, -0.000000000000000000, -0.000000000000000000 ) ) ;
#216 = CARTESIAN_POINT ( 'NONE',  ( -78.78852960328464405, 135.3251101029211441, 93.58049982365568553 ) ) ;
#217 = B_SPLINE_CURVE_WITH_KNOTS ( 'NONE', 3,
 ( #5847, #5573, #1360, #8874, #3485, #2544, #7282, #8554, #8602, #250, #6489, #4335, #7986, #1218, #529, #9543 ),
 .UNSPECIFIED., .F., .F.,
 ( 4, 2, 2, 2, 2, 2, 2, 4 ),
 ( 7.076311083754594627E-17, 0.0003313892330243477236, 0.0006627784660486247571, 0.001325556932097156490, 0.001988335398145688656, 0.002651113864194220172, 0.003976670796291284504, 0.005302227728388347536 ),
 .UNSPECIFIED. ) ;
#218 = ORIENTED_EDGE ( 'NONE', *, *, #1161, .T. ) ;
#219 = CARTESIAN_POINT ( 'NONE',  ( -84.48142114627073340, 137.5019702730363917, 98.06012536336542951 ) ) ;
#220 = ORIENTED_EDGE ( 'NONE', *, *, #6938, .T. ) ;
#221 = ORIENTED_EDGE ( 'NONE', *, *, #3921, .T. ) ;
#222 = CARTESIAN_POINT ( 'NONE',  ( -79.91756281891652236, 83.95798321644194573, 164.0771346283714536 ) ) ;
#223 = EDGE_CURVE ( 'NONE', #4289, #7988, #1510, .T. ) ;
#224 = CARTESIAN_POINT ( 'NONE',  ( -79.84036882037295868, 76.73229418583153461, 161.1864152320798667 ) ) ;
#225 = FACE_OUTER_BOUND ( 'NONE', #8238, .T. ) ;
#226 = CARTESIAN_POINT ( 'NONE',  ( -89.38399760580868758, 124.2195460673255667, 131.6835797908794916 ) ) ;
#227 = CARTESIAN_POINT ( 'NONE',  ( -80.97494311548967971, 73.78775589958361536, 69.84165539380686027 ) ) ;
#228 = DIRECTION ( 'NONE',  ( 1.000000000000000000, -0.000000000000000000, -0.000000000000000000 ) ) ;
#229 = CARTESIAN_POINT ( 'NONE',  ( -88.98370349079080199, 138.0008312714595036, 92.89966771186560379 ) ) ;
#230 = LINE ( 'NONE', #3207, #3025 ) ;
#231 = CARTESIAN_POINT ( 'NONE',  ( -74.78852960328464405, 62.35390557263178835, 110.2502444715930352 ) ) ;
#232 = ORIENTED_EDGE ( 'NONE', *, *, #4163, .T. ) ;
#233 = CARTESIAN_POINT ( 'NONE',  ( -70.80666788941758227, 115.0820669418587556, 97.16837114676775400 ) ) ;
#234 = CARTESIAN_POINT ( 'NONE',  ( -81.89607519042159822, 104.4471183989478220, 91.96147921292704552 ) ) ;
#235 = CARTESIAN_POINT ( 'NONE',  ( -74.78852960328464405, 69.71022140330219941, 77.11880475216300113 ) ) ;
#236 = CYLINDRICAL_SURFACE ( 'NONE', #1452, 3.000000000000002665 ) ;
#237 = CARTESIAN_POINT ( 'NONE',  ( -83.61302182385766457, 143.4752142230492495, 154.5917761624901914 ) ) ;
#238 = CARTESIAN_POINT ( 'NONE',  ( -85.30641954652527659, 124.0299039546354010, 102.0042434819209092 ) ) ;
#239 = CARTESIAN_POINT ( 'NONE',  ( -76.78852960328464405, 146.5078591810289481, 65.97215273169965144 ) ) ;
#240 = LINE ( 'NONE', #980, #1446 ) ;
#241 = CARTESIAN_POINT ( 'NONE',  ( -84.41132950780908573, 130.3042665026893872, 129.1300248811556628 ) ) ;
#242 = CARTESIAN_POINT ( 'NONE',  ( -74.78852960328464405, 62.75118492177985985, 105.5176803333145870 ) ) ;
#243 = LINE ( 'NONE', #9299, #2046 ) ;
#244 = ORIENTED_EDGE ( 'NONE', *, *, #8130, .T. ) ;
#245 = FACE_OUTER_BOUND ( 'NONE', #6387, .T. ) ;
#246 = EDGE_CURVE ( 'NONE', #5619, #8550, #158, .T. ) ;
#247 = ADVANCED_FACE ( 'NONE', ( #1837 ), #3276, .T. ) ;
#248 = ORIENTED_EDGE ( 'NONE', *, *, #7428, .F. ) ;
#249 = EDGE_CURVE ( 'NONE', #85, #511, #6530, .T. ) ;
#250 = CARTESIAN_POINT ( 'NONE',  ( -90.26743759683161272, 104.6623994491810947, 114.1809657593346685 ) ) ;
#251 = CARTESIAN_POINT ( 'NONE',  ( -85.80853531511012022, 143.4348286079348611, 121.3512201341227268 ) ) ;
#252 = FACE_OUTER_BOUND ( 'NONE', #1031, .T. ) ;
#253 = ORIENTED_EDGE ( 'NONE', *, *, #2496, .F. ) ;
#254 = LINE ( 'NONE', #7767, #8226 ) ;
#255 = CARTESIAN_POINT ( 'NONE',  ( -84.78852960328464405, 106.8293568147877721, 102.8454217592787501 ) ) ;
#256 = CARTESIAN_POINT ( 'NONE',  ( -85.94492104521795284, 143.6309071755059108, 106.9498073655800567 ) ) ;
#257 = CARTESIAN_POINT ( 'NONE',  ( -83.34633314969053686, 112.9194821861392342, 92.32969145103140818 ) ) ;
#258 = CARTESIAN_POINT ( 'NONE',  ( -88.92237934404440125, 133.6309159640421456, 134.4582889486796660 ) ) ;
#259 = CARTESIAN_POINT ( 'NONE',  ( -88.11846055410838119, 113.3119079817578267, 126.2391461483156831 ) ) ;
#260 = CARTESIAN_POINT ( 'NONE',  ( -89.09106584933198292, 107.2729333942193506, 113.4859230158874368 ) ) ;
#261 = ORIENTED_EDGE ( 'NONE', *, *, #7458, .T. ) ;
#262 = LINE ( 'NONE', #4026, #5033 ) ;
#263 = LINE ( 'NONE', #4066, #6644 ) ;
#264 = CARTESIAN_POINT ( 'NONE',  ( -88.99168373249887054, 111.3305811463263950, 113.4960800827687564 ) ) ;
#265 = ORIENTED_EDGE ( 'NONE', *, *, #2300, .F. ) ;
#266 = FACE_OUTER_BOUND ( 'NONE', #4333, .T. ) ;
#267 = ORIENTED_EDGE ( 'NONE', *, *, #1151, .T. ) ;
#268 = EDGE_LOOP ( 'NONE', ( #7198, #5060, #253, #8608 ) ) ;
#269 = CARTESIAN_POINT ( 'NONE',  ( -84.96071171351229623, 144.5630914704138377, 76.47779818123521522 ) ) ;
#270 = CARTESIAN_POINT ( 'NONE',  ( -86.26264518831762018, 63.99487032794098695, 88.62482308286024590 ) ) ;
#271 = CARTESIAN_POINT ( 'NONE',  ( -78.16733976996266620, 97.20868902919957577, 61.93180555668923404 ) ) ;
#272 = VECTOR ( 'NONE', #1508, 1000.000000000000000 ) ;
#273 = PLANE ( 'NONE',  #1757 ) ;
#274 = CARTESIAN_POINT ( 'NONE',  ( -90.78852960328464405, 141.5581117127231039, 70.92190020000548145 ) ) ;
#275 = DIRECTION ( 'NONE',  ( 1.000000000000000000, -0.000000000000000000, -0.000000000000000000 ) ) ;
#276 = CARTESIAN_POINT ( 'NONE',  ( -74.78852960328464405, 65.72998215500133767, 92.69601548984390149 ) ) ;
#277 = ORIENTED_EDGE ( 'NONE', *, *, #7634, .F. ) ;
#278 = CARTESIAN_POINT ( 'NONE',  ( -70.79948860070122407, 115.1086426252503259, 97.22671461115025693 ) ) ;
#279 = B_SPLINE_CURVE_WITH_KNOTS ( 'NONE', 1,
 ( #9177, #3940 ),
 .UNSPECIFIED., .F., .F.,
 ( 2, 2 ),
 ( 0.000000000000000000, 1.000000000000000000 ),
 .UNSPECIFIED. ) ;
#280 = AXIS2_PLACEMENT_3D ( 'NONE', #7373, #9634, #8877 ) ;
#281 = EDGE_CURVE ( 'NONE', #3056, #6985, #3636, .T. ) ;
#282 = PLANE ( 'NONE',  #8327 ) ;
#283 = CARTESIAN_POINT ( 'NONE',  ( -89.01011557874490165, 128.8351302814532460, 133.9603023800088977 ) ) ;
#284 = CARTESIAN_POINT ( 'NONE',  ( -77.86143094245397833, 86.37736404400762069, 165.8028490388819591 ) ) ;
#285 = CARTESIAN_POINT ( 'NONE',  ( -83.69093626164540467, 143.8009483066247185, 72.64282970195648659 ) ) ;
#286 = CARTESIAN_POINT ( 'NONE',  ( -89.80415210997134068, 113.5926575383651169, 114.9263287129364386 ) ) ;
#287 = ORIENTED_EDGE ( 'NONE', *, *, #494, .F. ) ;
#288 = CARTESIAN_POINT ( 'NONE',  ( -73.28852960328462984, 107.3119079817578267, 112.5054217592787325 ) ) ;
#289 = CARTESIAN_POINT ( 'NONE',  ( -83.61359432816840354, 140.4066037224419290, 72.42079666277234651 ) ) ;
#290 = CARTESIAN_POINT ( 'NONE',  ( -80.60678584754171538, 147.2821595843416560, 162.4473203774776664 ) ) ;
#291 = CARTESIAN_POINT ( 'NONE',  ( -71.28852960328462984, 114.8119079817578125, 132.7125299789917392 ) ) ;
#292 = CARTESIAN_POINT ( 'NONE',  ( -87.35469790157912939, 155.4378773975889487, 131.9958065719614524 ) ) ;
#293 = VECTOR ( 'NONE', #4589, 1000.000000000000000 ) ;
#294 = CARTESIAN_POINT ( 'NONE',  ( -74.78852960328464405, 74.23430613536913825, 152.2681882201588053 ) ) ;
#295 = CARTESIAN_POINT ( 'NONE',  ( -71.28852960328462984, 114.8119079817578125, 132.7125299789917392 ) ) ;
#296 = ORIENTED_EDGE ( 'NONE', *, *, #5281, .F. ) ;
#297 = CARTESIAN_POINT ( 'NONE',  ( -78.74633623904321666, 148.6629686404072004, 163.1266386505416790 ) ) ;
#298 = ORIENTED_EDGE ( 'NONE', *, *, #7899, .T. ) ;
#299 = CARTESIAN_POINT ( 'NONE',  ( -88.92237934404440125, 133.6309159640421456, 134.4582889486796660 ) ) ;
#300 = CARTESIAN_POINT ( 'NONE',  ( -85.98964452594337615, 143.6309159640421456, 119.3804998236556827 ) ) ;
#301 = ORIENTED_EDGE ( 'NONE', *, *, #8328, .T. ) ;
#302 = VECTOR ( 'NONE', #8302, 1000.000000000000000 ) ;
#303 = EDGE_CURVE ( 'NONE', #6035, #4747, #8030, .T. ) ;
#304 = EDGE_CURVE ( 'NONE', #2145, #5230, #2056, .T. ) ;
#305 = CARTESIAN_POINT ( 'NONE',  ( -85.58252650123534977, 123.1707311129336659, 103.7571349494675275 ) ) ;
#306 = CARTESIAN_POINT ( 'NONE',  ( -85.35266665538600250, 142.2909213778978028, 102.2773931940425172 ) ) ;
#307 = CARTESIAN_POINT ( 'NONE',  ( -71.39541826494351540, 113.8208771412634377, 96.52535013397209696 ) ) ;
#308 = DIRECTION ( 'NONE',  ( 0.000000000000000000, 0.000000000000000000, -1.000000000000000000 ) ) ;
#309 = AXIS2_PLACEMENT_3D ( 'NONE', #7814, #1030, #536 ) ;
#310 = CARTESIAN_POINT ( 'NONE',  ( -88.84939299114178368, 105.3768887990222822, 113.5619362202103417 ) ) ;
#311 = CARTESIAN_POINT ( 'NONE',  ( -90.77439081954850053, 114.9187509350556695, 111.6707507581279373 ) ) ;
#312 = CARTESIAN_POINT ( 'NONE',  ( -70.78852960328462984, 127.1685802874970079, 162.1159677092494462 ) ) ;
#313 = EDGE_LOOP ( 'NONE', ( #9512, #526, #5367, #1308, #7007 ) ) ;
#314 = PLANE ( 'NONE',  #165 ) ;
#315 = CARTESIAN_POINT ( 'NONE',  ( -71.84511418188716902, 113.7292376267951539, 133.9206791046815113 ) ) ;
#316 =( BOUNDED_CURVE ( )  B_SPLINE_CURVE ( 3, ( #6141, #9183, #2429, #2480 ),
 .UNSPECIFIED., .F., .T. ) 
 B_SPLINE_CURVE_WITH_KNOTS ( ( 4, 4 ),
 ( 3.141592653589793116, 4.712388980384689674 ),
 .UNSPECIFIED. ) 
 CURVE ( )  GEOMETRIC_REPRESENTATION_ITEM ( )  RATIONAL_B_SPLINE_CURVE ( ( 1.000000000000000000, 0.8047378541243649375, 0.8047378541243649375, 1.000000000000000000 ) ) 
 REPRESENTATION_ITEM ( '' )  );
#317 = CARTESIAN_POINT ( 'NONE',  ( -90.68986788441640101, 61.45127893656727736, 108.5250630158270155 ) ) ;
#318 = DIRECTION ( 'NONE',  ( 1.000000000000000000, 0.000000000000000000, 0.000000000000000000 ) ) ;
#319 = EDGE_CURVE ( 'NONE', #3249, #2236, #5787, .T. ) ;
#320 = EDGE_CURVE ( 'NONE', #6107, #7333, #377, .T. ) ;
#321 = CARTESIAN_POINT ( 'NONE',  ( -83.38852960328463837, 140.8309159640421626, 126.0804998236556855 ) ) ;
#322 = VECTOR ( 'NONE', #2434, 1000.000000000000114 ) ;
#323 = CARTESIAN_POINT ( 'NONE',  ( -79.58530836638642825, 82.52406367059388970, 62.15251597858677712 ) ) ;
#324 = EDGE_CURVE ( 'NONE', #9674, #1140, #2665, .T. ) ;
#325 = ORIENTED_EDGE ( 'NONE', *, *, #4239, .T. ) ;
#326 = CARTESIAN_POINT ( 'NONE',  ( -76.78852960328464405, 78.71924041441211273, 68.09220448043294027 ) ) ;
#327 = ORIENTED_EDGE ( 'NONE', *, *, #2444, .F. ) ;
#328 = ORIENTED_EDGE ( 'NONE', *, *, #8623, .T. ) ;
#329 = CIRCLE ( 'NONE', #7087, 2.000000000000001776 ) ;
#330 = CARTESIAN_POINT ( 'NONE',  ( -84.71600281854949799, 138.9482896774087806, 127.8503573342927524 ) ) ;
#331 = CARTESIAN_POINT ( 'NONE',  ( -80.78852960328464405, 141.9419079817567138, 152.0057407317052878 ) ) ;
#332 = CYLINDRICAL_SURFACE ( 'NONE', #6619, 6.999999999999978684 ) ;
#333 = CARTESIAN_POINT ( 'NONE',  ( -71.28852960328462984, 152.1879553359585202, 134.2125299789917392 ) ) ;
#334 = CARTESIAN_POINT ( 'NONE',  ( -83.63742554553807906, 105.0291152449861869, 104.4983045313773289 ) ) ;
#335 = VECTOR ( 'NONE', #3800, 1000.000000000000000 ) ;
#336 = CARTESIAN_POINT ( 'NONE',  ( -85.96511599924579627, 143.6309067699170328, 119.7112326774193463 ) ) ;
#337 = DIRECTION ( 'NONE',  ( 0.000000000000000000, 0.000000000000000000, -1.000000000000000000 ) ) ;
#338 = CARTESIAN_POINT ( 'NONE',  ( -84.23528093177776555, 139.0348155563012256, 74.24075089489444679 ) ) ;
#339 = ORIENTED_EDGE ( 'NONE', *, *, #7127, .T. ) ;
#340 = CARTESIAN_POINT ( 'NONE',  ( -70.82915118007535682, 114.8990737169108201, 97.05668572344734457 ) ) ;
#341 = AXIS2_PLACEMENT_3D ( 'NONE', #7609, #3109, #6050 ) ;
#342 = CARTESIAN_POINT ( 'NONE',  ( -83.38852960328463837, 132.5309159640421228, 97.28049982365568837 ) ) ;
#343 = VECTOR ( 'NONE', #8812, 1000.000000000000000 ) ;
#344 = CARTESIAN_POINT ( 'NONE',  ( -87.72629446501252914, 66.74746321903978696, 140.4395793884314969 ) ) ;
#345 = CARTESIAN_POINT ( 'NONE',  ( -88.60400487144555370, 105.2594705122730829, 134.8626883359153794 ) ) ;
#346 = ORIENTED_EDGE ( 'NONE', *, *, #5353, .F. ) ;
#347 = FACE_OUTER_BOUND ( 'NONE', #1868, .T. ) ;
#348 = DIRECTION ( 'NONE',  ( 0.000000000000000000, 0.000000000000000000, -1.000000000000000000 ) ) ;
#349 = CIRCLE ( 'NONE', #4764, 2.000000000000001776 ) ;
#350 = CARTESIAN_POINT ( 'NONE',  ( -78.78852960328464405, 141.5584347898245881, 156.0890373847969101 ) ) ;
#351 = CARTESIAN_POINT ( 'NONE',  ( -88.99205986488993858, 155.2213071874859054, 134.1461926015263941 ) ) ;
#352 = VECTOR ( 'NONE', #5713, 1000.000000000000000 ) ;
#353 = B_SPLINE_CURVE_WITH_KNOTS ( 'NONE', 3,
 ( #234, #6947, #6196, #7096, #5501, #7804, #4833, #5077, #7339, #5118, #6456, #3551, #5717, #7454, #1435, #4253, #4458, #5868 ),
 .UNSPECIFIED., .F., .F.,
 ( 4, 2, 2, 2, 2, 2, 2, 2, 4 ),
 ( 0.000000000000000000, 0.0005944186116877847202, 0.001188837223375569440, 0.001783255835063354052, 0.002377674446751138881, 0.002972093058438923709, 0.003566511670126708104, 0.004160930281814492933, 0.004755348893502277761 ),
 .UNSPECIFIED. ) ;
#354 = CARTESIAN_POINT ( 'NONE',  ( -90.77093277354374834, 115.3119079817578125, 111.4708323586715153 ) ) ;
#355 = ORIENTED_EDGE ( 'NONE', *, *, #7468, .F. ) ;
#356 = CARTESIAN_POINT ( 'NONE',  ( -71.63849041486071201, 69.34175122806192348, 77.16948517890692472 ) ) ;
#357 = CARTESIAN_POINT ( 'NONE',  ( -79.94004116164663287, 76.39555098386412624, 66.17189872940258510 ) ) ;
#358 = ORIENTED_EDGE ( 'NONE', *, *, #8384, .T. ) ;
#359 = EDGE_CURVE ( 'NONE', #3047, #2422, #9110, .T. ) ;
#360 = CIRCLE ( 'NONE', #1616, 0.7000000000000061728 ) ;
#361 = CARTESIAN_POINT ( 'NONE',  ( -77.73246983451436165, 141.5581117126986328, 60.92190020000548145 ) ) ;
#362 = CARTESIAN_POINT ( 'NONE',  ( -85.28014647854413965, 142.0339286253192768, 101.8568108668875709 ) ) ;
#363 = CARTESIAN_POINT ( 'NONE',  ( -72.28852960328462984, 113.3204415849168925, 96.20574073170529061 ) ) ;
#364 = CARTESIAN_POINT ( 'NONE',  ( -81.92738771000632880, 151.4061033115362989, 156.2763692063899441 ) ) ;
#365 = DIRECTION ( 'NONE',  ( -0.000000000000000000, -0.000000000000000000, -1.000000000000000000 ) ) ;
#366 = EDGE_LOOP ( 'NONE', ( #9772, #6908, #1917, #8197 ) ) ;
#367 = PRODUCT_RELATED_PRODUCT_CATEGORY ( 'part', '', ( #3358 ) ) ;
#368 = CARTESIAN_POINT ( 'NONE',  ( -71.74701019960956216, 113.8452071109500849, 133.9136658413229100 ) ) ;
#369 = DIRECTION ( 'NONE',  ( 0.000000000000000000, -0.000000000000000000, -1.000000000000000000 ) ) ;
#370 = CARTESIAN_POINT ( 'NONE',  ( -89.78852959371835141, 104.4468056478177402, 98.16745013556682409 ) ) ;
#371 = DIRECTION ( 'NONE',  ( 1.000000000000000000, -0.000000000000000000, -0.000000000000000000 ) ) ;
#372 = FACE_OUTER_BOUND ( 'NONE', #8683, .T. ) ;
#373 = CARTESIAN_POINT ( 'NONE',  ( -80.25689520337209615, 82.48544387388945154, 63.72980031328553707 ) ) ;
#374 = ORIENTED_EDGE ( 'NONE', *, *, #655, .T. ) ;
#375 = CARTESIAN_POINT ( 'NONE',  ( -87.59190330835382099, 113.3212582840214822, 131.6237231534387888 ) ) ;
#376 = VERTEX_POINT ( 'NONE', #7985 ) ;
#377 =( BOUNDED_CURVE ( )  B_SPLINE_CURVE ( 3, ( #7426, #8080, #7280, #1964 ),
 .UNSPECIFIED., .F., .T. ) 
 B_SPLINE_CURVE_WITH_KNOTS ( ( 4, 4 ),
 ( 3.394272908731873262, 4.492372246089848531 ),
 .UNSPECIFIED. ) 
 CURVE ( )  GEOMETRIC_REPRESENTATION_ITEM ( )  RATIONAL_B_SPLINE_CURVE ( ( 1.000000000000000000, 0.9020139087062926109, 0.9020139087062926109, 1.000000000000000000 ) ) 
 REPRESENTATION_ITEM ( '' )  );
#378 = ORIENTED_EDGE ( 'NONE', *, *, #4052, .T. ) ;
#379 = EDGE_CURVE ( 'NONE', #3249, #5010, #7390, .T. ) ;
#380 = EDGE_CURVE ( 'NONE', #431, #5976, #3583, .T. ) ;
#381 = ADVANCED_FACE ( 'NONE', ( #570 ), #680, .T. ) ;
#382 = CARTESIAN_POINT ( 'NONE',  ( -84.78806371386393437, 139.4344280607926976, 127.5289640309325847 ) ) ;
#383 = CARTESIAN_POINT ( 'NONE',  ( -74.78852960328464405, 68.74463027961520822, 85.00325229342891475 ) ) ;
#384 = LINE ( 'NONE', #1208, #3653 ) ;
#385 = CARTESIAN_POINT ( 'NONE',  ( -89.42844987857627359, 123.8436780690291101, 131.3936289948348985 ) ) ;
#386 = CARTESIAN_POINT ( 'NONE',  ( -81.74080191081608859, 72.37468003408579875, 72.05558809408233856 ) ) ;
#387 = CARTESIAN_POINT ( 'NONE',  ( -90.21932740793722871, 146.8969723742413294, 125.0795014891160974 ) ) ;
#388 = CARTESIAN_POINT ( 'NONE',  ( -89.51497523550445123, 143.3909849306618582, 96.19283587463550589 ) ) ;
#389 = DIRECTION ( 'NONE',  ( 1.000000000000000000, -0.000000000000000000, -0.000000000000000000 ) ) ;
#390 = DIRECTION ( 'NONE',  ( 1.000000000000000000, 0.000000000000000000, 0.000000000000000000 ) ) ;
#391 = EDGE_LOOP ( 'NONE', ( #211, #4571, #2169, #8035 ) ) ;
#392 = CARTESIAN_POINT ( 'NONE',  ( -70.80604417515601767, 115.0717865795870267, 97.17306180481958222 ) ) ;
#393 = CARTESIAN_POINT ( 'NONE',  ( -70.83369240398027955, 114.9782890453278412, 132.7124245050647460 ) ) ;
#394 = DIRECTION ( 'NONE',  ( 0.000000000000000000, 0.000000000000000000, -1.000000000000000000 ) ) ;
#395 = DIRECTION ( 'NONE',  ( 1.000000000000000000, 0.000000000000000000, 0.000000000000000000 ) ) ;
#396 = CARTESIAN_POINT ( 'NONE',  ( -84.84109635156603701, 126.1010222668854652, 99.62001726548830050 ) ) ;
#397 = ORIENTED_EDGE ( 'NONE', *, *, #4560, .F. ) ;
#398 = DIRECTION ( 'NONE',  ( 1.000000000000000000, -0.000000000000000000, 0.000000000000000000 ) ) ;
#399 = LINE ( 'NONE', #6347, #4722 ) ;
#400 = CARTESIAN_POINT ( 'NONE',  ( -88.55696963177318537, 105.5014348796154735, 134.7293940924099047 ) ) ;
#401 = CARTESIAN_POINT ( 'NONE',  ( -85.57149694517428884, 153.1475690641755421, 148.5849537036709762 ) ) ;
#402 = FACE_BOUND ( 'NONE', #4572, .T. ) ;
#403 = CARTESIAN_POINT ( 'NONE',  ( -83.38852960328463837, 125.3309159640421626, 100.5804998236556855 ) ) ;
#404 = EDGE_LOOP ( 'NONE', ( #471, #9803, #8051, #8624 ) ) ;
#405 = CARTESIAN_POINT ( 'NONE',  ( -78.77413944211873797, 148.7298017148081897, 163.0598045620218670 ) ) ;
#406 = FACE_OUTER_BOUND ( 'NONE', #3592, .T. ) ;
#407 = B_SPLINE_CURVE_WITH_KNOTS ( 'NONE', 3,
 ( #4686, #7052, #8596, #9248 ),
 .UNSPECIFIED., .F., .F.,
 ( 4, 4 ),
 ( 0.0001233887719182148865, 0.005527532313647334598 ),
 .UNSPECIFIED. ) ;
#408 = CARTESIAN_POINT ( 'NONE',  ( -85.88286121558485320, 143.5700738787494686, 120.6710079487902050 ) ) ;
#409 = ORIENTED_EDGE ( 'NONE', *, *, #8759, .F. ) ;
#410 = DIRECTION ( 'NONE',  ( 0.000000000000000000, 0.000000000000000000, -1.000000000000000000 ) ) ;
#411 = CARTESIAN_POINT ( 'NONE',  ( -70.90107888270036085, 114.8345706091317737, 132.9375059262061143 ) ) ;
#412 = CARTESIAN_POINT ( 'NONE',  ( -78.78852960328464405, 141.9419079817567138, 152.0057407317052878 ) ) ;
#413 = DIRECTION ( 'NONE',  ( 0.000000000000000000, 0.000000000000000000, 1.000000000000000000 ) ) ;
#414 = VERTEX_POINT ( 'NONE', #1262 ) ;
#415 = CARTESIAN_POINT ( 'NONE',  ( -71.32654357797707689, 114.2478395044866915, 133.6341166673202565 ) ) ;
#416 = CARTESIAN_POINT ( 'NONE',  ( -74.78852960328464405, 69.28151800167140095, 149.7325884709703701 ) ) ;
#417 = B_SPLINE_CURVE_WITH_KNOTS ( 'NONE', 3,
 ( #756, #3086, #9103, #5331, #8372, #4374, #2148, #6979, #106, #5482, #4666, #8568, #6273, #1937, #498, #6550, #4453, #3705 ),
 .UNSPECIFIED., .F., .F.,
 ( 4, 2, 2, 2, 2, 2, 2, 2, 4 ),
 ( 0.000000000000000000, 0.0003734598994813867023, 0.0007469197989627734046, 0.001120379698444160053, 0.001493839597925546809, 0.001867299497406933566, 0.002240759396888320105, 0.002614219296369707079, 0.002987679195851093619 ),
 .UNSPECIFIED. ) ;
#418 = CARTESIAN_POINT ( 'NONE',  ( -90.51302362031127302, 118.3836024727233820, 121.5707852738183874 ) ) ;
#419 = ORIENTED_EDGE ( 'NONE', *, *, #2688, .T. ) ;
#420 = CARTESIAN_POINT ( 'NONE',  ( -87.37848393418833837, 113.3119079817578267, 131.5640869372336397 ) ) ;
#421 = PLANE ( 'NONE',  #1893 ) ;
#422 = VERTEX_POINT ( 'NONE', #9626 ) ;
#423 = ORIENTED_EDGE ( 'NONE', *, *, #7806, .T. ) ;
#424 = CARTESIAN_POINT ( 'NONE',  ( -87.78852960328462984, 107.6293568147877551, 101.5041018525514289 ) ) ;
#425 = CARTESIAN_POINT ( 'NONE',  ( -89.59217669893757829, 122.6060697666238752, 130.2827387018651848 ) ) ;
#426 = CARTESIAN_POINT ( 'NONE',  ( -71.23966721607241936, 67.74645843290871028, 80.05714432326837482 ) ) ;
#427 = ADVANCED_FACE ( 'NONE', ( #2853 ), #936, .F. ) ;
#428 = EDGE_CURVE ( 'NONE', #8638, #4316, #4755, .T. ) ;
#429 = CARTESIAN_POINT ( 'NONE',  ( -89.32205133085119542, 141.3828037882254591, 132.0800327358637389 ) ) ;
#430 = CARTESIAN_POINT ( 'NONE',  ( -84.61029272713885518, 138.9593739070660945, 151.6301962047839993 ) ) ;
#431 = VERTEX_POINT ( 'NONE', #6974 ) ;
#432 = CARTESIAN_POINT ( 'NONE',  ( -70.85821577244608704, 114.7224334889816646, 97.07495760366549575 ) ) ;
#433 = CARTESIAN_POINT ( 'NONE',  ( -78.78852960328464405, 141.5581117127231039, 70.92190020000548145 ) ) ;
#434 = CARTESIAN_POINT ( 'NONE',  ( -72.86100721533742330, 74.23322610728084214, 74.74314353310970205 ) ) ;
#435 = CARTESIAN_POINT ( 'NONE',  ( -85.50364807068579864, 123.3914903421687512, 103.2209079738742616 ) ) ;
#436 = LINE ( 'NONE', #4962, #8067 ) ;
#437 = ADVANCED_FACE ( 'NONE', ( #4525 ), #1803, .T. ) ;
#438 = EDGE_LOOP ( 'NONE', ( #4230, #3227, #5134, #5817 ) ) ;
#439 = DIRECTION ( 'NONE',  ( 0.000000000000000000, 0.000000000000000000, -1.000000000000000000 ) ) ;
#440 = EDGE_CURVE ( 'NONE', #1645, #7822, #4693, .T. ) ;
#441 = CARTESIAN_POINT ( 'NONE',  ( -88.72430331975915863, 103.6504070507757831, 135.5447700566067226 ) ) ;
#442 = PLANE ( 'NONE',  #3290 ) ;
#443 = CARTESIAN_POINT ( 'NONE',  ( -79.67721399201259658, 150.6964822872950265, 66.72931331963432910 ) ) ;
#444 = ORIENTED_EDGE ( 'NONE', *, *, #9416, .F. ) ;
#445 = CARTESIAN_POINT ( 'NONE',  ( -90.45268086305399891, 118.4511597811801096, 104.6040768922837572 ) ) ;
#446 = CIRCLE ( 'NONE', #5468, 6.999999999999978684 ) ;
#447 = CARTESIAN_POINT ( 'NONE',  ( -79.89158981498985668, 144.9364463925362543, 164.1372197645805784 ) ) ;
#448 = CARTESIAN_POINT ( 'NONE',  ( -69.87118860510015850, 62.27254398901960997, 111.8801024332770453 ) ) ;
#449 = ORIENTED_EDGE ( 'NONE', *, *, #510, .T. ) ;
#450 = CARTESIAN_POINT ( 'NONE',  ( -78.76677750319275617, 82.43373573550204014, 60.32149639209533376 ) ) ;
#451 = CARTESIAN_POINT ( 'NONE',  ( -80.26303602589153741, 146.3918210653962433, 163.2675837077231051 ) ) ;
#452 = VECTOR ( 'NONE', #4724, 1000.000000000000000 ) ;
#453 = ADVANCED_FACE ( 'NONE', ( #2553, #4809, #3513, #6467, #4173 ), #3519, .T. ) ;
#454 = LINE ( 'NONE', #3459, #5203 ) ;
#455 = CARTESIAN_POINT ( 'NONE',  ( -70.80432894054281689, 115.0824675481316604, 132.5499202380388510 ) ) ;
#456 = CARTESIAN_POINT ( 'NONE',  ( -83.38852960328463837, 133.6309159640421456, 119.3804998236556827 ) ) ;
#457 = CARTESIAN_POINT ( 'NONE',  ( -79.78562318095634964, 76.89502643889407807, 65.70727115601354740 ) ) ;
#458 = DIRECTION ( 'NONE',  ( 1.000000000000000000, 0.000000000000000000, 0.000000000000000000 ) ) ;
#459 = VERTEX_POINT ( 'NONE', #5631 ) ;
#460 = CARTESIAN_POINT ( 'NONE',  ( -71.31363599671006170, 113.9581970441600873, 133.3961060705717898 ) ) ;
#461 = AXIS2_PLACEMENT_3D ( 'NONE', #1410, #3529, #6670 ) ;
#462 = CARTESIAN_POINT ( 'NONE',  ( -77.60654984692889968, 79.73498504251836039, 165.5435357202657940 ) ) ;
#463 = DIRECTION ( 'NONE',  ( 0.000000000000000000, -1.000000000000000000, -3.469446951953623261E-15 ) ) ;
#464 = ADVANCED_FACE ( 'NONE', ( #2785 ), #1958, .F. ) ;
#465 = EDGE_CURVE ( 'NONE', #9419, #5786, #1232, .T. ) ;
#466 = EDGE_CURVE ( 'NONE', #3974, #7975, #5273, .T. ) ;
#467 = CIRCLE ( 'NONE', #1729, 10.00000000000000888 ) ;
#468 = CARTESIAN_POINT ( 'NONE',  ( -88.22972652752733325, 113.5393436575925250, 132.1888155477652447 ) ) ;
#469 = B_SPLINE_CURVE_WITH_KNOTS ( 'NONE', 3,
 ( #6886, #3157, #2433, #8442, #4324, #6572, #4146, #9396, #8965, #1870, #5832, #2789, #8864, #2095, #5886, #4832, #5039, #4089, #1066, #2622, #8811, #7358, #8072, #5136, #2194, #6067, #4556, #6862, #2988, #1656, #4663, #8219, #6026, #712, #3722, #9760, #2245, #4518, #3767, #3038, #9053 ),
 .UNSPECIFIED., .F., .F.,
 ( 4, 1, 2, 2, 2, 2, 2, 2, 2, 2, 2, 2, 2, 2, 2, 2, 2, 2, 2, 2, 4 ),
 ( 0.000000000000000000, 0.06250000000000195677, 0.09375000000000212330, 0.1250000000000023037, 0.1562500000000024702, 0.1875000000000026368, 0.2187500000000028311, 0.2500000000000029976, 0.3125000000000038303, 0.3750000000000046629, 0.5000000000000056621, 0.5625000000000068834, 0.5937500000000075495, 0.6250000000000083267, 0.6562500000000091038, 0.6875000000000083267, 0.7500000000000075495, 0.7812500000000075495, 0.8125000000000075495, 0.8750000000000038858, 1.000000000000000000 ),
 .UNSPECIFIED. ) ;
#470 = ORIENTED_EDGE ( 'NONE', *, *, #9524, .T. ) ;
#471 = ORIENTED_EDGE ( 'NONE', *, *, #4891, .T. ) ;
#472 = CARTESIAN_POINT ( 'NONE',  ( -82.46561579021238231, 76.14292077733296082, 69.25608402281729070 ) ) ;
#473 = AXIS2_PLACEMENT_3D ( 'NONE', #8631, #2008, #1214 ) ;
#474 = CARTESIAN_POINT ( 'NONE',  ( -89.66444325782134683, 122.1141483707783522, 129.7708629613655091 ) ) ;
#475 = DIRECTION ( 'NONE',  ( 0.000000000000000000, 0.5370155350614622680, 0.8435723532114192125 ) ) ;
#476 = CARTESIAN_POINT ( 'NONE',  ( -85.32275931131823654, 124.1281766318609812, 124.8046124236138184 ) ) ;
#477 = CARTESIAN_POINT ( 'NONE',  ( -89.01228953795546772, 137.3507403780633069, 133.9473971693450380 ) ) ;
#478 = CARTESIAN_POINT ( 'NONE',  ( -72.28852960328462984, 114.0119079817578296, 95.50574073170528777 ) ) ;
#479 = CARTESIAN_POINT ( 'NONE',  ( -126.7885296032846583, 86.94190798175786483, 113.5057407317052736 ) ) ;
#480 = CARTESIAN_POINT ( 'NONE',  ( -72.08390576387898818, 71.11309706705998224, 150.4835070465829290 ) ) ;
#481 = CIRCLE ( 'NONE', #4262, 2.000000000000029310 ) ;
#482 = CARTESIAN_POINT ( 'NONE',  ( -85.19792021958333805, 139.9294272463087339, 77.23926642571493062 ) ) ;
#483 = ORIENTED_EDGE ( 'NONE', *, *, #7230, .T. ) ;
#484 = CARTESIAN_POINT ( 'NONE',  ( -88.77126776418812426, 105.3139379361460044, 113.5054217159886889 ) ) ;
#485 = DIRECTION ( 'NONE',  ( 0.000000000000000000, 0.000000000000000000, -1.000000000000000000 ) ) ;
#486 = CYLINDRICAL_SURFACE ( 'NONE', #7061, 2.000000000000001776 ) ;
#487 = ORIENTED_EDGE ( 'NONE', *, *, #9241, .F. ) ;
#488 = CARTESIAN_POINT ( 'NONE',  ( -74.78852960328464405, 69.28151800167140095, 149.7325884709703701 ) ) ;
#489 = CARTESIAN_POINT ( 'NONE',  ( -87.82786660300153869, 106.9533054274567974, 133.8549301417829156 ) ) ;
#490 = CARTESIAN_POINT ( 'NONE',  ( -89.72502962232599089, 153.6806160288560363, 129.3498751203860877 ) ) ;
#491 = CARTESIAN_POINT ( 'NONE',  ( -71.60435360180845521, 72.89378437447854253, 75.69730272969313489 ) ) ;
#492 = ORIENTED_EDGE ( 'NONE', *, *, #4538, .F. ) ;
#493 = CARTESIAN_POINT ( 'NONE',  ( -72.07176886721168785, 113.3864525319435330, 96.15738051399691244 ) ) ;
#494 = EDGE_CURVE ( 'NONE', #116, #4011, #6260, .T. ) ;
#495 = ADVANCED_FACE ( 'NONE', ( #3183 ), #6217, .T. ) ;
#496 = ORIENTED_EDGE ( 'NONE', *, *, #3500, .F. ) ;
#497 = CARTESIAN_POINT ( 'NONE',  ( -81.00722290687249938, 76.81922272017472153, 161.4825111030534401 ) ) ;
#498 = CARTESIAN_POINT ( 'NONE',  ( -82.87130746071950682, 150.1527496900092160, 70.51797944203842405 ) ) ;
#499 = CARTESIAN_POINT ( 'NONE',  ( -89.36460263680328353, 141.7719466040658745, 131.8085831871294999 ) ) ;
#500 = VECTOR ( 'NONE', #2032, 1000.000000000000114 ) ;
#501 = VECTOR ( 'NONE', #7555, 1000.000000000000000 ) ;
#502 = CARTESIAN_POINT ( 'NONE',  ( -90.78852960328464405, 86.78188868465922212, 155.7535580371800279 ) ) ;
#503 = CARTESIAN_POINT ( 'NONE',  ( -71.93111379792702564, 113.4492124531912225, 96.28801259804312451 ) ) ;
#504 = CARTESIAN_POINT ( 'NONE',  ( -84.78852960328464405, 110.9293568147877664, 94.16542175927874325 ) ) ;
#505 = ORIENTED_EDGE ( 'NONE', *, *, #2445, .F. ) ;
#506 = DIRECTION ( 'NONE',  ( 1.000000000000000000, -0.000000000000000000, -0.000000000000000000 ) ) ;
#507 = VECTOR ( 'NONE', #365, 1000.000000000000000 ) ;
#508 = CARTESIAN_POINT ( 'NONE',  ( -71.85852104018853481, 113.4981254843662271, 133.5816563041878737 ) ) ;
#509 = CIRCLE ( 'NONE', #2242, 3.000000000000002665 ) ;
#510 = EDGE_CURVE ( 'NONE', #8431, #1531, #6971, .T. ) ;
#511 = VERTEX_POINT ( 'NONE', #9260 ) ;
#512 = CARTESIAN_POINT ( 'NONE',  ( -89.13714214241518619, 64.22658400223635056, 93.75800518246245474 ) ) ;
#513 = CARTESIAN_POINT ( 'NONE',  ( -85.33366821801783431, 154.2080180797982223, 142.2750144784015731 ) ) ;
#514 = VECTOR ( 'NONE', #4685, 1000.000000000000000 ) ;
#515 = CARTESIAN_POINT ( 'NONE',  ( -80.78852960328464405, 141.9419079817567138, 78.00574073170530198 ) ) ;
#516 = ORIENTED_EDGE ( 'NONE', *, *, #281, .T. ) ;
#517 = ORIENTED_EDGE ( 'NONE', *, *, #4602, .T. ) ;
#518 = EDGE_CURVE ( 'NONE', #1791, #5099, #8361, .T. ) ;
#519 = CARTESIAN_POINT ( 'NONE',  ( -77.88624991159680633, 87.44823992607120999, 165.7313321388055272 ) ) ;
#520 = EDGE_CURVE ( 'NONE', #8852, #2390, #3285, .T. ) ;
#521 = LINE ( 'NONE', #7181, #3600 ) ;
#522 = CARTESIAN_POINT ( 'NONE',  ( -89.24149472783182091, 140.5781583023497774, 132.5832176780097882 ) ) ;
#523 = DIRECTION ( 'NONE',  ( -1.000000000000000000, -0.000000000000000000, -0.000000000000000000 ) ) ;
#524 = CARTESIAN_POINT ( 'NONE',  ( -85.43148873964864265, 141.9419079817567138, 149.0057407317052593 ) ) ;
#525 = CARTESIAN_POINT ( 'NONE',  ( -85.06223284388852335, 139.5310587225371535, 76.80171955357842251 ) ) ;
#526 = ORIENTED_EDGE ( 'NONE', *, *, #8415, .F. ) ;
#527 = CARTESIAN_POINT ( 'NONE',  ( -70.78852960328462984, 115.2569332580205668, 97.44223240480897630 ) ) ;
#528 = VERTEX_POINT ( 'NONE', #6167 ) ;
#529 = CARTESIAN_POINT ( 'NONE',  ( -90.77776791975314552, 103.5094875583868657, 111.8659894758306734 ) ) ;
#530 = CARTESIAN_POINT ( 'NONE',  ( -84.28536839170108408, 133.6309159640421456, 97.28049982365568837 ) ) ;
#531 = FACE_OUTER_BOUND ( 'NONE', #7024, .T. ) ;
#532 = ORIENTED_EDGE ( 'NONE', *, *, #8039, .T. ) ;
#533 = DIRECTION ( 'NONE',  ( 0.000000000000000000, -0.000000000000000000, 1.000000000000000000 ) ) ;
#534 = CARTESIAN_POINT ( 'NONE',  ( -88.66070395815292216, 103.3119079817578267, 135.8791374862809107 ) ) ;
#535 = CARTESIAN_POINT ( 'NONE',  ( -88.61141827003274329, 156.2025466832445488, 106.9724392516260565 ) ) ;
#536 = DIRECTION ( 'NONE',  ( 0.000000000000000000, 0.000000000000000000, -1.000000000000000000 ) ) ;
#537 = VERTEX_POINT ( 'NONE', #8505 ) ;
#538 = CARTESIAN_POINT ( 'NONE',  ( -71.57302852182351671, 113.6779113024657448, 96.26894383043411096 ) ) ;
#539 = CARTESIAN_POINT ( 'NONE',  ( -78.78852960328465826, 62.31141002070195611, 115.6998951202054542 ) ) ;
#540 = CARTESIAN_POINT ( 'NONE',  ( -70.78852960328462984, 115.2020068322953108, 132.3111065381913534 ) ) ;
#541 = CARTESIAN_POINT ( 'NONE',  ( -85.64792221203489930, 70.45930351741759523, 78.66388032234650041 ) ) ;
#542 = CARTESIAN_POINT ( 'NONE',  ( -85.35695041107202030, 142.1644986330466907, 124.6079436820717774 ) ) ;
#543 = EDGE_CURVE ( 'NONE', #3802, #9814, #7861, .T. ) ;
#544 = VERTEX_POINT ( 'NONE', #9149 ) ;
#545 = EDGE_CURVE ( 'NONE', #8306, #8390, #446, .T. ) ;
#546 = EDGE_CURVE ( 'NONE', #1414, #4648, #4753, .T. ) ;
#547 = FACE_BOUND ( 'NONE', #7965, .T. ) ;
#548 = EDGE_CURVE ( 'NONE', #1300, #1033, #2999, .T. ) ;
#549 = CARTESIAN_POINT ( 'NONE',  ( -71.00951234705664206, 114.3414476090161287, 96.85780176158907295 ) ) ;
#550 = DIRECTION ( 'NONE',  ( 1.000000000000000000, 0.000000000000000000, 0.000000000000000000 ) ) ;
#551 = CARTESIAN_POINT ( 'NONE',  ( -84.39748054784834608, 111.9079393242091669, 103.7118092162217380 ) ) ;
#552 = ORIENTED_EDGE ( 'NONE', *, *, #2343, .F. ) ;
#553 = ORIENTED_EDGE ( 'NONE', *, *, #379, .F. ) ;
#554 = CARTESIAN_POINT ( 'NONE',  ( -71.25368410442418110, 114.3086505290902153, 133.5525565340778371 ) ) ;
#555 = CARTESIAN_POINT ( 'NONE',  ( -85.87772992304273600, 122.6120281186636021, 120.6933044420024430 ) ) ;
#556 = CARTESIAN_POINT ( 'NONE',  ( -77.71442870657955382, 79.55824557022999954, 165.2973759622168473 ) ) ;
#557 = VERTEX_POINT ( 'NONE', #795 ) ;
#558 = CARTESIAN_POINT ( 'NONE',  ( -90.78852960328464405, 112.3119079817578125, 103.0725956219346386 ) ) ;
#559 = CARTESIAN_POINT ( 'NONE',  ( -88.77810859980611724, 103.7062525813415022, 135.0985409603065364 ) ) ;
#560 = ORIENTED_EDGE ( 'NONE', *, *, #5480, .F. ) ;
#561 = VERTEX_POINT ( 'NONE', #6806 ) ;
#562 = CARTESIAN_POINT ( 'NONE',  ( -77.73020529394908351, 141.5984634591292775, 166.0955184329510246 ) ) ;
#563 = DIRECTION ( 'NONE',  ( 0.000000000000000000, -1.000000000000000000, 0.000000000000000000 ) ) ;
#564 = CARTESIAN_POINT ( 'NONE',  ( -69.58974700415201653, 61.14677758522725526, 97.75953281977004394 ) ) ;
#565 = CARTESIAN_POINT ( 'NONE',  ( -88.85704443486936555, 133.6309159640421456, 92.18901621958045212 ) ) ;
#566 = DIRECTION ( 'NONE',  ( 1.000000000000000000, -0.000000000000000000, -0.000000000000000000 ) ) ;
#567 = CARTESIAN_POINT ( 'NONE',  ( -79.57357356739902343, 141.0091803924501619, 62.14038501255958380 ) ) ;
#568 = CARTESIAN_POINT ( 'NONE',  ( -71.07093997212413683, 152.5438407113404935, 96.39403658056498614 ) ) ;
#569 = EDGE_LOOP ( 'NONE', ( #4490, #6025, #5632, #6672 ) ) ;
#570 = FACE_OUTER_BOUND ( 'NONE', #6773, .T. ) ;
#571 = ORIENTED_EDGE ( 'NONE', *, *, #3932, .T. ) ;
#572 = EDGE_CURVE ( 'NONE', #933, #6279, #46, .T. ) ;
#573 = CARTESIAN_POINT ( 'NONE',  ( -70.79948860070122407, 115.0414154643618900, 132.4243254642323961 ) ) ;
#574 = CARTESIAN_POINT ( 'NONE',  ( -71.28852960328462984, 152.1879553359585202, 134.2125299789917392 ) ) ;
#575 = CARTESIAN_POINT ( 'NONE',  ( -90.78852960328464405, 148.7298017148081897, 163.0598045620218386 ) ) ;
#576 = ORIENTED_EDGE ( 'NONE', *, *, #6211, .T. ) ;
#577 = FILL_AREA_STYLE_COLOUR ( '', #3968 ) ;
#578 = ADVANCED_FACE ( 'NONE', ( #9097 ), #5324, .F. ) ;
#579 = CARTESIAN_POINT ( 'NONE',  ( -88.38863157432906803, 104.9553449681182258, 132.4818123963685252 ) ) ;
#580 = CARTESIAN_POINT ( 'NONE',  ( -88.07960413669893285, 155.8789904436748373, 126.4758428618629438 ) ) ;
#581 = ORIENTED_EDGE ( 'NONE', *, *, #320, .F. ) ;
#582 = CARTESIAN_POINT ( 'NONE',  ( -71.74701019960969006, 113.8452071109500707, 95.80460139494809368 ) ) ;
#583 = CARTESIAN_POINT ( 'NONE',  ( -90.74851300290185918, 104.0964822192464680, 111.8702965581363173 ) ) ;
#584 = ORIENTED_EDGE ( 'NONE', *, *, #320, .T. ) ;
#585 = EDGE_CURVE ( 'NONE', #9400, #2137, #3125, .T. ) ;
#586 = CARTESIAN_POINT ( 'NONE',  ( -79.71283328657249001, 143.8655257232374538, 62.46023542335765200 ) ) ;
#587 = CARTESIAN_POINT ( 'NONE',  ( -85.36646394135748039, 123.9676487214533296, 124.5456149974387898 ) ) ;
#588 = CLOSED_SHELL ( 'NONE', ( #4151, #3439, #1828, #3605, #5263, #7447 ) ) ;
#589 = DIRECTION ( 'NONE',  ( 0.000000000000000000, -0.5370091349504070299, 0.8435764274680840336 ) ) ;
#590 = EDGE_LOOP ( 'NONE', ( #3515, #4469, #7081, #2859 ) ) ;
#591 = CARTESIAN_POINT ( 'NONE',  ( -86.19938934980902445, 122.5309159640420802, 115.3468320184715168 ) ) ;
#592 = DIRECTION ( 'NONE',  ( 1.000000000000000000, 0.000000000000000000, -0.000000000000000000 ) ) ;
#593 = VERTEX_POINT ( 'NONE', #896 ) ;
#594 = CARTESIAN_POINT ( 'NONE',  ( -84.78852960328464405, 104.4468056478177402, 91.96147921292704552 ) ) ;
#595 = CARTESIAN_POINT ( 'NONE',  ( -71.14012594408978885, 114.1190269076060417, 133.0026125630380989 ) ) ;
#596 = DIRECTION ( 'NONE',  ( 1.000000000000000000, -0.000000000000000000, -0.000000000000000000 ) ) ;
#597 = EDGE_CURVE ( 'NONE', #2421, #8664, #2664, .T. ) ;
#598 = ORIENTED_EDGE ( 'NONE', *, *, #8005, .T. ) ;
#599 = CARTESIAN_POINT ( 'NONE',  ( -79.18175159100844951, 77.06309825957515613, 65.18874019718053603 ) ) ;
#600 = CIRCLE ( 'NONE', #3759, 3.000000000000002665 ) ;
#601 = CARTESIAN_POINT ( 'NONE',  ( -84.40700037156572932, 129.4708408953224534, 97.75879789532680775 ) ) ;
#602 = CARTESIAN_POINT ( 'NONE',  ( -87.89331652614717427, 113.3866780334526254, 131.8141790571343961 ) ) ;
#603 = FACE_OUTER_BOUND ( 'NONE', #8839, .T. ) ;
#604 = CARTESIAN_POINT ( 'NONE',  ( -90.46155806751018247, 147.6654865755767219, 122.2791829290208199 ) ) ;
#605 = AXIS2_PLACEMENT_3D ( 'NONE', #5736, #8760, #7318 ) ;
#606 = ORIENTED_EDGE ( 'NONE', *, *, #9310, .T. ) ;
#607 = ORIENTED_EDGE ( 'NONE', *, *, #7126, .T. ) ;
#608 = CARTESIAN_POINT ( 'NONE',  ( -90.70300192085630897, 114.6332795988539033, 112.1546416720173625 ) ) ;
#609 = EDGE_CURVE ( 'NONE', #9382, #7912, #2173, .T. ) ;
#610 = ADVANCED_FACE ( 'NONE', ( #2644 ), #7826, .T. ) ;
#611 = DIRECTION ( 'NONE',  ( 0.000000000000000000, 0.06860884601768382773, -0.9976436369005327043 ) ) ;
#612 = CARTESIAN_POINT ( 'NONE',  ( -82.28795710595304058, 104.4723091045864862, 105.0298397690962275 ) ) ;
#613 = AXIS2_PLACEMENT_3D ( 'NONE', #403, #1133, #7238 ) ;
#614 = CARTESIAN_POINT ( 'NONE',  ( -84.67399047634928877, 138.6443799941551447, 128.0345278934418332 ) ) ;
#615 = CARTESIAN_POINT ( 'NONE',  ( -72.28852960328462984, 103.8119079817578125, 114.0054217592787325 ) ) ;
#616 = CARTESIAN_POINT ( 'NONE',  ( -89.99149613974971373, 146.0978954765713809, 99.81053021527212366 ) ) ;
#617 = DIRECTION ( 'NONE',  ( 0.000000000000000000, 0.000000000000000000, -1.000000000000000000 ) ) ;
#618 = CARTESIAN_POINT ( 'NONE',  ( -80.78852960328464405, 141.9419079817567138, 152.0057407317052878 ) ) ;
#619 = EDGE_LOOP ( 'NONE', ( #1007, #842, #7207, #5429 ) ) ;
#620 = CARTESIAN_POINT ( 'NONE',  ( -78.78852960328464405, 148.6520442482435556, 71.31938675007729955 ) ) ;
#621 = ORIENTED_EDGE ( 'NONE', *, *, #6560, .T. ) ;
#622 = CARTESIAN_POINT ( 'NONE',  ( -79.83973306754526789, 144.6686854304667236, 164.2574836600466313 ) ) ;
#623 = AXIS2_PLACEMENT_3D ( 'NONE', #4604, #9043, #3807 ) ;
#624 = CARTESIAN_POINT ( 'NONE',  ( -84.14627306100794613, 67.92846773320596299, 79.50997667432248761 ) ) ;
#625 = CARTESIAN_POINT ( 'NONE',  ( -82.46279079557746172, 76.14795779410123089, 157.7623613350161520 ) ) ;
#626 = CARTESIAN_POINT ( 'NONE',  ( -85.97090709588684376, 122.5309159640421228, 107.2804998236556884 ) ) ;
#627 = CARTESIAN_POINT ( 'NONE',  ( -85.10912108682462929, 125.0094230588800741, 125.9784470239231098 ) ) ;
#628 = CARTESIAN_POINT ( 'NONE',  ( -79.76008662698760077, 88.64469024788097329, 164.4417213373851325 ) ) ;
#629 = CARTESIAN_POINT ( 'NONE',  ( -85.08704081936073749, 124.8994094714591512, 100.8162049191091540 ) ) ;
#630 = EDGE_LOOP ( 'NONE', ( #1148, #8963, #3072, #9201 ) ) ;
#631 = AXIS2_PLACEMENT_3D ( 'NONE', #703, #3713, #9748 ) ;
#632 = CARTESIAN_POINT ( 'NONE',  ( -90.76687526710999521, 84.96046839063083667, 115.7667458998518129 ) ) ;
#633 = CARTESIAN_POINT ( 'NONE',  ( -74.78852960328464405, 69.28151800167140095, 149.7325884709703701 ) ) ;
#634 = LINE ( 'NONE', #3646, #5043 ) ;
#635 = CARTESIAN_POINT ( 'NONE',  ( -90.54749645061923502, 156.1641951628593858, 105.9156633109970329 ) ) ;
#636 = ORIENTED_EDGE ( 'NONE', *, *, #572, .T. ) ;
#637 = CARTESIAN_POINT ( 'NONE',  ( -71.47243259238533142, 114.0093437258287565, 95.99573307797120947 ) ) ;
#638 = DIRECTION ( 'NONE',  ( 0.000000000000000000, 1.000000000000000000, 0.000000000000000000 ) ) ;
#639 = CARTESIAN_POINT ( 'NONE',  ( -78.56786036075689594, 148.1358822840082610, 163.6537330048999763 ) ) ;
#640 = DIRECTION ( 'NONE',  ( 0.000000000000000000, 0.06662755410594685401, -0.9977779156875838940 ) ) ;
#641 = AXIS2_PLACEMENT_3D ( 'NONE', #6044, #1107, #8338 ) ;
#642 = CARTESIAN_POINT ( 'NONE',  ( -78.78852960328464405, 97.00917494206585445, 162.0861362718193561 ) ) ;
#643 = EDGE_LOOP ( 'NONE', ( #1522, #7100, #2044, #571 ) ) ;
#644 = CARTESIAN_POINT ( 'NONE',  ( -89.53691948924279131, 111.6115137194992712, 113.3546043609139815 ) ) ;
#645 = CARTESIAN_POINT ( 'NONE',  ( -74.78852960328464405, 141.9419079817567138, 75.00574073170528777 ) ) ;
#646 = CARTESIAN_POINT ( 'NONE',  ( -78.32207025594230743, 83.14797272632870317, 59.32670378333198613 ) ) ;
#647 = CARTESIAN_POINT ( 'NONE',  ( -89.10800550757851113, 151.5412207264024289, 70.48727247224924497 ) ) ;
#648 = CARTESIAN_POINT ( 'NONE',  ( -83.38852960328463837, 120.3309159640421626, 100.5804998236556855 ) ) ;
#649 = CARTESIAN_POINT ( 'NONE',  ( -70.91374301570641592, 114.5601065292863296, 96.99730241865242419 ) ) ;
#650 = VECTOR ( 'NONE', #3177, 1000.000000000000000 ) ;
#651 = CARTESIAN_POINT ( 'NONE',  ( -90.45416282940709607, 104.6348054483284926, 104.6357981982264249 ) ) ;
#652 = EDGE_LOOP ( 'NONE', ( #3680, #4715, #8418, #2679, #4987, #6756, #111, #7469, #5892, #2192, #4973, #7647, #5673, #2493, #7029, #607, #4096, #2038, #7760, #5580, #9443, #4323, #6436, #5600, #7615, #4767, #8111, #5161, #9143, #4531, #4877, #3555, #2669, #7689, #9272, #8263, #8401, #5154, #6079 ) ) ;
#653 = ORIENTED_EDGE ( 'NONE', *, *, #5394, .T. ) ;
#654 = CARTESIAN_POINT ( 'NONE',  ( -71.26267188923333151, 113.9592320030949395, 133.1691890265257143 ) ) ;
#655 = EDGE_CURVE ( 'NONE', #4144, #9659, #5719, .T. ) ;
#656 = CIRCLE ( 'NONE', #6953, 2.000000000000001776 ) ;
#657 = AXIS2_PLACEMENT_3D ( 'NONE', #947, #7784, #1044 ) ;
#658 = CARTESIAN_POINT ( 'NONE',  ( -79.41992823301218607, 83.44036553316973936, 61.77620589259195327 ) ) ;
#659 = CARTESIAN_POINT ( 'NONE',  ( -88.15398491881742871, 112.1052074608243032, 134.1347716424259318 ) ) ;
#660 = AXIS2_PLACEMENT_3D ( 'NONE', #2560, #813, #59 ) ;
#661 = CARTESIAN_POINT ( 'NONE',  ( -87.48886818046916858, 105.3119079817577557, 131.5850928690132946 ) ) ;
#662 = VECTOR ( 'NONE', #184, 1000.000000000000000 ) ;
#663 = VERTEX_POINT ( 'NONE', #6458 ) ;
#664 = EDGE_CURVE ( 'NONE', #4251, #2807, #6283, .T. ) ;
#665 = CARTESIAN_POINT ( 'NONE',  ( -79.03873445666390296, 141.5962297231916978, 166.0947748911794406 ) ) ;
#666 = CARTESIAN_POINT ( 'NONE',  ( -85.01335532783443227, 140.6924402782649679, 126.4611006442915340 ) ) ;
#667 = CARTESIAN_POINT ( 'NONE',  ( -74.78852960328464405, 65.32649124733219992, 93.58143042945904710 ) ) ;
#668 = LINE ( 'NONE', #9715, #8404 ) ;
#669 = CARTESIAN_POINT ( 'NONE',  ( -89.96031979811745316, 120.4199930059159982, 127.4655516448996195 ) ) ;
#670 = AXIS2_PLACEMENT_3D ( 'NONE', #8932, #3782, #9637 ) ;
#671 = FACE_OUTER_BOUND ( 'NONE', #4049, .T. ) ;
#672 = CARTESIAN_POINT ( 'NONE',  ( -81.14451866516819223, 151.6583579391499654, 71.02214642643239983 ) ) ;
#673 = CARTESIAN_POINT ( 'NONE',  ( -80.62086928982593292, 147.3155774229848589, 162.4134486342254036 ) ) ;
#674 = CYLINDRICAL_SURFACE ( 'NONE', #2040, 5.000000000000004441 ) ;
#675 = EDGE_CURVE ( 'NONE', #7408, #8355, #8100, .T. ) ;
#676 = CARTESIAN_POINT ( 'NONE',  ( -71.34119661171556004, 152.5121927946651113, 96.04435693161816801 ) ) ;
#677 = ADVANCED_FACE ( 'NONE', ( #5812 ), #738, .F. ) ;
#678 = ORIENTED_EDGE ( 'NONE', *, *, #849, .F. ) ;
#679 = ADVANCED_FACE ( 'NONE', ( #4404 ), #6745, .F. ) ;
#680 = CYLINDRICAL_SURFACE ( 'NONE', #2338, 1.000000000000000888 ) ;
#681 = CARTESIAN_POINT ( 'NONE',  ( -72.86145541510803980, 74.23361122905129150, 74.74380810562847444 ) ) ;
#682 = B_SPLINE_CURVE_WITH_KNOTS ( 'NONE', 1,
 ( #3375, #1277 ),
 .UNSPECIFIED., .F., .F.,
 ( 2, 2 ),
 ( 0.000000000000000000, 1.000000000000000000 ),
 .UNSPECIFIED. ) ;
#683 = CARTESIAN_POINT ( 'NONE',  ( -86.56115233925800112, 68.82855700601230353, 145.1372787392660086 ) ) ;
#684 = CARTESIAN_POINT ( 'NONE',  ( -88.92237934404440125, 132.5309159640421228, 134.4582889486796660 ) ) ;
#685 = ORIENTED_EDGE ( 'NONE', *, *, #8579, .F. ) ;
#686 = SURFACE_SIDE_STYLE ('',( #7535 ) ) ;
#687 = CARTESIAN_POINT ( 'NONE',  ( -78.78852960328464405, 62.45982050141635966, 108.5869404288169306 ) ) ;
#688 = CARTESIAN_POINT ( 'NONE',  ( -88.74382736591296350, 156.2831312624277302, 109.7620893229567400 ) ) ;
#689 = ORIENTED_EDGE ( 'NONE', *, *, #2947, .F. ) ;
#690 = CARTESIAN_POINT ( 'NONE',  ( -72.07810857547295313, 114.0611537304507692, 95.56950074929011407 ) ) ;
#691 = CARTESIAN_POINT ( 'NONE',  ( -90.78116561104215521, 89.63893559553277157, 114.8341502011412985 ) ) ;
#692 = CYLINDRICAL_SURFACE ( 'NONE', #7731, 1.600000000000004086 ) ;
#693 = CARTESIAN_POINT ( 'NONE',  ( -80.78852960328464405, 141.9419079817567138, 76.60574073170529630 ) ) ;
#694 = ORIENTED_EDGE ( 'NONE', *, *, #6259, .T. ) ;
#695 = DIRECTION ( 'NONE',  ( 1.000000000000000000, 0.000000000000000000, 0.000000000000000000 ) ) ;
#696 = CARTESIAN_POINT ( 'NONE',  ( -78.15452252181586346, 126.9623622400146132, 61.90214970102342562 ) ) ;
#697 = DIRECTION ( 'NONE',  ( 0.000000000000000000, -1.000000000000000000, 0.000000000000000000 ) ) ;
#698 = FACE_OUTER_BOUND ( 'NONE', #643, .T. ) ;
#699 = CARTESIAN_POINT ( 'NONE',  ( -85.62894791848896148, 123.1384062268522825, 122.8138556095288578 ) ) ;
#700 = CARTESIAN_POINT ( 'NONE',  ( -70.78852960328462984, 74.58783218703270279, 152.5713191055619120 ) ) ;
#701 = ORIENTED_EDGE ( 'NONE', *, *, #4865, .T. ) ;
#702 = VERTEX_POINT ( 'NONE', #8900 ) ;
#703 = CARTESIAN_POINT ( 'NONE',  ( -74.78852960328464405, 141.9419079817567138, 75.00574073170528777 ) ) ;
#704 = CARTESIAN_POINT ( 'NONE',  ( -71.24170039134673971, 114.0375524932264284, 133.3274936351944859 ) ) ;
#705 = DIRECTION ( 'NONE',  ( 1.000000000000000000, 0.000000000000000000, 0.000000000000000000 ) ) ;
#706 = CARTESIAN_POINT ( 'NONE',  ( -77.89611568276723119, 85.32171543398899871, 61.30737143622254592 ) ) ;
#707 = CARTESIAN_POINT ( 'NONE',  ( -87.56497088964329123, 111.4614480850012797, 133.7023872171023982 ) ) ;
#708 = CARTESIAN_POINT ( 'NONE',  ( -88.77123268437780723, 113.3119079952804640, 113.5054217592787182 ) ) ;
#709 = CARTESIAN_POINT ( 'NONE',  ( -89.71676205161686823, 113.5392657714089921, 115.0345874253631706 ) ) ;
#710 = ORIENTED_EDGE ( 'NONE', *, *, #6383, .F. ) ;
#711 = DIRECTION ( 'NONE',  ( -0.000000000000000000, 0.000000000000000000, 1.000000000000000000 ) ) ;
#712 = CARTESIAN_POINT ( 'NONE',  ( -89.02682833371937932, 127.4802790952127225, 93.14729150177235795 ) ) ;
#713 = DIRECTION ( 'NONE',  ( 0.000000000000000000, 0.000000000000000000, -1.000000000000000000 ) ) ;
#714 = CARTESIAN_POINT ( 'NONE',  ( -89.81191478891429369, 121.2184587929935020, 128.6643278408598690 ) ) ;
#715 = LINE ( 'NONE', #6813, #4081 ) ;
#716 = FACE_OUTER_BOUND ( 'NONE', #4382, .T. ) ;
#717 = EDGE_CURVE ( 'NONE', #5815, #7122, #4534, .T. ) ;
#718 = CARTESIAN_POINT ( 'NONE',  ( -79.72105162591300598, 87.31496967778880958, 164.5317061275722210 ) ) ;
#719 = CARTESIAN_POINT ( 'NONE',  ( -85.55785046647538650, 142.9238293218532476, 103.5865759348449870 ) ) ;
#720 = ORIENTED_EDGE ( 'NONE', *, *, #7293, .T. ) ;
#721 = CARTESIAN_POINT ( 'NONE',  ( -90.48192439354696148, 104.4065766878243124, 113.6656415828648647 ) ) ;
#722 = ORIENTED_EDGE ( 'NONE', *, *, #4668, .T. ) ;
#723 = DIRECTION ( 'NONE',  ( -1.000000000000000000, -0.000000000000000000, 0.000000000000000000 ) ) ;
#724 = ADVANCED_FACE ( 'NONE', ( #9138 ), #3813, .F. ) ;
#725 = CARTESIAN_POINT ( 'NONE',  ( -89.41929341657787234, 61.73223655005654109, 131.4707462754205949 ) ) ;
#726 = CARTESIAN_POINT ( 'NONE',  ( -78.93127508129963132, 149.2021984092249909, 162.5874006995015861 ) ) ;
#727 = CARTESIAN_POINT ( 'NONE',  ( -78.78852960328464405, 70.10455760800985558, 145.0472966380754087 ) ) ;
#728 = CARTESIAN_POINT ( 'NONE',  ( -71.28852960328462984, 152.3446743967525379, 132.7125299789946382 ) ) ;
#729 = CARTESIAN_POINT ( 'NONE',  ( -90.00888978421041031, 120.1803826147426264, 127.0501138613260537 ) ) ;
#730 = ORIENTED_EDGE ( 'NONE', *, *, #2174, .T. ) ;
#731 = CARTESIAN_POINT ( 'NONE',  ( -71.12312943296701917, 114.1531388980214672, 96.62275548210256204 ) ) ;
#732 = CARTESIAN_POINT ( 'NONE',  ( -85.55823746223165926, 142.8236323585827279, 123.3169959625100915 ) ) ;
#733 = ADVANCED_FACE ( 'NONE', ( #7053 ), #5706, .F. ) ;
#734 = VERTEX_POINT ( 'NONE', #8546 ) ;
#735 = EDGE_CURVE ( 'NONE', #4501, #1842, #4699, .T. ) ;
#736 = CARTESIAN_POINT ( 'NONE',  ( -71.59704210174933792, 113.6468329444854675, 133.3041185863264104 ) ) ;
#737 = FACE_OUTER_BOUND ( 'NONE', #8863, .T. ) ;
#738 = PLANE ( 'NONE',  #906 ) ;
#739 = CARTESIAN_POINT ( 'NONE',  ( -72.28852960328462984, 114.8119079817578125, 95.50574073170528777 ) ) ;
#740 = ORIENTED_EDGE ( 'NONE', *, *, #2485, .T. ) ;
#741 = VERTEX_POINT ( 'NONE', #2587 ) ;
#742 = DIRECTION ( 'NONE',  ( 0.000000000000000000, 0.7071067811869881092, 0.7071067811861071473 ) ) ;
#743 = CARTESIAN_POINT ( 'NONE',  ( -70.95856703744301797, 114.4986989289649841, 132.9799320695200890 ) ) ;
#744 = CARTESIAN_POINT ( 'NONE',  ( -72.28852960328462984, 105.3119079817578267, 115.5054217592787325 ) ) ;
#745 = EDGE_LOOP ( 'NONE', ( #8079, #6233, #6351, #8914 ) ) ;
#746 = CARTESIAN_POINT ( 'NONE',  ( -84.32742463708304115, 130.7288631897455673, 97.44412166274776155 ) ) ;
#747 = VECTOR ( 'NONE', #5100, 1000.000000000000000 ) ;
#748 = CARTESIAN_POINT ( 'NONE',  ( -88.85704522538553363, 132.0584308027394798, 92.18902928018418663 ) ) ;
#749 = CARTESIAN_POINT ( 'NONE',  ( -88.55696963177703651, 113.1223810838911987, 134.7293940924165838 ) ) ;
#750 = CARTESIAN_POINT ( 'NONE',  ( -80.00589230830209431, 97.07543392098769175, 63.14013552227638826 ) ) ;
#751 = CARTESIAN_POINT ( 'NONE',  ( -80.06423860843767670, 83.19079107559433339, 163.7364092419529413 ) ) ;
#752 = ORIENTED_EDGE ( 'NONE', *, *, #5174, .F. ) ;
#753 = B_SPLINE_CURVE_WITH_KNOTS ( 'NONE', 3,
 ( #9556, #2775, #9794, #5955 ),
 .UNSPECIFIED., .F., .F.,
 ( 4, 4 ),
 ( 0.9229073743654928608, 1.000000000000000000 ),
 .UNSPECIFIED. ) ;
#754 = FACE_OUTER_BOUND ( 'NONE', #8089, .T. ) ;
#755 = EDGE_CURVE ( 'NONE', #8501, #4104, #6727, .T. ) ;
#756 = CARTESIAN_POINT ( 'NONE',  ( -81.13551337160311050, 151.6529316460847099, 70.99736879377149990 ) ) ;
#757 = CARTESIAN_POINT ( 'NONE',  ( -76.78852960328464405, 127.1682114851169985, 64.89507905005437749 ) ) ;
#758 = CARTESIAN_POINT ( 'NONE',  ( -74.78852960328464405, 72.89156952965954872, 151.3124884110394532 ) ) ;
#759 = AXIS2_PLACEMENT_3D ( 'NONE', #1361, #1417, #7433 ) ;
#760 = LINE ( 'NONE', #4118, #7551 ) ;
#761 = CARTESIAN_POINT ( 'NONE',  ( -79.55588966807002294, 141.5902721268178652, 62.09988842458017899 ) ) ;
#762 = CARTESIAN_POINT ( 'NONE',  ( -85.38948167856017335, 142.4153257255804021, 102.4992020105009658 ) ) ;
#763 = DIRECTION ( 'NONE',  ( 0.000000000000000000, 0.000000000000000000, -1.000000000000000000 ) ) ;
#764 = ORIENTED_EDGE ( 'NONE', *, *, #8251, .T. ) ;
#765 = CARTESIAN_POINT ( 'NONE',  ( -70.78852960328462984, 152.6347923053280056, 97.44223246188366261 ) ) ;
#766 = VERTEX_POINT ( 'NONE', #8687 ) ;
#767 = AXIS2_PLACEMENT_3D ( 'NONE', #2101, #523, #2005 ) ;
#768 = CARTESIAN_POINT ( 'NONE',  ( -72.28852960328462984, 112.8119080014294724, 135.0054217592787609 ) ) ;
#769 = CARTESIAN_POINT ( 'NONE',  ( -83.28174542313699646, 69.52754661180853191, 150.1752439292688166 ) ) ;
#770 = FACE_OUTER_BOUND ( 'NONE', #6181, .T. ) ;
#771 = CARTESIAN_POINT ( 'NONE',  ( -78.78852960328464405, 76.15705266684184949, 71.60109270175934171 ) ) ;
#772 = DIRECTION ( 'NONE',  ( 0.000000000000000000, 0.7071121459116520569, 0.7071014164207413133 ) ) ;
#773 = VECTOR ( 'NONE', #7002, 1000.000000000000000 ) ;
#774 = ORIENTED_EDGE ( 'NONE', *, *, #1706, .T. ) ;
#775 = CARTESIAN_POINT ( 'NONE',  ( -71.11341714089687116, 114.2047778761947256, 96.53538394362878705 ) ) ;
#776 = CARTESIAN_POINT ( 'NONE',  ( -90.75978334828334937, 88.44694255492633772, 116.1082530210409232 ) ) ;
#777 = EDGE_CURVE ( 'NONE', #8232, #2421, #8761, .T. ) ;
#778 = CARTESIAN_POINT ( 'NONE',  ( -84.17277269969059716, 144.7936400625526687, 152.9569602390110958 ) ) ;
#779 = CARTESIAN_POINT ( 'NONE',  ( -70.78852960328462984, 151.6586802554030555, 155.9887145288563204 ) ) ;
#780 = DIRECTION ( 'NONE',  ( 0.000000000000000000, -0.9977774101625509484, 0.06663512414119440730 ) ) ;
#781 = CARTESIAN_POINT ( 'NONE',  ( -84.40494632756994520, 130.4213744214642645, 129.1555406873704896 ) ) ;
#782 = FACE_OUTER_BOUND ( 'NONE', #745, .T. ) ;
#783 = EDGE_LOOP ( 'NONE', ( #9656, #1463, #6701, #5919 ) ) ;
#784 = CARTESIAN_POINT ( 'NONE',  ( -78.24343422757328881, 82.20759717433315927, 62.31522310668120213 ) ) ;
#785 = ADVANCED_FACE ( 'NONE', ( #1876, #4888 ), #442, .T. ) ;
#786 = ADVANCED_FACE ( 'NONE', ( #9353 ), #3660, .T. ) ;
#787 = EDGE_LOOP ( 'NONE', ( #6413, #7666, #7949, #8319 ) ) ;
#788 = FACE_OUTER_BOUND ( 'NONE', #6297, .T. ) ;
#789 = CARTESIAN_POINT ( 'NONE',  ( -74.78852960328464405, 74.23430613536913825, 152.2681882201588053 ) ) ;
#790 = B_SPLINE_CURVE_WITH_KNOTS ( 'NONE', 3,
 ( #8222, #5928, #7628, #1403 ),
 .UNSPECIFIED., .F., .F.,
 ( 4, 4 ),
 ( 0.000000000000000000, 0.0001494101403441448555 ),
 .UNSPECIFIED. ) ;
#791 = CARTESIAN_POINT ( 'NONE',  ( -79.47435938998228266, 127.0010709073010275, 61.89948737625367414 ) ) ;
#792 = ORIENTED_EDGE ( 'NONE', *, *, #3275, .F. ) ;
#793 = CARTESIAN_POINT ( 'NONE',  ( -88.78852960328462984, 0.000000000000000000, 0.000000000000000000 ) ) ;
#794 = VECTOR ( 'NONE', #5313, 1000.000000000000000 ) ;
#795 = CARTESIAN_POINT ( 'NONE',  ( -81.89607519042159822, 104.4471183989478220, 105.0493643056304194 ) ) ;
#796 = DIRECTION ( 'NONE',  ( 1.000000000000000000, 0.000000000000000000, 0.000000000000000000 ) ) ;
#797 = FACE_OUTER_BOUND ( 'NONE', #8112, .T. ) ;
#798 = CARTESIAN_POINT ( 'NONE',  ( -70.78852960328462984, 74.34390786165346299, 74.56507861618020172 ) ) ;
#799 = ORIENTED_EDGE ( 'NONE', *, *, #324, .F. ) ;
#800 = EDGE_CURVE ( 'NONE', #1842, #3666, #3834, .T. ) ;
#801 = CARTESIAN_POINT ( 'NONE',  ( -72.28852960328462984, 107.3119079817578267, 113.5054217592787325 ) ) ;
#802 = AXIS2_PLACEMENT_3D ( 'NONE', #9282, #6880, #8531 ) ;
#803 = VECTOR ( 'NONE', #3172, 1000.000000000000000 ) ;
#804 = CARTESIAN_POINT ( 'NONE',  ( -74.78852960328464405, 64.19427628200837432, 97.49400204904756606 ) ) ;
#805 = PLANE ( 'NONE',  #657 ) ;
#806 = DIRECTION ( 'NONE',  ( 0.000000000000000000, 0.000000000000000000, -1.000000000000000000 ) ) ;
#807 = CARTESIAN_POINT ( 'NONE',  ( -80.78852960328464405, 141.9419079817567138, 75.00574073170528777 ) ) ;
#808 = CARTESIAN_POINT ( 'NONE',  ( -84.31888137892634916, 130.8895411609939288, 97.41059908519264354 ) ) ;
#809 = DIRECTION ( 'NONE',  ( 1.000000000000000000, -0.000000000000000000, -0.000000000000000000 ) ) ;
#810 = VECTOR ( 'NONE', #4037, 1000.000000000000000 ) ;
#811 = VECTOR ( 'NONE', #3039, 1000.000000000000000 ) ;
#812 = DIRECTION ( 'NONE',  ( -0.000000000000000000, -0.000000000000000000, 1.000000000000000000 ) ) ;
#813 = DIRECTION ( 'NONE',  ( -1.000000000000000000, -0.000000000000000000, -0.000000000000000000 ) ) ;
#814 = B_SPLINE_CURVE_WITH_KNOTS ( 'NONE', 3,
 ( #6632, #6483, #480, #2954, #2204, #114, #2420, #5932, #6820, #6769 ),
 .UNSPECIFIED., .F., .F.,
 ( 4, 1, 2, 2, 1, 4 ),
 ( 0.000000000000000000, 0.5000000000001987299, 0.5625000000001962874, 0.6250000000001937339, 0.7500000000001292300, 1.000000000000000000 ),
 .UNSPECIFIED. ) ;
#815 = ORIENTED_EDGE ( 'NONE', *, *, #4181, .F. ) ;
#816 = ORIENTED_EDGE ( 'NONE', *, *, #717, .F. ) ;
#817 = CARTESIAN_POINT ( 'NONE',  ( -88.99749992958798828, 127.9152188398226855, 92.97820838703871971 ) ) ;
#818 = AXIS2_PLACEMENT_3D ( 'NONE', #2849, #4427, #5843 ) ;
#819 = CARTESIAN_POINT ( 'NONE',  ( -81.50537172287347687, 72.80908024501793818, 155.6370143082257869 ) ) ;
#820 = CARTESIAN_POINT ( 'NONE',  ( -79.91161949105281792, 93.82180134701356167, 62.91996297081104217 ) ) ;
#821 = CARTESIAN_POINT ( 'NONE',  ( -72.67005672917042602, 73.46801648530089324, 151.7227775467808044 ) ) ;
#822 = CARTESIAN_POINT ( 'NONE',  ( -78.78852960328464405, 67.14113267551647368, 88.78725280721268120 ) ) ;
#823 = CARTESIAN_POINT ( 'NONE',  ( -120.7885296032846441, 141.9419079817567138, 78.00574073170530198 ) ) ;
#824 = LINE ( 'NONE', #70, #2692 ) ;
#825 = VERTEX_POINT ( 'NONE', #3784 ) ;
#826 = CARTESIAN_POINT ( 'NONE',  ( -71.11098906787938745, 114.3090846901060189, 96.42171922342697599 ) ) ;
#827 = DIRECTION ( 'NONE',  ( 0.000000000000000000, 0.000000000000000000, 1.000000000000000000 ) ) ;
#828 = CYLINDRICAL_SURFACE ( 'NONE', #1899, 1.600000000000004086 ) ;
#829 = CARTESIAN_POINT ( 'NONE',  ( -90.48457965483974874, 112.3119079817578125, 105.0493643056304194 ) ) ;
#830 = LINE ( 'NONE', #3841, #2215 ) ;
#831 = CARTESIAN_POINT ( 'NONE',  ( -79.67734252100795800, 76.17736283913947659, 160.5885394793328942 ) ) ;
#832 = B_SPLINE_CURVE_WITH_KNOTS ( 'NONE', 2,
 ( #4441, #7488, #2862, #5247, #633 ),
 .UNSPECIFIED., .F., .F.,
 ( 3, 2, 3 ),
 ( 0.3695653016293748983, 0.5000000000000000000, 0.5854385200036713588 ),
 .UNSPECIFIED. ) ;
#833 = CARTESIAN_POINT ( 'NONE',  ( -72.28852960328462984, 113.3119079817578125, 112.0057617013668363 ) ) ;
#834 = FACE_OUTER_BOUND ( 'NONE', #2637, .T. ) ;
#835 = LINE ( 'NONE', #3846, #4614 ) ;
#836 = LINE ( 'NONE', #7505, #8225 ) ;
#837 = CARTESIAN_POINT ( 'NONE',  ( -85.28180471586044575, 124.2847020697518303, 125.0397050526831322 ) ) ;
#838 = LINE ( 'NONE', #8408, #8849 ) ;
#839 = DIRECTION ( 'NONE',  ( 1.000000000000000000, 0.000000000000000000, 0.000000000000000000 ) ) ;
#840 = ORIENTED_EDGE ( 'NONE', *, *, #6342, .T. ) ;
#841 = DIRECTION ( 'NONE',  ( 1.000000000000000000, -0.000000000000000000, -0.000000000000000000 ) ) ;
#842 = ORIENTED_EDGE ( 'NONE', *, *, #7159, .F. ) ;
#843 = CARTESIAN_POINT ( 'NONE',  ( -81.93801803131398742, 149.3011117503285163, 159.1386485930543699 ) ) ;
#844 = CARTESIAN_POINT ( 'NONE',  ( -70.78852960328462984, 72.33875401083153633, 71.76882887959072832 ) ) ;
#845 = PLANE ( 'NONE',  #4914 ) ;
#846 = VERTEX_POINT ( 'NONE', #6732 ) ;
#847 = CARTESIAN_POINT ( 'NONE',  ( -78.15447539729620985, 126.9627537494440475, 165.1088986199510487 ) ) ;
#848 = CARTESIAN_POINT ( 'NONE',  ( -84.94347278946514734, 125.5669705876644997, 100.1036541995224951 ) ) ;
#849 = EDGE_CURVE ( 'NONE', #4203, #988, #5810, .T. ) ;
#850 = EDGE_CURVE ( 'NONE', #7157, #2069, #9256, .T. ) ;
#851 = CARTESIAN_POINT ( 'NONE',  ( -84.34824275842643715, 133.6309159640421456, 129.3804998236556969 ) ) ;
#852 = DIRECTION ( 'NONE',  ( 1.000000000000000000, 0.000000000000000000, 0.000000000000000000 ) ) ;
#853 = CARTESIAN_POINT ( 'NONE',  ( -88.93377112054047018, 113.3119079182402089, 115.5026121012019473 ) ) ;
#854 = CARTESIAN_POINT ( 'NONE',  ( -78.78852960328467248, 66.92042882011546112, 137.6377740973349546 ) ) ;
#855 = ORIENTED_EDGE ( 'NONE', *, *, #52, .F. ) ;
#856 = CARTESIAN_POINT ( 'NONE',  ( -86.69593003848908097, 105.3119079817578267, 131.5054217592787609 ) ) ;
#857 = CARTESIAN_POINT ( 'NONE',  ( -73.28852960328462984, 111.3119079817577983, 133.5054217592787609 ) ) ;
#858 = CARTESIAN_POINT ( 'NONE',  ( -78.30405920295423527, 121.9316418635762744, 164.7629045516205508 ) ) ;
#859 = EDGE_CURVE ( 'NONE', #1830, #5010, #5402, .T. ) ;
#860 = CARTESIAN_POINT ( 'NONE',  ( -71.24752686044574546, 67.77789701040192938, 146.9305455294119440 ) ) ;
#861 = DIRECTION ( 'NONE',  ( -1.000000000000000000, -0.000000000000000000, -0.000000000000000000 ) ) ;
#862 = CARTESIAN_POINT ( 'NONE',  ( -88.43766197637984305, 156.0968015406053553, 104.3582234318950981 ) ) ;
#863 = EDGE_CURVE ( 'NONE', #1613, #9364, #5345, .T. ) ;
#864 = CARTESIAN_POINT ( 'NONE',  ( -88.15385674705449048, 112.0921172037340625, 134.1279696671905128 ) ) ;
#865 = CARTESIAN_POINT ( 'NONE',  ( -84.30186582727745304, 134.9355419258246229, 97.34388663988461587 ) ) ;
#866 = CARTESIAN_POINT ( 'NONE',  ( -70.79081213193764199, 115.1867931302951717, 97.33238469920351577 ) ) ;
#867 = VERTEX_POINT ( 'NONE', #914 ) ;
#868 = ORIENTED_EDGE ( 'NONE', *, *, #3565, .T. ) ;
#869 = CARTESIAN_POINT ( 'NONE',  ( -79.73097921336305660, 85.61265514470701987, 164.5092732597555312 ) ) ;
#870 = CARTESIAN_POINT ( 'NONE',  ( -86.18228838357889288, 64.14445039492774470, 138.7772168076682249 ) ) ;
#871 = FACE_OUTER_BOUND ( 'NONE', #5947, .T. ) ;
#872 = CARTESIAN_POINT ( 'NONE',  ( -89.02574389034204216, 138.6657793761375217, 93.14102478585046185 ) ) ;
#873 = CARTESIAN_POINT ( 'NONE',  ( -83.38852960328463837, 140.8309159640421626, 131.0804998236556571 ) ) ;
#874 = DIRECTION ( 'NONE',  ( 0.000000000000000000, 0.000000000000000000, -1.000000000000000000 ) ) ;
#875 = DIRECTION ( 'NONE',  ( 0.000000000000000000, -1.000000000000000000, 0.000000000000000000 ) ) ;
#876 = CARTESIAN_POINT ( 'NONE',  ( -74.78852960328464405, 74.23361122900290354, 74.74380810570717415 ) ) ;
#877 = ORIENTED_EDGE ( 'NONE', *, *, #6575, .F. ) ;
#878 = CARTESIAN_POINT ( 'NONE',  ( -70.86059497545181785, 114.9100487871462803, 96.89897044519470626 ) ) ;
#879 = B_SPLINE_CURVE_WITH_KNOTS ( 'NONE', 3,
 ( #6039, #5249, #4530, #4678 ),
 .UNSPECIFIED., .F., .F.,
 ( 4, 4 ),
 ( 0.000000000000000000, 0.0001477820749339636859 ),
 .UNSPECIFIED. ) ;
#880 = B_SPLINE_CURVE_WITH_KNOTS ( 'NONE', 3,
 ( #3518, #3331, #8063, #1853 ),
 .UNSPECIFIED., .F., .F.,
 ( 4, 4 ),
 ( 0.000000000000000000, 0.0001477821523272795088 ),
 .UNSPECIFIED. ) ;
#881 = CARTESIAN_POINT ( 'NONE',  ( -84.56746999446428958, 128.3931303826493888, 128.4901377487596221 ) ) ;
#882 = EDGE_CURVE ( 'NONE', #3282, #1419, #3005, .T. ) ;
#883 = CARTESIAN_POINT ( 'NONE',  ( -83.38852960328463837, 120.3309159640421484, 126.0804998236556855 ) ) ;
#884 = DIRECTION ( 'NONE',  ( 1.000000000000000000, 0.000000000000000000, -0.000000000000000000 ) ) ;
#885 = CARTESIAN_POINT ( 'NONE',  ( -84.76671308449769526, 126.8704344812699389, 127.6243575999844495 ) ) ;
#886 = CARTESIAN_POINT ( 'NONE',  ( -74.78852960328464405, 63.68723676451637772, 126.8417183531610988 ) ) ;
#887 = CARTESIAN_POINT ( 'NONE',  ( -89.49972963970026285, 113.2869438945786698, 96.06148276594618096 ) ) ;
#888 = VERTEX_POINT ( 'NONE', #1565 ) ;
#889 = CARTESIAN_POINT ( 'NONE',  ( -90.61001005408840570, 147.8939197522231837, 107.0249134542453362 ) ) ;
#890 = VERTEX_POINT ( 'NONE', #1675 ) ;
#891 = DIRECTION ( 'NONE',  ( 0.000000000000000000, 0.000000000000000000, -1.000000000000000000 ) ) ;
#892 = ORIENTED_EDGE ( 'NONE', *, *, #9175, .F. ) ;
#893 = CARTESIAN_POINT ( 'NONE',  ( -84.96622315382069246, 125.4554628027035932, 100.2138188887935257 ) ) ;
#894 = B_SPLINE_SURFACE_WITH_KNOTS ( 'NONE', 2, 1, ( 
 ( #6815, #3089 ),
 ( #4520, #758 ),
 ( #1607, #4621 ),
 ( #6712, #2466 ),
 ( #1709, #4713 ) ),
 .UNSPECIFIED., .F., .F., .F.,
 ( 3, 2, 3 ),
 ( 2, 2 ),
 ( 0.3695652999823710871, 0.5000000000000000000, 0.5854385200036713588 ),
 ( 0.000000000000000000, 1.000000000000000000 ),
 .UNSPECIFIED. ) ;
#895 = CARTESIAN_POINT ( 'NONE',  ( -89.04106597271056955, 138.8862364536103087, 93.22967209583508463 ) ) ;
#896 = CARTESIAN_POINT ( 'NONE',  ( -74.78852960328464405, 141.9419079817567138, 76.60574073170529630 ) ) ;
#897 = DIRECTION ( 'NONE',  ( 0.000000000000000000, 0.000000000000000000, 1.000000000000000000 ) ) ;
#898 = ORIENTED_EDGE ( 'NONE', *, *, #9117, .T. ) ;
#899 = CARTESIAN_POINT ( 'NONE',  ( -74.78852960328464405, 68.36474617724657321, 141.3992330477624364 ) ) ;
#900 = CARTESIAN_POINT ( 'NONE',  ( -88.85704443486936555, 132.5309159640421797, 92.18901621958045212 ) ) ;
#901 = ADVANCED_FACE ( 'NONE', ( #8388 ), #5998, .T. ) ;
#902 = CARTESIAN_POINT ( 'NONE',  ( -84.36464311870660993, 134.7772097901893744, 129.3159505206656945 ) ) ;
#903 = CARTESIAN_POINT ( 'NONE',  ( -89.97298112650757673, 112.0921314469624832, 113.1112673902297701 ) ) ;
#904 = CARTESIAN_POINT ( 'NONE',  ( -81.25415324445521037, 151.6439850281383599, 156.0558185630545722 ) ) ;
#905 = CARTESIAN_POINT ( 'NONE',  ( -84.51555065087602259, 137.8209278834825113, 98.20030022216013776 ) ) ;
#906 = AXIS2_PLACEMENT_3D ( 'NONE', #1484, #5120, #7457 ) ;
#907 = ORIENTED_EDGE ( 'NONE', *, *, #9391, .F. ) ;
#908 = VERTEX_POINT ( 'NONE', #3054 ) ;
#909 = EDGE_CURVE ( 'NONE', #1842, #197, #9071, .T. ) ;
#910 = DIRECTION ( 'NONE',  ( 1.000000000000000000, -0.000000000000000000, -0.000000000000000000 ) ) ;
#911 = CIRCLE ( 'NONE', #3130, 9.999999999999968026 ) ;
#912 = CARTESIAN_POINT ( 'NONE',  ( -72.46957108616547316, 72.66607391328024335, 151.2513602015075946 ) ) ;
#913 = CARTESIAN_POINT ( 'NONE',  ( -72.28852960328462984, 114.8119079817578125, 133.0057022706699570 ) ) ;
#914 = CARTESIAN_POINT ( 'NONE',  ( -78.41501825023497929, 81.41141280376652389, 62.82207159945092911 ) ) ;
#915 = CARTESIAN_POINT ( 'NONE',  ( -79.92511838033288996, 76.37189716462080469, 66.19725483898282903 ) ) ;
#916 = ORIENTED_EDGE ( 'NONE', *, *, #8341, .T. ) ;
#917 = CARTESIAN_POINT ( 'NONE',  ( -70.96577456740034506, 114.6465118473472131, 96.61906854630021257 ) ) ;
#918 = AXIS2_PLACEMENT_3D ( 'NONE', #2509, #6369, #2557 ) ;
#919 = CARTESIAN_POINT ( 'NONE',  ( -70.78852960328462984, 152.9298351875889921, 127.4901718588423734 ) ) ;
#920 = CARTESIAN_POINT ( 'NONE',  ( -84.05238877615515491, 144.6483691192901802, 153.3142752259929296 ) ) ;
#921 = CARTESIAN_POINT ( 'NONE',  ( -85.56056773968403206, 123.2298055779744175, 103.6040446396396248 ) ) ;
#922 = AXIS2_PLACEMENT_3D ( 'NONE', #5623, #4166, #3420 ) ;
#923 = DIRECTION ( 'NONE',  ( 0.000000000000000000, 1.000000000000000000, 0.000000000000000000 ) ) ;
#924 = CARTESIAN_POINT ( 'NONE',  ( -70.78852960328462984, 141.5581117127231039, 70.92190020000548145 ) ) ;
#925 = CARTESIAN_POINT ( 'NONE',  ( -88.78852960328462984, 112.3119079817578125, 91.96147921292704552 ) ) ;
#926 = CARTESIAN_POINT ( 'NONE',  ( -85.23176840017846700, 124.4846410194153634, 125.3194383035558843 ) ) ;
#927 = FACE_OUTER_BOUND ( 'NONE', #8342, .T. ) ;
#928 = ORIENTED_EDGE ( 'NONE', *, *, #2378, .F. ) ;
#929 = CARTESIAN_POINT ( 'NONE',  ( -77.93975271300267593, 84.89835415745054092, 61.43384092609363023 ) ) ;
#930 = ORIENTED_EDGE ( 'NONE', *, *, #2850, .F. ) ;
#931 = CARTESIAN_POINT ( 'NONE',  ( -81.07727440851346046, 151.6540587442249546, 155.6848021234523571 ) ) ;
#932 = CIRCLE ( 'NONE', #1415, 2.000000000000005329 ) ;
#933 = VERTEX_POINT ( 'NONE', #2264 ) ;
#934 = LINE ( 'NONE', #8419, #1121 ) ;
#935 = CARTESIAN_POINT ( 'NONE',  ( -85.43371674441911523, 123.6040644696168158, 102.7707543527651097 ) ) ;
#936 =( BOUNDED_SURFACE ( )  B_SPLINE_SURFACE ( 3, 2, ( 
 ( #6673, #4957, #9723 ),
 ( #5934, #484, #3480 ),
 ( #5744, #9540, #260 ),
 ( #5287, #310, #6772 ),
 ( #996, #3326, #8508 ),
 ( #5191, #8974, #3973 ),
 ( #5473, #9773, #5534 ),
 ( #8563, #7828, #2996 ),
 ( #3048, #9063, #8231 ),
 ( #11, #5987, #2303 ),
 ( #7777, #4486, #6718 ),
 ( #9020, #7478, #6265 ),
 ( #9316, #8320, #1553 ),
 ( #721, #2255, #5242 ),
 ( #3729, #4704, #7726 ),
 ( #9262, #943, #4021 ),
 ( #1462, #8281, #6220 ),
 ( #7022, #1041, #4061 ) ),
 .UNSPECIFIED., .F., .F., .T. ) 
 B_SPLINE_SURFACE_WITH_KNOTS ( ( 4, 2, 2, 2, 2, 2, 2, 2, 4 ),
 ( 3, 3 ),
 ( -1.536980499469708938E-09, 0.0009582040536355181624, 0.001437306848943526979, 0.001916409644251535795, 0.002395512439559544828, 0.002874615234867553427, 0.003832820825483571059, 0.005749232006715606323, 0.007665643187947641587 ),
 ( 0.000000000000000000, 1.000000000000000000 ),
 .UNSPECIFIED. ) 
 GEOMETRIC_REPRESENTATION_ITEM ( )  RATIONAL_B_SPLINE_SURFACE ( (
 ( 1.000000000000000000, 0.7071067787960866324, 1.000000000000000000),
 ( 1.000000000000000000, 0.7075896278225167757, 1.000000000000000000),
 ( 1.000000000000000000, 0.7151211327302277043, 1.000000000000000000),
 ( 1.000000000000000000, 0.7341415600368488281, 1.000000000000000000),
 ( 1.000000000000000000, 0.7417376917643998535, 1.000000000000000000),
 ( 1.000000000000000000, 0.7583168980384145108, 1.000000000000000000),
 ( 1.000000000000000000, 0.7673500420449930193, 1.000000000000000000),
 ( 1.000000000000000000, 0.7863007568832121041, 1.000000000000000000),
 ( 1.000000000000000000, 0.7962553537954698557, 1.000000000000000000),
 ( 1.000000000000000000, 0.8160752240620429143, 1.000000000000000000),
 ( 1.000000000000000000, 0.8259994982463478852, 1.000000000000000000),
 ( 1.000000000000000000, 0.8553327116749483983, 1.000000000000000000),
 ( 1.000000000000000000, 0.8744210486772809876, 1.000000000000000000),
 ( 1.000000000000000000, 0.9264159317384186298, 1.000000000000000000),
 ( 1.000000000000000000, 0.9537173709792982068, 1.000000000000000000),
 ( 1.000000000000000000, 0.9907347406355643260, 1.000000000000000000),
 ( 1.000000000000000000, 0.9999494867324300040, 1.000000000000000000),
 ( 1.000000000000000000, 1.000000000000000000, 1.000000000000000000) ) ) 
 REPRESENTATION_ITEM ( '' )  SURFACE ( )  );
#937 = DIRECTION ( 'NONE',  ( 1.000000000000000000, -0.000000000000000000, -0.000000000000000000 ) ) ;
#938 = CARTESIAN_POINT ( 'NONE',  ( -90.76830146906615937, 115.3119079817578125, 111.3240076166697889 ) ) ;
#939 = CARTESIAN_POINT ( 'NONE',  ( -84.30622834420400125, 134.9418125429668294, 97.36139527605834587 ) ) ;
#940 = CARTESIAN_POINT ( 'NONE',  ( -79.91335314672517143, 129.7590033952700708, 164.0865485492831795 ) ) ;
#941 = AXIS2_PLACEMENT_3D ( 'NONE', #90, #6110, #7562 ) ;
#942 = CYLINDRICAL_SURFACE ( 'NONE', #2725, 3.000000000000002665 ) ;
#943 = CARTESIAN_POINT ( 'NONE',  ( -90.70300192085633739, 103.9905363646529395, 112.1546416720216683 ) ) ;
#944 = EDGE_LOOP ( 'NONE', ( #6247, #7816, #2978, #8276 ) ) ;
#945 = CARTESIAN_POINT ( 'NONE',  ( -69.74836691017675605, 74.23430613536932299, 152.2681882201591463 ) ) ;
#946 = CARTESIAN_POINT ( 'NONE',  ( -69.74836691017675605, 63.04341885432508974, 103.4951934469169004 ) ) ;
#947 = CARTESIAN_POINT ( 'NONE',  ( -54.78852960328462984, 1.941907981756710200, 82.00574073170528777 ) ) ;
#948 = AXIS2_PLACEMENT_3D ( 'NONE', #4381, #4428, #7981 ) ;
#949 = CARTESIAN_POINT ( 'NONE',  ( -89.98383809372850806, 115.3119079817578267, 127.8744310440730345 ) ) ;
#950 = B_SPLINE_CURVE_WITH_KNOTS ( 'NONE', 3,
 ( #4344, #4298, #1134, #6402, #9591, #2813, #5799, #6350, #8643, #7911, #2865, #3700, #3055, #5252, #5904, #1368, #2121, #5109, #8289, #6040, #4391, #6684, #9693, #2220, #2311, #3648, #8937, #2165, #7493, #729, #6734, #3890, #7699, #5404, #176, #8439, #1777, #7595, #6832, #5347, #3210, #4782 ),
 .UNSPECIFIED., .F., .F.,
 ( 4, 2, 2, 2, 2, 2, 2, 2, 2, 2, 2, 2, 2, 2, 2, 2, 2, 2, 2, 2, 4 ),
 ( 0.000000000000000000, 0.06250000000000636990, 0.1250000000000127398, 0.1562500000000159039, 0.1875000000000190403, 0.2187500000000222045, 0.2500000000000253686, 0.3125000000000283107, 0.3750000000000311973, 0.4062500000000319744, 0.4375000000000326961, 0.5000000000000304201, 0.5625000000000293099, 0.6250000000000283107, 0.6562500000000277556, 0.6875000000000273115, 0.7500000000000232037, 0.7812500000000199840, 0.8125000000000167644, 0.8750000000000112133, 1.000000000000000000 ),
 .UNSPECIFIED. ) ;
#951 = CARTESIAN_POINT ( 'NONE',  ( -79.61787026789818356, 76.95974397416119928, 65.65599012386209665 ) ) ;
#952 = DIRECTION ( 'NONE',  ( 0.000000000000000000, -0.06663512414119988903, -0.9977774101625507264 ) ) ;
#953 = FACE_OUTER_BOUND ( 'NONE', #8378, .T. ) ;
#954 = VERTEX_POINT ( 'NONE', #1516 ) ;
#955 = AXIS2_PLACEMENT_3D ( 'NONE', #4491, #9783, #8285 ) ;
#956 = CARTESIAN_POINT ( 'NONE',  ( -84.70032282507911248, 139.2184645678692902, 98.98716640561467273 ) ) ;
#957 = VECTOR ( 'NONE', #4191, 1000.000000000000000 ) ;
#958 = ORIENTED_EDGE ( 'NONE', *, *, #7012, .F. ) ;
#959 = ORIENTED_EDGE ( 'NONE', *, *, #1396, .T. ) ;
#960 = CARTESIAN_POINT ( 'NONE',  ( -88.89186826806981401, 130.1898224606707402, 92.38183495977732207 ) ) ;
#961 = CARTESIAN_POINT ( 'NONE',  ( -84.74780517460661144, 139.1659271563229368, 127.7089912638488016 ) ) ;
#962 = AXIS2_PLACEMENT_3D ( 'NONE', #1981, #1288, #4352 ) ;
#963 = VECTOR ( 'NONE', #1124, 1000.000000000000000 ) ;
#964 = DIRECTION ( 'NONE',  ( 1.000000000000000000, 0.000000000000000000, 0.000000000000000000 ) ) ;
#965 = EDGE_CURVE ( 'NONE', #3377, #5241, #879, .T. ) ;
#966 = ADVANCED_FACE ( 'NONE', ( #69 ), #4583, .F. ) ;
#967 = CARTESIAN_POINT ( 'NONE',  ( -78.81401425783195691, 79.92994386324063782, 163.2459948015551277 ) ) ;
#968 = DIRECTION ( 'NONE',  ( 0.000000000000000000, 0.000000000000000000, -1.000000000000000000 ) ) ;
#969 = CARTESIAN_POINT ( 'NONE',  ( -74.78852960328462984, 63.89819727023044038, 127.9355607719412120 ) ) ;
#970 = ORIENTED_EDGE ( 'NONE', *, *, #7350, .T. ) ;
#971 = CARTESIAN_POINT ( 'NONE',  ( -70.78852960328462984, 115.2085544761548022, 97.39730921887696979 ) ) ;
#972 = VECTOR ( 'NONE', #4019, 1000.000000000000000 ) ;
#973 = CARTESIAN_POINT ( 'NONE',  ( -79.64625472315316301, 76.93581473545648919, 161.3389625190120853 ) ) ;
#974 = AXIS2_PLACEMENT_3D ( 'NONE', #5876, #5523, #141 ) ;
#975 = CARTESIAN_POINT ( 'NONE',  ( -90.78435011494265439, 61.28236098201817583, 114.6240481357399830 ) ) ;
#976 = EDGE_CURVE ( 'NONE', #8355, #9427, #4234, .T. ) ;
#977 = DIRECTION ( 'NONE',  ( 0.000000000000000000, 0.000000000000000000, 1.000000000000000000 ) ) ;
#978 = FACE_OUTER_BOUND ( 'NONE', #4585, .T. ) ;
#979 = CARTESIAN_POINT ( 'NONE',  ( -83.49766611018139884, 141.1315786303411528, 72.09007739556182059 ) ) ;
#980 = CARTESIAN_POINT ( 'NONE',  ( -76.78852960328464405, 141.0781728677007720, 163.0725428431005923 ) ) ;
#981 = CARTESIAN_POINT ( 'NONE',  ( -83.38852960328463837, 128.8367218251632096, 95.58049982365568553 ) ) ;
#982 = CARTESIAN_POINT ( 'NONE',  ( -85.01805250665634617, 125.4460797513047510, 126.4377735372846132 ) ) ;
#983 = LINE ( 'NONE', #5570, #6590 ) ;
#984 = ORIENTED_EDGE ( 'NONE', *, *, #9375, .T. ) ;
#985 = CARTESIAN_POINT ( 'NONE',  ( -78.78852960328464405, 149.4224006056927863, 152.2039154387895792 ) ) ;
#986 = CARTESIAN_POINT ( 'NONE',  ( -90.61001005408840570, 118.2679121758610847, 107.0249134542453362 ) ) ;
#987 = CARTESIAN_POINT ( 'NONE',  ( -70.79948860070122407, 115.1086426252502974, 132.4915526251208462 ) ) ;
#988 = VERTEX_POINT ( 'NONE', #6881 ) ;
#989 = CARTESIAN_POINT ( 'NONE',  ( -80.88080390495809979, 151.6745258003434742, 156.3577753586184542 ) ) ;
#990 = DIRECTION ( 'NONE',  ( -0.1706384739248162641, 0.000000000000000000, -0.9853337055112900700 ) ) ;
#991 = ORIENTED_EDGE ( 'NONE', *, *, #4825, .T. ) ;
#992 = CARTESIAN_POINT ( 'NONE',  ( -84.73783055162157041, 139.4586841287285210, 99.15252683879893425 ) ) ;
#993 = CARTESIAN_POINT ( 'NONE',  ( -82.66794338514075946, 113.2054154652014262, 92.05615493814583772 ) ) ;
#994 = CARTESIAN_POINT ( 'NONE',  ( -78.78852960328462984, 66.98429184024418248, 137.8034478646823970 ) ) ;
#995 = CARTESIAN_POINT ( 'NONE',  ( -88.81559007205517275, 112.5429678626782817, 91.96147921292704552 ) ) ;
#996 = CARTESIAN_POINT ( 'NONE',  ( -89.39642466554113298, 105.2143119539236125, 115.2995291653748922 ) ) ;
#997 = CARTESIAN_POINT ( 'NONE',  ( -90.74851039941897568, 114.5273072581728258, 111.8703100635632381 ) ) ;
#998 = ORIENTED_EDGE ( 'NONE', *, *, #7808, .F. ) ;
#999 = CARTESIAN_POINT ( 'NONE',  ( -74.78852960328464405, 141.9419079817567138, 73.40574073170529346 ) ) ;
#1000 = CARTESIAN_POINT ( 'NONE',  ( -70.78852960328462984, 152.9943727267665849, 126.2510169357570220 ) ) ;
#1001 = CARTESIAN_POINT ( 'NONE',  ( -73.28852960328462984, 111.3119079817578267, 115.5054217592787467 ) ) ;
#1002 =( BOUNDED_SURFACE ( )  B_SPLINE_SURFACE ( 2, 3, ( 
 ( #3284, #9376, #5385, #5582, #7878, #462, #556, #5821, #4170, #3617, #2284, #5222, #8261, #6800, #2891, #4511, #3071, #4015, #4803, #7011, #7665, #3119, #143, #9410, #6546, #2819, #4160, #5664, #7160, #6452, #9511, #7498, #5207, #3012, #9738, #6004, #1521, #2073, #2128, #5503, #1629, #6391, #2625, #2013, #5647, #4923, #1220, #7432, #5849, #624, #3691, #5938, #1467, #1556, #5491, #7530, #1669, #2362, #3779, #3830, #16, #9231, #7692, #4365, #599, #4774, #1109, #7791, #4034, #6281, #5550, #42, #6059, #8164 ),
 ( #1740, #4748, #4695, #1694, #5575, #8607, #1646, #7667, #202, #4974, #5620, #6409, #497, #5763, #5806, #2319, #8248, #3015, #2928, #2170, #7451, #2131, #5305, #4043, #9244, #5456, #6893, #4882, #2803, #5649, #3440, #4337, #725, #6724, #9780, #2259, #8184, #3145, #2425, #1013, #5395, #6935, #3989, #6987, #8324, #9534, #3389, #4183, #2001, #7317, #7518, #8116, #7359, #9764, #6666, #3979, #4618, #3085, #1657, #6069, #6173, #9706, #8954, #4464, #5818, #8104, #2084, #1491, #4361, #2543, #2450, #198, #2391, #5318 ),
 ( #6212, #1082, #7110, #6306, #2639, #5159, #9735, #2971, #5205, #3142, #3544, #1860, #2518, #9229, #8525, #1667, #1764, #4000, #77, #6146, #6097, #4786, #3302, #9345, #8729, #4960, #7149, #344, #1221, #4236, #6490, #55, #4617, #2293, #9763, #5386, #2195, #3131, #9158, #317, #7128, #2464, #8469, #5129, #2041, #512, #5725, #1297, #1393, #9663, #6562, #2894, #8213, #4470, #2939, #2983, #4514, #7567, #2641, #1741, #3370, #4056, #9211, #2596, #4749, #9308, #2547, #1798, #2875, #6505, #8697, #450, #1376, #646 ) ),
 .UNSPECIFIED., .F., .F., .T. ) 
 B_SPLINE_SURFACE_WITH_KNOTS ( ( 3, 3 ),
 ( 4, 2, 2, 2, 2, 2, 2, 2, 2, 2, 2, 2, 2, 2, 2, 2, 2, 2, 2, 2, 2, 2, 2, 2, 2, 2, 2, 2, 2, 2, 2, 2, 2, 2, 2, 2, 4 ),
 ( 0.000000000000000000, 1.000000000000000000 ),
 ( -0.01012419773562239951, -0.008200932818502683352, -0.007239300359942824406, -0.006277667901382965460, -0.002431138067143530975, -0.001469505608583672462, -0.0009886893793037432061, -0.0007482812646637784695, -0.0005078731500238138413, -2.705692074388455783E-05, 0.0004537593085360447256, 0.001415391767095903293, 0.005261921601335337560, 0.02064804093829307463, 0.02834110060677194273, 0.03218763044101137505, 0.03411089535813109641, 0.03603416027525081083, 0.05142027961220854704, 0.05526680944644798282, 0.05911333928068741861, 0.06680639894916629018, 0.07065292878340571903, 0.07449945861764514787, 0.08219251828612401944, 0.09757863762308174871, 0.1014251674573211914, 0.1023867999158810521, 0.1028676161451609894, 0.1033484323744409128, 0.1038292486037208362, 0.1043100648330007596, 0.1052716972915606203, 0.1091182271258000491, 0.1100798595843599098, 0.1110414920429197705, 0.1129647569600394919 ),
 .UNSPECIFIED. ) 
 GEOMETRIC_REPRESENTATION_ITEM ( )  RATIONAL_B_SPLINE_SURFACE ( (
 ( 1.000000000000000000, 1.000000000000000000, 1.000000000000000000, 1.000000000000000000, 1.000000000000000000, 1.000000000000000000, 1.000000000000000000, 1.000000000000000000, 1.000000000000000000, 1.000000000000000000, 1.000000000000000000, 1.000000000000000000, 1.000000000000000000, 1.000000000000000000, 1.000000000000000000, 1.000000000000000000, 1.000000000000000000, 1.000000000000000000, 1.000000000000000000, 1.000000000000000000, 1.000000000000000000, 1.000000000000000000, 1.000000000000000000, 1.000000000000000000, 1.000000000000000000, 1.000000000000000000, 1.000000000000000000, 1.000000000000000000, 1.000000000000000000, 1.000000000000000000, 1.000000000000000000, 1.000000000000000000, 1.000000000000000000, 1.000000000000000000, 1.000000000000000000, 1.000000000000000000, 1.000000000000000000, 1.000000000000000000, 1.000000000000000000, 1.000000000000000000, 1.000000000000000000, 1.000000000000000000, 1.000000000000000000, 1.000000000000000000, 1.000000000000000000, 1.000000000000000000, 1.000000000000000000, 1.000000000000000000, 1.000000000000000000, 1.000000000000000000, 1.000000000000000000, 1.000000000000000000, 1.000000000000000000, 1.000000000000000000, 1.000000000000000000, 1.000000000000000000, 1.000000000000000000, 1.000000000000000000, 1.000000000000000000, 1.000000000000000000, 1.000000000000000000, 1.000000000000000000, 1.000000000000000000, 1.000000000000000000, 1.000000000000000000, 1.000000000000000000, 1.000000000000000000, 1.000000000000000000, 1.000000000000000000, 1.000000000000000000, 1.000000000000000000, 1.000000000000000000, 1.000000000000000000, 1.000000000000000000),
 ( 0.7867726179502656514, 0.7867726179502656514, 0.7867726179502674277, 0.7867726179502674277, 0.7862878990756775321, 0.7856796884798150638, 0.7853772838675756596, 0.7838528846774193148, 0.7826093608315610739, 0.7810243126993120510, 0.7807057712431757501, 0.7802256504089266631, 0.7800652253601726427, 0.7798240093106979520, 0.7797435075482915812, 0.7795823109823908359, 0.7795548027050279716, 0.7791285329391018921, 0.7788438069478759163, 0.7782732756363287541, 0.7779939850586531369, 0.7771462933703967568, 0.7765796315886750456, 0.7737390777331186742, 0.7714433026512066416, 0.7598806614664723735, 0.7503061293603224824, 0.7366842002597802086, 0.7322781928922661443, 0.7261484255268811916, 0.7241860289960807551, 0.7214072540794150834, 0.7205071202722499457, 0.7187811322584241047, 0.7179542742111086895, 0.7108647460142850649, 0.7071474845726942737, 0.7070970323037161220, 0.7073135327099305814, 0.7081814653886494559, 0.7088318138819883485, 0.7113798465417698891, 0.7138768065898469795, 0.7185478601970366475, 0.7202584447393991507, 0.7239366308391301796, 0.7259105268488271756, 0.7320714441083412405, 0.7365026906471870971, 0.7501971215019662687, 0.7598142970034843513, 0.7714105678235787522, 0.7737122121701517363, 0.7765590732787823747, 0.7771269452268343425, 0.7779763764998197662, 0.7782560342475551840, 0.7788277007136371610, 0.7791129923464376050, 0.7796824793549782529, 0.7797351618033512288, 0.7800574234032078280, 0.7802181670551789905, 0.7806992392252545265, 0.7810184089370331151, 0.7826065687135453919, 0.7838524870003062972, 0.7853797643057998101, 0.7856827669093949806, 0.7862921137124160298, 0.7867718557966865145, 0.7867718557966865145, 0.7867718557966861814, 0.7867718557966861814),
 ( 1.000000000000000000, 1.000000000000000000, 1.000000000000000000, 1.000000000000000000, 1.000000000000000000, 1.000000000000000000, 1.000000000000000000, 1.000000000000000000, 1.000000000000000000, 1.000000000000000000, 1.000000000000000000, 1.000000000000000000, 1.000000000000000000, 1.000000000000000000, 1.000000000000000000, 1.000000000000000000, 1.000000000000000000, 1.000000000000000000, 1.000000000000000000, 1.000000000000000000, 1.000000000000000000, 1.000000000000000000, 1.000000000000000000, 1.000000000000000000, 1.000000000000000000, 1.000000000000000000, 1.000000000000000000, 1.000000000000000000, 1.000000000000000000, 1.000000000000000000, 1.000000000000000000, 1.000000000000000000, 1.000000000000000000, 1.000000000000000000, 1.000000000000000000, 1.000000000000000000, 1.000000000000000000, 1.000000000000000000, 1.000000000000000000, 1.000000000000000000, 1.000000000000000000, 1.000000000000000000, 1.000000000000000000, 1.000000000000000000, 1.000000000000000000, 1.000000000000000000, 1.000000000000000000, 1.000000000000000000, 1.000000000000000000, 1.000000000000000000, 1.000000000000000000, 1.000000000000000000, 1.000000000000000000, 1.000000000000000000, 1.000000000000000000, 1.000000000000000000, 1.000000000000000000, 1.000000000000000000, 1.000000000000000000, 1.000000000000000000, 1.000000000000000000, 1.000000000000000000, 1.000000000000000000, 1.000000000000000000, 1.000000000000000000, 1.000000000000000000, 1.000000000000000000, 1.000000000000000000, 1.000000000000000000, 1.000000000000000000, 1.000000000000000000, 1.000000000000000000, 1.000000000000000000, 1.000000000000000000) ) ) 
 REPRESENTATION_ITEM ( '' )  SURFACE ( )  );
#1003 = CARTESIAN_POINT ( 'NONE',  ( -90.60398467847946335, 118.2679247065319856, 120.1127448110066780 ) ) ;
#1004 = EDGE_CURVE ( 'NONE', #6618, #1534, #316, .T. ) ;
#1005 =( NAMED_UNIT ( * ) PLANE_ANGLE_UNIT ( ) SI_UNIT ( $, .RADIAN. ) );
#1006 = CARTESIAN_POINT ( 'NONE',  ( -90.37535200004235492, 147.5249921061231646, 103.6346697242733939 ) ) ;
#1007 = ORIENTED_EDGE ( 'NONE', *, *, #3894, .F. ) ;
#1008 = CARTESIAN_POINT ( 'NONE',  ( -84.97179605660130619, 140.7333602094037985, 100.2409409987660496 ) ) ;
#1009 = ORIENTED_EDGE ( 'NONE', *, *, #9687, .F. ) ;
#1010 = EDGE_LOOP ( 'NONE', ( #7427, #1540, #8485, #4555 ) ) ;
#1011 = CARTESIAN_POINT ( 'NONE',  ( -82.52795534882272932, 76.03160690809724542, 69.42211012818135885 ) ) ;
#1012 = CARTESIAN_POINT ( 'NONE',  ( -73.28852960328462984, 107.3119079817578267, 115.5054217592787325 ) ) ;
#1013 = CARTESIAN_POINT ( 'NONE',  ( -90.68383033986158637, 59.46281505083060637, 108.3728895798280547 ) ) ;
#1014 = CARTESIAN_POINT ( 'NONE',  ( -79.67753244129583834, 76.17699971083271748, 66.42290143121243773 ) ) ;
#1015 = FACE_OUTER_BOUND ( 'NONE', #7559, .T. ) ;
#1016 = CARTESIAN_POINT ( 'NONE',  ( -81.89607519042159822, 104.4468056478177402, 105.0493643056304194 ) ) ;
#1017 = CARTESIAN_POINT ( 'NONE',  ( -76.78852960328464405, 141.5581117127231039, 70.92190020000548145 ) ) ;
#1018 = CARTESIAN_POINT ( 'NONE',  ( -79.80517586769366289, 76.22706184450393607, 66.36225630425045097 ) ) ;
#1019 = CARTESIAN_POINT ( 'NONE',  ( -80.00574577784107078, 97.07581006620711150, 163.8711439796479112 ) ) ;
#1020 = VERTEX_POINT ( 'NONE', #3151 ) ;
#1021 = CARTESIAN_POINT ( 'NONE',  ( -70.85643137019178539, 114.7337041091296328, 97.05446019911457256 ) ) ;
#1022 = CARTESIAN_POINT ( 'NONE',  ( -84.78852960328464405, 106.8293568147877721, 94.16542175927874325 ) ) ;
#1023 = EDGE_CURVE ( 'NONE', #4920, #4016, #7040, .T. ) ;
#1024 = CARTESIAN_POINT ( 'NONE',  ( -87.54654728381437678, 107.1747199720500987, 133.6928774991005469 ) ) ;
#1025 = CARTESIAN_POINT ( 'NONE',  ( -84.48067596265110524, 129.3110249438206836, 128.8493749843115381 ) ) ;
#1026 = VERTEX_POINT ( 'NONE', #3788 ) ;
#1027 = DIRECTION ( 'NONE',  ( 1.000000000000000000, -0.000000000000000000, -0.000000000000000000 ) ) ;
#1028 = CARTESIAN_POINT ( 'NONE',  ( -79.57943663257526623, 76.96010700503333624, 161.3554375618793131 ) ) ;
#1029 = CARTESIAN_POINT ( 'NONE',  ( -82.38252935176049618, 152.4120818045294357, 152.4061610551229080 ) ) ;
#1030 = DIRECTION ( 'NONE',  ( -1.000000000000000000, -0.000000000000000000, -0.000000000000000000 ) ) ;
#1031 = EDGE_LOOP ( 'NONE', ( #8161, #7355, #4801, #2704 ) ) ;
#1032 = CARTESIAN_POINT ( 'NONE',  ( -87.78852960328462984, 110.1293568147877693, 101.5041018525514289 ) ) ;
#1033 = VERTEX_POINT ( 'NONE', #2085 ) ;
#1034 = EDGE_CURVE ( 'NONE', #9640, #8518, #8797, .T. ) ;
#1035 = CARTESIAN_POINT ( 'NONE',  ( -83.38852960328463837, 140.8309159640421910, 100.5804998236556855 ) ) ;
#1036 = ADVANCED_FACE ( 'NONE', ( #834 ), #3163, .F. ) ;
#1037 = ORIENTED_EDGE ( 'NONE', *, *, #4179, .F. ) ;
#1038 = CARTESIAN_POINT ( 'NONE',  ( -84.71652586754707670, 139.3247795925110779, 99.05817159896697888 ) ) ;
#1039 = CARTESIAN_POINT ( 'NONE',  ( -71.60172796915021820, 113.6437480944708227, 96.41217772570297484 ) ) ;
#1040 = CARTESIAN_POINT ( 'NONE',  ( -78.78852960328464405, 64.46265309358248885, 96.74352454089512321 ) ) ;
#1041 = CARTESIAN_POINT ( 'NONE',  ( -90.77093277354373413, 103.3119079817578267, 111.4708323586715011 ) ) ;
#1042 = VERTEX_POINT ( 'NONE', #3956 ) ;
#1043 = CARTESIAN_POINT ( 'NONE',  ( -72.06701408601581704, 113.8838256638258883, 134.1279270462003126 ) ) ;
#1044 = DIRECTION ( 'NONE',  ( 0.000000000000000000, -0.000000000000000000, 1.000000000000000000 ) ) ;
#1045 = CARTESIAN_POINT ( 'NONE',  ( -90.26376599779901255, 112.6198474135039476, 112.8429923347808739 ) ) ;
#1046 = CARTESIAN_POINT ( 'NONE',  ( -80.06393292177054377, 83.19223801347307301, 63.27380148507774749 ) ) ;
#1047 = ORIENTED_EDGE ( 'NONE', *, *, #3746, .T. ) ;
#1048 = CARTESIAN_POINT ( 'NONE',  ( -89.98383809380335663, 105.3119079817578125, 127.8744310440770278 ) ) ;
#1049 = EDGE_CURVE ( 'NONE', #6279, #3426, #3219, .T. ) ;
#1050 = EDGE_LOOP ( 'NONE', ( #928, #10 ) ) ;
#1051 = ORIENTED_EDGE ( 'NONE', *, *, #8433, .F. ) ;
#1052 = B_SPLINE_SURFACE_WITH_KNOTS ( 'NONE', 2, 1, ( 
 ( #2023, #1274 ),
 ( #1971, #5707 ),
 ( #4930, #2684 ),
 ( #5657, #491 ),
 ( #9590, #6349 ) ),
 .UNSPECIFIED., .F., .F., .F.,
 ( 3, 2, 3 ),
 ( 2, 2 ),
 ( 0.4143334474881836815, 0.5000000000000000000, 0.6299848762710918981 ),
 ( 0.000000000000000000, 1.000000000000000000 ),
 .UNSPECIFIED. ) ;
#1053 = CARTESIAN_POINT ( 'NONE',  ( -89.77927119031369330, 113.4421400810824139, 113.3587446224661477 ) ) ;
#1054 = EDGE_CURVE ( 'NONE', #3399, #1263, #1122, .T. ) ;
#1055 = FACE_OUTER_BOUND ( 'NONE', #9431, .T. ) ;
#1056 = CARTESIAN_POINT ( 'NONE',  ( -70.78852960328462984, 86.78156815438114791, 71.25779513156508926 ) ) ;
#1057 = VECTOR ( 'NONE', #841, 1000.000000000000000 ) ;
#1058 = CARTESIAN_POINT ( 'NONE',  ( -89.81428336082754527, 144.9569457004784852, 128.6459521041132632 ) ) ;
#1059 = LINE ( 'NONE', #9387, #3333 ) ;
#1060 = DIRECTION ( 'NONE',  ( 1.000000000000000000, -0.000000000000000000, -0.000000000000000000 ) ) ;
#1061 = CARTESIAN_POINT ( 'NONE',  ( -85.33559541686615546, 140.5850728762706296, 77.68878432247133503 ) ) ;
#1062 = CARTESIAN_POINT ( 'NONE',  ( -84.28536839170108408, 133.6309159640421456, 97.28049982365568837 ) ) ;
#1063 = ORIENTED_EDGE ( 'NONE', *, *, #9575, .T. ) ;
#1064 = CARTESIAN_POINT ( 'NONE',  ( -70.83104335670242335, 114.9455992892186487, 97.02227254621733721 ) ) ;
#1065 = APPLICATION_PROTOCOL_DEFINITION ( 'draft international standard', 'automotive_design', 1998, #1946 ) ;
#1066 = CARTESIAN_POINT ( 'NONE',  ( -89.76701642688357197, 121.1825136645266099, 97.98222937972974478 ) ) ;
#1067 = EDGE_CURVE ( 'NONE', #9167, #6032, #6997, .T. ) ;
#1068 = CARTESIAN_POINT ( 'NONE',  ( -81.34544427818451595, 77.71320793954268424, 66.37141709857993987 ) ) ;
#1069 = AXIS2_PLACEMENT_3D ( 'NONE', #2569, #4775, #5595 ) ;
#1070 = CARTESIAN_POINT ( 'NONE',  ( -85.98964452594337615, 122.5309159640421086, 119.3804998236556827 ) ) ;
#1071 = DIRECTION ( 'NONE',  ( 0.000000000000000000, 0.000000000000000000, -1.000000000000000000 ) ) ;
#1072 = ORIENTED_EDGE ( 'NONE', *, *, #9618, .F. ) ;
#1073 = CARTESIAN_POINT ( 'NONE',  ( -71.28852960328462984, 114.8119079817578125, 132.7125299789917392 ) ) ;
#1074 = LINE ( 'NONE', #3362, #3808 ) ;
#1075 = CARTESIAN_POINT ( 'NONE',  ( -83.98849997543132417, 150.2778110582341355, 153.5115437934803992 ) ) ;
#1076 = CIRCLE ( 'NONE', #5641, 2.000000000000001776 ) ;
#1077 = CARTESIAN_POINT ( 'NONE',  ( -79.48414738087207354, 150.3833048580070226, 66.12404382660042756 ) ) ;
#1078 = EDGE_LOOP ( 'NONE', ( #9357, #3891, #8574, #8625 ) ) ;
#1079 = FACE_OUTER_BOUND ( 'NONE', #5624, .T. ) ;
#1080 = FACE_OUTER_BOUND ( 'NONE', #9539, .T. ) ;
#1081 = CARTESIAN_POINT ( 'NONE',  ( -78.78852960328464405, 87.24796103312279172, 64.27334972175202665 ) ) ;
#1082 = CARTESIAN_POINT ( 'NONE',  ( -78.54752579047736560, 82.78595053403074644, 167.1798987957572820 ) ) ;
#1083 = ORIENTED_EDGE ( 'NONE', *, *, #1881, .F. ) ;
#1084 = AXIS2_PLACEMENT_3D ( 'NONE', #1790, #1835, #6251 ) ;
#1085 = FACE_OUTER_BOUND ( 'NONE', #1495, .T. ) ;
#1086 = EDGE_CURVE ( 'NONE', #6355, #6241, #5951, .T. ) ;
#1087 = ADVANCED_FACE ( 'NONE', ( #4148 ), #282, .F. ) ;
#1088 = CARTESIAN_POINT ( 'NONE',  ( -84.78145447089293896, 139.7222106563818045, 99.34808860979966028 ) ) ;
#1089 = EDGE_CURVE ( 'NONE', #3986, #908, #9609, .T. ) ;
#1090 = CARTESIAN_POINT ( 'NONE',  ( -71.88146893904712442, 114.1182671147886936, 134.0593832449912952 ) ) ;
#1091 = CARTESIAN_POINT ( 'NONE',  ( -71.28852960328462984, 114.8119079817578125, 133.0057022706699570 ) ) ;
#1092 = CARTESIAN_POINT ( 'NONE',  ( -78.78852960328464405, 78.71924041441202746, 68.09220448043285501 ) ) ;
#1093 = CARTESIAN_POINT ( 'NONE',  ( -79.24841763821508778, 144.5999287572741991, 61.38808071753758355 ) ) ;
#1094 = DIRECTION ( 'NONE',  ( 0.000000000000000000, 0.06861641503411169962, 0.9976431163436485505 ) ) ;
#1095 = AXIS2_PLACEMENT_3D ( 'NONE', #5027, #3789, #75 ) ;
#1096 = ORIENTED_EDGE ( 'NONE', *, *, #5909, .T. ) ;
#1097 = CARTESIAN_POINT ( 'NONE',  ( -72.07810857547296735, 113.3842016025017330, 133.4718143590319244 ) ) ;
#1098 = LINE ( 'NONE', #6921, #3193 ) ;
#1099 = CARTESIAN_POINT ( 'NONE',  ( -72.28852960328462984, 114.4065520826906663, 134.2125299789917392 ) ) ;
#1100 = CARTESIAN_POINT ( 'NONE',  ( -79.72309535614131448, 76.92688826782010381, 65.68176800581083796 ) ) ;
#1101 = VECTOR ( 'NONE', #51, 1000.000000000000000 ) ;
#1102 = EDGE_CURVE ( 'NONE', #3995, #9430, #2677, .T. ) ;
#1103 = ORIENTED_EDGE ( 'NONE', *, *, #9209, .T. ) ;
#1104 = CARTESIAN_POINT ( 'NONE',  ( -90.54859520839801235, 114.3336994561003621, 113.4315505302176348 ) ) ;
#1105 = ORIENTED_EDGE ( 'NONE', *, *, #9653, .T. ) ;
#1106 = ORIENTED_EDGE ( 'NONE', *, *, #6272, .F. ) ;
#1107 = DIRECTION ( 'NONE',  ( -0.9701425001453327646, -0.2425356250363299160, 0.000000000000000000 ) ) ;
#1108 = CARTESIAN_POINT ( 'NONE',  ( -77.88642852730015420, 87.44784369544065328, 61.28001597468926320 ) ) ;
#1109 = CARTESIAN_POINT ( 'NONE',  ( -78.25198505128686577, 78.67111080321629402, 62.94909283397227995 ) ) ;
#1110 = CARTESIAN_POINT ( 'NONE',  ( -83.81531802013428489, 68.53991338765735009, 78.64100061176891643 ) ) ;
#1111 = CARTESIAN_POINT ( 'NONE',  ( -81.66851226688856968, 151.9772563395187888, 72.50033902593408186 ) ) ;
#1112 = VECTOR ( 'NONE', #6327, 1000.000000000000000 ) ;
#1113 = CARTESIAN_POINT ( 'NONE',  ( -85.53068485321057324, 142.7441736460035884, 123.5102622200152496 ) ) ;
#1114 = CARTESIAN_POINT ( 'NONE',  ( -81.24231980877694070, 148.4972721057323781, 66.11513284063619267 ) ) ;
#1115 = CARTESIAN_POINT ( 'NONE',  ( -82.56010247853831174, 130.8367218251632096, 94.75207269890948680 ) ) ;
#1116 = ORIENTED_EDGE ( 'NONE', *, *, #7577, .F. ) ;
#1117 = CARTESIAN_POINT ( 'NONE',  ( -70.83369240398027955, 114.9782890453278270, 97.00584273120632872 ) ) ;
#1118 = DIRECTION ( 'NONE',  ( -1.000000000000000000, -0.000000000000000000, -0.000000000000000000 ) ) ;
#1119 = AXIS2_PLACEMENT_3D ( 'NONE', #3297, #7696, #968 ) ;
#1120 = CYLINDRICAL_SURFACE ( 'NONE', #1131, 7.000000000000089706 ) ;
#1121 = VECTOR ( 'NONE', #9094, 1000.000000000000000 ) ;
#1122 = LINE ( 'NONE', #6392, #8493 ) ;
#1123 = CARTESIAN_POINT ( 'NONE',  ( -85.52119362384938484, 123.3408607785452347, 103.3377654098121781 ) ) ;
#1124 = DIRECTION ( 'NONE',  ( -0.000000000000000000, -1.000000000000000000, -0.000000000000000000 ) ) ;
#1125 = CARTESIAN_POINT ( 'NONE',  ( -89.92374460378619005, 113.6685573542746681, 114.7725100573145767 ) ) ;
#1126 = EDGE_LOOP ( 'NONE', ( #3637, #220 ) ) ;
#1127 = CARTESIAN_POINT ( 'NONE',  ( -70.78852960328462984, 97.00880636688182790, 64.92513930375201880 ) ) ;
#1128 = AXIS2_PLACEMENT_3D ( 'NONE', #5924, #2241, #7515 ) ;
#1129 = CARTESIAN_POINT ( 'NONE',  ( -88.54411957682242473, 104.7893308045058234, 132.8492427942181280 ) ) ;
#1130 = CARTESIAN_POINT ( 'NONE',  ( -88.90079750774678757, 76.17736283913947659, 160.5885394793328942 ) ) ;
#1131 = AXIS2_PLACEMENT_3D ( 'NONE', #6533, #7189, #394 ) ;
#1132 = FACE_BOUND ( 'NONE', #8058, .T. ) ;
#1133 = DIRECTION ( 'NONE',  ( 1.000000000000000000, -0.000000000000000000, -0.000000000000000000 ) ) ;
#1134 = CARTESIAN_POINT ( 'NONE',  ( -88.92662965133118291, 131.5952636801096673, 134.4344686096671069 ) ) ;
#1135 = VERTEX_POINT ( 'NONE', #9289 ) ;
#1136 = CARTESIAN_POINT ( 'NONE',  ( -79.80099819369797842, 81.67752399954336795, 164.3584802464946790 ) ) ;
#1137 = CARTESIAN_POINT ( 'NONE',  ( -76.78852960328464405, 87.24796103312279172, 64.27334972175202665 ) ) ;
#1138 = DIRECTION ( 'NONE',  ( 0.000000000000000000, 0.000000000000000000, -1.000000000000000000 ) ) ;
#1139 = CARTESIAN_POINT ( 'NONE',  ( -85.30106289958531818, 141.9503372821839946, 124.9291238876399746 ) ) ;
#1140 = VERTEX_POINT ( 'NONE', #3356 ) ;
#1141 = CARTESIAN_POINT ( 'NONE',  ( -85.40107561884624943, 142.7381159289877530, 149.1063921693900625 ) ) ;
#1142 = AXIS2_PLACEMENT_3D ( 'NONE', #8018, #3343, #611 ) ;
#1143 = CARTESIAN_POINT ( 'NONE',  ( -90.78852960328464405, 141.6586802556908822, 155.9887903978152224 ) ) ;
#1144 = CARTESIAN_POINT ( 'NONE',  ( -89.96667879688769176, 145.9826849663902522, 99.59907787219079012 ) ) ;
#1145 = CARTESIAN_POINT ( 'NONE',  ( -71.21116508784534460, 114.4717960378380468, 133.5056523221081193 ) ) ;
#1146 = CARTESIAN_POINT ( 'NONE',  ( -71.28852960328462984, 114.4065520826906663, 134.2125299789917392 ) ) ;
#1147 = CARTESIAN_POINT ( 'NONE',  ( -81.13850922653413988, 151.6547363190515512, 71.00560932249098300 ) ) ;
#1148 = ORIENTED_EDGE ( 'NONE', *, *, #572, .F. ) ;
#1149 = CARTESIAN_POINT ( 'NONE',  ( -71.31040910139292066, 114.0854463543687558, 133.5368701555544817 ) ) ;
#1150 = CARTESIAN_POINT ( 'NONE',  ( -80.22098101770316703, 107.0840865530349646, 63.64500167841934086 ) ) ;
#1151 = EDGE_CURVE ( 'NONE', #422, #7526, #9767, .T. ) ;
#1152 = EDGE_CURVE ( 'NONE', #4652, #7281, #9725, .T. ) ;
#1153 = CARTESIAN_POINT ( 'NONE',  ( -74.78852960328464405, 74.23361122905129150, 74.74380810562847444 ) ) ;
#1154 = ORIENTED_EDGE ( 'NONE', *, *, #187, .F. ) ;
#1155 = LINE ( 'NONE', #4130, #2575 ) ;
#1156 = ADVANCED_BREP_SHAPE_REPRESENTATION ( 'BackPiece', ( #1759, #5114, #8050, #6636 ), #8555 ) ;
#1157 = CARTESIAN_POINT ( 'NONE',  ( -78.78852960328464405, 113.3119079817578125, 96.20574073170529061 ) ) ;
#1158 = EDGE_LOOP ( 'NONE', ( #5217, #7970, #9579, #4821 ) ) ;
#1159 = ORIENTED_EDGE ( 'NONE', *, *, #2861, .T. ) ;
#1160 = FACE_OUTER_BOUND ( 'NONE', #7687, .T. ) ;
#1161 = EDGE_CURVE ( 'NONE', #4517, #3785, #5969, .T. ) ;
#1162 = ADVANCED_FACE ( 'NONE', ( #6060, #1339 ), #5922, .F. ) ;
#1163 = EDGE_CURVE ( 'NONE', #933, #85, #8549, .T. ) ;
#1164 = CARTESIAN_POINT ( 'NONE',  ( -89.56827367893396286, 122.7742521588832005, 130.4494184761153690 ) ) ;
#1165 = CARTESIAN_POINT ( 'NONE',  ( -82.84779430220885388, 104.6106713741016705, 104.9002509598858666 ) ) ;
#1166 = CARTESIAN_POINT ( 'NONE',  ( -82.17813648707777929, 152.2874088758375990, 73.98288523940216521 ) ) ;
#1167 = CARTESIAN_POINT ( 'NONE',  ( -89.06036364829961371, 138.2459526534915994, 133.6692803581271960 ) ) ;
#1168 = CARTESIAN_POINT ( 'NONE',  ( -89.24035161864019017, 141.1691249871317382, 94.41909825517116417 ) ) ;
#1169 = DIRECTION ( 'NONE',  ( -0.000000000000000000, -0.000000000000000000, -1.000000000000000000 ) ) ;
#1170 = CARTESIAN_POINT ( 'NONE',  ( -84.95946432079537658, 139.3187815152583084, 150.5371018496883551 ) ) ;
#1171 = CARTESIAN_POINT ( 'NONE',  ( -80.22655224727571976, 148.4274742743338606, 63.64912713788526588 ) ) ;
#1172 = EDGE_LOOP ( 'NONE', ( #9604, #7169, #1517, #5708 ) ) ;
#1173 = CARTESIAN_POINT ( 'NONE',  ( -70.82952961540078718, 114.9141540404743296, 97.04408249169843259 ) ) ;
#1174 = CARTESIAN_POINT ( 'NONE',  ( -78.05326752409159496, 145.7729885160546530, 165.1645495047552572 ) ) ;
#1175 = CARTESIAN_POINT ( 'NONE',  ( -70.79880142067118243, 115.0572161360721708, 132.4481494708289517 ) ) ;
#1176 = ADVANCED_FACE ( 'NONE', ( #531 ), #9583, .F. ) ;
#1177 = CARTESIAN_POINT ( 'NONE',  ( -83.46764645988618270, 141.9419079817875229, 155.0057407317052878 ) ) ;
#1178 = CARTESIAN_POINT ( 'NONE',  ( -85.17257346460016265, 124.5403395256550851, 101.2640503321837997 ) ) ;
#1179 = ADVANCED_FACE ( 'NONE', ( #3692, #3642 ), #3535, .T. ) ;
#1180 = ORIENTED_EDGE ( 'NONE', *, *, #7361, .T. ) ;
#1181 = PLANE ( 'NONE',  #163 ) ;
#1182 = EDGE_LOOP ( 'NONE', ( #444, #4360, #7060, #1106, #9586, #5822 ) ) ;
#1183 = CARTESIAN_POINT ( 'NONE',  ( -87.03723819964537256, 105.3138199662722911, 133.5347597511551783 ) ) ;
#1184 = CARTESIAN_POINT ( 'NONE',  ( -83.87389623043192444, 152.1183535079464093, 153.8486365703209060 ) ) ;
#1185 = CARTESIAN_POINT ( 'NONE',  ( -80.94395671112424395, 149.9345422566329944, 65.37427886433177093 ) ) ;
#1186 = VERTEX_POINT ( 'NONE', #2763 ) ;
#1187 = CARTESIAN_POINT ( 'NONE',  ( -78.76024448313265225, 148.6963837952287406, 163.0932229886817026 ) ) ;
#1188 = CARTESIAN_POINT ( 'NONE',  ( -82.94175115372239304, 149.6557437927470460, 70.54045912483330483 ) ) ;
#1189 = CARTESIAN_POINT ( 'NONE',  ( -79.84090932874227065, 144.6750694232119940, 164.2547579412668313 ) ) ;
#1190 = CARTESIAN_POINT ( 'NONE',  ( -79.96517379727427510, 76.43529281986067758, 66.12932193437191586 ) ) ;
#1191 = ORIENTED_EDGE ( 'NONE', *, *, #1163, .F. ) ;
#1192 = CARTESIAN_POINT ( 'NONE',  ( -84.38398865299268437, 135.3099416210764332, 129.2391483967839179 ) ) ;
#1193 = DIRECTION ( 'NONE',  ( 0.000000000000000000, -4.532588562673348580E-05, 0.9999999989727820227 ) ) ;
#1194 = CARTESIAN_POINT ( 'NONE',  ( -70.89859691752371873, 114.8391194465155394, 132.9303808218284644 ) ) ;
#1195 = CARTESIAN_POINT ( 'NONE',  ( -78.78852960328464405, 146.5078591810289481, 65.97215273169965144 ) ) ;
#1196 = DIRECTION ( 'NONE',  ( 0.000000000000000000, 0.000000000000000000, -1.000000000000000000 ) ) ;
#1197 = CARTESIAN_POINT ( 'NONE',  ( -83.38852960328463837, 133.6309159640421456, 107.2804998236556884 ) ) ;
#1198 = VERTEX_POINT ( 'NONE', #684 ) ;
#1199 = CARTESIAN_POINT ( 'NONE',  ( -71.74396250723114576, 113.6652954496336321, 133.7546975038378889 ) ) ;
#1200 = ADVANCED_FACE ( 'NONE', ( #2158 ), #486, .T. ) ;
#1201 = CARTESIAN_POINT ( 'NONE',  ( -74.78852960328464405, 62.45982050141635966, 108.5869404288169306 ) ) ;
#1202 = CARTESIAN_POINT ( 'NONE',  ( -72.28852960328462984, 114.0119079817577727, 112.5054217592787609 ) ) ;
#1203 = EDGE_LOOP ( 'NONE', ( #1762, #4850, #3415, #2290, #621, #3457, #4161, #722, #5636, #6445, #5405, #4547 ) ) ;
#1204 = CARTESIAN_POINT ( 'NONE',  ( -72.28852960328462984, 113.9287952785863780, 95.50574073170528777 ) ) ;
#1205 = ORIENTED_EDGE ( 'NONE', *, *, #9175, .T. ) ;
#1206 = ORIENTED_EDGE ( 'NONE', *, *, #9207, .F. ) ;
#1207 = CARTESIAN_POINT ( 'NONE',  ( -82.48667417542624491, 76.10531892549646216, 69.31209707976746870 ) ) ;
#1208 = CARTESIAN_POINT ( 'NONE',  ( -72.28852960328462984, 114.8119079817578125, 95.75574073170528777 ) ) ;
#1209 = CARTESIAN_POINT ( 'NONE',  ( -72.28852960328462984, 114.0119079817578296, 96.20574073170529061 ) ) ;
#1210 = CARTESIAN_POINT ( 'NONE',  ( -89.96223553045398091, 145.7556085226532048, 127.4536306682421127 ) ) ;
#1211 = EDGE_CURVE ( 'NONE', #3479, #3974, #1718, .T. ) ;
#1212 = CARTESIAN_POINT ( 'NONE',  ( -82.74119364349486716, 149.6695861719759080, 69.99138316891978207 ) ) ;
#1213 = CARTESIAN_POINT ( 'NONE',  ( -80.21232689737516353, 148.3939179897078304, 63.61557085325716088 ) ) ;
#1214 = DIRECTION ( 'NONE',  ( 0.000000000000000000, 0.000000000000000000, -1.000000000000000000 ) ) ;
#1215 = VERTEX_POINT ( 'NONE', #5750 ) ;
#1216 = CARTESIAN_POINT ( 'NONE',  ( -78.78852960328470090, 153.3093427789251848, 112.8090546157144303 ) ) ;
#1217 = DIRECTION ( 'NONE',  ( 1.000000000000000000, 0.000000000000000000, 0.000000000000000000 ) ) ;
#1218 = CARTESIAN_POINT ( 'NONE',  ( -90.75393763402736624, 103.7063630912092549, 112.2602678124129341 ) ) ;
#1219 = CARTESIAN_POINT ( 'NONE',  ( -81.89607519042159822, 113.3115952306277308, 105.0493643056304194 ) ) ;
#1220 = CARTESIAN_POINT ( 'NONE',  ( -86.95874334724554444, 62.69758636947027242, 92.28423475080542460 ) ) ;
#1221 = CARTESIAN_POINT ( 'NONE',  ( -88.23215522937925925, 65.84367021686688304, 138.1420964026862350 ) ) ;
#1222 = FACE_OUTER_BOUND ( 'NONE', #3829, .T. ) ;
#1223 = EDGE_LOOP ( 'NONE', ( #720, #7746, #7049, #5864, #6065 ) ) ;
#1224 = CARTESIAN_POINT ( 'NONE',  ( -76.78852960328464405, 111.8688076255531314, 384.5904987380682769 ) ) ;
#1225 = DIRECTION ( 'NONE',  ( 0.2826089961377922788, -0.6782765635817220584, 0.6782868556870018661 ) ) ;
#1226 = CARTESIAN_POINT ( 'NONE',  ( -87.78852960328462984, 0.000000000000000000, 0.000000000000000000 ) ) ;
#1227 = CARTESIAN_POINT ( 'NONE',  ( -87.78852960328462984, 110.9293568147877664, 94.16542175927874325 ) ) ;
#1228 = ORIENTED_EDGE ( 'NONE', *, *, #6002, .T. ) ;
#1229 = CARTESIAN_POINT ( 'NONE',  ( -80.57857873510231173, 147.2153319571185648, 162.5150550712671702 ) ) ;
#1230 = B_SPLINE_CURVE_WITH_KNOTS ( 'NONE', 3,
 ( #9752, #2454, #3369, #1141, #9459, #7959, #203, #7768, #8149, #5714, #9557, #3548, #4975, #5807, #6841, #7549, #6739, #4451, #78, #4639, #778, #920, #2580, #7098, #7903, #7150, #2487, #237, #2856, #7372, #3640, #2113, #8679, #1177 ),
 .UNSPECIFIED., .F., .F.,
 ( 4, 2, 2, 2, 2, 2, 2, 2, 2, 2, 2, 2, 2, 2, 2, 2, 4 ),
 ( 0.000000000000000000, 0.0006018858454393660046, 0.001203771690878732009, 0.001805657536318098014, 0.002407543381757464018, 0.003009429227196830023, 0.003611315072636196027, 0.004213200918075562032, 0.004815086763514928037, 0.005416972608954294041, 0.006018858454393660046, 0.006620744299833026050, 0.007222630145272392055, 0.007824515990711758059, 0.008426401836151124064, 0.009028287681590490069, 0.009630173527029856073 ),
 .UNSPECIFIED. ) ;
#1231 = FACE_OUTER_BOUND ( 'NONE', #1614, .T. ) ;
#1232 = CIRCLE ( 'NONE', #6573, 1.600000000000004086 ) ;
#1233 = ORIENTED_EDGE ( 'NONE', *, *, #9207, .T. ) ;
#1234 = CARTESIAN_POINT ( 'NONE',  ( -72.28852960328462984, 105.8119986335291003, 112.0054217613331531 ) ) ;
#1235 = EDGE_CURVE ( 'NONE', #3044, #7526, #3488, .T. ) ;
#1236 = CARTESIAN_POINT ( 'NONE',  ( -72.08186394712599565, 113.3827163185051177, 96.24555220401060751 ) ) ;
#1237 = DIRECTION ( 'NONE',  ( 0.9853337055112262322, 3.742081029166815435E-13, -0.1706384739251849691 ) ) ;
#1238 = CARTESIAN_POINT ( 'NONE',  ( -82.09459944254001584, 113.3087284045818421, 105.0493643056304336 ) ) ;
#1239 = LINE ( 'NONE', #7254, #8834 ) ;
#1240 = VERTEX_POINT ( 'NONE', #5003 ) ;
#1241 = CARTESIAN_POINT ( 'NONE',  ( -71.76834404625893171, 114.0711058939525344, 133.9999284471084593 ) ) ;
#1242 = CIRCLE ( 'NONE', #6113, 3.000000000000002665 ) ;
#1243 = CARTESIAN_POINT ( 'NONE',  ( -85.12345714898313531, 141.2128021979585526, 125.9010091381458381 ) ) ;
#1244 = CARTESIAN_POINT ( 'NONE',  ( -89.78852960328462984, 112.3119079817578125, 91.96147921292704552 ) ) ;
#1245 = CARTESIAN_POINT ( 'NONE',  ( -79.73104736602192588, 85.61368597844084150, 62.50182101435849802 ) ) ;
#1246 = CIRCLE ( 'NONE', #6754, 2.000000000000001776 ) ;
#1247 = CARTESIAN_POINT ( 'NONE',  ( -90.63901772574821791, 114.5266920059826248, 113.0439474813132819 ) ) ;
#1248 = LINE ( 'NONE', #7133, #7571 ) ;
#1249 = VERTEX_POINT ( 'NONE', #6638 ) ;
#1250 = EDGE_LOOP ( 'NONE', ( #5487, #5723, #4867, #8930 ) ) ;
#1251 = ADVANCED_FACE ( 'NONE', ( #2722 ), #8928, .T. ) ;
#1252 = AXIS2_PLACEMENT_3D ( 'NONE', #3127, #2459, #210 ) ;
#1253 = CARTESIAN_POINT ( 'NONE',  ( -69.42028827270982561, 60.46894265945834945, 126.0443392028039113 ) ) ;
#1254 = DIRECTION ( 'NONE',  ( 0.000000000000000000, -3.469446951953623261E-15, 1.000000000000000000 ) ) ;
#1255 = CARTESIAN_POINT ( 'NONE',  ( -88.92237934404437283, 133.6309159640421456, 134.4582889486797228 ) ) ;
#1256 = LINE ( 'NONE', #5842, #3607 ) ;
#1257 = CARTESIAN_POINT ( 'NONE',  ( -84.42264201106752353, 138.9423512729131005, 152.2048524722750358 ) ) ;
#1258 = AXIS2_PLACEMENT_3D ( 'NONE', #8593, #2536, #5513 ) ;
#1259 = CARTESIAN_POINT ( 'NONE',  ( -83.38852960328463837, 145.8309159640421342, 126.0804998236556855 ) ) ;
#1260 = FACE_OUTER_BOUND ( 'NONE', #8475, .T. ) ;
#1261 = ORIENTED_EDGE ( 'NONE', *, *, #6763, .F. ) ;
#1262 = CARTESIAN_POINT ( 'NONE',  ( -88.78852960328462984, 106.6293568147877551, 102.5041018525514289 ) ) ;
#1263 = VERTEX_POINT ( 'NONE', #2858 ) ;
#1264 = CYLINDRICAL_SURFACE ( 'NONE', #1576, 2.000000000000001776 ) ;
#1265 = EDGE_CURVE ( 'NONE', #7596, #9430, #600, .T. ) ;
#1266 = CARTESIAN_POINT ( 'NONE',  ( -81.92990628263399344, 77.09946221214022444, 159.1566901018536555 ) ) ;
#1267 = EDGE_CURVE ( 'NONE', #6798, #3067, #1952, .T. ) ;
#1268 = AXIS2_PLACEMENT_3D ( 'NONE', #6361, #6849, #87 ) ;
#1269 = CARTESIAN_POINT ( 'NONE',  ( -79.72628697065326264, 76.88221850166311810, 161.3013106178464682 ) ) ;
#1270 = ORIENTED_EDGE ( 'NONE', *, *, #3734, .T. ) ;
#1271 = FACE_OUTER_BOUND ( 'NONE', #6418, .T. ) ;
#1272 = CARTESIAN_POINT ( 'NONE',  ( -88.34826173976165364, 104.8835726478245221, 134.2157328411899186 ) ) ;
#1273 = CARTESIAN_POINT ( 'NONE',  ( -85.12905609551418706, 150.9548723303093993, 76.97542514560987570 ) ) ;
#1274 = CARTESIAN_POINT ( 'NONE',  ( -71.60435360180845521, 69.28116843234863609, 77.27902736728469790 ) ) ;
#1275 = ORIENTED_EDGE ( 'NONE', *, *, #2912, .F. ) ;
#1276 = CARTESIAN_POINT ( 'NONE',  ( -71.76834404625893171, 113.5330396423741774, 96.25640504074092973 ) ) ;
#1277 = CARTESIAN_POINT ( 'NONE',  ( -90.61001005408840570, 147.8939197522231837, 107.0249134542453362 ) ) ;
#1278 = VECTOR ( 'NONE', #5611, 1000.000000000000000 ) ;
#1279 = CARTESIAN_POINT ( 'NONE',  ( -70.78852960328462984, 115.2138755298613830, 132.3260037514888268 ) ) ;
#1280 = AXIS2_PLACEMENT_3D ( 'NONE', #7999, #4204, #1843 ) ;
#1281 = CARTESIAN_POINT ( 'NONE',  ( -81.46362439412716583, 77.93181861607487804, 66.66821438810124789 ) ) ;
#1282 = CYLINDRICAL_SURFACE ( 'NONE', #2072, 6.999999999999978684 ) ;
#1283 = CARTESIAN_POINT ( 'NONE',  ( -94.87364774114004717, 143.6309159640421456, 107.2804998236556884 ) ) ;
#1284 = ORIENTED_EDGE ( 'NONE', *, *, #1706, .F. ) ;
#1285 = ADVANCED_FACE ( 'NONE', ( #1222 ), #8033, .T. ) ;
#1286 = VECTOR ( 'NONE', #4046, 1000.000000000000000 ) ;
#1287 = CARTESIAN_POINT ( 'NONE',  ( -81.42664014645974646, 77.78195397123336363, 66.57533174978770774 ) ) ;
#1288 = DIRECTION ( 'NONE',  ( 1.000000000000000000, -0.000000000000000000, -0.000000000000000000 ) ) ;
#1289 = CARTESIAN_POINT ( 'NONE',  ( -85.57565153321446871, 123.2874165057368998, 123.1959614794749029 ) ) ;
#1290 = CARTESIAN_POINT ( 'NONE',  ( -89.78852960328462984, 113.3119079817578125, 103.0725956219346386 ) ) ;
#1291 = CARTESIAN_POINT ( 'NONE',  ( -83.34633314969053686, 112.9194821861392342, 104.6811520675260425 ) ) ;
#1292 = CARTESIAN_POINT ( 'NONE',  ( -90.62951458541260763, 118.2679121758610705, 119.6217600156973191 ) ) ;
#1293 = ORIENTED_EDGE ( 'NONE', *, *, #1862, .F. ) ;
#1294 = CARTESIAN_POINT ( 'NONE',  ( -71.05706662543374819, 114.2926385102254727, 133.1068972297118478 ) ) ;
#1295 = VECTOR ( 'NONE', #29, 1000.000000000000000 ) ;
#1296 = FACE_OUTER_BOUND ( 'NONE', #7566, .T. ) ;
#1297 = CARTESIAN_POINT ( 'NONE',  ( -88.25562135967795996, 65.80177563028617271, 88.97906760356805478 ) ) ;
#1298 = CARTESIAN_POINT ( 'NONE',  ( -79.72105162591300598, 87.31496967778880958, 164.5317061275722210 ) ) ;
#1299 = VERTEX_POINT ( 'NONE', #1269 ) ;
#1300 = VERTEX_POINT ( 'NONE', #8084 ) ;
#1301 = B_SPLINE_CURVE_WITH_KNOTS ( 'NONE', 3,
 ( #5516, #7713, #194, #3224 ),
 .UNSPECIFIED., .F., .F.,
 ( 4, 4 ),
 ( 0.000000000000000000, 0.0001494100371387390184 ),
 .UNSPECIFIED. ) ;
#1302 = CARTESIAN_POINT ( 'NONE',  ( -81.89607519042159822, 104.4471183989478220, 105.0493643056304194 ) ) ;
#1303 = CARTESIAN_POINT ( 'NONE',  ( -89.12415482696398783, 139.9541099047849855, 93.71647944563149224 ) ) ;
#1304 = DIRECTION ( 'NONE',  ( 1.000000000000000000, -0.000000000000000000, -0.000000000000000000 ) ) ;
#1305 = CARTESIAN_POINT ( 'NONE',  ( -82.53658769685773677, 149.6279387122347089, 69.44194801622293767 ) ) ;
#1306 = ORIENTED_EDGE ( 'NONE', *, *, #3587, .T. ) ;
#1307 = DIRECTION ( 'NONE',  ( 1.000000000000000000, -0.000000000000000000, -0.000000000000000000 ) ) ;
#1308 = ORIENTED_EDGE ( 'NONE', *, *, #6751, .F. ) ;
#1309 = CARTESIAN_POINT ( 'NONE',  ( -70.80479674663240530, 115.0326026111913649, 132.5176406344255611 ) ) ;
#1310 = CARTESIAN_POINT ( 'NONE',  ( -83.38852960328463837, 130.8367218251632096, 95.58049982365568553 ) ) ;
#1311 = ADVANCED_FACE ( 'NONE', ( #1313 ), #4287, .F. ) ;
#1312 =( BOUNDED_SURFACE ( )  B_SPLINE_SURFACE ( 3, 2, ( 
 ( #8802, #1391, #6839 ),
 ( #8956, #8397, #1783 ),
 ( #7846, #6197, #1727 ),
 ( #7901, #7046, #6293 ) ),
 .UNSPECIFIED., .F., .F., .T. ) 
 B_SPLINE_SURFACE_WITH_KNOTS ( ( 4, 4 ),
 ( 3, 3 ),
 ( -1.387778780781445676E-17, 0.005527532313647327659 ),
 ( 0.000000000000000000, 1.000000000000000000 ),
 .UNSPECIFIED. ) 
 GEOMETRIC_REPRESENTATION_ITEM ( )  RATIONAL_B_SPLINE_SURFACE ( (
 ( 1.000000000000000000, 0.8099592569473111903, 1.000000000000000000),
 ( 1.000000000000000000, 0.8117005748874688287, 1.000000000000000000),
 ( 1.000000000000000000, 0.8134110335679597403, 1.000000000000000000),
 ( 1.000000000000000000, 0.8150910659242718292, 1.000000000000000000) ) ) 
 REPRESENTATION_ITEM ( '' )  SURFACE ( )  );
#1313 = FACE_OUTER_BOUND ( 'NONE', #2431, .T. ) ;
#1314 = EDGE_CURVE ( 'NONE', #1186, #7425, #7326, .T. ) ;
#1315 = ORIENTED_EDGE ( 'NONE', *, *, #3638, .F. ) ;
#1316 = DIRECTION ( 'NONE',  ( 0.000000000000000000, -1.000000000000000000, 0.000000000000000000 ) ) ;
#1317 = CARTESIAN_POINT ( 'NONE',  ( -88.79148662622463917, 104.1982620546876888, 134.0993977348308022 ) ) ;
#1318 = CARTESIAN_POINT ( 'NONE',  ( -83.87385173200793531, 152.1180367694313134, 73.16217196580299742 ) ) ;
#1319 = VERTEX_POINT ( 'NONE', #6585 ) ;
#1320 = CARTESIAN_POINT ( 'NONE',  ( -71.46898781942815049, 113.9513695859208013, 96.03719491487291293 ) ) ;
#1321 = CARTESIAN_POINT ( 'NONE',  ( -78.78852960328462984, 62.26215637723424834, 109.7228212117286432 ) ) ;
#1322 = EDGE_CURVE ( 'NONE', #8938, #9659, #6878, .T. ) ;
#1323 = CARTESIAN_POINT ( 'NONE',  ( -72.11159433571279465, 71.19914379730319354, 76.48797409103860900 ) ) ;
#1324 = CARTESIAN_POINT ( 'NONE',  ( -70.11852297282928248, 63.26188145993607037, 124.6538728803219840 ) ) ;
#1325 = CARTESIAN_POINT ( 'NONE',  ( -85.47571225104837822, 142.5692043247062486, 123.8675354057152873 ) ) ;
#1326 = EDGE_LOOP ( 'NONE', ( #3049, #7460, #6230, #3774, #5913 ) ) ;
#1327 = DIRECTION ( 'NONE',  ( 0.000000000000000000, -1.000000000000000000, -3.965082219661325178E-15 ) ) ;
#1328 = CARTESIAN_POINT ( 'NONE',  ( -89.38613102437891200, 141.9607970165251913, 131.6697652983332318 ) ) ;
#1329 = CARTESIAN_POINT ( 'NONE',  ( -70.78852960328462984, 141.6586802556908822, 155.9887903978152224 ) ) ;
#1330 = CARTESIAN_POINT ( 'NONE',  ( -85.40459978650100936, 123.8314515298992973, 124.3151893847972076 ) ) ;
#1331 = DIRECTION ( 'NONE',  ( 0.000000000000000000, 1.000000000000000000, 0.000000000000000000 ) ) ;
#1332 = ORIENTED_EDGE ( 'NONE', *, *, #4791, .T. ) ;
#1333 = EDGE_CURVE ( 'NONE', #3383, #6932, #7712, .T. ) ;
#1334 = EDGE_LOOP ( 'NONE', ( #4982, #8136, #3489, #3198 ) ) ;
#1335 = DIRECTION ( 'NONE',  ( -0.000000000000000000, 8.673617379884020681E-16, 1.000000000000000000 ) ) ;
#1336 = CARTESIAN_POINT ( 'NONE',  ( -70.86059497545181785, 114.9100487871462661, 132.8192967910764537 ) ) ;
#1337 = CARTESIAN_POINT ( 'NONE',  ( -85.15727980065612712, 141.3623635832479124, 125.7227965078284768 ) ) ;
#1338 = CARTESIAN_POINT ( 'NONE',  ( -85.74118640810343095, 143.2994651585156305, 121.9386540258725233 ) ) ;
#1339 = FACE_OUTER_BOUND ( 'NONE', #4152, .T. ) ;
#1340 = CARTESIAN_POINT ( 'NONE',  ( -87.82786660300216397, 111.6705105360598793, 133.8549301417833703 ) ) ;
#1341 = CARTESIAN_POINT ( 'NONE',  ( -89.56781636613769138, 113.4657089405471453, 115.1842121281934510 ) ) ;
#1342 = ORIENTED_EDGE ( 'NONE', *, *, #6510, .T. ) ;
#1343 = EDGE_LOOP ( 'NONE', ( #7030, #4009, #576, #374, #7224, #9469, #991, #5124, #710, #218, #4912, #5467, #62, #6493 ) ) ;
#1344 = CARTESIAN_POINT ( 'NONE',  ( -90.40852923067619429, 114.0156538944020355, 112.7787327442434275 ) ) ;
#1345 = CARTESIAN_POINT ( 'NONE',  ( -69.74836691017675605, 67.52480705738848599, 87.83158352442025318 ) ) ;
#1346 = CARTESIAN_POINT ( 'NONE',  ( -80.57856077724585475, 147.2149659622154161, 64.49583893428874148 ) ) ;
#1347 = EDGE_CURVE ( 'NONE', #2145, #1186, #6757, .T. ) ;
#1348 = DIRECTION ( 'NONE',  ( 1.000000000000000000, 0.000000000000000000, 0.000000000000000000 ) ) ;
#1349 = CARTESIAN_POINT ( 'NONE',  ( -83.38852960328463837, 130.8367218251632096, 93.58049982365568553 ) ) ;
#1350 = LINE ( 'NONE', #5889, #1420 ) ;
#1351 = DIRECTION ( 'NONE',  ( 0.000000000000000000, -0.9976431163436479954, 0.06861641503411730625 ) ) ;
#1352 = FACE_OUTER_BOUND ( 'NONE', #313, .T. ) ;
#1353 = DIRECTION ( 'NONE',  ( 1.000000000000000000, 0.000000000000000000, 0.000000000000000000 ) ) ;
#1354 = CARTESIAN_POINT ( 'NONE',  ( -71.87729064181041849, 114.1180238861829537, 95.65856611496869277 ) ) ;
#1355 = ORIENTED_EDGE ( 'NONE', *, *, #7172, .T. ) ;
#1356 = CARTESIAN_POINT ( 'NONE',  ( -90.78852960328464405, 87.44823992607120999, 165.7313321388055272 ) ) ;
#1357 = ORIENTED_EDGE ( 'NONE', *, *, #1322, .T. ) ;
#1358 = EDGE_CURVE ( 'NONE', #85, #7984, #279, .T. ) ;
#1359 = CARTESIAN_POINT ( 'NONE',  ( -70.78852960328462984, 146.6084652770730088, 160.9385003127598566 ) ) ;
#1360 = CARTESIAN_POINT ( 'NONE',  ( -88.99174044035217435, 105.3025542515790960, 115.4829137542533033 ) ) ;
#1361 = CARTESIAN_POINT ( 'NONE',  ( -74.78852960328464405, 86.94190798175786483, 113.5057407317052736 ) ) ;
#1362 = CARTESIAN_POINT ( 'NONE',  ( -84.99258429602362241, 125.5724615284886596, 126.5642563346642788 ) ) ;
#1363 = ORIENTED_EDGE ( 'NONE', *, *, #3948, .T. ) ;
#1364 =( NAMED_UNIT ( * ) PLANE_ANGLE_UNIT ( ) SI_UNIT ( $, .RADIAN. ) );
#1365 = CARTESIAN_POINT ( 'NONE',  ( -78.78852960328464405, 65.52640825447605266, 133.7856970724591008 ) ) ;
#1366 = EDGE_CURVE ( 'NONE', #7997, #561, #911, .T. ) ;
#1367 = CARTESIAN_POINT ( 'NONE',  ( -81.50312392317282217, 151.8766024956086085, 72.02175460891605496 ) ) ;
#1368 = CARTESIAN_POINT ( 'NONE',  ( -89.25897570316665508, 125.3905576684152550, 132.4761479952887839 ) ) ;
#1369 = ORIENTED_EDGE ( 'NONE', *, *, #9736, .T. ) ;
#1370 = CARTESIAN_POINT ( 'NONE',  ( -71.57302852182345987, 114.0836446836458009, 95.86321044925416857 ) ) ;
#1371 = CARTESIAN_POINT ( 'NONE',  ( -89.20163773095194415, 107.2242970902613450, 113.4614561508394956 ) ) ;
#1372 = CARTESIAN_POINT ( 'NONE',  ( -87.78852960328462984, 107.6293568147877551, 95.50674166600603598 ) ) ;
#1373 = CARTESIAN_POINT ( 'NONE',  ( -89.96828105807216502, 120.1678783463950140, 99.60768733089571469 ) ) ;
#1374 =( BOUNDED_SURFACE ( )  B_SPLINE_SURFACE ( 3, 2, ( 
 ( #1019, #4039, #6883 ),
 ( #3154, #9185, #1678 ),
 ( #6192, #2482, #4187 ),
 ( #5742, #6430, #7089 ) ),
 .UNSPECIFIED., .F., .F., .T. ) 
 B_SPLINE_SURFACE_WITH_KNOTS ( ( 4, 4 ),
 ( 3, 3 ),
 ( 0.000000000000000000, 0.009786616448421801145 ),
 ( 0.000000000000000000, 1.000000000000000000 ),
 .UNSPECIFIED. ) 
 GEOMETRIC_REPRESENTATION_ITEM ( )  RATIONAL_B_SPLINE_SURFACE ( (
 ( 1.000000000000000000, 0.8344879579129123037, 1.000000000000000000),
 ( 1.000000000000000000, 0.8349226626666832463, 1.000000000000000000),
 ( 1.000000000000000000, 0.8353556826137751301, 1.000000000000000000),
 ( 1.000000000000000000, 0.8357870221846895875, 1.000000000000000000) ) ) 
 REPRESENTATION_ITEM ( '' )  SURFACE ( )  );
#1375 = ORIENTED_EDGE ( 'NONE', *, *, #2103, .T. ) ;
#1376 = CARTESIAN_POINT ( 'NONE',  ( -78.54442387956920868, 82.79085423091632379, 59.82410008771741161 ) ) ;
#1377 = EDGE_CURVE ( 'NONE', #1905, #9683, #8299, .T. ) ;
#1378 = CARTESIAN_POINT ( 'NONE',  ( -89.81440632462329177, 144.9788797499761301, 128.6653607183099268 ) ) ;
#1379 = LINE ( 'NONE', #8405, #8073 ) ;
#1380 = EDGE_CURVE ( 'NONE', #4648, #6254, #9297, .T. ) ;
#1381 = CARTESIAN_POINT ( 'NONE',  ( -80.26222246319781561, 146.3896302277039467, 63.74141376728599795 ) ) ;
#1382 = CARTESIAN_POINT ( 'NONE',  ( -70.78852960328462984, 115.2569332580205952, 97.44223240480899051 ) ) ;
#1383 = VECTOR ( 'NONE', #5659, 1000.000000000000000 ) ;
#1384 = CARTESIAN_POINT ( 'NONE',  ( -70.78852960328462984, 141.0781728677007720, 163.0725428431005923 ) ) ;
#1385 = LINE ( 'NONE', #2231, #2832 ) ;
#1386 = VERTEX_POINT ( 'NONE', #8479 ) ;
#1387 = ORIENTED_EDGE ( 'NONE', *, *, #1366, .T. ) ;
#1388 = VERTEX_POINT ( 'NONE', #5640 ) ;
#1389 = DIRECTION ( 'NONE',  ( -1.000000000000000000, -0.000000000000000000, -0.000000000000000000 ) ) ;
#1390 = CARTESIAN_POINT ( 'NONE',  ( -71.12312943296720391, 114.1531388980213819, 133.0955117541685411 ) ) ;
#1391 = CARTESIAN_POINT ( 'NONE',  ( -81.02162027254878751, 77.11341101706915424, 65.55816616252151618 ) ) ;
#1392 = B_SPLINE_CURVE_WITH_KNOTS ( 'NONE', 3,
 ( #1995, #8622, #8011, #1247, #1104, #3384, #4369, #8860, #3034, #709, #1341, #2091, #5228, #9812, #4415, #3678 ),
 .UNSPECIFIED., .F., .F.,
 ( 4, 2, 2, 2, 2, 2, 2, 4 ),
 ( -1.279472606426450570E-05, 0.001309572006783309974, 0.002631938739630884216, 0.003293122106054691394, 0.003954305472478499006, 0.004615488838902306185, 0.004946080522114176814, 0.005276672205326047443 ),
 .UNSPECIFIED. ) ;
#1394 = B_SPLINE_CURVE_WITH_KNOTS ( 'NONE', 3,
 ( #8649, #9454, #1975, #1281 ),
 .UNSPECIFIED., .F., .F.,
 ( 4, 4 ),
 ( 0.000000000000000000, 0.005551887083667036982 ),
 .UNSPECIFIED. ) ;
#1393 = CARTESIAN_POINT ( 'NONE',  ( -87.74775435929905143, 66.70915708091906993, 86.66399730015773173 ) ) ;
#1395 = VECTOR ( 'NONE', #7490, 999.9999999999998863 ) ;
#1396 = EDGE_CURVE ( 'NONE', #4770, #6944, #1717, .T. ) ;
#1397 = EDGE_CURVE ( 'NONE', #9740, #3022, #7543, .T. ) ;
#1398 = EDGE_CURVE ( 'NONE', #9427, #8355, #7362, .T. ) ;
#1399 = CARTESIAN_POINT ( 'NONE',  ( -88.24681846611200342, 113.5565876536741143, 132.2271591972802014 ) ) ;
#1400 = AXIS2_PLACEMENT_3D ( 'NONE', #321, #4068, #5541 ) ;
#1401 = ORIENTED_EDGE ( 'NONE', *, *, #4076, .T. ) ;
#1402 = EDGE_LOOP ( 'NONE', ( #8552, #2387 ) ) ;
#1403 = CARTESIAN_POINT ( 'NONE',  ( -81.13551337160311050, 151.6529316460847099, 70.99736879377149990 ) ) ;
#1404 = LINE ( 'NONE', #8269, #4910 ) ;
#1405 = CARTESIAN_POINT ( 'NONE',  ( -90.03322939578967521, 120.0643432779637720, 126.8371467987813617 ) ) ;
#1406 = CARTESIAN_POINT ( 'NONE',  ( -83.38852960328463837, 140.8309159640421910, 100.5804998236556855 ) ) ;
#1407 = CIRCLE ( 'NONE', #7378, 1.000000000000000888 ) ;
#1408 = CARTESIAN_POINT ( 'NONE',  ( -88.99714040115789260, 138.2241209894280871, 92.97647138458431471 ) ) ;
#1409 = DIRECTION ( 'NONE',  ( -0.000000000000000000, -0.000000000000000000, 1.000000000000000000 ) ) ;
#1410 = CARTESIAN_POINT ( 'NONE',  ( -94.87364774114004717, 133.6309159640421456, 119.3804998236556827 ) ) ;
#1411 = CARTESIAN_POINT ( 'NONE',  ( -70.78852961592299664, 152.6161701020791384, 97.22080307525550324 ) ) ;
#1412 = ORIENTED_EDGE ( 'NONE', *, *, #5679, .F. ) ;
#1413 = DIRECTION ( 'NONE',  ( 1.000000000000000000, -0.000000000000000000, -0.000000000000000000 ) ) ;
#1414 = VERTEX_POINT ( 'NONE', #8576 ) ;
#1415 = AXIS2_PLACEMENT_3D ( 'NONE', #8613, #4756, #7778 ) ;
#1416 = ADVANCED_FACE ( 'NONE', ( #3252 ), #7140, .T. ) ;
#1417 = DIRECTION ( 'NONE',  ( 1.000000000000000000, 0.000000000000000000, 0.000000000000000000 ) ) ;
#1418 = EDGE_CURVE ( 'NONE', #4747, #557, #9178, .T. ) ;
#1419 = VERTEX_POINT ( 'NONE', #6576 ) ;
#1420 = VECTOR ( 'NONE', #8920, 1000.000000000000000 ) ;
#1421 = CARTESIAN_POINT ( 'NONE',  ( -77.98067506923439396, 90.70144134463602370, 61.49727800264402333 ) ) ;
#1422 = CARTESIAN_POINT ( 'NONE',  ( -90.77446268507198113, 84.55412901653973279, 111.6790299951622387 ) ) ;
#1423 = CARTESIAN_POINT ( 'NONE',  ( -78.78852960328464405, 63.90795309405092439, 127.8407411317695477 ) ) ;
#1424 = CARTESIAN_POINT ( 'NONE',  ( -89.84623748235651419, 153.7524078290993828, 128.4233710325458446 ) ) ;
#1425 = ORIENTED_EDGE ( 'NONE', *, *, #125, .F. ) ;
#1426 = CARTESIAN_POINT ( 'NONE',  ( -71.76834404625897434, 114.0711058939525344, 95.71833878916257277 ) ) ;
#1427 = CARTESIAN_POINT ( 'NONE',  ( -90.77439021783703765, 89.32616112252843266, 111.6742779770181215 ) ) ;
#1428 = CARTESIAN_POINT ( 'NONE',  ( -80.15089406503098246, 102.0798716034362599, 63.47878464380990238 ) ) ;
#1429 = CARTESIAN_POINT ( 'NONE',  ( -72.11810844223128925, 71.22277965895145257, 76.47695765742581386 ) ) ;
#1430 = AXIS2_PLACEMENT_3D ( 'NONE', #2901, #4913, #7179 ) ;
#1431 = ORIENTED_EDGE ( 'NONE', *, *, #8876, .T. ) ;
#1432 = CARTESIAN_POINT ( 'NONE',  ( -89.10400068445912325, 138.8977072881718584, 133.4128049027224279 ) ) ;
#1433 = CARTESIAN_POINT ( 'NONE',  ( -89.10800550757851113, 151.5997893327761972, 70.75470944934080819 ) ) ;
#1434 = CARTESIAN_POINT ( 'NONE',  ( -80.25689520337209615, 82.48544387388945154, 63.72980031328553707 ) ) ;
#1435 = CARTESIAN_POINT ( 'NONE',  ( -84.60803216146592831, 106.2506241101946500, 93.67163649573355144 ) ) ;
#1436 = CARTESIAN_POINT ( 'NONE',  ( -76.78852960328464405, 78.71924041441211273, 68.09220448043294027 ) ) ;
#1437 = ADVANCED_FACE ( 'NONE', ( #3628 ), #5691, .F. ) ;
#1438 = CARTESIAN_POINT ( 'NONE',  ( -70.89859691751982496, 114.6025872676656547, 97.02441859331048590 ) ) ;
#1439 = VECTOR ( 'NONE', #506, 1000.000000000000000 ) ;
#1440 = FACE_OUTER_BOUND ( 'NONE', #2731, .T. ) ;
#1441 =( BOUNDED_SURFACE ( )  B_SPLINE_SURFACE ( 3, 2, ( 
 ( #1973, #1136, #4971 ),
 ( #7913, #7199, #6352 ),
 ( #7158, #4050, #5572 ),
 ( #8601, #4200, #7955 ) ),
 .UNSPECIFIED., .F., .F., .T. ) 
 B_SPLINE_SURFACE_WITH_KNOTS ( ( 4, 4 ),
 ( 3, 3 ),
 ( -1.387778780781445676E-17, 0.005527783388299734035 ),
 ( 0.000000000000000000, 1.000000000000000000 ),
 .UNSPECIFIED. ) 
 GEOMETRIC_REPRESENTATION_ITEM ( )  RATIONAL_B_SPLINE_SURFACE ( (
 ( 1.000000000000000000, 0.8150923225617696666, 1.000000000000000000),
 ( 1.000000000000000000, 0.8134122358069022507, 1.000000000000000000),
 ( 1.000000000000000000, 0.8117017206156807996, 1.000000000000000000),
 ( 1.000000000000000000, 0.8099603439933396043, 1.000000000000000000) ) ) 
 REPRESENTATION_ITEM ( '' )  SURFACE ( )  );
#1442 = VERTEX_POINT ( 'NONE', #4219 ) ;
#1443 = FACE_OUTER_BOUND ( 'NONE', #8998, .T. ) ;
#1444 = PLANE ( 'NONE',  #2550 ) ;
#1445 = CARTESIAN_POINT ( 'NONE',  ( -70.91816862398736987, 114.5899624423941390, 132.8951241012751154 ) ) ;
#1446 = VECTOR ( 'NONE', #7812, 1000.000000000000000 ) ;
#1447 = ORIENTED_EDGE ( 'NONE', *, *, #585, .F. ) ;
#1448 = B_SPLINE_CURVE_WITH_KNOTS ( 'NONE', 3,
 ( #7695, #821, #912, #6989, #7794, #9180 ),
 .UNSPECIFIED., .F., .F.,
 ( 4, 2, 4 ),
 ( 0.000000000000000000, 0.002850110030796044417, 0.005700220061592088834 ),
 .UNSPECIFIED. ) ;
#1449 = DIRECTION ( 'NONE',  ( -1.000000000000000000, -0.000000000000000000, -0.000000000000000000 ) ) ;
#1450 = CIRCLE ( 'NONE', #818, 220.0000000000000568 ) ;
#1451 = CARTESIAN_POINT ( 'NONE',  ( -76.78852960328464405, 83.02282474000649870, 161.6585930294566822 ) ) ;
#1452 = AXIS2_PLACEMENT_3D ( 'NONE', #9078, #2317, #9193 ) ;
#1453 = EDGE_LOOP ( 'NONE', ( #9481, #6993, #2524, #5574 ) ) ;
#1454 = EDGE_CURVE ( 'NONE', #4086, #4016, #3717, .T. ) ;
#1455 = LINE ( 'NONE', #1545, #4765 ) ;
#1456 = AXIS2_PLACEMENT_3D ( 'NONE', #8777, #398, #8684 ) ;
#1457 = DIRECTION ( 'NONE',  ( 0.000000000000000000, 0.9976431163436479954, -0.06861641503411743115 ) ) ;
#1458 = CARTESIAN_POINT ( 'NONE',  ( -87.78852960328462984, 110.1293568147877693, 95.50674166600603598 ) ) ;
#1459 = CYLINDRICAL_SURFACE ( 'NONE', #461, 9.999999999999994671 ) ;
#1460 = CARTESIAN_POINT ( 'NONE',  ( -85.79167500132678015, 143.4531551215860645, 105.4032507923538304 ) ) ;
#1461 = ORIENTED_EDGE ( 'NONE', *, *, #9375, .F. ) ;
#1462 = CARTESIAN_POINT ( 'NONE',  ( -90.77874365842680504, 103.5376926671421529, 111.9223994002961717 ) ) ;
#1463 = ORIENTED_EDGE ( 'NONE', *, *, #965, .T. ) ;
#1464 = EDGE_CURVE ( 'NONE', #9515, #4349, #9535, .T. ) ;
#1465 = CARTESIAN_POINT ( 'NONE',  ( -84.56629603822140950, 137.7563798135772686, 128.4949934370933420 ) ) ;
#1466 = CARTESIAN_POINT ( 'NONE',  ( -70.78852960328462984, 97.20868902919958998, 61.93180555668922693 ) ) ;
#1467 = CARTESIAN_POINT ( 'NONE',  ( -80.64929809815272677, 74.38770598701964332, 68.97315435340921397 ) ) ;
#1468 = CARTESIAN_POINT ( 'NONE',  ( -83.88354471441824955, 68.41398697725534817, 148.1779522533107922 ) ) ;
#1469 = ORIENTED_EDGE ( 'NONE', *, *, #9026, .T. ) ;
#1470 = CARTESIAN_POINT ( 'NONE',  ( -90.78467355918206749, 84.09602472181197186, 114.4750263856767987 ) ) ;
#1471 = CARTESIAN_POINT ( 'NONE',  ( -70.78852960328462984, 62.80437541313471428, 122.8456268489117917 ) ) ;
#1472 = CARTESIAN_POINT ( 'NONE',  ( -85.66017812713802471, 151.2701526890709829, 78.72648882841887996 ) ) ;
#1473 = DIRECTION ( 'NONE',  ( -0.000000000000000000, -0.000000000000000000, 1.000000000000000000 ) ) ;
#1474 = ORIENTED_EDGE ( 'NONE', *, *, #7547, .F. ) ;
#1475 = CARTESIAN_POINT ( 'NONE',  ( -71.87729064181041849, 113.4732669681803117, 96.30332303297136320 ) ) ;
#1476 = CARTESIAN_POINT ( 'NONE',  ( -89.81777492325969092, 120.9266224564619847, 98.39213850016889751 ) ) ;
#1477 = CARTESIAN_POINT ( 'NONE',  ( -74.78852960328464405, 141.9419079817567138, 153.6057407317052821 ) ) ;
#1478 = LINE ( 'NONE', #26, #4894 ) ;
#1479 = CARTESIAN_POINT ( 'NONE',  ( -87.75526301271847274, 66.69563371689807241, 86.79233829131855771 ) ) ;
#1480 = ORIENTED_EDGE ( 'NONE', *, *, #7412, .F. ) ;
#1481 = DIRECTION ( 'NONE',  ( 1.000000000000000000, 0.000000000000000000, 0.000000000000000000 ) ) ;
#1482 = CARTESIAN_POINT ( 'NONE',  ( -89.86601592520703718, 153.7641222309216005, 128.2657197222226557 ) ) ;
#1483 = CARTESIAN_POINT ( 'NONE',  ( -72.28852960328462984, 104.3119079817578410, 131.5054217592787609 ) ) ;
#1484 = CARTESIAN_POINT ( 'NONE',  ( -72.28852960328462984, 113.3119079817578125, 112.0057617013668363 ) ) ;
#1485 = CARTESIAN_POINT ( 'NONE',  ( -74.78852960328464405, 74.23361122905129150, 74.74380810562847444 ) ) ;
#1486 = CARTESIAN_POINT ( 'NONE',  ( -78.56787407467375317, 148.1355927592566104, 63.35724562280803696 ) ) ;
#1487 = ORIENTED_EDGE ( 'NONE', *, *, #1998, .F. ) ;
#1488 = CARTESIAN_POINT ( 'NONE',  ( -86.19310625798203773, 122.5309159640421086, 111.3134987428708058 ) ) ;
#1489 = EDGE_CURVE ( 'NONE', #8621, #3728, #6323, .T. ) ;
#1490 = DIRECTION ( 'NONE',  ( 0.000000000000000000, 0.000000000000000000, 1.000000000000000000 ) ) ;
#1491 = CARTESIAN_POINT ( 'NONE',  ( -79.19876448844453876, 79.86769129686537383, 61.28248994702750707 ) ) ;
#1492 = DIRECTION ( 'NONE',  ( 0.000000000000000000, 0.000000000000000000, -1.000000000000000000 ) ) ;
#1493 = CARTESIAN_POINT ( 'NONE',  ( -70.83369240398027955, 114.8205435844179902, 132.5546790441548524 ) ) ;
#1494 = CARTESIAN_POINT ( 'NONE',  ( -72.28852960328462984, 111.3119079817577983, 134.5054217592787325 ) ) ;
#1495 = EDGE_LOOP ( 'NONE', ( #2944, #9570, #3878, #5439 ) ) ;
#1496 = CARTESIAN_POINT ( 'NONE',  ( -84.32175220713043018, 130.8515540465488414, 97.42190841638868903 ) ) ;
#1497 = CARTESIAN_POINT ( 'NONE',  ( -70.78852960328462984, 83.02282474000649870, 161.6585930294566822 ) ) ;
#1498 = CARTESIAN_POINT ( 'NONE',  ( -88.74510303923055687, 115.0860997191453947, 135.4354175639882101 ) ) ;
#1499 = CARTESIAN_POINT ( 'NONE',  ( -81.89607519042159822, 104.4468056478177402, 91.96147921292704552 ) ) ;
#1500 = CARTESIAN_POINT ( 'NONE',  ( -90.21930053116771830, 146.8968724574305327, 125.0797479036382640 ) ) ;
#1501 = ORIENTED_EDGE ( 'NONE', *, *, #5058, .T. ) ;
#1502 = DIRECTION ( 'NONE',  ( -1.000000000000000000, 0.000000000000000000, 0.000000000000000000 ) ) ;
#1503 = DIRECTION ( 'NONE',  ( 0.000000000000000000, 0.000000000000000000, -1.000000000000000000 ) ) ;
#1504 = PLANE ( 'NONE',  #3634 ) ;
#1505 = CARTESIAN_POINT ( 'NONE',  ( -87.92987123499226243, 111.7711667478246653, 133.9241837388913154 ) ) ;
#1506 = PLANE ( 'NONE',  #3816 ) ;
#1507 = EDGE_LOOP ( 'NONE', ( #1944, #816, #7368, #2691 ) ) ;
#1508 = DIRECTION ( 'NONE',  ( 1.000000000000000000, -0.000000000000000000, -0.000000000000000000 ) ) ;
#1509 = ORIENTED_EDGE ( 'NONE', *, *, #1377, .F. ) ;
#1510 = B_SPLINE_CURVE_WITH_KNOTS ( 'NONE', 2,
 ( #7817, #8739, #2732 ),
 .UNSPECIFIED., .F., .F.,
 ( 3, 3 ),
 ( 0.3541558000016926111, 0.4095752751066970565 ),
 .UNSPECIFIED. ) ;
#1511 = CARTESIAN_POINT ( 'NONE',  ( -86.10828215168305633, 64.28222452344722626, 139.1327031076260141 ) ) ;
#1512 = EDGE_CURVE ( 'NONE', #867, #2334, #2027, .T. ) ;
#1513 = CARTESIAN_POINT ( 'NONE',  ( -84.67706174983676704, 127.0953832540942585, 98.88513562734981122 ) ) ;
#1514 = CARTESIAN_POINT ( 'NONE',  ( -120.7885296032846441, 141.9419079817567138, 149.0057407317052878 ) ) ;
#1515 = CARTESIAN_POINT ( 'NONE',  ( -78.78852960328464405, 65.32649124733219992, 93.58143042945904710 ) ) ;
#1516 = CARTESIAN_POINT ( 'NONE',  ( -71.62254760121655295, 69.28151504115575676, 149.7331671046677002 ) ) ;
#1517 = ORIENTED_EDGE ( 'NONE', *, *, #6239, .F. ) ;
#1518 = CARTESIAN_POINT ( 'NONE',  ( -71.32654357797773059, 113.8988514221632329, 96.43313865127512940 ) ) ;
#1519 = CARTESIAN_POINT ( 'NONE',  ( -89.03476048757613626, 104.7866977036194953, 93.19169609332136872 ) ) ;
#1520 = CARTESIAN_POINT ( 'NONE',  ( -90.78852960328464405, 126.9623622400146132, 61.90214970102342562 ) ) ;
#1521 = CARTESIAN_POINT ( 'NONE',  ( -88.78486863002717655, 59.28175360976369745, 118.7281762895808583 ) ) ;
#1522 = ORIENTED_EDGE ( 'NONE', *, *, #5453, .T. ) ;
#1523 = CARTESIAN_POINT ( 'NONE',  ( -80.78852960328464405, 141.9419079817567138, 75.00574073170528777 ) ) ;
#1524 = PLANE ( 'NONE',  #3641 ) ;
#1525 = CARTESIAN_POINT ( 'NONE',  ( -84.48041382528383281, 136.8473280445686555, 128.8505821710792816 ) ) ;
#1526 = CARTESIAN_POINT ( 'NONE',  ( -70.83369240398027955, 114.8205435844179902, 132.5546790441548524 ) ) ;
#1527 = EDGE_CURVE ( 'NONE', #9683, #7786, #5094, .T. ) ;
#1528 = CARTESIAN_POINT ( 'NONE',  ( -79.56637905484652151, 142.1676907268007426, 62.12384020172561350 ) ) ;
#1529 = CARTESIAN_POINT ( 'NONE',  ( -84.47869407075995696, 129.3234547979877220, 128.8578404210620079 ) ) ;
#1530 = CARTESIAN_POINT ( 'NONE',  ( -73.28852960328462984, 114.3119079817578125, 115.5054217592787182 ) ) ;
#1531 = VERTEX_POINT ( 'NONE', #2047 ) ;
#1532 = CARTESIAN_POINT ( 'NONE',  ( -73.28852960328462984, 107.3119079817578267, 131.5054217592787609 ) ) ;
#1533 = CARTESIAN_POINT ( 'NONE',  ( -81.63673514103373918, 149.0028075783910140, 159.9066404744046395 ) ) ;
#1534 = VERTEX_POINT ( 'NONE', #2845 ) ;
#1535 = CARTESIAN_POINT ( 'NONE',  ( -88.85704443486936555, 132.5309159640421228, 92.18901621958048054 ) ) ;
#1536 = DIRECTION ( 'NONE',  ( -1.000000000000000000, -0.000000000000000000, -0.000000000000000000 ) ) ;
#1537 = CARTESIAN_POINT ( 'NONE',  ( -89.09106584933309136, 111.3508825692940718, 113.4859230158871668 ) ) ;
#1538 = CARTESIAN_POINT ( 'NONE',  ( -87.37848393418833837, 113.3119079817578267, 131.5640869372336397 ) ) ;
#1539 = CARTESIAN_POINT ( 'NONE',  ( -68.78980976813971893, 69.28116841327191366, 77.27902731469588105 ) ) ;
#1540 = ORIENTED_EDGE ( 'NONE', *, *, #7977, .T. ) ;
#1541 = CARTESIAN_POINT ( 'NONE',  ( -72.28852960328462984, 113.8372180658653861, 134.1943073782335887 ) ) ;
#1542 = AXIS2_PLACEMENT_3D ( 'NONE', #22, #772, #9236 ) ;
#1543 = DIRECTION ( 'NONE',  ( 0.02889395120808170569, -0.9973608207638274825, 0.06660730281950627552 ) ) ;
#1544 = LINE ( 'NONE', #7027, #5044 ) ;
#1545 = CARTESIAN_POINT ( 'NONE',  ( -78.78852960328464405, 78.71924041441202746, 68.09220448043285501 ) ) ;
#1546 = CARTESIAN_POINT ( 'NONE',  ( -70.78852960328462984, 141.6583579391500223, 71.02214642643238562 ) ) ;
#1547 = VECTOR ( 'NONE', #8427, 1000.000000000000000 ) ;
#1548 = DIRECTION ( 'NONE',  ( 1.000000000000000000, -0.000000000000000000, -0.000000000000000000 ) ) ;
#1549 = CARTESIAN_POINT ( 'NONE',  ( -79.64769723241180088, 143.3000633496608600, 62.31035801045132416 ) ) ;
#1550 = ORIENTED_EDGE ( 'NONE', *, *, #3073, .F. ) ;
#1551 = CARTESIAN_POINT ( 'NONE',  ( -85.36466301187962813, 142.3324098831074878, 102.3493663510701168 ) ) ;
#1552 = ORIENTED_EDGE ( 'NONE', *, *, #849, .T. ) ;
#1553 = CARTESIAN_POINT ( 'NONE',  ( -90.22708683365117110, 106.0820124852132409, 112.8827108065072338 ) ) ;
#1554 = VERTEX_POINT ( 'NONE', #8918 ) ;
#1555 = AXIS2_PLACEMENT_3D ( 'NONE', #7120, #2418, #8274 ) ;
#1556 = CARTESIAN_POINT ( 'NONE',  ( -80.17055048504906267, 75.26943139218830936, 67.70370439690131548 ) ) ;
#1557 = FACE_OUTER_BOUND ( 'NONE', #1078, .T. ) ;
#1558 = EDGE_CURVE ( 'NONE', #1858, #7596, #521, .T. ) ;
#1559 = CARTESIAN_POINT ( 'NONE',  ( -81.31302521557013563, 73.16404398307666668, 156.1867755754435905 ) ) ;
#1560 = ADVANCED_FACE ( 'NONE', ( #2751 ), #5042, .T. ) ;
#1561 = DIRECTION ( 'NONE',  ( 0.000000000000000000, 0.000000000000000000, -1.000000000000000000 ) ) ;
#1562 = CARTESIAN_POINT ( 'NONE',  ( -88.86136945659322350, 134.5667148494114542, 92.21284248072339551 ) ) ;
#1563 = CARTESIAN_POINT ( 'NONE',  ( -90.78852960328464405, 112.3119079817578125, 103.0725956219346386 ) ) ;
#1564 = CARTESIAN_POINT ( 'NONE',  ( -70.78852960328462984, 67.14113267551647368, 88.78725280721268120 ) ) ;
#1565 = CARTESIAN_POINT ( 'NONE',  ( -77.73246983451436165, 141.5581117126986328, 60.92190020000548145 ) ) ;
#1566 = CIRCLE ( 'NONE', #1252, 2.000000000000011990 ) ;
#1567 = CYLINDRICAL_SURFACE ( 'NONE', #5646, 1.000000000000000888 ) ;
#1568 = ORIENTED_EDGE ( 'NONE', *, *, #2737, .T. ) ;
#1569 = CARTESIAN_POINT ( 'NONE',  ( -71.34913184519541574, 113.8641108642541724, 96.55288528500219059 ) ) ;
#1570 = CARTESIAN_POINT ( 'NONE',  ( -90.75028018625350512, 86.94190798175786483, 110.5057407317052736 ) ) ;
#1571 = ADVANCED_FACE ( 'NONE', ( #2149 ), #6524, .T. ) ;
#1572 = CARTESIAN_POINT ( 'NONE',  ( -83.38852960328463837, 143.6309159640421456, 107.2804998236556884 ) ) ;
#1573 = EDGE_CURVE ( 'NONE', #7285, #7324, #1076, .T. ) ;
#1574 = EDGE_CURVE ( 'NONE', #2130, #954, #2337, .T. ) ;
#1575 = DIRECTION ( 'NONE',  ( 0.000000000000000000, 0.000000000000000000, -1.000000000000000000 ) ) ;
#1576 = AXIS2_PLACEMENT_3D ( 'NONE', #8829, #2060, #5052 ) ;
#1577 = CARTESIAN_POINT ( 'NONE',  ( -88.93966256426770656, 135.5087561840942669, 134.3619264546264844 ) ) ;
#1578 = CARTESIAN_POINT ( 'NONE',  ( -79.33451039595756527, 131.6342484975552054, 61.58082428806023501 ) ) ;
#1579 = CARTESIAN_POINT ( 'NONE',  ( -78.78852960328464405, 86.78156815438114791, 71.25779513156508926 ) ) ;
#1580 = CARTESIAN_POINT ( 'NONE',  ( -85.03993696286697457, 125.3388131021715139, 126.3285197455375481 ) ) ;
#1581 = CARTESIAN_POINT ( 'NONE',  ( -90.44524753875063539, 104.5630059745995197, 104.5180003317094588 ) ) ;
#1582 = ORIENTED_EDGE ( 'NONE', *, *, #3688, .F. ) ;
#1583 = CARTESIAN_POINT ( 'NONE',  ( -74.78852960328464405, 72.82295649909525537, 75.74770773723835759 ) ) ;
#1584 = CARTESIAN_POINT ( 'NONE',  ( -78.78852960328464405, 130.8367218251632096, 95.58049982365568553 ) ) ;
#1585 = ORIENTED_EDGE ( 'NONE', *, *, #2444, .T. ) ;
#1586 = DIRECTION ( 'NONE',  ( -0.9701425001453327646, -0.2425356250363299160, 0.000000000000000000 ) ) ;
#1587 = EDGE_CURVE ( 'NONE', #1419, #3468, #8312, .T. ) ;
#1588 = CARTESIAN_POINT ( 'NONE',  ( -82.14086771454923053, 149.4465106290363963, 158.6130546570287549 ) ) ;
#1589 = EDGE_CURVE ( 'NONE', #3377, #7937, #715, .T. ) ;
#1590 = DIRECTION ( 'NONE',  ( 0.000000000000000000, 1.387778780781450882E-14, -1.000000000000000000 ) ) ;
#1591 = ORIENTED_EDGE ( 'NONE', *, *, #8787, .F. ) ;
#1592 = CARTESIAN_POINT ( 'NONE',  ( -85.71126242301109244, 122.8621302731273630, 104.7232496117907914 ) ) ;
#1593 = CARTESIAN_POINT ( 'NONE',  ( -90.84481806067077514, 113.3119079818422819, 115.4498907089995612 ) ) ;
#1594 = AXIS2_PLACEMENT_3D ( 'NONE', #8721, #2755, #8025 ) ;
#1595 = CARTESIAN_POINT ( 'NONE',  ( -89.61365060151497630, 144.0482526994669001, 96.87680808847433411 ) ) ;
#1596 = CARTESIAN_POINT ( 'NONE',  ( -94.87364774114004717, 132.5309159640421228, 107.2804998236556884 ) ) ;
#1597 = CARTESIAN_POINT ( 'NONE',  ( -79.71280309345905835, 76.24735670630300888, 160.6843929693463338 ) ) ;
#1598 = CARTESIAN_POINT ( 'NONE',  ( -78.78852960328464405, 72.70363949339869691, 149.9940538918194477 ) ) ;
#1599 = ORIENTED_EDGE ( 'NONE', *, *, #6563, .T. ) ;
#1600 = CARTESIAN_POINT ( 'NONE',  ( -74.78852960328464405, 66.18236014593446725, 135.7156269189535465 ) ) ;
#1601 = CIRCLE ( 'NONE', #2235, 1.599999999999990319 ) ;
#1602 = CARTESIAN_POINT ( 'NONE',  ( -72.28852960328462984, 113.9287952785863638, 134.2125265045658296 ) ) ;
#1603 = AXIS2_PLACEMENT_3D ( 'NONE', #2272, #6098, #4591 ) ;
#1604 = DIRECTION ( 'NONE',  ( -1.000000000000000000, -0.000000000000000000, -0.000000000000000000 ) ) ;
#1605 = EDGE_CURVE ( 'NONE', #6607, #5815, #8229, .T. ) ;
#1606 = CARTESIAN_POINT ( 'NONE',  ( -72.28852960328462984, 107.3119079817578267, 134.5054217592787609 ) ) ;
#1607 = CARTESIAN_POINT ( 'NONE',  ( -71.60444152329296230, 71.21275621524479504, 150.5298516408311968 ) ) ;
#1608 = VECTOR ( 'NONE', #4320, 1000.000000000000000 ) ;
#1609 = AXIS2_PLACEMENT_3D ( 'NONE', #8017, #563, #7137 ) ;
#1610 = CARTESIAN_POINT ( 'NONE',  ( -81.13553539218330002, 151.6532541571494335, 156.0134921710264280 ) ) ;
#1611 = CARTESIAN_POINT ( 'NONE',  ( -85.26836070295870229, 141.9895764681020580, 101.7910723752214608 ) ) ;
#1612 = CYLINDRICAL_SURFACE ( 'NONE', #9795, 2.000000000000001776 ) ;
#1613 = VERTEX_POINT ( 'NONE', #6711 ) ;
#1614 = EDGE_LOOP ( 'NONE', ( #8696, #5571, #4357, #327 ) ) ;
#1615 = ADVANCED_FACE ( 'NONE', ( #671 ), #9105, .F. ) ;
#1616 = AXIS2_PLACEMENT_3D ( 'NONE', #1682, #4735, #6248 ) ;
#1617 = DIRECTION ( 'NONE',  ( -1.000000000000000000, -0.000000000000000000, -0.000000000000000000 ) ) ;
#1618 = CARTESIAN_POINT ( 'NONE',  ( -126.7885296032846583, 86.94190798175786483, 113.5057407317052736 ) ) ;
#1619 = LINE ( 'NONE', #5400, #5490 ) ;
#1620 = LINE ( 'NONE', #1016, #810 ) ;
#1621 = CARTESIAN_POINT ( 'NONE',  ( -78.30196490886672223, 122.0038142936679861, 62.24319128020064085 ) ) ;
#1622 = DIRECTION ( 'NONE',  ( 0.000000000000000000, 1.000000000000000000, 1.261617073437657893E-14 ) ) ;
#1623 = EDGE_LOOP ( 'NONE', ( #3612, #9532, #2517, #9093, #4371, #4524, #3866, #4310, #6472, #2356, #7244, #3413, #3584, #1997, #9107, #5545, #1591, #5762, #6162, #6522, #139, #7700, #8379, #8208, #4044, #3453, #1412, #2583, #6853, #7581, #1822, #5123, #6504, #8789, #1550, #8230, #5988, #3498, #5610, #7216, #7449, #8335, #9614, #7619, #9263, #2770, #9704, #2706, #2533 ) ) ;
#1624 = CARTESIAN_POINT ( 'NONE',  ( -70.92380036519735143, 114.7195987613205688, 96.71739675296795724 ) ) ;
#1625 = CARTESIAN_POINT ( 'NONE',  ( -89.49938228250330496, 104.4718816410209996, 96.05917275557604285 ) ) ;
#1626 = CARTESIAN_POINT ( 'NONE',  ( -89.74136572598288808, 121.3488315780359130, 97.80878102883173142 ) ) ;
#1627 = CARTESIAN_POINT ( 'NONE',  ( -79.59454680520670422, 76.96010700503326518, 161.3554375618792562 ) ) ;
#1628 = FACE_OUTER_BOUND ( 'NONE', #9131, .T. ) ;
#1629 = CARTESIAN_POINT ( 'NONE',  ( -88.63259149488781929, 59.56736500383656363, 107.1843459306470834 ) ) ;
#1630 = ORIENTED_EDGE ( 'NONE', *, *, #303, .T. ) ;
#1631 = DIRECTION ( 'NONE',  ( 0.000000000000000000, 0.000000000000000000, -1.000000000000000000 ) ) ;
#1632 = CARTESIAN_POINT ( 'NONE',  ( -84.52218036716257643, 128.8468314567205937, 128.6785957965419414 ) ) ;
#1633 = DIRECTION ( 'NONE',  ( 0.000000000000000000, -8.673617379884020681E-16, 1.000000000000000000 ) ) ;
#1634 = EDGE_CURVE ( 'NONE', #4349, #2236, #9613, .T. ) ;
#1635 = DIRECTION ( 'NONE',  ( 1.000000000000000000, -0.000000000000000000, -0.000000000000000000 ) ) ;
#1636 = CARTESIAN_POINT ( 'NONE',  ( -85.20637135121241101, 124.5898840308006328, 125.4586076314673164 ) ) ;
#1637 = DIRECTION ( 'NONE',  ( 0.000000000000000000, 0.000000000000000000, -1.000000000000000000 ) ) ;
#1638 = VERTEX_POINT ( 'NONE', #8224 ) ;
#1639 = CARTESIAN_POINT ( 'NONE',  ( -90.84786544820639165, 147.8939197522231268, 115.4229138047998759 ) ) ;
#1640 = B_SPLINE_CURVE_WITH_KNOTS ( 'NONE', 3,
 ( #9520, #2695, #3461, #2080 ),
 .UNSPECIFIED., .F., .F.,
 ( 4, 4 ),
 ( 0.000000000000000000, 0.009786615472931466803 ),
 .UNSPECIFIED. ) ;
#1641 = ORIENTED_EDGE ( 'NONE', *, *, #909, .T. ) ;
#1642 = ADVANCED_FACE ( 'NONE', ( #9765, #4519 ), #2989, .T. ) ;
#1643 = CARTESIAN_POINT ( 'NONE',  ( -89.78852960328462984, 112.3119079817578125, 103.0725956219346386 ) ) ;
#1644 = CARTESIAN_POINT ( 'NONE',  ( -84.50043355845814119, 72.50887111391729434, 75.04356242206637262 ) ) ;
#1645 = VERTEX_POINT ( 'NONE', #8968 ) ;
#1646 = CARTESIAN_POINT ( 'NONE',  ( -79.19993243844120911, 79.86585913337022191, 165.7258149481147314 ) ) ;
#1647 = CARTESIAN_POINT ( 'NONE',  ( -84.54008218511877715, 128.1175415131090745, 98.30111591460244824 ) ) ;
#1648 = CARTESIAN_POINT ( 'NONE',  ( -88.86146180236990233, 131.5885991322786026, 92.21335114670600319 ) ) ;
#1649 = EDGE_CURVE ( 'NONE', #8938, #3604, #2414, .T. ) ;
#1650 = DIRECTION ( 'NONE',  ( 0.000000000000000000, -1.000000000000000000, 0.000000000000000000 ) ) ;
#1651 = CARTESIAN_POINT ( 'NONE',  ( -84.39748054784833187, 111.9079393242091527, 93.29903430233574113 ) ) ;
#1652 = DIRECTION ( 'NONE',  ( -1.000000000000000000, 0.000000000000000000, -0.000000000000000000 ) ) ;
#1653 = DIRECTION ( 'NONE',  ( 0.000000000000000000, 0.000000000000000000, -1.000000000000000000 ) ) ;
#1654 = ORIENTED_EDGE ( 'NONE', *, *, #3031, .T. ) ;
#1655 = LINE ( 'NONE', #7780, #4455 ) ;
#1656 = CARTESIAN_POINT ( 'NONE',  ( -89.18198972165524196, 125.5831358454472024, 94.06429306358913323 ) ) ;
#1657 = CARTESIAN_POINT ( 'NONE',  ( -81.26475505494609308, 76.36206885217623608, 66.16397398486074621 ) ) ;
#1658 = CARTESIAN_POINT ( 'NONE',  ( -89.71743384351188411, 111.7711875169541145, 113.2739361851842546 ) ) ;
#1659 = CARTESIAN_POINT ( 'NONE',  ( -82.47977352674496387, 150.9263768500127298, 156.4279739461720453 ) ) ;
#1660 = CARTESIAN_POINT ( 'NONE',  ( -74.78852960328464405, 74.23430620318568174, 152.2681882684273376 ) ) ;
#1661 = CARTESIAN_POINT ( 'NONE',  ( -70.86059497545181785, 114.9100487871462803, 96.89897044519470626 ) ) ;
#1662 = ORIENTED_EDGE ( 'NONE', *, *, #7485, .T. ) ;
#1663 = EDGE_LOOP ( 'NONE', ( #4986, #4866, #8521, #4931 ) ) ;
#1664 = B_SPLINE_CURVE_WITH_KNOTS ( 'NONE', 2,
 ( #9328, #4819, #7936 ),
 .UNSPECIFIED., .F., .F.,
 ( 3, 3 ),
 ( 0.8864573228410096428, 1.000000000000000000 ),
 .UNSPECIFIED. ) ;
#1665 = EDGE_CURVE ( 'NONE', #8542, #3388, #4477, .T. ) ;
#1666 = CARTESIAN_POINT ( 'NONE',  ( -79.64251184225243207, 143.3198520270899792, 164.7125128910320484 ) ) ;
#1667 = CARTESIAN_POINT ( 'NONE',  ( -81.48957093456252210, 77.88561970740856566, 160.2775574508548573 ) ) ;
#1668 = CARTESIAN_POINT ( 'NONE',  ( -81.93159391891856558, 77.09645174826047764, 67.85859521369940239 ) ) ;
#1669 = CARTESIAN_POINT ( 'NONE',  ( -79.88085404433662973, 75.80279628721460483, 66.94683719397764321 ) ) ;
#1670 = CARTESIAN_POINT ( 'NONE',  ( -89.29898135587792751, 124.9912031253823983, 132.2269931492060664 ) ) ;
#1671 = CARTESIAN_POINT ( 'NONE',  ( -85.84227099437394770, 64.77728560969940474, 140.3764982856200163 ) ) ;
#1672 = EDGE_CURVE ( 'NONE', #1263, #2907, #7470, .T. ) ;
#1673 = DIRECTION ( 'NONE',  ( 0.000000000000000000, -0.000000000000000000, -1.000000000000000000 ) ) ;
#1674 = CARTESIAN_POINT ( 'NONE',  ( -81.13853124360859681, 151.6550587653207174, 156.0052516391681081 ) ) ;
#1675 = CARTESIAN_POINT ( 'NONE',  ( -80.78852960328464405, 141.9419079817567138, 155.0057407317052878 ) ) ;
#1676 = CARTESIAN_POINT ( 'NONE',  ( -94.87364774114004717, 132.5309159640421228, 97.28049982365567416 ) ) ;
#1677 = CARTESIAN_POINT ( 'NONE',  ( -79.90736420691177955, 76.34545273357508677, 66.22626939546624669 ) ) ;
#1678 = CARTESIAN_POINT ( 'NONE',  ( -78.07415635093941830, 93.95544938290105108, 165.2967575477672995 ) ) ;
#1679 = ORIENTED_EDGE ( 'NONE', *, *, #79, .F. ) ;
#1680 = CARTESIAN_POINT ( 'NONE',  ( -71.48621168421419725, 113.7476008660374589, 96.32064280761177599 ) ) ;
#1681 = DIRECTION ( 'NONE',  ( 0.000000000000000000, 0.000000000000000000, -1.000000000000000000 ) ) ;
#1682 = CARTESIAN_POINT ( 'NONE',  ( -72.28852960328462984, 114.0119079817578296, 96.20574073170529061 ) ) ;
#1683 = CARTESIAN_POINT ( 'NONE',  ( -90.61241874260585405, 154.2061273802077892, 120.9180676683968017 ) ) ;
#1684 = CARTESIAN_POINT ( 'NONE',  ( -80.11797012308221611, 76.45627070347612175, 66.14458745711364429 ) ) ;
#1685 = CARTESIAN_POINT ( 'NONE',  ( -74.78852960328464405, 141.9419079817567138, 152.0057407317052878 ) ) ;
#1686 = CARTESIAN_POINT ( 'NONE',  ( -85.05560318636371164, 125.2632432165831915, 126.2497232497949113 ) ) ;
#1687 = CARTESIAN_POINT ( 'NONE',  ( -74.78852960328464405, 72.76613869137212021, 149.8243718520982668 ) ) ;
#1688 = VERTEX_POINT ( 'NONE', #2295 ) ;
#1689 = DIRECTION ( 'NONE',  ( -1.000000000000000000, -0.000000000000000000, -0.000000000000000000 ) ) ;
#1690 = CARTESIAN_POINT ( 'NONE',  ( -77.88126389387153381, 87.22497558232078063, 61.26513374786112820 ) ) ;
#1691 = ORIENTED_EDGE ( 'NONE', *, *, #1464, .T. ) ;
#1692 = FACE_OUTER_BOUND ( 'NONE', #6707, .T. ) ;
#1693 = EDGE_LOOP ( 'NONE', ( #7676, #3755, #1293, #2886 ) ) ;
#1694 = CARTESIAN_POINT ( 'NONE',  ( -78.75130074439999817, 80.58258753186187562, 166.7240621810396988 ) ) ;
#1695 = CARTESIAN_POINT ( 'NONE',  ( -85.24736311666683264, 124.2506020035226726, 101.6736170414865228 ) ) ;
#1696 = CARTESIAN_POINT ( 'NONE',  ( -84.94222077529666137, 140.5898129239314187, 100.0971722256173848 ) ) ;
#1697 = B_SPLINE_CURVE_WITH_KNOTS ( 'NONE', 3,
 ( #7642, #3991, #1719, #3941, #4581, #4725, #6187, #4779, #7038, #6237, #4628, #6138 ),
 .UNSPECIFIED., .F., .F.,
 ( 4, 2, 2, 2, 2, 4 ),
 ( 0.000000000000000000, 0.002027923397771534946, 0.003041885096657324320, 0.004055846795543114995, 0.006083770193314730172, 0.008111693591086346217 ),
 .UNSPECIFIED. ) ;
#1698 = CARTESIAN_POINT ( 'NONE',  ( -84.54526018826683753, 111.6435839016085083, 93.54635706621822067 ) ) ;
#1699 = DIRECTION ( 'NONE',  ( 1.000000000000000000, -0.000000000000000000, -0.000000000000000000 ) ) ;
#1700 = EDGE_LOOP ( 'NONE', ( #8614, #9694, #7193, #6258 ) ) ;
#1701 = DIRECTION ( 'NONE',  ( -0.000000000000000000, -1.000000000000000000, 6.938893903907227392E-16 ) ) ;
#1702 = CARTESIAN_POINT ( 'NONE',  ( -74.78852960328464405, 71.21918223574462559, 76.47863238026758381 ) ) ;
#1703 = CARTESIAN_POINT ( 'NONE',  ( -90.77093277354374834, 115.3119079817578125, 111.4708323586715153 ) ) ;
#1704 =( BOUNDED_SURFACE ( )  B_SPLINE_SURFACE ( 3, 2, ( 
 ( #3329, #7783, #6271 ),
 ( #2653, #1898, #6322 ),
 ( #1150, #9472, #5677 ),
 ( #8107, #5877, #4410 ),
 ( #3673, #7210, #2743 ),
 ( #8262, #791, #7618 ) ),
 .UNSPECIFIED., .F., .F., .T. ) 
 B_SPLINE_SURFACE_WITH_KNOTS ( ( 4, 2, 4 ),
 ( 3, 3 ),
 ( 6.938893903907228378E-18, 0.01501208939922673950, 0.03002417879845347207 ),
 ( 0.000000000000000000, 1.000000000000000000 ),
 .UNSPECIFIED. ) 
 GEOMETRIC_REPRESENTATION_ITEM ( )  RATIONAL_B_SPLINE_SURFACE ( (
 ( 1.000000000000000000, 0.8344873551380685983, 1.000000000000000000),
 ( 1.000000000000000000, 0.8339957772262572844, 1.000000000000000000),
 ( 1.000000000000000000, 0.8337503943021978836, 1.000000000000000000),
 ( 1.000000000000000000, 0.8337652535269163279, 1.000000000000000000),
 ( 1.000000000000000000, 0.8340254953521952785, 1.000000000000000000),
 ( 1.000000000000000000, 0.8345313104244578284, 1.000000000000000000) ) ) 
 REPRESENTATION_ITEM ( '' )  SURFACE ( )  );
#1705 = EDGE_CURVE ( 'NONE', #8518, #1734, #2822, .T. ) ;
#1706 = EDGE_CURVE ( 'NONE', #8987, #7233, #3301, .T. ) ;
#1707 = CARTESIAN_POINT ( 'NONE',  ( -70.83674200873441862, 152.3446421799375514, 132.7125267394740717 ) ) ;
#1708 = CARTESIAN_POINT ( 'NONE',  ( -78.07415635258435316, 93.95544943975892238, 165.2967575439701022 ) ) ;
#1709 = CARTESIAN_POINT ( 'NONE',  ( -71.60444152329296230, 69.28151800167140095, 149.7325884709703701 ) ) ;
#1710 = B_SPLINE_CURVE_WITH_KNOTS ( 'NONE', 3,
 ( #5528, #1797, #6802, #9458 ),
 .UNSPECIFIED., .F., .F.,
 ( 4, 4 ),
 ( 0.000000000000000000, 1.000000000000000000 ),
 .UNSPECIFIED. ) ;
#1711 = CARTESIAN_POINT ( 'NONE',  ( -85.08541993955172700, 141.2558144820054906, 100.8084495755348655 ) ) ;
#1712 = AXIS2_PLACEMENT_3D ( 'NONE', #8597, #6250, #6348 ) ;
#1713 = ORIENTED_EDGE ( 'NONE', *, *, #4481, .F. ) ;
#1714 = ORIENTED_EDGE ( 'NONE', *, *, #7705, .T. ) ;
#1715 = DIRECTION ( 'NONE',  ( 0.000000000000000000, 1.000000000000000000, -0.000000000000000000 ) ) ;
#1716 = DIRECTION ( 'NONE',  ( 0.000000000000000000, 0.000000000000000000, -1.000000000000000000 ) ) ;
#1717 = LINE ( 'NONE', #6236, #452 ) ;
#1718 = CIRCLE ( 'NONE', #280, 2.000000000000001776 ) ;
#1719 = CARTESIAN_POINT ( 'NONE',  ( -79.09869308976274738, 149.6170618774309276, 64.93238858026333560 ) ) ;
#1720 = LINE ( 'NONE', #9182, #2869 ) ;
#1721 = CARTESIAN_POINT ( 'NONE',  ( -83.38803257718434736, 149.9208059090881875, 71.77120483761117953 ) ) ;
#1722 = CARTESIAN_POINT ( 'NONE',  ( -74.78852960328464405, 65.56506090653788021, 133.8099855314739841 ) ) ;
#1723 = ORIENTED_EDGE ( 'NONE', *, *, #5370, .T. ) ;
#1724 = CARTESIAN_POINT ( 'NONE',  ( -70.92380036519732300, 114.5320976061795619, 96.90489790810899251 ) ) ;
#1725 = CARTESIAN_POINT ( 'NONE',  ( -78.22488836097058140, 146.7147910245794264, 164.6642720551946297 ) ) ;
#1726 = VECTOR ( 'NONE', #2904, 1000.000000000000000 ) ;
#1727 = CARTESIAN_POINT ( 'NONE',  ( -78.82331955995607586, 79.89573265489883624, 63.78694886579046397 ) ) ;
#1728 = CARTESIAN_POINT ( 'NONE',  ( -88.76864531618238630, 113.3119079817578125, 111.3610922527621483 ) ) ;
#1729 = AXIS2_PLACEMENT_3D ( 'NONE', #7329, #2962, #3696 ) ;
#1730 = CARTESIAN_POINT ( 'NONE',  ( -74.78852960328464405, 74.23430613536913825, 152.2681882201588053 ) ) ;
#1731 = DIRECTION ( 'NONE',  ( 0.7071067811865441310, 0.000000000000000000, -0.7071067811865510144 ) ) ;
#1732 = CARTESIAN_POINT ( 'NONE',  ( -85.15783349296916072, 124.7970560588242677, 125.7198556995494982 ) ) ;
#1733 = LINE ( 'NONE', #9355, #4563 ) ;
#1734 = VERTEX_POINT ( 'NONE', #1606 ) ;
#1735 = CARTESIAN_POINT ( 'NONE',  ( -78.78852960328464405, 148.6523643092002942, 155.6914970079084526 ) ) ;
#1736 = CARTESIAN_POINT ( 'NONE',  ( -77.87871578596957534, 86.78156815438114791, 61.25779513156511769 ) ) ;
#1737 = ORIENTED_EDGE ( 'NONE', *, *, #1512, .F. ) ;
#1738 = VECTOR ( 'NONE', #7770, 1000.000000000000114 ) ;
#1739 = EDGE_LOOP ( 'NONE', ( #3171, #7477, #6421 ) ) ;
#1740 = CARTESIAN_POINT ( 'NONE',  ( -77.97455885367347150, 81.83011934245217844, 168.4616034596007523 ) ) ;
#1741 = CARTESIAN_POINT ( 'NONE',  ( -81.49212647385796515, 77.88113090313534315, 66.73967773206994991 ) ) ;
#1742 = CARTESIAN_POINT ( 'NONE',  ( -85.70837948235079296, 122.8655587338443098, 104.6944207875262123 ) ) ;
#1743 = CARTESIAN_POINT ( 'NONE',  ( -89.89124314144943639, 145.6161361060345030, 98.97508476086903784 ) ) ;
#1744 = DIRECTION ( 'NONE',  ( 1.000000000000000000, 0.000000000000000000, 0.000000000000000000 ) ) ;
#1745 = AXIS2_PLACEMENT_3D ( 'NONE', #5477, #6223, #7926 ) ;
#1746 = CARTESIAN_POINT ( 'NONE',  ( -78.78852960328465826, 62.63027578846767796, 120.6734941045586567 ) ) ;
#1747 = B_SPLINE_CURVE_WITH_KNOTS ( 'NONE', 1,
 ( #5211, #5866 ),
 .UNSPECIFIED., .F., .F.,
 ( 2, 2 ),
 ( 0.000000000000000000, 1.000000000000000000 ),
 .UNSPECIFIED. ) ;
#1748 = CARTESIAN_POINT ( 'NONE',  ( -70.78852960328462984, 153.5290633561651248, 120.6647280515090728 ) ) ;
#1749 = ORIENTED_EDGE ( 'NONE', *, *, #7471, .T. ) ;
#1750 = CARTESIAN_POINT ( 'NONE',  ( -69.74836691017675605, 62.28864451259448742, 117.7927441914530959 ) ) ;
#1751 = B_SPLINE_CURVE_WITH_KNOTS ( 'NONE', 3,
 ( #6384, #9390, #3350, #7980 ),
 .UNSPECIFIED., .F., .F.,
 ( 4, 4 ),
 ( 0.000000000000000000, 0.0004412850669917378144 ),
 .UNSPECIFIED. ) ;
#1752 = CARTESIAN_POINT ( 'NONE',  ( -72.17230209602756474, 113.4875454847913687, 133.9180868517630927 ) ) ;
#1753 = VECTOR ( 'NONE', #9468, 1000.000000000000000 ) ;
#1754 = CARTESIAN_POINT ( 'NONE',  ( -71.60435360180845521, 74.23361137435543355, 74.74380800226626320 ) ) ;
#1755 = EDGE_CURVE ( 'NONE', #9364, #6985, #1242, .T. ) ;
#1756 = ORIENTED_EDGE ( 'NONE', *, *, #548, .T. ) ;
#1757 = AXIS2_PLACEMENT_3D ( 'NONE', #4036, #3205, #9280 ) ;
#1758 = CARTESIAN_POINT ( 'NONE',  ( -71.60444152329296230, 72.89156955085712752, 151.3124884209214258 ) ) ;
#1759 = MANIFOLD_SOLID_BREP ( 'Body-Move/Copy4[2]', #588 ) ;
#1760 = AXIS2_PLACEMENT_3D ( 'NONE', #235, #9288, #1681 ) ;
#1761 = CARTESIAN_POINT ( 'NONE',  ( -70.78852960328462984, 115.2218615512913544, 97.38730597908370612 ) ) ;
#1762 = ORIENTED_EDGE ( 'NONE', *, *, #6363, .T. ) ;
#1763 = ORIENTED_EDGE ( 'NONE', *, *, #52, .T. ) ;
#1764 = CARTESIAN_POINT ( 'NONE',  ( -81.51469457316177625, 77.84083610456289648, 160.2143311777757617 ) ) ;
#1765 = CARTESIAN_POINT ( 'NONE',  ( -78.78852960328464405, 141.9419079817567138, 157.0057407317053162 ) ) ;
#1766 = CARTESIAN_POINT ( 'NONE',  ( -89.49753257318488409, 123.2958641789668661, 130.9335206933815527 ) ) ;
#1767 = CARTESIAN_POINT ( 'NONE',  ( -84.79149817956026425, 144.7979806787620589, 75.94401810018101173 ) ) ;
#1768 = AXIS2_PLACEMENT_3D ( 'NONE', #5989, #9024, #1716 ) ;
#1769 = CARTESIAN_POINT ( 'NONE',  ( -83.36100129456461616, 69.38097098904366078, 77.09880184199791131 ) ) ;
#1770 = B_SPLINE_CURVE_WITH_KNOTS ( 'NONE', 3,
 ( #8454, #8650, #3909, #6255, #7763, #4012, #7008, #9304, #1840, #1794, #1324, #2028, #8047, #448, #3455, #1976, #2872, #4304, #3545, #6449, #9509, #5711, #7242, #9595, #4348, #3602, #6594, #9644, #8889, #4159 ),
 .UNSPECIFIED., .F., .F.,
 ( 4, 2, 2, 2, 2, 2, 2, 2, 2, 2, 2, 2, 2, 2, 4 ),
 ( 0.000000000000000000, 0.01024092531000938243, 0.02048185062001876486, 0.02560231327502341531, 0.02816254460252574227, 0.03072277593002806576, 0.04096370124003742563, 0.04608416389504211425, 0.04864439522254446896, 0.05120462655004681674, 0.06144555186005618702, 0.06656601451506088951, 0.06912624584256324423, 0.07168647717006559894, 0.08192740248007500392 ),
 .UNSPECIFIED. ) ;
#1771 = DIRECTION ( 'NONE',  ( 1.000000000000000000, -0.000000000000000000, -0.000000000000000000 ) ) ;
#1772 = EDGE_CURVE ( 'NONE', #2304, #431, #5493, .T. ) ;
#1773 = CARTESIAN_POINT ( 'NONE',  ( -73.28852960328462984, 111.3119079817577983, 134.5054217592787609 ) ) ;
#1774 = CARTESIAN_POINT ( 'NONE',  ( -81.14152631506996727, 151.6568634327554719, 155.9970108366900092 ) ) ;
#1775 = CYLINDRICAL_SURFACE ( 'NONE', #8681, 223.0000000000000853 ) ;
#1776 = CARTESIAN_POINT ( 'NONE',  ( -90.77093277354376255, 103.3119079817578267, 111.4708323586715011 ) ) ;
#1777 = CARTESIAN_POINT ( 'NONE',  ( -90.30398103935509369, 118.9564116919135728, 124.1847414020234766 ) ) ;
#1778 = ORIENTED_EDGE ( 'NONE', *, *, #2614, .F. ) ;
#1779 = CARTESIAN_POINT ( 'NONE',  ( -70.78852960328462984, 115.2120100720885603, 97.39385362294321169 ) ) ;
#1780 = DIRECTION ( 'NONE',  ( 1.000000000000000000, 0.000000000000000000, 0.000000000000000000 ) ) ;
#1781 = CIRCLE ( 'NONE', #7269, 220.0000000000000853 ) ;
#1782 = CIRCLE ( 'NONE', #2423, 1.999999999999992895 ) ;
#1783 = CARTESIAN_POINT ( 'NONE',  ( -79.22016333101335306, 78.37792093675432170, 64.75318308249865140 ) ) ;
#1784 = CARTESIAN_POINT ( 'NONE',  ( -87.14771696570501547, 107.3119079817577557, 133.5538922851065422 ) ) ;
#1785 = CARTESIAN_POINT ( 'NONE',  ( -87.78852960328462984, 110.9293568147877664, 102.8454217592787501 ) ) ;
#1786 = ORIENTED_EDGE ( 'NONE', *, *, #7546, .F. ) ;
#1787 = DIRECTION ( 'NONE',  ( 1.000000000000000000, -0.000000000000000000, -0.000000000000000000 ) ) ;
#1788 = CARTESIAN_POINT ( 'NONE',  ( -88.66070395815292216, 115.3119079817578267, 135.8791374862808539 ) ) ;
#1789 = CARTESIAN_POINT ( 'NONE',  ( -82.95119645453647195, 151.5566607840284803, 156.4545744955604221 ) ) ;
#1790 = CARTESIAN_POINT ( 'NONE',  ( -86.69593003848908097, 111.3119079817578267, 135.5054217592787609 ) ) ;
#1791 = VERTEX_POINT ( 'NONE', #3088 ) ;
#1792 = DIRECTION ( 'NONE',  ( 0.2820697536210005629, -0.6783887851291617865, 0.6783990789374406694 ) ) ;
#1793 = VERTEX_POINT ( 'NONE', #3929 ) ;
#1794 = CARTESIAN_POINT ( 'NONE',  ( -70.15753841622931475, 63.41794323353630602, 125.4983470128619985 ) ) ;
#1795 = LINE ( 'NONE', #2594, #4414 ) ;
#1796 = ORIENTED_EDGE ( 'NONE', *, *, #6211, .F. ) ;
#1797 = CARTESIAN_POINT ( 'NONE',  ( -86.19312543636351620, 122.5309159640421228, 111.3138468377554489 ) ) ;
#1798 = CARTESIAN_POINT ( 'NONE',  ( -79.54578576248125898, 81.18469470370000352, 62.07617748227442434 ) ) ;
#1799 = DIRECTION ( 'NONE',  ( 0.000000000000000000, 0.4563166475962697199, -0.8898174628127398789 ) ) ;
#1800 = CARTESIAN_POINT ( 'NONE',  ( -85.44698988813725293, 142.6022769399707499, 102.8509680357404221 ) ) ;
#1801 = CARTESIAN_POINT ( 'NONE',  ( -71.71055358116383616, 113.5721048612987971, 96.36643345336834443 ) ) ;
#1802 = CARTESIAN_POINT ( 'NONE',  ( -90.77093277354376255, 103.3119079817578267, 111.4708323586715011 ) ) ;
#1803 = CYLINDRICAL_SURFACE ( 'NONE', #9761, 1.000000000000000888 ) ;
#1804 = CARTESIAN_POINT ( 'NONE',  ( -90.47463189437495146, 112.8298876159762045, 104.9119295393434186 ) ) ;
#1805 = VERTEX_POINT ( 'NONE', #6174 ) ;
#1806 = CARTESIAN_POINT ( 'NONE',  ( -70.78852960328462984, 152.3446421799375514, 132.7125267394740717 ) ) ;
#1807 = CARTESIAN_POINT ( 'NONE',  ( -71.75920096912358304, 113.5531620568803959, 133.5413063025383735 ) ) ;
#1808 = CARTESIAN_POINT ( 'NONE',  ( -77.88624991159676370, 87.44823992607120999, 165.7313321388055272 ) ) ;
#1809 = CARTESIAN_POINT ( 'NONE',  ( -88.72413746692154746, 156.2711464565120139, 108.9199502822699372 ) ) ;
#1810 = ORIENTED_EDGE ( 'NONE', *, *, #6030, .F. ) ;
#1811 = CARTESIAN_POINT ( 'NONE',  ( -84.33691727002872085, 135.6254274369552206, 97.48133474632419393 ) ) ;
#1812 = ORIENTED_EDGE ( 'NONE', *, *, #4201, .F. ) ;
#1813 = ORIENTED_EDGE ( 'NONE', *, *, #9778, .F. ) ;
#1814 = CARTESIAN_POINT ( 'NONE',  ( -89.63076959324222059, 113.3611527441444196, 113.4406832550920541 ) ) ;
#1815 = CARTESIAN_POINT ( 'NONE',  ( -84.73264174371860236, 144.8518108098641619, 75.76011362410066852 ) ) ;
#1816 = DIRECTION ( 'NONE',  ( 0.000000000000000000, 0.000000000000000000, -1.000000000000000000 ) ) ;
#1817 = ADVANCED_FACE ( 'NONE', ( #4815 ), #7730, .T. ) ;
#1818 = CARTESIAN_POINT ( 'NONE',  ( -81.18205666811840615, 151.6812033149304852, 71.12646337398376772 ) ) ;
#1819 = CARTESIAN_POINT ( 'NONE',  ( -88.94383275138328315, 135.5073465216910336, 134.3375588035800945 ) ) ;
#1820 = DIRECTION ( 'NONE',  ( -0.000000000000000000, 1.000000000000000000, 0.000000000000000000 ) ) ;
#1821 = CARTESIAN_POINT ( 'NONE',  ( -84.73179072327373262, 139.0313258500414122, 75.75746199813626447 ) ) ;
#1822 = ORIENTED_EDGE ( 'NONE', *, *, #1366, .F. ) ;
#1823 = CARTESIAN_POINT ( 'NONE',  ( -70.78852960328462984, 115.2569332580205952, 97.44223240480897630 ) ) ;
#1824 = CARTESIAN_POINT ( 'NONE',  ( -89.59001570417341043, 122.2711565267840967, 96.71305078154111357 ) ) ;
#1825 = CARTESIAN_POINT ( 'NONE',  ( -71.72053669832672540, 69.66993636192604811, 77.13794098762207341 ) ) ;
#1826 = CARTESIAN_POINT ( 'NONE',  ( -83.38852960328463837, 137.3251101029211441, 93.58049982365568553 ) ) ;
#1827 = EDGE_CURVE ( 'NONE', #4934, #8833, #9666, .T. ) ;
#1828 = ADVANCED_FACE ( 'NONE', ( #372 ), #7047, .F. ) ;
#1829 = PLANE ( 'NONE',  #7115 ) ;
#1830 = VERTEX_POINT ( 'NONE', #7129 ) ;
#1831 = PLANE ( 'NONE',  #9815 ) ;
#1832 = LINE ( 'NONE', #7854, #1286 ) ;
#1833 = CARTESIAN_POINT ( 'NONE',  ( -82.76216552901549051, 149.5504964593971806, 156.9593561556851853 ) ) ;
#1834 = FACE_BOUND ( 'NONE', #8950, .T. ) ;
#1835 = DIRECTION ( 'NONE',  ( 0.000000000000000000, 1.000000000000000000, -6.938893903907227392E-16 ) ) ;
#1836 = ORIENTED_EDGE ( 'NONE', *, *, #545, .T. ) ;
#1837 = FACE_OUTER_BOUND ( 'NONE', #9722, .T. ) ;
#1838 = B_SPLINE_CURVE_WITH_KNOTS ( 'NONE', 2,
 ( #416, #1897, #4065 ),
 .UNSPECIFIED., .F., .F.,
 ( 3, 3 ),
 ( 0.4984183470540916039, 0.5015816447772221132 ),
 .UNSPECIFIED. ) ;
#1839 = DIRECTION ( 'NONE',  ( 0.000000000000000000, 8.673617379884020681E-16, 1.000000000000000000 ) ) ;
#1840 = CARTESIAN_POINT ( 'NONE',  ( -70.24392979151315330, 63.76350873467168157, 127.1846562605190627 ) ) ;
#1841 = CARTESIAN_POINT ( 'NONE',  ( -71.28852960328462984, 152.3446743967528505, 132.7125299789917960 ) ) ;
#1842 = VERTEX_POINT ( 'NONE', #2654 ) ;
#1843 = DIRECTION ( 'NONE',  ( 0.000000000000000000, 0.000000000000000000, -1.000000000000000000 ) ) ;
#1844 = CARTESIAN_POINT ( 'NONE',  ( -85.70573310476615347, 143.2878650042860045, 104.6785069750143577 ) ) ;
#1845 = CARTESIAN_POINT ( 'NONE',  ( -71.80822016076255920, 114.1436979084089813, 134.0195273178420052 ) ) ;
#1846 = DIRECTION ( 'NONE',  ( -0.000000000000000000, -1.000000000000000000, -0.000000000000000000 ) ) ;
#1847 = CARTESIAN_POINT ( 'NONE',  ( -88.69792989387089222, 114.9198388706481779, 135.6834257665189227 ) ) ;
#1848 = CARTESIAN_POINT ( 'NONE',  ( -79.13343603034297757, 143.6137563533577577, 61.12876397903399095 ) ) ;
#1849 = DIRECTION ( 'NONE',  ( -1.000000000000000000, 0.000000000000000000, 0.000000000000000000 ) ) ;
#1850 = ORIENTED_EDGE ( 'NONE', *, *, #7126, .F. ) ;
#1851 = CARTESIAN_POINT ( 'NONE',  ( -71.55587596473361600, 113.8893057384249516, 133.7478824591680109 ) ) ;
#1852 = LINE ( 'NONE', #9564, #7918 ) ;
#1853 = CARTESIAN_POINT ( 'NONE',  ( -78.73241471658550950, 148.6295562489418387, 163.1600515490035264 ) ) ;
#1854 = CARTESIAN_POINT ( 'NONE',  ( -71.60435360180845521, 69.28116843250870716, 77.27902736722660393 ) ) ;
#1855 = ORIENTED_EDGE ( 'NONE', *, *, #4632, .T. ) ;
#1856 = CARTESIAN_POINT ( 'NONE',  ( -72.28852960328462984, 113.3386607112490339, 96.02251721265378137 ) ) ;
#1857 = ORIENTED_EDGE ( 'NONE', *, *, #5576, .T. ) ;
#1858 = VERTEX_POINT ( 'NONE', #2465 ) ;
#1859 = DIRECTION ( 'NONE',  ( 1.000000000000000000, -0.000000000000000000, -0.000000000000000000 ) ) ;
#1860 = CARTESIAN_POINT ( 'NONE',  ( -81.28752231446820531, 78.24364156096919487, 160.7830864213272264 ) ) ;
#1861 = CARTESIAN_POINT ( 'NONE',  ( -83.33377789795903823, 69.43134770876115169, 77.00817595100487267 ) ) ;
#1862 = EDGE_CURVE ( 'NONE', #766, #8938, #3451, .T. ) ;
#1863 = LINE ( 'NONE', #7141, #5992 ) ;
#1864 = AXIS2_PLACEMENT_3D ( 'NONE', #1532, #7661, #4548 ) ;
#1865 = CARTESIAN_POINT ( 'NONE',  ( -90.24147487447635285, 146.9812419054674706, 124.8522846524704875 ) ) ;
#1866 = CARTESIAN_POINT ( 'NONE',  ( -72.28852960328462984, 152.3446421799375514, 132.7125267394740717 ) ) ;
#1867 = CARTESIAN_POINT ( 'NONE',  ( -78.22327536106040213, 82.30064901185595261, 164.7551530468861927 ) ) ;
#1868 = EDGE_LOOP ( 'NONE', ( #8690, #492, #2057, #2280 ) ) ;
#1869 = CARTESIAN_POINT ( 'NONE',  ( -70.85405216718606880, 114.7606466814867616, 97.01506555872919080 ) ) ;
#1870 = CARTESIAN_POINT ( 'NONE',  ( -90.31550571616469369, 118.8127549610236287, 102.9538958261175026 ) ) ;
#1871 = CARTESIAN_POINT ( 'NONE',  ( -85.13595284416625475, 124.6913879121374151, 101.0701345704128045 ) ) ;
#1872 = VERTEX_POINT ( 'NONE', #8569 ) ;
#1873 = CARTESIAN_POINT ( 'NONE',  ( -90.40411836898937281, 113.3119079817578125, 103.9957575811528443 ) ) ;
#1874 = CARTESIAN_POINT ( 'NONE',  ( -83.46783883031336870, 141.9419079817567138, 72.00574073170528777 ) ) ;
#1875 = CARTESIAN_POINT ( 'NONE',  ( -88.28832418061880105, 106.2667536288230394, 134.2877584217249307 ) ) ;
#1876 = FACE_OUTER_BOUND ( 'NONE', #3292, .T. ) ;
#1877 = VECTOR ( 'NONE', #7962, 1000.000000000000000 ) ;
#1878 = CARTESIAN_POINT ( 'NONE',  ( -82.14084499801457184, 149.4461739640009341, 68.39782273494108722 ) ) ;
#1879 = ORIENTED_EDGE ( 'NONE', *, *, #9524, .F. ) ;
#1880 = CARTESIAN_POINT ( 'NONE',  ( -88.37431604091155180, 110.1293568147877693, 101.5041018525514289 ) ) ;
#1881 = EDGE_CURVE ( 'NONE', #3199, #933, #6274, .T. ) ;
#1882 = ADVANCED_FACE ( 'NONE', ( #4028 ), #7028, .T. ) ;
#1883 = CARTESIAN_POINT ( 'NONE',  ( -70.78852960328462984, 115.2569332580205810, 132.2760348314621694 ) ) ;
#1884 = LINE ( 'NONE', #642, #9816 ) ;
#1885 = ORIENTED_EDGE ( 'NONE', *, *, #1102, .T. ) ;
#1886 = CIRCLE ( 'NONE', #309, 1.599999999999990319 ) ;
#1887 = CARTESIAN_POINT ( 'NONE',  ( -72.28852960328462984, 103.8119079817578125, 114.0054217592787325 ) ) ;
#1888 = CARTESIAN_POINT ( 'NONE',  ( -90.37472942220398409, 147.5193030377139678, 103.6360849460478732 ) ) ;
#1889 = CARTESIAN_POINT ( 'NONE',  ( -71.39541826506409450, 114.3400509871119084, 133.7120909483362254 ) ) ;
#1890 = CARTESIAN_POINT ( 'NONE',  ( -71.90275428133917046, 70.41489931342073305, 150.1678923705779880 ) ) ;
#1891 = EDGE_CURVE ( 'NONE', #7285, #2798, #5143, .T. ) ;
#1892 = DIRECTION ( 'NONE',  ( 0.000000000000000000, 0.000000000000000000, -1.000000000000000000 ) ) ;
#1893 = AXIS2_PLACEMENT_3D ( 'NONE', #3385, #9429, #7973 ) ;
#1894 = VERTEX_POINT ( 'NONE', #27 ) ;
#1895 = EDGE_CURVE ( 'NONE', #6645, #4522, #2316, .T. ) ;
#1896 = CARTESIAN_POINT ( 'NONE',  ( -71.33622426392813054, 113.8774239357594666, 133.2256187244413752 ) ) ;
#1897 = CARTESIAN_POINT ( 'NONE',  ( -74.78852960328464405, 49.26843823726104432, 113.5058759053164863 ) ) ;
#1898 = CARTESIAN_POINT ( 'NONE',  ( -79.63353957508327596, 102.1462014877890994, 62.26236581374345036 ) ) ;
#1899 = AXIS2_PLACEMENT_3D ( 'NONE', #3999, #9286, #6837 ) ;
#1900 = CARTESIAN_POINT ( 'NONE',  ( -88.20124087835169746, 155.9530063413436665, 125.3158952406395770 ) ) ;
#1901 = CARTESIAN_POINT ( 'NONE',  ( -79.76928638091256119, 76.31515235073877079, 160.7698567471931028 ) ) ;
#1902 = ORIENTED_EDGE ( 'NONE', *, *, #6804, .F. ) ;
#1903 = CARTESIAN_POINT ( 'NONE',  ( -88.70558443757720113, 105.3119079817578267, 119.4860127077270988 ) ) ;
#1904 = EDGE_LOOP ( 'NONE', ( #1582, #3135, #8096, #2513, #3522, #5885, #4938 ) ) ;
#1905 = VERTEX_POINT ( 'NONE', #831 ) ;
#1906 = AXIS2_PLACEMENT_3D ( 'NONE', #6660, #4509, #5082 ) ;
#1907 = B_SPLINE_CURVE_WITH_KNOTS ( 'NONE', 3,
 ( #4584, #6240, #3298, #9283, #3889, #6142, #1018, #8334, #7646, #3836, #2372, #5346, #6191, #9184, #7041, #1677, #915, #6882 ),
 .UNSPECIFIED., .F., .F.,
 ( 4, 2, 2, 2, 1, 1, 1, 2, 2, 1, 4 ),
 ( 0.000000000000000000, 0.09158557010115438157, 0.1144819626264550472, 0.1259301588891053869, 0.1373783551517556989, 0.1831711402022900559, 0.2289639252528244684, 0.2404121215154577385, 0.2518603177780910363, 0.2747567103033097813, 0.3663422804042023584 ),
 .UNSPECIFIED. ) ;
#1908 = ADVANCED_FACE ( 'NONE', ( #6838, #6095 ), #9130, .T. ) ;
#1909 = CARTESIAN_POINT ( 'NONE',  ( -85.30569949417997577, 143.4772332149530030, 77.59064664742444961 ) ) ;
#1910 = CARTESIAN_POINT ( 'NONE',  ( -84.31210831563666375, 105.7216423210436318, 103.8343013750834842 ) ) ;
#1911 = CIRCLE ( 'NONE', #6948, 0.7000000000000061728 ) ;
#1912 = VECTOR ( 'NONE', #8677, 1000.000000000000000 ) ;
#1913 = CARTESIAN_POINT ( 'NONE',  ( -85.20615536770264953, 141.5717606168503835, 125.4607846181484945 ) ) ;
#1914 = UNCERTAINTY_MEASURE_WITH_UNIT (LENGTH_MEASURE( 1.000000000000000082E-05 ), #3644, 'distance_accuracy_value', 'NONE');
#1915 = CARTESIAN_POINT ( 'NONE',  ( -73.28852960328462984, 105.3119079817578410, 131.5054217592787609 ) ) ;
#1916 = CARTESIAN_POINT ( 'NONE',  ( -83.46764645988618270, 141.9419079817875229, 155.0057407317052878 ) ) ;
#1917 = ORIENTED_EDGE ( 'NONE', *, *, #8147, .F. ) ;
#1918 = CARTESIAN_POINT ( 'NONE',  ( -70.79988127500413952, 115.0376181362571799, 97.30219497236727477 ) ) ;
#1919 = EDGE_CURVE ( 'NONE', #6132, #9751, #6565, .T. ) ;
#1920 = CARTESIAN_POINT ( 'NONE',  ( -71.62245158354717489, 69.28116211466512198, 77.27845157784956598 ) ) ;
#1921 = CARTESIAN_POINT ( 'NONE',  ( -70.79919409497409788, 115.0461570836757375, 132.4324947726518928 ) ) ;
#1922 = AXIS2_PLACEMENT_3D ( 'NONE', #6086, #1820, #3992 ) ;
#1923 = VECTOR ( 'NONE', #3464, 1000.000000000000000 ) ;
#1924 = CARTESIAN_POINT ( 'NONE',  ( -85.04376856229640680, 125.0921023943988786, 100.5968835870435640 ) ) ;
#1925 = EDGE_LOOP ( 'NONE', ( #6000, #5745, #553, #7625, #3013, #5905, #9255, #5775 ) ) ;
#1926 = CARTESIAN_POINT ( 'NONE',  ( -80.96383047559413626, 148.0527679931344949, 161.5837132129432803 ) ) ;
#1927 = AXIS2_PLACEMENT_3D ( 'NONE', #4702, #5428, #6168 ) ;
#1928 = CARTESIAN_POINT ( 'NONE',  ( -88.63408102636509511, 105.0846161269668073, 134.9584093278079990 ) ) ;
#1929 = CARTESIAN_POINT ( 'NONE',  ( -80.29097238933827896, 112.0887038432347822, 163.1999445989944206 ) ) ;
#1930 = CIRCLE ( 'NONE', #7605, 4.999999999999990230 ) ;
#1931 = CARTESIAN_POINT ( 'NONE',  ( -81.40012697048628354, 150.6049089412585147, 66.50425709341052993 ) ) ;
#1932 = ORIENTED_EDGE ( 'NONE', *, *, #30, .F. ) ;
#1933 = CARTESIAN_POINT ( 'NONE',  ( -80.21234760434697364, 148.3942939239830139, 163.3953174438044300 ) ) ;
#1934 = CARTESIAN_POINT ( 'NONE',  ( -87.33418586553597152, 67.44787996305895206, 84.97826539771692467 ) ) ;
#1935 = ORIENTED_EDGE ( 'NONE', *, *, #8752, .T. ) ;
#1936 = VECTOR ( 'NONE', #3576, 1000.000000000000000 ) ;
#1937 = CARTESIAN_POINT ( 'NONE',  ( -82.83517587289240680, 150.2719775504352242, 70.51936218077344165 ) ) ;
#1938 = PLANE ( 'NONE',  #2567 ) ;
#1939 = CARTESIAN_POINT ( 'NONE',  ( -70.91374301573389971, 114.8120032718208421, 132.9728615602710988 ) ) ;
#1940 = DIRECTION ( 'NONE',  ( -1.000000000000000000, -0.000000000000000000, -0.000000000000000000 ) ) ;
#1941 = EDGE_CURVE ( 'NONE', #7974, #5010, #2847, .T. ) ;
#1942 = CARTESIAN_POINT ( 'NONE',  ( -81.14451197553630379, 151.6583539070157371, 71.02212801483173621 ) ) ;
#1943 = CARTESIAN_POINT ( 'NONE',  ( -78.41911140981304129, 147.5931033356108912, 62.91692997187058012 ) ) ;
#1944 = ORIENTED_EDGE ( 'NONE', *, *, #7012, .T. ) ;
#1945 = DIRECTION ( 'NONE',  ( 1.000000000000000000, -0.000000000000000000, -0.000000000000000000 ) ) ;
#1946 = APPLICATION_CONTEXT ( 'automotive_design' ) ;
#1947 = CARTESIAN_POINT ( 'NONE',  ( -71.55587596473358758, 113.7850856303147538, 133.6436623510578556 ) ) ;
#1948 = EDGE_CURVE ( 'NONE', #3388, #5004, #8764, .T. ) ;
#1949 = ORIENTED_EDGE ( 'NONE', *, *, #4368, .T. ) ;
#1950 = CARTESIAN_POINT ( 'NONE',  ( -90.84481806067026355, 105.3119079816733716, 115.4498907089999449 ) ) ;
#1951 = ORIENTED_EDGE ( 'NONE', *, *, #7351, .T. ) ;
#1952 = B_SPLINE_CURVE_WITH_KNOTS ( 'NONE', 3,
 ( #2804, #2062, #2015, #4961, #7231 ),
 .UNSPECIFIED., .F., .F.,
 ( 4, 1, 4 ),
 ( 0.000000000000000000, 0.4814972705765242500, 1.000000000000000000 ),
 .UNSPECIFIED. ) ;
#1953 = VERTEX_POINT ( 'NONE', #8819 ) ;
#1954 = CARTESIAN_POINT ( 'NONE',  ( -70.78852960328462984, 81.41179733515534167, 164.1893223118609626 ) ) ;
#1955 = CARTESIAN_POINT ( 'NONE',  ( -77.74038490350557140, 142.3224885637093564, 166.0663860853308336 ) ) ;
#1956 = CARTESIAN_POINT ( 'NONE',  ( -90.23464541976464659, 113.9268557293635951, 114.2506472566180378 ) ) ;
#1957 = CARTESIAN_POINT ( 'NONE',  ( -87.78852960328462984, 107.6293568147877551, 95.50674166600603598 ) ) ;
#1958 =( BOUNDED_SURFACE ( )  B_SPLINE_SURFACE ( 3, 2, ( 
 ( #8266, #7465, #4515 ),
 ( #8911, #6023, #6758 ),
 ( #9755, #6566, #5923 ),
 ( #602, #7352, #707 ),
 ( #3568, #7308, #2189 ),
 ( #3718, #8109, #3763 ),
 ( #9811, #9047, #1340 ),
 ( #1399, #4413, #9610 ),
 ( #8166, #4367, #7405 ),
 ( #5971, #2836, #5088 ),
 ( #9007, #6705, #659 ),
 ( #7514, #5131, #3677 ),
 ( #5227, #9710, #3619 ),
 ( #4472, #6663, #749 ),
 ( #6614, #2942, #8960 ),
 ( #5177, #9668, #5827 ),
 ( #1498, #2239, #8215 ),
 ( #3032, #2090, #2896 ) ),
 .UNSPECIFIED., .F., .F., .T. ) 
 B_SPLINE_SURFACE_WITH_KNOTS ( ( 4, 2, 2, 2, 2, 2, 2, 2, 4 ),
 ( 3, 3 ),
 ( 0.000000000000000000, 0.0009578853689647851650, 0.001436828053447177693, 0.001915770737929570330, 0.002394713422411962750, 0.002873656106894355387, 0.003831541475859140660, 0.005747312213788710773, 0.007663082951718281320 ),
 ( 0.000000000000000000, 1.000000000000000000 ),
 .UNSPECIFIED. ) 
 GEOMETRIC_REPRESENTATION_ITEM ( )  RATIONAL_B_SPLINE_SURFACE ( (
 ( 1.000000000000000000, 0.7071067811865475727, 1.000000000000000000),
 ( 1.000000000000000000, 0.7075688374070397968, 1.000000000000000000),
 ( 1.000000000000000000, 0.7150768525764432670, 1.000000000000000000),
 ( 1.000000000000000000, 0.7340688293023270861, 1.000000000000000000),
 ( 1.000000000000000000, 0.7416568497739403076, 1.000000000000000000),
 ( 1.000000000000000000, 0.7582231770171251606, 1.000000000000000000),
 ( 1.000000000000000000, 0.7672514884330332574, 1.000000000000000000),
 ( 1.000000000000000000, 0.7861955805611027248, 1.000000000000000000),
 ( 1.000000000000000000, 0.7961485926113163192, 1.000000000000000000),
 ( 1.000000000000000000, 0.8159680490410301523, 1.000000000000000000),
 ( 1.000000000000000000, 0.8258933568871231756, 1.000000000000000000),
 ( 1.000000000000000000, 0.8552323234408442110, 1.000000000000000000),
 ( 1.000000000000000000, 0.8743277736659033073, 1.000000000000000000),
 ( 1.000000000000000000, 0.9263502958280002142, 1.000000000000000000),
 ( 1.000000000000000000, 0.9536722367125324284, 1.000000000000000000),
 ( 1.000000000000000000, 0.9907241150288957909, 1.000000000000000000),
 ( 1.000000000000000000, 0.9999497023748507019, 1.000000000000000000),
 ( 1.000000000000000000, 1.000000000000000000, 1.000000000000000000) ) ) 
 REPRESENTATION_ITEM ( '' )  SURFACE ( )  );
#1959 = CARTESIAN_POINT ( 'NONE',  ( -81.14451866516819223, 151.6583579391499654, 71.02214642643239983 ) ) ;
#1960 = CARTESIAN_POINT ( 'NONE',  ( -85.11045887446566383, 141.1552161662845606, 125.9692462294439963 ) ) ;
#1961 = CARTESIAN_POINT ( 'NONE',  ( -81.33738666592384448, 148.6338271488505143, 66.35161614931737972 ) ) ;
#1962 = CARTESIAN_POINT ( 'NONE',  ( -85.42562246358497191, 141.5412652808432483, 77.98573979559053271 ) ) ;
#1963 = ORIENTED_EDGE ( 'NONE', *, *, #2848, .F. ) ;
#1964 = CARTESIAN_POINT ( 'NONE',  ( -70.83674200873441862, 152.3446421799375514, 132.7125267394740717 ) ) ;
#1965 = CARTESIAN_POINT ( 'NONE',  ( -83.38852960328463837, 145.8309159640421626, 100.5804998236556855 ) ) ;
#1966 = VERTEX_POINT ( 'NONE', #7320 ) ;
#1967 = CARTESIAN_POINT ( 'NONE',  ( -80.62086928982593292, 147.3155774229848589, 162.4134486342254036 ) ) ;
#1968 = CARTESIAN_POINT ( 'NONE',  ( -87.23971687076655712, 152.2074534072175425, 84.39995623242408840 ) ) ;
#1969 = CARTESIAN_POINT ( 'NONE',  ( -87.63455398725992040, 107.1167974606518385, 133.7377297787968189 ) ) ;
#1970 = DIRECTION ( 'NONE',  ( 0.000000000000000000, 0.000000000000000000, -1.000000000000000000 ) ) ;
#1971 = CARTESIAN_POINT ( 'NONE',  ( -74.78852960328464405, 70.28277388816486848, 76.91553831158488208 ) ) ;
#1972 = ORIENTED_EDGE ( 'NONE', *, *, #2313, .T. ) ;
#1973 = CARTESIAN_POINT ( 'NONE',  ( -80.25670287183349672, 82.48581560505611776, 163.2815913987752765 ) ) ;
#1974 = CARTESIAN_POINT ( 'NONE',  ( -90.20581772476658955, 119.1804807650987073, 101.7948405500106617 ) ) ;
#1975 = CARTESIAN_POINT ( 'NONE',  ( -81.07296765045258269, 79.45188998149221504, 65.68711986088126764 ) ) ;
#1976 = CARTESIAN_POINT ( 'NONE',  ( -69.94055564399832292, 62.55001214461236714, 107.5742590165556152 ) ) ;
#1977 = EDGE_LOOP ( 'NONE', ( #4830, #8942, #8451, #2122, #7539, #9307 ) ) ;
#1978 = ADVANCED_FACE ( 'NONE', ( #8921, #8076 ), #2051, .T. ) ;
#1979 = CARTESIAN_POINT ( 'NONE',  ( -79.72123257805695573, 87.31458858722875505, 62.47964838303533242 ) ) ;
#1980 = FACE_OUTER_BOUND ( 'NONE', #9482, .T. ) ;
#1981 = CARTESIAN_POINT ( 'NONE',  ( -120.7885296032846441, 141.9419079817567138, 75.00574073170528777 ) ) ;
#1982 = CARTESIAN_POINT ( 'NONE',  ( -72.18477634649215702, 114.0375469233277244, 134.1857375288544176 ) ) ;
#1983 = CARTESIAN_POINT ( 'NONE',  ( -84.54526018826685174, 111.6435839016085083, 103.4644864523392584 ) ) ;
#1984 = CARTESIAN_POINT ( 'NONE',  ( -78.05187157611734960, 145.7636526932118670, 61.84233928459887153 ) ) ;
#1985 = ORIENTED_EDGE ( 'NONE', *, *, #1314, .F. ) ;
#1986 = DIRECTION ( 'NONE',  ( 0.000000000000000000, -1.000000000000000000, -0.000000000000000000 ) ) ;
#1987 = FACE_OUTER_BOUND ( 'NONE', #9562, .T. ) ;
#1988 = CARTESIAN_POINT ( 'NONE',  ( -71.74396250723111734, 113.7782705856447762, 133.8676726398490473 ) ) ;
#1989 = B_SPLINE_CURVE_WITH_KNOTS ( 'NONE', 1,
 ( #9363, #8500 ),
 .UNSPECIFIED., .F., .F.,
 ( 2, 2 ),
 ( 0.000000000000000000, 1.000000000000000000 ),
 .UNSPECIFIED. ) ;
#1990 = CARTESIAN_POINT ( 'NONE',  ( -85.76824420737050048, 143.3564933568235631, 121.7084589060038411 ) ) ;
#1991 = ORIENTED_EDGE ( 'NONE', *, *, #2126, .T. ) ;
#1992 = DIRECTION ( 'NONE',  ( 0.000000000000000000, 0.000000000000000000, -1.000000000000000000 ) ) ;
#1993 = B_SPLINE_CURVE_WITH_KNOTS ( 'NONE', 3,
 ( #1979, #6600, #7394, #6651, #8204, #1434 ),
 .UNSPECIFIED., .F., .F.,
 ( 4, 2, 4 ),
 ( 0.000000000000000000, 0.002544960428162082802, 0.005089920856324165604 ),
 .UNSPECIFIED. ) ;
#1994 = EDGE_CURVE ( 'NONE', #3044, #4646, #3579, .T. ) ;
#1995 = CARTESIAN_POINT ( 'NONE',  ( -90.77093277354374834, 115.3119079817578125, 111.4708323586715153 ) ) ;
#1996 = ORIENTED_EDGE ( 'NONE', *, *, #2632, .F. ) ;
#1997 = ORIENTED_EDGE ( 'NONE', *, *, #1634, .F. ) ;
#1998 = EDGE_CURVE ( 'NONE', #6580, #8125, #1256, .T. ) ;
#1999 = EDGE_CURVE ( 'NONE', #2787, #7349, #4480, .T. ) ;
#2000 = CARTESIAN_POINT ( 'NONE',  ( -80.57857873510231173, 147.2153319571185364, 162.5150550712671702 ) ) ;
#2001 = CARTESIAN_POINT ( 'NONE',  ( -87.59848241558439952, 64.99951670646866830, 86.00573014281819439 ) ) ;
#2002 = CARTESIAN_POINT ( 'NONE',  ( -69.42419441158091331, 60.48456721498517652, 100.8852463436580820 ) ) ;
#2003 = CARTESIAN_POINT ( 'NONE',  ( -84.83680374800172785, 139.7364357054822221, 127.3069360676836794 ) ) ;
#2005 = DIRECTION ( 'NONE',  ( 0.000000000000000000, 0.000000000000000000, -1.000000000000000000 ) ) ;
#2004 = B_SPLINE_CURVE_WITH_KNOTS ( 'NONE', 3,
 ( #4857, #4022, #7870, #7023, #5535, #9418, #1804, #2037, #6784, #829 ),
 .UNSPECIFIED., .F., .F.,
 ( 4, 2, 2, 2, 4 ),
 ( 0.000000000000000000, 0.0004023648626035424675, 0.0008047297252070849350, 0.001207094587810627348, 0.001609459450414169870 ),
 .UNSPECIFIED. ) ;
#2006 = CARTESIAN_POINT ( 'NONE',  ( -85.33495662871382592, 140.5820383542306331, 149.3242494246686931 ) ) ;
#2007 = DIRECTION ( 'NONE',  ( 1.000000000000000000, -0.000000000000000000, -0.000000000000000000 ) ) ;
#2008 = DIRECTION ( 'NONE',  ( 1.000000000000000000, 0.000000000000000000, 0.000000000000000000 ) ) ;
#2009 = ORIENTED_EDGE ( 'NONE', *, *, #4916, .F. ) ;
#2010 = CARTESIAN_POINT ( 'NONE',  ( -84.78852960328464405, 106.8293568147877721, 102.8454217592787501 ) ) ;
#2011 = ORIENTED_EDGE ( 'NONE', *, *, #4865, .F. ) ;
#2012 = CARTESIAN_POINT ( 'NONE',  ( -79.72123257805695573, 87.31458858722875505, 62.47964838303533242 ) ) ;
#2013 = CARTESIAN_POINT ( 'NONE',  ( -87.71004076885736822, 61.29454760236248489, 97.18333485533460703 ) ) ;
#2014 =( BOUNDED_SURFACE ( )  B_SPLINE_SURFACE ( 3, 2, ( 
 ( #3009, #3704, #5157 ),
 ( #5803, #2870, #639 ),
 ( #7702, #5452, #3893 ),
 ( #3998, #3840, #1725 ),
 ( #6836, #5500, #8727 ),
 ( #7093, #2672, #1174 ),
 ( #622, #8827, #2058 ),
 ( #8873, #5289, #5392 ),
 ( #1666, #7587, #6081 ),
 ( #5340, #4077, #3340 ),
 ( #4180, #2708, #1955 ),
 ( #9277, #665, #562 ),
 ( #8113, #5040, #7678 ),
 ( #5232, #6810, #2408 ) ),
 .UNSPECIFIED., .F., .F., .T. ) 
 B_SPLINE_SURFACE_WITH_KNOTS ( ( 4, 2, 2, 2, 2, 2, 4 ),
 ( 3, 3 ),
 ( -2.745199900733297227E-16, 0.001723795341212667467, 0.002585693011819138569, 0.003447590682425609454, 0.005171386023638551224, 0.006033283694245022109, 0.006895181364851492994 ),
 ( 0.000000000000000000, 1.000000000000000000 ),
 .UNSPECIFIED. ) 
 GEOMETRIC_REPRESENTATION_ITEM ( )  RATIONAL_B_SPLINE_SURFACE ( (
 ( 1.000000000000000000, 0.7974814893172440522, 1.000000000000000000),
 ( 1.000000000000000000, 0.8040246222669322762, 1.000000000000000000),
 ( 1.000000000000000000, 0.8098726939676758052, 1.000000000000000000),
 ( 1.000000000000000000, 0.8175435410602053254, 1.000000000000000000),
 ( 1.000000000000000000, 0.8199163341144108941, 1.000000000000000000),
 ( 1.000000000000000000, 0.8242671518623290172, 1.000000000000000000),
 ( 1.000000000000000000, 0.8262157926538358232, 1.000000000000000000),
 ( 1.000000000000000000, 0.8313284486867719147, 1.000000000000000000),
 ( 1.000000000000000000, 0.8337942930736044200, 1.000000000000000000),
 ( 1.000000000000000000, 0.8359790958418423790, 1.000000000000000000),
 ( 1.000000000000000000, 0.8364458850823098812, 1.000000000000000000),
 ( 1.000000000000000000, 0.8368404523584701549, 1.000000000000000000),
 ( 1.000000000000000000, 0.8367717142327433244, 1.000000000000000000),
 ( 1.000000000000000000, 0.8364335387533966548, 1.000000000000000000) ) ) 
 REPRESENTATION_ITEM ( '' )  SURFACE ( )  );
#2015 = CARTESIAN_POINT ( 'NONE',  ( -72.28852960328462984, 153.6120697368758101, 113.8203502584696878 ) ) ;
#2016 = CLOSED_SHELL ( 'NONE', ( #1437, #4102, #8155, #6135, #6520, #247, #2499, #3981, #1200 ) ) ;
#2017 = CARTESIAN_POINT ( 'NONE',  ( -85.06271494407509692, 125.0062459436540934, 100.6921759428645657 ) ) ;
#2018 = ORIENTED_EDGE ( 'NONE', *, *, #4351, .T. ) ;
#2019 = CARTESIAN_POINT ( 'NONE',  ( -82.74121623528120040, 149.6699110504925159, 157.0194921970694679 ) ) ;
#2020 = CARTESIAN_POINT ( 'NONE',  ( -89.78852960328462984, 105.4468056478177402, 91.96147921292704552 ) ) ;
#2021 = CARTESIAN_POINT ( 'NONE',  ( -87.04513424541693212, 105.3388434079409564, 133.5140455332569616 ) ) ;
#2022 = CARTESIAN_POINT ( 'NONE',  ( -90.15505588703391027, 155.9263487011200766, 125.7500841351045722 ) ) ;
#2023 = CARTESIAN_POINT ( 'NONE',  ( -74.78852960328464405, 69.28116843234863609, 77.27902736728469790 ) ) ;
#2024 = EDGE_LOOP ( 'NONE', ( #167, #4718, #2554, #6330 ) ) ;
#2025 = CARTESIAN_POINT ( 'NONE',  ( -72.28852960328462984, 113.4087911130688724, 95.85320744544564775 ) ) ;
#2026 = CARTESIAN_POINT ( 'NONE',  ( -78.78852960328465826, 66.76638158852843219, 89.77733816438485803 ) ) ;
#2027 = CIRCLE ( 'NONE', #7533, 2.000000000000000000 ) ;
#2028 = CARTESIAN_POINT ( 'NONE',  ( -69.94456607573701490, 62.56605387156709241, 120.4248355147945375 ) ) ;
#2029 = CARTESIAN_POINT ( 'NONE',  ( -85.30114070449167230, 141.9506354104595403, 124.9286768580593332 ) ) ;
#2030 = ORIENTED_EDGE ( 'NONE', *, *, #5705, .T. ) ;
#2031 = VECTOR ( 'NONE', #5103, 1000.000000000000000 ) ;
#2032 = DIRECTION ( 'NONE',  ( -0.000000000000000000, 0.9977774101625509484, -0.06663512414119458771 ) ) ;
#2033 = CARTESIAN_POINT ( 'NONE',  ( -85.77701681870476591, 122.7845872966778416, 121.6391851324077749 ) ) ;
#2034 = DIRECTION ( 'NONE',  ( -0.000000000000000000, 1.000000000000000000, -3.469446951953611033E-15 ) ) ;
#2035 = ORIENTED_EDGE ( 'NONE', *, *, #4588, .T. ) ;
#2036 = CARTESIAN_POINT ( 'NONE',  ( -70.78852960328462984, 111.8688076255531314, 161.5904987380681916 ) ) ;
#2037 = CARTESIAN_POINT ( 'NONE',  ( -90.48252483976791893, 112.5829340466071216, 105.0206550919245956 ) ) ;
#2038 = ORIENTED_EDGE ( 'NONE', *, *, #6147, .T. ) ;
#2039 = CARTESIAN_POINT ( 'NONE',  ( -70.96000854343444075, 114.4744917091134226, 132.9498153431521814 ) ) ;
#2040 = AXIS2_PLACEMENT_3D ( 'NONE', #4329, #566, #6527 ) ;
#2041 = CARTESIAN_POINT ( 'NONE',  ( -89.51869089321444051, 63.54471434389544271, 96.17915491478034085 ) ) ;
#2042 = DIRECTION ( 'NONE',  ( 0.000000000000000000, -0.8435723532114205447, 0.5370155350614602696 ) ) ;
#2043 = CARTESIAN_POINT ( 'NONE',  ( -88.62637483802777183, 104.6622112206988220, 133.1236109662307570 ) ) ;
#2044 = ORIENTED_EDGE ( 'NONE', *, *, #5777, .F. ) ;
#2045 = EDGE_LOOP ( 'NONE', ( #4680, #8031, #9446, #2083, #37 ) ) ;
#2046 = VECTOR ( 'NONE', #7815, 1000.000000000000000 ) ;
#2047 = CARTESIAN_POINT ( 'NONE',  ( -70.78852960328462984, 74.34427841265438985, 152.4464197340858505 ) ) ;
#2048 = EDGE_CURVE ( 'NONE', #9341, #766, #8123, .T. ) ;
#2049 = CARTESIAN_POINT ( 'NONE',  ( -80.00574577784109920, 97.07581006620711150, 163.8711439796479112 ) ) ;
#2050 = CARTESIAN_POINT ( 'NONE',  ( -78.78852960328464405, 105.8119079817578410, 114.0054217592787325 ) ) ;
#2051 = PLANE ( 'NONE',  #6425 ) ;
#2052 = DIRECTION ( 'NONE',  ( 1.000000000000000000, -0.000000000000000000, -0.000000000000000000 ) ) ;
#2053 = AXIS2_PLACEMENT_3D ( 'NONE', #8707, #1945, #7208 ) ;
#2054 = CARTESIAN_POINT ( 'NONE',  ( -72.18217068309793660, 114.0379765074730329, 95.53320248681218629 ) ) ;
#2055 = ORIENTED_EDGE ( 'NONE', *, *, #7683, .F. ) ;
#2056 = LINE ( 'NONE', #9580, #8648 ) ;
#2057 = ORIENTED_EDGE ( 'NONE', *, *, #3511, .F. ) ;
#2058 = CARTESIAN_POINT ( 'NONE',  ( -78.00337159185026792, 145.4462480906453266, 165.3091891537141578 ) ) ;
#2059 = CARTESIAN_POINT ( 'NONE',  ( -72.88898284997316068, 74.34372096851184608, 74.56517446058644794 ) ) ;
#2060 = DIRECTION ( 'NONE',  ( -0.000000000000000000, 1.000000000000000000, -0.000000000000000000 ) ) ;
#2061 = VECTOR ( 'NONE', #9197, 1000.000000000000000 ) ;
#2062 = CARTESIAN_POINT ( 'NONE',  ( -72.28852960328462984, 153.0222041377678863, 101.4489714693790319 ) ) ;
#2063 = EDGE_CURVE ( 'NONE', #4203, #7441, #9622, .T. ) ;
#2064 = ORIENTED_EDGE ( 'NONE', *, *, #3148, .F. ) ;
#2065 = CARTESIAN_POINT ( 'NONE',  ( -94.78852960328464405, 104.4468056478177402, 91.96147921292704552 ) ) ;
#2066 = ADVANCED_FACE ( 'NONE', ( #4378 ), #674, .T. ) ;
#2067 = CARTESIAN_POINT ( 'NONE',  ( -87.34892096260730909, 107.2729574211068950, 133.6085124050808872 ) ) ;
#2068 = CARTESIAN_POINT ( 'NONE',  ( -85.57050200563371334, 153.1467151958893282, 78.42275861782125901 ) ) ;
#2069 = VERTEX_POINT ( 'NONE', #7364 ) ;
#2070 = CARTESIAN_POINT ( 'NONE',  ( -71.51032509491454903, 114.2722813939617197, 95.90015155045929873 ) ) ;
#2071 = CARTESIAN_POINT ( 'NONE',  ( -78.78852960328464405, 66.69573023304924675, 89.96483499353497848 ) ) ;
#2072 = AXIS2_PLACEMENT_3D ( 'NONE', #6453, #7295, #7603 ) ;
#2073 = CARTESIAN_POINT ( 'NONE',  ( -88.78940643115606690, 59.27324696415002592, 112.3084811657871995 ) ) ;
#2074 = CARTESIAN_POINT ( 'NONE',  ( -79.82296755732116367, 76.76796189796598924, 161.2150076591940433 ) ) ;
#2075 = VERTEX_POINT ( 'NONE', #718 ) ;
#2076 = VECTOR ( 'NONE', #5186, 1000.000000000000000 ) ;
#2077 = CIRCLE ( 'NONE', #3810, 4.999999999999990230 ) ;
#2078 = DIRECTION ( 'NONE',  ( 1.000000000000000000, -0.000000000000000000, -0.000000000000000000 ) ) ;
#2079 = CARTESIAN_POINT ( 'NONE',  ( -71.14700173876285305, 114.1101502948523603, 96.70998594537854842 ) ) ;
#2080 = CARTESIAN_POINT ( 'NONE',  ( -78.16733976996266620, 97.20868902919958998, 61.93180555668922693 ) ) ;
#2081 = ORIENTED_EDGE ( 'NONE', *, *, #3137, .F. ) ;
#2082 = DIRECTION ( 'NONE',  ( 0.000000000000000000, 0.000000000000000000, -1.000000000000000000 ) ) ;
#2083 = ORIENTED_EDGE ( 'NONE', *, *, #7172, .F. ) ;
#2084 = CARTESIAN_POINT ( 'NONE',  ( -79.74970428945091783, 78.97256077543217145, 62.52923190810473386 ) ) ;
#2085 = CARTESIAN_POINT ( 'NONE',  ( -84.78852960328464405, 110.9293568147877664, 94.16542175927874325 ) ) ;
#2086 = CARTESIAN_POINT ( 'NONE',  ( -70.91929497222848511, 114.6642474617134013, 132.9644733629064604 ) ) ;
#2087 = AXIS2_PLACEMENT_3D ( 'NONE', #8958, #5013, #6448 ) ;
#2088 = ORIENTED_EDGE ( 'NONE', *, *, #7546, .T. ) ;
#2089 = B_SPLINE_CURVE_WITH_KNOTS ( 'NONE', 3,
 ( #530, #2111, #5102, #8927 ),
 .UNSPECIFIED., .F., .F.,
 ( 4, 4 ),
 ( 0.000000000000000000, 1.000000000000000000 ),
 .UNSPECIFIED. ) ;
#2090 = CARTESIAN_POINT ( 'NONE',  ( -88.66070395815293637, 115.3119079817578267, 135.8791374862808539 ) ) ;
#2091 = CARTESIAN_POINT ( 'NONE',  ( -89.29933185716038224, 113.3799628782808213, 115.3602596949518926 ) ) ;
#2092 = B_SPLINE_CURVE_WITH_KNOTS ( 'NONE', 3,
 ( #1802, #7335, #583, #4059, #8887, #2647, #2124, #3598, #5071, #5112, #8144, #5012, #1371, #5761, #2552, #4394 ),
 .UNSPECIFIED., .F., .F.,
 ( 4, 2, 2, 2, 2, 2, 2, 4 ),
 ( -1.281566901620504657E-05, 0.001306736292304233084, 0.002626288253624671238, 0.003286064234284886629, 0.003945840214945103321, 0.004605616195605319145, 0.004935504185935427925, 0.005265392176265535837 ),
 .UNSPECIFIED. ) ;
#2093 = EDGE_LOOP ( 'NONE', ( #8770, #6112, #5075, #6823 ) ) ;
#2094 = ORIENTED_EDGE ( 'NONE', *, *, #3523, .F. ) ;
#2095 = CARTESIAN_POINT ( 'NONE',  ( -90.18294198984193599, 119.2648400157157624, 101.5673983571690115 ) ) ;
#2096 = CARTESIAN_POINT ( 'NONE',  ( -74.78852960328464405, 67.52480705738848599, 87.83158352442025318 ) ) ;
#2097 = ADVANCED_FACE ( 'NONE', ( #7474 ), #2991, .T. ) ;
#2098 = CARTESIAN_POINT ( 'NONE',  ( -80.60676770425443749, 147.2817940965124990, 64.56357311418619815 ) ) ;
#2099 = CARTESIAN_POINT ( 'NONE',  ( -89.46706784726828232, 143.0433896640322757, 95.87292228692051310 ) ) ;
#2100 = LINE ( 'NONE', #615, #6134 ) ;
#2101 = CARTESIAN_POINT ( 'NONE',  ( -70.78852960328462984, 111.8688076255531314, 384.5904987380682769 ) ) ;
#2102 = DIRECTION ( 'NONE',  ( 0.000000000000000000, 0.000000000000000000, -1.000000000000000000 ) ) ;
#2103 = EDGE_CURVE ( 'NONE', #3468, #5110, #4714, .T. ) ;
#2104 = CARTESIAN_POINT ( 'NONE',  ( -78.78852960328464405, 148.6520442482435556, 71.31938675007729955 ) ) ;
#2105 = ORIENTED_EDGE ( 'NONE', *, *, #9628, .F. ) ;
#2106 = CARTESIAN_POINT ( 'NONE',  ( -70.78852960328462984, 115.2569332580205668, 97.44223240480897630 ) ) ;
#2107 = ORIENTED_EDGE ( 'NONE', *, *, #9778, .T. ) ;
#2108 = CARTESIAN_POINT ( 'NONE',  ( -89.18201327510780629, 125.5828821477355319, 94.06443166114432586 ) ) ;
#2109 = B_SPLINE_CURVE_WITH_KNOTS ( 'NONE', 3,
 ( #4690, #784, #9042, #2281, #3906, #929, #6206, #3803, #6904, #3962 ),
 .UNSPECIFIED., .F., .F.,
 ( 4, 2, 2, 2, 4 ),
 ( 0.000000000000000000, 0.002840223435925312134, 0.003550279294906662827, 0.004260335153888013954, 0.005680446871850710136 ),
 .UNSPECIFIED. ) ;
#2110 = CARTESIAN_POINT ( 'NONE',  ( -71.28852960328462984, 152.2943979575043159, 133.2125270973412512 ) ) ;
#2111 = CARTESIAN_POINT ( 'NONE',  ( -85.80926040609050176, 133.6309159640421456, 95.58333862229729050 ) ) ;
#2112 = ADVANCED_FACE ( 'NONE', ( #5046 ), #1459, .F. ) ;
#2113 = CARTESIAN_POINT ( 'NONE',  ( -83.47498553975034952, 142.3473875736479783, 154.9849532574285718 ) ) ;
#2114 = DIRECTION ( 'NONE',  ( 0.000000000000000000, 1.000000000000000000, 0.000000000000000000 ) ) ;
#2115 = ORIENTED_EDGE ( 'NONE', *, *, #8251, .F. ) ;
#2116 = CARTESIAN_POINT ( 'NONE',  ( -90.75267371330056676, 86.16492717852041494, 116.4100735364484933 ) ) ;
#2117 = CARTESIAN_POINT ( 'NONE',  ( -80.22086853030181430, 107.0844582155882989, 163.3662009064673839 ) ) ;
#2118 = CARTESIAN_POINT ( 'NONE',  ( -70.78852960328462984, 64.19427628200837432, 97.49400204904756606 ) ) ;
#2119 = CARTESIAN_POINT ( 'NONE',  ( -90.61161767354688834, 154.2056542215085244, 120.9599460433278040 ) ) ;
#2120 = CARTESIAN_POINT ( 'NONE',  ( -80.88078167736537694, 151.6742006726928196, 70.65308579448823423 ) ) ;
#2121 = CARTESIAN_POINT ( 'NONE',  ( -89.29873249639646815, 124.9934974018473923, 132.2285837237842543 ) ) ;
#2122 = ORIENTED_EDGE ( 'NONE', *, *, #7682, .T. ) ;
#2123 = CARTESIAN_POINT ( 'NONE',  ( -72.18217068309793660, 113.3479033400237910, 96.22327565426142826 ) ) ;
#2124 = CARTESIAN_POINT ( 'NONE',  ( -90.26377169247427901, 106.0039561749080832, 112.8429860357552883 ) ) ;
#2125 = CARTESIAN_POINT ( 'NONE',  ( -70.78852960328462984, 115.2569332580205810, 132.2760348314621694 ) ) ;
#2126 = EDGE_CURVE ( 'NONE', #6658, #7374, #5930, .T. ) ;
#2127 = EDGE_CURVE ( 'NONE', #2355, #8044, #8823, .T. ) ;
#2128 = CARTESIAN_POINT ( 'NONE',  ( -88.76999558634730647, 59.30966519964508876, 111.0157805049425548 ) ) ;
#2129 = FACE_OUTER_BOUND ( 'NONE', #6395, .T. ) ;
#2130 = VERTEX_POINT ( 'NONE', #5784 ) ;
#2131 = CARTESIAN_POINT ( 'NONE',  ( -81.61468016830303895, 75.73436621753235443, 159.9698594414809349 ) ) ;
#2132 = CARTESIAN_POINT ( 'NONE',  ( -70.78852960328462984, 115.2569332580205952, 132.2760348314621410 ) ) ;
#2133 = CYLINDRICAL_SURFACE ( 'NONE', #8363, 3.000000000000002665 ) ;
#2134 = CARTESIAN_POINT ( 'NONE',  ( -71.63099352588238844, 69.31176367214871448, 149.7873377258802066 ) ) ;
#2135 = CARTESIAN_POINT ( 'NONE',  ( -85.57781507665031029, 123.2811666859128792, 123.1808086404636811 ) ) ;
#2136 = CARTESIAN_POINT ( 'NONE',  ( -77.74020135477387328, 142.3146767499205225, 166.0669114238345685 ) ) ;
#2137 = VERTEX_POINT ( 'NONE', #9680 ) ;
#2138 = ORIENTED_EDGE ( 'NONE', *, *, #6139, .T. ) ;
#2139 = VERTEX_POINT ( 'NONE', #7522 ) ;
#2140 = CARTESIAN_POINT ( 'NONE',  ( -71.23870446307708448, 114.0734983574951116, 133.3754944116996057 ) ) ;
#2141 = FACE_OUTER_BOUND ( 'NONE', #2820, .T. ) ;
#2142 = DIRECTION ( 'NONE',  ( 1.000000000000000000, -0.000000000000000000, -0.000000000000000000 ) ) ;
#2143 = DIRECTION ( 'NONE',  ( 1.000000000000000000, -0.000000000000000000, -0.000000000000000000 ) ) ;
#2144 = VERTEX_POINT ( 'NONE', #1092 ) ;
#2145 = VERTEX_POINT ( 'NONE', #3134 ) ;
#2146 = DIRECTION ( 'NONE',  ( -0.000000000000000000, -0.000000000000000000, 1.000000000000000000 ) ) ;
#2147 = CARTESIAN_POINT ( 'NONE',  ( -90.00909000923269332, 120.1794454615852601, 127.0483706802584010 ) ) ;
#2148 = CARTESIAN_POINT ( 'NONE',  ( -82.02959671517533025, 151.3414864913666804, 70.70395362279896290 ) ) ;
#2149 = FACE_OUTER_BOUND ( 'NONE', #9793, .T. ) ;
#2150 = CARTESIAN_POINT ( 'NONE',  ( -85.77365202467274230, 122.7936004001942791, 121.6634436192897937 ) ) ;
#2151 = CARTESIAN_POINT ( 'NONE',  ( -80.11398324708125074, 76.96512707910930828, 161.3249530678992585 ) ) ;
#2152 = CARTESIAN_POINT ( 'NONE',  ( -73.28852960328462984, 105.3119079817578410, 131.5054217592787609 ) ) ;
#2153 = CARTESIAN_POINT ( 'NONE',  ( -85.79864945871318582, 143.4649721217661238, 105.4654373122630489 ) ) ;
#2154 = ORIENTED_EDGE ( 'NONE', *, *, #1235, .F. ) ;
#2155 = CARTESIAN_POINT ( 'NONE',  ( -78.78852960328462984, 153.3059483139734596, 112.1708722389269752 ) ) ;
#2156 = ORIENTED_EDGE ( 'NONE', *, *, #3693, .T. ) ;
#2157 = EDGE_CURVE ( 'NONE', #3176, #537, #7220, .T. ) ;
#2158 = FACE_OUTER_BOUND ( 'NONE', #7346, .T. ) ;
#2159 = EDGE_CURVE ( 'NONE', #7374, #1300, #8339, .T. ) ;
#2160 = DIRECTION ( 'NONE',  ( -0.000000000000000000, 1.000000000000000000, -0.000000000000000000 ) ) ;
#2161 = ORIENTED_EDGE ( 'NONE', *, *, #4720, .T. ) ;
#2162 = SURFACE_STYLE_USAGE ( .BOTH. , #686 ) ;
#2163 = CARTESIAN_POINT ( 'NONE',  ( -70.78852960328462984, 70.04702344982972306, 82.22141455284831579 ) ) ;
#2164 = CARTESIAN_POINT ( 'NONE',  ( -89.82753155820599034, 155.7277967011858664, 128.5713900873035982 ) ) ;
#2165 = CARTESIAN_POINT ( 'NONE',  ( -89.93555994146372257, 120.5461253815376779, 127.6725455344120093 ) ) ;
#2166 = EDGE_LOOP ( 'NONE', ( #1756, #7737, #7409, #907 ) ) ;
#2167 = CARTESIAN_POINT ( 'NONE',  ( -72.06701408601570336, 113.4050410432824378, 96.06912481061421261 ) ) ;
#2168 = CARTESIAN_POINT ( 'NONE',  ( -90.77193130159385248, 89.20373341658446975, 115.4864888193462917 ) ) ;
#2169 = ORIENTED_EDGE ( 'NONE', *, *, #8153, .T. ) ;
#2170 = CARTESIAN_POINT ( 'NONE',  ( -81.41489295207851740, 76.09274979283740947, 160.4724263295078401 ) ) ;
#2171 = CARTESIAN_POINT ( 'NONE',  ( -84.34824275842645136, 132.5309159640421228, 129.3804998236556969 ) ) ;
#2172 = CARTESIAN_POINT ( 'NONE',  ( -70.80666788941758227, 114.9830719999793729, 132.4509011476239095 ) ) ;
#2173 = B_SPLINE_CURVE_WITH_KNOTS ( 'NONE', 3,
 ( #5766, #1982, #6357, #8656, #1090, #1845, #2738, #4165, #4853, #7866, #8703, #1889, #8746, #4900, #4116, #7166, #3373, #7251, #1145, #3509, #4208, #4936, #6314, #3460, #7203, #1939, #7961, #411, #1194, #3419, #4806, #6411, #455, #4979, #9414 ),
 .UNSPECIFIED., .F., .F.,
 ( 4, 2, 2, 2, 2, 2, 2, 1, 1, 2, 2, 2, 2, 1, 1, 1, 2, 2, 2, 4 ),
 ( 0.000000000000000000, 0.1249999999998089861, 0.1874999999997221667, 0.2187499999996724842, 0.2499999999996228017, 0.3749999999994521049, 0.4374999999993606226, 0.4687499999993026689, 0.4843749999992860711, 0.4921874999992901789, 0.4999999999992943422, 0.6249999999994008126, 0.6874999999994646505, 0.7187499999994942934, 0.7343749999995110578, 0.7421874999995313749, 0.7460937499995282662, 0.7499999999995251576, 0.8749999999997625233, 1.000000000000000000 ),
 .UNSPECIFIED. ) ;
#2174 = EDGE_CURVE ( 'NONE', #7163, #71, #3871, .T. ) ;
#2175 = DIRECTION ( 'NONE',  ( 0.000000000000000000, -1.000000000000000000, 0.000000000000000000 ) ) ;
#2176 = CARTESIAN_POINT ( 'NONE',  ( -72.28852960328462984, 113.9287952785863638, 134.2125265045658296 ) ) ;
#2177 = EDGE_CURVE ( 'NONE', #3655, #3368, #8472, .T. ) ;
#2178 = CARTESIAN_POINT ( 'NONE',  ( -85.96595032014862170, 122.5309159640421228, 119.6999844250203608 ) ) ;
#2179 = VECTOR ( 'NONE', #4658, 1000.000000000000000 ) ;
#2180 = CARTESIAN_POINT ( 'NONE',  ( -77.87060992481895028, 144.4338263764134069, 165.6930149276209931 ) ) ;
#2181 = EDGE_LOOP ( 'NONE', ( #6719, #3756, #764 ) ) ;
#2182 = VERTEX_POINT ( 'NONE', #6128 ) ;
#2183 = CARTESIAN_POINT ( 'NONE',  ( -73.28852960328462984, 104.3119079817578410, 131.5054217592787609 ) ) ;
#2184 = CARTESIAN_POINT ( 'NONE',  ( -70.96577456740051559, 114.4337693995118315, 132.8864562421353810 ) ) ;
#2185 = CARTESIAN_POINT ( 'NONE',  ( -85.57317856420199575, 142.8672577530167587, 123.2132560513120154 ) ) ;
#2186 = DIRECTION ( 'NONE',  ( -0.2826072855751555757, 0.6782820660093566989, 0.6782820660093566989 ) ) ;
#2187 = VECTOR ( 'NONE', #4004, 1000.000000000000000 ) ;
#2188 = EDGE_CURVE ( 'NONE', #1442, #1805, #6177, .T. ) ;
#2189 = CARTESIAN_POINT ( 'NONE',  ( -87.63455398725977830, 111.5070185028637155, 133.7377297787967905 ) ) ;
#2190 = CARTESIAN_POINT ( 'NONE',  ( -73.28852960328462984, 107.3119079817578267, 113.5054217592787325 ) ) ;
#2191 = CARTESIAN_POINT ( 'NONE',  ( -76.78852960328464405, 141.0781728677007720, 163.0725428431005923 ) ) ;
#2192 = ORIENTED_EDGE ( 'NONE', *, *, #6677, .T. ) ;
#2193 = CARTESIAN_POINT ( 'NONE',  ( -72.28852960328462984, 114.8119079817578125, 132.7125299789917392 ) ) ;
#2194 = CARTESIAN_POINT ( 'NONE',  ( -89.32948020125029132, 124.2002723717747443, 94.97794438359258606 ) ) ;
#2195 = CARTESIAN_POINT ( 'NONE',  ( -90.78480530640010215, 61.28154430136349617, 118.6564746014200722 ) ) ;
#2196 = DIRECTION ( 'NONE',  ( -0.000000000000000000, -1.000000000000000000, 1.790682297782512114E-15 ) ) ;
#2197 = CARTESIAN_POINT ( 'NONE',  ( -85.79200803333561964, 122.7571951549556530, 121.5022083702236984 ) ) ;
#2198 = CARTESIAN_POINT ( 'NONE',  ( -83.91416603563799015, 153.3439318817651156, 79.53700360941627423 ) ) ;
#2199 = CARTESIAN_POINT ( 'NONE',  ( -88.37431604091155180, 110.1293568147877693, 95.50674166600603598 ) ) ;
#2200 = FACE_OUTER_BOUND ( 'NONE', #7714, .T. ) ;
#2201 = EDGE_CURVE ( 'NONE', #7479, #4174, #8315, .T. ) ;
#2202 = CARTESIAN_POINT ( 'NONE',  ( -86.19937124638235559, 143.6309159640421456, 115.3471801710884819 ) ) ;
#2203 = CARTESIAN_POINT ( 'NONE',  ( -72.28852960328462984, 152.4621127927752866, 95.50574073170528777 ) ) ;
#2204 = CARTESIAN_POINT ( 'NONE',  ( -72.11075249075373961, 71.21315378827348752, 150.5300345442102810 ) ) ;
#2205 = CARTESIAN_POINT ( 'NONE',  ( -71.27465560231109976, 114.4194589916605622, 96.13064901244042915 ) ) ;
#2206 = EDGE_LOOP ( 'NONE', ( #6787, #6523, #1063, #8181 ) ) ;
#2207 = DIRECTION ( 'NONE',  ( 0.000000000000000000, 0.000000000000000000, -1.000000000000000000 ) ) ;
#2208 = ORIENTED_EDGE ( 'NONE', *, *, #1573, .F. ) ;
#2209 = CIRCLE ( 'NONE', #5808, 1.000000000000000888 ) ;
#2210 = FACE_OUTER_BOUND ( 'NONE', #1904, .T. ) ;
#2211 = CARTESIAN_POINT ( 'NONE',  ( -89.08822171617993035, 127.4949906713100347, 133.5057761106156704 ) ) ;
#2212 = CARTESIAN_POINT ( 'NONE',  ( -82.28099136111208622, 76.47257789353679414, 158.2449689536471453 ) ) ;
#2213 = CARTESIAN_POINT ( 'NONE',  ( -86.15156092524877351, 64.20165672716728977, 138.9253424137932598 ) ) ;
#2214 = ORIENTED_EDGE ( 'NONE', *, *, #4162, .T. ) ;
#2215 = VECTOR ( 'NONE', #76, 1000.000000000000000 ) ;
#2216 = CARTESIAN_POINT ( 'NONE',  ( -77.74070303575302887, 140.8723463296477121, 166.0654737538021948 ) ) ;
#2217 = CARTESIAN_POINT ( 'NONE',  ( -78.78852960328464405, 64.19427628200837432, 97.49400204904756606 ) ) ;
#2218 = CARTESIAN_POINT ( 'NONE',  ( -89.89273651265571630, 153.7798634644950937, 98.51660180409369616 ) ) ;
#2219 = DIRECTION ( 'NONE',  ( -1.000000000000000000, 0.000000000000000000, 0.000000000000000000 ) ) ;
#2220 = CARTESIAN_POINT ( 'NONE',  ( -89.66465564856920878, 122.1126987576276122, 129.7693590915156960 ) ) ;
#2221 = ORIENTED_EDGE ( 'NONE', *, *, #8202, .F. ) ;
#2222 = CARTESIAN_POINT ( 'NONE',  ( -71.58332005607736903, 114.1556860319289939, 95.84218572009716297 ) ) ;
#2223 = CARTESIAN_POINT ( 'NONE',  ( -88.81559007205517275, 105.2157457668972711, 91.96147921292704552 ) ) ;
#2224 = CIRCLE ( 'NONE', #2857, 1.999999999999994893 ) ;
#2225 = ORIENTED_EDGE ( 'NONE', *, *, #8875, .T. ) ;
#2226 = CARTESIAN_POINT ( 'NONE',  ( -84.46771479263138360, 136.6903463751559684, 128.9024086574616206 ) ) ;
#2227 = AXIS2_PLACEMENT_3D ( 'NONE', #288, #2381, #9294 ) ;
#2228 = FACE_OUTER_BOUND ( 'NONE', #4157, .T. ) ;
#2229 = CARTESIAN_POINT ( 'NONE',  ( -85.57420750328563486, 123.2915934796812962, 123.2060651299471061 ) ) ;
#2230 = VECTOR ( 'NONE', #3407, 1000.000000000000000 ) ;
#2231 = CARTESIAN_POINT ( 'NONE',  ( -78.78852960328464405, 87.24796103312279172, 64.27334972175202665 ) ) ;
#2232 = ORIENTED_EDGE ( 'NONE', *, *, #5294, .F. ) ;
#2233 = ORIENTED_EDGE ( 'NONE', *, *, #1347, .T. ) ;
#2234 = CARTESIAN_POINT ( 'NONE',  ( -70.85643137019332016, 114.8691610523261488, 132.7992639803525776 ) ) ;
#2235 = AXIS2_PLACEMENT_3D ( 'NONE', #1685, #2586, #9352 ) ;
#2236 = VERTEX_POINT ( 'NONE', #2469 ) ;
#2237 = CIRCLE ( 'NONE', #3189, 1.999999999999994671 ) ;
#2238 = CARTESIAN_POINT ( 'NONE',  ( -84.30206146266735345, 131.3843513815714061, 97.34507986672072377 ) ) ;
#2239 = CARTESIAN_POINT ( 'NONE',  ( -88.72430331978269180, 114.9734089126443592, 135.5447700567077618 ) ) ;
#2240 = CIRCLE ( 'NONE', #1128, 1.000000000000000888 ) ;
#2241 = DIRECTION ( 'NONE',  ( -0.000000000000000000, 1.000000000000000000, -0.000000000000000000 ) ) ;
#2242 = AXIS2_PLACEMENT_3D ( 'NONE', #4171, #318, #8712 ) ;
#2243 = VERTEX_POINT ( 'NONE', #9166 ) ;
#2244 = LINE ( 'NONE', #2193, #5194 ) ;
#2245 = CARTESIAN_POINT ( 'NONE',  ( -88.94748797383212491, 128.8110996799181294, 92.69359073530334570 ) ) ;
#2246 = EDGE_CURVE ( 'NONE', #2243, #1033, #760, .T. ) ;
#2247 = CARTESIAN_POINT ( 'NONE',  ( -72.86162915016457475, 74.23430616927745973, 152.2681882442930146 ) ) ;
#2248 = EDGE_CURVE ( 'NONE', #7494, #593, #6741, .T. ) ;
#2249 = AXIS2_PLACEMENT_3D ( 'NONE', #6879, #1561, #172 ) ;
#2250 = CARTESIAN_POINT ( 'NONE',  ( -74.78852960328464405, 86.94190798175786483, 113.5057407317052736 ) ) ;
#2251 = DIRECTION ( 'NONE',  ( 1.000000000000000000, 0.000000000000000000, 0.000000000000000000 ) ) ;
#2252 = CARTESIAN_POINT ( 'NONE',  ( -85.53861296687419724, 142.8703408908604331, 103.4551819283852439 ) ) ;
#2253 = CARTESIAN_POINT ( 'NONE',  ( -71.34913184519541574, 114.3675861382138095, 96.04941001104256770 ) ) ;
#2254 = ORIENTED_EDGE ( 'NONE', *, *, #6208, .F. ) ;
#2255 = CARTESIAN_POINT ( 'NONE',  ( -90.18015290342202661, 104.8835145537319704, 113.0571967816866703 ) ) ;
#2256 = ORIENTED_EDGE ( 'NONE', *, *, #9241, .T. ) ;
#2257 = CARTESIAN_POINT ( 'NONE',  ( -69.74836691017675605, 73.44972016382351399, 76.01843847451294778 ) ) ;
#2258 = ADVANCED_FACE ( 'NONE', ( #4568 ), #6767, .T. ) ;
#2259 = CARTESIAN_POINT ( 'NONE',  ( -90.43990461255968683, 59.90065088947228844, 123.8900784956576899 ) ) ;
#2260 = CARTESIAN_POINT ( 'NONE',  ( -84.42315017587290527, 144.9414728969195778, 74.80763256112275883 ) ) ;
#2261 = CARTESIAN_POINT ( 'NONE',  ( -81.89109368900587071, 72.09739492637430658, 154.5239021952135090 ) ) ;
#2262 = CARTESIAN_POINT ( 'NONE',  ( -88.85704443486936555, 133.6309159640421456, 92.18901621958045212 ) ) ;
#2263 = CARTESIAN_POINT ( 'NONE',  ( -78.78852960328464405, 70.04702344982972306, 82.22141455284831579 ) ) ;
#2264 = CARTESIAN_POINT ( 'NONE',  ( -84.28536839170106987, 132.5309159640421228, 97.28049982365568837 ) ) ;
#2265 = ORIENTED_EDGE ( 'NONE', *, *, #6676, .T. ) ;
#2266 = CARTESIAN_POINT ( 'NONE',  ( -71.07171511466633262, 114.5473615947995114, 96.41055450309130492 ) ) ;
#2267 = CARTESIAN_POINT ( 'NONE',  ( -89.78852959371835141, 104.4468056478177402, 98.16745013556682409 ) ) ;
#2268 = CARTESIAN_POINT ( 'NONE',  ( -89.69040215783581971, 121.6460953627182562, 97.43141193912263986 ) ) ;
#2269 = FACE_OUTER_BOUND ( 'NONE', #7402, .T. ) ;
#2270 = LINE ( 'NONE', #8944, #6163 ) ;
#2271 = LINE ( 'NONE', #3656, #2398 ) ;
#2272 = CARTESIAN_POINT ( 'NONE',  ( -72.28852960328462984, 113.3119079817578125, 115.5054217592787325 ) ) ;
#2274 = CARTESIAN_POINT ( 'NONE',  ( -89.18546937165707789, 139.9622136474586398, 132.9265875110184538 ) ) ;
#2273 = CARTESIAN_POINT ( 'NONE',  ( -84.41303920392658711, 135.9067205219241714, 129.1232463466357103 ) ) ;
#2275 = CARTESIAN_POINT ( 'NONE',  ( -77.74070492720811387, 140.8719475623819335, 60.94546903656897285 ) ) ;
#2276 = PLANE ( 'NONE',  #341 ) ;
#2277 = LINE ( 'NONE', #925, #6003 ) ;
#2278 = CARTESIAN_POINT ( 'NONE',  ( -85.29942770045983025, 124.2177661912023865, 124.9385159390228068 ) ) ;
#2279 = DIRECTION ( 'NONE',  ( -1.000000000000000000, 0.000000000000000000, 0.000000000000000000 ) ) ;
#2280 = ORIENTED_EDGE ( 'NONE', *, *, #2357, .F. ) ;
#2281 = CARTESIAN_POINT ( 'NONE',  ( -77.99498218347999057, 84.20104171020234674, 61.59356598041139819 ) ) ;
#2282 = CARTESIAN_POINT ( 'NONE',  ( -72.28852960328462984, 113.3204415849168925, 133.5125265045658125 ) ) ;
#2283 = CARTESIAN_POINT ( 'NONE',  ( -78.77413944211866692, 148.7298017148081613, 163.0598045620218102 ) ) ;
#2284 = CARTESIAN_POINT ( 'NONE',  ( -79.28121186632490947, 76.88731890509377820, 161.5773543216424457 ) ) ;
#2285 = ORIENTED_EDGE ( 'NONE', *, *, #3932, .F. ) ;
#2286 = DIRECTION ( 'NONE',  ( 0.000000000000000000, 0.000000000000000000, -1.000000000000000000 ) ) ;
#2287 = CARTESIAN_POINT ( 'NONE',  ( -79.73726645774887345, 76.27862305353555428, 160.7245199503552158 ) ) ;
#2288 = CARTESIAN_POINT ( 'NONE',  ( -78.01786394634814314, 131.5993234740367939, 165.4277596706494649 ) ) ;
#2289 = DIRECTION ( 'NONE',  ( 1.000000000000000000, 0.000000000000000000, 0.000000000000000000 ) ) ;
#2290 = ORIENTED_EDGE ( 'NONE', *, *, #324, .T. ) ;
#2291 = CARTESIAN_POINT ( 'NONE',  ( -70.78852960328462984, 148.7298017148081897, 163.0598045620218386 ) ) ;
#2292 = CARTESIAN_POINT ( 'NONE',  ( -79.99290351925718312, 127.0995950700828416, 63.10980955766262923 ) ) ;
#2293 = CARTESIAN_POINT ( 'NONE',  ( -89.66743441613799348, 63.27884521263599282, 129.7571421728073346 ) ) ;
#2294 = CARTESIAN_POINT ( 'NONE',  ( -90.40470321475365267, 118.6425790866549619, 123.0108987589013907 ) ) ;
#2295 = CARTESIAN_POINT ( 'NONE',  ( -86.69593003848908097, 113.3119079817578267, 131.5054217592787325 ) ) ;
#2296 = CARTESIAN_POINT ( 'NONE',  ( -88.66070395815292216, 115.3119079817578267, 135.8791374862808539 ) ) ;
#2297 = EDGE_CURVE ( 'NONE', #3643, #2139, #4570, .T. ) ;
#2298 = EDGE_LOOP ( 'NONE', ( #6252, #5527 ) ) ;
#2299 = DIRECTION ( 'NONE',  ( 0.000000000000000000, 0.000000000000000000, -1.000000000000000000 ) ) ;
#2300 = EDGE_CURVE ( 'NONE', #1033, #6035, #7922, .T. ) ;
#2301 = CARTESIAN_POINT ( 'NONE',  ( -70.78852960328462984, 126.9623622400146132, 61.90214970102342562 ) ) ;
#2302 = ORIENTED_EDGE ( 'NONE', *, *, #8272, .T. ) ;
#2303 = CARTESIAN_POINT ( 'NONE',  ( -89.91848626453250404, 106.5986092380212966, 113.1451810862210579 ) ) ;
#2304 = VERTEX_POINT ( 'NONE', #7300 ) ;
#2305 = CARTESIAN_POINT ( 'NONE',  ( -69.74836691017675605, 72.69430290418813456, 77.30910187526924915 ) ) ;
#2306 = CARTESIAN_POINT ( 'NONE',  ( -79.36287174314117010, 150.1605283377217859, 161.2637414794853896 ) ) ;
#2307 = CARTESIAN_POINT ( 'NONE',  ( -80.00574577784109920, 97.07581006620711150, 163.8711439796479112 ) ) ;
#2308 = CARTESIAN_POINT ( 'NONE',  ( -70.78852960328462984, 65.52640825447605266, 133.7856970724591008 ) ) ;
#2309 = CARTESIAN_POINT ( 'NONE',  ( -81.19819523878118162, 151.6889062226149463, 71.16163652344880575 ) ) ;
#2310 = CARTESIAN_POINT ( 'NONE',  ( -74.78852960328462984, 65.55653655385752643, 133.7836355721415487 ) ) ;
#2311 = CARTESIAN_POINT ( 'NONE',  ( -89.71367663317367658, 121.8008476028272611, 129.4115450750234118 ) ) ;
#2312 = ORIENTED_EDGE ( 'NONE', *, *, #5679, .T. ) ;
#2313 = EDGE_CURVE ( 'NONE', #8584, #7975, #5767, .T. ) ;
#2314 = CARTESIAN_POINT ( 'NONE',  ( -71.05706662543430241, 114.4260708597710874, 96.47793765701391067 ) ) ;
#2315 = CARTESIAN_POINT ( 'NONE',  ( -90.75078085425073482, 87.33504476538696792, 110.5251942636830051 ) ) ;
#2316 = LINE ( 'NONE', #1572, #293 ) ;
#2317 = DIRECTION ( 'NONE',  ( 0.000000000000000000, 0.000000000000000000, -1.000000000000000000 ) ) ;
#2318 = ORIENTED_EDGE ( 'NONE', *, *, #9660, .T. ) ;
#2319 = CARTESIAN_POINT ( 'NONE',  ( -81.16008294752138852, 76.54902775849308227, 161.1061881145713812 ) ) ;
#2320 = DIRECTION ( 'NONE',  ( 1.000000000000000000, 0.000000000000000000, -0.000000000000000000 ) ) ;
#2321 = CARTESIAN_POINT ( 'NONE',  ( -90.78852960328464405, 141.5581117127231039, 60.92190020000548145 ) ) ;
#2322 = CARTESIAN_POINT ( 'NONE',  ( -70.79081213193764199, 115.1470855524151489, 132.3461749591875503 ) ) ;
#2323 = CARTESIAN_POINT ( 'NONE',  ( -83.56362919398205236, 150.0236415871069369, 154.7679291671279884 ) ) ;
#2324 = DIRECTION ( 'NONE',  ( 0.000000000000000000, 0.000000000000000000, -1.000000000000000000 ) ) ;
#2325 = CARTESIAN_POINT ( 'NONE',  ( -84.96249266043267312, 125.7218000741228963, 126.7136946183910453 ) ) ;
#2326 = CARTESIAN_POINT ( 'NONE',  ( -83.38852960328463837, 135.3251101029211441, 93.58049982365568553 ) ) ;
#2327 = DIRECTION ( 'NONE',  ( 0.000000000000000000, 0.9977779156875835609, 0.06662755410594910221 ) ) ;
#2328 = EDGE_LOOP ( 'NONE', ( #3701, #3561, #2640, #2018, #930, #1509 ) ) ;
#2329 = EDGE_CURVE ( 'NONE', #8808, #9089, #6512, .T. ) ;
#2330 = CARTESIAN_POINT ( 'NONE',  ( -85.97090709588684376, 143.6309159640421456, 107.2804998236556884 ) ) ;
#2331 = DIRECTION ( 'NONE',  ( 0.000000000000000000, 0.000000000000000000, 1.000000000000000000 ) ) ;
#2332 = ORIENTED_EDGE ( 'NONE', *, *, #494, .T. ) ;
#2333 = CARTESIAN_POINT ( 'NONE',  ( -81.53634152163367332, 148.8892055213373737, 160.1603884116590848 ) ) ;
#2334 = VERTEX_POINT ( 'NONE', #8003 ) ;
#2335 = CARTESIAN_POINT ( 'NONE',  ( -78.78852960328464405, 135.3251101029211441, 95.58049982365568553 ) ) ;
#2336 =( BOUNDED_SURFACE ( )  B_SPLINE_SURFACE ( 3, 2, ( 
 ( #4175, #7213, #7080 ),
 ( #3336, #8665, #6329 ),
 ( #7883, #1048, #4818 ),
 ( #1903, #9568, #8805 ),
 ( #4264, #1950, #2747 ),
 ( #4985, #4909, #7935 ) ),
 .UNSPECIFIED., .F., .F., .T. ) 
 B_SPLINE_SURFACE_WITH_KNOTS ( ( 4, 2, 4 ),
 ( 3, 3 ),
 ( 0.04577487481943527670, 0.05799923020784440719, 0.07022358559625353769 ),
 ( 0.000000000000000000, 1.000000000000000000 ),
 .UNSPECIFIED. ) 
 GEOMETRIC_REPRESENTATION_ITEM ( )  RATIONAL_B_SPLINE_SURFACE ( (
 ( 1.000000000000000000, 0.7071067811865475727, 1.000000000000000000),
 ( 1.000000000000000000, 0.7071067811865475727, 1.000000000000000000),
 ( 1.000000000000000000, 0.7071067811865473507, 1.000000000000000000),
 ( 1.000000000000000000, 0.7071067811865473507, 1.000000000000000000),
 ( 1.000000000000000000, 0.7071067811865475727, 1.000000000000000000),
 ( 1.000000000000000000, 0.7071067811865475727, 1.000000000000000000) ) ) 
 REPRESENTATION_ITEM ( '' )  SURFACE ( )  );
#2337 = B_SPLINE_CURVE_WITH_KNOTS ( 'NONE', 3,
 ( #8074, #426, #6424, #9486, #2711, #7978, #564, #3575, #2002, #3525, #4988, #9574, #8019, #5834, #1253, #2792, #5781, #2, #2350, #5388, #3823, #3725, #860, #6029, #3769 ),
 .UNSPECIFIED., .F., .F.,
 ( 4, 2, 2, 2, 2, 1, 1, 1, 2, 2, 2, 2, 2, 4 ),
 ( 0.000000000000000000, 0.009482254171199249945, 0.01896450834239849989, 0.02370563542799814655, 0.02607619897079797161, 0.02844676251359779667, 0.03792901668479716631, 0.04741127085599653596, 0.04978183439879635408, 0.05215239794159617914, 0.05689352502719589866, 0.06637577919839542095, 0.07111690628399516823, 0.07585803336959494325 ),
 .UNSPECIFIED. ) ;
#2338 = AXIS2_PLACEMENT_3D ( 'NONE', #6486, #8825, #6581 ) ;
#2339 = CARTESIAN_POINT ( 'NONE',  ( -85.94491773627288467, 122.5309251623870068, 106.9497666226670560 ) ) ;
#2340 = CARTESIAN_POINT ( 'NONE',  ( -72.28852960328462984, 105.8119986335291003, 112.0054217613331531 ) ) ;
#2341 = CARTESIAN_POINT ( 'NONE',  ( -89.53980750286579848, 143.5563933340882556, 96.36496133384720508 ) ) ;
#2342 = CARTESIAN_POINT ( 'NONE',  ( -84.75598952798011965, 111.0840744775290290, 94.04718822729174121 ) ) ;
#2343 = EDGE_CURVE ( 'NONE', #6604, #6331, #8354, .T. ) ;
#2344 = CARTESIAN_POINT ( 'NONE',  ( -78.78852960328464405, 105.8119986335291003, 112.0054217613331389 ) ) ;
#2345 = ORIENTED_EDGE ( 'NONE', *, *, #5964, .T. ) ;
#2346 = CARTESIAN_POINT ( 'NONE',  ( -74.78852960328464405, 63.68723676451637772, 126.8417183531610988 ) ) ;
#2347 = CARTESIAN_POINT ( 'NONE',  ( -78.15447539729620985, 126.9627537494440475, 165.1088986199510487 ) ) ;
#2348 = B_SPLINE_CURVE_WITH_KNOTS ( 'NONE', 3,
 ( #9313, #4807, #7921, #5946 ),
 .UNSPECIFIED., .F., .F.,
 ( 4, 4 ),
 ( 0.000000000000000000, 0.07890514608199067359 ),
 .UNSPECIFIED. ) ;
#2349 = AXIS2_PLACEMENT_3D ( 'NONE', #6244, #395, #9439 ) ;
#2350 = CARTESIAN_POINT ( 'NONE',  ( -70.00837887172062324, 62.82130505550105681, 135.2865690549782016 ) ) ;
#2351 = AXIS2_PLACEMENT_3D ( 'NONE', #1546, #8271, #1503 ) ;
#2352 = DIRECTION ( 'NONE',  ( 0.000000000000000000, 0.7071067811864006902, 0.7071067811866943442 ) ) ;
#2353 = DIRECTION ( 'NONE',  ( 0.000000000000000000, 0.000000000000000000, -1.000000000000000000 ) ) ;
#2354 = CARTESIAN_POINT ( 'NONE',  ( -84.49056687373202124, 137.5902250387794652, 98.09755600617788218 ) ) ;
#2355 = VERTEX_POINT ( 'NONE', #3554 ) ;
#2356 = ORIENTED_EDGE ( 'NONE', *, *, #545, .F. ) ;
#2357 = EDGE_CURVE ( 'NONE', #7267, #4203, #1640, .T. ) ;
#2358 = CARTESIAN_POINT ( 'NONE',  ( -83.38852960328463837, 132.5309159640421228, 129.3804998236556685 ) ) ;
#2359 = CARTESIAN_POINT ( 'NONE',  ( -84.67101052782662407, 138.6217192395407096, 128.0477074723457065 ) ) ;
#2360 = CARTESIAN_POINT ( 'NONE',  ( -69.74836691017675605, 70.04702344982972306, 82.22141455284831579 ) ) ;
#2361 = VECTOR ( 'NONE', #2588, 1000.000000000000000 ) ;
#2362 = CARTESIAN_POINT ( 'NONE',  ( -79.78220375387833485, 75.98437980743517528, 66.69177935890557762 ) ) ;
#2363 = EDGE_CURVE ( 'NONE', #6267, #8870, #4980, .T. ) ;
#2364 = CARTESIAN_POINT ( 'NONE',  ( -84.66956609231689868, 66.95686288667899078, 145.3453535419468494 ) ) ;
#2365 = EDGE_CURVE ( 'NONE', #9451, #4729, #3626, .T. ) ;
#2366 = LINE ( 'NONE', #7694, #7914 ) ;
#2367 = CARTESIAN_POINT ( 'NONE',  ( -87.78852960328462984, 110.1293568147877693, 95.50674166600603598 ) ) ;
#2368 = CARTESIAN_POINT ( 'NONE',  ( -88.85704684401359543, 134.0999546065319237, 92.18902951360018960 ) ) ;
#2369 = CARTESIAN_POINT ( 'NONE',  ( -80.78852960328464405, 141.9419079817567138, 153.6057407317052821 ) ) ;
#2370 = CARTESIAN_POINT ( 'NONE',  ( -78.78852960328464405, 141.0781728677007720, 163.0725428431005923 ) ) ;
#2371 = AXIS2_PLACEMENT_3D ( 'NONE', #2512, #7880, #3381 ) ;
#2372 = CARTESIAN_POINT ( 'NONE',  ( -79.86465551789599715, 76.28851687332920051, 66.29039104750194156 ) ) ;
#2373 = VERTEX_POINT ( 'NONE', #9415 ) ;
#2374 = CARTESIAN_POINT ( 'NONE',  ( -70.96000854343394337, 114.4744917091133374, 96.76845189311868012 ) ) ;
#2375 = CARTESIAN_POINT ( 'NONE',  ( -90.77441458625241921, 89.32773560729260964, 115.3349614574083404 ) ) ;
#2376 = CARTESIAN_POINT ( 'NONE',  ( -72.28852960328462984, 114.0119079817578296, 96.20574073170529061 ) ) ;
#2377 = EDGE_CURVE ( 'NONE', #5241, #8717, #5813, .T. ) ;
#2378 = EDGE_CURVE ( 'NONE', #6241, #6355, #8828, .T. ) ;
#2379 = TOROIDAL_SURFACE ( 'NONE', #5825, 2.999999999999994671, 1.000000000000000000 ) ;
#2380 = FACE_OUTER_BOUND ( 'NONE', #1663, .T. ) ;
#2381 = DIRECTION ( 'NONE',  ( 0.000000000000000000, 1.000000000000000000, 0.000000000000000000 ) ) ;
#2382 = CARTESIAN_POINT ( 'NONE',  ( -83.69157184331957922, 140.0806201631204715, 72.64465990624037772 ) ) ;
#2383 = LINE ( 'NONE', #648, #7418 ) ;
#2384 = CARTESIAN_POINT ( 'NONE',  ( -85.29901740062076954, 124.2193413738411465, 124.9408710224125656 ) ) ;
#2385 = CARTESIAN_POINT ( 'NONE',  ( -74.78852960328464405, 64.39571115052355310, 129.8342342392633384 ) ) ;
#2386 = CARTESIAN_POINT ( 'NONE',  ( -88.90106720982367960, 112.7758440965842368, 92.43298398307823049 ) ) ;
#2387 = ORIENTED_EDGE ( 'NONE', *, *, #1089, .F. ) ;
#2388 = CARTESIAN_POINT ( 'NONE',  ( -70.78852960328462984, 151.7309120031469831, 85.26342517491579542 ) ) ;
#2389 = VECTOR ( 'NONE', #2331, 1000.000000000000000 ) ;
#2390 = VERTEX_POINT ( 'NONE', #1195 ) ;
#2391 = CARTESIAN_POINT ( 'NONE',  ( -78.19338606272175696, 81.47857594163490091, 59.03884230798458077 ) ) ;
#2392 = CARTESIAN_POINT ( 'NONE',  ( -80.41798636164082836, 148.9229032197365257, 162.9092259603111472 ) ) ;
#2393 = CARTESIAN_POINT ( 'NONE',  ( -70.78852960328462984, 69.37211967919610345, 77.11476065484859532 ) ) ;
#2394 = EDGE_LOOP ( 'NONE', ( #598, #3923, #1501, #195 ) ) ;
#2395 = CARTESIAN_POINT ( 'NONE',  ( -84.77386910777406115, 126.4803326369869296, 99.31202786692213635 ) ) ;
#2396 = EDGE_CURVE ( 'NONE', #954, #9373, #3158, .T. ) ;
#2397 = DIRECTION ( 'NONE',  ( -1.000000000000000000, -0.000000000000000000, -0.000000000000000000 ) ) ;
#2398 = VECTOR ( 'NONE', #9290, 1000.000000000000227 ) ;
#2399 = CARTESIAN_POINT ( 'NONE',  ( -79.72123257805698415, 87.31458858722875505, 62.47964838303535373 ) ) ;
#2400 = CARTESIAN_POINT ( 'NONE',  ( -89.30515805812437691, 141.7520758142692330, 94.82423607662040865 ) ) ;
#2401 = DIRECTION ( 'NONE',  ( 0.000000000000000000, 0.000000000000000000, -1.000000000000000000 ) ) ;
#2402 = CARTESIAN_POINT ( 'NONE',  ( -87.78852960328462984, 110.1293568147877693, 95.50674166600603598 ) ) ;
#2403 = CARTESIAN_POINT ( 'NONE',  ( -73.28852960328462984, 114.3119079817578267, 131.5054217592787609 ) ) ;
#2404 = DIRECTION ( 'NONE',  ( 1.000000000000000000, -0.000000000000000000, -0.000000000000000000 ) ) ;
#2405 = ORIENTED_EDGE ( 'NONE', *, *, #3566, .F. ) ;
#2406 = CARTESIAN_POINT ( 'NONE',  ( -74.78852960328464405, 64.66347803448965692, 130.8309136237396331 ) ) ;
#2407 = DIRECTION ( 'NONE',  ( 1.000000000000000000, 0.000000000000000000, 0.000000000000000000 ) ) ;
#2408 = CARTESIAN_POINT ( 'NONE',  ( -77.74070303575302887, 140.8723463296477121, 166.0654737538022516 ) ) ;
#2409 = CIRCLE ( 'NONE', #1922, 1.000000000000000888 ) ;
#2410 = VECTOR ( 'NONE', #4372, 1000.000000000000000 ) ;
#2411 = CARTESIAN_POINT ( 'NONE',  ( -78.78852960328464405, 141.9419079817567138, 147.0057407317052593 ) ) ;
#2412 = DIRECTION ( 'NONE',  ( -1.000000000000000000, -0.000000000000000000, -0.000000000000000000 ) ) ;
#2413 = ADVANCED_FACE ( 'NONE', ( #6460 ), #4256, .F. ) ;
#2414 = LINE ( 'NONE', #7578, #8182 ) ;
#2415 = DIRECTION ( 'NONE',  ( 0.000000000000000000, 0.000000000000000000, 1.000000000000000000 ) ) ;
#2416 = PRODUCT_DEFINITION_FORMATION_WITH_SPECIFIED_SOURCE ( 'ANY', '', #3358, .NOT_KNOWN. ) ;
#2417 = CIRCLE ( 'NONE', #3355, 6.999999999999992006 ) ;
#2418 = DIRECTION ( 'NONE',  ( 1.000000000000000000, -0.000000000000000000, -0.000000000000000000 ) ) ;
#2419 = CARTESIAN_POINT ( 'NONE',  ( -85.04915987114182485, 141.0963711651532151, 100.6236857003291476 ) ) ;
#2420 = CARTESIAN_POINT ( 'NONE',  ( -72.12051493688994697, 71.25602050068336268, 150.5500622152705716 ) ) ;
#2421 = VERTEX_POINT ( 'NONE', #6412 ) ;
#2422 = VERTEX_POINT ( 'NONE', #6603 ) ;
#2423 = AXIS2_PLACEMENT_3D ( 'NONE', #8907, #2186, #4512 ) ;
#2424 = CARTESIAN_POINT ( 'NONE',  ( -89.25908435112897621, 125.3896932286697421, 132.4754738874714235 ) ) ;
#2425 = CARTESIAN_POINT ( 'NONE',  ( -90.76852876997260466, 59.31079197782268864, 110.9748227792405970 ) ) ;
#2426 = CARTESIAN_POINT ( 'NONE',  ( -82.33964622227500740, 71.26929156490540151, 153.1854336926844553 ) ) ;
#2427 = DIRECTION ( 'NONE',  ( -1.000000000000000000, -0.000000000000000000, -0.000000000000000000 ) ) ;
#2428 = PLANE ( 'NONE',  #6623 ) ;
#2429 = CARTESIAN_POINT ( 'NONE',  ( -82.56010247853831174, 135.3251101029211441, 94.75207269890948680 ) ) ;
#2430 = CARTESIAN_POINT ( 'NONE',  ( -74.78852960328462984, 65.95699369618891694, 92.01803344964146447 ) ) ;
#2431 = EDGE_LOOP ( 'NONE', ( #265, #9774, #5800, #9112 ) ) ;
#2432 = CARTESIAN_POINT ( 'NONE',  ( -70.96000854343388653, 114.5831527463301995, 96.65979085590177533 ) ) ;
#2433 = CARTESIAN_POINT ( 'NONE',  ( -90.53855286911441169, 118.3021618534173598, 105.8103374847064373 ) ) ;
#2434 = DIRECTION ( 'NONE',  ( 0.000000000000000000, -0.7071014164201538943, 0.7071121459122392539 ) ) ;
#2435 = CARTESIAN_POINT ( 'NONE',  ( -70.78852960328462984, 151.7309120031469831, 85.26342517491579542 ) ) ;
#2436 = LINE ( 'NONE', #1520, #662 ) ;
#2437 = ADVANCED_FACE ( 'NONE', ( #782 ), #5871, .F. ) ;
#2438 = DIRECTION ( 'NONE',  ( 0.000000000000000000, 1.000000000000000000, 0.000000000000000000 ) ) ;
#2439 = CARTESIAN_POINT ( 'NONE',  ( -87.78852960328462984, 106.8293568147877721, 102.8454217592787501 ) ) ;
#2440 = CARTESIAN_POINT ( 'NONE',  ( -84.75556828135667331, 126.9440468322765554, 127.6742909458588002 ) ) ;
#2441 = CARTESIAN_POINT ( 'NONE',  ( -74.78852960328464405, 73.48687166150119765, 151.0528880909920133 ) ) ;
#2442 = VERTEX_POINT ( 'NONE', #8996 ) ;
#2443 = CARTESIAN_POINT ( 'NONE',  ( -74.78852960328464405, 69.28116841326392716, 77.27902731469615105 ) ) ;
#2444 = EDGE_CURVE ( 'NONE', #1442, #8070, #9421, .T. ) ;
#2445 = EDGE_CURVE ( 'NONE', #1042, #8571, #6014, .T. ) ;
#2446 = CARTESIAN_POINT ( 'NONE',  ( -70.79057221097728814, 115.1601474062757120, 132.3659238773760762 ) ) ;
#2447 = ORIENTED_EDGE ( 'NONE', *, *, #7705, .F. ) ;
#2448 = CARTESIAN_POINT ( 'NONE',  ( -72.28852960328462984, 105.3119079817578410, 131.5054217592787609 ) ) ;
#2449 = CARTESIAN_POINT ( 'NONE',  ( -79.80130612833194448, 76.35312383254839119, 160.8151068537652577 ) ) ;
#2450 = CARTESIAN_POINT ( 'NONE',  ( -78.74927012177593610, 80.58577970310075500, 60.28233306894443899 ) ) ;
#2451 = CARTESIAN_POINT ( 'NONE',  ( -70.78852960328462984, 111.8688076255531314, 164.5904987380681916 ) ) ;
#2452 = CARTESIAN_POINT ( 'NONE',  ( -80.22657304738798700, 148.4278499567192569, 163.3617609018985775 ) ) ;
#2453 = EDGE_LOOP ( 'NONE', ( #2936, #6903, #2656, #7837 ) ) ;
#2454 = CARTESIAN_POINT ( 'NONE',  ( -85.43148873964864265, 142.1454763956998875, 149.0057407317052593 ) ) ;
#2455 = CARTESIAN_POINT ( 'NONE',  ( -84.45164100631349413, 128.9610210332669169, 97.93875441073970478 ) ) ;
#2456 = CARTESIAN_POINT ( 'NONE',  ( -84.28536839170106987, 133.6309159640421456, 97.28049982365567416 ) ) ;
#2457 = DIRECTION ( 'NONE',  ( 1.000000000000000000, -0.000000000000000000, -0.000000000000000000 ) ) ;
#2458 = DIRECTION ( 'NONE',  ( -0.000000000000000000, -0.000000000000000000, 1.000000000000000000 ) ) ;
#2459 = DIRECTION ( 'NONE',  ( -0.02994641716512248461, -0.9971961991922969615, -0.06857807532593439281 ) ) ;
#2460 = VERTEX_POINT ( 'NONE', #5264 ) ;
#2461 = EDGE_CURVE ( 'NONE', #2965, #1531, #7398, .T. ) ;
#2462 = CARTESIAN_POINT ( 'NONE',  ( -83.38852960328463837, 120.3309159640421484, 100.5804998236556855 ) ) ;
#2463 = CARTESIAN_POINT ( 'NONE',  ( -84.78852960328464405, 110.9293568147877664, 102.8454217592787501 ) ) ;
#2464 = CARTESIAN_POINT ( 'NONE',  ( -90.39182360467758315, 61.98408989516582324, 103.5278749503001166 ) ) ;
#2465 = CARTESIAN_POINT ( 'NONE',  ( -90.75026622233667695, 86.94190798177660895, 116.5057407317052736 ) ) ;
#2466 = CARTESIAN_POINT ( 'NONE',  ( -74.78852960328464405, 70.27948369363456038, 150.0947744432860134 ) ) ;
#2467 = B_SPLINE_CURVE_WITH_KNOTS ( 'NONE', 3,
 ( #2267, #7649, #1625, #4637, #3651, #1519, #9075, #4447, #2923, #8193, #7541, #2223 ),
 .UNSPECIFIED., .F., .F.,
 ( 4, 2, 2, 2, 2, 4 ),
 ( 7.977817453118574075E-14, 0.003190164569913573472, 0.004785246854830471110, 0.005582787997288916892, 0.005981558568518149759, 0.006380329139747382625 ),
 .UNSPECIFIED. ) ;
#2468 = DIRECTION ( 'NONE',  ( 0.000000000000000000, 0.000000000000000000, -1.000000000000000000 ) ) ;
#2469 = CARTESIAN_POINT ( 'NONE',  ( -70.78852960328462984, 148.6520442482435556, 71.31938675007729955 ) ) ;
#2470 = CARTESIAN_POINT ( 'NONE',  ( -84.91166268990771471, 140.4414236605030908, 99.94866587162853477 ) ) ;
#2471 = ORIENTED_EDGE ( 'NONE', *, *, #609, .F. ) ;
#2472 = ORIENTED_EDGE ( 'NONE', *, *, #3934, .F. ) ;
#2473 = CARTESIAN_POINT ( 'NONE',  ( -74.78852960328464405, 72.69430290418813456, 77.30910187526924915 ) ) ;
#2474 = CARTESIAN_POINT ( 'NONE',  ( -81.91428570157474098, 77.12735345972602374, 159.1969153001213897 ) ) ;
#2475 = CARTESIAN_POINT ( 'NONE',  ( -86.78852960328464405, 86.94190798175786483, 113.5057407317052736 ) ) ;
#2476 = CARTESIAN_POINT ( 'NONE',  ( -86.21884045723122370, 64.07643622835243491, 88.41090943110111766 ) ) ;
#2477 = CARTESIAN_POINT ( 'NONE',  ( -71.28852960328462984, 112.8119080014294724, 133.0054217592787609 ) ) ;
#2478 = DIRECTION ( 'NONE',  ( 0.000000000000000000, 0.000000000000000000, 1.000000000000000000 ) ) ;
#2479 = DIRECTION ( 'NONE',  ( 0.000000000000000000, 0.000000000000000000, -1.000000000000000000 ) ) ;
#2480 = CARTESIAN_POINT ( 'NONE',  ( -81.38852960328453889, 135.3251101029211441, 93.58049982365568553 ) ) ;
#2481 = CARTESIAN_POINT ( 'NONE',  ( -74.78852960328462984, 65.11016576802244060, 132.3608340496569156 ) ) ;
#2482 = CARTESIAN_POINT ( 'NONE',  ( -79.29612277027537459, 90.66573619541338758, 165.5164562940744304 ) ) ;
#2483 = ORIENTED_EDGE ( 'NONE', *, *, #4995, .F. ) ;
#2484 = CARTESIAN_POINT ( 'NONE',  ( -70.97586510934166881, 114.4048372781168439, 96.89815075526206556 ) ) ;
#2485 = EDGE_CURVE ( 'NONE', #5918, #1805, #3938, .T. ) ;
#2486 = CARTESIAN_POINT ( 'NONE',  ( -90.76830146906615937, 113.3119079817578267, 111.3240076166697889 ) ) ;
#2487 = CARTESIAN_POINT ( 'NONE',  ( -83.69038438899866605, 143.7994174819265538, 154.3696920289278012 ) ) ;
#2488 = CARTESIAN_POINT ( 'NONE',  ( -83.38852960328463837, 128.8367218251632096, 93.58049982365568553 ) ) ;
#2489 = CARTESIAN_POINT ( 'NONE',  ( -90.77093277354374834, 115.3119079817578125, 111.4708323586715153 ) ) ;
#2490 = EDGE_CURVE ( 'NONE', #5773, #4316, #3616, .T. ) ;
#2491 = CARTESIAN_POINT ( 'NONE',  ( -84.53923031936460575, 128.6760285393102947, 128.6076495430341140 ) ) ;
#2492 = FACE_OUTER_BOUND ( 'NONE', #1700, .T. ) ;
#2493 = ORIENTED_EDGE ( 'NONE', *, *, #882, .T. ) ;
#2494 = FACE_OUTER_BOUND ( 'NONE', #1925, .T. ) ;
#2495 = ORIENTED_EDGE ( 'NONE', *, *, #1649, .F. ) ;
#2496 = EDGE_CURVE ( 'NONE', #4903, #6715, #1407, .T. ) ;
#2497 = CARTESIAN_POINT ( 'NONE',  ( -80.96492868351928962, 148.0549861470072699, 161.5810506342569681 ) ) ;
#2498 = ORIENTED_EDGE ( 'NONE', *, *, #4823, .T. ) ;
#2499 = ADVANCED_FACE ( 'NONE', ( #1440 ), #8158, .T. ) ;
#2500 = CARTESIAN_POINT ( 'NONE',  ( -85.62423059050145469, 143.1009297077227984, 104.0516843467121646 ) ) ;
#2501 = DIRECTION ( 'NONE',  ( 0.000000000000000000, -1.000000000000000000, 0.000000000000000000 ) ) ;
#2502 = CARTESIAN_POINT ( 'NONE',  ( -78.78852960328464405, 146.6081054074559233, 66.07239895812648456 ) ) ;
#2503 = ORIENTED_EDGE ( 'NONE', *, *, #9160, .F. ) ;
#2504 = FACE_OUTER_BOUND ( 'NONE', #4031, .T. ) ;
#2505 = FACE_OUTER_BOUND ( 'NONE', #2884, .T. ) ;
#2506 = CARTESIAN_POINT ( 'NONE',  ( -72.17312447828344091, 113.4365152869776807, 133.8418322824521738 ) ) ;
#2507 = CARTESIAN_POINT ( 'NONE',  ( -85.10380236340667182, 141.1239749121583031, 126.0033564533641339 ) ) ;
#2508 = EDGE_CURVE ( 'NONE', #9171, #9569, #8662, .T. ) ;
#2509 = CARTESIAN_POINT ( 'NONE',  ( -72.28852960328462984, 111.3119079817577983, 133.5054217592787609 ) ) ;
#2510 = FACE_OUTER_BOUND ( 'NONE', #6648, .T. ) ;
#2511 = EDGE_CURVE ( 'NONE', #5338, #9171, #1385, .T. ) ;
#2512 = CARTESIAN_POINT ( 'NONE',  ( -79.44930525711488656, 74.58753932932562236, 74.44013709526626599 ) ) ;
#2513 = ORIENTED_EDGE ( 'NONE', *, *, #9310, .F. ) ;
#2514 = CARTESIAN_POINT ( 'NONE',  ( -84.79452572455372206, 139.7978131749246131, 99.40673462363520230 ) ) ;
#2515 = VECTOR ( 'NONE', #2501, 1000.000000000000000 ) ;
#2516 = ORIENTED_EDGE ( 'NONE', *, *, #3843, .F. ) ;
#2517 = ORIENTED_EDGE ( 'NONE', *, *, #4918, .F. ) ;
#2518 = CARTESIAN_POINT ( 'NONE',  ( -81.33822822749158377, 78.15417408123708753, 160.6567608999378933 ) ) ;
#2519 = CARTESIAN_POINT ( 'NONE',  ( -86.40104203165711283, 63.73712876550878548, 89.31135553787356685 ) ) ;
#2520 = AXIS2_PLACEMENT_3D ( 'NONE', #9686, #5700, #8731 ) ;
#2521 = CARTESIAN_POINT ( 'NONE',  ( -70.78852960328462984, 78.71924041441211273, 68.09220448043294027 ) ) ;
#2522 = CARTESIAN_POINT ( 'NONE',  ( -81.14452060633458075, 151.6586681594193067, 155.9887697637493602 ) ) ;
#2523 = CARTESIAN_POINT ( 'NONE',  ( -74.78852960328464405, 67.56094490570083622, 139.9675994469255329 ) ) ;
#2524 = ORIENTED_EDGE ( 'NONE', *, *, #4467, .F. ) ;
#2525 = CARTESIAN_POINT ( 'NONE',  ( -70.86059497545181785, 114.7136712984062825, 97.09534793393466146 ) ) ;
#2526 = AXIS2_PLACEMENT_3D ( 'NONE', #4562, #3872, #8373 ) ;
#2527 = LINE ( 'NONE', #3213, #3179 ) ;
#2528 = CARTESIAN_POINT ( 'NONE',  ( -70.78852960328462984, 154.0856182918941499, 106.2906200821180107 ) ) ;
#2529 = CARTESIAN_POINT ( 'NONE',  ( -86.69593003848908097, 105.3119079817578267, 135.5054217592787609 ) ) ;
#2530 = CARTESIAN_POINT ( 'NONE',  ( -83.57946319978711358, 143.2999183892946746, 72.32327155456169976 ) ) ;
#2531 = FACE_OUTER_BOUND ( 'NONE', #619, .T. ) ;
#2532 = EDGE_CURVE ( 'NONE', #2422, #7058, #5168, .T. ) ;
#2533 = ORIENTED_EDGE ( 'NONE', *, *, #2490, .F. ) ;
#2534 = AXIS2_PLACEMENT_3D ( 'NONE', #1773, #7795, #20 ) ;
#2535 = CARTESIAN_POINT ( 'NONE',  ( -74.78852960328464405, 74.23361122905129150, 74.74380810562847444 ) ) ;
#2536 = DIRECTION ( 'NONE',  ( 0.000000000000000000, 0.06860884601768479918, -0.9976436369005325933 ) ) ;
#2537 = LINE ( 'NONE', #5411, #169 ) ;
#2538 = DIRECTION ( 'NONE',  ( 1.000000000000000000, -0.000000000000000000, -0.000000000000000000 ) ) ;
#2539 = ORIENTED_EDGE ( 'NONE', *, *, #8202, .T. ) ;
#2540 = CARTESIAN_POINT ( 'NONE',  ( -77.73246983451454639, 141.3301720285568024, 60.92190020000603567 ) ) ;
#2541 = ORIENTED_EDGE ( 'NONE', *, *, #7806, .F. ) ;
#2542 = CARTESIAN_POINT ( 'NONE',  ( -81.46343037619463701, 77.93217261603432178, 160.3432096899168187 ) ) ;
#2543 = CARTESIAN_POINT ( 'NONE',  ( -78.86380018107050205, 80.40547413287232814, 60.53346350727897374 ) ) ;
#2544 = CARTESIAN_POINT ( 'NONE',  ( -89.56781257759024584, 105.1581085491854708, 115.1842152446948830 ) ) ;
#2545 = EDGE_LOOP ( 'NONE', ( #9635, #483, #4673, #2035 ) ) ;
#2546 = EDGE_CURVE ( 'NONE', #5878, #3712, #5894, .T. ) ;
#2547 = CARTESIAN_POINT ( 'NONE',  ( -80.09164436477487925, 80.29573744774729960, 63.33076823717648551 ) ) ;
#2548 = CARTESIAN_POINT ( 'NONE',  ( -90.55300372943361253, 147.8705815976144322, 106.0459904130357671 ) ) ;
#2549 = CARTESIAN_POINT ( 'NONE',  ( -84.71338212762486819, 111.2279950427550403, 93.92167804468417103 ) ) ;
#2550 = AXIS2_PLACEMENT_3D ( 'NONE', #6851, #1586, #4650 ) ;
#2551 = DIRECTION ( 'NONE',  ( 0.000000000000000000, -1.000000000000000000, 0.000000000000000000 ) ) ;
#2552 = CARTESIAN_POINT ( 'NONE',  ( -88.88340722803006599, 107.3119079817578552, 113.5054217154161194 ) ) ;
#2553 = FACE_OUTER_BOUND ( 'NONE', #652, .T. ) ;
#2554 = ORIENTED_EDGE ( 'NONE', *, *, #1398, .T. ) ;
#2555 = CARTESIAN_POINT ( 'NONE',  ( -72.28852960328462984, 113.3204415849168925, 133.6041728108963014 ) ) ;
#2556 = CIRCLE ( 'NONE', #9335, 2.000000000000001776 ) ;
#2557 = DIRECTION ( 'NONE',  ( -1.000000000000000000, 0.000000000000000000, -0.000000000000000000 ) ) ;
#2558 = ORIENTED_EDGE ( 'NONE', *, *, #2248, .F. ) ;
#2559 = AXIS2_PLACEMENT_3D ( 'NONE', #1618, #6084, #6285 ) ;
#2560 = CARTESIAN_POINT ( 'NONE',  ( -72.28852960328462984, 107.3119079817578267, 131.5054217592787609 ) ) ;
#2561 = VERTEX_POINT ( 'NONE', #7759 ) ;
#2562 = ORIENTED_EDGE ( 'NONE', *, *, #3229, .T. ) ;
#2563 = EDGE_CURVE ( 'NONE', #544, #9427, #983, .T. ) ;
#2564 = ADVANCED_FACE ( 'NONE', ( #927 ), #5172, .F. ) ;
#2565 = EDGE_CURVE ( 'NONE', #702, #8007, #5363, .T. ) ;
#2566 = LINE ( 'NONE', #2710, #3791 ) ;
#2567 = AXIS2_PLACEMENT_3D ( 'NONE', #1234, #1193, #3552 ) ;
#2568 = AXIS2_PLACEMENT_3D ( 'NONE', #645, #695, #1631 ) ;
#2569 = CARTESIAN_POINT ( 'NONE',  ( -74.78852960328464405, 86.94190798175786483, 113.5057407317052736 ) ) ;
#2570 = DIRECTION ( 'NONE',  ( 0.000000000000000000, 1.790682297782512114E-15, 1.000000000000000000 ) ) ;
#2571 = CARTESIAN_POINT ( 'NONE',  ( -83.46783883031336870, 141.9419079817567138, 72.00574073170528777 ) ) ;
#2572 = CARTESIAN_POINT ( 'NONE',  ( -70.78852960328462984, 111.8688076255531314, 384.5904987380682769 ) ) ;
#2573 = ORIENTED_EDGE ( 'NONE', *, *, #3699, .F. ) ;
#2574 = CARTESIAN_POINT ( 'NONE',  ( -70.78852960328462984, 115.2569332580205668, 97.44223240480897630 ) ) ;
#2575 = VECTOR ( 'NONE', #7264, 1000.000000000000000 ) ;
#2576 = TOROIDAL_SURFACE ( 'NONE', #2087, 4.000000000000000000, 2.000000000000000000 ) ;
#2577 = EDGE_CURVE ( 'NONE', #7832, #5884, #7564, .T. ) ;
#2578 = FACE_OUTER_BOUND ( 'NONE', #5339, .T. ) ;
#2579 = CARTESIAN_POINT ( 'NONE',  ( -88.39453882131849127, 106.0039864001322201, 134.4417188319129650 ) ) ;
#2580 = CARTESIAN_POINT ( 'NONE',  ( -83.99374304528154767, 144.5577555783686421, 153.4871124747721467 ) ) ;
#2581 = CARTESIAN_POINT ( 'NONE',  ( -78.78852960328464405, 150.2333094879342070, 148.5312173012837036 ) ) ;
#2582 = B_SPLINE_CURVE_WITH_KNOTS ( 'NONE', 3,
 ( #2262, #2368, #1562, #4440, #7436, #9729, #4492, #5555, #9234, #229, #4083, #872, #3886, #9181, #4676, #5841, #1168, #6481, #4226, #5740, #3528, #3577, #388, #5982, #4567, #6816, #3090, #6073, #9718, #8121, #616, #9223, #6981, #3983, #3245, #4766, #9463, #6867, #1006, #8745, #7250, #8847 ),
 .UNSPECIFIED., .F., .F.,
 ( 4, 2, 2, 2, 2, 2, 2, 2, 2, 2, 2, 2, 2, 2, 2, 2, 2, 2, 2, 2, 4 ),
 ( 0.000000000000000000, 0.06250000000000026368, 0.1250000000000005274, 0.1562500000000008604, 0.1875000000000011935, 0.2187500000000014988, 0.2500000000000018319, 0.3125000000000026090, 0.3750000000000033862, 0.4062500000000038303, 0.4375000000000042744, 0.5000000000000054401, 0.5625000000000065503, 0.6250000000000077716, 0.6562500000000083267, 0.6875000000000088818, 0.7500000000000082157, 0.7812500000000078826, 0.8125000000000075495, 0.8750000000000057732, 1.000000000000000000 ),
 .UNSPECIFIED. ) ;
#2583 = ORIENTED_EDGE ( 'NONE', *, *, #9660, .F. ) ;
#2584 = DIRECTION ( 'NONE',  ( 0.000000000000000000, -0.000000000000000000, 1.000000000000000000 ) ) ;
#2585 = PLANE ( 'NONE',  #1258 ) ;
#2586 = DIRECTION ( 'NONE',  ( 1.000000000000000000, 0.000000000000000000, 0.000000000000000000 ) ) ;
#2587 = CARTESIAN_POINT ( 'NONE',  ( -88.78852960328462984, 105.4468056478177402, 91.96147921292704552 ) ) ;
#2588 = DIRECTION ( 'NONE',  ( -1.000000000000000000, 0.000000000000000000, 0.000000000000000000 ) ) ;
#2589 = ORIENTED_EDGE ( 'NONE', *, *, #3180, .T. ) ;
#2590 = DIRECTION ( 'NONE',  ( 0.000000000000000000, 0.9999999989727821337, 4.532588562858388010E-05 ) ) ;
#2591 = CARTESIAN_POINT ( 'NONE',  ( -90.33677523313934898, 118.7452132852270097, 103.1859145685792356 ) ) ;
#2592 = ORIENTED_EDGE ( 'NONE', *, *, #7293, .F. ) ;
#2593 = CARTESIAN_POINT ( 'NONE',  ( -79.56292548992030333, 141.5920114074035041, 164.8949323799530475 ) ) ;
#2594 = CARTESIAN_POINT ( 'NONE',  ( -73.25646900753204704, 75.81366559874736311, 153.1999516243899393 ) ) ;
#2595 = EDGE_LOOP ( 'NONE', ( #6021, #5805, #3966, #6685, #8357, #9032 ) ) ;
#2596 = CARTESIAN_POINT ( 'NONE',  ( -81.13672734053791658, 78.50866089774699219, 65.85364290941340926 ) ) ;
#2597 = CARTESIAN_POINT ( 'NONE',  ( -85.74713793311518373, 122.7863899938020751, 105.0110852300739026 ) ) ;
#2598 = CARTESIAN_POINT ( 'NONE',  ( -84.40722563124293742, 136.6943454179081527, 97.75985595419274432 ) ) ;
#2599 = CARTESIAN_POINT ( 'NONE',  ( -71.29872141827961229, 113.9222929801949675, 96.59006778695655271 ) ) ;
#2600 = CARTESIAN_POINT ( 'NONE',  ( -77.73354536524180958, 142.3164273043039429, 60.92489024243838003 ) ) ;
#2601 = CARTESIAN_POINT ( 'NONE',  ( -79.67753244129583834, 76.17699971083271748, 66.42290143121243773 ) ) ;
#2602 = ORIENTED_EDGE ( 'NONE', *, *, #2941, .F. ) ;
#2603 = CARTESIAN_POINT ( 'NONE',  ( -71.48621168421429672, 113.7476008660373736, 133.3976244286590429 ) ) ;
#2604 = CARTESIAN_POINT ( 'NONE',  ( -70.78852960328462984, 141.6583579391500223, 71.02214642643238562 ) ) ;
#2605 = CARTESIAN_POINT ( 'NONE',  ( -90.78852960328464405, 111.8667509325086229, -157.5793358945792022 ) ) ;
#2606 = ORIENTED_EDGE ( 'NONE', *, *, #1587, .T. ) ;
#2607 = CARTESIAN_POINT ( 'NONE',  ( -87.48886753464131516, 113.3119079817578125, 131.5850927461133040 ) ) ;
#2608 = EDGE_LOOP ( 'NONE', ( #1985, #3716, #9411, #301 ) ) ;
#2609 = EDGE_LOOP ( 'NONE', ( #1641, #3694, #7958, #9329 ) ) ;
#2610 = CARTESIAN_POINT ( 'NONE',  ( -90.78852960328464405, 141.5584347898245881, 156.0890373847969101 ) ) ;
#2611 = CARTESIAN_POINT ( 'NONE',  ( -90.13977295598293438, 113.8345820509239559, 114.4368069508197863 ) ) ;
#2612 = CARTESIAN_POINT ( 'NONE',  ( -85.06257012807860463, 144.3519131852989688, 76.80280248212586969 ) ) ;
#2613 = CARTESIAN_POINT ( 'NONE',  ( -86.22249400742153114, 64.06963342965262598, 88.42869178607219283 ) ) ;
#2614 = EDGE_CURVE ( 'NONE', #9569, #4770, #1733, .T. ) ;
#2615 = EDGE_CURVE ( 'NONE', #3036, #825, #4688, .T. ) ;
#2616 = CARTESIAN_POINT ( 'NONE',  ( -79.48743885045966806, 97.17111241923770137, 61.92929634339237310 ) ) ;
#2617 = CARTESIAN_POINT ( 'NONE',  ( -89.52179620514735348, 143.0553944165111773, 130.7710114095343386 ) ) ;
#2618 = FACE_OUTER_BOUND ( 'NONE', #3964, .T. ) ;
#2619 = CARTESIAN_POINT ( 'NONE',  ( -80.19808751927821788, 148.3603624812361375, 63.58201534478721584 ) ) ;
#2620 = ORIENTED_EDGE ( 'NONE', *, *, #1672, .T. ) ;
#2621 = CARTESIAN_POINT ( 'NONE',  ( -70.80557638945985843, 115.0615731664143340, 97.17894748992576126 ) ) ;
#2622 = CARTESIAN_POINT ( 'NONE',  ( -89.66428189940245375, 121.7769285266049621, 97.22803203412706807 ) ) ;
#2623 = CARTESIAN_POINT ( 'NONE',  ( -70.80666788941758227, 115.0820669418587698, 132.5498960895033633 ) ) ;
#2624 = CARTESIAN_POINT ( 'NONE',  ( -89.78852960328462984, 105.4468056478177402, 91.96147921292704552 ) ) ;
#2625 = CARTESIAN_POINT ( 'NONE',  ( -88.16630967601219027, 60.44118695291250987, 100.8928525072457631 ) ) ;
#2626 = CARTESIAN_POINT ( 'NONE',  ( -72.28852960328462984, 103.8119079817578125, 133.0054217592787609 ) ) ;
#2627 = CARTESIAN_POINT ( 'NONE',  ( -84.73361076296535543, 126.7257597520280967, 99.13316137411278817 ) ) ;
#2628 = CARTESIAN_POINT ( 'NONE',  ( -88.85704443486936555, 132.5309159640421797, 92.18901621958045212 ) ) ;
#2629 = ADVANCED_FACE ( 'NONE', ( #3903 ), #7658, .T. ) ;
#2630 = EDGE_LOOP ( 'NONE', ( #8495, #6055, #3026, #5048 ) ) ;
#2631 = LINE ( 'NONE', #4927, #1278 ) ;
#2632 = EDGE_CURVE ( 'NONE', #2965, #1953, #4048, .T. ) ;
#2633 = CARTESIAN_POINT ( 'NONE',  ( -70.78852960328462984, 148.7294257510154978, 63.95107861456690301 ) ) ;
#2634 = DIRECTION ( 'NONE',  ( 0.000000000000000000, 0.000000000000000000, -1.000000000000000000 ) ) ;
#2635 = FACE_BOUND ( 'NONE', #2394, .T. ) ;
#2636 = FACE_OUTER_BOUND ( 'NONE', #2045, .T. ) ;
#2637 = EDGE_LOOP ( 'NONE', ( #3069, #6657, #1401, #7070 ) ) ;
#2638 = CARTESIAN_POINT ( 'NONE',  ( -90.95701488249255817, 147.8939197522231837, 113.3233366826583080 ) ) ;
#2639 = CARTESIAN_POINT ( 'NONE',  ( -79.21526783439421138, 81.71655934128065724, 165.6852386642150066 ) ) ;
#2640 = ORIENTED_EDGE ( 'NONE', *, *, #5372, .F. ) ;
#2641 = CARTESIAN_POINT ( 'NONE',  ( -81.59263337637722202, 77.70167486718543159, 66.99316410607249850 ) ) ;
#2642 = DIRECTION ( 'NONE',  ( 1.000000000000000000, -0.000000000000000000, -0.000000000000000000 ) ) ;
#2643 = CARTESIAN_POINT ( 'NONE',  ( -85.74485023451958909, 143.3682667212372905, 104.9977065595734160 ) ) ;
#2644 = FACE_OUTER_BOUND ( 'NONE', #5321, .T. ) ;
#2645 = DIRECTION ( 'NONE',  ( 0.000000000000000000, 0.000000000000000000, -1.000000000000000000 ) ) ;
#2646 = EDGE_CURVE ( 'NONE', #3643, #2145, #1301, .T. ) ;
#2647 = CARTESIAN_POINT ( 'NONE',  ( -90.34205864300287203, 105.8190104819992285, 112.7487979039461834 ) ) ;
#2648 = CARTESIAN_POINT ( 'NONE',  ( -80.25670287183348250, 82.48581560505608934, 163.2815913987753049 ) ) ;
#2649 = ORIENTED_EDGE ( 'NONE', *, *, #7847, .T. ) ;
#2650 = DIRECTION ( 'NONE',  ( 0.000000000000000000, 0.000000000000000000, -1.000000000000000000 ) ) ;
#2651 = CARTESIAN_POINT ( 'NONE',  ( -83.38852960328463837, 125.3309159640421626, 95.58049982365568553 ) ) ;
#2652 = CARTESIAN_POINT ( 'NONE',  ( -72.17312447828338406, 113.6911358070310740, 134.0964528025056666 ) ) ;
#2653 = CARTESIAN_POINT ( 'NONE',  ( -80.15089346296993256, 102.0798508288980173, 63.47878323770662945 ) ) ;
#2654 = CARTESIAN_POINT ( 'NONE',  ( -72.28852960328462984, 103.8119079817578410, 133.0054217592787609 ) ) ;
#2655 = ADVANCED_FACE ( 'NONE', ( #2492 ), #5413, .F. ) ;
#2656 = ORIENTED_EDGE ( 'NONE', *, *, #3934, .T. ) ;
#2657 = DIRECTION ( 'NONE',  ( 1.000000000000000000, -0.000000000000000000, -0.000000000000000000 ) ) ;
#2658 = CARTESIAN_POINT ( 'NONE',  ( -81.38852960328453889, 130.8367218251632096, 93.58049982365568553 ) ) ;
#2659 = ORIENTED_EDGE ( 'NONE', *, *, #543, .T. ) ;
#2660 = ORIENTED_EDGE ( 'NONE', *, *, #5480, .T. ) ;
#2661 = DIRECTION ( 'NONE',  ( 0.000000000000000000, 0.000000000000000000, -1.000000000000000000 ) ) ;
#2662 = LINE ( 'NONE', #7940, #7769 ) ;
#2663 = CARTESIAN_POINT ( 'NONE',  ( -86.23925632281876119, 64.03842196892198046, 88.51041204299841070 ) ) ;
#2664 = B_SPLINE_CURVE_WITH_KNOTS ( 'NONE', 3,
 ( #8462, #7723, #940, #9518, #4255, #7920, #7119 ),
 .UNSPECIFIED., .F., .F.,
 ( 4, 3, 4 ),
 ( 0.000000000000000000, 0.004000000013306929426, 0.01394962901032254302 ),
 .UNSPECIFIED. ) ;
#2665 = CIRCLE ( 'NONE', #4224, 2.000000000000001776 ) ;
#2666 = CARTESIAN_POINT ( 'NONE',  ( -85.67907042199460932, 143.1537012567785894, 122.4372397530005543 ) ) ;
#2667 = CARTESIAN_POINT ( 'NONE',  ( -83.99456394466371023, 139.3246620689208157, 153.4846991371234424 ) ) ;
#2668 = CARTESIAN_POINT ( 'NONE',  ( -78.78852960328464405, 113.3119079817578125, 112.0057617013668363 ) ) ;
#2669 = ORIENTED_EDGE ( 'NONE', *, *, #1941, .F. ) ;
#2670 = CARTESIAN_POINT ( 'NONE',  ( -70.78852960328462984, 115.2138755298614399, 97.39226348478230477 ) ) ;
#2671 = CARTESIAN_POINT ( 'NONE',  ( -89.32915821617395125, 124.1950783747858225, 94.97448177830246152 ) ) ;
#2672 = CARTESIAN_POINT ( 'NONE',  ( -79.40531888966746976, 145.5509406460678861, 165.2668955620731310 ) ) ;
#2673 = CARTESIAN_POINT ( 'NONE',  ( -70.78852960328462984, 114.0204415849168953, 97.44223240480899051 ) ) ;
#2674 = DIRECTION ( 'NONE',  ( 1.000000000000000000, 0.000000000000000000, 0.000000000000000000 ) ) ;
#2675 = VECTOR ( 'NONE', #7848, 1000.000000000000000 ) ;
#2676 = CARTESIAN_POINT ( 'NONE',  ( -78.15447539729620985, 126.9627537494440475, 165.1088986199510487 ) ) ;
#2677 = LINE ( 'NONE', #3215, #8175 ) ;
#2678 = CARTESIAN_POINT ( 'NONE',  ( -84.95508465899673922, 125.5097876813447471, 100.1597777573934707 ) ) ;
#2679 = ORIENTED_EDGE ( 'NONE', *, *, #4420, .F. ) ;
#2680 = CARTESIAN_POINT ( 'NONE',  ( -76.78852960328464405, 141.9419079817567138, 152.0057407317052878 ) ) ;
#2681 = CARTESIAN_POINT ( 'NONE',  ( -87.68638682466379919, 105.2924327015786190, 131.6623016740520313 ) ) ;
#2682 = CARTESIAN_POINT ( 'NONE',  ( -81.19818061810941856, 151.6892061527576061, 155.8493215937817240 ) ) ;
#2683 = AXIS2_PLACEMENT_3D ( 'NONE', #757, #3040, #1457 ) ;
#2684 = CARTESIAN_POINT ( 'NONE',  ( -71.60435360180845521, 71.21918223574462559, 76.47863238026758381 ) ) ;
#2685 = ORIENTED_EDGE ( 'NONE', *, *, #53, .T. ) ;
#2686 = CARTESIAN_POINT ( 'NONE',  ( -90.48457965483974874, 112.3119079817578125, 105.0493643056304194 ) ) ;
#2687 = EDGE_CURVE ( 'NONE', #8902, #846, #1886, .T. ) ;
#2688 = EDGE_CURVE ( 'NONE', #741, #3047, #8782, .T. ) ;
#2689 = LINE ( 'NONE', #9645, #5380 ) ;
#2690 = CARTESIAN_POINT ( 'NONE',  ( -79.72628697065326264, 76.88221850166311810, 161.3013106178464682 ) ) ;
#2691 = ORIENTED_EDGE ( 'NONE', *, *, #3180, .F. ) ;
#2692 = VECTOR ( 'NONE', #3102, 1000.000000000000000 ) ;
#2693 = LINE ( 'NONE', #2778, #4468 ) ;
#2694 = DIRECTION ( 'NONE',  ( 0.000000000000000000, 0.000000000000000000, -1.000000000000000000 ) ) ;
#2695 = CARTESIAN_POINT ( 'NONE',  ( -77.98067506762814105, 90.70144128780700044, 61.49727799884919932 ) ) ;
#2696 = CARTESIAN_POINT ( 'NONE',  ( -78.22240867823727228, 146.7026125954474765, 62.33940180338102266 ) ) ;
#2697 = FILL_AREA_STYLE_COLOUR ( '', #5342 ) ;
#2698 = AXIS2_PLACEMENT_3D ( 'NONE', #2906, #763, #5144 ) ;
#2699 = ORIENTED_EDGE ( 'NONE', *, *, #2850, .T. ) ;
#2700 = CARTESIAN_POINT ( 'NONE',  ( -72.17888115407447458, 113.9476463046253656, 134.1842153967168088 ) ) ;
#2701 = DIRECTION ( 'NONE',  ( -0.000000000000000000, 0.000000000000000000, 1.000000000000000000 ) ) ;
#2702 = DIRECTION ( 'NONE',  ( 1.000000000000000000, 0.000000000000000000, 0.000000000000000000 ) ) ;
#2703 = AXIS2_PLACEMENT_3D ( 'NONE', #5465, #3228, #9409 ) ;
#2704 = ORIENTED_EDGE ( 'NONE', *, *, #1895, .T. ) ;
#2705 = LINE ( 'NONE', #326, #6965 ) ;
#2706 = ORIENTED_EDGE ( 'NONE', *, *, #5209, .F. ) ;
#2707 = ORIENTED_EDGE ( 'NONE', *, *, #2297, .F. ) ;
#2708 = CARTESIAN_POINT ( 'NONE',  ( -79.05024532653234814, 142.2789403463377482, 166.0689721328569419 ) ) ;
#2709 = AXIS2_PLACEMENT_3D ( 'NONE', #331, #8627, #2661 ) ;
#2710 = CARTESIAN_POINT ( 'NONE',  ( -90.77093277354376255, 103.3119079817578267, 111.4708323586715011 ) ) ;
#2711 = CARTESIAN_POINT ( 'NONE',  ( -70.01388369433487924, 62.84332434595900452, 91.65927832291765753 ) ) ;
#2712 = VECTOR ( 'NONE', #1027, 1000.000000000000000 ) ;
#2713 = AXIS2_PLACEMENT_3D ( 'NONE', #5956, #8250, #3748 ) ;
#2714 = CARTESIAN_POINT ( 'NONE',  ( -85.25386243199147884, 141.7665764535619530, 125.1975249103376768 ) ) ;
#2715 = CARTESIAN_POINT ( 'NONE',  ( -83.61275923987811609, 140.4096633058812529, 154.5925304839016974 ) ) ;
#2716 = VERTEX_POINT ( 'NONE', #4843 ) ;
#2717 = CARTESIAN_POINT ( 'NONE',  ( -70.79073215828417176, 115.1826567126674945, 97.33431164040767669 ) ) ;
#2718 = CARTESIAN_POINT ( 'NONE',  ( -71.82318412645442152, 70.08215135867664003, 76.97241202417968964 ) ) ;
#2719 = CIRCLE ( 'NONE', #4760, 220.0000000000000853 ) ;
#2720 = TOROIDAL_SURFACE ( 'NONE', #1609, 1.000000000000000000, 1.000000000000000000 ) ;
#2721 =( BOUNDED_SURFACE ( )  B_SPLINE_SURFACE ( 3, 2, ( 
 ( #6950, #3573, #519 ),
 ( #7851, #4093, #284 ),
 ( #869, #4902, #3200 ),
 ( #222, #5441, #4719 ),
 ( #3880, #4573, #6133 ),
 ( #2648, #7206, #4981 ) ),
 .UNSPECIFIED., .F., .F., .T. ) 
 B_SPLINE_SURFACE_WITH_KNOTS ( ( 4, 2, 4 ),
 ( 3, 3 ),
 ( 0.000000000000000000, 0.002542638217942315079, 0.005085276435884630158 ),
 ( 0.000000000000000000, 1.000000000000000000 ),
 .UNSPECIFIED. ) 
 GEOMETRIC_REPRESENTATION_ITEM ( )  RATIONAL_B_SPLINE_SURFACE ( (
 ( 1.000000000000000000, 0.8357870221846894765, 1.000000000000000000),
 ( 1.000000000000000000, 0.8367369219148227399, 1.000000000000000000),
 ( 1.000000000000000000, 0.8354104477737713808, 1.000000000000000000),
 ( 1.000000000000000000, 0.8282323781889648906, 1.000000000000000000),
 ( 1.000000000000000000, 0.8225825686273477988, 1.000000000000000000),
 ( 1.000000000000000000, 0.8150923225617687784, 1.000000000000000000) ) ) 
 REPRESENTATION_ITEM ( '' )  SURFACE ( )  );
#2722 = FACE_OUTER_BOUND ( 'NONE', #4417, .T. ) ;
#2723 = ORIENTED_EDGE ( 'NONE', *, *, #7183, .T. ) ;
#2724 = CARTESIAN_POINT ( 'NONE',  ( -78.78852960328464405, 114.0119079817578296, 96.20574073170529061 ) ) ;
#2725 = AXIS2_PLACEMENT_3D ( 'NONE', #9048, #6119, #7573 ) ;
#2726 = CARTESIAN_POINT ( 'NONE',  ( -87.15921373967049135, 105.3885278051127159, 133.4872014956564215 ) ) ;
#2727 = CARTESIAN_POINT ( 'NONE',  ( -85.03221746352772925, 152.8206189017497252, 150.3480999096202595 ) ) ;
#2728 = CIRCLE ( 'NONE', #974, 223.0000000000000853 ) ;
#2729 = CARTESIAN_POINT ( 'NONE',  ( -79.28638365632392038, 154.9959940804824043, 165.5240675193324762 ) ) ;
#2730 = CARTESIAN_POINT ( 'NONE',  ( -82.75677954716545059, 149.6710319528147011, 70.03357330177186668 ) ) ;
#2731 = EDGE_LOOP ( 'NONE', ( #277, #4836, #3809, #1902 ) ) ;
#2732 = CARTESIAN_POINT ( 'NONE',  ( -90.40411836898937281, 113.3119079817578125, 103.9957575811528443 ) ) ;
#2733 = ORIENTED_EDGE ( 'NONE', *, *, #1891, .F. ) ;
#2734 = VECTOR ( 'NONE', #228, 1000.000000000000000 ) ;
#2735 = ADVANCED_FACE ( 'NONE', ( #7993 ), #1052, .F. ) ;
#2736 = CARTESIAN_POINT ( 'NONE',  ( -80.78852960328464405, 141.9419079817567138, 152.0057407317052878 ) ) ;
#2737 = EDGE_CURVE ( 'NONE', #1215, #1554, #4500, .T. ) ;
#2738 = CARTESIAN_POINT ( 'NONE',  ( -71.78400708181574430, 114.1525248893327102, 134.0056927519141823 ) ) ;
#2739 = DIRECTION ( 'NONE',  ( 1.000000000000000000, -0.000000000000000000, -0.000000000000000000 ) ) ;
#2740 = CARTESIAN_POINT ( 'NONE',  ( -78.30820442995130293, 102.0958479991335963, 164.7531127760710206 ) ) ;
#2741 = ORIENTED_EDGE ( 'NONE', *, *, #1314, .T. ) ;
#2742 = CARTESIAN_POINT ( 'NONE',  ( -71.59704210174935213, 114.2288495031563116, 133.8861351449972403 ) ) ;
#2743 = CARTESIAN_POINT ( 'NONE',  ( -78.30196464780499355, 122.0038230683539808, 62.24319067669065220 ) ) ;
#2744 = CARTESIAN_POINT ( 'NONE',  ( -85.66307545322310091, 143.1161016270401092, 122.5646065851402540 ) ) ;
#2745 = CARTESIAN_POINT ( 'NONE',  ( -74.78852960328464405, 141.9419079817567138, 152.0057407317052878 ) ) ;
#2746 = CARTESIAN_POINT ( 'NONE',  ( -79.65438378870287295, 138.3501877684539636, 62.32569320870234009 ) ) ;
#2747 = CARTESIAN_POINT ( 'NONE',  ( -90.84481806059010012, 103.3119079817578267, 115.4498907089955253 ) ) ;
#2748 = ORIENTED_EDGE ( 'NONE', *, *, #2839, .T. ) ;
#2749 = ORIENTED_EDGE ( 'NONE', *, *, #9566, .F. ) ;
#2750 = DIRECTION ( 'NONE',  ( 0.000000000000000000, 0.000000000000000000, -1.000000000000000000 ) ) ;
#2751 = FACE_OUTER_BOUND ( 'NONE', #1010, .T. ) ;
#2752 = CARTESIAN_POINT ( 'NONE',  ( -85.61574169803310497, 123.1711279572913469, 122.9160324067488261 ) ) ;
#2753 = CARTESIAN_POINT ( 'NONE',  ( -85.32975202754667521, 154.2054282911890368, 84.72050085827568466 ) ) ;
#2754 = CARTESIAN_POINT ( 'NONE',  ( -85.34839613018532134, 142.1317147709938808, 124.6571014397522816 ) ) ;
#2755 = DIRECTION ( 'NONE',  ( 0.000000000000000000, -8.673617379884020681E-16, -1.000000000000000000 ) ) ;
#2756 = CARTESIAN_POINT ( 'NONE',  ( -85.23623654735771993, 140.0774672214299983, 149.6470790171258614 ) ) ;
#2757 = CARTESIAN_POINT ( 'NONE',  ( -85.43165348135336501, 141.7408848371890713, 78.00574073170695044 ) ) ;
#2758 = ORIENTED_EDGE ( 'NONE', *, *, #1358, .F. ) ;
#2759 = CARTESIAN_POINT ( 'NONE',  ( -78.78852960328465826, 153.2445950383067839, 107.7035293983144868 ) ) ;
#2760 = ORIENTED_EDGE ( 'NONE', *, *, #2945, .F. ) ;
#2761 = PLANE ( 'NONE',  #9324 ) ;
#2762 = CARTESIAN_POINT ( 'NONE',  ( -88.94367903562248046, 130.6614813949256018, 134.3384259562683667 ) ) ;
#2763 = CARTESIAN_POINT ( 'NONE',  ( -78.77413944211865271, 148.7298017148081897, 163.0598045620218386 ) ) ;
#2764 = ORIENTED_EDGE ( 'NONE', *, *, #3668, .T. ) ;
#2765 = CYLINDRICAL_SURFACE ( 'NONE', #8692, 223.0000000000000853 ) ;
#2766 = CARTESIAN_POINT ( 'NONE',  ( -87.89331652614755797, 105.2371379300629570, 131.8141790571345382 ) ) ;
#2767 = CARTESIAN_POINT ( 'NONE',  ( -78.41482843622127064, 81.41179733515534167, 164.1893223118609626 ) ) ;
#2768 = CARTESIAN_POINT ( 'NONE',  ( -90.78936105299167991, 154.3108522297712852, 117.2211097800057900 ) ) ;
#2769 = CARTESIAN_POINT ( 'NONE',  ( -81.05490623936600514, 150.1148207963963443, 65.64662568796937592 ) ) ;
#2770 = ORIENTED_EDGE ( 'NONE', *, *, #8384, .F. ) ;
#2771 = CARTESIAN_POINT ( 'NONE',  ( -71.84511418188719745, 113.6122889848011681, 95.91453677358357766 ) ) ;
#2772 = CARTESIAN_POINT ( 'NONE',  ( -90.11344834716169316, 119.5325141608369250, 100.8953137019663302 ) ) ;
#2773 = FACE_OUTER_BOUND ( 'NONE', #366, .T. ) ;
#2774 = ORIENTED_EDGE ( 'NONE', *, *, #7350, .F. ) ;
#2775 = CARTESIAN_POINT ( 'NONE',  ( -70.78852960328462984, 75.66874763618591260, 72.42044918198531889 ) ) ;
#2776 = CARTESIAN_POINT ( 'NONE',  ( -80.41257668008412907, 146.8222463825200919, 162.9134748437254814 ) ) ;
#2777 = CARTESIAN_POINT ( 'NONE',  ( -78.25522703385179568, 146.8579761257624057, 62.43556575452350899 ) ) ;
#2778 = CARTESIAN_POINT ( 'NONE',  ( -70.78852960328462984, 148.7298017148081897, 163.0598045620218386 ) ) ;
#2779 = CARTESIAN_POINT ( 'NONE',  ( -71.73604007382159864, 113.5560370800335619, 96.35617809740627138 ) ) ;
#2780 = CARTESIAN_POINT ( 'NONE',  ( -82.29218093211345320, 113.2857641510607181, 105.0292619369343470 ) ) ;
#2781 = ORIENTED_EDGE ( 'NONE', *, *, #1377, .T. ) ;
#2782 = CARTESIAN_POINT ( 'NONE',  ( -71.75920096912345514, 113.9916617869443343, 133.9798060326022835 ) ) ;
#2783 = ADVANCED_FACE ( 'NONE', ( #3540 ), #4969, .F. ) ;
#2784 = CARTESIAN_POINT ( 'NONE',  ( -77.74070303575302887, 140.8723463296477121, 166.0654737538021948 ) ) ;
#2785 = FACE_OUTER_BOUND ( 'NONE', #5050, .T. ) ;
#2786 = CARTESIAN_POINT ( 'NONE',  ( -88.77539040677361015, 114.3338858881601823, 133.9097266483762780 ) ) ;
#2787 = VERTEX_POINT ( 'NONE', #4198 ) ;
#2788 = ORIENTED_EDGE ( 'NONE', *, *, #7847, .F. ) ;
#2789 = CARTESIAN_POINT ( 'NONE',  ( -90.25076195653126376, 119.0221344170513760, 102.2553533649541038 ) ) ;
#2790 = EDGE_CURVE ( 'NONE', #3128, #2243, #5798, .T. ) ;
#2791 = CARTESIAN_POINT ( 'NONE',  ( -89.88611904562064581, 120.8064450739393152, 128.0772619267467860 ) ) ;
#2792 = CARTESIAN_POINT ( 'NONE',  ( -69.45909870299620081, 60.62418438060382186, 126.8311940240143798 ) ) ;
#2793 = CARTESIAN_POINT ( 'NONE',  ( -89.56900982205482364, 143.3983501936643279, 130.4469708847563254 ) ) ;
#2794 = DIRECTION ( 'NONE',  ( 0.000000000000000000, 0.000000000000000000, -1.000000000000000000 ) ) ;
#2795 = DIRECTION ( 'NONE',  ( 0.000000000000000000, 0.000000000000000000, -1.000000000000000000 ) ) ;
#2796 = CARTESIAN_POINT ( 'NONE',  ( -85.97090709588684376, 143.6309159640421456, 107.2804998236556884 ) ) ;
#2797 = CARTESIAN_POINT ( 'NONE',  ( -87.78852960328462984, 107.6293568147877551, 101.5041018525514289 ) ) ;
#2798 = VERTEX_POINT ( 'NONE', #354 ) ;
#2799 = CARTESIAN_POINT ( 'NONE',  ( -78.78852960328464405, 153.2479050156816243, 121.1531111799969125 ) ) ;
#2800 = ORIENTED_EDGE ( 'NONE', *, *, #976, .T. ) ;
#2801 = CARTESIAN_POINT ( 'NONE',  ( -70.80495267519805225, 115.0074311458493668, 132.4909881250900128 ) ) ;
#2802 = CARTESIAN_POINT ( 'NONE',  ( -78.78852960328464405, 135.3251101029211441, 90.98049982365576227 ) ) ;
#2803 = CARTESIAN_POINT ( 'NONE',  ( -88.10222654091629124, 64.09562299451270917, 138.7657743088399798 ) ) ;
#2804 = CARTESIAN_POINT ( 'NONE',  ( -72.28852960328462984, 152.4621127927752866, 95.50574073170528777 ) ) ;
#2805 = AXIS2_PLACEMENT_3D ( 'NONE', #3971, #8422, #4612 ) ;
#2806 = CARTESIAN_POINT ( 'NONE',  ( -84.83511921129850464, 126.4401667614020965, 127.3133296911143617 ) ) ;
#2807 = VERTEX_POINT ( 'NONE', #8737 ) ;
#2808 = CARTESIAN_POINT ( 'NONE',  ( -77.88642852730013999, 87.44784369544065328, 61.28001597468927741 ) ) ;
#2809 = SPHERICAL_SURFACE ( 'NONE', #1456, 2.000000000000000000 ) ;
#2810 = CARTESIAN_POINT ( 'NONE',  ( -70.78852960328462984, 78.63191675939015113, 158.8634014860263903 ) ) ;
#2811 = CARTESIAN_POINT ( 'NONE',  ( -90.33011572524262078, 156.0323987033386857, 103.0774705373452633 ) ) ;
#2812 = CARTESIAN_POINT ( 'NONE',  ( -72.41812595229370686, 72.46029337779393131, 151.1259376446355702 ) ) ;
#2813 = CARTESIAN_POINT ( 'NONE',  ( -88.98123141712453332, 129.5155705257454883, 134.1253060208356089 ) ) ;
#2814 = ORIENTED_EDGE ( 'NONE', *, *, #6631, .F. ) ;
#2815 = CARTESIAN_POINT ( 'NONE',  ( -72.17312447828354038, 113.6911358070309603, 95.62181443376596235 ) ) ;
#2816 = CARTESIAN_POINT ( 'NONE',  ( -78.78852960328464405, 66.75457626386875631, 89.80858786442274777 ) ) ;
#2817 = VECTOR ( 'NONE', #1335, 1000.000000000000000 ) ;
#2818 = CARTESIAN_POINT ( 'NONE',  ( -87.78852960328462984, 106.8293568147877721, 102.8454217592787501 ) ) ;
#2819 = CARTESIAN_POINT ( 'NONE',  ( -82.83399519268115796, 70.35824329838639812, 151.8555816371235778 ) ) ;
#2820 = EDGE_LOOP ( 'NONE', ( #6514, #4406, #1737, #9655, #3250 ) ) ;
#2821 = CARTESIAN_POINT ( 'NONE',  ( -89.43029925852904682, 142.3334928858072317, 131.3814549409664210 ) ) ;
#2822 = CIRCLE ( 'NONE', #2526, 3.000000000000002665 ) ;
#2823 = CARTESIAN_POINT ( 'NONE',  ( -79.89012615580583088, 144.9286892042848933, 62.87032134465837885 ) ) ;
#2824 = CARTESIAN_POINT ( 'NONE',  ( -85.68171954181978833, 123.0014289371765841, 122.4162285945119919 ) ) ;
#2825 = LINE ( 'NONE', #1384, #335 ) ;
#2826 = CARTESIAN_POINT ( 'NONE',  ( -81.14451866516819223, 151.6583579391499654, 71.02214642643239983 ) ) ;
#2827 = EDGE_LOOP ( 'NONE', ( #5588, #3273, #5328, #6747 ) ) ;
#2828 = CARTESIAN_POINT ( 'NONE',  ( -83.38852960328463837, 137.3251101029211441, 95.58049982365568553 ) ) ;
#2829 = ORIENTED_EDGE ( 'NONE', *, *, #5408, .T. ) ;
#2830 = CARTESIAN_POINT ( 'NONE',  ( -71.27465560231108554, 114.4194589916605480, 133.5876182238307592 ) ) ;
#2831 = ADVANCED_FACE ( 'NONE', ( #2636 ), #4669, .T. ) ;
#2832 = VECTOR ( 'NONE', #2327, 1000.000000000000227 ) ;
#2833 = CARTESIAN_POINT ( 'NONE',  ( -85.15503606963426364, 141.3525809395032127, 125.7347075889164500 ) ) ;
#2834 = ORIENTED_EDGE ( 'NONE', *, *, #8272, .F. ) ;
#2835 = DIRECTION ( 'NONE',  ( -1.000000000000000000, -0.000000000000000000, -0.000000000000000000 ) ) ;
#2836 = CARTESIAN_POINT ( 'NONE',  ( -87.60850707798941528, 113.2577461606641549, 133.5921285017495848 ) ) ;
#2837 = CIRCLE ( 'NONE', #3318, 2.000000000000009770 ) ;
#2838 = CARTESIAN_POINT ( 'NONE',  ( -79.83395806656034210, 91.16234757097289787, 62.74000720514365526 ) ) ;
#2839 = EDGE_CURVE ( 'NONE', #1638, #5092, #4879, .T. ) ;
#2840 = CARTESIAN_POINT ( 'NONE',  ( -81.13551337160311050, 151.6529316460847099, 70.99736879377149990 ) ) ;
#2841 = ORIENTED_EDGE ( 'NONE', *, *, #9230, .T. ) ;
#2842 = ORIENTED_EDGE ( 'NONE', *, *, #5661, .F. ) ;
#2843 = DIRECTION ( 'NONE',  ( -1.000000000000000000, -0.000000000000000000, -0.000000000000000000 ) ) ;
#2844 = AXIS2_PLACEMENT_3D ( 'NONE', #5274, #796, #4659 ) ;
#2845 = CARTESIAN_POINT ( 'NONE',  ( -81.38852960328453889, 135.3251101029211441, 93.58049982365568553 ) ) ;
#2846 = CARTESIAN_POINT ( 'NONE',  ( -84.50799711222305177, 137.1735024507848664, 128.7376440200297338 ) ) ;
#2847 = LINE ( 'NONE', #6578, #1726 ) ;
#2848 = EDGE_CURVE ( 'NONE', #7281, #4110, #6466, .T. ) ;
#2849 = CARTESIAN_POINT ( 'NONE',  ( -70.78852960328462984, 111.8667509325086229, -157.5793358945792022 ) ) ;
#2850 = EDGE_CURVE ( 'NONE', #9683, #2373, #1907, .T. ) ;
#2851 = CIRCLE ( 'NONE', #2844, 3.000000000000002665 ) ;
#2852 = ORIENTED_EDGE ( 'NONE', *, *, #1089, .T. ) ;
#2853 = FACE_OUTER_BOUND ( 'NONE', #1739, .T. ) ;
#2854 = ORIENTED_EDGE ( 'NONE', *, *, #1512, .T. ) ;
#2855 = CARTESIAN_POINT ( 'NONE',  ( -71.28852960328462984, 152.2421582705777325, 133.7125270972966291 ) ) ;
#2856 = CARTESIAN_POINT ( 'NONE',  ( -83.57923430677823262, 143.2998738039295574, 154.6883191135403308 ) ) ;
#2857 = AXIS2_PLACEMENT_3D ( 'NONE', #9519, #1237, #8793 ) ;
#2858 = CARTESIAN_POINT ( 'NONE',  ( -72.88898284997316068, 74.34372096851184608, 74.56517446058644794 ) ) ;
#2859 = ORIENTED_EDGE ( 'NONE', *, *, #735, .F. ) ;
#2860 = CARTESIAN_POINT ( 'NONE',  ( -90.75409967894459839, 85.97529400584308235, 116.3524626517316278 ) ) ;
#2861 = EDGE_CURVE ( 'NONE', #6639, #7157, #4027, .T. ) ;
#2862 = CARTESIAN_POINT ( 'NONE',  ( -74.78852960328464405, 71.21275621524479504, 150.5298516408311968 ) ) ;
#2863 = CARTESIAN_POINT ( 'NONE',  ( -88.78940319267157122, 103.7602366260341427, 134.9907734169696312 ) ) ;
#2864 = CARTESIAN_POINT ( 'NONE',  ( -90.60836148558509251, 154.2036572082701866, 106.9280948363087873 ) ) ;
#2865 = CARTESIAN_POINT ( 'NONE',  ( -89.05998455205991604, 127.9387042471883689, 133.6711617561116441 ) ) ;
#2866 = ORIENTED_EDGE ( 'NONE', *, *, #1396, .F. ) ;
#2867 = CARTESIAN_POINT ( 'NONE',  ( -72.17312447828348354, 113.4365152869776239, 95.87643495381924197 ) ) ;
#2868 = PLANE ( 'NONE',  #7765 ) ;
#2869 = VECTOR ( 'NONE', #3150, 1000.000000000000000 ) ;
#2870 = CARTESIAN_POINT ( 'NONE',  ( -79.99526945743886586, 147.8403673312639341, 163.9073746072019730 ) ) ;
#2871 = AXIS2_PLACEMENT_3D ( 'NONE', #9766, #1348, #9717 ) ;
#2872 = CARTESIAN_POINT ( 'NONE',  ( -69.96250551403539930, 62.63781162476068687, 106.7113991585404449 ) ) ;
#2873 = CARTESIAN_POINT ( 'NONE',  ( -85.57280177746147842, 142.8661650558777580, 123.2158865851438208 ) ) ;
#2874 = ORIENTED_EDGE ( 'NONE', *, *, #9475, .T. ) ;
#2875 = CARTESIAN_POINT ( 'NONE',  ( -79.43625208535074478, 81.36178819952264973, 61.82625595862987211 ) ) ;
#2876 = AXIS2_PLACEMENT_3D ( 'NONE', #2610, #1859, #4134 ) ;
#2877 = CARTESIAN_POINT ( 'NONE',  ( -70.93168480288959188, 114.5058055237392693, 132.7556460798738556 ) ) ;
#2878 = FACE_OUTER_BOUND ( 'NONE', #2630, .T. ) ;
#2879 = CARTESIAN_POINT ( 'NONE',  ( -72.28852960328462984, 152.4621127927752866, 95.50574073170528777 ) ) ;
#2880 = CARTESIAN_POINT ( 'NONE',  ( -85.32323366297401890, 124.1271908434287496, 124.8009569105345378 ) ) ;
#2881 = DIRECTION ( 'NONE',  ( 0.000000000000000000, 0.000000000000000000, -1.000000000000000000 ) ) ;
#2882 = CARTESIAN_POINT ( 'NONE',  ( -70.78852960328462984, 78.63294074932888122, 158.8651309012557249 ) ) ;
#2883 = ORIENTED_EDGE ( 'NONE', *, *, #8581, .T. ) ;
#2884 = EDGE_LOOP ( 'NONE', ( #7586, #6193, #4550, #261 ) ) ;
#2885 = FACE_OUTER_BOUND ( 'NONE', #6735, .T. ) ;
#2886 = ORIENTED_EDGE ( 'NONE', *, *, #2912, .T. ) ;
#2887 = ADVANCED_FACE ( 'NONE', ( #7797 ), #1567, .T. ) ;
#2888 = CARTESIAN_POINT ( 'NONE',  ( -71.11098906788035379, 114.3090846901060615, 133.2965480128434024 ) ) ;
#2889 = AXIS2_PLACEMENT_3D ( 'NONE', #1012, #5183, #4326 ) ;
#2890 = DIRECTION ( 'NONE',  ( 0.000000000000000000, 1.000000000000000000, 0.000000000000000000 ) ) ;
#2891 = CARTESIAN_POINT ( 'NONE',  ( -79.58144726941284830, 76.35054058844443148, 160.8297385296435777 ) ) ;
#2892 = ORIENTED_EDGE ( 'NONE', *, *, #7899, .F. ) ;
#2893 = FACE_OUTER_BOUND ( 'NONE', #8068, .T. ) ;
#2894 = CARTESIAN_POINT ( 'NONE',  ( -82.90116531203807426, 75.36520872796589288, 70.41710076841093269 ) ) ;
#2895 = CARTESIAN_POINT ( 'NONE',  ( -79.91768558300562120, 83.95784473727201203, 62.93408795286589452 ) ) ;
#2896 = CARTESIAN_POINT ( 'NONE',  ( -88.66070395815293637, 115.3119079817578267, 135.8791374862808539 ) ) ;
#2897 = EDGE_CURVE ( 'NONE', #7905, #8584, #824, .T. ) ;
#2898 = CARTESIAN_POINT ( 'NONE',  ( -88.73435595697630163, 103.5089626768848490, 135.4919192988631096 ) ) ;
#2899 = EDGE_LOOP ( 'NONE', ( #3828, #7178, #449, #8926 ) ) ;
#2900 = ORIENTED_EDGE ( 'NONE', *, *, #2897, .T. ) ;
#2901 = CARTESIAN_POINT ( 'NONE',  ( -71.28852960328462984, 114.4065520826906663, 134.2125299789917392 ) ) ;
#2902 = CARTESIAN_POINT ( 'NONE',  ( -82.73316779699985091, 75.66517259521639005, 69.97218261104985970 ) ) ;
#2903 = CARTESIAN_POINT ( 'NONE',  ( -84.65528296468507108, 138.5017289018074393, 128.1156083732319075 ) ) ;
#2904 = DIRECTION ( 'NONE',  ( 0.000000000000000000, 1.000000000000000000, 0.000000000000000000 ) ) ;
#2905 = DIRECTION ( 'NONE',  ( 0.000000000000000000, 0.000000000000000000, -1.000000000000000000 ) ) ;
#2906 = CARTESIAN_POINT ( 'NONE',  ( -94.78852960328464405, 104.4468056478177402, 91.96147921292704552 ) ) ;
#2907 = VERTEX_POINT ( 'NONE', #6089 ) ;
#2908 = CARTESIAN_POINT ( 'NONE',  ( -72.28852960328462984, 112.8119080014294724, 133.0054217592787609 ) ) ;
#2909 = ORIENTED_EDGE ( 'NONE', *, *, #2496, .T. ) ;
#2910 = LINE ( 'NONE', #118, #8395 ) ;
#2911 = EDGE_CURVE ( 'NONE', #8125, #1020, #9123, .T. ) ;
#2912 = EDGE_CURVE ( 'NONE', #766, #9021, #4143, .T. ) ;
#2913 = CARTESIAN_POINT ( 'NONE',  ( -84.23580508978072601, 144.8494534364493802, 74.24231811317079632 ) ) ;
#2914 = CARTESIAN_POINT ( 'NONE',  ( -85.77919105282707335, 122.7303701457655478, 105.2931229775081050 ) ) ;
#2915 = VERTEX_POINT ( 'NONE', #8766 ) ;
#2916 = CARTESIAN_POINT ( 'NONE',  ( -79.19974448353357843, 87.40996992225038298, 61.27748691803974879 ) ) ;
#2917 = LINE ( 'NONE', #1514, #2734 ) ;
#2918 = LINE ( 'NONE', #5151, #9015 ) ;
#2919 = CARTESIAN_POINT ( 'NONE',  ( -90.05305679988143197, 155.8645150903124943, 126.6934599416073439 ) ) ;
#2920 =( BOUNDED_SURFACE ( )  B_SPLINE_SURFACE ( 3, 2, ( 
 ( #7467, #6706, #9757 ),
 ( #2985, #9008, #8267 ),
 ( #5379, #8463, #2288 ),
 ( #4553, #4754, #8308 ) ),
 .UNSPECIFIED., .F., .F., .T. ) 
 B_SPLINE_SURFACE_WITH_KNOTS ( ( 4, 4 ),
 ( 3, 3 ),
 ( 0.000000000000000000, 0.01394858449094876773 ),
 ( 0.000000000000000000, 1.000000000000000000 ),
 .UNSPECIFIED. ) 
 GEOMETRIC_REPRESENTATION_ITEM ( )  RATIONAL_B_SPLINE_SURFACE ( (
 ( 1.000000000000000000, 0.8364335387534009847, 1.000000000000000000),
 ( 1.000000000000000000, 0.8358031700395768260, 1.000000000000000000),
 ( 1.000000000000000000, 0.8351691879947354957, 1.000000000000000000),
 ( 1.000000000000000000, 0.8345315783883155980, 1.000000000000000000) ) ) 
 REPRESENTATION_ITEM ( '' )  SURFACE ( )  );
#2921 = EDGE_LOOP ( 'NONE', ( #5559, #4445, #552, #5037, #8186, #4744 ) ) ;
#2922 = CARTESIAN_POINT ( 'NONE',  ( -71.74396250723118840, 113.7782705856447194, 95.85059459642195634 ) ) ;
#2923 = CARTESIAN_POINT ( 'NONE',  ( -88.90057249423979613, 104.9838523379405899, 92.43022804196769471 ) ) ;
#2924 = EDGE_CURVE ( 'NONE', #4646, #9400, #1246, .T. ) ;
#2925 = CARTESIAN_POINT ( 'NONE',  ( -90.78852960328464405, 140.8719475623819335, 60.94546903656900128 ) ) ;
#2926 = ORIENTED_EDGE ( 'NONE', *, *, #8773, .F. ) ;
#2927 = CARTESIAN_POINT ( 'NONE',  ( -89.32003900688125952, 111.4615151472202399, 113.4302543513478696 ) ) ;
#2928 = CARTESIAN_POINT ( 'NONE',  ( -81.31304402986987157, 76.27544863995774449, 160.7268247483191033 ) ) ;
#2929 = ADVANCED_FACE ( 'NONE', ( #4278 ), #3083, .T. ) ;
#2930 = EDGE_CURVE ( 'NONE', #1613, #3056, #6359, .T. ) ;
#2931 = CARTESIAN_POINT ( 'NONE',  ( -78.01789628298701018, 131.5989295581380247, 61.58325347227984281 ) ) ;
#2932 = DIRECTION ( 'NONE',  ( 0.000000000000000000, -0.5370155350614652656, -0.8435723532114173251 ) ) ;
#2933 = CARTESIAN_POINT ( 'NONE',  ( -70.78852960328462984, 115.1107326199005172, 97.34888014610902474 ) ) ;
#2934 = CARTESIAN_POINT ( 'NONE',  ( -90.41507623160242701, 104.4468056478177402, 104.1312974392702557 ) ) ;
#2935 = ORIENTED_EDGE ( 'NONE', *, *, #9658, .F. ) ;
#2936 = ORIENTED_EDGE ( 'NONE', *, *, #4654, .F. ) ;
#2937 = CARTESIAN_POINT ( 'NONE',  ( -70.85643137019209803, 114.7337041091296044, 132.6638070371564027 ) ) ;
#2938 = DIRECTION ( 'NONE',  ( 0.000000000000000000, 0.000000000000000000, -1.000000000000000000 ) ) ;
#2939 = CARTESIAN_POINT ( 'NONE',  ( -81.93885688146329471, 77.08348385999562424, 67.87662782793239558 ) ) ;
#2940 = DIRECTION ( 'NONE',  ( 0.000000000000000000, 0.000000000000000000, -1.000000000000000000 ) ) ;
#2941 = EDGE_CURVE ( 'NONE', #7333, #3067, #399, .T. ) ;
#2942 = CARTESIAN_POINT ( 'NONE',  ( -88.52588882335061271, 114.0155436253317305, 134.5288962247967959 ) ) ;
#2943 = CARTESIAN_POINT ( 'NONE',  ( -86.78852960328464405, 86.94190798175786483, 110.5057407317052736 ) ) ;
#2944 = ORIENTED_EDGE ( 'NONE', *, *, #5638, .F. ) ;
#2945 = EDGE_CURVE ( 'NONE', #4783, #1791, #3448, .T. ) ;
#2946 = DIRECTION ( 'NONE',  ( 1.000000000000000000, -0.000000000000000000, -0.000000000000000000 ) ) ;
#2947 = EDGE_CURVE ( 'NONE', #4358, #741, #2990, .T. ) ;
#2948 = DIRECTION ( 'NONE',  ( 1.000000000000000000, -0.000000000000000000, -0.000000000000000000 ) ) ;
#2949 = FACE_OUTER_BOUND ( 'NONE', #4023, .T. ) ;
#2950 = DIRECTION ( 'NONE',  ( 1.000000000000000000, -0.000000000000000000, -0.000000000000000000 ) ) ;
#2951 = FACE_OUTER_BOUND ( 'NONE', #2608, .T. ) ;
#2952 = CARTESIAN_POINT ( 'NONE',  ( -85.98964452594337615, 143.6309159640421456, 119.3804998236556827 ) ) ;
#2953 = CARTESIAN_POINT ( 'NONE',  ( -85.57820094935688360, 142.9791899933891841, 103.7276397221980915 ) ) ;
#2954 = CARTESIAN_POINT ( 'NONE',  ( -72.10587126768557198, 71.19496918809271335, 150.5215665139003249 ) ) ;
#2955 = EDGE_LOOP ( 'NONE', ( #8632, #5288, #4757, #4822 ) ) ;
#2956 = CARTESIAN_POINT ( 'NONE',  ( -78.78852960328465826, 153.3107276855992609, 114.7318936594636369 ) ) ;
#2957 = ORIENTED_EDGE ( 'NONE', *, *, #6508, .F. ) ;
#2958 = DIRECTION ( 'NONE',  ( 0.000000000000000000, 0.000000000000000000, -1.000000000000000000 ) ) ;
#2959 = CARTESIAN_POINT ( 'NONE',  ( -88.73904138155607768, 59.36792684639895867, 117.2646525717104566 ) ) ;
#2960 = ORIENTED_EDGE ( 'NONE', *, *, #2646, .F. ) ;
#2961 = CARTESIAN_POINT ( 'NONE',  ( -90.75075495835352513, 86.55159411305179162, 116.4867645982992315 ) ) ;
#2962 = DIRECTION ( 'NONE',  ( -1.000000000000000000, 0.000000000000000000, 0.000000000000000000 ) ) ;
#2963 = CARTESIAN_POINT ( 'NONE',  ( -78.78852960328464405, 78.55005808952097368, 68.26162717872122698 ) ) ;
#2964 = CARTESIAN_POINT ( 'NONE',  ( -90.41772905868459986, 154.0907737440963956, 104.1187959476178975 ) ) ;
#2965 = VERTEX_POINT ( 'NONE', #8138 ) ;
#2966 = CARTESIAN_POINT ( 'NONE',  ( -71.75920096912358304, 113.9916617869443201, 95.73846120366877699 ) ) ;
#2967 = CARTESIAN_POINT ( 'NONE',  ( -90.78611122883491191, 89.84586375386238899, 114.2838945787418368 ) ) ;
#2968 = EDGE_CURVE ( 'NONE', #7637, #5976, #467, .T. ) ;
#2969 = DIRECTION ( 'NONE',  ( 1.000000000000000000, -0.000000000000000000, -0.000000000000000000 ) ) ;
#2970 = CARTESIAN_POINT ( 'NONE',  ( -79.98011830336761818, 76.64414300974245009, 65.92416062072932448 ) ) ;
#2971 = CARTESIAN_POINT ( 'NONE',  ( -80.09173629619419899, 80.29559709698324355, 163.6799150454355072 ) ) ;
#2972 = CARTESIAN_POINT ( 'NONE',  ( -89.32143290322085249, 113.3867115645626882, 115.3463869052672806 ) ) ;
#2973 = CARTESIAN_POINT ( 'NONE',  ( -71.87729064181040428, 113.4732669681802975, 133.4149442032997399 ) ) ;
#2974 = CARTESIAN_POINT ( 'NONE',  ( -88.78852960328462984, 111.1293568147877693, 102.5041018525514289 ) ) ;
#2975 = CARTESIAN_POINT ( 'NONE',  ( -85.93910544110964622, 122.5462363658445213, 120.0241728541044637 ) ) ;
#2976 = AXIS2_PLACEMENT_3D ( 'NONE', #9567, #5586, #8570 ) ;
#2977 = CARTESIAN_POINT ( 'NONE',  ( -78.22212023933356306, 146.7013907204287761, 164.6723757413781470 ) ) ;
#2978 = ORIENTED_EDGE ( 'NONE', *, *, #2329, .T. ) ;
#2979 = EDGE_CURVE ( 'NONE', #3712, #7871, #832, .T. ) ;
#2980 = CARTESIAN_POINT ( 'NONE',  ( -70.86059497545184627, 114.7136712984062683, 132.6229193023364701 ) ) ;
#2981 = CARTESIAN_POINT ( 'NONE',  ( -85.23437159105269245, 141.6883193052313743, 125.3054550054622780 ) ) ;
#2982 = ORIENTED_EDGE ( 'NONE', *, *, #9687, .T. ) ;
#2983 = CARTESIAN_POINT ( 'NONE',  ( -81.79150492637613468, 77.34658556664943774, 67.49885183698579283 ) ) ;
#2984 = VECTOR ( 'NONE', #3997, 1000.000000000000000 ) ;
#2985 = CARTESIAN_POINT ( 'NONE',  ( -79.71465469797503545, 136.3730720239337586, 164.5474729414407875 ) ) ;
#2986 = AXIS2_PLACEMENT_3D ( 'NONE', #9058, #2251, #5983 ) ;
#2987 = EDGE_LOOP ( 'NONE', ( #8738, #584, #3211 ) ) ;
#2988 = CARTESIAN_POINT ( 'NONE',  ( -89.20198247349085818, 125.3778472517797269, 94.18556720564450302 ) ) ;
#2989 = PLANE ( 'NONE',  #6276 ) ;
#2990 = CIRCLE ( 'NONE', #4554, 1.000000000000000888 ) ;
#2991 = CYLINDRICAL_SURFACE ( 'NONE', #4551, 4.999999999999990230 ) ;
#2992 = ORIENTED_EDGE ( 'NONE', *, *, #9617, .F. ) ;
#2993 = CARTESIAN_POINT ( 'NONE',  ( -71.87126075463913821, 152.4758136272095044, 95.65129978347502515 ) ) ;
#2994 = ADVANCED_FACE ( 'NONE', ( #6641 ), #8507, .F. ) ;
#2995 = EDGE_LOOP ( 'NONE', ( #9141, #2161, #9724, #1387 ) ) ;
#2996 = CARTESIAN_POINT ( 'NONE',  ( -89.73653944772777891, 106.8224010931576515, 113.2585869976021513 ) ) ;
#2997 = ORIENTED_EDGE ( 'NONE', *, *, #6394, .T. ) ;
#2998 = AXIS2_PLACEMENT_3D ( 'NONE', #7227, #5101, #9305 ) ;
#2999 = B_SPLINE_CURVE_WITH_KNOTS ( 'NONE', 3,
 ( #7570, #3919, #7773, #993, #5378, #6262, #257, #4018, #9312, #3814, #5532, #7623, #1651, #1698, #3862, #2549, #2342, #4552 ),
 .UNSPECIFIED., .F., .F.,
 ( 4, 2, 2, 2, 2, 2, 2, 2, 4 ),
 ( 0.000000000000000000, 0.0005944186116877861296, 0.001188837223375572259, 0.001783255835063358389, 0.002377674446751144519, 0.002972093058438930648, 0.003566511670126716778, 0.004160930281814502474, 0.004755348893502289037 ),
 .UNSPECIFIED. ) ;
#3000 = CARTESIAN_POINT ( 'NONE',  ( -80.79503972452999960, 151.6586852489159867, 156.6468905393281545 ) ) ;
#3001 = CARTESIAN_POINT ( 'NONE',  ( -84.73961320795446284, 126.6865386413940939, 99.15950459222364088 ) ) ;
#3002 = CIRCLE ( 'NONE', #631, 5.000000000000004441 ) ;
#3003 = CARTESIAN_POINT ( 'NONE',  ( -90.78853425769173668, 83.94174329659858813, 113.3104355495922988 ) ) ;
#3004 = CARTESIAN_POINT ( 'NONE',  ( -78.78852960328464405, 62.29347055928871413, 111.6679929837119403 ) ) ;
#3005 = LINE ( 'NONE', #2370, #1395 ) ;
#3006 = FACE_OUTER_BOUND ( 'NONE', #5414, .T. ) ;
#3007 = ORIENTED_EDGE ( 'NONE', *, *, #2445, .T. ) ;
#3008 = CARTESIAN_POINT ( 'NONE',  ( -71.25368410442504796, 113.9804115554055670, 96.49394967587856797 ) ) ;
#3009 = CARTESIAN_POINT ( 'NONE',  ( -80.57857873510226909, 147.2153319571183943, 162.5150550712673692 ) ) ;
#3010 = CARTESIAN_POINT ( 'NONE',  ( -79.88469617706887504, 76.84171581374774007, 65.75026020180804665 ) ) ;
#3011 = VECTOR ( 'NONE', #1771, 1000.000000000000000 ) ;
#3012 = CARTESIAN_POINT ( 'NONE',  ( -87.68622955101149330, 61.33898850184549190, 129.9705083941630335 ) ) ;
#3013 = ORIENTED_EDGE ( 'NONE', *, *, #5368, .T. ) ;
#3014 = CYLINDRICAL_SURFACE ( 'NONE', #5848, 2.000000000000001776 ) ;
#3015 = CARTESIAN_POINT ( 'NONE',  ( -81.26200335954720799, 76.36700639851463279, 160.8537990497146382 ) ) ;
#3016 = CARTESIAN_POINT ( 'NONE',  ( -81.46343037619463701, 77.93217261603432178, 160.3432096899168187 ) ) ;
#3017 = DIRECTION ( 'NONE',  ( 0.000000000000000000, -0.9977779156875836719, -0.06662755410594781158 ) ) ;
#3018 = CARTESIAN_POINT ( 'NONE',  ( -70.90107888269250225, 114.5954621632990609, 97.01986975593308671 ) ) ;
#3019 = VECTOR ( 'NONE', #6755, 1000.000000000000000 ) ;
#3020 = CARTESIAN_POINT ( 'NONE',  ( -78.56630177373583024, 148.1312064193969888, 163.6584089404622659 ) ) ;
#3021 = ORIENTED_EDGE ( 'NONE', *, *, #5970, .T. ) ;
#3022 = VERTEX_POINT ( 'NONE', #4726 ) ;
#3023 = FACE_OUTER_BOUND ( 'NONE', #2921, .T. ) ;
#3024 = CARTESIAN_POINT ( 'NONE',  ( -87.37848393418835258, 111.3119079817578267, 131.5640869372335828 ) ) ;
#3025 = VECTOR ( 'NONE', #6238, 1000.000000000000000 ) ;
#3026 = ORIENTED_EDGE ( 'NONE', *, *, #6147, .F. ) ;
#3027 = CYLINDRICAL_SURFACE ( 'NONE', #8547, 1.831554383945777076 ) ;
#3028 = CIRCLE ( 'NONE', #170, 5.000000000000004441 ) ;
#3029 =( BOUNDED_CURVE ( )  B_SPLINE_CURVE ( 3, ( #9490, #1115, #7945, #7145 ),
 .UNSPECIFIED., .F., .T. ) 
 B_SPLINE_CURVE_WITH_KNOTS ( ( 4, 4 ),
 ( 1.570796326794896558, 3.141592653589793116 ),
 .UNSPECIFIED. ) 
 CURVE ( )  GEOMETRIC_REPRESENTATION_ITEM ( )  RATIONAL_B_SPLINE_CURVE ( ( 1.000000000000000000, 0.8047378541243649375, 0.8047378541243649375, 1.000000000000000000 ) ) 
 REPRESENTATION_ITEM ( '' )  );
#3030 = ADVANCED_FACE ( 'NONE', ( #6941 ), #6828, .T. ) ;
#3031 = EDGE_CURVE ( 'NONE', #8571, #7974, #1619, .T. ) ;
#3032 = CARTESIAN_POINT ( 'NONE',  ( -88.66070395815293637, 115.3119079817578267, 135.8791374862808539 ) ) ;
#3033 = CIRCLE ( 'NONE', #7927, 1.831554383945777076 ) ;
#3034 = CARTESIAN_POINT ( 'NONE',  ( -89.97384823419302791, 113.6985660803536717, 114.7116468895448094 ) ) ;
#3035 = CIRCLE ( 'NONE', #8557, 2.000000000000001776 ) ;
#3036 = VERTEX_POINT ( 'NONE', #478 ) ;
#3037 = FACE_OUTER_BOUND ( 'NONE', #5166, .T. ) ;
#3038 = CARTESIAN_POINT ( 'NONE',  ( -88.85704906224195554, 131.5871841987517428, 92.18904175411748270 ) ) ;
#3039 = DIRECTION ( 'NONE',  ( 1.000000000000000000, -0.000000000000000000, -0.000000000000000000 ) ) ;
#3040 = DIRECTION ( 'NONE',  ( 0.000000000000000000, -0.06861641503411744503, -0.9976431163436481064 ) ) ;
#3041 = DIRECTION ( 'NONE',  ( -1.000000000000000000, 0.000000000000000000, 0.000000000000000000 ) ) ;
#3042 = CARTESIAN_POINT ( 'NONE',  ( -82.02962023393286017, 151.3418103317511054, 156.3069099175082499 ) ) ;
#3043 = CARTESIAN_POINT ( 'NONE',  ( -77.78870183552079709, 143.3814712841183052, 61.08298905443484017 ) ) ;
#3044 = VERTEX_POINT ( 'NONE', #1915 ) ;
#3045 = CARTESIAN_POINT ( 'NONE',  ( -85.94582737962312535, 143.6309159640421171, 106.9613411671608958 ) ) ;
#3046 = CARTESIAN_POINT ( 'NONE',  ( -84.34824275842643715, 133.6309159640421456, 129.3804998236556685 ) ) ;
#3047 = VERTEX_POINT ( 'NONE', #4993 ) ;
#3048 = CARTESIAN_POINT ( 'NONE',  ( -89.80415210997212228, 105.0311584251500534, 114.9263287129331275 ) ) ;
#3049 = ORIENTED_EDGE ( 'NONE', *, *, #1941, .T. ) ;
#3050 = FACE_OUTER_BOUND ( 'NONE', #1453, .T. ) ;
#3051 = CARTESIAN_POINT ( 'NONE',  ( -88.78443616469419908, 59.28258788339896768, 114.6392337811161468 ) ) ;
#3052 = CARTESIAN_POINT ( 'NONE',  ( -90.78471823266548313, 84.09436708958385509, 112.5412355403258857 ) ) ;
#3053 = CARTESIAN_POINT ( 'NONE',  ( -70.78852960328462984, 78.55005808952097368, 68.26162717872122698 ) ) ;
#3054 = CARTESIAN_POINT ( 'NONE',  ( -74.78852960328464405, 141.9419079817567138, 150.4057407317052935 ) ) ;
#3055 = CARTESIAN_POINT ( 'NONE',  ( -89.10316049661605575, 127.2760990984380669, 133.4177690834425789 ) ) ;
#3056 = VERTEX_POINT ( 'NONE', #2571 ) ;
#3057 = CARTESIAN_POINT ( 'NONE',  ( -70.93168480288956346, 114.7773220096089091, 96.69110467052770730 ) ) ;
#3058 = CARTESIAN_POINT ( 'NONE',  ( -78.78852960328464405, 86.94190798175786483, 108.5057407317052878 ) ) ;
#3059 = CARTESIAN_POINT ( 'NONE',  ( -78.41482843622127064, 82.48581560505610355, 162.5021694569247757 ) ) ;
#3060 = CARTESIAN_POINT ( 'NONE',  ( -70.78852960328462984, 148.6520442482435556, 71.31938675007729955 ) ) ;
#3061 = CARTESIAN_POINT ( 'NONE',  ( -87.77487965341892107, 66.66058547391273237, 86.87885371692884462 ) ) ;
#3062 = CARTESIAN_POINT ( 'NONE',  ( -85.52737857169938707, 142.7310793657314605, 123.5268829717996510 ) ) ;
#3063 = CARTESIAN_POINT ( 'NONE',  ( -71.34913184519540152, 113.8641108642541724, 133.1653819512688983 ) ) ;
#3064 = CARTESIAN_POINT ( 'NONE',  ( -72.28852960328462984, 111.3119079817578410, 131.5054217592787325 ) ) ;
#3065 = CARTESIAN_POINT ( 'NONE',  ( -85.01689720933713090, 125.4518033287046137, 126.4435148120723085 ) ) ;
#3066 = CARTESIAN_POINT ( 'NONE',  ( -77.74070303575302887, 140.8723463296477121, 166.0654737538021948 ) ) ;
#3067 = VERTEX_POINT ( 'NONE', #1866 ) ;
#3068 = FACE_OUTER_BOUND ( 'NONE', #3425, .T. ) ;
#3069 = ORIENTED_EDGE ( 'NONE', *, *, #5705, .F. ) ;
#3070 = LINE ( 'NONE', #3534, #4885 ) ;
#3071 = CARTESIAN_POINT ( 'NONE',  ( -79.65588278656898069, 76.21686386025642435, 160.6435663923559787 ) ) ;
#3072 = ORIENTED_EDGE ( 'NONE', *, *, #249, .T. ) ;
#3073 = EDGE_CURVE ( 'NONE', #7032, #3388, #3770, .T. ) ;
#3074 = CARTESIAN_POINT ( 'NONE',  ( -85.97090709588684376, 122.5309159640421228, 107.2804998236556884 ) ) ;
#3075 = CARTESIAN_POINT ( 'NONE',  ( -88.86146045883178601, 134.5717432949303429, 92.21334491058345861 ) ) ;
#3076 = CARTESIAN_POINT ( 'NONE',  ( -94.87364774114004717, 132.5309159640421228, 97.28049982365568837 ) ) ;
#3077 = LINE ( 'NONE', #6858, #972 ) ;
#3078 = EDGE_LOOP ( 'NONE', ( #8796, #287, #4956, #2405 ) ) ;
#3079 = DIRECTION ( 'NONE',  ( 1.000000000000000000, -0.000000000000000000, -0.000000000000000000 ) ) ;
#3080 = CARTESIAN_POINT ( 'NONE',  ( -72.28852960328462984, 114.8119079817578125, 95.50574073170528777 ) ) ;
#3081 = ADVANCED_FACE ( 'NONE', ( #1352 ), #8710, .T. ) ;
#3082 = CARTESIAN_POINT ( 'NONE',  ( -88.66070395815292216, 115.3119079817578267, 135.8791374862808539 ) ) ;
#3083 =( BOUNDED_SURFACE ( )  B_SPLINE_SURFACE ( 3, 2, ( 
 ( #7944, #6385, #7896 ),
 ( #9436, #2619, #5558 ),
 ( #7223, #1213, #7278 ),
 ( #4876, #1171, #7983 ) ),
 .UNSPECIFIED., .F., .F., .T. ) 
 B_SPLINE_SURFACE_WITH_KNOTS ( ( 4, 4 ),
 ( 3, 3 ),
 ( 0.000000000000000000, 0.0001477820749339487782 ),
 ( 0.000000000000000000, 1.000000000000000000 ),
 .UNSPECIFIED. ) 
 GEOMETRIC_REPRESENTATION_ITEM ( )  RATIONAL_B_SPLINE_SURFACE ( (
 ( 1.000000000000000000, 0.7974822094110403103, 1.000000000000000000),
 ( 1.000000000000000000, 0.7974320128029948052, 1.000000000000000000),
 ( 1.000000000000000000, 0.7973817839030417076, 1.000000000000000000),
 ( 1.000000000000000000, 0.7973315226909792885, 1.000000000000000000) ) ) 
 REPRESENTATION_ITEM ( '' )  SURFACE ( )  );
#3084 = CARTESIAN_POINT ( 'NONE',  ( -90.42380666211990103, 118.5906542715778471, 122.7715649758338117 ) ) ;
#3085 = CARTESIAN_POINT ( 'NONE',  ( -81.31588960935414434, 76.27034314244590973, 66.29120056339996836 ) ) ;
#3086 = CARTESIAN_POINT ( 'NONE',  ( -81.25413100538189326, 151.6436622064594530, 70.95504251923276229 ) ) ;
#3087 = CARTESIAN_POINT ( 'NONE',  ( -84.34824275842643715, 133.6309159640421456, 129.3804998236556685 ) ) ;
#3088 = CARTESIAN_POINT ( 'NONE',  ( -78.78852960328464405, 140.8309159640421910, 95.58049982365568553 ) ) ;
#3089 = CARTESIAN_POINT ( 'NONE',  ( -74.78852960328464405, 74.23430616927745973, 152.2681882442929862 ) ) ;
#3090 = CARTESIAN_POINT ( 'NONE',  ( -89.81521906114451781, 145.2257441635559019, 98.36810825777099865 ) ) ;
#3091 = CARTESIAN_POINT ( 'NONE',  ( -81.59856684230938129, 151.5588019601977692, 156.1724986244244349 ) ) ;
#3092 = CARTESIAN_POINT ( 'NONE',  ( -85.00735874848514584, 140.9029572156067616, 100.4154477611660639 ) ) ;
#3093 = FACE_OUTER_BOUND ( 'NONE', #3572, .T. ) ;
#3094 = ORIENTED_EDGE ( 'NONE', *, *, #4305, .T. ) ;
#3095 = ORIENTED_EDGE ( 'NONE', *, *, #1895, .F. ) ;
#3096 = EDGE_CURVE ( 'NONE', #3113, #1830, #3664, .T. ) ;
#3097 = EDGE_CURVE ( 'NONE', #3479, #1688, #243, .T. ) ;
#3098 = CARTESIAN_POINT ( 'NONE',  ( -80.21092406312259016, 151.3397054150620420, 158.5770972169471520 ) ) ;
#3099 = CARTESIAN_POINT ( 'NONE',  ( -90.51344777575533840, 147.7789531870617168, 121.5644440025171633 ) ) ;
#3100 = CARTESIAN_POINT ( 'NONE',  ( -70.78852960328462984, 73.94917957412638998, 75.04480254637877579 ) ) ;
#3101 = CARTESIAN_POINT ( 'NONE',  ( -74.78852960328464405, 86.94190798175786483, 113.5057407317052736 ) ) ;
#3102 = DIRECTION ( 'NONE',  ( -1.000000000000000000, -0.000000000000000000, -0.000000000000000000 ) ) ;
#3103 = VERTEX_POINT ( 'NONE', #9356 ) ;
#3104 = CARTESIAN_POINT ( 'NONE',  ( -70.91929497223037515, 114.6642474617133018, 96.75379387336533910 ) ) ;
#3105 = CARTESIAN_POINT ( 'NONE',  ( -90.75028018625347670, 87.14013360309026268, 110.5057407317052593 ) ) ;
#3106 = CARTESIAN_POINT ( 'NONE',  ( -89.66510472787025776, 121.7984762634814899, 97.24744414453947172 ) ) ;
#3107 = CARTESIAN_POINT ( 'NONE',  ( -71.87669672827178147, 70.31157342729920856, 76.87904550804807968 ) ) ;
#3108 = FACE_OUTER_BOUND ( 'NONE', #404, .T. ) ;
#3109 = DIRECTION ( 'NONE',  ( 0.000000000000000000, 0.000000000000000000, -1.000000000000000000 ) ) ;
#3110 = CARTESIAN_POINT ( 'NONE',  ( -84.34824275842645136, 132.5309159640421228, 129.3804998236556685 ) ) ;
#3111 = CARTESIAN_POINT ( 'NONE',  ( -74.78852960328464405, 62.28864451259448742, 117.7927441914530959 ) ) ;
#3112 = CARTESIAN_POINT ( 'NONE',  ( -88.85688069611343565, 112.6791361563500686, 92.18776009039333985 ) ) ;
#3113 = VERTEX_POINT ( 'NONE', #295 ) ;
#3114 = DIRECTION ( 'NONE',  ( 1.000000000000000000, -0.000000000000000000, -0.000000000000000000 ) ) ;
#3115 = ORIENTED_EDGE ( 'NONE', *, *, #4214, .T. ) ;
#3116 = LINE ( 'NONE', #4649, #803 ) ;
#3117 = CARTESIAN_POINT ( 'NONE',  ( -70.78852960328462984, 148.6523643092005216, 155.6914970079084526 ) ) ;
#3118 = DIRECTION ( 'NONE',  ( -1.000000000000000000, -0.000000000000000000, -0.000000000000000000 ) ) ;
#3119 = CARTESIAN_POINT ( 'NONE',  ( -80.07097181396292740, 75.45279266107857552, 159.5690066132064544 ) ) ;
#3120 = VERTEX_POINT ( 'NONE', #8450 ) ;
#3121 = CARTESIAN_POINT ( 'NONE',  ( -84.98595904219192221, 125.3597097771417594, 100.3097695730221517 ) ) ;
#3122 = B_SPLINE_CURVE_WITH_KNOTS ( 'NONE', 3,
 ( #7190, #5747, #7283, #6534 ),
 .UNSPECIFIED., .F., .F.,
 ( 4, 4 ),
 ( 0.000000000000000000, 0.01394858583282063656 ),
 .UNSPECIFIED. ) ;
#3123 = AXIS2_PLACEMENT_3D ( 'NONE', #86, #3114, #7996 ) ;
#3124 = CARTESIAN_POINT ( 'NONE',  ( -89.81517830013405046, 145.2212977767246969, 98.37195151184860720 ) ) ;
#3125 = LINE ( 'NONE', #7672, #8318 ) ;
#3126 = CARTESIAN_POINT ( 'NONE',  ( -78.78852960328465826, 66.91580586671044273, 137.6257460454851582 ) ) ;
#3127 = CARTESIAN_POINT ( 'NONE',  ( -77.74070303575302887, 141.0095640216830759, 164.0701864800011265 ) ) ;
#3128 = VERTEX_POINT ( 'NONE', #8599 ) ;
#3129 = CARTESIAN_POINT ( 'NONE',  ( -74.78852960328464405, 62.29347055928871413, 111.6679929837119403 ) ) ;
#3130 = AXIS2_PLACEMENT_3D ( 'NONE', #6726, #7483, #3146 ) ;
#3131 = CARTESIAN_POINT ( 'NONE',  ( -90.78942159759336050, 61.27329709643813516, 112.3249166073822636 ) ) ;
#3132 = PRESENTATION_STYLE_ASSIGNMENT (( #9013 ) ) ;
#3133 = VECTOR ( 'NONE', #6980, 1000.000000000000000 ) ;
#3134 = CARTESIAN_POINT ( 'NONE',  ( -80.98829414421237516, 151.6586802554030839, 155.9887145288563204 ) ) ;
#3135 = ORIENTED_EDGE ( 'NONE', *, *, #1267, .F. ) ;
#3136 = CARTESIAN_POINT ( 'NONE',  ( -84.44600343346436944, 137.1537290250056458, 97.91542291702836565 ) ) ;
#3137 = EDGE_CURVE ( 'NONE', #5092, #4289, #9467, .T. ) ;
#3138 = DIRECTION ( 'NONE',  ( 1.000000000000000000, -0.000000000000000000, -0.000000000000000000 ) ) ;
#3139 = ORIENTED_EDGE ( 'NONE', *, *, #2930, .T. ) ;
#3140 = ORIENTED_EDGE ( 'NONE', *, *, #1994, .T. ) ;
#3141 = FACE_OUTER_BOUND ( 'NONE', #4603, .T. ) ;
#3142 = CARTESIAN_POINT ( 'NONE',  ( -81.03235597433449300, 78.69065799953160933, 161.4142346744979193 ) ) ;
#3143 = AXIS2_PLACEMENT_3D ( 'NONE', #6733, #1473, #2219 ) ;
#3144 = CARTESIAN_POINT ( 'NONE',  ( -81.65855200513472312, 77.58476209813531455, 159.8510358492265198 ) ) ;
#3145 = CARTESIAN_POINT ( 'NONE',  ( -90.78947675946513129, 59.27319179125782256, 112.2883900116399758 ) ) ;
#3146 = DIRECTION ( 'NONE',  ( 0.000000000000000000, 0.000000000000000000, 1.000000000000000000 ) ) ;
#3147 = EDGE_CURVE ( 'NONE', #1734, #5685, #3497, .T. ) ;
#3148 = EDGE_CURVE ( 'NONE', #4104, #8893, #5068, .T. ) ;
#3149 = FACE_OUTER_BOUND ( 'NONE', #162, .T. ) ;
#3150 = DIRECTION ( 'NONE',  ( -1.000000000000000000, -0.000000000000000000, -0.000000000000000000 ) ) ;
#3151 = CARTESIAN_POINT ( 'NONE',  ( -78.78852960328464405, 113.3119079817578125, 105.0493643056304194 ) ) ;
#3152 = VECTOR ( 'NONE', #3118, 1000.000000000000000 ) ;
#3153 = CARTESIAN_POINT ( 'NONE',  ( -74.78852960328464405, 65.52481064207854899, 93.32549361748358763 ) ) ;
#3154 = CARTESIAN_POINT ( 'NONE',  ( -79.91146162574008827, 93.82217913461268211, 164.0913415365350261 ) ) ;
#3155 = ORIENTED_EDGE ( 'NONE', *, *, #5910, .T. ) ;
#3156 = CARTESIAN_POINT ( 'NONE',  ( -70.91929497223034673, 114.5684947265769438, 96.84954660850172559 ) ) ;
#3157 = CARTESIAN_POINT ( 'NONE',  ( -90.58316475094099474, 118.2679251947952821, 106.5376491078241514 ) ) ;
#3158 = B_SPLINE_CURVE_WITH_KNOTS ( 'NONE', 3,
 ( #7204, #8657, #1890, #4209 ),
 .UNSPECIFIED., .F., .F.,
 ( 4, 4 ),
 ( 0.000000000000000000, 1.000000000000000000 ),
 .UNSPECIFIED. ) ;
#3159 = CARTESIAN_POINT ( 'NONE',  ( -90.76994816185080595, 61.30810811431744156, 115.6593824497021927 ) ) ;
#3160 = AXIS2_PLACEMENT_3D ( 'NONE', #6925, #8374, #2468 ) ;
#3161 = PLANE ( 'NONE',  #9344 ) ;
#3163 = CYLINDRICAL_SURFACE ( 'NONE', #8970, 2.000000000000001776 ) ;
#3162 = B_SPLINE_CURVE_WITH_KNOTS ( 'NONE', 3,
 ( #9079, #7501, #6740, #3216, #5355, #2530, #7651, #285, #3304, #9494, #8730, #8083, #8636, #7531, #2913, #6725, #2260, #9067, #8325, #1815, #1767, #7640, #269, #2612, #4269, #5735, #9573, #1909, #8813, #6667, #8117, #4476, #9012, #6621 ),
 .UNSPECIFIED., .F., .F.,
 ( 4, 2, 2, 2, 2, 2, 2, 2, 2, 2, 2, 2, 2, 2, 2, 2, 4 ),
 ( 0.000000000000000000, 0.0006018650280001928065, 0.001203730056000385613, 0.001805595084000578311, 0.002407460112000771226, 0.003009325140000964141, 0.003611190168001156622, 0.004213055196001349971, 0.004814920224001542452, 0.005416785252001734934, 0.006018650280001928282, 0.006620515308002120763, 0.007222380336002313245, 0.007824245364002505726, 0.008426110392002699942, 0.009027975420002892423, 0.009629840448003084905 ),
 .UNSPECIFIED. ) ;
#3164 = CARTESIAN_POINT ( 'NONE',  ( -88.78852960328462984, 107.2151432524146628, 101.9183154149245070 ) ) ;
#3165 = CARTESIAN_POINT ( 'NONE',  ( -72.28852960328462984, 113.5902588809344707, 134.0722932942445311 ) ) ;
#3166 = CARTESIAN_POINT ( 'NONE',  ( -85.06668827959845203, 125.2105067519835302, 126.1935908590392188 ) ) ;
#3167 = DIRECTION ( 'NONE',  ( 0.000000000000000000, 0.9976431163436478844, -0.06861641503411926302 ) ) ;
#3168 = CARTESIAN_POINT ( 'NONE',  ( -88.99075551053880417, 112.9205606879491341, 92.93853166986841075 ) ) ;
#3169 = VERTEX_POINT ( 'NONE', #9552 ) ;
#3170 = CARTESIAN_POINT ( 'NONE',  ( -90.62951458541260763, 147.8939197522231837, 119.6217600156973475 ) ) ;
#3171 = ORIENTED_EDGE ( 'NONE', *, *, #9653, .F. ) ;
#3172 = DIRECTION ( 'NONE',  ( 1.000000000000000000, -0.000000000000000000, -0.000000000000000000 ) ) ;
#3173 = CARTESIAN_POINT ( 'NONE',  ( -82.54944140204744940, 149.6322368662744395, 157.5347248843941088 ) ) ;
#3174 = CARTESIAN_POINT ( 'NONE',  ( -83.38852960328463837, 125.3309159640421626, 95.58049982365568553 ) ) ;
#3175 = CARTESIAN_POINT ( 'NONE',  ( -70.78852960328462984, 141.5581117127231039, 60.92190020000548145 ) ) ;
#3176 = VERTEX_POINT ( 'NONE', #5758 ) ;
#3177 = DIRECTION ( 'NONE',  ( 0.000000000000000000, -1.000000000000000000, -0.000000000000000000 ) ) ;
#3178 = CARTESIAN_POINT ( 'NONE',  ( -84.61414572879048990, 127.5391350037428424, 98.61385678900091989 ) ) ;
#3179 = VECTOR ( 'NONE', #7045, 1000.000000000000000 ) ;
#3180 = EDGE_CURVE ( 'NONE', #1198, #6607, #950, .T. ) ;
#3181 = DIRECTION ( 'NONE',  ( 0.000000000000000000, -1.000000000000000000, -3.965082219661325178E-15 ) ) ;
#3182 = CARTESIAN_POINT ( 'NONE',  ( -84.28536928964975061, 133.9621559887187345, 97.28050901940574136 ) ) ;
#3183 = FACE_OUTER_BOUND ( 'NONE', #7946, .T. ) ;
#3184 = CARTESIAN_POINT ( 'NONE',  ( -88.58449397279204618, 113.3119079817578125, 120.8788738981781279 ) ) ;
#3185 = ORIENTED_EDGE ( 'NONE', *, *, #3625, .F. ) ;
#3186 = LINE ( 'NONE', #9217, #5210 ) ;
#3187 = CIRCLE ( 'NONE', #3, 6.999999999999978684 ) ;
#3188 = FACE_OUTER_BOUND ( 'NONE', #268, .T. ) ;
#3189 = AXIS2_PLACEMENT_3D ( 'NONE', #9164, #3873, #952 ) ;
#3190 = ADVANCED_FACE ( 'NONE', ( #7798 ), #1374, .T. ) ;
#3191 = CARTESIAN_POINT ( 'NONE',  ( -90.63200296897851160, 113.7492154018300994, 112.2671991330051924 ) ) ;
#3192 = VECTOR ( 'NONE', #2458, 1000.000000000000000 ) ;
#3193 = VECTOR ( 'NONE', #215, 1000.000000000000000 ) ;
#3194 = DIRECTION ( 'NONE',  ( 1.000000000000000000, -0.000000000000000000, -0.000000000000000000 ) ) ;
#3195 = ORIENTED_EDGE ( 'NONE', *, *, #4654, .T. ) ;
#3196 = CARTESIAN_POINT ( 'NONE',  ( -84.28536839170108408, 133.6309159640421456, 97.28049982365568837 ) ) ;
#3197 = CARTESIAN_POINT ( 'NONE',  ( -70.93168480288956346, 114.7773220096089091, 96.69110467052770730 ) ) ;
#3198 = ORIENTED_EDGE ( 'NONE', *, *, #9005, .F. ) ;
#3199 = VERTEX_POINT ( 'NONE', #1062 ) ;
#3200 = CARTESIAN_POINT ( 'NONE',  ( -77.89604838521277941, 85.32034675925315526, 165.7036556535853151 ) ) ;
#3201 = B_SPLINE_SURFACE_WITH_KNOTS ( 'NONE', 1, 3, ( 
 ( #5454, #5606, #5699, #2762, #5748, #8774, #283, #3303, #4149, #2211, #5057, #6584, #9633, #2424, #1670, #8477, #226, #385, #4950, #1766, #5639, #1164, #425, #474, #7792, #7316, #714, #9572, #2791, #6710, #669, #2147, #1405, #4561, #9056, #3928, #6922, #9161, #6172, #2294, #3084, #7173, #418, #4941, #1003, #6598 ),
 ( #2171, #9741, #4398, #6649, #5256, #8249, #6047, #3305, #1025, #8403, #1632, #881, #4683, #9497, #7232, #9584, #9545, #2806, #4094, #5941, #7534, #8878, #1362, #8929, #627, #122, #4776, #5445, #7741, #476, #5552, #9536, #8577, #6284, #7891, #2752, #5737, #5835, #3629, #2150, #2197, #6367, #555, #4260, #8801, #3560 ) ),
 .UNSPECIFIED., .F., .F., .F.,
 ( 2, 2 ),
 ( 4, 2, 2, 2, 2, 2, 2, 2, 2, 2, 2, 2, 2, 2, 2, 2, 2, 2, 2, 2, 2, 2, 4 ),
 ( 0.000000000000000000, 1.000000000000000000 ),
 ( 0.000000000000000000, 0.001396806817213746112, 0.002793613634427492224, 0.004190420451641238553, 0.004888823860248111067, 0.005587227268854984448, 0.006984034086068730343, 0.008380840903282477106, 0.009079244311889349620, 0.009777647720496222133, 0.01047605112910309638, 0.01117445453770996890, 0.01257126135492371566, 0.01326966476353058817, 0.01396806817213746069, 0.01466647158074433493, 0.01536487498935120745, 0.01676168180656495421, 0.01815848862377869924, 0.01885689203238557349, 0.01955529544099244427, 0.02095210225820619276, 0.02234890907541993779 ),
 .UNSPECIFIED. ) ;
#3202 = AXIS2_PLACEMENT_3D ( 'NONE', #5765, #2078, #410 ) ;
#3203 = CARTESIAN_POINT ( 'NONE',  ( -83.57278351660031035, 68.98899079782948718, 77.81046285602390356 ) ) ;
#3204 = CARTESIAN_POINT ( 'NONE',  ( -84.44800201351787905, 128.9878512089310050, 97.92353579163642507 ) ) ;
#3205 = DIRECTION ( 'NONE',  ( -1.000000000000000000, -0.000000000000000000, 0.000000000000000000 ) ) ;
#3206 = B_SPLINE_CURVE_WITH_KNOTS ( 'NONE', 3,
 ( #6386, #8674, #8078, #3046 ),
 .UNSPECIFIED., .F., .F.,
 ( 4, 4 ),
 ( 0.000000000000000000, 1.000000000000000000 ),
 .UNSPECIFIED. ) ;
#3207 = CARTESIAN_POINT ( 'NONE',  ( -90.78852960328464405, 86.78156815438114791, 61.25779513156512479 ) ) ;
#3208 = CARTESIAN_POINT ( 'NONE',  ( -74.78852960328464405, 72.82366544032807099, 151.2641573254094567 ) ) ;
#3209 = CARTESIAN_POINT ( 'NONE',  ( -74.78852960328464405, 65.54376246396178374, 133.7441107190317666 ) ) ;
#3210 = CARTESIAN_POINT ( 'NONE',  ( -90.57857950165542604, 118.2679371760592062, 120.6013338446885257 ) ) ;
#3211 = ORIENTED_EDGE ( 'NONE', *, *, #2941, .T. ) ;
#3212 = CARTESIAN_POINT ( 'NONE',  ( -70.96577456740040191, 114.4337693995118030, 96.83181099413569370 ) ) ;
#3213 = CARTESIAN_POINT ( 'NONE',  ( -92.78852960328464405, 141.9419079817567138, 76.60574073170529630 ) ) ;
#3214 = ADVANCED_FACE ( 'NONE', ( #1260, #5599 ), #8767, .F. ) ;
#3215 = CARTESIAN_POINT ( 'NONE',  ( -126.7885296032846583, 86.94190798175786483, 110.5057407317052736 ) ) ;
#3216 = CARTESIAN_POINT ( 'NONE',  ( -83.50329052515658645, 142.7378525187852745, 72.10632807025507418 ) ) ;
#3217 = CARTESIAN_POINT ( 'NONE',  ( -89.74045199573983211, 113.5566614264319441, 114.9993958595770778 ) ) ;
#3218 = CARTESIAN_POINT ( 'NONE',  ( -84.53417521404580270, 137.4350723122097406, 128.6286802327794305 ) ) ;
#3219 = LINE ( 'NONE', #6198, #2187 ) ;
#3220 = CARTESIAN_POINT ( 'NONE',  ( -70.78852960328462984, 76.17700562666578890, 66.42289414498492306 ) ) ;
#3221 = CARTESIAN_POINT ( 'NONE',  ( -90.57539300482258682, 154.1841356064230411, 106.1886110424521661 ) ) ;
#3222 = CARTESIAN_POINT ( 'NONE',  ( -72.28852960328462984, 113.3386607112490623, 133.6957500236173360 ) ) ;
#3223 = CARTESIAN_POINT ( 'NONE',  ( -84.75888353923006946, 126.9220399339734087, 127.6594526322942755 ) ) ;
#3224 = CARTESIAN_POINT ( 'NONE',  ( -80.98829414421237516, 151.6586802554030839, 155.9887145288563204 ) ) ;
#3225 = ORIENTED_EDGE ( 'NONE', *, *, #2688, .F. ) ;
#3226 = CARTESIAN_POINT ( 'NONE',  ( -90.84132054829018443, 147.8939197522231552, 111.2229777568235818 ) ) ;
#3227 = ORIENTED_EDGE ( 'NONE', *, *, #5823, .T. ) ;
#3228 = DIRECTION ( 'NONE',  ( 1.000000000000000000, 0.000000000000000000, 0.000000000000000000 ) ) ;
#3229 = EDGE_CURVE ( 'NONE', #5025, #6822, #3029, .T. ) ;
#3230 = CARTESIAN_POINT ( 'NONE',  ( -81.75575150671635072, 151.0244635086961011, 159.6095416874115926 ) ) ;
#3231 = EDGE_CURVE ( 'NONE', #663, #8466, #3206, .T. ) ;
#3232 = ADVANCED_FACE ( 'NONE', ( #8724 ), #9682, .F. ) ;
#3233 = EDGE_LOOP ( 'NONE', ( #6034, #6129, #516, #970 ) ) ;
#3234 = CARTESIAN_POINT ( 'NONE',  ( -85.58608699471770365, 123.1581298715422434, 103.7770843352170118 ) ) ;
#3235 = CARTESIAN_POINT ( 'NONE',  ( -90.31315848653973433, 147.3419036102226300, 102.9277787029502917 ) ) ;
#3236 = FACE_OUTER_BOUND ( 'NONE', #5016, .T. ) ;
#3237 = CARTESIAN_POINT ( 'NONE',  ( -70.78852960328462984, 153.6113157505492666, 109.0534606163556646 ) ) ;
#3238 = CARTESIAN_POINT ( 'NONE',  ( -68.78980976813971893, 49.26843823726104432, 113.5058759053164863 ) ) ;
#3239 = ORIENTED_EDGE ( 'NONE', *, *, #4565, .F. ) ;
#3240 = CARTESIAN_POINT ( 'NONE',  ( -69.74836691017675605, 62.70123240643188467, 121.8350500055676662 ) ) ;
#3241 = CARTESIAN_POINT ( 'NONE',  ( -72.28852960328462984, 113.5902588809344707, 134.0722932942445311 ) ) ;
#3242 = CARTESIAN_POINT ( 'NONE',  ( -85.01500626914346981, 140.7006467712664630, 126.4529067643607760 ) ) ;
#3243 = CARTESIAN_POINT ( 'NONE',  ( -79.75489527114342536, 76.91158128318220122, 65.69392152950862851 ) ) ;
#3244 = DIRECTION ( 'NONE',  ( 0.000000000000000000, 0.000000000000000000, -1.000000000000000000 ) ) ;
#3245 = CARTESIAN_POINT ( 'NONE',  ( -90.20435167111888575, 146.9759934569195536, 101.7801810934949884 ) ) ;
#3246 = ORIENTED_EDGE ( 'NONE', *, *, #8702, .T. ) ;
#3247 = CARTESIAN_POINT ( 'NONE',  ( -84.47981486157695485, 137.4863013956261568, 98.05355818985860594 ) ) ;
#3248 = CARTESIAN_POINT ( 'NONE',  ( -70.97586510934166881, 114.7128516084736702, 96.59013642490523921 ) ) ;
#3249 = VERTEX_POINT ( 'NONE', #2104 ) ;
#3250 = ORIENTED_EDGE ( 'NONE', *, *, #1827, .F. ) ;
#3251 = CARTESIAN_POINT ( 'NONE',  ( -81.89607519042159822, 104.4471183989478220, 91.96147921292704552 ) ) ;
#3252 = FACE_OUTER_BOUND ( 'NONE', #2206, .T. ) ;
#3253 = CARTESIAN_POINT ( 'NONE',  ( -84.50926297425209555, 128.3864840521887913, 98.17392153586504833 ) ) ;
#3254 = DIRECTION ( 'NONE',  ( 0.000000000000000000, -1.000000000000000000, 1.790682297782512114E-15 ) ) ;
#3255 = DIRECTION ( 'NONE',  ( 1.000000000000000000, -0.000000000000000000, -0.000000000000000000 ) ) ;
#3256 = CARTESIAN_POINT ( 'NONE',  ( -73.28852960328462984, 107.3119079817578267, 112.5054217592787325 ) ) ;
#3257 = ORIENTED_EDGE ( 'NONE', *, *, #5372, .T. ) ;
#3258 = CARTESIAN_POINT ( 'NONE',  ( -70.79081213193764199, 115.1470855524151489, 97.37209227708356707 ) ) ;
#3259 = APPLICATION_PROTOCOL_DEFINITION ( 'draft international standard', 'automotive_design', 1998, #7875 ) ;
#3260 = DIRECTION ( 'NONE',  ( 1.000000000000000000, 0.000000000000000000, 0.000000000000000000 ) ) ;
#3261 = ORIENTED_EDGE ( 'NONE', *, *, #9151, .T. ) ;
#3262 = CARTESIAN_POINT ( 'NONE',  ( -82.17865692739306382, 152.2880120871720635, 153.0265017892824062 ) ) ;
#3263 = DIRECTION ( 'NONE',  ( -1.000000000000000000, -0.000000000000000000, -0.000000000000000000 ) ) ;
#3264 = CARTESIAN_POINT ( 'NONE',  ( -79.47431099271418020, 127.0014582100756400, 165.1115603603576290 ) ) ;
#3265 = FACE_OUTER_BOUND ( 'NONE', #2955, .T. ) ;
#3266 = CARTESIAN_POINT ( 'NONE',  ( -80.57857873510231173, 147.2153319571185364, 162.5150550712671702 ) ) ;
#3267 = CARTESIAN_POINT ( 'NONE',  ( -88.90079750774678757, 42.37259721167207260, 113.5058316947255861 ) ) ;
#3268 = ORIENTED_EDGE ( 'NONE', *, *, #6078, .F. ) ;
#3269 = DIRECTION ( 'NONE',  ( 0.000000000000000000, -0.7071121459117334362, -0.7071014164206600450 ) ) ;
#3270 = CARTESIAN_POINT ( 'NONE',  ( -70.79073215828417176, 115.1490124936193098, 132.3503113768152559 ) ) ;
#3271 = ORIENTED_EDGE ( 'NONE', *, *, #5093, .F. ) ;
#3272 = DIRECTION ( 'NONE',  ( 0.000000000000000000, -1.000000000000000000, -0.000000000000000000 ) ) ;
#3273 = ORIENTED_EDGE ( 'NONE', *, *, #8234, .F. ) ;
#3274 = CARTESIAN_POINT ( 'NONE',  ( -78.78852960328464405, 141.0777968074843045, 63.93839838559994604 ) ) ;
#3275 = EDGE_CURVE ( 'NONE', #3169, #2807, #6116, .T. ) ;
#3276 = B_SPLINE_SURFACE_WITH_KNOTS ( 'NONE', 3, 3, ( 
 ( #5616, #8645, #4892, #5760, #5906, #8143, #2025, #5948, #5201, #5011 ),
 ( #4446, #8246, #4300, #2815, #9733, #5111, #2867, #5155, #6592, #2123 ),
 ( #690, #3597, #6501, #9554, #5070, #9641, #5859, #2167, #493, #7334 ),
 ( #4498, #8886, #6543, #8939, #5801, #2771, #9695, #8784, #3499, #1475 ),
 ( #8192, #1426, #2966, #582, #2922, #3542, #8045, #6686, #1276, #8988 ),
 ( #7380, #2222, #1370, #4346, #4393, #7442, #7291, #538, #9593, #8840 ),
 ( #2070, #3702, #8090, #637, #1320, #3650, #6646, #1680, #3742, #7495 ),
 ( #72, #3892, #8292, #3949, #8441, #6945, #6194, #1518, #4635, #1569 ),
 ( #6736, #8486, #8336, #4532, #4586, #4681, #6144, #3008, #5254, #7701 ),
 ( #6885, #7597, #7540, #9125, #826, #8391, #775, #731, #6001, #3786 ),
 ( #178, #2266, #3838, #2314, #5349, #7648, #5300, #9187, #5406, #9789 ),
 ( #9033, #6780, #917, #2432, #9240, #6834, #2374, #3212, #24, #2484 ),
 ( #3057, #5450, #1624, #3104, #129, #6092, #3156, #1724, #9074, #6042 ),
 ( #878, #7186, #3996, #5695, #7800, #6291, #1869, #1021, #432, #2525 ),
 ( #1117, #5645, #1064, #1173, #340, #4087, #8633, #4730, #7947, #3353 ),
 ( #233, #392, #2621, #6242, #3435, #9492, #9285, #6341, #8676, #8726 ),
 ( #4878, #278, #4041, #7147, #7898, #7091, #7747, #4145, #9394, #1918 ),
 ( #4921, #2717, #9342, #6432, #4189, #5601, #3400, #6994, #6388, #3258 ),
 ( #4784, #9438, #7043, #2670, #1779, #971, #5499, #8535, #3300, #4831 ),
 ( #2574, #5561, #8585, #1823, #7845, #8871, #2106, #527, #4998, #9684 ) ),
 .UNSPECIFIED., .F., .F., .F.,
 ( 4, 2, 2, 2, 2, 2, 2, 2, 2, 4 ),
 ( 4, 2, 2, 2, 4 ),
 ( 0.000000000000000000, 0.1250000000000000000, 0.2500000000000000000, 0.3750000000000000000, 0.5000000000000000000, 0.6250000000000000000, 0.7500000000000000000, 0.8750000000000000000, 0.9375000000000000000, 1.000000000000000000 ),
 ( 0.000000000000000000, 0.2500000000000000000, 0.5000000000000000000, 0.7500000000000000000, 1.000000000000000000 ),
 .UNSPECIFIED. ) ;
#3277 = CARTESIAN_POINT ( 'NONE',  ( -89.91662931431245909, 145.7421980995505066, 99.18197810224056354 ) ) ;
#3278 = CARTESIAN_POINT ( 'NONE',  ( -76.78852960328464405, 87.24833455364762358, 162.7379999083178745 ) ) ;
#3279 = CARTESIAN_POINT ( 'NONE',  ( -79.20540030354823102, 144.2762908695676174, 61.29094854814078275 ) ) ;
#3280 = DIRECTION ( 'NONE',  ( -1.000000000000000000, 0.000000000000000000, 0.000000000000000000 ) ) ;
#3281 = CARTESIAN_POINT ( 'NONE',  ( -70.78852960328462984, 152.3880344793648192, 132.2760348279420839 ) ) ;
#3282 = VERTEX_POINT ( 'NONE', #6821 ) ;
#3283 = DIRECTION ( 'NONE',  ( 1.000000000000000000, -0.000000000000000000, -0.000000000000000000 ) ) ;
#3284 = CARTESIAN_POINT ( 'NONE',  ( -76.49973621997227724, 81.51777008595209395, 168.0265686798126694 ) ) ;
#3285 = CIRCLE ( 'NONE', #8792, 6.999999999999992006 ) ;
#3286 = VERTEX_POINT ( 'NONE', #60 ) ;
#3287 = DIRECTION ( 'NONE',  ( 0.000000000000000000, -0.7071121459116519459, -0.7071014164207413133 ) ) ;
#3288 = ORIENTED_EDGE ( 'NONE', *, *, #2968, .T. ) ;
#3289 = CARTESIAN_POINT ( 'NONE',  ( -85.28079603140572829, 142.0355006782598082, 101.8613711986454575 ) ) ;
#3290 = AXIS2_PLACEMENT_3D ( 'NONE', #1226, #7855, #1970 ) ;
#3291 = ORIENTED_EDGE ( 'NONE', *, *, #7608, .F. ) ;
#3292 = EDGE_LOOP ( 'NONE', ( #12, #8013, #3445, #1749 ) ) ;
#3293 = FACE_OUTER_BOUND ( 'NONE', #391, .T. ) ;
#3294 = CARTESIAN_POINT ( 'NONE',  ( -86.58040755703389380, 63.40299216753446387, 90.22690872012627494 ) ) ;
#3295 = VECTOR ( 'NONE', #1351, 1000.000000000000114 ) ;
#3296 = DIRECTION ( 'NONE',  ( 0.000000000000000000, 0.8435723532114173251, -0.5370155350614651546 ) ) ;
#3297 = CARTESIAN_POINT ( 'NONE',  ( -70.78852960328462984, 111.8688076255531314, 384.5904987380682769 ) ) ;
#3298 = CARTESIAN_POINT ( 'NONE',  ( -79.74299748121795517, 76.18616750755504086, 66.41150790232933332 ) ) ;
#3299 = EDGE_LOOP ( 'NONE', ( #6371, #9673, #4674 ) ) ;
#3300 = CARTESIAN_POINT ( 'NONE',  ( -70.78852960328462984, 115.2029642768866893, 97.40510197504063683 ) ) ;
#3301 = CIRCLE ( 'NONE', #3765, 4.999999999999990230 ) ;
#3302 = CARTESIAN_POINT ( 'NONE',  ( -82.03303266144057204, 76.91532498892708247, 158.8908859655458912 ) ) ;
#3303 = CARTESIAN_POINT ( 'NONE',  ( -89.04678353912518673, 128.1621855942150034, 133.7479752263697890 ) ) ;
#3304 = CARTESIAN_POINT ( 'NONE',  ( -83.73543553757323821, 143.9529112520647232, 72.77104228255083740 ) ) ;
#3305 = CARTESIAN_POINT ( 'NONE',  ( -84.46795091623918950, 129.4679353782635758, 128.9012877121882354 ) ) ;
#3306 = ORIENTED_EDGE ( 'NONE', *, *, #3563, .F. ) ;
#3307 = VECTOR ( 'NONE', #2739, 1000.000000000000000 ) ;
#3308 = CARTESIAN_POINT ( 'NONE',  ( -88.37431604091155180, 107.6293568147877409, 101.5041018525514289 ) ) ;
#3309 = ORIENTED_EDGE ( 'NONE', *, *, #2201, .T. ) ;
#3310 = DIRECTION ( 'NONE',  ( 1.000000000000000000, 0.000000000000000000, 0.000000000000000000 ) ) ;
#3311 = CARTESIAN_POINT ( 'NONE',  ( -83.38852960328463837, 125.3309159640421626, 100.5804998236556855 ) ) ;
#3312 = CARTESIAN_POINT ( 'NONE',  ( -70.78852960328462984, 87.24796103312279172, 64.27334972175202665 ) ) ;
#3313 = EDGE_LOOP ( 'NONE', ( #423, #9205, #3820, #1447 ) ) ;
#3314 = CARTESIAN_POINT ( 'NONE',  ( -88.78852960328462984, 110.5435703771608615, 101.9183154149245070 ) ) ;
#3315 = DIRECTION ( 'NONE',  ( 0.000000000000000000, 0.000000000000000000, 1.000000000000000000 ) ) ;
#3316 = EDGE_LOOP ( 'NONE', ( #3271, #2064, #9253, #5253 ) ) ;
#3317 = CARTESIAN_POINT ( 'NONE',  ( -70.78852960328462984, 74.58753932932562236, 74.44013709526626599 ) ) ;
#3318 = AXIS2_PLACEMENT_3D ( 'NONE', #3059, #8059, #8006 ) ;
#3319 = CARTESIAN_POINT ( 'NONE',  ( -85.29700935918199889, 141.9348006813576433, 124.9523546885710488 ) ) ;
#3320 = ORIENTED_EDGE ( 'NONE', *, *, #5605, .T. ) ;
#3321 = CARTESIAN_POINT ( 'NONE',  ( -85.97090709588684376, 143.6309159640421456, 107.2804998236556884 ) ) ;
#3322 = CARTESIAN_POINT ( 'NONE',  ( -71.35597548749287000, 113.8601651661248297, 96.55042405028088126 ) ) ;
#3323 = AXIS2_PLACEMENT_3D ( 'NONE', #5981, #6626, #8120 ) ;
#3324 = LINE ( 'NONE', #1091, #4106 ) ;
#3325 = CARTESIAN_POINT ( 'NONE',  ( -78.78852960328465826, 62.27686278376690865, 114.2097600353195048 ) ) ;
#3326 = CARTESIAN_POINT ( 'NONE',  ( -88.88368973949833673, 105.3888612123170674, 113.5730417218303359 ) ) ;
#3327 = ORIENTED_EDGE ( 'NONE', *, *, #7823, .F. ) ;
#3328 = CARTESIAN_POINT ( 'NONE',  ( -72.06701408601571757, 113.4050410432824378, 133.6491424256568052 ) ) ;
#3329 = CARTESIAN_POINT ( 'NONE',  ( -80.00589230830209431, 97.07543392098769175, 63.14013552227640247 ) ) ;
#3330 = EDGE_CURVE ( 'NONE', #3199, #3426, #9274, .T. ) ;
#3331 = CARTESIAN_POINT ( 'NONE',  ( -78.76024448368654873, 148.6963837965478206, 163.0932229873625943 ) ) ;
#3332 = ADVANCED_FACE ( 'NONE', ( #3093 ), #1612, .T. ) ;
#3333 = VECTOR ( 'NONE', #1169, 1000.000000000000000 ) ;
#3334 = VERTEX_POINT ( 'NONE', #5438 ) ;
#3335 = VECTOR ( 'NONE', #5078, 1000.000000000000000 ) ;
#3336 = CARTESIAN_POINT ( 'NONE',  ( -87.43213407330772213, 105.3119079817578267, 131.6601370077311515 ) ) ;
#3337 = TOROIDAL_SURFACE ( 'NONE', #3969, 2.999999999999994671, 1.000000000000000000 ) ;
#3338 = EDGE_LOOP ( 'NONE', ( #3421, #9592, #3596, #358 ) ) ;
#3339 = ORIENTED_EDGE ( 'NONE', *, *, #6563, .F. ) ;
#3340 = CARTESIAN_POINT ( 'NONE',  ( -77.75242858961432546, 142.6854914200194173, 166.0319229366151035 ) ) ;
#3341 = CARTESIAN_POINT ( 'NONE',  ( -90.48192439354664884, 114.2172392756909005, 113.6656415828559261 ) ) ;
#3342 = EDGE_CURVE ( 'NONE', #7113, #1966, #1248, .T. ) ;
#3343 = DIRECTION ( 'NONE',  ( -0.02938178686068737208, -0.9972129163334152446, -0.06857922497869457790 ) ) ;
#3344 = ADVANCED_FACE ( 'NONE', ( #5591 ), #421, .F. ) ;
#3345 = VECTOR ( 'NONE', #6760, 1000.000000000000000 ) ;
#3346 = AXIS2_PLACEMENT_3D ( 'NONE', #1523, #4541, #1575 ) ;
#3347 = CARTESIAN_POINT ( 'NONE',  ( -83.34599471335097576, 104.8390270046714789, 104.6813488545162869 ) ) ;
#3348 =( BOUNDED_CURVE ( )  B_SPLINE_CURVE ( 3, ( #1458, #2199, #4478, #8313 ),
 .UNSPECIFIED., .F., .T. ) 
 B_SPLINE_CURVE_WITH_KNOTS ( ( 4, 4 ),
 ( 0.000000000000000000, 1.570796326794896558 ),
 .UNSPECIFIED. ) 
 CURVE ( )  GEOMETRIC_REPRESENTATION_ITEM ( )  RATIONAL_B_SPLINE_CURVE ( ( 1.000000000000000000, 0.8047378541243649375, 0.8047378541243649375, 1.000000000000000000 ) ) 
 REPRESENTATION_ITEM ( '' )  );
#3349 = CARTESIAN_POINT ( 'NONE',  ( -89.26094116422612501, 140.7816216093823130, 132.4630047466614542 ) ) ;
#3350 = CARTESIAN_POINT ( 'NONE',  ( -70.78852960380329762, 152.3735622681172686, 132.4233064191654421 ) ) ;
#3351 = CARTESIAN_POINT ( 'NONE',  ( -84.17282807370634146, 139.0903398199898504, 74.05414318177095367 ) ) ;
#3352 = VERTEX_POINT ( 'NONE', #5634 ) ;
#3353 = CARTESIAN_POINT ( 'NONE',  ( -70.83369240398027955, 114.8205435844179902, 97.16358819211616549 ) ) ;
#3354 = CARTESIAN_POINT ( 'NONE',  ( -89.46791847467594039, 123.1057764147297888, 95.87668369444287464 ) ) ;
#3355 = AXIS2_PLACEMENT_3D ( 'NONE', #433, #1217, #2958 ) ;
#3356 = CARTESIAN_POINT ( 'NONE',  ( -72.28852960328462984, 112.8119080014294724, 135.0054217592787609 ) ) ;
#3357 = CARTESIAN_POINT ( 'NONE',  ( -82.58660945030275968, 75.92686562252387716, 157.4322463295878549 ) ) ;
#3358 = PRODUCT ( 'BackPiece', 'BackPiece', '', ( #179 ) ) ;
#3359 = ORIENTED_EDGE ( 'NONE', *, *, #4791, .F. ) ;
#3360 = CARTESIAN_POINT ( 'NONE',  ( -81.24234087464658671, 148.4976256928213161, 160.8957517769835306 ) ) ;
#3361 = CARTESIAN_POINT ( 'NONE',  ( -90.78931904385436269, 154.3108081360518327, 111.7155241581311316 ) ) ;
#3362 = CARTESIAN_POINT ( 'NONE',  ( -4.786529603284628287, 69.28116841326392716, 77.27902731469615105 ) ) ;
#3363 = CARTESIAN_POINT ( 'NONE',  ( -94.87364774114004717, 132.5309159640421228, 119.3804998236556827 ) ) ;
#3364 = CARTESIAN_POINT ( 'NONE',  ( -80.07338454176846199, 151.2113745247906706, 67.98897961649973354 ) ) ;
#3365 = ORIENTED_EDGE ( 'NONE', *, *, #6342, .F. ) ;
#3366 = CARTESIAN_POINT ( 'NONE',  ( -71.62334471597240793, 69.28116843250870716, 77.27902736722660393 ) ) ;
#3367 = EDGE_CURVE ( 'NONE', #2965, #5773, #1664, .T. ) ;
#3368 = VERTEX_POINT ( 'NONE', #1157 ) ;
#3369 = CARTESIAN_POINT ( 'NONE',  ( -85.42530536864104818, 142.3453650629039373, 149.0262455454857786 ) ) ;
#3370 = CARTESIAN_POINT ( 'NONE',  ( -81.44169874832930134, 77.97086010435040748, 66.61301156044477523 ) ) ;
#3371 = CARTESIAN_POINT ( 'NONE',  ( -85.91620586176107111, 122.5472810749374304, 106.6219618181222728 ) ) ;
#3372 = CARTESIAN_POINT ( 'NONE',  ( -84.87226257708448429, 140.2301385680420935, 99.76538781495403896 ) ) ;
#3373 = CARTESIAN_POINT ( 'NONE',  ( -71.22518558806312683, 114.4604433169144073, 133.5234350248114481 ) ) ;
#3374 = CARTESIAN_POINT ( 'NONE',  ( -81.14449859627249850, 151.6583458427472522, 71.02209119163040896 ) ) ;
#3375 = CARTESIAN_POINT ( 'NONE',  ( -85.97090709588684376, 143.6309159640421456, 107.2804998236556884 ) ) ;
#3376 = CARTESIAN_POINT ( 'NONE',  ( -78.37741671862556814, 106.9824230293690448, 164.5904987380681916 ) ) ;
#3377 = VERTEX_POINT ( 'NONE', #6470 ) ;
#3378 = CARTESIAN_POINT ( 'NONE',  ( -72.28852960328462984, 153.6120697368758101, 113.8203502584696878 ) ) ;
#3379 = CARTESIAN_POINT ( 'NONE',  ( -71.55930647615154783, 113.7420218251815385, 133.5825466773936512 ) ) ;
#3380 =( NAMED_UNIT ( * ) SI_UNIT ( $, .STERADIAN. ) SOLID_ANGLE_UNIT ( ) );
#3381 = DIRECTION ( 'NONE',  ( 0.000000000000000000, -0.8898140419807341051, 0.4563233181571025310 ) ) ;
#3382 = EDGE_CURVE ( 'NONE', #7058, #6408, #8976, .T. ) ;
#3383 = VERTEX_POINT ( 'NONE', #9480 ) ;
#3384 = CARTESIAN_POINT ( 'NONE',  ( -90.34662277463618807, 114.0538132465970023, 113.9948162538936174 ) ) ;
#3385 = CARTESIAN_POINT ( 'NONE',  ( -84.78852960328464405, 104.4468056478177402, 105.0493643056304194 ) ) ;
#3386 = VERTEX_POINT ( 'NONE', #7354 ) ;
#3387 = EDGE_CURVE ( 'NONE', #1140, #5548, #5133, .T. ) ;
#3388 = VERTEX_POINT ( 'NONE', #3720 ) ;
#3389 = CARTESIAN_POINT ( 'NONE',  ( -88.82773493598772063, 62.79381105158056897, 91.98602218698195543 ) ) ;
#3390 = B_SPLINE_CURVE_WITH_KNOTS ( 'NONE', 3,
 ( #7674, #152, #1598, #9215, #7724, #3864, #4613, #7624, #994, #3920, #99, #854, #3126, #6914, #8506, #1746, #7774, #539, #8046, #3325, #1321, #4347, #1040, #5860, #9417, #6593, #8091, #2071, #3543, #2816, #2026, #5802, #6360, #9314, #6544 ),
 .UNSPECIFIED., .F., .F.,
 ( 4, 1, 1, 1, 1, 1, 1, 1, 1, 2, 2, 1, 1, 1, 2, 2, 1, 1, 1, 1, 1, 1, 1, 1, 2, 2, 4 ),
 ( 0.000000000000000000, 0.1249999999999801825, 0.1874999999999706624, 0.2187499999999662770, 0.2343749999999646116, 0.2421874999999642231, 0.2460937499999635569, 0.2480468749999628075, 0.2490234374999629741, 0.2495117187499629463, 0.2499999999999629186, 0.3749999999999688582, 0.4374999999999718003, 0.4687499999999730771, 0.4843749999999739653, 0.4999999999999747979, 0.6249999999999779066, 0.6874999999999794609, 0.7187499999999803491, 0.7343749999999806821, 0.7421874999999809042, 0.7460937499999810152, 0.7480468749999807931, 0.7490234374999807931, 0.7495117187499807931, 0.7499999999999806821, 1.000000000000000000 ),
 .UNSPECIFIED. ) ;
#3391 = DIRECTION ( 'NONE',  ( 0.000000000000000000, 0.000000000000000000, -1.000000000000000000 ) ) ;
#3392 = CARTESIAN_POINT ( 'NONE',  ( -84.78852960328464405, 106.8293568147877721, 102.8454217592787501 ) ) ;
#3393 = CARTESIAN_POINT ( 'NONE',  ( -81.29563621957922237, 151.7503269741745271, 71.44406105142141428 ) ) ;
#3394 = CARTESIAN_POINT ( 'NONE',  ( -84.37343454144016164, 129.9224721210428299, 97.62529148086493080 ) ) ;
#3395 = CARTESIAN_POINT ( 'NONE',  ( -89.08840369019310401, 138.6837084120708141, 133.5053966110043575 ) ) ;
#3396 = DIRECTION ( 'NONE',  ( 0.000000000000000000, 0.000000000000000000, -1.000000000000000000 ) ) ;
#3397 = ADVANCED_FACE ( 'NONE', ( #5229 ), #4321, .F. ) ;
#3398 = CARTESIAN_POINT ( 'NONE',  ( -83.52432874521682038, 140.9524332029911307, 154.8448427153662976 ) ) ;
#3399 = VERTEX_POINT ( 'NONE', #798 ) ;
#3400 = CARTESIAN_POINT ( 'NONE',  ( -70.79059220439063438, 115.1569808620240991, 97.35607342131102371 ) ) ;
#3401 = CARTESIAN_POINT ( 'NONE',  ( -89.37443122233985093, 123.8218821912186058, 95.26355406880853138 ) ) ;
#3402 = LINE ( 'NONE', #2673, #1912 ) ;
#3403 = CARTESIAN_POINT ( 'NONE',  ( -71.81490997758743333, 70.04628831508316011, 76.98683821763992796 ) ) ;
#3404 = CARTESIAN_POINT ( 'NONE',  ( -70.79988127500413952, 115.0376181362571799, 132.4160722639038283 ) ) ;
#3405 = DIRECTION ( 'NONE',  ( 0.000000000000000000, -0.000000000000000000, 1.000000000000000000 ) ) ;
#3406 = CARTESIAN_POINT ( 'NONE',  ( -84.47466746227316037, 128.7262500554219287, 98.03252904888469743 ) ) ;
#3407 = DIRECTION ( 'NONE',  ( 1.000000000000000000, -0.000000000000000000, -0.000000000000000000 ) ) ;
#3408 = ORIENTED_EDGE ( 'NONE', *, *, #9230, .F. ) ;
#3409 = CARTESIAN_POINT ( 'NONE',  ( -94.87364774114004717, 132.5309159640421228, 129.3804998236556685 ) ) ;
#3410 = CARTESIAN_POINT ( 'NONE',  ( -88.74957533906970752, 104.4066714293507800, 133.6671721034689995 ) ) ;
#3411 = CARTESIAN_POINT ( 'NONE',  ( -85.66115252541389680, 151.2709778988858318, 148.2812641878910824 ) ) ;
#3412 = CARTESIAN_POINT ( 'NONE',  ( -78.77412148560321725, 148.7294257510154694, 63.95107861456691722 ) ) ;
#3413 = ORIENTED_EDGE ( 'NONE', *, *, #3441, .F. ) ;
#3414 = CARTESIAN_POINT ( 'NONE',  ( -80.19810813293298679, 148.3607386674516135, 163.4288732094971408 ) ) ;
#3415 = ORIENTED_EDGE ( 'NONE', *, *, #6630, .T. ) ;
#3416 = LINE ( 'NONE', #4114, #8200 ) ;
#3417 = DIRECTION ( 'NONE',  ( -0.000000000000000000, 0.7071014164207413133, -0.7071121459116519459 ) ) ;
#3418 = EDGE_CURVE ( 'NONE', #8070, #8664, #1566, .T. ) ;
#3419 = CARTESIAN_POINT ( 'NONE',  ( -70.89688300409453348, 114.8422979912615602, 132.9254025372405579 ) ) ;
#3420 = DIRECTION ( 'NONE',  ( 0.000000000000000000, 0.000000000000000000, 1.000000000000000000 ) ) ;
#3421 = ORIENTED_EDGE ( 'NONE', *, *, #6814, .F. ) ;
#3422 = CARTESIAN_POINT ( 'NONE',  ( -71.34913184519540152, 114.3675861382138237, 133.6688572252285212 ) ) ;
#3423 = ORIENTED_EDGE ( 'NONE', *, *, #5370, .F. ) ;
#3424 = CARTESIAN_POINT ( 'NONE',  ( -71.28852960328462984, 114.4065520826906663, 134.2125299789917392 ) ) ;
#3425 = EDGE_LOOP ( 'NONE', ( #2699, #6571, #4188, #2764, #2318, #4315 ) ) ;
#3426 = VERTEX_POINT ( 'NONE', #9153 ) ;
#3427 = CARTESIAN_POINT ( 'NONE',  ( -79.85822003957410686, 76.42195720279333671, 160.8955885340401721 ) ) ;
#3428 = DIRECTION ( 'NONE',  ( -0.000000000000000000, -1.000000000000000000, -0.000000000000000000 ) ) ;
#3429 = CARTESIAN_POINT ( 'NONE',  ( -78.41501825023497929, 82.48544387388946575, 64.50921630587379241 ) ) ;
#3430 = CARTESIAN_POINT ( 'NONE',  ( -81.40830477752382421, 151.8188961963945189, 71.76070035742529285 ) ) ;
#3431 = CIRCLE ( 'NONE', #1864, 2.000000000000001776 ) ;
#3432 = CARTESIAN_POINT ( 'NONE',  ( -89.15091640280763841, 139.5413881962552409, 133.1342906336131477 ) ) ;
#3433 = CARTESIAN_POINT ( 'NONE',  ( -80.62085105410072572, 147.3152121886423629, 64.59744460037487102 ) ) ;
#3434 = ORIENTED_EDGE ( 'NONE', *, *, #2159, .T. ) ;
#3435 = CARTESIAN_POINT ( 'NONE',  ( -70.80479674663288847, 115.0326026111914359, 97.20062660184566994 ) ) ;
#3436 = CARTESIAN_POINT ( 'NONE',  ( -72.28852960328462984, 152.1879232852531629, 134.2125265045658296 ) ) ;
#3437 = VECTOR ( 'NONE', #8332, 1000.000000000000000 ) ;
#3438 = CARTESIAN_POINT ( 'NONE',  ( -90.01265150720961117, 62.66185482110976324, 128.0847024316051090 ) ) ;
#3439 = ADVANCED_FACE ( 'NONE', ( #3922 ), #7850, .F. ) ;
#3440 = CARTESIAN_POINT ( 'NONE',  ( -89.01939668570430797, 62.44985344210247291, 133.9509848571105977 ) ) ;
#3441 = EDGE_CURVE ( 'NONE', #4168, #3467, #5652, .T. ) ;
#3442 = CARTESIAN_POINT ( 'NONE',  ( -85.52979972592309821, 123.3163574237506026, 103.3955971811102614 ) ) ;
#3443 = CARTESIAN_POINT ( 'NONE',  ( -89.98006659250954442, 113.7086471493254720, 114.6913791079388716 ) ) ;
#3444 = CARTESIAN_POINT ( 'NONE',  ( -84.99050613221942285, 125.3376489709004460, 100.3318763069590034 ) ) ;
#3445 = ORIENTED_EDGE ( 'NONE', *, *, #3679, .T. ) ;
#3446 = CYLINDRICAL_SURFACE ( 'NONE', #6487, 5.000000000000031974 ) ;
#3447 = CARTESIAN_POINT ( 'NONE',  ( -88.06765932376552541, 152.6983588042723738, 87.94996356756310263 ) ) ;
#3448 = LINE ( 'NONE', #8778, #9476 ) ;
#3449 = CARTESIAN_POINT ( 'NONE',  ( -87.67534768532078715, 105.3448147556751877, 133.6256747218282896 ) ) ;
#3450 = DIRECTION ( 'NONE',  ( 1.000000000000000000, 0.000000000000000000, 0.000000000000000000 ) ) ;
#3451 = CIRCLE ( 'NONE', #1400, 4.999999999999990230 ) ;
#3452 = CARTESIAN_POINT ( 'NONE',  ( -82.48479891543537690, 151.5549050160454669, 69.30213232413240121 ) ) ;
#3453 = ORIENTED_EDGE ( 'NONE', *, *, #3844, .T. ) ;
#3454 = CARTESIAN_POINT ( 'NONE',  ( -70.78852960328462984, 115.2029642768866893, 132.3131652612305231 ) ) ;
#3455 = CARTESIAN_POINT ( 'NONE',  ( -69.88819917681038874, 62.34058627586053092, 110.1611539994994189 ) ) ;
#3456 = CARTESIAN_POINT ( 'NONE',  ( -85.30099905958310558, 141.9500926204958375, 124.9294909049340845 ) ) ;
#3457 = ORIENTED_EDGE ( 'NONE', *, *, #735, .T. ) ;
#3458 = VECTOR ( 'NONE', #8747, 1000.000000000000000 ) ;
#3459 = CARTESIAN_POINT ( 'NONE',  ( -70.78852960328462984, 97.20868902919956156, 61.93180555668922693 ) ) ;
#3460 = CARTESIAN_POINT ( 'NONE',  ( -70.94918578876455229, 114.7551731355630551, 133.0619403460815988 ) ) ;
#3461 = CARTESIAN_POINT ( 'NONE',  ( -78.07431217492678854, 93.95505651205759534, 61.71454120039471292 ) ) ;
#3462 = ORIENTED_EDGE ( 'NONE', *, *, #4162, .F. ) ;
#3463 = CARTESIAN_POINT ( 'NONE',  ( -71.87729064181040428, 113.4732669681802975, 133.4149442032997399 ) ) ;
#3464 = DIRECTION ( 'NONE',  ( 1.000000000000000000, 0.000000000000000000, 0.000000000000000000 ) ) ;
#3465 = VECTOR ( 'NONE', #5739, 1000.000000000000000 ) ;
#3466 = CARTESIAN_POINT ( 'NONE',  ( -88.77811039041550600, 114.9175519076457306, 135.0985179384329058 ) ) ;
#3467 = VERTEX_POINT ( 'NONE', #48 ) ;
#3468 = VERTEX_POINT ( 'NONE', #312 ) ;
#3469 = AXIS2_PLACEMENT_3D ( 'NONE', #6286, #9338, #3396 ) ;
#3470 = CARTESIAN_POINT ( 'NONE',  ( -90.47300746880857503, 113.1225705669534705, 112.5869552640828033 ) ) ;
#3471 = ADVANCED_FACE ( 'NONE', ( #7924 ), #6461, .F. ) ;
#3472 = DIRECTION ( 'NONE',  ( 1.000000000000000000, -0.000000000000000000, -0.000000000000000000 ) ) ;
#3473 = DIRECTION ( 'NONE',  ( -0.7071067811865441310, 0.000000000000000000, 0.7071067811865510144 ) ) ;
#3474 = VECTOR ( 'NONE', #1787, 1000.000000000000000 ) ;
#3475 = VECTOR ( 'NONE', #937, 1000.000000000000000 ) ;
#3476 = CARTESIAN_POINT ( 'NONE',  ( -89.43020046863594530, 142.3392210841371934, 131.3841532946762243 ) ) ;
#3477 = CARTESIAN_POINT ( 'NONE',  ( -84.90545176651744441, 139.2300516556574621, 150.7083479023181383 ) ) ;
#3478 = CARTESIAN_POINT ( 'NONE',  ( -85.11064031825162601, 139.6549387013279215, 76.95727531933769683 ) ) ;
#3479 = VERTEX_POINT ( 'NONE', #9372 ) ;
#3480 = CARTESIAN_POINT ( 'NONE',  ( -88.93371883033091763, 107.3119081030292250, 113.5054217592787182 ) ) ;
#3481 = CARTESIAN_POINT ( 'NONE',  ( -89.20183337896129672, 125.3794124605002764, 94.18465914266516847 ) ) ;
#3482 = CARTESIAN_POINT ( 'NONE',  ( -71.81092532923993588, 70.02983046258792399, 76.99343808706042580 ) ) ;
#3483 = CARTESIAN_POINT ( 'NONE',  ( -70.78852960328462984, 151.7324134854724207, 138.1213361732967257 ) ) ;
#3484 = CARTESIAN_POINT ( 'NONE',  ( -70.83104335670324758, 114.9455992892187339, 132.6959946900536522 ) ) ;
#3485 = CARTESIAN_POINT ( 'NONE',  ( -89.29932905109941998, 105.2438538232709675, 115.3602612187421954 ) ) ;
#3486 = CIRCLE ( 'NONE', #6152, 6.999999999999992006 ) ;
#3487 = CIRCLE ( 'NONE', #4607, 2.000000000000001776 ) ;
#3488 = LINE ( 'NONE', #8831, #2031 ) ;
#3489 = ORIENTED_EDGE ( 'NONE', *, *, #2157, .F. ) ;
#3490 = CARTESIAN_POINT ( 'NONE',  ( -80.78697093501703819, 147.7097110350194100, 162.0139616220198207 ) ) ;
#3491 = CARTESIAN_POINT ( 'NONE',  ( -89.07643290351458631, 153.2962385178861098, 93.35539468004323282 ) ) ;
#3492 = CIRCLE ( 'NONE', #8859, 4.831554383945530162 ) ;
#3493 = CARTESIAN_POINT ( 'NONE',  ( -78.78852960328464405, 78.63191675939015113, 158.8634014860263903 ) ) ;
#3494 = CARTESIAN_POINT ( 'NONE',  ( -87.38733869503934670, 155.4576103740720612, 94.96348582408120365 ) ) ;
#3495 = AXIS2_PLACEMENT_3D ( 'NONE', #2745, #2702, #5772 ) ;
#3496 = CARTESIAN_POINT ( 'NONE',  ( -80.22655224727573398, 148.4274742743338322, 63.64912713788528009 ) ) ;
#3497 = LINE ( 'NONE', #6541, #6437 ) ;
#3498 = ORIENTED_EDGE ( 'NONE', *, *, #3516, .F. ) ;
#3499 = CARTESIAN_POINT ( 'NONE',  ( -71.86656515516932586, 113.4785846440446306, 96.21940232406414850 ) ) ;
#3500 = EDGE_CURVE ( 'NONE', #3426, #6645, #7083, .T. ) ;
#3501 = CARTESIAN_POINT ( 'NONE',  ( -90.18296999263743885, 119.2647386969852761, 101.5676482944914909 ) ) ;
#3502 = CARTESIAN_POINT ( 'NONE',  ( -70.79081213193764199, 115.1867931302951717, 132.3858825370675731 ) ) ;
#3503 = ORIENTED_EDGE ( 'NONE', *, *, #1265, .T. ) ;
#3504 = CIRCLE ( 'NONE', #670, 2.000000000000001776 ) ;
#3505 = CARTESIAN_POINT ( 'NONE',  ( -84.37233015952728010, 135.0233061077680077, 129.2855158501849360 ) ) ;
#3506 = B_SPLINE_CURVE_WITH_KNOTS ( 'NONE', 3,
 ( #8715, #6419, #1856, #9529, #3520, #6521, #6372, #9479, #1204, #9428 ),
 .UNSPECIFIED., .F., .F.,
 ( 4, 2, 2, 2, 4 ),
 ( 0.000000000000000000, 0.2500000000000000000, 0.5000000000000000000, 0.7500000000000000000, 1.000000000000000000 ),
 .UNSPECIFIED. ) ;
#3507 = CARTESIAN_POINT ( 'NONE',  ( -78.09140630642265535, 146.0012568854369874, 61.95725312660386663 ) ) ;
#3508 = CARTESIAN_POINT ( 'NONE',  ( -83.38852960328463837, 120.3309159640421484, 126.0804998236556855 ) ) ;
#3509 = CARTESIAN_POINT ( 'NONE',  ( -71.14700173888175527, 114.5246867984849217, 133.4228177947838105 ) ) ;
#3510 = CARTESIAN_POINT ( 'NONE',  ( -86.69593003848908097, 105.3119079817578267, 133.5054217592787609 ) ) ;
#3511 = EDGE_CURVE ( 'NONE', #4203, #6796, #932, .T. ) ;
#3512 = EDGE_CURVE ( 'NONE', #7988, #116, #2004, .T. ) ;
#3513 = FACE_BOUND ( 'NONE', #1050, .T. ) ;
#3514 = DIRECTION ( 'NONE',  ( 0.000000000000000000, 0.000000000000000000, 1.000000000000000000 ) ) ;
#3515 = ORIENTED_EDGE ( 'NONE', *, *, #6368, .T. ) ;
#3516 = EDGE_CURVE ( 'NONE', #1966, #8717, #5972, .T. ) ;
#3517 = CARTESIAN_POINT ( 'NONE',  ( -72.17641400730687451, 113.8575599088658663, 134.1658629951772639 ) ) ;
#3518 = CARTESIAN_POINT ( 'NONE',  ( -78.77413944211865271, 148.7298017148081897, 163.0598045620218386 ) ) ;
#3519 = PLANE ( 'NONE',  #2976 ) ;
#3520 = CARTESIAN_POINT ( 'NONE',  ( -72.28852960328462984, 113.4606747952381482, 95.77555802772283755 ) ) ;
#3521 = ORIENTED_EDGE ( 'NONE', *, *, #440, .F. ) ;
#3522 = ORIENTED_EDGE ( 'NONE', *, *, #9716, .F. ) ;
#3523 = EDGE_CURVE ( 'NONE', #6846, #88, #2837, .T. ) ;
#3524 = CARTESIAN_POINT ( 'NONE',  ( -79.80130612833194448, 76.35312383254839119, 160.8151068537652577 ) ) ;
#3525 = CARTESIAN_POINT ( 'NONE',  ( -69.35324832747082269, 60.20078287854481403, 102.4578040554776948 ) ) ;
#3526 = CARTESIAN_POINT ( 'NONE',  ( -87.78852960328462984, 110.1293568147877693, 101.5041018525514289 ) ) ;
#3527 = CARTESIAN_POINT ( 'NONE',  ( -88.92672024243495343, 134.5730666872596544, 134.4339609611216133 ) ) ;
#3528 = CARTESIAN_POINT ( 'NONE',  ( -89.39608971351061939, 142.5055446946104496, 95.40569376924229061 ) ) ;
#3529 = DIRECTION ( 'NONE',  ( 1.000000000000000000, -0.000000000000000000, -0.000000000000000000 ) ) ;
#3530 = CARTESIAN_POINT ( 'NONE',  ( -92.78852960328464405, 141.9419079817567138, 73.40574073170529346 ) ) ;
#3531 = ORIENTED_EDGE ( 'NONE', *, *, #4916, .T. ) ;
#3532 = CARTESIAN_POINT ( 'NONE',  ( -76.78852960328464405, 148.6520442482435556, 71.31938675007729955 ) ) ;
#3533 = EDGE_LOOP ( 'NONE', ( #5150, #2265, #7135, #6232 ) ) ;
#3534 = CARTESIAN_POINT ( 'NONE',  ( -94.87364774114004717, 143.6309159640421456, 119.3804998236556827 ) ) ;
#3535 = PLANE ( 'NONE',  #759 ) ;
#3536 = ORIENTED_EDGE ( 'NONE', *, *, #6075, .F. ) ;
#3537 = DIRECTION ( 'NONE',  ( 1.000000000000000000, 0.000000000000000000, -0.000000000000000000 ) ) ;
#3538 = DIRECTION ( 'NONE',  ( 0.000000000000000000, -0.7071121459116501695, -0.7071014164207433117 ) ) ;
#3539 = CARTESIAN_POINT ( 'NONE',  ( -90.06745281361594380, 153.8834231799372390, 126.5631045770608551 ) ) ;
#3540 = FACE_OUTER_BOUND ( 'NONE', #3316, .T. ) ;
#3541 = ORIENTED_EDGE ( 'NONE', *, *, #5074, .T. ) ;
#3542 = CARTESIAN_POINT ( 'NONE',  ( -71.74396250723115998, 113.6652954496336037, 95.96356973243311472 ) ) ;
#3543 = CARTESIAN_POINT ( 'NONE',  ( -78.78852960328464405, 66.73688575357070363, 89.85546228179475747 ) ) ;
#3544 = CARTESIAN_POINT ( 'NONE',  ( -81.13485898310906919, 78.51193701336018194, 161.1619032008436250 ) ) ;
#3545 = CARTESIAN_POINT ( 'NONE',  ( -70.04524299313624169, 62.96876154116401381, 104.1470200664440284 ) ) ;
#3546 = CARTESIAN_POINT ( 'NONE',  ( -90.40411836898937281, 104.4468056478177402, 103.9957575811528159 ) ) ;
#3547 = ORIENTED_EDGE ( 'NONE', *, *, #9151, .F. ) ;
#3548 = CARTESIAN_POINT ( 'NONE',  ( -84.95908532403828417, 144.5658523750186362, 150.5383126148545330 ) ) ;
#3549 = EDGE_CURVE ( 'NONE', #8870, #3368, #1239, .T. ) ;
#3550 = ADVANCED_FACE ( 'NONE', ( #7445 ), #692, .F. ) ;
#3551 = CARTESIAN_POINT ( 'NONE',  ( -84.31178775423990146, 105.7211991275113832, 93.17612066333751386 ) ) ;
#3552 = DIRECTION ( 'NONE',  ( 0.000000000000000000, -0.9999999989727820227, -4.532588562673348580E-05 ) ) ;
#3553 = CARTESIAN_POINT ( 'NONE',  ( -70.93224390712393301, 114.5114545412669713, 96.96625923265278857 ) ) ;
#3554 = CARTESIAN_POINT ( 'NONE',  ( -85.98964452594337615, 143.6309159640421456, 119.3804998236556827 ) ) ;
#3555 = ORIENTED_EDGE ( 'NONE', *, *, #379, .T. ) ;
#3556 = CARTESIAN_POINT ( 'NONE',  ( -76.78852960328464405, 86.94190798175786483, 108.5057407317052878 ) ) ;
#3557 = ORIENTED_EDGE ( 'NONE', *, *, #1919, .T. ) ;
#3558 = FACE_OUTER_BOUND ( 'NONE', #7174, .T. ) ;
#3559 = CARTESIAN_POINT ( 'NONE',  ( -71.14012594408977463, 114.5303555264446231, 133.4139411818767087 ) ) ;
#3560 = CARTESIAN_POINT ( 'NONE',  ( -85.98964452594337615, 122.5309159640421228, 119.3804998236556827 ) ) ;
#3561 = ORIENTED_EDGE ( 'NONE', *, *, #5293, .T. ) ;
#3562 = CARTESIAN_POINT ( 'NONE',  ( -76.78852960328464405, 86.78156815438114791, 71.25779513156508926 ) ) ;
#3563 = EDGE_CURVE ( 'NONE', #8638, #1299, #7393, .T. ) ;
#3564 = EDGE_CURVE ( 'NONE', #1388, #7934, #6888, .T. ) ;
#3565 = EDGE_CURVE ( 'NONE', #4920, #9647, #3348, .T. ) ;
#3566 = EDGE_CURVE ( 'NONE', #3103, #7988, #2209, .T. ) ;
#3567 = CARTESIAN_POINT ( 'NONE',  ( -87.78225048904823780, 155.6980489066407642, 128.9454805238146946 ) ) ;
#3568 = CARTESIAN_POINT ( 'NONE',  ( -87.95918687491001720, 113.4094632416271935, 131.8730719494643040 ) ) ;
#3569 = CARTESIAN_POINT ( 'NONE',  ( -79.88999893665344132, 93.08623609603806415, 62.87019194571934122 ) ) ;
#3570 = CARTESIAN_POINT ( 'NONE',  ( -87.87406705676524155, 105.2438403127825950, 131.7968792528138806 ) ) ;
#3571 = ORIENTED_EDGE ( 'NONE', *, *, #3921, .F. ) ;
#3572 = EDGE_LOOP ( 'NONE', ( #1949, #4997, #4539, #730, #1662, #6859 ) ) ;
#3573 = CARTESIAN_POINT ( 'NONE',  ( -79.19956185863330234, 87.41036168003523699, 165.7338617827934399 ) ) ;
#3574 = DIRECTION ( 'NONE',  ( -1.000000000000000000, -0.000000000000000000, -0.000000000000000000 ) ) ;
#3575 = CARTESIAN_POINT ( 'NONE',  ( -69.46323574893328612, 60.64073256435242598, 100.0987060081195352 ) ) ;
#3576 = DIRECTION ( 'NONE',  ( 1.000000000000000000, 0.000000000000000000, 0.000000000000000000 ) ) ;
#3577 = CARTESIAN_POINT ( 'NONE',  ( -89.46652384403242309, 143.0459567377088774, 95.86735849422089473 ) ) ;
#3578 = FACE_OUTER_BOUND ( 'NONE', #9541, .T. ) ;
#3579 = LINE ( 'NONE', #2152, #8661 ) ;
#3580 = CARTESIAN_POINT ( 'NONE',  ( -78.78852960328464405, 78.63191675939015113, 158.8634014860263903 ) ) ;
#3581 = CARTESIAN_POINT ( 'NONE',  ( -72.07810857547295313, 114.0611537304507692, 95.56950074929011407 ) ) ;
#3582 = ORIENTED_EDGE ( 'NONE', *, *, #1211, .F. ) ;
#3583 = LINE ( 'NONE', #1356, #3917 ) ;
#3584 = ORIENTED_EDGE ( 'NONE', *, *, #5368, .F. ) ;
#3585 = CARTESIAN_POINT ( 'NONE',  ( -76.78852960328464405, 141.5581117127231039, 63.92190020000548856 ) ) ;
#3586 = CARTESIAN_POINT ( 'NONE',  ( -76.78852960328464405, 148.6523643092005216, 155.6914970079084526 ) ) ;
#3587 = EDGE_CURVE ( 'NONE', #4817, #5665, #4566, .T. ) ;
#3588 = DIRECTION ( 'NONE',  ( 1.000000000000000000, -0.000000000000000000, -0.000000000000000000 ) ) ;
#3589 = AXIS2_PLACEMENT_3D ( 'NONE', #1596, #6857, #98 ) ;
#3590 = CARTESIAN_POINT ( 'NONE',  ( -89.97438089143678042, 112.1053863176763770, 113.1044972234572867 ) ) ;
#3591 = CARTESIAN_POINT ( 'NONE',  ( -85.13604522991099088, 124.6909934960468576, 101.0706128643585799 ) ) ;
#3592 = EDGE_LOOP ( 'NONE', ( #3541, #3195, #2852, #2472 ) ) ;
#3593 = CARTESIAN_POINT ( 'NONE',  ( -90.77193021284803365, 84.68071932002951030, 111.5244862549328957 ) ) ;
#3594 = CARTESIAN_POINT ( 'NONE',  ( -88.43025990626799171, 104.9152582426162894, 132.5713087654515618 ) ) ;
#3595 = CARTESIAN_POINT ( 'NONE',  ( -88.78934691597393680, 156.3108574924748382, 117.1959744092139175 ) ) ;
#3596 = ORIENTED_EDGE ( 'NONE', *, *, #380, .T. ) ;
#3597 = CARTESIAN_POINT ( 'NONE',  ( -72.07176886721167364, 113.9720813672085740, 95.57175167873191413 ) ) ;
#3598 = CARTESIAN_POINT ( 'NONE',  ( -90.07891690511488036, 106.3602689376994306, 113.0242084962080042 ) ) ;
#3599 = DIRECTION ( 'NONE',  ( 0.000000000000000000, 0.9977779156875837829, 0.06662755410594684014 ) ) ;
#3600 = VECTOR ( 'NONE', #6478, 1000.000000000000000 ) ;
#3601 = CARTESIAN_POINT ( 'NONE',  ( -79.98656581882144678, 76.61017195224651744, 65.95594879376990605 ) ) ;
#3602 = CARTESIAN_POINT ( 'NONE',  ( -71.45320554822956183, 68.60061176153725171, 85.32676159203322186 ) ) ;
#3603 = CARTESIAN_POINT ( 'NONE',  ( -79.80496518549583129, 76.79953686062931695, 161.2397991712796852 ) ) ;
#3604 = VERTEX_POINT ( 'NONE', #5236 ) ;
#3605 = ADVANCED_FACE ( 'NONE', ( #716 ), #894, .F. ) ;
#3606 = CARTESIAN_POINT ( 'NONE',  ( -89.32201269858313708, 141.3824570228545383, 132.0802765098201519 ) ) ;
#3607 = VECTOR ( 'NONE', #5141, 1000.000000000000000 ) ;
#3608 = CARTESIAN_POINT ( 'NONE',  ( -78.57953005711455319, 148.1705619732878461, 63.39221483683922287 ) ) ;
#3609 = LINE ( 'NONE', #4207, #500 ) ;
#3610 = DIRECTION ( 'NONE',  ( 0.000000000000000000, 0.000000000000000000, -1.000000000000000000 ) ) ;
#3611 = CARTESIAN_POINT ( 'NONE',  ( -78.16162642147870088, 146.3946649942542138, 164.8490973610225865 ) ) ;
#3612 = ORIENTED_EDGE ( 'NONE', *, *, #3367, .F. ) ;
#3613 = EDGE_LOOP ( 'NONE', ( #7789, #8975, #8108, #4053 ) ) ;
#3614 = EDGE_LOOP ( 'NONE', ( #2909, #2834, #470, #4946 ) ) ;
#3615 = CARTESIAN_POINT ( 'NONE',  ( -70.82952961540128456, 114.8587833449100515, 132.6188140490083640 ) ) ;
#3616 = CIRCLE ( 'NONE', #7078, 3.000000000000002665 ) ;
#3617 = CARTESIAN_POINT ( 'NONE',  ( -79.18009488750097091, 77.06603989126216447, 161.8262738988249509 ) ) ;
#3618 = ORIENTED_EDGE ( 'NONE', *, *, #5853, .T. ) ;
#3619 = CARTESIAN_POINT ( 'NONE',  ( -88.36510862193557614, 112.5416008354737869, 134.3962487865446178 ) ) ;
#3620 = CIRCLE ( 'NONE', #9145, 9.999999999999994671 ) ;
#3621 = LINE ( 'NONE', #4473, #9669 ) ;
#3622 = ORIENTED_EDGE ( 'NONE', *, *, #8094, .F. ) ;
#3623 = ORIENTED_EDGE ( 'NONE', *, *, #249, .F. ) ;
#3624 = ADVANCED_FACE ( 'NONE', ( #953 ), #6325, .T. ) ;
#3625 = EDGE_CURVE ( 'NONE', #7508, #5844, #4479, .T. ) ;
#3626 = B_SPLINE_CURVE_WITH_KNOTS ( 'NONE', 3,
 ( #5671, #1147, #9602, #3374, #7167, #1942, #2826 ),
 .UNSPECIFIED., .F., .F.,
 ( 4, 3, 4 ),
 ( 0.000000000000000000, 2.685600014437052664E-05, 2.691599986840074424E-05 ),
 .UNSPECIFIED. ) ;
#3627 = VECTOR ( 'NONE', #38, 1000.000000000000000 ) ;
#3628 = FACE_OUTER_BOUND ( 'NONE', #2987, .T. ) ;
#3629 = CARTESIAN_POINT ( 'NONE',  ( -85.73594352436158772, 122.8740075113330761, 121.9826430073505037 ) ) ;
#3630 = CARTESIAN_POINT ( 'NONE',  ( -84.34372569601302416, 130.4033756226877188, 97.50803868793090601 ) ) ;
#3631 = CARTESIAN_POINT ( 'NONE',  ( -84.34824347438133429, 133.9621243568557247, 129.3804910388547285 ) ) ;
#3632 = CARTESIAN_POINT ( 'NONE',  ( -72.46941741966310246, 72.66545924727090267, 75.76045076876455653 ) ) ;
#3633 = CARTESIAN_POINT ( 'NONE',  ( -85.82794095550804059, 143.5110244051745099, 105.7344029664336773 ) ) ;
#3634 = AXIS2_PLACEMENT_3D ( 'NONE', #7732, #3287, #8620 ) ;
#3635 = ORIENTED_EDGE ( 'NONE', *, *, #7653, .F. ) ;
#3636 = LINE ( 'NONE', #8180, #7212 ) ;
#3637 = ORIENTED_EDGE ( 'NONE', *, *, #2157, .T. ) ;
#3638 = EDGE_CURVE ( 'NONE', #2915, #6580, #4471, .T. ) ;
#3639 = EDGE_CURVE ( 'NONE', #6254, #6032, #9754, .T. ) ;
#3640 = CARTESIAN_POINT ( 'NONE',  ( -83.50329208409958426, 142.7398514076014067, 154.9046038298901635 ) ) ;
#3641 = AXIS2_PLACEMENT_3D ( 'NONE', #8445, #7604, #8195 ) ;
#3642 = FACE_OUTER_BOUND ( 'NONE', #6771, .T. ) ;
#3643 = VERTEX_POINT ( 'NONE', #9366 ) ;
#3644 =( LENGTH_UNIT ( ) NAMED_UNIT ( * ) SI_UNIT ( .MILLI., .METRE. ) );
#3645 = CARTESIAN_POINT ( 'NONE',  ( -80.15076435278726308, 102.0802239673234197, 163.5324578357432301 ) ) ;
#3646 = CARTESIAN_POINT ( 'NONE',  ( -70.78852960328462984, 140.8723463296477121, 166.0654737538021948 ) ) ;
#3647 = CARTESIAN_POINT ( 'NONE',  ( -90.41023942722274853, 156.0809768509773505, 104.0240394845520484 ) ) ;
#3648 = CARTESIAN_POINT ( 'NONE',  ( -89.81215579145279548, 121.2122374043881052, 128.6657977362146710 ) ) ;
#3649 = ORIENTED_EDGE ( 'NONE', *, *, #9424, .F. ) ;
#3650 = CARTESIAN_POINT ( 'NONE',  ( -71.46898781942817891, 113.8518957680844750, 96.13666873270916824 ) ) ;
#3651 = CARTESIAN_POINT ( 'NONE',  ( -89.16692186965035205, 104.6535557901964495, 93.96683917468300251 ) ) ;
#3652 = AXIS2_PLACEMENT_3D ( 'NONE', #3064, #6843, #6012 ) ;
#3653 = VECTOR ( 'NONE', #2146, 1000.000000000000000 ) ;
#3654 = EDGE_CURVE ( 'NONE', #5548, #3711, #4849, .T. ) ;
#3655 = VERTEX_POINT ( 'NONE', #6165 ) ;
#3656 = CARTESIAN_POINT ( 'NONE',  ( -70.78852960328462984, 97.00917494206593972, 162.0861362718193561 ) ) ;
#3657 = AXIS2_PLACEMENT_3D ( 'NONE', #6219, #3817, #1652 ) ;
#3658 = AXIS2_PLACEMENT_3D ( 'NONE', #2624, #5603, #2674 ) ;
#3659 = CARTESIAN_POINT ( 'NONE',  ( -89.10800550757851113, 151.6001136814605559, 156.2561519294438312 ) ) ;
#3660 =( BOUNDED_SURFACE ( )  B_SPLINE_SURFACE ( 3, 2, ( 
 ( #5569, #4929, #1833 ),
 ( #2682, #1789, #5515 ),
 ( #7909, #7952, #4197 ),
 ( #4155, #1184, #1075 ),
 ( #1029, #7196, #7992 ),
 ( #4101, #2727, #7155 ),
 ( #4968, #401, #3411 ),
 ( #4244, #6400, #4794 ),
 ( #7104, #9448, #7237 ),
 ( #7813, #351, #4047 ),
 ( #292, #6539, #5903 ),
 ( #9691, #5756, #490 ),
 ( #9639, #2164, #1424 ),
 ( #580, #2919, #3539 ),
 ( #6683, #2022, #5945 ),
 ( #7377, #9731, #2119 ),
 ( #3595, #8935, #2768 ),
 ( #4295, #8781, #7438 ),
 ( #688, #5066, #7332 ),
 ( #535, #8189, #2864 ),
 ( #9589, #635, #6589 ),
 ( #5007, #3647, #2964 ),
 ( #8042, #2811, #6643 ),
 ( #5153, #8985, #2218 ),
 ( #3494, #5857, #4443 ),
 ( #3698, #5199, #8883 ),
 ( #5108, #6497, #8140 ),
 ( #8242, #2068, #1472 ),
 ( #4495, #9550, #1273 ),
 ( #5796, #8088, #7288 ),
 ( #8837, #1318, #4342 ),
 ( #1367, #4390, #1721 ),
 ( #2309, #3738, #4631 ),
 ( #6778, #7593, #5297 ) ),
 .UNSPECIFIED., .F., .F., .T. ) 
 B_SPLINE_SURFACE_WITH_KNOTS ( ( 4, 2, 2, 2, 2, 2, 2, 2, 2, 2, 2, 2, 2, 2, 2, 2, 4 ),
 ( 3, 3 ),
 ( 0.03483216373946780575, 0.03759756415134105773, 0.04036296456321430970, 0.04589376538696081365, 0.05695536703445382848, 0.06248616785820033936, 0.06525156827007358440, 0.06801696868194684331, 0.07907857032943985121, 0.08460937115318635515, 0.08737477156505960019, 0.09014017197693285910, 0.1012017736244258670, 0.1122633752719188749, 0.1177941760956653788, 0.1205595765075386239, 0.1233249769194118828 ),
 ( 0.000000000000000000, 1.000000000000000000 ),
 .UNSPECIFIED. ) 
 GEOMETRIC_REPRESENTATION_ITEM ( )  RATIONAL_B_SPLINE_SURFACE ( (
 ( 1.000000000000000000, 0.7328473547986475989, 1.000000000000000000),
 ( 1.000000000000000000, 0.7325227114321253286, 1.000000000000000000),
 ( 1.000000000000000000, 0.7314043952798386927, 1.000000000000000000),
 ( 1.000000000000000000, 0.7296018644093346106, 1.000000000000000000),
 ( 1.000000000000000000, 0.7287159606572279902, 1.000000000000000000),
 ( 1.000000000000000000, 0.7261100718840889368, 1.000000000000000000),
 ( 1.000000000000000000, 0.7244418559361081034, 1.000000000000000000),
 ( 1.000000000000000000, 0.7196925055721573594, 1.000000000000000000),
 ( 1.000000000000000000, 0.7168666075758409750, 1.000000000000000000),
 ( 1.000000000000000000, 0.7133401601421811566, 1.000000000000000000),
 ( 1.000000000000000000, 0.7122834843342337185, 1.000000000000000000),
 ( 1.000000000000000000, 0.7109012122066347139, 1.000000000000000000),
 ( 1.000000000000000000, 0.7104742326581454659, 1.000000000000000000),
 ( 1.000000000000000000, 0.7096917023009117198, 1.000000000000000000),
 ( 1.000000000000000000, 0.7093359978438561475, 1.000000000000000000),
 ( 1.000000000000000000, 0.7077518970186219560, 1.000000000000000000),
 ( 1.000000000000000000, 0.7071037313394943347, 1.000000000000000000),
 ( 1.000000000000000000, 0.7071083224107941323, 1.000000000000000000),
 ( 1.000000000000000000, 0.7072717676591980807, 1.000000000000000000),
 ( 1.000000000000000000, 0.7077575876808132049, 1.000000000000000000),
 ( 1.000000000000000000, 0.7079595781942088495, 1.000000000000000000),
 ( 1.000000000000000000, 0.7084426061800529473, 1.000000000000000000),
 ( 1.000000000000000000, 0.7087239943973148160, 1.000000000000000000),
 ( 1.000000000000000000, 0.7103161426376706222, 1.000000000000000000),
 ( 1.000000000000000000, 0.7121874075422863770, 1.000000000000000000),
 ( 1.000000000000000000, 0.7168808682435346968, 1.000000000000000000),
 ( 1.000000000000000000, 0.7197015716571599775, 1.000000000000000000),
 ( 1.000000000000000000, 0.7244456050202696673, 1.000000000000000000),
 ( 1.000000000000000000, 0.7261124376686814985, 1.000000000000000000),
 ( 1.000000000000000000, 0.7287171243418089084, 1.000000000000000000),
 ( 1.000000000000000000, 0.7296027715600007513, 1.000000000000000000),
 ( 1.000000000000000000, 0.7314051110161846614, 1.000000000000000000),
 ( 1.000000000000000000, 0.7325235417471896993, 1.000000000000000000),
 ( 1.000000000000000000, 0.7328483113991890452, 1.000000000000000000) ) ) 
 REPRESENTATION_ITEM ( '' )  SURFACE ( )  );
#3661 = DIRECTION ( 'NONE',  ( 0.000000000000000000, 0.000000000000000000, -1.000000000000000000 ) ) ;
#3662 = CARTESIAN_POINT ( 'NONE',  ( -85.85346699908687640, 122.6508691888424067, 120.9269888826701873 ) ) ;
#3663 = CARTESIAN_POINT ( 'NONE',  ( -90.42576015503526321, 104.4694102665698665, 104.2664704699701304 ) ) ;
#3664 = LINE ( 'NONE', #4740, #6288 ) ;
#3665 = ORIENTED_EDGE ( 'NONE', *, *, #3512, .T. ) ;
#3666 = VERTEX_POINT ( 'NONE', #1887 ) ;
#3667 = SURFACE_SIDE_STYLE ('',( #5169 ) ) ;
#3668 = EDGE_CURVE ( 'NONE', #8833, #1872, #8743, .T. ) ;
#3669 = CARTESIAN_POINT ( 'NONE',  ( -70.78852960328462984, 78.55005808952117263, 68.26162717872138330 ) ) ;
#3670 = CARTESIAN_POINT ( 'NONE',  ( -70.92380036519588771, 114.7195987613206682, 133.0008704833037143 ) ) ;
#3671 = VECTOR ( 'NONE', #5357, 1000.000000000000000 ) ;
#3672 = CARTESIAN_POINT ( 'NONE',  ( -84.34824275842645136, 132.5309159640421228, 129.3804998236556685 ) ) ;
#3673 = CARTESIAN_POINT ( 'NONE',  ( -80.14231867143736565, 122.0959782773766023, 63.45855610152026571 ) ) ;
#3674 = CARTESIAN_POINT ( 'NONE',  ( -85.27013078848581529, 141.8306457744959062, 125.1051082524315348 ) ) ;
#3675 = FACE_OUTER_BOUND ( 'NONE', #3613, .T. ) ;
#3676 = CARTESIAN_POINT ( 'NONE',  ( -79.44930525711488656, 74.58783218703270279, 152.5713191055619120 ) ) ;
#3677 = CARTESIAN_POINT ( 'NONE',  ( -88.28832418061875842, 112.3570623346947031, 134.2877584217248454 ) ) ;
#3678 = CARTESIAN_POINT ( 'NONE',  ( -88.77123346665158010, 113.3119079817578125, 115.5054217592783772 ) ) ;
#3679 = EDGE_CURVE ( 'NONE', #5874, #8644, #3416, .T. ) ;
#3680 = ORIENTED_EDGE ( 'NONE', *, *, #6691, .F. ) ;
#3681 = LINE ( 'NONE', #4475, #811 ) ;
#3682 = CARTESIAN_POINT ( 'NONE',  ( -86.66886164482845345, 113.3119079817578267, 135.6472741455588960 ) ) ;
#3683 = CARTESIAN_POINT ( 'NONE',  ( -83.40728018742288441, 153.0354498770536225, 77.81978099333164778 ) ) ;
#3684 = CARTESIAN_POINT ( 'NONE',  ( -89.37265715047436743, 142.3189318912203305, 95.25411539734130884 ) ) ;
#3685 = CARTESIAN_POINT ( 'NONE',  ( -71.84230602005877131, 70.15701364885413227, 76.96117751048566902 ) ) ;
#3686 = CARTESIAN_POINT ( 'NONE',  ( -85.62841057767077757, 143.1089492076491183, 104.0874422828046875 ) ) ;
#3687 = B_SPLINE_CURVE_WITH_KNOTS ( 'NONE', 3,
 ( #5021, #8099, #1381, #4403, #4311, #2823, #5811, #7341, #586, #6601, #8406, #1528, #8205, #4459 ),
 .UNSPECIFIED., .F., .F.,
 ( 4, 2, 2, 2, 2, 2, 4 ),
 ( 0.000000000000000000, 0.001739557204921897892, 0.002609335807382851067, 0.003479114409843804892, 0.004348893012304743538, 0.005218671614765683052, 0.006958228819687645346 ),
 .UNSPECIFIED. ) ;
#3688 = EDGE_CURVE ( 'NONE', #3067, #6107, #7340, .T. ) ;
#3689 = EDGE_LOOP ( 'NONE', ( #8430, #3775, #2225, #3288 ) ) ;
#3690 = VERTEX_POINT ( 'NONE', #3750 ) ;
#3691 = CARTESIAN_POINT ( 'NONE',  ( -82.84383714484279437, 70.34008691235122512, 75.18513583751320084 ) ) ;
#3692 = FACE_BOUND ( 'NONE', #2298, .T. ) ;
#3693 = EDGE_CURVE ( 'NONE', #1554, #3712, #6011, .T. ) ;
#3694 = ORIENTED_EDGE ( 'NONE', *, *, #4483, .T. ) ;
#3695 = CARTESIAN_POINT ( 'NONE',  ( -79.48729094802361317, 97.17149929694053867, 165.0819782963193916 ) ) ;
#3696 = DIRECTION ( 'NONE',  ( 0.000000000000000000, 0.000000000000000000, -1.000000000000000000 ) ) ;
#3697 = CARTESIAN_POINT ( 'NONE',  ( -78.78852960328464405, 62.75118492177985985, 105.5176803333145870 ) ) ;
#3698 = CARTESIAN_POINT ( 'NONE',  ( -86.03550098978321614, 154.6349264064358806, 87.75702439179114833 ) ) ;
#3699 = EDGE_CURVE ( 'NONE', #3103, #4011, #5026, .T. ) ;
#3700 = CARTESIAN_POINT ( 'NONE',  ( -89.08810021395511569, 127.4967374719942512, 133.5064895081409873 ) ) ;
#3701 = ORIENTED_EDGE ( 'NONE', *, *, #4907, .F. ) ;
#3702 = CARTESIAN_POINT ( 'NONE',  ( -71.49654600308575425, 114.2033077528428038, 95.91154926399833869 ) ) ;
#3703 = CARTESIAN_POINT ( 'NONE',  ( -90.78802828812258952, 89.92246930038420771, 113.8991066706291235 ) ) ;
#3704 = CARTESIAN_POINT ( 'NONE',  ( -80.18385463852908401, 148.3271841951357146, 163.4624281909750607 ) ) ;
#3705 = CARTESIAN_POINT ( 'NONE',  ( -82.94175115372239304, 149.6557437927470460, 70.54045912483330483 ) ) ;
#3706 = CARTESIAN_POINT ( 'NONE',  ( -77.87995701048600949, 136.2354579967269217, 61.26435991761300670 ) ) ;
#3707 = ADVANCED_FACE ( 'NONE', ( #1692 ), #6083, .T. ) ;
#3708 = CARTESIAN_POINT ( 'NONE',  ( -76.78852960328464405, 141.9419079817567138, 75.00574073170528777 ) ) ;
#3709 = CARTESIAN_POINT ( 'NONE',  ( -85.61254009568983747, 123.1828858616070335, 122.9339971089967634 ) ) ;
#3710 = CARTESIAN_POINT ( 'NONE',  ( -74.78852960328464405, 73.44972016382351399, 76.01843847451294778 ) ) ;
#3711 = VERTEX_POINT ( 'NONE', #6963 ) ;
#3712 = VERTEX_POINT ( 'NONE', #789 ) ;
#3713 = DIRECTION ( 'NONE',  ( 1.000000000000000000, 0.000000000000000000, 0.000000000000000000 ) ) ;
#3714 = CARTESIAN_POINT ( 'NONE',  ( -71.06543719070879206, 114.5054385081807169, 133.2886729446812524 ) ) ;
#3715 = LINE ( 'NONE', #9750, #9675 ) ;
#3716 = ORIENTED_EDGE ( 'NONE', *, *, #6397, .T. ) ;
#3717 =( BOUNDED_CURVE ( )  B_SPLINE_CURVE ( 3, ( #4270, #8719, #9619, #1957 ),
 .UNSPECIFIED., .F., .T. ) 
 B_SPLINE_CURVE_WITH_KNOTS ( ( 4, 4 ),
 ( 1.570796326794896558, 3.141592653589793116 ),
 .UNSPECIFIED. ) 
 CURVE ( )  GEOMETRIC_REPRESENTATION_ITEM ( )  RATIONAL_B_SPLINE_CURVE ( ( 1.000000000000000000, 0.8047378541243649375, 0.8047378541243649375, 1.000000000000000000 ) ) 
 REPRESENTATION_ITEM ( '' )  );
#3718 = CARTESIAN_POINT ( 'NONE',  ( -88.08188014380972675, 113.4616561392110441, 132.0026129930240586 ) ) ;
#3719 = DIRECTION ( 'NONE',  ( 0.000000000000000000, -1.000000000000000000, 0.000000000000000000 ) ) ;
#3720 = CARTESIAN_POINT ( 'NONE',  ( -70.78852960328462984, 140.8719475623819335, 60.94546903656900128 ) ) ;
#3721 = ORIENTED_EDGE ( 'NONE', *, *, #7138, .T. ) ;
#3722 = CARTESIAN_POINT ( 'NONE',  ( -88.99837036749464403, 127.9179601430678872, 92.98352309956108286 ) ) ;
#3723 = CARTESIAN_POINT ( 'NONE',  ( -69.74836691017675605, 64.19427628200837432, 97.49400204904756606 ) ) ;
#3724 = ADVANCED_FACE ( 'NONE', ( #3023 ), #91, .F. ) ;
#3725 = CARTESIAN_POINT ( 'NONE',  ( -70.89938190723704281, 66.38531719756724669, 144.0766054508142133 ) ) ;
#3726 = CARTESIAN_POINT ( 'NONE',  ( -74.78852960328464405, 141.9419079817567138, 75.00574073170528777 ) ) ;
#3727 = CARTESIAN_POINT ( 'NONE',  ( -85.91756933160924348, 143.6156270097985441, 106.6373244827529874 ) ) ;
#3728 = VERTEX_POINT ( 'NONE', #6213 ) ;
#3729 = CARTESIAN_POINT ( 'NONE',  ( -90.59696868535795033, 104.1981625903529931, 113.2467852805308581 ) ) ;
#3730 = ORIENTED_EDGE ( 'NONE', *, *, #4261, .T. ) ;
#3731 = B_SPLINE_SURFACE_WITH_KNOTS ( 'NONE', 1, 3, ( 
 ( #1292, #8258, #4463, #7461 ),
 ( #5218, #591, #1488, #4508 ) ),
 .UNSPECIFIED., .F., .F., .F.,
 ( 2, 2 ),
 ( 4, 4 ),
 ( 0.000000000000000000, 1.000000000000000000 ),
 ( 0.000000000000000000, 0.01210001450789563102 ),
 .UNSPECIFIED. ) ;
#3732 = CARTESIAN_POINT ( 'NONE',  ( -81.83258125553867046, 77.27341668972417210, 159.4069086802659569 ) ) ;
#3733 = CARTESIAN_POINT ( 'NONE',  ( -79.67734252100795800, 76.17736283913947659, 160.5885394793328942 ) ) ;
#3734 = EDGE_CURVE ( 'NONE', #7871, #2561, #7176, .T. ) ;
#3735 = CARTESIAN_POINT ( 'NONE',  ( -84.87308146831571776, 125.9228131483363597, 99.76792767657967431 ) ) ;
#3736 = CARTESIAN_POINT ( 'NONE',  ( -90.75028018625350512, 86.94190798175786483, 110.5057407317052736 ) ) ;
#3737 = CARTESIAN_POINT ( 'NONE',  ( -70.78852960328462984, 62.29347055928871413, 111.6679929837119403 ) ) ;
#3738 = CARTESIAN_POINT ( 'NONE',  ( -82.95120727076844958, 151.5563569205983185, 70.55638762195263780 ) ) ;
#3739 = DIRECTION ( 'NONE',  ( -0.000000000000000000, 0.000000000000000000, 1.000000000000000000 ) ) ;
#3740 = LINE ( 'NONE', #5250, #4590 ) ;
#3741 = ORIENTED_EDGE ( 'NONE', *, *, #3942, .F. ) ;
#3742 = CARTESIAN_POINT ( 'NONE',  ( -71.49654600308578267, 113.7262501172099149, 96.38860689963112804 ) ) ;
#3743 =( NAMED_UNIT ( * ) PLANE_ANGLE_UNIT ( ) SI_UNIT ( $, .RADIAN. ) );
#3744 = CARTESIAN_POINT ( 'NONE',  ( -70.78852960328462984, 115.2569332580205810, 132.2760348314621694 ) ) ;
#3745 = ADVANCED_FACE ( 'NONE', ( #9254 ), #6017, .F. ) ;
#3746 = EDGE_CURVE ( 'NONE', #6169, #5831, #3620, .T. ) ;
#3747 = PLANE ( 'NONE',  #9365 ) ;
#3748 = DIRECTION ( 'NONE',  ( 0.000000000000000000, 0.000000000000000000, -1.000000000000000000 ) ) ;
#3749 = CARTESIAN_POINT ( 'NONE',  ( -81.07277202700531404, 79.45225129089683946, 161.3242980277310323 ) ) ;
#3750 = CARTESIAN_POINT ( 'NONE',  ( -72.28852960328462984, 111.3119079817578125, 112.5054217592787467 ) ) ;
#3751 = FACE_OUTER_BOUND ( 'NONE', #2093, .T. ) ;
#3752 = CARTESIAN_POINT ( 'NONE',  ( -70.94918578868858106, 114.4710277435797678, 96.94047228245675285 ) ) ;
#3753 = VECTOR ( 'NONE', #2457, 1000.000000000000000 ) ;
#3754 = CARTESIAN_POINT ( 'NONE',  ( -90.46881263140323881, 104.8175338347252392, 104.8322560025796832 ) ) ;
#3755 = ORIENTED_EDGE ( 'NONE', *, *, #1322, .F. ) ;
#3756 = ORIENTED_EDGE ( 'NONE', *, *, #5556, .T. ) ;
#3757 = CARTESIAN_POINT ( 'NONE',  ( -70.95856703744335903, 114.5530360199622635, 133.0342691605171979 ) ) ;
#3758 = VERTEX_POINT ( 'NONE', #200 ) ;
#3759 = AXIS2_PLACEMENT_3D ( 'NONE', #5899, #4238, #5852 ) ;
#3760 = LINE ( 'NONE', #7569, #6465 ) ;
#3761 = CARTESIAN_POINT ( 'NONE',  ( -81.29571397996464555, 151.7506800111599148, 155.5666428623287629 ) ) ;
#3762 = CARTESIAN_POINT ( 'NONE',  ( -79.99290351925718312, 127.0995950700828416, 63.10980955766262923 ) ) ;
#3763 = CARTESIAN_POINT ( 'NONE',  ( -87.76570717525267185, 111.6114042952970777, 133.8138760954777240 ) ) ;
#3764 = DIRECTION ( 'NONE',  ( 0.000000000000000000, 1.000000000000000000, 0.000000000000000000 ) ) ;
#3765 = AXIS2_PLACEMENT_3D ( 'NONE', #2250, #5184, #5280 ) ;
#3766 = ORIENTED_EDGE ( 'NONE', *, *, #882, .F. ) ;
#3767 = CARTESIAN_POINT ( 'NONE',  ( -88.87463091215143152, 130.6527267884162598, 92.28540791880656968 ) ) ;
#3768 = FACE_OUTER_BOUND ( 'NONE', #8810, .T. ) ;
#3769 = CARTESIAN_POINT ( 'NONE',  ( -71.62254760121655295, 69.28151504115575676, 149.7331671046677002 ) ) ;
#3770 = CIRCLE ( 'NONE', #5797, 9.999999999999994671 ) ;
#3771 = CARTESIAN_POINT ( 'NONE',  ( -87.94058388603674814, 155.7942940947580155, 98.89578755531557874 ) ) ;
#3772 = CARTESIAN_POINT ( 'NONE',  ( -88.70644240925096824, 114.5273237625059721, 135.4820115474448698 ) ) ;
#3773 = CARTESIAN_POINT ( 'NONE',  ( -85.32537504545976503, 142.1957987789232902, 102.1180584627926322 ) ) ;
#3774 = ORIENTED_EDGE ( 'NONE', *, *, #9084, .T. ) ;
#3775 = ORIENTED_EDGE ( 'NONE', *, *, #9160, .T. ) ;
#3776 = EDGE_CURVE ( 'NONE', #2355, #4522, #3070, .T. ) ;
#3777 = AXIS2_PLACEMENT_3D ( 'NONE', #1310, #3272, #485 ) ;
#3778 = DIRECTION ( 'NONE',  ( 0.000000000000000000, 0.000000000000000000, 1.000000000000000000 ) ) ;
#3779 = CARTESIAN_POINT ( 'NONE',  ( -79.73275711478349592, 76.07538652143858826, 66.56447104041413354 ) ) ;
#3780 = CARTESIAN_POINT ( 'NONE',  ( -80.80568456669568889, 74.10032343853808356, 157.6029890745088835 ) ) ;
#3781 = VECTOR ( 'NONE', #9077, 1000.000000000000000 ) ;
#3782 = DIRECTION ( 'NONE',  ( 1.000000000000000000, 0.000000000000000000, 0.000000000000000000 ) ) ;
#3783 = CARTESIAN_POINT ( 'NONE',  ( -78.78852960328464405, 62.38728191801577339, 109.6173483854554291 ) ) ;
#3784 = CARTESIAN_POINT ( 'NONE',  ( -78.78852960328464405, 114.0119079817578296, 95.50574073170528777 ) ) ;
#3785 = VERTEX_POINT ( 'NONE', #2802 ) ;
#3786 = CARTESIAN_POINT ( 'NONE',  ( -71.14012594408978885, 114.1190269076060275, 96.71565467323297582 ) ) ;
#3787 = CARTESIAN_POINT ( 'NONE',  ( -90.75764226792857414, 88.27162091351272011, 116.2021430924286562 ) ) ;
#3788 = CARTESIAN_POINT ( 'NONE',  ( -72.28852960328462984, 107.3119079817578267, 112.5054217592787325 ) ) ;
#3789 = DIRECTION ( 'NONE',  ( -1.000000000000000000, 0.000000000000000000, 0.000000000000000000 ) ) ;
#3790 = CARTESIAN_POINT ( 'NONE',  ( -90.77093277354374834, 115.3119079817578125, 111.4708323586715153 ) ) ;
#3791 = VECTOR ( 'NONE', #6474, 1000.000000000000000 ) ;
#3792 = CARTESIAN_POINT ( 'NONE',  ( -89.08916555397546233, 138.6808730452003431, 133.5002212807848707 ) ) ;
#3793 = CARTESIAN_POINT ( 'NONE',  ( -86.78852960328464405, 86.94190798175786483, 116.5057407317052736 ) ) ;
#3794 = CARTESIAN_POINT ( 'NONE',  ( -80.29804730164032378, 76.54052047439748208, 66.13334929690996944 ) ) ;
#3795 = EDGE_CURVE ( 'NONE', #2137, #7285, #9361, .T. ) ;
#3796 = VECTOR ( 'NONE', #8817, 1000.000000000000000 ) ;
#3797 = DIRECTION ( 'NONE',  ( -0.000000000000000000, 0.000000000000000000, -1.000000000000000000 ) ) ;
#3798 = CARTESIAN_POINT ( 'NONE',  ( -85.02390660759354546, 125.4171553435670035, 126.4086496783215523 ) ) ;
#3799 = CIRCLE ( 'NONE', #7261, 9.999999999999994671 ) ;
#3800 = DIRECTION ( 'NONE',  ( 0.000000000000000000, -0.9976436369005327043, -0.06860884601768239832 ) ) ;
#3801 = DIRECTION ( 'NONE',  ( 0.000000000000000000, -0.8435764274680839225, -0.5370091349504069189 ) ) ;
#3802 = VERTEX_POINT ( 'NONE', #5522 ) ;
#3803 = CARTESIAN_POINT ( 'NONE',  ( -77.89043297234211138, 85.83432389102949855, 61.29152045030366480 ) ) ;
#3804 = B_SPLINE_CURVE_WITH_KNOTS ( 'NONE', 3,
 ( #5915, #2176, #7656, #8491, #3165, #3900, #4792, #3222, #134, #6999 ),
 .UNSPECIFIED., .F., .F.,
 ( 4, 2, 2, 2, 4 ),
 ( 0.000000000000000000, 0.2500000000000000000, 0.5000000000000000000, 0.7500000000000000000, 1.000000000000000000 ),
 .UNSPECIFIED. ) ;
#3805 = ORIENTED_EDGE ( 'NONE', *, *, #6854, .T. ) ;
#3806 = CARTESIAN_POINT ( 'NONE',  ( -78.78852960328464405, 146.5078591810289481, 65.97215273169965144 ) ) ;
#3807 = DIRECTION ( 'NONE',  ( 1.000000000000000000, 0.000000000000000000, 0.000000000000000000 ) ) ;
#3808 = VECTOR ( 'NONE', #5458, 1000.000000000000000 ) ;
#3809 = ORIENTED_EDGE ( 'NONE', *, *, #664, .T. ) ;
#3810 = AXIS2_PLACEMENT_3D ( 'NONE', #6071, #861, #3244 ) ;
#3811 = CARTESIAN_POINT ( 'NONE',  ( -84.35132872517171165, 130.2545904692717613, 97.53786945146487142 ) ) ;
#3812 = EDGE_CURVE ( 'NONE', #1830, #5926, #6443, .T. ) ;
#3813 = B_SPLINE_SURFACE_WITH_KNOTS ( 'NONE', 2, 1, ( 
 ( #8641, #9403 ),
 ( #3267, #6441 ),
 ( #1130, #8736 ) ),
 .UNSPECIFIED., .F., .F., .F.,
 ( 3, 3 ),
 ( 2, 2 ),
 ( 0.000000000000000000, 1.000000000000000000 ),
 ( 0.000000000000000000, 1.000000000000000000 ),
 .UNSPECIFIED. ) ;
#3814 = CARTESIAN_POINT ( 'NONE',  ( -84.01125047738244689, 112.4017958863734492, 92.82797836045013185 ) ) ;
#3815 = ADVANCED_FACE ( 'NONE', ( #7820 ), #4959, .T. ) ;
#3816 = AXIS2_PLACEMENT_3D ( 'NONE', #8124, #9720, #8228 ) ;
#3817 = DIRECTION ( 'NONE',  ( 0.000000000000000000, 0.000000000000000000, -1.000000000000000000 ) ) ;
#3818 = CIRCLE ( 'NONE', #7929, 1.999999999999992895 ) ;
#3819 = DIRECTION ( 'NONE',  ( 0.000000000000000000, 0.000000000000000000, -1.000000000000000000 ) ) ;
#3820 = ORIENTED_EDGE ( 'NONE', *, *, #7859, .F. ) ;
#3821 = CARTESIAN_POINT ( 'NONE',  ( -74.78852960328464405, 63.90795309405092439, 127.8407411317695477 ) ) ;
#3822 = CARTESIAN_POINT ( 'NONE',  ( -72.17230209602753632, 113.6148812377202120, 134.0454226046920496 ) ) ;
#3823 = CARTESIAN_POINT ( 'NONE',  ( -70.73515990233923389, 65.72842917793271056, 142.6349837130185563 ) ) ;
#3824 = CARTESIAN_POINT ( 'NONE',  ( -84.28961955989808530, 131.8702438883904051, 97.29691947187092183 ) ) ;
#3825 = EDGE_CURVE ( 'NONE', #4783, #9341, #8517, .T. ) ;
#3826 = CARTESIAN_POINT ( 'NONE',  ( -88.39454334581841977, 112.6198419083394526, 134.4417259876264268 ) ) ;
#3827 = CARTESIAN_POINT ( 'NONE',  ( -84.38243532864747465, 136.3675548322602538, 97.66084482856651050 ) ) ;
#3828 = ORIENTED_EDGE ( 'NONE', *, *, #2632, .T. ) ;
#3829 = EDGE_LOOP ( 'NONE', ( #2649, #5776, #8845, #3359 ) ) ;
#3830 = CARTESIAN_POINT ( 'NONE',  ( -79.63362298544650741, 76.25782590000588357, 66.31029041679600766 ) ) ;
#3831 = CARTESIAN_POINT ( 'NONE',  ( -87.93519662793768532, 60.87430497180141487, 98.87076992703029532 ) ) ;
#3832 = CARTESIAN_POINT ( 'NONE',  ( -70.78852960328462984, 97.20908031448949771, 165.0794685023070372 ) ) ;
#3833 = CARTESIAN_POINT ( 'NONE',  ( -78.78852960328464405, 70.97961747709840097, 80.40308007633707632 ) ) ;
#3834 = LINE ( 'NONE', #5447, #3437 ) ;
#3835 = PLANE ( 'NONE',  #4123 ) ;
#3836 = CARTESIAN_POINT ( 'NONE',  ( -79.84221675027718845, 76.26205784187938264, 66.32090653310822859 ) ) ;
#3837 = ORIENTED_EDGE ( 'NONE', *, *, #246, .T. ) ;
#3838 = CARTESIAN_POINT ( 'NONE',  ( -71.06543719070977261, 114.5054385081806885, 96.42959429159027707 ) ) ;
#3839 = CARTESIAN_POINT ( 'NONE',  ( -78.78852960328464405, 130.8367218251632096, 90.98049982365576227 ) ) ;
#3840 = CARTESIAN_POINT ( 'NONE',  ( -79.60103719821138668, 146.4555823402729402, 164.8193796996270066 ) ) ;
#3841 = CARTESIAN_POINT ( 'NONE',  ( -76.78852960328464405, 86.78156815438114791, 64.25779513156511769 ) ) ;
#3842 = VERTEX_POINT ( 'NONE', #2012 ) ;
#3843 = EDGE_CURVE ( 'NONE', #1953, #8431, #1795, .T. ) ;
#3844 = EDGE_CURVE ( 'NONE', #3399, #734, #6532, .T. ) ;
#3845 = DIRECTION ( 'NONE',  ( 0.000000000000000000, 0.000000000000000000, 1.000000000000000000 ) ) ;
#3846 = CARTESIAN_POINT ( 'NONE',  ( -84.34824275842645136, 132.5309159640421228, 129.3804998236556685 ) ) ;
#3847 = CARTESIAN_POINT ( 'NONE',  ( -74.78852960328464405, 141.9419079817567138, 80.00574073170530198 ) ) ;
#3848 = CARTESIAN_POINT ( 'NONE',  ( -84.50602235330667611, 129.0087053822144014, 128.7458069152350788 ) ) ;
#3849 = CARTESIAN_POINT ( 'NONE',  ( -74.78852960328464405, 68.32660295023789843, 85.93959922787723826 ) ) ;
#3850 = ORIENTED_EDGE ( 'NONE', *, *, #5125, .F. ) ;
#3851 = LINE ( 'NONE', #7761, #5629 ) ;
#3852 = ORIENTED_EDGE ( 'NONE', *, *, #223, .T. ) ;
#3853 = CARTESIAN_POINT ( 'NONE',  ( -81.16715225824519564, 76.73153582759275082, 161.0872763756823076 ) ) ;
#3854 = CARTESIAN_POINT ( 'NONE',  ( -79.11358121381933017, 149.6540626199170561, 162.0332712129697370 ) ) ;
#3855 = B_SPLINE_CURVE_WITH_KNOTS ( 'NONE', 3,
 ( #9037, #4502, #5258, #2973, #8895, #736, #8298, #3063, #4456, #6842, #5308, #6048, #2877, #9081, #1526, #2172, #9742, #2322, #5162, #2132 ),
 .UNSPECIFIED., .F., .F.,
 ( 4, 2, 2, 2, 2, 2, 2, 2, 2, 4 ),
 ( 0.000000000000000000, 0.1250000000000000000, 0.2500000000000000000, 0.3750000000000000000, 0.5000000000000000000, 0.6250000000000000000, 0.7500000000000000000, 0.8750000000000000000, 0.9375000000000000000, 1.000000000000000000 ),
 .UNSPECIFIED. ) ;
#3856 = ADVANCED_FACE ( 'NONE', ( #5791 ), #6308, .T. ) ;
#3857 = ORIENTED_EDGE ( 'NONE', *, *, #6087, .F. ) ;
#3858 = CARTESIAN_POINT ( 'NONE',  ( -85.23667759197076066, 124.2909084623277778, 101.6143537190858837 ) ) ;
#3859 = ADVANCED_FACE ( 'NONE', ( #5001 ), #6583, .F. ) ;
#3860 = EDGE_CURVE ( 'NONE', #6884, #4110, #217, .T. ) ;
#3861 = CARTESIAN_POINT ( 'NONE',  ( -84.79411647985142508, 139.4747634618514667, 127.5018772993247751 ) ) ;
#3862 = CARTESIAN_POINT ( 'NONE',  ( -84.60803216146591410, 111.5080895193809027, 93.67163649573356565 ) ) ;
#3863 = ADVANCED_FACE ( 'NONE', ( #4384 ), #2761, .F. ) ;
#3864 = CARTESIAN_POINT ( 'NONE',  ( -78.78852960328464405, 67.51985403803448094, 139.1566359502203909 ) ) ;
#3865 = DIRECTION ( 'NONE',  ( 0.000000000000000000, -0.9976436369005327043, -0.06860884601768238444 ) ) ;
#3866 = ORIENTED_EDGE ( 'NONE', *, *, #9052, .F. ) ;
#3867 = CARTESIAN_POINT ( 'NONE',  ( -74.78852960328464405, 74.23430613536932299, 152.2681882201591463 ) ) ;
#3868 = CARTESIAN_POINT ( 'NONE',  ( -90.77093277354374834, 115.3119079817578125, 111.4708323586715153 ) ) ;
#3869 = ADVANCED_FACE ( 'NONE', ( #4285 ), #1264, .F. ) ;
#3870 = EDGE_CURVE ( 'NONE', #8852, #3334, #7325, .T. ) ;
#3871 = B_SPLINE_CURVE_WITH_KNOTS ( 'NONE', 3,
 ( #2296, #1847, #3772, #5435, #161, #5336, #3826, #4670, #864, #1505, #5389, #9017, #9224, #4622, #3875, #5283 ),
 .UNSPECIFIED., .F., .F.,
 ( 4, 2, 2, 2, 2, 2, 2, 4 ),
 ( -1.281460719723126270E-05, 0.001306527109926603446, 0.002625868827050438069, 0.003285539685612317868, 0.003945210544174197233, 0.004604881402736077031, 0.004934716832017016497, 0.005264552261297956830 ),
 .UNSPECIFIED. ) ;
#3872 = DIRECTION ( 'NONE',  ( -1.000000000000000000, -0.000000000000000000, -0.000000000000000000 ) ) ;
#3873 = DIRECTION ( 'NONE',  ( 0.02852020972990380876, -0.9973715303582563196, 0.06660801804431887296 ) ) ;
#3874 = CARTESIAN_POINT ( 'NONE',  ( -72.28852960328462984, 105.8119079817578410, 135.0054217592787325 ) ) ;
#3875 = CARTESIAN_POINT ( 'NONE',  ( -87.14771771363967900, 111.3119079817578125, 133.5538924146325712 ) ) ;
#3876 = CARTESIAN_POINT ( 'NONE',  ( -84.98658375977888113, 140.8044504754819286, 100.3131990148388439 ) ) ;
#3877 = B_SPLINE_CURVE_WITH_KNOTS ( 'NONE', 3,
 ( #5089, #6370, #9426, #8663, #1901, #7933, #6063, #2287, #5275, #1597, #9711, #8912, #6218, #5427 ),
 .UNSPECIFIED., .F., .F.,
 ( 4, 2, 2, 2, 2, 2, 4 ),
 ( 0.7474230456882725582, 0.7789951649772310915, 0.8105672842661897359, 0.8421394035551482693, 0.8737115228441069137, 0.9368557614220534013, 1.000000000000000000 ),
 .UNSPECIFIED. ) ;
#3878 = ORIENTED_EDGE ( 'NONE', *, *, #6814, .T. ) ;
#3879 = ORIENTED_EDGE ( 'NONE', *, *, #7412, .T. ) ;
#3880 = CARTESIAN_POINT ( 'NONE',  ( -80.06374449970570595, 83.19260094374619996, 163.7375768845260495 ) ) ;
#3881 = CARTESIAN_POINT ( 'NONE',  ( -85.98964452594337615, 143.6309159640421456, 119.3804998236556827 ) ) ;
#3882 = CARTESIAN_POINT ( 'NONE',  ( -81.88681154290843267, 77.17644369837989871, 67.74332633710919538 ) ) ;
#3883 = CARTESIAN_POINT ( 'NONE',  ( -81.77756597244757586, 77.37189601878449707, 159.5476483714257370 ) ) ;
#3884 = CARTESIAN_POINT ( 'NONE',  ( -80.01848121452077578, 151.1522517439975957, 159.1982995966266401 ) ) ;
#3885 = PLANE ( 'NONE',  #5193 ) ;
#3886 = CARTESIAN_POINT ( 'NONE',  ( -89.04108168988783234, 138.8864453748828396, 93.22976497935582074 ) ) ;
#3887 = DIRECTION ( 'NONE',  ( 0.000000000000000000, -0.8435764274703242416, -0.5370091349468878450 ) ) ;
#3888 = DIRECTION ( 'NONE',  ( 0.000000000000000000, 0.000000000000000000, -1.000000000000000000 ) ) ;
#3889 = CARTESIAN_POINT ( 'NONE',  ( -79.78904135751467663, 76.21438062525385249, 66.37741698716041583 ) ) ;
#3890 = CARTESIAN_POINT ( 'NONE',  ( -90.10454056499754927, 119.7355358682179656, 126.1977185316677748 ) ) ;
#3891 = ORIENTED_EDGE ( 'NONE', *, *, #3654, .T. ) ;
#3892 = CARTESIAN_POINT ( 'NONE',  ( -71.33622426392818738, 114.3073493650413752, 96.06272308254781933 ) ) ;
#3893 = CARTESIAN_POINT ( 'NONE',  ( -78.41990223292245332, 147.5957210263700858, 164.0916502072670653 ) ) ;
#3894 = EDGE_CURVE ( 'NONE', #4747, #6604, #6123, .T. ) ;
#3895 = VERTEX_POINT ( 'NONE', #9156 ) ;
#3896 = CARTESIAN_POINT ( 'NONE',  ( -89.02265387472466784, 113.2152503852683338, 113.5906823408259072 ) ) ;
#3897 = CARTESIAN_POINT ( 'NONE',  ( -78.78852960328464405, 83.02245940895092247, 65.35278865908517787 ) ) ;
#3898 = CARTESIAN_POINT ( 'NONE',  ( -87.23381640583933461, 152.2041588365701443, 142.6338299519434543 ) ) ;
#3899 = CARTESIAN_POINT ( 'NONE',  ( -83.57955778309992922, 140.5835107280147156, 72.32354228865516177 ) ) ;
#3900 = CARTESIAN_POINT ( 'NONE',  ( -72.28852960328462984, 113.4606747952381625, 133.9427092085482229 ) ) ;
#3901 = LINE ( 'NONE', #192, #7265 ) ;
#3902 = CARTESIAN_POINT ( 'NONE',  ( -85.15919770981321335, 124.7911187298484634, 125.7126053761820117 ) ) ;
#3903 = FACE_OUTER_BOUND ( 'NONE', #1977, .T. ) ;
#3904 = CARTESIAN_POINT ( 'NONE',  ( -88.92363104080378378, 112.8155704496578409, 92.55929220359995213 ) ) ;
#3905 = ORIENTED_EDGE ( 'NONE', *, *, #4201, .T. ) ;
#3906 = CARTESIAN_POINT ( 'NONE',  ( -77.97456541691494181, 84.43342830214120909, 61.53448240267696434 ) ) ;
#3907 = CARTESIAN_POINT ( 'NONE',  ( -70.79067217804413303, 115.1514133518026455, 132.3543874023032174 ) ) ;
#3908 = ORIENTED_EDGE ( 'NONE', *, *, #3549, .T. ) ;
#3909 = CARTESIAN_POINT ( 'NONE',  ( -72.00391721319415694, 70.80345842139584533, 146.3664032208879178 ) ) ;
#3910 = CARTESIAN_POINT ( 'NONE',  ( -80.94398115217984468, 149.9349054931912235, 161.6365982881999912 ) ) ;
#3911 = ADVANCED_FACE ( 'NONE', ( #3188 ), #2379, .T. ) ;
#3912 = CARTESIAN_POINT ( 'NONE',  ( -85.30065589220185984, 141.9487778616252740, 124.9314615247300821 ) ) ;
#3913 = CARTESIAN_POINT ( 'NONE',  ( -85.79630695402634899, 143.4120421329886597, 121.4618831158369971 ) ) ;
#3914 = EDGE_CURVE ( 'NONE', #5230, #1966, #9672, .T. ) ;
#3915 = ORIENTED_EDGE ( 'NONE', *, *, #1891, .T. ) ;
#3916 = CARTESIAN_POINT ( 'NONE',  ( -85.05645152231876693, 125.0350554666837581, 100.6608233368699103 ) ) ;
#3917 = VECTOR ( 'NONE', #1413, 1000.000000000000000 ) ;
#3918 = CARTESIAN_POINT ( 'NONE',  ( -84.38117076123447191, 135.2720038615540261, 129.2504454783687038 ) ) ;
#3919 = CARTESIAN_POINT ( 'NONE',  ( -82.09459944254001584, 113.3087284045817853, 91.96147921292704552 ) ) ;
#3920 = CARTESIAN_POINT ( 'NONE',  ( -78.78852960328464405, 66.94699327326030414, 137.7068042357593640 ) ) ;
#3921 = EDGE_CURVE ( 'NONE', #7663, #1894, #3977, .T. ) ;
#3922 = FACE_OUTER_BOUND ( 'NONE', #7916, .T. ) ;
#3923 = ORIENTED_EDGE ( 'NONE', *, *, #2848, .T. ) ;
#3924 = CARTESIAN_POINT ( 'NONE',  ( -69.74836691017675605, 64.66347803448965692, 130.8309136237396331 ) ) ;
#3925 = CARTESIAN_POINT ( 'NONE',  ( -92.78852960328464405, 141.9419079817567138, 150.4057407317052935 ) ) ;
#3926 = VECTOR ( 'NONE', #2940, 1000.000000000000000 ) ;
#3927 = CARTESIAN_POINT ( 'NONE',  ( -70.78852960328462984, 83.02282474000649870, 161.6585930294566822 ) ) ;
#3928 = CARTESIAN_POINT ( 'NONE',  ( -90.24037781852614160, 119.1810467843590970, 124.8700475200016342 ) ) ;
#3929 = CARTESIAN_POINT ( 'NONE',  ( -71.62343210826307427, 69.28151800167140095, 149.7325884709703701 ) ) ;
#3930 = COLOUR_RGB ( '',0.7921568627450980005, 0.8196078431372548767, 0.9333333333333333481 ) ;
#3931 = CARTESIAN_POINT ( 'NONE',  ( -74.78852960328464405, 141.9419079817567138, 75.00574073170528777 ) ) ;
#3932 = EDGE_CURVE ( 'NONE', #6058, #5192, #262, .T. ) ;
#3933 = CARTESIAN_POINT ( 'NONE',  ( -84.77317255307487187, 139.6724649744393503, 99.31037330342230973 ) ) ;
#3934 = EDGE_CURVE ( 'NONE', #846, #908, #7679, .T. ) ;
#3935 = ORIENTED_EDGE ( 'NONE', *, *, #7577, .T. ) ;
#3936 = VERTEX_POINT ( 'NONE', #2347 ) ;
#3937 = B_SPLINE_CURVE_WITH_KNOTS ( 'NONE', 3,
 ( #1967, #3490, #1926, #3360, #7286, #8086, #4242, #7906, #4153, #5005, #2019, #8038 ),
 .UNSPECIFIED., .F., .F.,
 ( 4, 2, 2, 2, 2, 4 ),
 ( 0.000000000000000000, 0.001729965106998181124, 0.002594947660497238292, 0.003459930213996295894, 0.005189895320994424542, 0.006919860427992553624 ),
 .UNSPECIFIED. ) ;
#3938 = CIRCLE ( 'NONE', #131, 9.999999999999980460 ) ;
#3939 = CARTESIAN_POINT ( 'NONE',  ( -84.45400566722624092, 72.59182197806957504, 152.1089363123230385 ) ) ;
#3940 = CARTESIAN_POINT ( 'NONE',  ( -90.61001005408840570, 118.2679121758610847, 107.0249134542453362 ) ) ;
#3941 = CARTESIAN_POINT ( 'NONE',  ( -79.36285099064315318, 150.1601661935896175, 65.74713115107167027 ) ) ;
#3942 = EDGE_CURVE ( 'NONE', #6604, #1033, #6920, .T. ) ;
#3943 = CARTESIAN_POINT ( 'NONE',  ( -76.78852960328464405, 141.9419079817567138, 147.0057407317052593 ) ) ;
#3944 = CARTESIAN_POINT ( 'NONE',  ( -90.78852960328464405, 141.6583579391500223, 71.02214642643238562 ) ) ;
#3945 = CYLINDRICAL_SURFACE ( 'NONE', #9646, 6.999999999999992006 ) ;
#3946 = CARTESIAN_POINT ( 'NONE',  ( -74.78852960328462984, 65.56384493448734929, 93.20444587682015936 ) ) ;
#3947 = ORIENTED_EDGE ( 'NONE', *, *, #465, .T. ) ;
#3948 = EDGE_CURVE ( 'NONE', #2561, #5878, #7272, .T. ) ;
#3949 = CARTESIAN_POINT ( 'NONE',  ( -71.31363599671050224, 114.1368620189114722, 96.14349619094849686 ) ) ;
#3950 = CARTESIAN_POINT ( 'NONE',  ( -79.72628697065326264, 76.88221850166311810, 161.3013106178464682 ) ) ;
#3951 = CARTESIAN_POINT ( 'NONE',  ( -70.78852960328462984, 151.9527798341965479, 136.3476453026459296 ) ) ;
#3952 = CARTESIAN_POINT ( 'NONE',  ( -83.38852960328463837, 122.5309159640421086, 119.3804998236556827 ) ) ;
#3953 = AXIS2_PLACEMENT_3D ( 'NONE', #594, #6414, #5675 ) ;
#3955 = CARTESIAN_POINT ( 'NONE',  ( -85.44785562322164196, 123.5568738861425544, 102.8564572762009419 ) ) ;
#3954 = CARTESIAN_POINT ( 'NONE',  ( -84.53032673838174560, 137.3959590347852782, 128.6446725917150502 ) ) ;
#3956 = CARTESIAN_POINT ( 'NONE',  ( -72.28852960328462984, 114.8119079817578125, 95.50574073170528777 ) ) ;
#3957 = CYLINDRICAL_SURFACE ( 'NONE', #9031, 1.000000000000000888 ) ;
#3958 = CARTESIAN_POINT ( 'NONE',  ( -80.62085105410072572, 147.3152121886423629, 64.59744460037487102 ) ) ;
#3959 = CARTESIAN_POINT ( 'NONE',  ( -85.30510425071840075, 124.1960225123035286, 124.9058780901426502 ) ) ;
#3960 = CARTESIAN_POINT ( 'NONE',  ( -74.78852960328464405, 63.04341885432508974, 103.4951934469169004 ) ) ;
#3961 = ORIENTED_EDGE ( 'NONE', *, *, #7092, .F. ) ;
#3962 = CARTESIAN_POINT ( 'NONE',  ( -77.87871578596957534, 86.78156815438114791, 61.25779513156511769 ) ) ;
#3963 = AXIS2_PLACEMENT_3D ( 'NONE', #6377, #2404, #1653 ) ;
#3964 = EDGE_LOOP ( 'NONE', ( #4926, #7042, #3503, #9732 ) ) ;
#3965 = CARTESIAN_POINT ( 'NONE',  ( -81.24495428430195432, 148.5015640663634429, 160.8892707677475471 ) ) ;
#3966 = ORIENTED_EDGE ( 'NONE', *, *, #8892, .T. ) ;
#3967 = CARTESIAN_POINT ( 'NONE',  ( -85.36365533423585816, 123.8312607162368835, 102.3386453304215138 ) ) ;
#3968 = COLOUR_RGB ( '',0.7921568627450980005, 0.8196078431372548767, 0.9333333333333333481 ) ;
#3969 = AXIS2_PLACEMENT_3D ( 'NONE', #8909, #9565, #1992 ) ;
#3970 = CARTESIAN_POINT ( 'NONE',  ( -84.46244955451604142, 137.3154978148548651, 97.98260075198028574 ) ) ;
#3971 = CARTESIAN_POINT ( 'NONE',  ( -79.60550061670519995, 77.93178237026202737, 67.40806304919757963 ) ) ;
#3972 = CARTESIAN_POINT ( 'NONE',  ( -90.78852960328464405, 126.9627537494440475, 165.1088986199510487 ) ) ;
#3973 = CARTESIAN_POINT ( 'NONE',  ( -89.53691948924181077, 107.0123022440152880, 113.3546043609143368 ) ) ;
#3974 = VERTEX_POINT ( 'NONE', #857 ) ;
#3975 = DIRECTION ( 'NONE',  ( 0.000000000000000000, 0.000000000000000000, -1.000000000000000000 ) ) ;
#3976 = AXIS2_PLACEMENT_3D ( 'NONE', #3708, #1635, #2324 ) ;
#3977 = LINE ( 'NONE', #900, #6764 ) ;
#3978 = AXIS2_PLACEMENT_3D ( 'NONE', #2183, #1490, #6750 ) ;
#3979 = CARTESIAN_POINT ( 'NONE',  ( -81.46763190582538527, 75.99814568586269559, 66.67078826089452548 ) ) ;
#3980 = CARTESIAN_POINT ( 'NONE',  ( -74.78852960328464405, 72.89378441987464896, 75.69730270851239595 ) ) ;
#3981 = ADVANCED_FACE ( 'NONE', ( #6977 ), #6874, .T. ) ;
#3982 = CIRCLE ( 'NONE', #3495, 5.000000000000031974 ) ;
#3983 = CARTESIAN_POINT ( 'NONE',  ( -90.18167238314282486, 146.8922133199018276, 101.5549078243801233 ) ) ;
#3984 = ORIENTED_EDGE ( 'NONE', *, *, #9388, .F. ) ;
#3985 = CARTESIAN_POINT ( 'NONE',  ( -84.61162144965084053, 138.6105932766035096, 98.60241431384837085 ) ) ;
#3986 = VERTEX_POINT ( 'NONE', #1477 ) ;
#3987 = ORIENTED_EDGE ( 'NONE', *, *, #3147, .T. ) ;
#3988 = AXIS2_PLACEMENT_3D ( 'NONE', #9246, #923, #2584 ) ;
#3989 = CARTESIAN_POINT ( 'NONE',  ( -90.11933055692348660, 60.47597597701452088, 100.7034304761475454 ) ) ;
#3990 = DIRECTION ( 'NONE',  ( 0.000000000000000000, 0.000000000000000000, -1.000000000000000000 ) ) ;
#3991 = CARTESIAN_POINT ( 'NONE',  ( -78.93125612613616227, 149.2018261266952663, 64.42347899024673552 ) ) ;
#3992 = DIRECTION ( 'NONE',  ( 0.000000000000000000, 0.000000000000000000, 1.000000000000000000 ) ) ;
#3993 = FACE_OUTER_BOUND ( 'NONE', #9521, .T. ) ;
#3994 = CARTESIAN_POINT ( 'NONE',  ( -74.78852960328464405, 62.28888925710669611, 111.9362821135248822 ) ) ;
#3995 = VERTEX_POINT ( 'NONE', #8294 ) ;
#3996 = CARTESIAN_POINT ( 'NONE',  ( -70.85643137019181381, 114.8691610523262199, 96.91900325591799970 ) ) ;
#3997 = DIRECTION ( 'NONE',  ( 0.000000000000000000, -1.000000000000000000, 0.000000000000000000 ) ) ;
#3998 = CARTESIAN_POINT ( 'NONE',  ( -80.06421111643486199, 145.6835197774877031, 163.7346528787097100 ) ) ;
#3999 = CARTESIAN_POINT ( 'NONE',  ( -92.78852960328464405, 141.9419079817567138, 75.00574073170528777 ) ) ;
#4000 = CARTESIAN_POINT ( 'NONE',  ( -81.58993636535196003, 77.70649049356286753, 160.0245921151459640 ) ) ;
#4001 = CARTESIAN_POINT ( 'NONE',  ( -78.78852960328464405, 141.9419079817567138, 152.0057407317052878 ) ) ;
#4002 = EDGE_CURVE ( 'NONE', #5844, #6796, #8358, .T. ) ;
#4003 = LINE ( 'NONE', #7192, #963 ) ;
#4004 = DIRECTION ( 'NONE',  ( 0.000000000000000000, 1.000000000000000000, 1.261617073437657735E-14 ) ) ;
#4005 = LINE ( 'NONE', #2535, #2712 ) ;
#4006 = DIRECTION ( 'NONE',  ( 0.000000000000000000, 1.000000000000000000, 0.000000000000000000 ) ) ;
#4007 = CARTESIAN_POINT ( 'NONE',  ( -84.75252967382995450, 126.9642744884190222, 127.6878833242105742 ) ) ;
#4008 = DIRECTION ( 'NONE',  ( 1.000000000000000000, -0.000000000000000000, -0.000000000000000000 ) ) ;
#4009 = ORIENTED_EDGE ( 'NONE', *, *, #7092, .T. ) ;
#4010 = CARTESIAN_POINT ( 'NONE',  ( -78.78852960328464405, 148.6520442482435556, 71.31938675007729955 ) ) ;
#4011 = VERTEX_POINT ( 'NONE', #8394 ) ;
#4012 = CARTESIAN_POINT ( 'NONE',  ( -70.56364823415763965, 65.04238250524957721, 132.1962976061891197 ) ) ;
#4013 = CARTESIAN_POINT ( 'NONE',  ( -78.93840712395721937, 149.2236394587414452, 162.5659593246405734 ) ) ;
#4014 = LINE ( 'NONE', #3174, #6790 ) ;
#4015 = CARTESIAN_POINT ( 'NONE',  ( -79.73009694832008165, 76.08028514119436636, 160.4533079407001992 ) ) ;
#4016 = VERTEX_POINT ( 'NONE', #7703 ) ;
#4017 = CARTESIAN_POINT ( 'NONE',  ( -84.80388529030336997, 139.8524417127491688, 99.44981149519963992 ) ) ;
#4018 = CARTESIAN_POINT ( 'NONE',  ( -83.63748232681676598, 112.7295450171466200, 92.51259045322430552 ) ) ;
#4019 = DIRECTION ( 'NONE',  ( -0.000000000000000000, 1.146924612216070881E-15, -1.000000000000000000 ) ) ;
#4020 = CYLINDRICAL_SURFACE ( 'NONE', #5041, 4.999999999999990230 ) ;
#4021 = CARTESIAN_POINT ( 'NONE',  ( -90.74041117294494541, 104.2084560896517615, 111.9273907175679881 ) ) ;
#4022 = CARTESIAN_POINT ( 'NONE',  ( -90.41508253726942712, 113.3119079817577983, 104.1313754352481453 ) ) ;
#4023 = EDGE_LOOP ( 'NONE', ( #5759, #2233, #2741, #916 ) ) ;
#4024 = CARTESIAN_POINT ( 'NONE',  ( -74.78852960328464405, 65.52640825447605266, 133.7856970724591008 ) ) ;
#4025 = CARTESIAN_POINT ( 'NONE',  ( -72.28852960328462984, 152.9943727267665849, 126.2510169357570220 ) ) ;
#4026 = CARTESIAN_POINT ( 'NONE',  ( -76.78852960328464405, 97.00917494206593972, 162.0861362718193561 ) ) ;
#4027 = B_SPLINE_CURVE_WITH_KNOTS ( 'NONE', 3,
 ( #876, #6831, #8389, #4633, #9238, #2430, #276, #4679, #3946, #126, #3153, #4781, #5403, #8438, #5298, #7594, #231, #3994, #9072, #6943, #7698, #969, #4728, #2481, #5448, #175, #8484, #3209, #2310, #1722, #7745, #2523, #6992, #4038 ),
 .UNSPECIFIED., .F., .F.,
 ( 4, 1, 1, 1, 1, 1, 1, 1, 1, 2, 2, 1, 1, 2, 2, 1, 1, 1, 1, 1, 1, 1, 1, 2, 2, 4 ),
 ( 0.000000000000000000, 0.1249999999999478473, 0.1874999999999217848, 0.2187499999999087397, 0.2343749999999023004, 0.2421874999998990807, 0.2460937499998974154, 0.2480468749998966382, 0.2490234374998961109, 0.2495117187498957223, 0.2499999999998953615, 0.3749999999998822608, 0.4374999999998757660, 0.4687499999998727129, 0.4999999999998696598, 0.6249999999998591127, 0.6874999999998540057, 0.7187499999998520073, 0.7343749999998510081, 0.7421874999998504530, 0.7460937499998496758, 0.7480468749998488986, 0.7490234374998483435, 0.7495117187498485656, 0.7499999999998487876, 1.000000000000000000 ),
 .UNSPECIFIED. ) ;
#4028 = FACE_OUTER_BOUND ( 'NONE', #1623, .T. ) ;
#4029 = ORIENTED_EDGE ( 'NONE', *, *, #3330, .T. ) ;
#4030 = CARTESIAN_POINT ( 'NONE',  ( -84.65180085738879256, 138.9004571615700172, 98.77447407706766569 ) ) ;
#4031 = EDGE_LOOP ( 'NONE', ( #1355, #8209, #7399, #1469, #5083, #5788, #8191, #8776 ) ) ;
#4032 = ORIENTED_EDGE ( 'NONE', *, *, #9493, .T. ) ;
#4033 = CARTESIAN_POINT ( 'NONE',  ( -84.58699073246199873, 72.35427615874395713, 151.7024882138833277 ) ) ;
#4034 = CARTESIAN_POINT ( 'NONE',  ( -77.60517959960921530, 79.73716155499189995, 61.46429237970838955 ) ) ;
#4035 = CARTESIAN_POINT ( 'NONE',  ( -84.54381225030527958, 106.1122787285597155, 103.4671343417364824 ) ) ;
#4036 = CARTESIAN_POINT ( 'NONE',  ( -70.78852960328462984, 114.0204415849168953, 133.5125265045658125 ) ) ;
#4037 = DIRECTION ( 'NONE',  ( -0.000000000000000000, 1.000000000000000000, -0.000000000000000000 ) ) ;
#4038 = CARTESIAN_POINT ( 'NONE',  ( -74.78852960328464405, 74.23430613536913825, 152.2681882201588053 ) ) ;
#4039 = CARTESIAN_POINT ( 'NONE',  ( -79.48729094802361317, 97.17149929694055288, 165.0819782963194484 ) ) ;
#4040 = EDGE_LOOP ( 'NONE', ( #6176, #2332, #6871, #5510 ) ) ;
#4041 = CARTESIAN_POINT ( 'NONE',  ( -70.79919409497409788, 115.1004733168307723, 97.23145623046420383 ) ) ;
#4042 = CARTESIAN_POINT ( 'NONE',  ( -87.92986681203092303, 106.8526543382935614, 133.9241803440926333 ) ) ;
#4043 = CARTESIAN_POINT ( 'NONE',  ( -82.20997722539746633, 74.66650078789730571, 158.4482637409831796 ) ) ;
#4044 = ORIENTED_EDGE ( 'NONE', *, *, #6510, .F. ) ;
#4045 = PLANE ( 'NONE',  #3988 ) ;
#4046 = DIRECTION ( 'NONE',  ( -0.000000000000000000, -0.000000000000000000, 1.000000000000000000 ) ) ;
#4047 = CARTESIAN_POINT ( 'NONE',  ( -89.02580620703902525, 153.2663821601169047, 133.9503710010286852 ) ) ;
#4048 = LINE ( 'NONE', #6156, #2361 ) ;
#4049 = EDGE_LOOP ( 'NONE', ( #1431, #2866, #1778, #7735 ) ) ;
#4050 = CARTESIAN_POINT ( 'NONE',  ( -80.62687425652907791, 78.63385516119670626, 162.4209225852284249 ) ) ;
#4051 = ADVANCED_FACE ( 'NONE', ( #7802 ), #828, .F. ) ;
#4052 = EDGE_CURVE ( 'NONE', #7984, #7663, #469, .T. ) ;
#4053 = ORIENTED_EDGE ( 'NONE', *, *, #4368, .F. ) ;
#4054 = DIRECTION ( 'NONE',  ( -0.2171463930954143362, 0.8685855723816691132, 0.4454284986572592531 ) ) ;
#4055 = EDGE_LOOP ( 'NONE', ( #7829, #2483, #5196, #8718, #248, #7259 ) ) ;
#4056 = CARTESIAN_POINT ( 'NONE',  ( -81.34046824089112704, 78.15021068042474894, 66.35976376018534495 ) ) ;
#4057 = CARTESIAN_POINT ( 'NONE',  ( -85.68568397896885358, 143.2438893950321983, 104.5204977471247361 ) ) ;
#4058 = CARTESIAN_POINT ( 'NONE',  ( -71.51678389043891571, 113.7094422797531621, 96.45419410947067718 ) ) ;
#4059 = CARTESIAN_POINT ( 'NONE',  ( -90.63200747948614833, 104.8745795366249354, 112.2671884039428960 ) ) ;
#4060 = DIRECTION ( 'NONE',  ( -1.000000000000000000, -0.000000000000000000, -0.000000000000000000 ) ) ;
#4061 = CARTESIAN_POINT ( 'NONE',  ( -90.77093277354373413, 103.3119079817578267, 111.4708323586715153 ) ) ;
#4062 = EDGE_LOOP ( 'NONE', ( #296, #8102 ) ) ;
#4063 = DIRECTION ( 'NONE',  ( -1.000000000000000000, -0.000000000000000000, -0.000000000000000000 ) ) ;
#4064 = CARTESIAN_POINT ( 'NONE',  ( -71.49654600308578267, 113.7262501172099007, 133.3296603366397903 ) ) ;
#4065 = CARTESIAN_POINT ( 'NONE',  ( -74.78852960328464405, 69.28116841326392716, 77.27902731469615105 ) ) ;
#4066 = CARTESIAN_POINT ( 'NONE',  ( -70.78852960328462984, 81.41141280376653810, 62.82207159945095754 ) ) ;
#4067 = AXIS2_PLACEMENT_3D ( 'NONE', #3311, #3450, #2634 ) ;
#4068 = DIRECTION ( 'NONE',  ( 1.000000000000000000, 0.000000000000000000, 0.000000000000000000 ) ) ;
#4069 = CARTESIAN_POINT ( 'NONE',  ( -88.72473169950116301, 105.3119079817578267, 118.1939282825258744 ) ) ;
#4070 = ORIENTED_EDGE ( 'NONE', *, *, #5661, .T. ) ;
#4071 = EDGE_LOOP ( 'NONE', ( #701, #8904, #2541, #23 ) ) ;
#4072 = FACE_OUTER_BOUND ( 'NONE', #7131, .T. ) ;
#4073 = AXIS2_PLACEMENT_3D ( 'NONE', #7284, #5792, #4338 ) ;
#4074 = ORIENTED_EDGE ( 'NONE', *, *, #9440, .T. ) ;
#4075 = VERTEX_POINT ( 'NONE', #5279 ) ;
#4076 = EDGE_CURVE ( 'NONE', #9400, #8321, #7575, .T. ) ;
#4077 = CARTESIAN_POINT ( 'NONE',  ( -79.06388052576103576, 142.6215553914695136, 166.0384111230465862 ) ) ;
#4078 = DIRECTION ( 'NONE',  ( 0.000000000000000000, 0.000000000000000000, -1.000000000000000000 ) ) ;
#4079 = CARTESIAN_POINT ( 'NONE',  ( -74.78852960328464405, 70.04702344982972306, 82.22141455284831579 ) ) ;
#4080 = CARTESIAN_POINT ( 'NONE',  ( -84.00954435152614508, 105.3551395507254398, 104.1845723761276190 ) ) ;
#4081 = VECTOR ( 'NONE', #2948, 1000.000000000000000 ) ;
#4082 = CARTESIAN_POINT ( 'NONE',  ( -89.73948684165364398, 144.5152275012818848, 129.2162228464717373 ) ) ;
#4083 = CARTESIAN_POINT ( 'NONE',  ( -88.99711436611956117, 138.2237765081028726, 92.97632336554741528 ) ) ;
#4084 = CARTESIAN_POINT ( 'NONE',  ( -70.78852960328462984, 141.5581117127231039, 70.92190020000548145 ) ) ;
#4085 = CARTESIAN_POINT ( 'NONE',  ( -84.42223212507497010, 138.9424773655652814, 74.80483812540587962 ) ) ;
#4086 = VERTEX_POINT ( 'NONE', #4859 ) ;
#4087 = CARTESIAN_POINT ( 'NONE',  ( -70.82915118007535682, 114.8713865766589635, 97.08437286369921537 ) ) ;
#4088 = ADVANCED_FACE ( 'NONE', ( #2505 ), #7873, .T. ) ;
#4089 = CARTESIAN_POINT ( 'NONE',  ( -89.91888004182123950, 120.4043420141743468, 99.19627534137276825 ) ) ;
#4090 = VECTOR ( 'NONE', #2034, 1000.000000000000000 ) ;
#4091 = CARTESIAN_POINT ( 'NONE',  ( -70.78852960328462984, 150.4395642644483360, 146.9488634284346062 ) ) ;
#4092 = CARTESIAN_POINT ( 'NONE',  ( -87.79634505499673480, 107.0013923486636287, 133.8247812968236872 ) ) ;
#4093 = CARTESIAN_POINT ( 'NONE',  ( -79.17150629985223986, 86.40129431753743461, 165.7971721015383935 ) ) ;
#4094 = CARTESIAN_POINT ( 'NONE',  ( -84.85709950515185085, 126.3099318933236503, 127.2116187465468187 ) ) ;
#4095 = CARTESIAN_POINT ( 'NONE',  ( -78.78852960328464405, 148.6523643092004647, 155.6914970079084526 ) ) ;
#4096 = ORIENTED_EDGE ( 'NONE', *, *, #5777, .T. ) ;
#4097 = VECTOR ( 'NONE', #9810, 999.9999999999998863 ) ;
#4098 = LINE ( 'NONE', #1730, #514 ) ;
#4099 = CARTESIAN_POINT ( 'NONE',  ( -90.78691736124009992, 154.3094055945729792, 117.2387962208844954 ) ) ;
#4100 = CARTESIAN_POINT ( 'NONE',  ( -89.98970616760611563, 115.3119079817578125, 127.8078939665140439 ) ) ;
#4101 = CARTESIAN_POINT ( 'NONE',  ( -83.21942881248240553, 152.9213887618974184, 149.8084589987918491 ) ) ;
#4102 = ADVANCED_FACE ( 'NONE', ( #9218 ), #8402, .F. ) ;
#4103 = CARTESIAN_POINT ( 'NONE',  ( -81.63671307434654523, 149.0024613569085545, 67.10424036815248883 ) ) ;
#4104 = VERTEX_POINT ( 'NONE', #2651 ) ;
#4105 = CARTESIAN_POINT ( 'NONE',  ( -80.62086928982598977, 147.3155774229848589, 162.4134486342253467 ) ) ;
#4106 = VECTOR ( 'NONE', #1940, 1000.000000000000000 ) ;
#4107 = CARTESIAN_POINT ( 'NONE',  ( -84.38873128261755596, 72.70840755198972261, 74.70346870705738240 ) ) ;
#4108 = DIRECTION ( 'NONE',  ( 1.000000000000000000, 0.000000000000000000, 0.000000000000000000 ) ) ;
#4109 = CARTESIAN_POINT ( 'NONE',  ( -85.29858343962067124, 141.9408374365519308, 124.9433469488832458 ) ) ;
#4110 = VERTEX_POINT ( 'NONE', #5626 ) ;
#4111 = CARTESIAN_POINT ( 'NONE',  ( -88.84386155129026008, 113.3119079817578125, 115.4168582814515105 ) ) ;
#4112 = EDGE_CURVE ( 'NONE', #1026, #9640, #5506, .T. ) ;
#4113 = ADVANCED_FACE ( 'NONE', ( #1987 ), #4317, .F. ) ;
#4114 = CARTESIAN_POINT ( 'NONE',  ( -87.78852960328462984, 110.9293568147877664, 102.8454217592787501 ) ) ;
#4115 = CARTESIAN_POINT ( 'NONE',  ( -85.01323590786853401, 140.9346626993944369, 100.4422920816553244 ) ) ;
#4116 = CARTESIAN_POINT ( 'NONE',  ( -71.27057220644267943, 114.4250987240225044, 133.5788129300959497 ) ) ;
#4117 = VECTOR ( 'NONE', #2551, 1000.000000000000000 ) ;
#4118 = CARTESIAN_POINT ( 'NONE',  ( -87.78852960328462984, 110.9293568147877664, 94.16542175927874325 ) ) ;
#4119 = CARTESIAN_POINT ( 'NONE',  ( -77.91524821410330048, 144.7755406103902942, 61.44696381628625659 ) ) ;
#4120 = CARTESIAN_POINT ( 'NONE',  ( -72.28852960328462984, 113.3204415849168925, 96.20574073170529061 ) ) ;
#4121 = ORIENTED_EDGE ( 'NONE', *, *, #9165, .T. ) ;
#4122 = CARTESIAN_POINT ( 'NONE',  ( -72.05908945068924254, 113.6470461292551306, 134.0098992216271085 ) ) ;
#4123 = AXIS2_PLACEMENT_3D ( 'NONE', #1676, #9121, #1622 ) ;
#4124 = ADVANCED_FACE ( 'NONE', ( #3558 ), #5084, .F. ) ;
#4125 = CARTESIAN_POINT ( 'NONE',  ( -74.78852960328464405, 74.23361137435543355, 74.74380800226626320 ) ) ;
#4126 = CARTESIAN_POINT ( 'NONE',  ( -70.78852960328462984, 126.9627537494440475, 165.1088986199510487 ) ) ;
#4127 = CARTESIAN_POINT ( 'NONE',  ( -88.58449397279206039, 105.3119079817578125, 120.8788738981784263 ) ) ;
#4128 = ORIENTED_EDGE ( 'NONE', *, *, #4411, .T. ) ;
#4129 = AXIS2_PLACEMENT_3D ( 'NONE', #5213, #6744, #3017 ) ;
#4130 = CARTESIAN_POINT ( 'NONE',  ( -87.78852960328462984, 106.8293568147877721, 94.16542175927874325 ) ) ;
#4131 = AXIS2_PLACEMENT_3D ( 'NONE', #3024, #8499, #990 ) ;
#4132 = ORIENTED_EDGE ( 'NONE', *, *, #9809, .T. ) ;
#4133 = ORIENTED_EDGE ( 'NONE', *, *, #7653, .T. ) ;
#4134 = DIRECTION ( 'NONE',  ( 0.000000000000000000, 0.000000000000000000, -1.000000000000000000 ) ) ;
#4135 = CARTESIAN_POINT ( 'NONE',  ( -84.75213418780847974, 139.1949149053793064, 127.6896509336714303 ) ) ;
#4136 = CARTESIAN_POINT ( 'NONE',  ( -88.92237934404438704, 133.6309159640421456, 134.4582889486797512 ) ) ;
#4137 = VECTOR ( 'NONE', #9381, 1000.000000000000000 ) ;
#4138 = AXIS2_PLACEMENT_3D ( 'NONE', #9527, #2835, #5224 ) ;
#4139 = CARTESIAN_POINT ( 'NONE',  ( -83.05600497158894768, 69.94534215217241524, 76.08536008840843579 ) ) ;
#4140 = ADVANCED_FACE ( 'NONE', ( #4211 ), #8105, .F. ) ;
#4141 = CARTESIAN_POINT ( 'NONE',  ( -85.73852426170165586, 143.2962438225801520, 121.9666929782287355 ) ) ;
#4142 = CARTESIAN_POINT ( 'NONE',  ( -83.83123796953549345, 139.6593277039840473, 153.9623042434422473 ) ) ;
#4143 = LINE ( 'NONE', #1259, #8986 ) ;
#4144 = VERTEX_POINT ( 'NONE', #7616 ) ;
#4145 = CARTESIAN_POINT ( 'NONE',  ( -70.79919409497406946, 115.0461570836757517, 97.28577246361925290 ) ) ;
#4146 = CARTESIAN_POINT ( 'NONE',  ( -90.39595522357991797, 118.5871226868585353, 103.8923791069025953 ) ) ;
#4147 = CIRCLE ( 'NONE', #9190, 2.999999999999988898 ) ;
#4148 = FACE_OUTER_BOUND ( 'NONE', #2609, .T. ) ;
#4149 = CARTESIAN_POINT ( 'NONE',  ( -89.06000864612225598, 127.9383841821473169, 133.6710223932608699 ) ) ;
#4150 = CARTESIAN_POINT ( 'NONE',  ( -84.64446658556353498, 127.3215697975464167, 98.74411550832348894 ) ) ;
#4151 = ADVANCED_FACE ( 'NONE', ( #5269 ), #1444, .F. ) ;
#4152 = EDGE_LOOP ( 'NONE', ( #4218, #5272, #3291, #419 ) ) ;
#4153 = CARTESIAN_POINT ( 'NONE',  ( -82.13167007157038313, 149.4403620358837657, 158.6369718994970128 ) ) ;
#4154 = CARTESIAN_POINT ( 'NONE',  ( -87.76570717525278553, 107.0124116682184763, 133.8138760954777808 ) ) ;
#4155 = CARTESIAN_POINT ( 'NONE',  ( -82.09498607067831699, 152.2370926079711069, 153.2691187184072987 ) ) ;
#4156 = CARTESIAN_POINT ( 'NONE',  ( -88.78852960328462984, 105.4468056478177402, 103.0725956219346386 ) ) ;
#4157 = EDGE_LOOP ( 'NONE', ( #7434, #3905, #6131, #7528 ) ) ;
#4158 = FACE_OUTER_BOUND ( 'NONE', #9111, .T. ) ;
#4159 = CARTESIAN_POINT ( 'NONE',  ( -72.86100721533742330, 74.23322610728084214, 74.74314353310970205 ) ) ;
#4160 = CARTESIAN_POINT ( 'NONE',  ( -84.13156429122743418, 67.95567527089910698, 147.5494670468077629 ) ) ;
#4161 = ORIENTED_EDGE ( 'NONE', *, *, #800, .T. ) ;
#4162 = EDGE_CURVE ( 'NONE', #5815, #5831, #4465, .T. ) ;
#4163 = EDGE_CURVE ( 'NONE', #9430, #7596, #8048, .T. ) ;
#4164 = CARTESIAN_POINT ( 'NONE',  ( -84.61530226000503774, 138.6382731690349885, 98.61837616036821430 ) ) ;
#4165 = CARTESIAN_POINT ( 'NONE',  ( -71.73604007384082593, 114.1708789506142381, 133.9769310094612251 ) ) ;
#4166 = DIRECTION ( 'NONE',  ( 0.000000000000000000, 1.000000000000000000, 0.000000000000000000 ) ) ;
#4167 = DIRECTION ( 'NONE',  ( 1.000000000000000000, -0.000000000000000000, -0.000000000000000000 ) ) ;
#4168 = VERTEX_POINT ( 'NONE', #3117 ) ;
#4169 = CARTESIAN_POINT ( 'NONE',  ( -71.31363599670967801, 114.1368620189115148, 133.5747710453235868 ) ) ;
#4170 = CARTESIAN_POINT ( 'NONE',  ( -78.67091659780653856, 77.95893484503676518, 163.0698829406448169 ) ) ;
#4171 = CARTESIAN_POINT ( 'NONE',  ( -80.78852960328464405, 141.9419079817567138, 75.00574073170528777 ) ) ;
#4172 = CARTESIAN_POINT ( 'NONE',  ( -79.89415027986768791, 130.4066449886883277, 62.87931184421587005 ) ) ;
#4173 = FACE_BOUND ( 'NONE', #4062, .T. ) ;
#4174 = VERTEX_POINT ( 'NONE', #3669 ) ;
#4175 = CARTESIAN_POINT ( 'NONE',  ( -86.66886164482845345, 105.3119079817578267, 135.6472741455588675 ) ) ;
#4176 = CARTESIAN_POINT ( 'NONE',  ( -89.78852959371835141, 104.4468056478177402, 98.16745013556682409 ) ) ;
#4177 = ORIENTED_EDGE ( 'NONE', *, *, #3367, .T. ) ;
#4178 = ORIENTED_EDGE ( 'NONE', *, *, #5113, .F. ) ;
#4179 = EDGE_CURVE ( 'NONE', #8534, #5665, #3002, .T. ) ;
#4180 = CARTESIAN_POINT ( 'NONE',  ( -79.57324933668770939, 142.1696778089345798, 164.8712962537713338 ) ) ;
#4181 = EDGE_CURVE ( 'NONE', #528, #1388, #9489, .T. ) ;
#4182 = CARTESIAN_POINT ( 'NONE',  ( -84.82743722088454774, 139.6793906135528403, 127.3505730497945763 ) ) ;
#4183 = CARTESIAN_POINT ( 'NONE',  ( -88.12671862957444091, 64.05170899135143259, 88.35743061323682923 ) ) ;
#4184 = DIRECTION ( 'NONE',  ( 0.000000000000000000, 0.000000000000000000, -1.000000000000000000 ) ) ;
#4185 = CARTESIAN_POINT ( 'NONE',  ( -89.02364814093428436, 137.5763988999319167, 133.8819685357340745 ) ) ;
#4186 = CARTESIAN_POINT ( 'NONE',  ( -82.94175115372239304, 149.6557437927470460, 70.54045912483330483 ) ) ;
#4187 = CARTESIAN_POINT ( 'NONE',  ( -77.98050791934664971, 90.70183592075609624, 165.5140454265559811 ) ) ;
#4188 = ORIENTED_EDGE ( 'NONE', *, *, #1827, .T. ) ;
#4189 = CARTESIAN_POINT ( 'NONE',  ( -70.79057221097728814, 115.1670442121065889, 97.34544655306417837 ) ) ;
#4190 = CARTESIAN_POINT ( 'NONE',  ( -89.26413374949288482, 124.7782136007690070, 94.56767765927465064 ) ) ;
#4191 = DIRECTION ( 'NONE',  ( 1.000000000000000000, -0.000000000000000000, -0.000000000000000000 ) ) ;
#4192 = EDGE_CURVE ( 'NONE', #3711, #197, #8524, .T. ) ;
#4193 = CARTESIAN_POINT ( 'NONE',  ( -85.25633547801011503, 124.2170360992903539, 101.7235641860803383 ) ) ;
#4194 = ORIENTED_EDGE ( 'NONE', *, *, #8147, .T. ) ;
#4195 = CARTESIAN_POINT ( 'NONE',  ( -78.78852960328464405, 114.8119079817578125, 132.7125299789917392 ) ) ;
#4196 = CARTESIAN_POINT ( 'NONE',  ( -81.85275765393471659, 104.4468056478177402, 105.0493643056304194 ) ) ;
#4197 = CARTESIAN_POINT ( 'NONE',  ( -83.38799941611092947, 149.9210844753015124, 155.2398270456897080 ) ) ;
#4198 = CARTESIAN_POINT ( 'NONE',  ( -72.28852960328462984, 114.8119079817578125, 132.7125299789917392 ) ) ;
#4199 = VERTEX_POINT ( 'NONE', #2451 ) ;
#4200 = CARTESIAN_POINT ( 'NONE',  ( -81.02147513054525518, 77.11356510657323327, 161.4531268757051805 ) ) ;
#4201 = EDGE_CURVE ( 'NONE', #3383, #6822, #7111, .T. ) ;
#4202 = CARTESIAN_POINT ( 'NONE',  ( -79.98078818696482983, 76.47689346015512513, 66.08628684924877916 ) ) ;
#4203 = VERTEX_POINT ( 'NONE', #199 ) ;
#4204 = DIRECTION ( 'NONE',  ( 1.000000000000000000, 0.000000000000000000, 0.000000000000000000 ) ) ;
#4205 = DIRECTION ( 'NONE',  ( 1.000000000000000000, -0.000000000000000000, -0.000000000000000000 ) ) ;
#4206 = CARTESIAN_POINT ( 'NONE',  ( -85.85362349491920497, 122.6115173819807893, 105.9719947067221426 ) ) ;
#4207 = CARTESIAN_POINT ( 'NONE',  ( -70.78852960328462984, 97.20908031448949771, 165.0794685023070372 ) ) ;
#4208 = CARTESIAN_POINT ( 'NONE',  ( -71.08889688830100795, 114.5803080798115303, 133.3358999738826753 ) ) ;
#4209 = CARTESIAN_POINT ( 'NONE',  ( -72.04239758566666296, 70.95745823140279640, 150.4127344092496230 ) ) ;
#4210 = ORIENTED_EDGE ( 'NONE', *, *, #5277, .F. ) ;
#4211 = FACE_OUTER_BOUND ( 'NONE', #4241, .T. ) ;
#4212 = CARTESIAN_POINT ( 'NONE',  ( -72.18217068309797924, 114.0379765074730329, 134.1850647494589452 ) ) ;
#4213 = CARTESIAN_POINT ( 'NONE',  ( -85.13353014857702306, 141.2579326864330653, 125.8483094460023324 ) ) ;
#4214 = EDGE_CURVE ( 'NONE', #1554, #6917, #1770, .T. ) ;
#4215 = CARTESIAN_POINT ( 'NONE',  ( -88.77123190257179886, 111.3119079817581252, 113.5054217592787182 ) ) ;
#4216 = CARTESIAN_POINT ( 'NONE',  ( -88.10854446506490945, 113.4657540666728153, 132.0160233298899470 ) ) ;
#4217 = ORIENTED_EDGE ( 'NONE', *, *, #6996, .F. ) ;
#4218 = ORIENTED_EDGE ( 'NONE', *, *, #4624, .T. ) ;
#4219 = CARTESIAN_POINT ( 'NONE',  ( -78.73241471658550950, 148.6295562489418387, 163.1600515490035264 ) ) ;
#4220 = ADVANCED_FACE ( 'NONE', ( #406 ), #5953, .F. ) ;
#4221 = CARTESIAN_POINT ( 'NONE',  ( -84.35303021715698435, 130.2417507293804135, 97.54464256080180462 ) ) ;
#4222 = B_SPLINE_CURVE_WITH_KNOTS ( 'NONE', 3,
 ( #6929, #5437, #7835, #8474, #6569, #604, #9612, #8716, #6616, #7972, #9530, #8755, #9758, #1500, #6761, #4416, #8962, #8217, #1378, #8742, #4309, #7246, #9597, #2821, #1328, #499, #3606, #6599, #5865, #8151, #2274, #5257, #1432, #3792, #9080, #5307, #6099, #8344, #1577, #9133, #4136 ),
 .UNSPECIFIED., .F., .F.,
 ( 4, 1, 2, 2, 2, 2, 2, 2, 2, 2, 2, 2, 2, 2, 2, 2, 2, 2, 2, 2, 4 ),
 ( 0.000000000000000000, 0.06250000000000506539, 0.09375000000000686950, 0.1250000000000086875, 0.1562500000000104916, 0.1875000000000122957, 0.2187500000000141276, 0.2500000000000159317, 0.3125000000000162093, 0.3750000000000164868, 0.5000000000000122125, 0.5625000000000113243, 0.5937500000000119904, 0.6250000000000127676, 0.6562500000000135447, 0.6875000000000143219, 0.7500000000000124345, 0.7812500000000123235, 0.8125000000000122125, 0.8750000000000096589, 1.000000000000000000 ),
 .UNSPECIFIED. ) ;
#4223 = PLANE ( 'NONE',  #9011 ) ;
#4224 = AXIS2_PLACEMENT_3D ( 'NONE', #2908, #8126, #8925 ) ;
#4225 = CARTESIAN_POINT ( 'NONE',  ( -85.18212135809575614, 141.4705009616543521, 125.5908130405713479 ) ) ;
#4226 = CARTESIAN_POINT ( 'NONE',  ( -89.32746870635023129, 141.9444972561489351, 94.96517180160864768 ) ) ;
#4227 = CARTESIAN_POINT ( 'NONE',  ( -84.05242590196567676, 139.2353331951453583, 153.3141692798127451 ) ) ;
#4228 = DIRECTION ( 'NONE',  ( 1.000000000000000000, -0.000000000000000000, -0.000000000000000000 ) ) ;
#4229 = CARTESIAN_POINT ( 'NONE',  ( -85.23699369026334693, 140.0798521829278229, 77.36632079855219501 ) ) ;
#4230 = ORIENTED_EDGE ( 'NONE', *, *, #6877, .F. ) ;
#4231 = DIRECTION ( 'NONE',  ( 0.000000000000000000, 0.000000000000000000, -1.000000000000000000 ) ) ;
#4232 = CARTESIAN_POINT ( 'NONE',  ( -70.82915118007609578, 114.8713865766589635, 132.6338943725718309 ) ) ;
#4233 = DIRECTION ( 'NONE',  ( -0.7429938490681713414, -0.000000000000000000, -0.6692982446166010346 ) ) ;
#4234 = CIRCLE ( 'NONE', #8803, 1.600000000000004086 ) ;
#4235 = CARTESIAN_POINT ( 'NONE',  ( -87.90817130876696694, 66.42241264284683666, 139.5424403877781572 ) ) ;
#4236 = CARTESIAN_POINT ( 'NONE',  ( -88.90228279233546971, 64.64624650168006781, 134.6037991165308085 ) ) ;
#4237 = CARTESIAN_POINT ( 'NONE',  ( -84.43493617798600326, 72.62588541776922568, 152.1669986749933514 ) ) ;
#4238 = DIRECTION ( 'NONE',  ( 1.000000000000000000, 0.000000000000000000, 0.000000000000000000 ) ) ;
#4239 = EDGE_CURVE ( 'NONE', #867, #2442, #1478, .T. ) ;
#4240 = EDGE_CURVE ( 'NONE', #5926, #1386, #7496, .T. ) ;
#4241 = EDGE_LOOP ( 'NONE', ( #1836, #4606, #8170, #3021 ) ) ;
#4242 = CARTESIAN_POINT ( 'NONE',  ( -81.63144456074090272, 148.9969941382730951, 159.9200392387525085 ) ) ;
#4243 = CARTESIAN_POINT ( 'NONE',  ( -87.47823208024981056, 105.3958262635758132, 133.5385246078070338 ) ) ;
#4244 = CARTESIAN_POINT ( 'NONE',  ( -85.20669561008557480, 154.1307497249579797, 142.7974185899381041 ) ) ;
#4245 = AXIS2_PLACEMENT_3D ( 'NONE', #2604, #6227, #8426 ) ;
#4246 = CARTESIAN_POINT ( 'NONE',  ( -80.62085105410072572, 147.3152121886423913, 64.59744460037488523 ) ) ;
#4247 = ORIENTED_EDGE ( 'NONE', *, *, #9617, .T. ) ;
#4248 = CARTESIAN_POINT ( 'NONE',  ( -71.64608252660563892, 69.37211967504161692, 77.11476065697914350 ) ) ;
#4249 = CARTESIAN_POINT ( 'NONE',  ( -84.84091914354932840, 71.90067889465309747, 76.09443351610627815 ) ) ;
#4250 = CARTESIAN_POINT ( 'NONE',  ( -79.74768730163042108, 76.86701527764714115, 161.2903850588985790 ) ) ;
#4251 = VERTEX_POINT ( 'NONE', #8340 ) ;
#4252 = AXIS2_PLACEMENT_3D ( 'NONE', #1563, #7591, #9281 ) ;
#4253 = CARTESIAN_POINT ( 'NONE',  ( -84.71338212762486819, 106.5307185868205124, 93.92167804468415682 ) ) ;
#4254 = FACE_OUTER_BOUND ( 'NONE', #3233, .T. ) ;
#4255 = CARTESIAN_POINT ( 'NONE',  ( -79.77415549105876380, 134.3955505962345001, 164.4096638246360271 ) ) ;
#4256 = CYLINDRICAL_SURFACE ( 'NONE', #922, 3.000000000000002665 ) ;
#4257 = AXIS2_PLACEMENT_3D ( 'NONE', #1197, #5722, #413 ) ;
#4258 = ORIENTED_EDGE ( 'NONE', *, *, #5351, .T. ) ;
#4259 = CARTESIAN_POINT ( 'NONE',  ( -71.55930647615161888, 113.9504214120891703, 133.7909462643012262 ) ) ;
#4260 = CARTESIAN_POINT ( 'NONE',  ( -85.93778984764458073, 122.5472789127781539, 120.0398774328239995 ) ) ;
#4261 = EDGE_CURVE ( 'NONE', #5884, #3022, #830, .T. ) ;
#4262 = AXIS2_PLACEMENT_3D ( 'NONE', #2050, #7709, #7753 ) ;
#4263 = CARTESIAN_POINT ( 'NONE',  ( -79.21106116536078900, 85.40160178911860100, 61.30249572675016623 ) ) ;
#4264 = CARTESIAN_POINT ( 'NONE',  ( -88.84386155128922269, 105.3119079817578267, 115.4168582814518373 ) ) ;
#4265 = DIRECTION ( 'NONE',  ( 1.000000000000000000, -0.000000000000000000, -0.000000000000000000 ) ) ;
#4266 = EDGE_LOOP ( 'NONE', ( #3155, #4661 ) ) ;
#4267 = ORIENTED_EDGE ( 'NONE', *, *, #9460, .T. ) ;
#4268 = AXIS2_PLACEMENT_3D ( 'NONE', #8532, #4828, #9435 ) ;
#4269 = CARTESIAN_POINT ( 'NONE',  ( -85.11006182988559488, 144.2305835342752687, 76.95540962198613499 ) ) ;
#4270 = CARTESIAN_POINT ( 'NONE',  ( -88.78852960328462984, 106.6293568147877551, 94.50674166600603598 ) ) ;
#4271 = AXIS2_PLACEMENT_3D ( 'NONE', #3409, #533, #3537 ) ;
#4272 = AXIS2_PLACEMENT_3D ( 'NONE', #5524, #4108, #1138 ) ;
#4273 = CARTESIAN_POINT ( 'NONE',  ( -90.30627639547954288, 147.2132682344898740, 124.1594347189109158 ) ) ;
#4274 = LINE ( 'NONE', #8818, #3465 ) ;
#4275 = CARTESIAN_POINT ( 'NONE',  ( -72.66989164941055890, 73.46735616626136789, 75.28911743463942230 ) ) ;
#4276 = CARTESIAN_POINT ( 'NONE',  ( -78.07917378354127891, 83.26014896725968129, 165.1735019298083955 ) ) ;
#4277 = B_SPLINE_CURVE_WITH_KNOTS ( 'NONE', 3,
 ( #5045, #2151, #5139, #4377, #5888, #4657 ),
 .UNSPECIFIED., .F., .F.,
 ( 4, 2, 4 ),
 ( 0.000000000000000000, 0.5000000000000000000, 1.000000000000000000 ),
 .UNSPECIFIED. ) ;
#4278 = FACE_OUTER_BOUND ( 'NONE', #1250, .T. ) ;
#4279 = ORIENTED_EDGE ( 'NONE', *, *, #9026, .F. ) ;
#4280 = DIRECTION ( 'NONE',  ( 0.000000000000000000, 0.000000000000000000, 1.000000000000000000 ) ) ;
#4281 = ORIENTED_EDGE ( 'NONE', *, *, #5898, .F. ) ;
#4282 = ADVANCED_FACE ( 'NONE', ( #9129 ), #8586, .T. ) ;
#4283 = CARTESIAN_POINT ( 'NONE',  ( -86.78852960328464405, 86.94190798175786483, 113.5057407317052736 ) ) ;
#4284 = CARTESIAN_POINT ( 'NONE',  ( -70.82915118007638000, 114.8990737169108201, 132.6615815128236591 ) ) ;
#4285 = FACE_OUTER_BOUND ( 'NONE', #4040, .T. ) ;
#4286 = AXIS2_PLACEMENT_3D ( 'NONE', #103, #1543, #9157 ) ;
#4287 = PLANE ( 'NONE',  #4073 ) ;
#4288 = CARTESIAN_POINT ( 'NONE',  ( -79.94999486251428777, 95.15191407196242324, 164.0013484209630121 ) ) ;
#4289 = VERTEX_POINT ( 'NONE', #8443 ) ;
#4290 = DIRECTION ( 'NONE',  ( 0.000000000000000000, -0.000000000000000000, -1.000000000000000000 ) ) ;
#4291 = CARTESIAN_POINT ( 'NONE',  ( -78.30190157946191221, 122.0042115229868926, 164.7678952320639212 ) ) ;
#4292 = DIRECTION ( 'NONE',  ( -1.000000000000000000, 0.000000000000000000, 0.000000000000000000 ) ) ;
#4293 = AXIS2_PLACEMENT_3D ( 'NONE', #9370, #4808, #308 ) ;
#4294 = CARTESIAN_POINT ( 'NONE',  ( -88.66070395815292216, 103.3119079817578267, 135.8791374862808539 ) ) ;
#4295 = CARTESIAN_POINT ( 'NONE',  ( -88.78811663507815410, 156.3100890315482445, 111.6211252957173343 ) ) ;
#4296 = VECTOR ( 'NONE', #6122, 1000.000000000000000 ) ;
#4297 = CARTESIAN_POINT ( 'NONE',  ( -72.65214742853690666, 73.39637928276674472, 151.6717893957854812 ) ) ;
#4298 = CARTESIAN_POINT ( 'NONE',  ( -88.92238171107054256, 132.0619511985293002, 134.4582756603933547 ) ) ;
#4299 = ORIENTED_EDGE ( 'NONE', *, *, #1574, .T. ) ;
#4300 = CARTESIAN_POINT ( 'NONE',  ( -72.17641400730697399, 113.8575599088657384, 95.55240424109429398 ) ) ;
#4301 = LINE ( 'NONE', #7292, #6006 ) ;
#4302 = CYLINDRICAL_SURFACE ( 'NONE', #157, 2.000000000000001776 ) ;
#4303 = CARTESIAN_POINT ( 'NONE',  ( -72.86100721533742330, 74.23322610728084214, 74.74314353310970205 ) ) ;
#4304 = CARTESIAN_POINT ( 'NONE',  ( -70.01483027826833450, 62.84711068169232817, 104.9987643025628898 ) ) ;
#4305 = EDGE_CURVE ( 'NONE', #6345, #6035, #353, .T. ) ;
#4306 = ADVANCED_FACE ( 'NONE', ( #1980 ), #2133, .F. ) ;
#4307 = EDGE_LOOP ( 'NONE', ( #7279, #1991, #2660, #3908, #4364, #355, #7819, #6700 ) ) ;
#4308 = DIRECTION ( 'NONE',  ( 0.000000000000000000, 0.000000000000000000, -1.000000000000000000 ) ) ;
#4309 = CARTESIAN_POINT ( 'NONE',  ( -89.56882280516558126, 143.3970838247384165, 130.4482948328495411 ) ) ;
#4310 = ORIENTED_EDGE ( 'NONE', *, *, #2103, .F. ) ;
#4311 = CARTESIAN_POINT ( 'NONE',  ( -80.00151261267784264, 145.4327401336785215, 63.12974086490436321 ) ) ;
#4312 = CARTESIAN_POINT ( 'NONE',  ( -85.57331081597379807, 123.2941913708796164, 123.2123317714357711 ) ) ;
#4313 = CARTESIAN_POINT ( 'NONE',  ( -82.94177349259386745, 149.6560645574505770, 156.4704160897753695 ) ) ;
#4314 = CARTESIAN_POINT ( 'NONE',  ( -79.82391011764553923, 147.3085695941280449, 62.70516399875343438 ) ) ;
#4315 = ORIENTED_EDGE ( 'NONE', *, *, #1527, .F. ) ;
#4316 = VERTEX_POINT ( 'NONE', #6552 ) ;
#4317 = CYLINDRICAL_SURFACE ( 'NONE', #9331, 220.0000000000000853 ) ;
#4318 = CARTESIAN_POINT ( 'NONE',  ( -70.97586510934165460, 114.4048372781168439, 132.8201164810090802 ) ) ;
#4319 = CARTESIAN_POINT ( 'NONE',  ( -83.91626736301628853, 153.3454555859354684, 147.4667535732415047 ) ) ;
#4320 = DIRECTION ( 'NONE',  ( -0.000000000000000000, -1.000000000000000000, -0.000000000000000000 ) ) ;
#4321 = PLANE ( 'NONE',  #5333 ) ;
#4322 = ORIENTED_EDGE ( 'NONE', *, *, #4696, .T. ) ;
#4323 = ORIENTED_EDGE ( 'NONE', *, *, #7314, .T. ) ;
#4324 = CARTESIAN_POINT ( 'NONE',  ( -90.45229069631143659, 118.4561714867460722, 104.6083086529051371 ) ) ;
#4325 = CARTESIAN_POINT ( 'NONE',  ( -90.59696868535938563, 114.4256533731665968, 113.2467852805353203 ) ) ;
#4326 = DIRECTION ( 'NONE',  ( 0.000000000000000000, 0.000000000000000000, -1.000000000000000000 ) ) ;
#4327 = DIRECTION ( 'NONE',  ( 0.000000000000000000, 0.1039136622497603274, -0.9945863214411521103 ) ) ;
#4328 = CARTESIAN_POINT ( 'NONE',  ( -89.24060434407179798, 141.1714098588108754, 94.42068243251030424 ) ) ;
#4329 = CARTESIAN_POINT ( 'NONE',  ( -76.78852960328464405, 141.9419079817567138, 75.00574073170528777 ) ) ;
#4330 = CARTESIAN_POINT ( 'NONE',  ( -83.47471439079593836, 141.5412596852912941, 154.9857223031591502 ) ) ;
#4331 = ORIENTED_EDGE ( 'NONE', *, *, #465, .F. ) ;
#4332 = CARTESIAN_POINT ( 'NONE',  ( -78.78852960328464405, 153.3102404381870940, 113.1266142953755178 ) ) ;
#4333 = EDGE_LOOP ( 'NONE', ( #5167, #2685, #4858, #8973 ) ) ;
#4334 = CARTESIAN_POINT ( 'NONE',  ( -70.80557638945941790, 115.0615731664143766, 132.5393197463454840 ) ) ;
#4335 = CARTESIAN_POINT ( 'NONE',  ( -90.54859078600263445, 104.2901242667128372, 113.4315661265365947 ) ) ;
#4336 = B_SPLINE_CURVE_WITH_KNOTS ( 'NONE', 3,
 ( #7311, #2898, #559, #8961, #5090, #8066, #2043, #6664, #7407, #6615, #8110, #3570, #5036, #9712, #661, #9670 ),
 .UNSPECIFIED., .F., .F.,
 ( 4, 2, 2, 2, 2, 2, 2, 4 ),
 ( -1.279488654557553082E-05, 0.001309225173820351357, 0.002631245234186277947, 0.003292255264369241350, 0.003953265294552204753, 0.004614275324735167723, 0.004944780339826616682, 0.005275285354918065640 ),
 .UNSPECIFIED. ) ;
#4337 = CARTESIAN_POINT ( 'NONE',  ( -89.32220724148994861, 61.90646041872766148, 132.0957535126033520 ) ) ;
#4338 = DIRECTION ( 'NONE',  ( -1.000000000000000000, 0.000000000000000000, 0.000000000000000000 ) ) ;
#4339 = ORIENTED_EDGE ( 'NONE', *, *, #9099, .T. ) ;
#4340 = CARTESIAN_POINT ( 'NONE',  ( -90.77907233273717225, 84.33689196971270974, 112.0049902265485713 ) ) ;
#4341 = CARTESIAN_POINT ( 'NONE',  ( -88.60579882943760310, 104.6970615555699737, 133.0487651050763702 ) ) ;
#4342 = CARTESIAN_POINT ( 'NONE',  ( -83.98845994570513085, 150.2775018944849705, 73.49927683730614092 ) ) ;
#4343 = FACE_BOUND ( 'NONE', #4266, .T. ) ;
#4344 = CARTESIAN_POINT ( 'NONE',  ( -88.92237934404440125, 132.5309159640421228, 134.4582889486796660 ) ) ;
#4345 = ORIENTED_EDGE ( 'NONE', *, *, #3812, .T. ) ;
#4346 = CARTESIAN_POINT ( 'NONE',  ( -71.55930647615151940, 113.9504214120892556, 95.92732097196999064 ) ) ;
#4347 = CARTESIAN_POINT ( 'NONE',  ( -78.78852960328467248, 62.81522406262282487, 103.7358882944830043 ) ) ;
#4348 = CARTESIAN_POINT ( 'NONE',  ( -71.28142073093626152, 67.91347249236409311, 86.90287910983892061 ) ) ;
#4349 = VERTEX_POINT ( 'NONE', #7248 ) ;
#4350 =( BOUNDED_SURFACE ( )  B_SPLINE_SURFACE ( 3, 2, ( 
 ( #9402, #4643, #4928 ),
 ( #9447, #1183, #9549 ),
 ( #2067, #2021, #2681 ),
 ( #8087, #8779, #2766 ),
 ( #1969, #2726, #5755 ),
 ( #4154, #7330, #6588 ),
 ( #489, #5655, #7154 ),
 ( #4967, #7991, #5856 ),
 ( #6440, #4243, #4887 ),
 ( #6496, #5065, #579 ),
 ( #7951, #3449, #3594 ),
 ( #1875, #8735, #1129 ),
 ( #9638, #8685, #4341 ),
 ( #400, #1272, #3410 ),
 ( #1928, #5006, #1317 ),
 ( #5704, #9501, #2863 ),
 ( #8041, #441, #6398 ),
 ( #4294, #7287, #534 ) ),
 .UNSPECIFIED., .F., .F., .T. ) 
 B_SPLINE_SURFACE_WITH_KNOTS ( ( 4, 2, 2, 2, 2, 2, 2, 2, 4 ),
 ( 3, 3 ),
 ( 0.000000000000000000, 0.0009578853689647420138, 0.001436828053447113075, 0.001915770737929484028, 0.002394713422411855197, 0.002873656106894226150, 0.003831541475858968055, 0.005747312213788452299, 0.007663082951717936110 ),
 ( 0.000000000000000000, 1.000000000000000000 ),
 .UNSPECIFIED. ) 
 GEOMETRIC_REPRESENTATION_ITEM ( )  RATIONAL_B_SPLINE_SURFACE ( (
 ( 1.000000000000000000, 0.7071067811865533459, 1.000000000000000000),
 ( 1.000000000000000000, 0.7075688374070288056, 1.000000000000000000),
 ( 1.000000000000000000, 0.7150768525764766848, 1.000000000000000000),
 ( 1.000000000000000000, 0.7340688293023327482, 1.000000000000000000),
 ( 1.000000000000000000, 0.7416568497733384557, 1.000000000000000000),
 ( 1.000000000000000000, 0.7582231770177512153, 1.000000000000000000),
 ( 1.000000000000000000, 0.7672514884322333417, 1.000000000000000000),
 ( 1.000000000000000000, 0.7861955805619275095, 1.000000000000000000),
 ( 1.000000000000000000, 0.7961485926111262490, 1.000000000000000000),
 ( 1.000000000000000000, 0.8159680490412488663, 1.000000000000000000),
 ( 1.000000000000000000, 0.8258933568870541198, 1.000000000000000000),
 ( 1.000000000000000000, 0.8552323234410130759, 1.000000000000000000),
 ( 1.000000000000000000, 0.8743277736648932263, 1.000000000000000000),
 ( 1.000000000000000000, 0.9263502958300366963, 1.000000000000000000),
 ( 1.000000000000000000, 0.9536722367134643497, 1.000000000000000000),
 ( 1.000000000000000000, 0.9907241150279676445, 1.000000000000000000),
 ( 1.000000000000000000, 0.9999497023755484770, 1.000000000000000000),
 ( 1.000000000000000000, 1.000000000000000000, 1.000000000000000000) ) ) 
 REPRESENTATION_ITEM ( '' )  SURFACE ( )  );
#4351 = EDGE_CURVE ( 'NONE', #2460, #2373, #7890, .T. ) ;
#4352 = DIRECTION ( 'NONE',  ( 0.000000000000000000, 0.000000000000000000, -1.000000000000000000 ) ) ;
#4353 = EDGE_CURVE ( 'NONE', #2907, #734, #4642, .T. ) ;
#4354 = CARTESIAN_POINT ( 'NONE',  ( -70.87236021153886156, 114.6792698938521937, 97.07338157301370529 ) ) ;
#4355 = CARTESIAN_POINT ( 'NONE',  ( -84.78852960328464405, 104.4468056478177402, 105.0493643056304194 ) ) ;
#4356 = CARTESIAN_POINT ( 'NONE',  ( -80.41181071526722235, 146.8201035460571973, 64.09562428194564632 ) ) ;
#4357 = ORIENTED_EDGE ( 'NONE', *, *, #3418, .F. ) ;
#4358 = VERTEX_POINT ( 'NONE', #31 ) ;
#4359 = CARTESIAN_POINT ( 'NONE',  ( -72.28852960328462984, 112.8119080014294724, 133.0054217592787609 ) ) ;
#4360 = ORIENTED_EDGE ( 'NONE', *, *, #8752, .F. ) ;
#4361 = CARTESIAN_POINT ( 'NONE',  ( -79.08835793528312763, 80.04580016602498915, 61.03441908418153616 ) ) ;
#4362 = CARTESIAN_POINT ( 'NONE',  ( -70.83217866267864338, 114.8277686258519452, 132.5710097206370506 ) ) ;
#4363 = CARTESIAN_POINT ( 'NONE',  ( -85.15751048064784356, 141.3633689440574983, 125.7215716619252106 ) ) ;
#4364 = ORIENTED_EDGE ( 'NONE', *, *, #2177, .F. ) ;
#4365 = CARTESIAN_POINT ( 'NONE',  ( -79.28305497038357430, 76.88403425321992302, 65.43814137956863419 ) ) ;
#4366 = ADVANCED_FACE ( 'NONE', ( #6151 ), #8993, .F. ) ;
#4367 = CARTESIAN_POINT ( 'NONE',  ( -87.47823208025087638, 113.2279896999398545, 133.5385246078092507 ) ) ;
#4368 = EDGE_CURVE ( 'NONE', #8584, #4652, #329, .T. ) ;
#4369 = CARTESIAN_POINT ( 'NONE',  ( -90.26744254639899623, 113.9614218251140443, 114.1809550533041460 ) ) ;
#4370 = ORIENTED_EDGE ( 'NONE', *, *, #428, .T. ) ;
#4371 = ORIENTED_EDGE ( 'NONE', *, *, #1380, .F. ) ;
#4372 = DIRECTION ( 'NONE',  ( 0.000000000000000000, 1.000000000000000000, 0.000000000000000000 ) ) ;
#4373 = CARTESIAN_POINT ( 'NONE',  ( -74.78852960328464405, 67.14113267551647368, 88.78725280721268120 ) ) ;
#4374 = CARTESIAN_POINT ( 'NONE',  ( -81.92736433108386507, 151.4057795095631036, 70.73449384320528566 ) ) ;
#4375 = CARTESIAN_POINT ( 'NONE',  ( -90.78852960328464405, 76.17700562666578890, 66.42289414498492306 ) ) ;
#4376 = CARTESIAN_POINT ( 'NONE',  ( -90.78852960328464405, 111.8688076255531314, 164.5904987380681916 ) ) ;
#4377 = CARTESIAN_POINT ( 'NONE',  ( -81.10821239283615114, 77.48360823167159595, 160.9063715649423330 ) ) ;
#4378 = FACE_OUTER_BOUND ( 'NONE', #5087, .T. ) ;
#4379 = CARTESIAN_POINT ( 'NONE',  ( -79.05060608845933245, 140.9111038366477544, 60.94277592605460114 ) ) ;
#4380 = CARTESIAN_POINT ( 'NONE',  ( -85.97090709588684376, 143.6309159640421456, 107.2804998236556884 ) ) ;
#4381 = CARTESIAN_POINT ( 'NONE',  ( -90.78852960328464405, 97.20908031448949771, 165.0794685023070372 ) ) ;
#4382 = EDGE_LOOP ( 'NONE', ( #9500, #1568, #2156, #6374, #855, #5498 ) ) ;
#4383 = CARTESIAN_POINT ( 'NONE',  ( -72.87979196403173887, 74.30695742474613041, 74.62468119400016064 ) ) ;
#4384 = FACE_OUTER_BOUND ( 'NONE', #177, .T. ) ;
#4385 = CARTESIAN_POINT ( 'NONE',  ( -72.78852960328462984, 114.0204415849168953, 132.2760348314621410 ) ) ;
#4386 = VECTOR ( 'NONE', #7066, 1000.000000000000000 ) ;
#4387 = ORIENTED_EDGE ( 'NONE', *, *, #4720, .F. ) ;
#4388 = CARTESIAN_POINT ( 'NONE',  ( -78.37946980574399447, 107.1275604625309370, 164.5856993797906966 ) ) ;
#4389 = CARTESIAN_POINT ( 'NONE',  ( -78.78852960328464405, 68.32660295023789843, 85.93959922787723826 ) ) ;
#4390 = CARTESIAN_POINT ( 'NONE',  ( -83.26523107624007025, 151.7490272384465868, 71.42501005401589964 ) ) ;
#4391 = CARTESIAN_POINT ( 'NONE',  ( -89.45141383990745965, 123.6570534432577659, 131.2420546518205526 ) ) ;
#4392 = EDGE_LOOP ( 'NONE', ( #9491, #1679, #5701, #117 ) ) ;
#4393 = CARTESIAN_POINT ( 'NONE',  ( -71.55587596473354495, 113.8893057384250085, 95.97038477710314908 ) ) ;
#4394 = CARTESIAN_POINT ( 'NONE',  ( -88.77123190257186991, 107.3119079817578267, 113.5054217592787325 ) ) ;
#4395 = CARTESIAN_POINT ( 'NONE',  ( -74.78852960328464405, 74.23430613536913825, 152.2681882201588053 ) ) ;
#4396 = EDGE_LOOP ( 'NONE', ( #4626, #5644, #7090, #4210 ) ) ;
#4397 = CARTESIAN_POINT ( 'NONE',  ( -72.78852960328462984, 114.0204415849168953, 97.44223240480899051 ) ) ;
#4398 = CARTESIAN_POINT ( 'NONE',  ( -84.35241885207327073, 131.8713966921524730, 129.3640898868998192 ) ) ;
#4399 = CYLINDRICAL_SURFACE ( 'NONE', #2713, 220.0000000000000853 ) ;
#4400 = AXIS2_PLACEMENT_3D ( 'NONE', #1209, #4951, #7360 ) ;
#4401 = CARTESIAN_POINT ( 'NONE',  ( -79.47435938998229688, 127.0010709073010275, 61.89948737625373809 ) ) ;
#4402 = DIRECTION ( 'NONE',  ( 1.000000000000000000, -0.000000000000000000, -0.000000000000000000 ) ) ;
#4403 = CARTESIAN_POINT ( 'NONE',  ( -80.06306984475955346, 145.6789580016882439, 63.27360814329230720 ) ) ;
#4404 = FACE_OUTER_BOUND ( 'NONE', #9727, .T. ) ;
#4405 = CARTESIAN_POINT ( 'NONE',  ( -90.48254264355935561, 105.1767020982362624, 105.0209030348741805 ) ) ;
#4406 = ORIENTED_EDGE ( 'NONE', *, *, #5351, .F. ) ;
#4407 = VERTEX_POINT ( 'NONE', #190 ) ;
#4408 = ORIENTED_EDGE ( 'NONE', *, *, #8787, .T. ) ;
#4409 = CARTESIAN_POINT ( 'NONE',  ( -71.05706662543309449, 114.4260708597710590, 133.2403295792577183 ) ) ;
#4410 = CARTESIAN_POINT ( 'NONE',  ( -78.37535032596100848, 117.0450647033829199, 62.41561002879477371 ) ) ;
#4411 = EDGE_CURVE ( 'NONE', #3169, #6798, #4274, .T. ) ;
#4412 = CARTESIAN_POINT ( 'NONE',  ( -82.59712827433898497, 152.5426792080287726, 151.7490750380026157 ) ) ;
#4413 = CARTESIAN_POINT ( 'NONE',  ( -87.41460485853863815, 113.2198663790866107, 133.5188126279861933 ) ) ;
#4414 = VECTOR ( 'NONE', #4054, 1000.000000000000114 ) ;
#4415 = CARTESIAN_POINT ( 'NONE',  ( -88.88361183012938227, 113.3119079817578410, 115.5034790808206253 ) ) ;
#4416 = CARTESIAN_POINT ( 'NONE',  ( -90.10558661047727469, 146.4310248810034238, 126.1879958806472501 ) ) ;
#4417 = EDGE_LOOP ( 'NONE', ( #8014, #6309, #9478, #4474 ) ) ;
#4418 = ORIENTED_EDGE ( 'NONE', *, *, #3668, .F. ) ;
#4419 = LINE ( 'NONE', #8114, #2410 ) ;
#4420 = EDGE_CURVE ( 'NONE', #459, #9615, #481, .T. ) ;
#4421 = ADVANCED_FACE ( 'NONE', ( #3265 ), #2585, .F. ) ;
#4422 = AXIS2_PLACEMENT_3D ( 'NONE', #456, #550, #2881 ) ;
#4423 = EDGE_CURVE ( 'NONE', #6331, #6658, #5663, .T. ) ;
#4424 = SURFACE_SIDE_STYLE ('',( #7632 ) ) ;
#4425 = CARTESIAN_POINT ( 'NONE',  ( -89.32730567352716378, 141.9430639049969614, 94.96413962549856080 ) ) ;
#4426 = DIRECTION ( 'NONE',  ( 1.000000000000000000, 0.000000000000000000, 0.000000000000000000 ) ) ;
#4427 = DIRECTION ( 'NONE',  ( 1.000000000000000000, -0.000000000000000000, -0.000000000000000000 ) ) ;
#4428 = DIRECTION ( 'NONE',  ( 0.000000000000000000, -0.06663512414119460159, -0.9977774101625510594 ) ) ;
#4429 = CIRCLE ( 'NONE', #8371, 5.000000000000004441 ) ;
#4430 = CARTESIAN_POINT ( 'NONE',  ( -71.51032509491454903, 114.2722813939617197, 95.90015155045929873 ) ) ;
#4431 = ORIENTED_EDGE ( 'NONE', *, *, #1649, .T. ) ;
#4432 = DIRECTION ( 'NONE',  ( 1.000000000000000000, -0.000000000000000000, -0.000000000000000000 ) ) ;
#4433 = EDGE_LOOP ( 'NONE', ( #1051, #409, #3850, #3094, #1630, #6674 ) ) ;
#4434 = PLANE ( 'NONE',  #5678 ) ;
#4435 = VECTOR ( 'NONE', #6396, 1000.000000000000000 ) ;
#4436 = CIRCLE ( 'NONE', #9169, 1.600000000000004086 ) ;
#4437 = CARTESIAN_POINT ( 'NONE',  ( -85.76841358059998299, 122.7497233200280817, 105.1994311602282863 ) ) ;
#4438 = VERTEX_POINT ( 'NONE', #6766 ) ;
#4439 = CARTESIAN_POINT ( 'NONE',  ( -90.75973882688258243, 85.44016032252415016, 116.1103089515031996 ) ) ;
#4440 = CARTESIAN_POINT ( 'NONE',  ( -88.87856836276515082, 135.4956785359501055, 92.30806776119005974 ) ) ;
#4441 = CARTESIAN_POINT ( 'NONE',  ( -74.78852960328464405, 74.23430613536913825, 152.2681882201588053 ) ) ;
#4442 = CARTESIAN_POINT ( 'NONE',  ( -70.78852960328462984, 76.15705266684184949, 71.60109270175934171 ) ) ;
#4443 = CARTESIAN_POINT ( 'NONE',  ( -89.36344525548346951, 153.4663574263111911, 94.83998069951981336 ) ) ;
#4444 = FACE_OUTER_BOUND ( 'NONE', #7356, .T. ) ;
#4445 = ORIENTED_EDGE ( 'NONE', *, *, #4423, .F. ) ;
#4446 = CARTESIAN_POINT ( 'NONE',  ( -72.18217068309793660, 114.0379765074730329, 95.53320248681218629 ) ) ;
#4447 = CARTESIAN_POINT ( 'NONE',  ( -88.92305484630286116, 104.9441292843753217, 92.55605710396680763 ) ) ;
#4448 = CIRCLE ( 'NONE', #7917, 3.000000000000002665 ) ;
#4449 = EDGE_CURVE ( 'NONE', #3666, #459, #2100, .T. ) ;
#4450 = ORIENTED_EDGE ( 'NONE', *, *, #7458, .F. ) ;
#4451 = CARTESIAN_POINT ( 'NONE',  ( -84.42226290267835509, 144.9413334067684502, 152.2060005078253937 ) ) ;
#4452 = LINE ( 'NONE', #2321, #4762 ) ;
#4453 = CARTESIAN_POINT ( 'NONE',  ( -82.93793336368383962, 149.7797334692467643, 70.53000697715508238 ) ) ;
#4454 = VECTOR ( 'NONE', #2143, 1000.000000000000000 ) ;
#4455 = VECTOR ( 'NONE', #3079, 1000.000000000000000 ) ;
#4456 = CARTESIAN_POINT ( 'NONE',  ( -71.27465560231109976, 113.9453498656520054, 133.1135090978221740 ) ) ;
#4457 = CARTESIAN_POINT ( 'NONE',  ( -89.74787652742723765, 153.6941487031055544, 129.1785648761158427 ) ) ;
#4458 = CARTESIAN_POINT ( 'NONE',  ( -84.75598952798011965, 106.6746391520465522, 94.04718822729172700 ) ) ;
#4459 = CARTESIAN_POINT ( 'NONE',  ( -79.57357356739900922, 141.0091803924501619, 62.14038501255961222 ) ) ;
#4460 = CARTESIAN_POINT ( 'NONE',  ( -70.80432894049948800, 114.9830478517578172, 97.26776669512213402 ) ) ;
#4461 = DIRECTION ( 'NONE',  ( -1.000000000000000000, -0.000000000000000000, -0.000000000000000000 ) ) ;
#4462 = ORIENTED_EDGE ( 'NONE', *, *, #1023, .F. ) ;
#4463 = CARTESIAN_POINT ( 'NONE',  ( -90.84132054829017022, 118.2679121758610421, 111.2229777568236102 ) ) ;
#4464 = CARTESIAN_POINT ( 'NONE',  ( -80.80376728229060745, 77.17581487935217410, 65.03174796396079671 ) ) ;
#4465 = LINE ( 'NONE', #7463, #3627 ) ;
#4466 = CARTESIAN_POINT ( 'NONE',  ( -70.91929497222945145, 114.5684947265769438, 132.8687206277696760 ) ) ;
#4467 = EDGE_CURVE ( 'NONE', #1734, #7905, #8844, .T. ) ;
#4468 = VECTOR ( 'NONE', #3417, 1000.000000000000000 ) ;
#4469 = ORIENTED_EDGE ( 'NONE', *, *, #4192, .T. ) ;
#4470 = CARTESIAN_POINT ( 'NONE',  ( -82.03652516859213506, 76.90909279545614652, 68.12910014865133235 ) ) ;
#4471 = LINE ( 'NONE', #2340, #4097 ) ;
#4472 = CARTESIAN_POINT ( 'NONE',  ( -88.74957533906753326, 114.2171445341622018, 133.6671721034686016 ) ) ;
#4473 = CARTESIAN_POINT ( 'NONE',  ( -83.38852960328463837, 135.3251101029211441, 95.58049982365568553 ) ) ;
#4474 = ORIENTED_EDGE ( 'NONE', *, *, #5836, .T. ) ;
#4475 = CARTESIAN_POINT ( 'NONE',  ( -120.7885296032846441, 141.9419079817567138, 155.0057407317052878 ) ) ;
#4476 = CARTESIAN_POINT ( 'NONE',  ( -85.42539515816656603, 142.3472723390416377, 77.98498720950908591 ) ) ;
#4477 = LINE ( 'NONE', #9057, #7371 ) ;
#4478 = CARTESIAN_POINT ( 'NONE',  ( -88.78852960328462984, 110.5435703771608615, 95.09252810363292951 ) ) ;
#4479 = B_SPLINE_CURVE_WITH_KNOTS ( 'NONE', 3,
 ( #6519, #8804, #2746, #5727, #6613, #4172, #3762 ),
 .UNSPECIFIED., .F., .F.,
 ( 4, 3, 4 ),
 ( 0.000000000000000000, 0.004000000013303473857, 0.01394963058324218130 ),
 .UNSPECIFIED. ) ;
#4480 = LINE ( 'NONE', #4991, #6909 ) ;
#4481 = EDGE_CURVE ( 'NONE', #2243, #5874, #9768, .T. ) ;
#4482 = CARTESIAN_POINT ( 'NONE',  ( -72.07341371746181835, 152.4673471471742516, 95.56128341456960129 ) ) ;
#4483 = EDGE_CURVE ( 'NONE', #197, #459, #1350, .T. ) ;
#4484 = ORIENTED_EDGE ( 'NONE', *, *, #5605, .F. ) ;
#4485 = ADVANCED_FACE ( 'NONE', ( #9679 ), #5140, .F. ) ;
#4486 = CARTESIAN_POINT ( 'NONE',  ( -89.41635784762164008, 105.3450028703882140, 113.5243027186551643 ) ) ;
#4487 = ORIENTED_EDGE ( 'NONE', *, *, #7429, .F. ) ;
#4488 = CARTESIAN_POINT ( 'NONE',  ( -82.10678261267096900, 76.78364126371219811, 158.7008071537239573 ) ) ;
#4489 = CARTESIAN_POINT ( 'NONE',  ( -78.78852960328464405, 128.8367218251632096, 93.58049982365568553 ) ) ;
#4490 = ORIENTED_EDGE ( 'NONE', *, *, #9737, .F. ) ;
#4491 = CARTESIAN_POINT ( 'NONE',  ( -76.78852960328464405, 86.94190798175786483, 113.5057407317052736 ) ) ;
#4492 = CARTESIAN_POINT ( 'NONE',  ( -88.92642330771138859, 136.8743582514977959, 92.57527718843941500 ) ) ;
#4493 = LINE ( 'NONE', #5996, #3011 ) ;
#4494 = CARTESIAN_POINT ( 'NONE',  ( -70.78852960328462984, 63.04341885432508974, 103.4951934469169004 ) ) ;
#4495 = CARTESIAN_POINT ( 'NONE',  ( -83.21890663382291109, 152.9208086613508613, 77.20080506646397112 ) ) ;
#4496 = CARTESIAN_POINT ( 'NONE',  ( -88.66070395815292216, 103.3119079817578267, 135.8791374862808539 ) ) ;
#4497 = ORIENTED_EDGE ( 'NONE', *, *, #4420, .T. ) ;
#4498 = CARTESIAN_POINT ( 'NONE',  ( -71.87729064181041849, 114.1180238861829537, 95.65856611496869277 ) ) ;
#4499 =( LENGTH_UNIT ( ) NAMED_UNIT ( * ) SI_UNIT ( .MILLI., .METRE. ) );
#4500 = B_SPLINE_CURVE_WITH_KNOTS ( 'NONE', 3,
 ( #7156, #2812, #4297, #9404 ),
 .UNSPECIFIED., .F., .F.,
 ( 4, 4 ),
 ( 0.000000000000000000, 1.000000000000000000 ),
 .UNSPECIFIED. ) ;
#4501 = VERTEX_POINT ( 'NONE', #3874 ) ;
#4502 = CARTESIAN_POINT ( 'NONE',  ( -72.18217068309796502, 113.3479033400237910, 133.4949915820096749 ) ) ;
#4503 = DIRECTION ( 'NONE',  ( 1.000000000000000000, -0.000000000000000000, -0.000000000000000000 ) ) ;
#4504 = DIRECTION ( 'NONE',  ( 1.000000000000000000, -0.000000000000000000, -0.000000000000000000 ) ) ;
#4505 = CARTESIAN_POINT ( 'NONE',  ( -71.21116508785281951, 114.0273157673650530, 96.65709518461984828 ) ) ;
#4506 = CARTESIAN_POINT ( 'NONE',  ( -78.41755121570572840, 147.5868396521555610, 164.0986008564603083 ) ) ;
#4507 = ORIENTED_EDGE ( 'NONE', *, *, #2930, .F. ) ;
#4508 = CARTESIAN_POINT ( 'NONE',  ( -85.97090709588685797, 122.5309159640421228, 107.2804998236557026 ) ) ;
#4509 = DIRECTION ( 'NONE',  ( 1.000000000000000000, 0.000000000000000000, 0.000000000000000000 ) ) ;
#4510 = CARTESIAN_POINT ( 'NONE',  ( -71.26267188923277729, 114.3637790629568940, 133.5737360863882941 ) ) ;
#4511 = CARTESIAN_POINT ( 'NONE',  ( -79.63110199531422495, 76.26100159914189192, 160.7050301345279877 ) ) ;
#4512 = DIRECTION ( 'NONE',  ( 0.000000000000000000, -0.7071067811865475727, 0.7071067811865475727 ) ) ;
#4513 = ORIENTED_EDGE ( 'NONE', *, *, #4002, .F. ) ;
#4514 = CARTESIAN_POINT ( 'NONE',  ( -81.74278685787925269, 77.43357297793259875, 67.37445671284058335 ) ) ;
#4515 = CARTESIAN_POINT ( 'NONE',  ( -87.03720698633871677, 111.3119079817578267, 133.5347543482562003 ) ) ;
#4516 = CARTESIAN_POINT ( 'NONE',  ( -79.73111420149410833, 85.61023764892834720, 164.5089637239016440 ) ) ;
#4517 = VERTEX_POINT ( 'NONE', #216 ) ;
#4518 = CARTESIAN_POINT ( 'NONE',  ( -88.92630400618072883, 129.2649522053454803, 92.57446811123369912 ) ) ;
#4519 = FACE_OUTER_BOUND ( 'NONE', #166, .T. ) ;
#4520 = CARTESIAN_POINT ( 'NONE',  ( -71.60444152329296230, 72.89156952965954872, 151.3124884110394532 ) ) ;
#4521 = CARTESIAN_POINT ( 'NONE',  ( -81.37044505661191351, 151.6230429146210383, 156.0960454691810355 ) ) ;
#4522 = VERTEX_POINT ( 'NONE', #7785 ) ;
#4523 = CARTESIAN_POINT ( 'NONE',  ( -85.54753252028777410, 142.8952783869705740, 103.5158718863352192 ) ) ;
#4524 = ORIENTED_EDGE ( 'NONE', *, *, #5453, .F. ) ;
#4525 = FACE_OUTER_BOUND ( 'NONE', #9302, .T. ) ;
#4526 = ADVANCED_FACE ( 'NONE', ( #9325 ), #9528, .F. ) ;
#4527 = CARTESIAN_POINT ( 'NONE',  ( -83.29857577017453707, 69.49640565823450800, 150.1195121901930634 ) ) ;
#4528 = CARTESIAN_POINT ( 'NONE',  ( -90.78802154675366864, 83.96161336676347275, 113.9007945259395171 ) ) ;
#4529 = CARTESIAN_POINT ( 'NONE',  ( -70.78852960328462984, 70.97961747709840097, 80.40308007633707632 ) ) ;
#4530 = CARTESIAN_POINT ( 'NONE',  ( -78.76022661836020688, 148.6960075792700877, 63.91766044282150006 ) ) ;
#4531 = ORIENTED_EDGE ( 'NONE', *, *, #5282, .T. ) ;
#4532 = CARTESIAN_POINT ( 'NONE',  ( -71.24170039134723709, 114.2054744542886624, 96.22285164001486635 ) ) ;
#4533 = CARTESIAN_POINT ( 'NONE',  ( -90.78853091631509642, 89.94197723623993568, 113.7003557793780573 ) ) ;
#4534 = B_SPLINE_CURVE_WITH_KNOTS ( 'NONE', 3,
 ( #8848, #2178, #2975, #5022, #8791, #3662, #9702, #5164, #9600, #9801, #5961, #2033, #8053, #2824, #8206, #699, #3709, #6698, #8995, #2135, #1289, #2229, #4312, #8157, #7342, #7299, #1330, #587, #6602, #2880, #5870, #3959, #6794, #7711, #6955, #2278, #2384, #7001, #837, #8407, #926, #1636, #5361, #135, #6013, #9249, #4644, #3902, #1732, #9083, #5459, #33, #3166, #1686, #1580, #8349, #3798, #193, #982, #3065, #4596, #2325, #8448, #6154, #7657, #9039, #9199, #885, #3223, #2440, #6202, #4007, #7610, #4738, #8492, #6899, #4687, #5262, #5412, #8301, #5311, #2491, #3848, #1529, #7757, #4544, #7556, #241, #781, #6051, #6844, #82, #6104, #3110 ),
 .UNSPECIFIED., .F., .F.,
 ( 4, 2, 2, 1, 1, 2, 2, 2, 2, 1, 1, 1, 1, 2, 2, 2, 2, 1, 1, 1, 1, 1, 1, 2, 2, 2, 2, 2, 1, 1, 1, 2, 2, 2, 2, 1, 1, 1, 2, 2, 2, 2, 1, 1, 1, 2, 2, 2, 2, 1, 1, 2, 2, 2, 2, 1, 2, 2, 4 ),
 ( 0.000000000000000000, 0.06250000000056583904, 0.09375000000084746099, 0.1093750000009880985, 0.1171875000010583201, 0.1210937500010921958, 0.1250000000011260437, 0.1875000000016454615, 0.2187500000019055590, 0.2343750000020341229, 0.2421875000020984325, 0.2460937500021294355, 0.2480468750021460611, 0.2490234375021543600, 0.2500000000021626589, 0.3125000000026237346, 0.3437500000028531622, 0.3593750000029682923, 0.3671875000030250247, 0.3710937500030533909, 0.3730468750030691560, 0.3740234375030775937, 0.3745117187530817016, 0.3747558593780846437, 0.3750000000030875302, 0.4062500000030329073, 0.4218750000030077052, 0.4296875000029966030, 0.4335937500029916070, 0.4355468750029889979, 0.4365234375029876657, 0.4370117187529862779, 0.4375000000029848901, 0.4687500000026632585, 0.4843750000025003888, 0.4921875000024188429, 0.4960937500023824276, 0.4980468750023619440, 0.4990234375023561153, 0.5000000000023502311, 0.5625000000021257440, 0.5937500000020112800, 0.6093750000019515500, 0.6171875000019176882, 0.6210937500019049207, 0.6230468750018961499, 0.6250000000018873791, 0.6875000000015978330, 0.7187500000014508394, 0.7343750000013749002, 0.7421875000013353763, 0.7460937500013143930, 0.7500000000012932988, 0.8125000000009798828, 0.8437500000008214540, 0.8593750000007391865, 0.8671875000006974421, 0.8750000000006556977, 1.000000000000000000 ),
 .UNSPECIFIED. ) ;
#4535 = CARTESIAN_POINT ( 'NONE',  ( -71.28852960328462984, 152.1879553359585202, 134.2125299789917392 ) ) ;
#4536 = VECTOR ( 'NONE', #5426, 1000.000000000000000 ) ;
#4537 = CARTESIAN_POINT ( 'NONE',  ( -87.63487124485409652, 66.91072496735220909, 86.26562453517227880 ) ) ;
#4538 = EDGE_CURVE ( 'NONE', #6796, #3842, #6792, .T. ) ;
#4539 = ORIENTED_EDGE ( 'NONE', *, *, #8005, .F. ) ;
#4540 = CARTESIAN_POINT ( 'NONE',  ( -89.60821003569600407, 113.4912706724968388, 115.1324108518357860 ) ) ;
#4541 = DIRECTION ( 'NONE',  ( -1.000000000000000000, -0.000000000000000000, -0.000000000000000000 ) ) ;
#4542 = CARTESIAN_POINT ( 'NONE',  ( -70.78852960328462984, 151.5412207264024289, 70.48727247224924497 ) ) ;
#4543 = DIRECTION ( 'NONE',  ( 1.000000000000000000, 2.312964634635740689E-14, 0.000000000000000000 ) ) ;
#4544 = CARTESIAN_POINT ( 'NONE',  ( -84.43287162158861747, 129.9518917773893634, 129.0435588485377139 ) ) ;
#4545 = AXIS2_PLACEMENT_3D ( 'NONE', #1965, #6679, #5059 ) ;
#4546 = DIRECTION ( 'NONE',  ( 0.000000000000000000, 0.000000000000000000, 1.000000000000000000 ) ) ;
#4547 = ORIENTED_EDGE ( 'NONE', *, *, #9658, .T. ) ;
#4548 = DIRECTION ( 'NONE',  ( 0.000000000000000000, 0.000000000000000000, -1.000000000000000000 ) ) ;
#4549 = CARTESIAN_POINT ( 'NONE',  ( -79.77625667052339509, 150.8388394093452973, 159.9687068059319017 ) ) ;
#4550 = ORIENTED_EDGE ( 'NONE', *, *, #2508, .F. ) ;
#4551 = AXIS2_PLACEMENT_3D ( 'NONE', #6627, #8868, #617 ) ;
#4552 = CARTESIAN_POINT ( 'NONE',  ( -84.78852960328464405, 110.9293568147877664, 94.16542175927874325 ) ) ;
#4553 = CARTESIAN_POINT ( 'NONE',  ( -79.99285580253429373, 127.0999714414794113, 163.9012391044447554 ) ) ;
#4554 = AXIS2_PLACEMENT_3D ( 'NONE', #2020, #8040, #4292 ) ;
#4555 = ORIENTED_EDGE ( 'NONE', *, *, #7670, .F. ) ;
#4556 = CARTESIAN_POINT ( 'NONE',  ( -89.26409201809951810, 124.7785813238077424, 94.56741924564566659 ) ) ;
#4557 = CARTESIAN_POINT ( 'NONE',  ( -72.28852960328462984, 114.0204415849168811, 134.2125265045658296 ) ) ;
#4558 = FACE_OUTER_BOUND ( 'NONE', #2328, .T. ) ;
#4559 = CARTESIAN_POINT ( 'NONE',  ( -74.78852960328464405, 62.75118492177985985, 105.5176803333145870 ) ) ;
#4560 = EDGE_CURVE ( 'NONE', #4075, #890, #2851, .T. ) ;
#4561 = CARTESIAN_POINT ( 'NONE',  ( -90.10459820216621551, 119.7352656093746504, 126.1971859280861565 ) ) ;
#4562 = CARTESIAN_POINT ( 'NONE',  ( -72.28852960328462984, 107.3119079817578267, 131.5054217592787609 ) ) ;
#4563 = VECTOR ( 'NONE', #3167, 1000.000000000000227 ) ;
#4564 = CARTESIAN_POINT ( 'NONE',  ( -86.13346878612954072, 154.6945465892126776, 88.21857820495078784 ) ) ;
#4565 = EDGE_CURVE ( 'NONE', #5926, #1240, #8364, .T. ) ;
#4566 = LINE ( 'NONE', #7472, #4575 ) ;
#4567 = CARTESIAN_POINT ( 'NONE',  ( -89.66399214634742521, 144.3615237888757576, 97.23611520526911534 ) ) ;
#4568 = FACE_OUTER_BOUND ( 'NONE', #2995, .T. ) ;
#4569 = CARTESIAN_POINT ( 'NONE',  ( -85.30521607065007572, 142.1244331909427103, 102.0007695828334988 ) ) ;
#4570 = B_SPLINE_CURVE_WITH_KNOTS ( 'NONE', 3,
 ( #1610, #904, #4521, #3091, #5, #364, #3042, #6031, #7579, #1659, #58, #6926, #6074, #9108, #8375, #7635, #5023, #4313 ),
 .UNSPECIFIED., .F., .F.,
 ( 4, 2, 2, 2, 2, 2, 2, 2, 4 ),
 ( 0.000000000000000000, 0.0003734605555401539646, 0.0007469211110803079291, 0.001120381666620461894, 0.001493842222160615858, 0.001867302777700769823, 0.002240763333240923787, 0.002614223888781077969, 0.002987684444321231717 ),
 .UNSPECIFIED. ) ;
#4571 = ORIENTED_EDGE ( 'NONE', *, *, #359, .F. ) ;
#4572 = EDGE_LOOP ( 'NONE', ( #5593, #3139 ) ) ;
#4573 = CARTESIAN_POINT ( 'NONE',  ( -79.58511719380690863, 82.52443541646282199, 164.8588591077345598 ) ) ;
#4574 = CARTESIAN_POINT ( 'NONE',  ( -89.02605057725038762, 127.4774413616583928, 93.14211652889451898 ) ) ;
#4575 = VECTOR ( 'NONE', #809, 1000.000000000000000 ) ;
#4576 = EDGE_CURVE ( 'NONE', #5731, #7349, #3324, .T. ) ;
#4577 = B_SPLINE_CURVE_WITH_KNOTS ( 'NONE', 3,
 ( #6671, #1411, #9623, #9681, #568, #676, #9771, #2993, #4482, #2203 ),
 .UNSPECIFIED., .F., .F.,
 ( 4, 2, 2, 2, 4 ),
 ( 0.000000000000000000, 0.0006571786816704221646, 0.001314357363340844329, 0.001971536045011266711, 0.002628714726681688658 ),
 .UNSPECIFIED. ) ;
#4578 = B_SPLINE_CURVE_WITH_KNOTS ( 'NONE', 3,
 ( #357, #1190, #4202, #6545, #7383, #3601, #6689, #2970, #6738, #3010, #7544 ),
 .UNSPECIFIED., .F., .F.,
 ( 4, 2, 1, 2, 2, 4 ),
 ( 0.000000000000000000, 0.2500000000000947020, 0.3750000000001222356, 0.4375000000001170175, 0.5000000000001117995, 1.000000000000000000 ),
 .UNSPECIFIED. ) ;
#4579 = CARTESIAN_POINT ( 'NONE',  ( -79.45311422086875552, 150.3281587770472925, 160.9835265140618503 ) ) ;
#4580 = AXIS2_PLACEMENT_3D ( 'NONE', #1826, #6890, #6995 ) ;
#4581 = CARTESIAN_POINT ( 'NONE',  ( -79.45309318262113152, 150.3277987658347286, 66.02734488131025614 ) ) ;
#4582 = CARTESIAN_POINT ( 'NONE',  ( -78.78852960328464405, 67.52480705738848599, 87.83158352442025318 ) ) ;
#4583 = PLANE ( 'NONE',  #1542 ) ;
#4584 = CARTESIAN_POINT ( 'NONE',  ( -79.67753244129583834, 76.17699971083271748, 66.42290143121243773 ) ) ;
#4585 = EDGE_LOOP ( 'NONE', ( #1812, #7836, #2115, #2562 ) ) ;
#4586 = CARTESIAN_POINT ( 'NONE',  ( -71.23870446307780924, 114.1574736777836563, 96.25879750428352111 ) ) ;
#4587 = CARTESIAN_POINT ( 'NONE',  ( -90.76691764520022332, 88.92523689400033504, 111.2463794546604277 ) ) ;
#4588 = EDGE_CURVE ( 'NONE', #4522, #9546, #9636, .T. ) ;
#4589 = DIRECTION ( 'NONE',  ( 0.000000000000000000, 0.000000000000000000, 1.000000000000000000 ) ) ;
#4590 = VECTOR ( 'NONE', #875, 1000.000000000000000 ) ;
#4591 = DIRECTION ( 'NONE',  ( 0.000000000000000000, 8.673617379884020681E-16, -1.000000000000000000 ) ) ;
#4592 = CARTESIAN_POINT ( 'NONE',  ( -79.05060608845933245, 140.9111038366477544, 60.94277592605460114 ) ) ;
#4593 = FACE_OUTER_BOUND ( 'NONE', #1223, .T. ) ;
#4594 = CIRCLE ( 'NONE', #1119, 223.0000000000000853 ) ;
#4595 = DIRECTION ( 'NONE',  ( 0.000000000000000000, 0.000000000000000000, -1.000000000000000000 ) ) ;
#4596 = CARTESIAN_POINT ( 'NONE',  ( -85.01658155999963640, 125.4533673726438110, 126.4450833264886853 ) ) ;
#4597 = AXIS2_PLACEMENT_3D ( 'NONE', #2475, #3574, #3391 ) ;
#4598 = CARTESIAN_POINT ( 'NONE',  ( -90.48457965483974874, 105.4468056478177402, 105.0493643056304194 ) ) ;
#4599 = ORIENTED_EDGE ( 'NONE', *, *, #1605, .T. ) ;
#4600 = CARTESIAN_POINT ( 'NONE',  ( -74.78852960328464405, 74.23361122900290354, 74.74380810570717415 ) ) ;
#4601 = EDGE_CURVE ( 'NONE', #8390, #3468, #2825, .T. ) ;
#4602 = EDGE_CURVE ( 'NONE', #4517, #1534, #5215, .T. ) ;
#4603 = EDGE_LOOP ( 'NONE', ( #5265, #8171, #9275 ) ) ;
#4604 = CARTESIAN_POINT ( 'NONE',  ( -81.85275765393471659, 110.3119079817578125, 0.000000000000000000 ) ) ;
#4605 = AXIS2_PLACEMENT_3D ( 'NONE', #4084, #7086, #337 ) ;
#4606 = ORIENTED_EDGE ( 'NONE', *, *, #8634, .F. ) ;
#4607 = AXIS2_PLACEMENT_3D ( 'NONE', #105, #2412, #7211 ) ;
#4608 = CARTESIAN_POINT ( 'NONE',  ( -85.73930602635486764, 122.8051781266587454, 104.9532138798534362 ) ) ;
#4609 = DIRECTION ( 'NONE',  ( 0.000000000000000000, 0.8898174628127398789, 0.4563166475962697199 ) ) ;
#4610 = CARTESIAN_POINT ( 'NONE',  ( -77.86158901004337451, 86.37595028135726238, 61.20843928881582485 ) ) ;
#4611 = CARTESIAN_POINT ( 'NONE',  ( -84.44568994532660611, 136.3971516002987130, 128.9916816352055662 ) ) ;
#4612 = DIRECTION ( 'NONE',  ( 0.000000000000000000, -0.8435723532114192125, 0.5370155350614621570 ) ) ;
#4613 = CARTESIAN_POINT ( 'NONE',  ( -78.78852960328464405, 67.21075969415078077, 138.3833450943440369 ) ) ;
#4614 = VECTOR ( 'NONE', #7502, 1000.000000000000000 ) ;
#4615 = ORIENTED_EDGE ( 'NONE', *, *, #8634, .T. ) ;
#4616 = DIRECTION ( 'NONE',  ( 0.000000000000000000, -1.000000000000000000, 0.000000000000000000 ) ) ;
#4617 = CARTESIAN_POINT ( 'NONE',  ( -89.49209749753163123, 63.59220865352488516, 130.9801856654644041 ) ) ;
#4618 = CARTESIAN_POINT ( 'NONE',  ( -81.41792536038565231, 76.08731006742961256, 66.54610536541416366 ) ) ;
#4619 = FILL_AREA_STYLE_COLOUR ( '', #3930 ) ;
#4620 = DIRECTION ( 'NONE',  ( 0.000000000000000000, 0.000000000000000000, -1.000000000000000000 ) ) ;
#4621 = CARTESIAN_POINT ( 'NONE',  ( -74.78852960328464405, 71.21275621524479504, 150.5298516408311968 ) ) ;
#4622 = CARTESIAN_POINT ( 'NONE',  ( -87.25279690036477120, 111.3305758899481077, 133.5815675001404372 ) ) ;
#4623 = CARTESIAN_POINT ( 'NONE',  ( -85.20729992468352521, 141.7611462734748500, 101.4490389948648925 ) ) ;
#4624 = EDGE_CURVE ( 'NONE', #3047, #4011, #838, .T. ) ;
#4625 = CARTESIAN_POINT ( 'NONE',  ( -86.69593003848908097, 109.3119079817578267, 135.5054217592787609 ) ) ;
#4626 = ORIENTED_EDGE ( 'NONE', *, *, #520, .F. ) ;
#4627 = CARTESIAN_POINT ( 'NONE',  ( -83.30649881768287912, 69.48174537882432844, 150.0932471290306012 ) ) ;
#4628 = CARTESIAN_POINT ( 'NONE',  ( -80.79501736163695114, 151.6583579391500223, 70.36397059571096690 ) ) ;
#4629 = DIRECTION ( 'NONE',  ( 0.000000000000000000, -0.7071067811865475727, 0.7071067811865475727 ) ) ;
#4630 = ADVANCED_FACE ( 'NONE', ( #6442, #1834, #2635, #1132, #402, #4343, #4444 ), #9367, .F. ) ;
#4631 = CARTESIAN_POINT ( 'NONE',  ( -83.07939019997550645, 149.7356025016632373, 70.91028764074243895 ) ) ;
#4632 = EDGE_CURVE ( 'NONE', #116, #2422, #3740, .T. ) ;
#4633 = CARTESIAN_POINT ( 'NONE',  ( -74.78852960328464405, 67.45094887537196371, 87.94834462681014031 ) ) ;
#4634 = ORIENTED_EDGE ( 'NONE', *, *, #4240, .T. ) ;
#4635 = CARTESIAN_POINT ( 'NONE',  ( -71.33622426392815896, 113.8774239357594524, 96.49264851182978475 ) ) ;
#4636 = ADVANCED_FACE ( 'NONE', ( #7538 ), #3945, .F. ) ;
#4637 = CARTESIAN_POINT ( 'NONE',  ( -89.25259643405593124, 104.5975139510748733, 94.48943768177953473 ) ) ;
#4638 = CARTESIAN_POINT ( 'NONE',  ( -90.62951458541260763, 118.2679121758610847, 119.6217600156973049 ) ) ;
#4639 = CARTESIAN_POINT ( 'NONE',  ( -84.23402455893958063, 144.8481573863440701, 152.7739489009005354 ) ) ;
#4640 = DIRECTION ( 'NONE',  ( 0.000000000000000000, 0.000000000000000000, 1.000000000000000000 ) ) ;
#4641 = CARTESIAN_POINT ( 'NONE',  ( -85.26093763291682137, 151.0334228965100465, 149.6076009358107797 ) ) ;
#4642 = LINE ( 'NONE', #7655, #4734 ) ;
#4643 = CARTESIAN_POINT ( 'NONE',  ( -87.03720698633868835, 105.3119079817578552, 133.5347543482562003 ) ) ;
#4644 = CARTESIAN_POINT ( 'NONE',  ( -85.16123663169690872, 124.7822525862047769, 125.7017629596917914 ) ) ;
#4645 = CARTESIAN_POINT ( 'NONE',  ( -72.28852960328462984, 114.0119079817578296, 95.50574073170528777 ) ) ;
#4646 = VERTEX_POINT ( 'NONE', #4875 ) ;
#4647 = CARTESIAN_POINT ( 'NONE',  ( -70.78852960328462984, 154.0856182918941499, 106.2906200821180107 ) ) ;
#4648 = VERTEX_POINT ( 'NONE', #8483 ) ;
#4649 = CARTESIAN_POINT ( 'NONE',  ( -83.38852960328463837, 145.8309159640421626, 100.5804998236556855 ) ) ;
#4650 = DIRECTION ( 'NONE',  ( 0.000000000000000000, -0.000000000000000000, 1.000000000000000000 ) ) ;
#4651 = CARTESIAN_POINT ( 'NONE',  ( -82.75680211740225900, 149.6713565181927379, 156.9773020584534038 ) ) ;
#4652 = VERTEX_POINT ( 'NONE', #8923 ) ;
#4653 = CARTESIAN_POINT ( 'NONE',  ( -84.46491854046746539, 128.8240184533752313, 97.99276473393207709 ) ) ;
#4654 = EDGE_CURVE ( 'NONE', #8902, #3986, #7982, .T. ) ;
#4655 = ADVANCED_FACE ( 'NONE', ( #5188 ), #4020, .F. ) ;
#4656 = CARTESIAN_POINT ( 'NONE',  ( -79.19974448353359264, 87.40996992225038298, 61.27748691803975589 ) ) ;
#4657 = CARTESIAN_POINT ( 'NONE',  ( -81.46343037619463701, 77.93217261603432178, 160.3432096899168187 ) ) ;
#4658 = DIRECTION ( 'NONE',  ( 1.000000000000000000, -0.000000000000000000, -0.000000000000000000 ) ) ;
#4659 = DIRECTION ( 'NONE',  ( 0.000000000000000000, 0.000000000000000000, -1.000000000000000000 ) ) ;
#4660 = DIRECTION ( 'NONE',  ( 1.000000000000000000, 0.000000000000000000, -0.000000000000000000 ) ) ;
#4661 = ORIENTED_EDGE ( 'NONE', *, *, #9162, .T. ) ;
#4662 = CARTESIAN_POINT ( 'NONE',  ( -74.78852960328464405, 64.39571115052355310, 129.8342342392633384 ) ) ;
#4663 = CARTESIAN_POINT ( 'NONE',  ( -89.12491901896675017, 126.1988624927079314, 93.72101151348775261 ) ) ;
#4664 = DIRECTION ( 'NONE',  ( 1.000000000000000000, -0.000000000000000000, -0.000000000000000000 ) ) ;
#4665 = EDGE_CURVE ( 'NONE', #6454, #2304, #83, .T. ) ;
#4666 = CARTESIAN_POINT ( 'NONE',  ( -82.55393863231273599, 150.8275194269795918, 70.56594477482023819 ) ) ;
#4667 = CARTESIAN_POINT ( 'NONE',  ( -79.57962910590882188, 76.95974397416121349, 65.65599012386208244 ) ) ;
#4668 = EDGE_CURVE ( 'NONE', #3666, #2915, #6137, .T. ) ;
#4669 =( BOUNDED_SURFACE ( )  B_SPLINE_SURFACE ( 3, 2, ( 
 ( #4246, #3496, #3412 ),
 ( #5614, #5009, #8838 ),
 ( #6401, #7289, #9503 ),
 ( #9551, #1185, #6444 ),
 ( #7856, #2769, #1077 ),
 ( #8688, #7197, #443 ),
 ( #4103, #1931, #7105 ),
 ( #6540, #8642, #3364 ),
 ( #1878, #5757, #4889 ),
 ( #7953, #3452, #8043 ),
 ( #2730, #8884, #2120 ),
 ( #5999, #8141, #9692 ) ),
 .UNSPECIFIED., .F., .F., .T. ) 
 B_SPLINE_SURFACE_WITH_KNOTS ( ( 4, 2, 2, 2, 2, 4 ),
 ( 3, 3 ),
 ( 0.02631121669406136579, 0.02803480559851191656, 0.02889660005073719368, 0.02975839450296247080, 0.03148198340741302503, 0.03320557231186357927 ),
 ( 0.000000000000000000, 1.000000000000000000 ),
 .UNSPECIFIED. ) 
 GEOMETRIC_REPRESENTATION_ITEM ( )  RATIONAL_B_SPLINE_SURFACE ( (
 ( 1.000000000000000000, 0.7973315226909792885, 1.000000000000000000),
 ( 1.000000000000000000, 0.7907900244908362408, 1.000000000000000000),
 ( 1.000000000000000000, 0.7837795122049849850, 1.000000000000000000),
 ( 1.000000000000000000, 0.7726470341123042873, 1.000000000000000000),
 ( 1.000000000000000000, 0.7688329304236245498, 1.000000000000000000),
 ( 1.000000000000000000, 0.7610039177591558790, 1.000000000000000000),
 ( 1.000000000000000000, 0.7569763346630833389, 1.000000000000000000),
 ( 1.000000000000000000, 0.7448543576939062882, 1.000000000000000000),
 ( 1.000000000000000000, 0.7366463606158679678, 1.000000000000000000),
 ( 1.000000000000000000, 0.7200386709760404624, 1.000000000000000000),
 ( 1.000000000000000000, 0.7115699125433836425, 1.000000000000000000),
 ( 1.000000000000000000, 0.7034135970106325519, 1.000000000000000000) ) ) 
 REPRESENTATION_ITEM ( '' )  SURFACE ( )  );
#4670 = CARTESIAN_POINT ( 'NONE',  ( -88.24335473179725398, 112.2635272254780574, 134.2317606265564507 ) ) ;
#4671 = CARTESIAN_POINT ( 'NONE',  ( -71.60444152329296230, 74.23430620318568174, 152.2681882684273376 ) ) ;
#4672 = DIRECTION ( 'NONE',  ( 0.000000000000000000, 0.000000000000000000, 1.000000000000000000 ) ) ;
#4673 = ORIENTED_EDGE ( 'NONE', *, *, #3776, .T. ) ;
#4674 = ORIENTED_EDGE ( 'NONE', *, *, #7245, .F. ) ;
#4675 = CARTESIAN_POINT ( 'NONE',  ( -87.70342338628685752, 61.30808130526556710, 130.3637815364946277 ) ) ;
#4676 = CARTESIAN_POINT ( 'NONE',  ( -89.12405034011725036, 139.9531813588191653, 93.71585946581252813 ) ) ;
#4677 = CARTESIAN_POINT ( 'NONE',  ( -81.13553539218330002, 151.6532541571494335, 156.0134921710264280 ) ) ;
#4678 = CARTESIAN_POINT ( 'NONE',  ( -78.77412148560321725, 148.7294257510154978, 63.95107861456690301 ) ) ;
#4679 = CARTESIAN_POINT ( 'NONE',  ( -74.78852960328464405, 65.61883149033707241, 93.03497442813048224 ) ) ;
#4680 = ORIENTED_EDGE ( 'NONE', *, *, #7136, .T. ) ;
#4681 = CARTESIAN_POINT ( 'NONE',  ( -71.23870446307783766, 114.0734983574951542, 96.34277282457199476 ) ) ;
#4682 = B_SPLINE_SURFACE_WITH_KNOTS ( 'NONE', 3, 1, ( 
 ( #3493, #2810 ),
 ( #5795, #8836 ),
 ( #9070, #9029 ),
 ( #727, #5296 ),
 ( #9784, #8188 ),
 ( #9730, #6731 ),
 ( #1365, #2308 ),
 ( #5944, #6777 ),
 ( #5902, #68 ),
 ( #1423, #8934 ),
 ( #6829, #1471 ),
 ( #8984, #8286 ),
 ( #3004, #3737 ),
 ( #3783, #7592 ),
 ( #687, #5997 ),
 ( #3697, #5107 ),
 ( #5248, #4494 ),
 ( #2217, #2118 ),
 ( #1515, #8331 ),
 ( #822, #1564 ),
 ( #4582, #6038 ),
 ( #4389, #6642 ),
 ( #21, #8139 ),
 ( #2263, #2163 ),
 ( #3833, #4529 ),
 ( #7536, #3100 ),
 ( #771, #4442 ),
 ( #2963, #3053 ) ),
 .UNSPECIFIED., .F., .F., .F.,
 ( 4, 2, 2, 2, 2, 1, 1, 2, 2, 2, 2, 2, 2, 2, 4 ),
 ( 2, 2 ),
 ( 0.000000000000000000, 0.1249999999999993616, 0.2499999999999987232, 0.3124999999999983902, 0.3437499999999982792, 0.3749999999999981681, 0.4999999999999986677, 0.5312499999999988898, 0.5624999999999991118, 0.6249999999999995559, 0.7500000000000003331, 0.7812500000000003331, 0.8125000000000003331, 0.8750000000000003331, 1.000000000000000000 ),
 ( 0.000000000000000000, 1.000000000000000000 ),
 .UNSPECIFIED. ) ;
#4683 = CARTESIAN_POINT ( 'NONE',  ( -84.60066353354311275, 128.0981606078879906, 128.3502644372386783 ) ) ;
#4684 = CARTESIAN_POINT ( 'NONE',  ( -84.78852960328464405, 113.3119079817578125, 91.96147921292704552 ) ) ;
#4685 = DIRECTION ( 'NONE',  ( 1.000000000000000000, -0.000000000000000000, -0.000000000000000000 ) ) ;
#4686 = CARTESIAN_POINT ( 'NONE',  ( -79.57962910590882188, 76.95974397416121349, 65.65599012386208244 ) ) ;
#4687 = CARTESIAN_POINT ( 'NONE',  ( -84.57427679094351447, 128.3417457404955258, 128.4610873455434614 ) ) ;
#4688 = LINE ( 'NONE', #4645, #773 ) ;
#4689 = ORIENTED_EDGE ( 'NONE', *, *, #8153, .F. ) ;
#4690 = CARTESIAN_POINT ( 'NONE',  ( -78.41501825023497929, 81.41141280376652389, 62.82207159945092911 ) ) ;
#4691 = EDGE_LOOP ( 'NONE', ( #3947, #6340, #1233, #8564 ) ) ;
#4692 = CARTESIAN_POINT ( 'NONE',  ( -80.78736862233012062, 147.7106546829283502, 162.0130051539709939 ) ) ;
#4693 = B_SPLINE_CURVE_WITH_KNOTS ( 'NONE', 3,
 ( #765, #3237, #1748, #3281 ),
 .UNSPECIFIED., .F., .F.,
 ( 4, 4 ),
 ( 0.05204691503654557821, 0.9882685283816411426 ),
 .UNSPECIFIED. ) ;
#4694 = ORIENTED_EDGE ( 'NONE', *, *, #1049, .F. ) ;
#4695 = CARTESIAN_POINT ( 'NONE',  ( -78.41841136266799595, 81.11724402211640950, 167.4687227289798841 ) ) ;
#4696 = EDGE_CURVE ( 'NONE', #4817, #3286, #7252, .T. ) ;
#4697 = CARTESIAN_POINT ( 'NONE',  ( -85.25499589511245802, 124.2220332300405374, 101.7160975607622930 ) ) ;
#4698 = CARTESIAN_POINT ( 'NONE',  ( -74.78852960328464405, 69.28151800167140095, 149.7325884709703701 ) ) ;
#4699 = CIRCLE ( 'NONE', #1712, 2.000000000000001776 ) ;
#4700 = CARTESIAN_POINT ( 'NONE',  ( -85.23140385871268165, 141.8514017044830666, 101.5839684189346741 ) ) ;
#4701 = DIRECTION ( 'NONE',  ( -0.000000000000000000, 1.000000000000000000, 3.469446951953623261E-15 ) ) ;
#4702 = CARTESIAN_POINT ( 'NONE',  ( -70.78852960328462984, 86.78156815438114791, 71.25779513156508926 ) ) ;
#4703 = DIRECTION ( 'NONE',  ( 0.000000000000000000, 0.000000000000000000, -1.000000000000000000 ) ) ;
#4704 = CARTESIAN_POINT ( 'NONE',  ( -90.40852923067622271, 104.6081620691226988, 112.7787327442388232 ) ) ;
#4705 = EDGE_LOOP ( 'NONE', ( #8924, #3582, #1879, #8159 ) ) ;
#4706 = CARTESIAN_POINT ( 'NONE',  ( -69.74836691017675605, 63.90795309405092439, 127.8407411317695477 ) ) ;
#4707 = FACE_OUTER_BOUND ( 'NONE', #1158, .T. ) ;
#4708 = CARTESIAN_POINT ( 'NONE',  ( -74.78852960328464405, 74.23361122905129150, 74.74380810562847444 ) ) ;
#4709 = VECTOR ( 'NONE', #910, 1000.000000000000000 ) ;
#4710 = CARTESIAN_POINT ( 'NONE',  ( -85.03500749332793873, 140.7998274845507751, 126.3535401956008570 ) ) ;
#4711 = DIRECTION ( 'NONE',  ( -1.000000000000000000, 0.000000000000000000, 0.000000000000000000 ) ) ;
#4712 = CARTESIAN_POINT ( 'NONE',  ( -77.98050791764774203, 90.70183586390410824, 165.5140454303527520 ) ) ;
#4713 = CARTESIAN_POINT ( 'NONE',  ( -74.78852960328464405, 69.28151800167140095, 149.7325884709703701 ) ) ;
#4714 = CIRCLE ( 'NONE', #767, 223.0000000000000853 ) ;
#4715 = ORIENTED_EDGE ( 'NONE', *, *, #2911, .F. ) ;
#4716 = CARTESIAN_POINT ( 'NONE',  ( -84.69720207905733389, 139.1980944471558814, 98.97347620201659879 ) ) ;
#4717 = ORIENTED_EDGE ( 'NONE', *, *, #7621, .T. ) ;
#4718 = ORIENTED_EDGE ( 'NONE', *, *, #2563, .T. ) ;
#4719 = CARTESIAN_POINT ( 'NONE',  ( -78.08017708204012308, 83.25200684985348687, 165.1705895019263153 ) ) ;
#4720 = EDGE_CURVE ( 'NONE', #8127, #7267, #6930, .T. ) ;
#4721 = ADVANCED_FACE ( 'NONE', ( #2885 ), #13, .T. ) ;
#4722 = VECTOR ( 'NONE', #5654, 1000.000000000000000 ) ;
#4723 = CARTESIAN_POINT ( 'NONE',  ( -81.88500975994593034, 77.17965552965837617, 159.2722410090683525 ) ) ;
#4724 = DIRECTION ( 'NONE',  ( 1.000000000000000000, -0.000000000000000000, -0.000000000000000000 ) ) ;
#4725 = CARTESIAN_POINT ( 'NONE',  ( -79.63778681468612319, 150.6360177989940325, 66.60526175921641823 ) ) ;
#4726 = CARTESIAN_POINT ( 'NONE',  ( -70.78852960328462984, 86.78156815438114791, 64.25779513156511769 ) ) ;
#4727 = CARTESIAN_POINT ( 'NONE',  ( -78.78852960328464405, 83.02282474000649870, 161.6585930294566822 ) ) ;
#4728 = CARTESIAN_POINT ( 'NONE',  ( -74.78852960328462984, 64.67645505323017119, 130.8855377398518840 ) ) ;
#4729 = VERTEX_POINT ( 'NONE', #672 ) ;
#4730 = CARTESIAN_POINT ( 'NONE',  ( -70.83104335670242335, 114.8369733994289561, 97.13089843600704398 ) ) ;
#4731 = ADVANCED_FACE ( 'NONE', ( #2949 ), #7016, .T. ) ;
#4732 = CARTESIAN_POINT ( 'NONE',  ( -80.00589230830209431, 97.07543392098769175, 63.14013552227638826 ) ) ;
#4733 = CARTESIAN_POINT ( 'NONE',  ( -71.83874036996405721, 70.14976131033667173, 76.94510087304175272 ) ) ;
#4734 = VECTOR ( 'NONE', #4503, 1000.000000000000000 ) ;
#4735 = DIRECTION ( 'NONE',  ( 1.000000000000000000, 0.000000000000000000, 0.000000000000000000 ) ) ;
#4736 = CARTESIAN_POINT ( 'NONE',  ( -89.88693823941980554, 153.7764201288844106, 98.82744096623399344 ) ) ;
#4737 = CARTESIAN_POINT ( 'NONE',  ( -83.38852960328463837, 135.3251101029211441, 95.58049982365579922 ) ) ;
#4738 = CARTESIAN_POINT ( 'NONE',  ( -84.66853381123463862, 127.5522426249367527, 128.0591606624098802 ) ) ;
#4739 = CARTESIAN_POINT ( 'NONE',  ( -74.78852960328464405, 62.70123240643188467, 121.8350500055676662 ) ) ;
#4740 = CARTESIAN_POINT ( 'NONE',  ( -71.28852960328462984, 114.8119079817578125, 132.7125299789917392 ) ) ;
#4741 = ORIENTED_EDGE ( 'NONE', *, *, #6861, .T. ) ;
#4742 = CARTESIAN_POINT ( 'NONE',  ( -70.78852960328462984, 148.6523643092002942, 155.6914970079084526 ) ) ;
#4743 = VECTOR ( 'NONE', #4228, 1000.000000000000000 ) ;
#4744 = ORIENTED_EDGE ( 'NONE', *, *, #2159, .F. ) ;
#4745 = CARTESIAN_POINT ( 'NONE',  ( -81.34060710739362321, 148.6386672514968836, 160.6512955469960957 ) ) ;
#4746 = CARTESIAN_POINT ( 'NONE',  ( -72.28852960328462984, 111.3119079817578267, 115.5054217592787467 ) ) ;
#4747 = VERTEX_POINT ( 'NONE', #255 ) ;
#4748 = CARTESIAN_POINT ( 'NONE',  ( -78.19648510815659392, 81.47368168227224317, 167.9651630943091334 ) ) ;
#4749 = CARTESIAN_POINT ( 'NONE',  ( -81.03403532094975503, 78.68772490410499643, 65.60082309362991282 ) ) ;
#4750 = AXIS2_PLACEMENT_3D ( 'NONE', #6894, #2438, #9547 ) ;
#4751 = VECTOR ( 'NONE', #742, 999.9999999999998863 ) ;
#4752 = CARTESIAN_POINT ( 'NONE',  ( -85.76391546251925035, 143.4046648956118020, 105.1589220411307508 ) ) ;
#4753 = LINE ( 'NONE', #3278, #3753 ) ;
#4754 = CARTESIAN_POINT ( 'NONE',  ( -79.47431099271416599, 127.0014582100756400, 165.1115603603574300 ) ) ;
#4755 = LINE ( 'NONE', #7069, #272 ) ;
#4756 = DIRECTION ( 'NONE',  ( -0.02851678252604758490, 0.9973721332388476579, 0.06660045760317595542 ) ) ;
#4757 = ORIENTED_EDGE ( 'NONE', *, *, #9474, .T. ) ;
#4758 = CARTESIAN_POINT ( 'NONE',  ( -69.74836691017675605, 65.52640825447605266, 133.7856970724591008 ) ) ;
#4759 = CARTESIAN_POINT ( 'NONE',  ( -70.78852960328462984, 153.6120697368758101, 113.8203502584696878 ) ) ;
#4760 = AXIS2_PLACEMENT_3D ( 'NONE', #2572, #3255, #6991 ) ;
#4761 = CARTESIAN_POINT ( 'NONE',  ( -72.17888115407453142, 113.3487526927662259, 133.5853217848573991 ) ) ;
#4762 = VECTOR ( 'NONE', #7550, 1000.000000000000000 ) ;
#4763 = CARTESIAN_POINT ( 'NONE',  ( -71.60435360180845521, 72.89378441987464896, 75.69730270851239595 ) ) ;
#4764 = AXIS2_PLACEMENT_3D ( 'NONE', #5579, #8612, #1094 ) ;
#4765 = VECTOR ( 'NONE', #7630, 1000.000000000000000 ) ;
#4766 = CARTESIAN_POINT ( 'NONE',  ( -90.24879891595065828, 147.1329313842462625, 102.2348900957413633 ) ) ;
#4767 = ORIENTED_EDGE ( 'NONE', *, *, #2508, .T. ) ;
#4768 = CARTESIAN_POINT ( 'NONE',  ( -71.60444152329296230, 70.27948369363456038, 150.0947744432860134 ) ) ;
#4769 = ORIENTED_EDGE ( 'NONE', *, *, #9322, .F. ) ;
#4770 = VERTEX_POINT ( 'NONE', #3274 ) ;
#4771 = B_SPLINE_SURFACE_WITH_KNOTS ( 'NONE', 2, 1, ( 
 ( #6809, #9101 ),
 ( #3659, #9700 ),
 ( #7552, #779 ),
 ( #8992, #8203 ),
 ( #5958, #8346 ),
 ( #1433, #6650 ),
 ( #647, #4542 ) ),
 .UNSPECIFIED., .F., .F., .F.,
 ( 3, 2, 2, 3 ),
 ( 2, 2 ),
 ( -0.006295115526482871621, 0.000000000000000000, 1.000000000000000000, 1.006295115893346637 ),
 ( 0.000000000000000000, 1.000000000000000000 ),
 .UNSPECIFIED. ) ;
#4772 = CARTESIAN_POINT ( 'NONE',  ( -78.78852960328464405, 86.78188868465922212, 155.7535580371800279 ) ) ;
#4773 = STYLED_ITEM ( 'NONE', ( #5197 ), #8050 ) ;
#4774 = CARTESIAN_POINT ( 'NONE',  ( -78.67162736360977249, 77.95770556699135057, 63.94272697104946701 ) ) ;
#4775 = DIRECTION ( 'NONE',  ( 1.000000000000000000, 0.000000000000000000, 0.000000000000000000 ) ) ;
#4776 = CARTESIAN_POINT ( 'NONE',  ( -85.20387806858958868, 124.5995872348002251, 125.4731716545834956 ) ) ;
#4777 = EDGE_CURVE ( 'NONE', #3842, #2334, #1993, .T. ) ;
#4778 = EDGE_CURVE ( 'NONE', #7285, #8321, #6507, .T. ) ;
#4779 = CARTESIAN_POINT ( 'NONE',  ( -80.01845896092169141, 151.1519052151601272, 67.81256561497659163 ) ) ;
#4780 = DIRECTION ( 'NONE',  ( -1.000000000000000000, -0.000000000000000000, -0.000000000000000000 ) ) ;
#4781 = CARTESIAN_POINT ( 'NONE',  ( -74.78852960328465826, 65.51702551225270099, 93.34970286962334285 ) ) ;
#4782 = CARTESIAN_POINT ( 'NONE',  ( -90.62951458541260763, 118.2679121758610847, 119.6217600156973049 ) ) ;
#4783 = VERTEX_POINT ( 'NONE', #6952 ) ;
#4784 = CARTESIAN_POINT ( 'NONE',  ( -70.78852960328462984, 115.2218615512913544, 97.38730597908370612 ) ) ;
#4785 = CARTESIAN_POINT ( 'NONE',  ( -79.60852245725941145, 76.95486449847594201, 161.3519184945691052 ) ) ;
#4786 = CARTESIAN_POINT ( 'NONE',  ( -81.93555379739336786, 77.08937864829368891, 159.1428202984524489 ) ) ;
#4787 = CARTESIAN_POINT ( 'NONE',  ( -87.25279547734737662, 107.2932403239366863, 133.5815671265678475 ) ) ;
#4788 = DIRECTION ( 'NONE',  ( -1.000000000000000000, -0.000000000000000000, -0.000000000000000000 ) ) ;
#4789 = ORIENTED_EDGE ( 'NONE', *, *, #9271, .F. ) ;
#4790 = DIRECTION ( 'NONE',  ( 1.000000000000000000, 0.000000000000000000, 0.000000000000000000 ) ) ;
#4791 = EDGE_CURVE ( 'NONE', #414, #4086, #6896, .T. ) ;
#4792 = CARTESIAN_POINT ( 'NONE',  ( -72.28852960328462984, 113.4087911130689008, 133.8650597908254554 ) ) ;
#4793 = DIRECTION ( 'NONE',  ( 1.000000000000000000, -0.000000000000000000, -0.000000000000000000 ) ) ;
#4794 = CARTESIAN_POINT ( 'NONE',  ( -87.14734061076819671, 152.1528753394397881, 142.9854879822578937 ) ) ;
#4795 = DIRECTION ( 'NONE',  ( -0.000000000000000000, 1.000000000000000000, 0.000000000000000000 ) ) ;
#4796 = CARTESIAN_POINT ( 'NONE',  ( -81.89607519042159822, 0.000000000000000000, 102.0493643056304194 ) ) ;
#4797 = ORIENTED_EDGE ( 'NONE', *, *, #8578, .F. ) ;
#4798 = CARTESIAN_POINT ( 'NONE',  ( -78.78852960328464405, 103.8119079817578410, 133.0054217592787609 ) ) ;
#4799 = CARTESIAN_POINT ( 'NONE',  ( -90.25077970197091304, 119.0221034154545805, 102.2555199478681232 ) ) ;
#4800 = CARTESIAN_POINT ( 'NONE',  ( -70.79057221097728814, 115.1670442121065889, 132.3728206832069532 ) ) ;
#4801 = ORIENTED_EDGE ( 'NONE', *, *, #7823, .T. ) ;
#4802 = CARTESIAN_POINT ( 'NONE',  ( -72.28852960328462984, 111.3119079817578125, 113.5054217592787467 ) ) ;
#4803 = CARTESIAN_POINT ( 'NONE',  ( -79.77945311197967726, 75.98944478886956233, 160.3262518423262293 ) ) ;
#4804 = ORIENTED_EDGE ( 'NONE', *, *, #128, .F. ) ;
#4805 = CARTESIAN_POINT ( 'NONE',  ( -90.24921091258234185, 147.1380001540844660, 102.2319709761541304 ) ) ;
#4806 = CARTESIAN_POINT ( 'NONE',  ( -70.87236021160714472, 114.8880824260906195, 132.8536981958302192 ) ) ;
#4807 = CARTESIAN_POINT ( 'NONE',  ( -70.78852960328462984, 77.12349321088881027, 156.7636166911997577 ) ) ;
#4808 = DIRECTION ( 'NONE',  ( 1.000000000000000000, -0.000000000000000000, -0.000000000000000000 ) ) ;
#4809 = FACE_BOUND ( 'NONE', #1343, .T. ) ;
#4810 = ORIENTED_EDGE ( 'NONE', *, *, #79, .T. ) ;
#4811 = CARTESIAN_POINT ( 'NONE',  ( -72.76987861885662312, 73.86730411668719398, 75.00449243608673555 ) ) ;
#4812 = CARTESIAN_POINT ( 'NONE',  ( -72.07176886721167364, 113.3864525319435188, 133.5608867222741480 ) ) ;
#4813 = CARTESIAN_POINT ( 'NONE',  ( -69.74836691017675605, 62.38728191801577339, 109.6173483854554291 ) ) ;
#4814 = CARTESIAN_POINT ( 'NONE',  ( -87.78852960328462984, 110.9293568147877664, 102.8454217592787501 ) ) ;
#4815 = FACE_OUTER_BOUND ( 'NONE', #9019, .T. ) ;
#4816 = CARTESIAN_POINT ( 'NONE',  ( -79.80119417653125424, 81.67714014276187129, 62.65291040232563802 ) ) ;
#4817 = VERTEX_POINT ( 'NONE', #5309 ) ;
#4818 = CARTESIAN_POINT ( 'NONE',  ( -89.98383809372877806, 103.3119079817578267, 127.8744310440705334 ) ) ;
#4819 = CARTESIAN_POINT ( 'NONE',  ( -70.78852960328462984, 72.33907924906459641, 155.2426427895741483 ) ) ;
#4820 = ADVANCED_FACE ( 'NONE', ( #4593 ), #5335, .T. ) ;
#4821 = ORIENTED_EDGE ( 'NONE', *, *, #2546, .F. ) ;
#4822 = ORIENTED_EDGE ( 'NONE', *, *, #8853, .T. ) ;
#4823 = EDGE_CURVE ( 'NONE', #8466, #9546, #4493, .T. ) ;
#4824 = CARTESIAN_POINT ( 'NONE',  ( -81.62468259168103657, 72.58895190515747231, 71.71797338045909953 ) ) ;
#4825 = EDGE_CURVE ( 'NONE', #9002, #1791, #8529, .T. ) ;
#4826 = CARTESIAN_POINT ( 'NONE',  ( -85.93785150897352310, 143.6145508689025405, 120.0390432568865293 ) ) ;
#4827 = CARTESIAN_POINT ( 'NONE',  ( -71.28852960328462984, 114.8119079817578125, 132.7125299789917392 ) ) ;
#4828 = DIRECTION ( 'NONE',  ( 1.000000000000000000, 0.000000000000000000, 0.000000000000000000 ) ) ;
#4829 = CARTESIAN_POINT ( 'NONE',  ( -84.61063549006121320, 138.9594333383684841, 75.38179685705284783 ) ) ;
#4830 = ORIENTED_EDGE ( 'NONE', *, *, #3563, .T. ) ;
#4831 = CARTESIAN_POINT ( 'NONE',  ( -70.78852960328462984, 115.2020068322953108, 97.40716069807977817 ) ) ;
#4832 = CARTESIAN_POINT ( 'NONE',  ( -90.06581592441261819, 119.7306133075423986, 100.4592900323395241 ) ) ;
#4833 = CARTESIAN_POINT ( 'NONE',  ( -83.34633314969053686, 104.8392314434363328, 92.32969145103140818 ) ) ;
#4834 = EDGE_CURVE ( 'NONE', #9089, #6267, #1059, .T. ) ;
#4835 = CARTESIAN_POINT ( 'NONE',  ( -90.78813265571790225, 61.27559907141063889, 114.1078770674185137 ) ) ;
#4836 = ORIENTED_EDGE ( 'NONE', *, *, #9716, .T. ) ;
#4837 = CARTESIAN_POINT ( 'NONE',  ( -81.18207868182184939, 151.6815248398964968, 155.8843974093261977 ) ) ;
#4838 = CARTESIAN_POINT ( 'NONE',  ( -90.62951458541260763, 118.2679121758610847, 119.6217600156973049 ) ) ;
#4839 = CARTESIAN_POINT ( 'NONE',  ( -80.14225479473103064, 122.0963515662418217, 163.5525310035376378 ) ) ;
#4840 = LINE ( 'NONE', #4737, #7755 ) ;
#4841 = DIRECTION ( 'NONE',  ( 0.000000000000000000, 0.000000000000000000, 1.000000000000000000 ) ) ;
#4842 = CARTESIAN_POINT ( 'NONE',  ( -79.99285580253430794, 127.0999714414794113, 163.9012391044448123 ) ) ;
#4843 = CARTESIAN_POINT ( 'NONE',  ( -70.78852960328462984, 78.71924041441211273, 68.09220448043294027 ) ) ;
#4844 = CARTESIAN_POINT ( 'NONE',  ( -88.83508500218536597, 112.6250564888243986, 92.06791900072106216 ) ) ;
#4845 = EDGE_LOOP ( 'NONE', ( #7217, #7, #2055, #6221, #1714, #1723, #6364, #1342, #9087, #2105, #5651, #7185 ) ) ;
#4846 = CARTESIAN_POINT ( 'NONE',  ( -78.77413944211865271, 147.3155774229847168, 161.6456017291804983 ) ) ;
#4847 = ADVANCED_FACE ( 'NONE', ( #3578 ), #6428, .T. ) ;
#4848 = ORIENTED_EDGE ( 'NONE', *, *, #6575, .T. ) ;
#4849 = LINE ( 'NONE', #7864, #7389 ) ;
#4850 = ORIENTED_EDGE ( 'NONE', *, *, #1999, .T. ) ;
#4851 = B_SPLINE_SURFACE_WITH_KNOTS ( 'NONE', 1, 3, ( 
 ( #565, #6625, #3075, #8867, #7671, #6577, #5377, #97, #1408, #9678, #895, #9620, #1303, #5323, #4328, #2400, #4425, #3684, #6669, #45, #2099, #9096, #2341, #1595, #7363, #8360, #7622, #3124, #7063, #1743, #3277, #1144, #7165, #6970, #7865, #9311, #4805, #3235, #7722, #1888, #206, #7824, #7772, #2548, #8558, #4852 ),
 ( #2456, #3182, #4898, #939, #5621, #6313, #5425, #2598, #8461, #6166, #3970, #6216, #6356, #4164, #5531, #1038, #992, #1088, #4017, #9259, #3372, #9213, #1696, #4115, #7118, #9413, #7018, #5470, #4700, #362, #8609, #306, #9368, #1800, #5577, #6261, #2500, #4057, #1844, #2643, #4752, #7919, #8655, #8504, #256, #3321 ) ),
 .UNSPECIFIED., .F., .F., .F.,
 ( 2, 2 ),
 ( 4, 2, 2, 2, 2, 2, 2, 2, 2, 2, 2, 2, 2, 2, 2, 2, 2, 2, 2, 2, 2, 2, 4 ),
 ( 0.000000000000000000, 1.000000000000000000 ),
 ( 0.000000000000000000, 0.001397036074608540637, 0.002794072149217081275, 0.004191108223825621912, 0.004889626261129892230, 0.005588144298434162549, 0.006985180373042703186, 0.008382216447651243824, 0.009080734484955513275, 0.009779252522259784461, 0.01047777055956405565, 0.01117628859686832510, 0.01257332467147686574, 0.01327184270878113692, 0.01397036074608540637, 0.01466887878338967582, 0.01536739682069394701, 0.01676443289530248765, 0.01816146896991102655, 0.01885998700721529947, 0.01955850504451956892, 0.02095554111912811129, 0.02235257719373665020 ),
 .UNSPECIFIED. ) ;
#4852 = CARTESIAN_POINT ( 'NONE',  ( -90.61001005408840570, 147.8939197522231837, 107.0249134542453362 ) ) ;
#4853 = CARTESIAN_POINT ( 'NONE',  ( -71.71055358114043088, 114.1811343065918862, 133.9608632281685630 ) ) ;
#4854 = CARTESIAN_POINT ( 'NONE',  ( -90.78852960328464405, 148.6295562489418387, 163.1600515490035264 ) ) ;
#4855 = CARTESIAN_POINT ( 'NONE',  ( -79.75043548677527383, 144.1320548307751039, 62.54691032726012168 ) ) ;
#4856 = LINE ( 'NONE', #4120, #507 ) ;
#4857 = CARTESIAN_POINT ( 'NONE',  ( -90.40411836898937281, 113.3119079817578125, 103.9957575811528443 ) ) ;
#4858 = ORIENTED_EDGE ( 'NONE', *, *, #1235, .T. ) ;
#4859 = CARTESIAN_POINT ( 'NONE',  ( -88.78852960328462984, 106.6293568147877551, 94.50674166600603598 ) ) ;
#4860 = CARTESIAN_POINT ( 'NONE',  ( -72.07176886721174469, 113.9720813672085598, 134.1465155575392032 ) ) ;
#4861 = AXIS2_PLACEMENT_3D ( 'NONE', #9214, #6118, #7019 ) ;
#4862 = CARTESIAN_POINT ( 'NONE',  ( -89.56886881105607756, 111.6224492356478919, 113.3491290448048403 ) ) ;
#4863 = ORIENTED_EDGE ( 'NONE', *, *, #466, .F. ) ;
#4864 = CARTESIAN_POINT ( 'NONE',  ( -88.62637178302709628, 113.9615994176815406, 133.1235995467538942 ) ) ;
#4865 = EDGE_CURVE ( 'NONE', #4646, #9640, #7583, .T. ) ;
#4866 = ORIENTED_EDGE ( 'NONE', *, *, #9084, .F. ) ;
#4867 = ORIENTED_EDGE ( 'NONE', *, *, #7136, .F. ) ;
#4868 = FACE_OUTER_BOUND ( 'NONE', #4691, .T. ) ;
#4869 = CARTESIAN_POINT ( 'NONE',  ( -85.43148873964864265, 141.9419079817567138, 149.0057407317052593 ) ) ;
#4870 = CARTESIAN_POINT ( 'NONE',  ( -86.22920288531443589, 64.05714156475181653, 88.46137975370830020 ) ) ;
#4871 = STYLED_ITEM ( 'NONE', ( #3132 ), #1759 ) ;
#4872 = CARTESIAN_POINT ( 'NONE',  ( -89.66566416041418108, 144.0502275267084826, 129.7594423101632231 ) ) ;
#4873 = DIRECTION ( 'NONE',  ( -1.000000000000000000, 0.000000000000000000, 0.000000000000000000 ) ) ;
#4874 = CARTESIAN_POINT ( 'NONE',  ( -81.53177118452803995, 148.8834134196822276, 66.83903612697761787 ) ) ;
#4875 = CARTESIAN_POINT ( 'NONE',  ( -73.28852960328462984, 105.3119079817578267, 115.5054217592787325 ) ) ;
#4876 = CARTESIAN_POINT ( 'NONE',  ( -80.62085105410071151, 147.3152121886424197, 64.59744460037485680 ) ) ;
#4877 = ORIENTED_EDGE ( 'NONE', *, *, #6628, .T. ) ;
#4878 = CARTESIAN_POINT ( 'NONE',  ( -70.79988127500413952, 115.1168958255788795, 97.22291728304554681 ) ) ;
#4879 = CIRCLE ( 'NONE', #3143, 1.000000000000000888 ) ;
#4880 = CARTESIAN_POINT ( 'NONE',  ( -71.81763825696337733, 70.05792016426835289, 76.98216318428693228 ) ) ;
#4881 = DIRECTION ( 'NONE',  ( 0.000000000000000000, 0.000000000000000000, -1.000000000000000000 ) ) ;
#4882 = CARTESIAN_POINT ( 'NONE',  ( -87.57613261853502706, 65.03958485316810822, 141.0993980064945106 ) ) ;
#4883 = CARTESIAN_POINT ( 'NONE',  ( -85.25194276532441506, 124.2334450717466723, 101.6990948372571921 ) ) ;
#4884 = ORIENTED_EDGE ( 'NONE', *, *, #5424, .F. ) ;
#4885 = VECTOR ( 'NONE', #6256, 1000.000000000000000 ) ;
#4886 = LINE ( 'NONE', #5703, #9195 ) ;
#4887 = CARTESIAN_POINT ( 'NONE',  ( -88.29708984256564008, 105.0312371790259931, 132.3099605367807783 ) ) ;
#4888 = FACE_BOUND ( 'NONE', #7033, .T. ) ;
#4889 = CARTESIAN_POINT ( 'NONE',  ( -80.27343313831768512, 151.3931279698648495, 68.63689997706067913 ) ) ;
#4890 = ORIENTED_EDGE ( 'NONE', *, *, #6259, .F. ) ;
#4891 = EDGE_CURVE ( 'NONE', #3352, #4349, #5237, .T. ) ;
#4892 = CARTESIAN_POINT ( 'NONE',  ( -72.28852960328462984, 113.8372180658653861, 95.52395985803748601 ) ) ;
#4893 = B_SPLINE_CURVE_WITH_KNOTS ( 'NONE', 3,
 ( #7382, #7446, #5952, #9343, #1068, #7749 ),
 .UNSPECIFIED., .F., .F.,
 ( 4, 2, 4 ),
 ( 0.000000000000000000, 0.5000000000000000000, 1.000000000000000000 ),
 .UNSPECIFIED. ) ;
#4894 = VECTOR ( 'NONE', #5908, 1000.000000000000000 ) ;
#4895 = DIRECTION ( 'NONE',  ( 0.000000000000000000, 1.000000000000000000, -0.000000000000000000 ) ) ;
#4896 = ORIENTED_EDGE ( 'NONE', *, *, #2248, .T. ) ;
#4897 = ADVANCED_FACE ( 'NONE', ( #2951 ), #1504, .F. ) ;
#4898 = CARTESIAN_POINT ( 'NONE',  ( -84.28961826617226905, 134.2905437289038559, 97.29691526122203982 ) ) ;
#4899 = EDGE_CURVE ( 'NONE', #6884, #422, #8588, .T. ) ;
#4900 = CARTESIAN_POINT ( 'NONE',  ( -71.29872141835414823, 114.4047686401202668, 133.6106751093712717 ) ) ;
#4901 = CARTESIAN_POINT ( 'NONE',  ( -84.60803216146589989, 111.5080895193808885, 103.3392070228238850 ) ) ;
#4902 = CARTESIAN_POINT ( 'NONE',  ( -79.21100432870051122, 85.40033003008949208, 165.7085688616550954 ) ) ;
#4903 = VERTEX_POINT ( 'NONE', #7310 ) ;
#4904 = CARTESIAN_POINT ( 'NONE',  ( -72.28852960328462984, 152.4621127927742634, 95.50574073169437384 ) ) ;
#4905 = CARTESIAN_POINT ( 'NONE',  ( -71.31040910139311961, 113.9960979339292493, 133.4475217351146910 ) ) ;
#4906 = CARTESIAN_POINT ( 'NONE',  ( -78.41501825023496508, 81.41141280376652389, 62.82207159945092911 ) ) ;
#4907 = EDGE_CURVE ( 'NONE', #4438, #1905, #3877, .T. ) ;
#4908 = ORIENTED_EDGE ( 'NONE', *, *, #3870, .F. ) ;
#4909 = CARTESIAN_POINT ( 'NONE',  ( -90.76830146906615937, 105.3119079817578267, 111.3240076166697889 ) ) ;
#4910 = VECTOR ( 'NONE', #9762, 1000.000000000000000 ) ;
#4911 = ORIENTED_EDGE ( 'NONE', *, *, #2565, .T. ) ;
#4912 = ORIENTED_EDGE ( 'NONE', *, *, #9416, .T. ) ;
#4913 = DIRECTION ( 'NONE',  ( 0.000000000000000000, 0.000000000000000000, -1.000000000000000000 ) ) ;
#4914 = AXIS2_PLACEMENT_3D ( 'NONE', #1283, #4895, #9456 ) ;
#4915 = CARTESIAN_POINT ( 'NONE',  ( -83.18644280886792330, 104.7532876030542468, 104.7638210454621657 ) ) ;
#4916 = EDGE_CURVE ( 'NONE', #663, #1198, #7673, .T. ) ;
#4917 = CARTESIAN_POINT ( 'NONE',  ( -90.01067323711410495, 145.9936922773933929, 127.0396964882992421 ) ) ;
#4918 = EDGE_CURVE ( 'NONE', #6032, #1531, #2348, .T. ) ;
#4919 = CARTESIAN_POINT ( 'NONE',  ( -77.88624991159676370, 87.44823992607120999, 165.7313321388055272 ) ) ;
#4920 = VERTEX_POINT ( 'NONE', #2402 ) ;
#4921 = CARTESIAN_POINT ( 'NONE',  ( -70.79081213193764199, 115.1867931302951717, 97.33238469920351577 ) ) ;
#4922 = CIRCLE ( 'NONE', #2227, 1.000000000000000888 ) ;
#4923 = CARTESIAN_POINT ( 'NONE',  ( -87.16465004064970401, 62.31334180536955358, 93.50549192035477120 ) ) ;
#4924 = CARTESIAN_POINT ( 'NONE',  ( -84.05439746886770536, 73.30562467548762129, 153.3189720012642567 ) ) ;
#4925 = CARTESIAN_POINT ( 'NONE',  ( -84.68827270643301119, 127.0224739089666457, 98.93436947451223773 ) ) ;
#4926 = ORIENTED_EDGE ( 'NONE', *, *, #8039, .F. ) ;
#4927 = CARTESIAN_POINT ( 'NONE',  ( -74.78852960328464405, 69.28116841326392716, 77.27902731469615105 ) ) ;
#4928 = CARTESIAN_POINT ( 'NONE',  ( -87.37848393418852311, 105.3119079817578267, 131.5640869372336681 ) ) ;
#4929 = CARTESIAN_POINT ( 'NONE',  ( -82.63268911944125250, 151.3693642936322590, 157.3098419835786217 ) ) ;
#4930 = CARTESIAN_POINT ( 'NONE',  ( -74.78852960328464405, 71.21918223574462559, 76.47863238026758381 ) ) ;
#4931 = ORIENTED_EDGE ( 'NONE', *, *, #4576, .T. ) ;
#4932 = CARTESIAN_POINT ( 'NONE',  ( -70.78852960328462984, 115.2085544761547879, 132.3209580173941902 ) ) ;
#4933 = DIRECTION ( 'NONE',  ( 0.000000000000000000, -0.9977774101625509484, 0.06663512414119497629 ) ) ;
#4934 = VERTEX_POINT ( 'NONE', #457 ) ;
#4935 = DIRECTION ( 'NONE',  ( 0.000000000000000000, 0.000000000000000000, -1.000000000000000000 ) ) ;
#4936 = CARTESIAN_POINT ( 'NONE',  ( -71.00951234718989724, 114.6725026146427240, 133.1915204807256146 ) ) ;
#4937 = CARTESIAN_POINT ( 'NONE',  ( -81.89607519042159822, 113.3115952306277308, 105.0493643056304194 ) ) ;
#4938 = ORIENTED_EDGE ( 'NONE', *, *, #6840, .F. ) ;
#4939 = CARTESIAN_POINT ( 'NONE',  ( -71.78053481577285311, 113.5260340713809484, 133.3812512705452775 ) ) ;
#4940 = EDGE_CURVE ( 'NONE', #4652, #422, #2224, .T. ) ;
#4941 = CARTESIAN_POINT ( 'NONE',  ( -90.57553746352687085, 118.2912506558429300, 120.6007232706298566 ) ) ;
#4942 = CARTESIAN_POINT ( 'NONE',  ( -70.78852960328462984, 114.0204415849168953, 132.2760348314621410 ) ) ;
#4943 = ORIENTED_EDGE ( 'NONE', *, *, #5638, .T. ) ;
#4944 = CARTESIAN_POINT ( 'NONE',  ( -88.42781801702925293, 113.6986952874438401, 132.5507712350695328 ) ) ;
#4945 = ORIENTED_EDGE ( 'NONE', *, *, #128, .T. ) ;
#4946 = ORIENTED_EDGE ( 'NONE', *, *, #8820, .F. ) ;
#4947 = EDGE_CURVE ( 'NONE', #4289, #3103, #8055, .T. ) ;
#4948 = ADVANCED_FACE ( 'NONE', ( #3006 ), #3835, .F. ) ;
#4949 = EDGE_CURVE ( 'NONE', #6884, #8321, #8214, .T. ) ;
#4950 = CARTESIAN_POINT ( 'NONE',  ( -89.45130262720918779, 123.6579240273557474, 131.2428004818660838 ) ) ;
#4951 = DIRECTION ( 'NONE',  ( -1.000000000000000000, -0.000000000000000000, -0.000000000000000000 ) ) ;
#4952 = DIRECTION ( 'NONE',  ( -0.000000000000000000, 1.000000000000000000, -0.000000000000000000 ) ) ;
#4953 = CARTESIAN_POINT ( 'NONE',  ( -85.06325288140494933, 140.9360472795790997, 126.2114389901709615 ) ) ;
#4954 = CARTESIAN_POINT ( 'NONE',  ( -83.69078054897370578, 140.0827772058866572, 154.3685542510143307 ) ) ;
#4955 = CARTESIAN_POINT ( 'NONE',  ( -85.40121190455710121, 141.1448866767432264, 77.90499339987805172 ) ) ;
#4956 = ORIENTED_EDGE ( 'NONE', *, *, #3512, .F. ) ;
#4957 = CARTESIAN_POINT ( 'NONE',  ( -88.77123268437783565, 105.3119079682351753, 113.5054217592787325 ) ) ;
#4958 = CARTESIAN_POINT ( 'NONE',  ( -70.78852960328462984, 148.6523643092005216, 155.6914970079084526 ) ) ;
#4959 = CYLINDRICAL_SURFACE ( 'NONE', #2998, 2.000000000000015543 ) ;
#4960 = CARTESIAN_POINT ( 'NONE',  ( -84.73807821932399520, 72.08506078992186872, 151.4577483501748247 ) ) ;
#4961 = CARTESIAN_POINT ( 'NONE',  ( -72.28852960328462984, 152.9943727267665849, 126.2510169357570220 ) ) ;
#4962 = CARTESIAN_POINT ( 'NONE',  ( -70.78852960328462984, 148.7294257510154978, 63.95107861456690301 ) ) ;
#4963 = ORIENTED_EDGE ( 'NONE', *, *, #4076, .F. ) ;
#4964 = DIRECTION ( 'NONE',  ( 1.000000000000000000, 0.000000000000000000, 0.000000000000000000 ) ) ;
#4965 = CARTESIAN_POINT ( 'NONE',  ( -84.15309937948529750, 150.3753218450625866, 73.95807082723898418 ) ) ;
#4966 = CARTESIAN_POINT ( 'NONE',  ( -78.37527147803962180, 117.0454516209386782, 164.5955135173094845 ) ) ;
#4967 = CARTESIAN_POINT ( 'NONE',  ( -87.94596833817664105, 106.8225486386733820, 133.9424735148321872 ) ) ;
#4968 = CARTESIAN_POINT ( 'NONE',  ( -83.74306081670574997, 153.2400496467722348, 148.0648875109329765 ) ) ;
#4969 = CYLINDRICAL_SURFACE ( 'NONE', #613, 5.000000000000004441 ) ;
#4970 = ORIENTED_EDGE ( 'NONE', *, *, #5074, .F. ) ;
#4971 = CARTESIAN_POINT ( 'NONE',  ( -78.41482843622125642, 81.41179733515535588, 164.1893223118609058 ) ) ;
#4972 = ADVANCED_FACE ( 'NONE', ( #3993 ), #1775, .T. ) ;
#4973 = ORIENTED_EDGE ( 'NONE', *, *, #4181, .T. ) ;
#4974 = CARTESIAN_POINT ( 'NONE',  ( -80.69838484777702092, 77.35892931508989534, 162.2342053516627516 ) ) ;
#4975 = CARTESIAN_POINT ( 'NONE',  ( -84.90486305709475801, 144.6546086809244684, 150.7102066219138692 ) ) ;
#4976 = FACE_OUTER_BOUND ( 'NONE', #201, .T. ) ;
#4977 = DIRECTION ( 'NONE',  ( 0.000000000000000000, 0.000000000000000000, -1.000000000000000000 ) ) ;
#4978 = FACE_OUTER_BOUND ( 'NONE', #6180, .T. ) ;
#4979 = CARTESIAN_POINT ( 'NONE',  ( -70.78852960328462984, 115.1635809991859105, 132.4222354697931792 ) ) ;
#4980 = LINE ( 'NONE', #6555, #6433 ) ;
#4981 = CARTESIAN_POINT ( 'NONE',  ( -78.41482843622124221, 81.41179733515531325, 164.1893223118609058 ) ) ;
#4982 = ORIENTED_EDGE ( 'NONE', *, *, #2378, .T. ) ;
#4983 = CARTESIAN_POINT ( 'NONE',  ( -71.78053481577286732, 114.1517168189374019, 134.0069340181017594 ) ) ;
#4984 = CARTESIAN_POINT ( 'NONE',  ( -78.78852960328464405, 104.4468056478177402, 91.96147921292704552 ) ) ;
#4985 = CARTESIAN_POINT ( 'NONE',  ( -88.76864531618238630, 105.3119079817578267, 111.3610922527621483 ) ) ;
#4986 = ORIENTED_EDGE ( 'NONE', *, *, #1999, .F. ) ;
#4987 = ORIENTED_EDGE ( 'NONE', *, *, #4483, .F. ) ;
#4988 = CARTESIAN_POINT ( 'NONE',  ( -69.19356123513028933, 59.56203450914003383, 106.3891697287406686 ) ) ;
#4989 = AXIS2_PLACEMENT_3D ( 'NONE', #5622, #9464, #2694 ) ;
#4990 = CARTESIAN_POINT ( 'NONE',  ( -85.77588798541989945, 143.3754221535631928, 121.6500025831356453 ) ) ;
#4991 = CARTESIAN_POINT ( 'NONE',  ( -72.28852960328462984, 114.8119079817578125, 95.75574073170528777 ) ) ;
#4992 = ADVANCED_FACE ( 'NONE', ( #9624 ), #5098, .F. ) ;
#4993 = CARTESIAN_POINT ( 'NONE',  ( -88.78852960328462984, 105.4468056478177402, 103.0725956219346386 ) ) ;
#4994 = CARTESIAN_POINT ( 'NONE',  ( -77.89577512358164313, 85.32656621358282223, 165.7044389068596217 ) ) ;
#4995 = EDGE_CURVE ( 'NONE', #9373, #1215, #814, .T. ) ;
#4996 = DIRECTION ( 'NONE',  ( 0.000000000000000000, 0.000000000000000000, -1.000000000000000000 ) ) ;
#4997 = ORIENTED_EDGE ( 'NONE', *, *, #1152, .T. ) ;
#4998 = CARTESIAN_POINT ( 'NONE',  ( -70.78852960328462984, 115.2569332580205668, 97.44223240480897630 ) ) ;
#4999 = EDGE_LOOP ( 'NONE', ( #2883, #9062, #2471 ) ) ;
#5000 = CARTESIAN_POINT ( 'NONE',  ( -70.80557638945978738, 114.9936483431373375, 132.4713949230684875 ) ) ;
#5001 = FACE_OUTER_BOUND ( 'NONE', #2181, .T. ) ;
#5002 = VECTOR ( 'NONE', #7271, 1000.000000000000000 ) ;
#5003 = CARTESIAN_POINT ( 'NONE',  ( -71.28852960328462984, 114.4065520826906663, 134.2125299789917392 ) ) ;
#5004 = VERTEX_POINT ( 'NONE', #2301 ) ;
#5005 = CARTESIAN_POINT ( 'NONE',  ( -82.53661041201389992, 149.6282676535282690, 157.5689278533691891 ) ) ;
#5006 = CARTESIAN_POINT ( 'NONE',  ( -88.52588882335531650, 104.6082723381653068, 134.5288962247789186 ) ) ;
#5007 = CARTESIAN_POINT ( 'NONE',  ( -88.42400503464523354, 156.0884902465965638, 104.1818812914783905 ) ) ;
#5008 = VECTOR ( 'NONE', #9719, 1000.000000000000000 ) ;
#5009 = CARTESIAN_POINT ( 'NONE',  ( -80.41796427692402460, 148.9225308338112370, 64.10165853691624704 ) ) ;
#5010 = VERTEX_POINT ( 'NONE', #5590 ) ;
#5011 = CARTESIAN_POINT ( 'NONE',  ( -72.28852960328462984, 113.3204415849168925, 96.20574073170529061 ) ) ;
#5012 = CARTESIAN_POINT ( 'NONE',  ( -89.30017580179008974, 107.1746996083775372, 113.4365066189648985 ) ) ;
#5013 = DIRECTION ( 'NONE',  ( 0.000000000000000000, -1.000000000000000000, 0.000000000000000000 ) ) ;
#5014 = CARTESIAN_POINT ( 'NONE',  ( -70.78852960328462984, 115.2120100720885461, 132.3244136133279198 ) ) ;
#5015 = CARTESIAN_POINT ( 'NONE',  ( -80.06560765909310362, 145.6888440024769977, 163.7313818698500540 ) ) ;
#5016 = EDGE_LOOP ( 'NONE', ( #2254, #5684, #8757, #8280 ) ) ;
#5017 = CARTESIAN_POINT ( 'NONE',  ( -89.39465410331014539, 111.5071000387960112, 113.4072888771918315 ) ) ;
#5018 = AXIS2_PLACEMENT_3D ( 'NONE', #9250, #839, #1637 ) ;
#5019 =( BOUNDED_SURFACE ( )  B_SPLINE_SURFACE ( 3, 2, ( 
 ( #6742, #4401, #696 ),
 ( #5914, #1578, #2931 ),
 ( #6791, #8253, #3706 ),
 ( #7392, #4592, #2275 ) ),
 .UNSPECIFIED., .F., .F., .T. ) 
 B_SPLINE_SURFACE_WITH_KNOTS ( ( 4, 4 ),
 ( 3, 3 ),
 ( 0.000000000000000000, 0.01394858583282063830 ),
 ( 0.000000000000000000, 1.000000000000000000 ),
 .UNSPECIFIED. ) 
 GEOMETRIC_REPRESENTATION_ITEM ( )  RATIONAL_B_SPLINE_SURFACE ( (
 ( 1.000000000000000000, 0.8345313104244613811, 1.000000000000000000),
 ( 1.000000000000000000, 0.8351689911287873969, 1.000000000000000000),
 ( 1.000000000000000000, 0.8358030434698008326, 1.000000000000000000),
 ( 1.000000000000000000, 0.8364334816827406760, 1.000000000000000000) ) ) 
 REPRESENTATION_ITEM ( '' )  SURFACE ( )  );
#5020 = CARTESIAN_POINT ( 'NONE',  ( -120.7885296032846441, 141.9419079817567138, 75.00574073170528777 ) ) ;
#5021 = CARTESIAN_POINT ( 'NONE',  ( -80.57856077724585475, 147.2149659622154161, 64.49583893428874148 ) ) ;
#5022 = CARTESIAN_POINT ( 'NONE',  ( -85.89411211268495094, 122.5941316493193085, 120.5151155713324727 ) ) ;
#5023 = CARTESIAN_POINT ( 'NONE',  ( -82.93795600433452364, 149.7800545310997506, 156.4808674273193958 ) ) ;
#5024 = CARTESIAN_POINT ( 'NONE',  ( -79.88888004225879058, 144.9225444971177978, 62.86742698928059525 ) ) ;
#5025 = VERTEX_POINT ( 'NONE', #2658 ) ;
#5026 = CIRCLE ( 'NONE', #7234, 1.000000000000000888 ) ;
#5027 = CARTESIAN_POINT ( 'NONE',  ( -70.78852960328462984, 141.6583579391500223, 71.02214642643238562 ) ) ;
#5028 = ORIENTED_EDGE ( 'NONE', *, *, #4353, .T. ) ;
#5029 = CARTESIAN_POINT ( 'NONE',  ( -71.11341714089795119, 114.3500847968404344, 133.3281902132871721 ) ) ;
#5030 = CARTESIAN_POINT ( 'NONE',  ( -77.87993974576266965, 136.2358545168187902, 165.7466180611653783 ) ) ;
#5031 = CARTESIAN_POINT ( 'NONE',  ( -81.85275765393471659, 113.3119079817578125, 91.96147921292704552 ) ) ;
#5032 = CARTESIAN_POINT ( 'NONE',  ( -81.46343037619463701, 77.93217261603432178, 160.3432096899168187 ) ) ;
#5033 = VECTOR ( 'NONE', #4664, 1000.000000000000000 ) ;
#5034 = CARTESIAN_POINT ( 'NONE',  ( -88.93371883033015024, 111.3119078604864143, 113.5054217592787182 ) ) ;
#5035 = CARTESIAN_POINT ( 'NONE',  ( -87.37848393418833837, 105.3119079817578267, 131.5640869372336113 ) ) ;
#5036 = CARTESIAN_POINT ( 'NONE',  ( -87.78582386282322148, 105.2683918008533794, 131.7301363074762435 ) ) ;
#5037 = ORIENTED_EDGE ( 'NONE', *, *, #3942, .T. ) ;
#5038 = ORIENTED_EDGE ( 'NONE', *, *, #4601, .T. ) ;
#5039 = CARTESIAN_POINT ( 'NONE',  ( -89.96839385518602228, 120.1671917673276937, 99.60864222921343014 ) ) ;
#5040 = CARTESIAN_POINT ( 'NONE',  ( -79.04073450254365696, 141.2541092573579817, 166.0902955905153249 ) ) ;
#5041 = AXIS2_PLACEMENT_3D ( 'NONE', #7424, #9, #1892 ) ;
#5042 = CYLINDRICAL_SURFACE ( 'NONE', #4400, 0.7000000000000061728 ) ;
#5043 = VECTOR ( 'NONE', #7489, 1000.000000000000114 ) ;
#5044 = VECTOR ( 'NONE', #371, 1000.000000000000000 ) ;
#5045 = CARTESIAN_POINT ( 'NONE',  ( -79.72628697065326264, 76.88221850166311810, 161.3013106178464682 ) ) ;
#5046 = FACE_OUTER_BOUND ( 'NONE', #2545, .T. ) ;
#5047 = CARTESIAN_POINT ( 'NONE',  ( -83.88421601982891218, 139.5358853503265948, 153.8080584701352507 ) ) ;
#5048 = ORIENTED_EDGE ( 'NONE', *, *, #546, .T. ) ;
#5049 = CARTESIAN_POINT ( 'NONE',  ( -90.78852960328464405, 105.4468056478177402, 103.0725956219346386 ) ) ;
#5050 = EDGE_LOOP ( 'NONE', ( #6762, #6610, #1461 ) ) ;
#5051 = CARTESIAN_POINT ( 'NONE',  ( -70.80479674663254741, 115.0153274550572746, 132.5003654782914850 ) ) ;
#5052 = DIRECTION ( 'NONE',  ( 0.000000000000000000, 0.000000000000000000, 1.000000000000000000 ) ) ;
#5053 = VECTOR ( 'NONE', #7907, 1000.000000000000000 ) ;
#5054 = LINE ( 'NONE', #3586, #7758 ) ;
#5055 = VECTOR ( 'NONE', #7331, 1000.000000000000000 ) ;
#5056 = EDGE_CURVE ( 'NONE', #7134, #663, #4222, .T. ) ;
#5057 = CARTESIAN_POINT ( 'NONE',  ( -89.10314529956794161, 127.2763048356846696, 133.4178605833831739 ) ) ;
#5058 = EDGE_CURVE ( 'NONE', #4110, #2798, #2566, .T. ) ;
#5059 = DIRECTION ( 'NONE',  ( 0.000000000000000000, 0.000000000000000000, 1.000000000000000000 ) ) ;
#5060 = ORIENTED_EDGE ( 'NONE', *, *, #7044, .F. ) ;
#5061 = CARTESIAN_POINT ( 'NONE',  ( -79.81673285390132833, 90.56818623642263333, 62.69980058348291152 ) ) ;
#5062 = CARTESIAN_POINT ( 'NONE',  ( -87.78852960328462984, 107.6293568147877551, 95.50674166600603598 ) ) ;
#5063 = CARTESIAN_POINT ( 'NONE',  ( -89.37397895993727559, 153.4725375913205880, 95.17187602050731243 ) ) ;
#5064 = CIRCLE ( 'NONE', #4605, 6.999999999999992006 ) ;
#5065 = CARTESIAN_POINT ( 'NONE',  ( -87.60850707799059478, 105.3660698028514702, 133.5921285017518017 ) ) ;
#5066 = CARTESIAN_POINT ( 'NONE',  ( -90.74215953089475306, 156.2822220918172320, 109.6988761397418557 ) ) ;
#5067 = AXIS2_PLACEMENT_3D ( 'NONE', #2462, #4616, #7626 ) ;
#5068 = LINE ( 'NONE', #7994, #5496 ) ;
#5069 = ORIENTED_EDGE ( 'NONE', *, *, #5281, .T. ) ;
#5070 = CARTESIAN_POINT ( 'NONE',  ( -72.05908945068912885, 113.6470461292552443, 95.70836801464396615 ) ) ;
#5071 = CARTESIAN_POINT ( 'NONE',  ( -89.97298657840036640, 106.5316765868135036, 113.1112633662931728 ) ) ;
#5072 = CARTESIAN_POINT ( 'NONE',  ( -90.06570242602074927, 119.7312363488068740, 100.4582690876243589 ) ) ;
#5073 = CARTESIAN_POINT ( 'NONE',  ( -72.31321461781170967, 72.03931588851295942, 76.07679019005811938 ) ) ;
#5074 = EDGE_CURVE ( 'NONE', #846, #8902, #6459, .T. ) ;
#5075 = ORIENTED_EDGE ( 'NONE', *, *, #466, .T. ) ;
#5076 = ADVANCED_FACE ( 'NONE', ( #4868 ), #7887, .F. ) ;
#5077 = CARTESIAN_POINT ( 'NONE',  ( -83.63748232681676598, 105.0291686124289470, 92.51259045322430552 ) ) ;
#5078 = DIRECTION ( 'NONE',  ( 1.000000000000000000, -0.000000000000000000, -0.000000000000000000 ) ) ;
#5079 = CARTESIAN_POINT ( 'NONE',  ( -70.84625703871496682, 114.7674000406790640, 97.13001740857448851 ) ) ;
#5080 = CARTESIAN_POINT ( 'NONE',  ( -90.78852960328464405, 148.7294257510154978, 63.95107861456690301 ) ) ;
#5081 = EDGE_LOOP ( 'NONE', ( #496, #4694, #1072, #2749, #9393, #8316, #6431, #3095 ) ) ;
#5082 = DIRECTION ( 'NONE',  ( 0.000000000000000000, 0.000000000000000000, -1.000000000000000000 ) ) ;
#5083 = ORIENTED_EDGE ( 'NONE', *, *, #2646, .T. ) ;
#5084 = PLANE ( 'NONE',  #3953 ) ;
#5085 = CARTESIAN_POINT ( 'NONE',  ( -70.85405216718795884, 114.8297664119407671, 132.7723214079953209 ) ) ;
#5086 = CYLINDRICAL_SURFACE ( 'NONE', #6968, 1.000000000000000888 ) ;
#5087 = EDGE_LOOP ( 'NONE', ( #4322, #1103, #3339, #9293 ) ) ;
#5088 = CARTESIAN_POINT ( 'NONE',  ( -88.10586138395667888, 112.0250340077389097, 134.0851777883300713 ) ) ;
#5089 = CARTESIAN_POINT ( 'NONE',  ( -79.80130612833194448, 76.35312383254839119, 160.8151068537652577 ) ) ;
#5090 = CARTESIAN_POINT ( 'NONE',  ( -88.77539210664841107, 104.2899222964072550, 133.9097428069883904 ) ) ;
#5091 = ORIENTED_EDGE ( 'NONE', *, *, #2363, .T. ) ;
#5092 = VERTEX_POINT ( 'NONE', #995 ) ;
#5093 = EDGE_CURVE ( 'NONE', #8893, #4407, #4429, .T. ) ;
#5094 = LINE ( 'NONE', #4375, #9115 ) ;
#5095 = CARTESIAN_POINT ( 'NONE',  ( -84.43476045065176550, 136.2389391190954200, 129.0358216074285451 ) ) ;
#5096 = CARTESIAN_POINT ( 'NONE',  ( -81.85275765393471659, 113.3119079817578125, 112.0057617013668363 ) ) ;
#5097 = FACE_OUTER_BOUND ( 'NONE', #5485, .T. ) ;
#5098 = PLANE ( 'NONE',  #948 ) ;
#5099 = VERTEX_POINT ( 'NONE', #8749 ) ;
#5100 = DIRECTION ( 'NONE',  ( 1.000000000000000000, -0.000000000000000000, -0.000000000000000000 ) ) ;
#5101 = DIRECTION ( 'NONE',  ( -1.000000000000000000, -0.000000000000000000, -0.000000000000000000 ) ) ;
#5102 = CARTESIAN_POINT ( 'NONE',  ( -87.33315242047991944, 133.6309159640421456, 93.88617742093884999 ) ) ;
#5103 = DIRECTION ( 'NONE',  ( -1.000000000000000000, -0.000000000000000000, -0.000000000000000000 ) ) ;
#5104 = ORIENTED_EDGE ( 'NONE', *, *, #1634, .T. ) ;
#5105 = CARTESIAN_POINT ( 'NONE',  ( -90.75981105464902043, 85.43553258934711891, 110.9038917444199512 ) ) ;
#5106 = CARTESIAN_POINT ( 'NONE',  ( -79.70394926432958016, 107.1154162185518146, 164.5856748387624293 ) ) ;
#5107 = CARTESIAN_POINT ( 'NONE',  ( -70.78852960328462984, 62.75118492177985985, 105.5176803333145870 ) ) ;
#5108 = CARTESIAN_POINT ( 'NONE',  ( -85.20412619535710519, 154.1289757195422965, 84.20367997313469743 ) ) ;
#5109 = CARTESIAN_POINT ( 'NONE',  ( -89.36240831372739990, 124.4093870480150770, 131.8226758380906460 ) ) ;
#5110 = VERTEX_POINT ( 'NONE', #2036 ) ;
#5111 = CARTESIAN_POINT ( 'NONE',  ( -72.17230209602763580, 113.4875454847912977, 95.80018038450833728 ) ) ;
#5112 = CARTESIAN_POINT ( 'NONE',  ( -89.71743879426084334, 106.8526233114940140, 113.2739335872896902 ) ) ;
#5113 = EDGE_CURVE ( 'NONE', #9814, #7233, #7303, .T. ) ;
#5114 = MANIFOLD_SOLID_BREP ( 'Fillet16', #2016 ) ;
#5115 = EDGE_CURVE ( 'NONE', #9746, #6932, #5519, .T. ) ;
#5116 = ORIENTED_EDGE ( 'NONE', *, *, #5909, .F. ) ;
#5117 = CARTESIAN_POINT ( 'NONE',  ( -70.78852960328462984, 81.41179733515534167, 164.1893223118609626 ) ) ;
#5118 = CARTESIAN_POINT ( 'NONE',  ( -84.01125047738244689, 105.3569177432021178, 92.82797836045013185 ) ) ;
#5119 = DIRECTION ( 'NONE',  ( 1.000000000000000000, -0.000000000000000000, -0.000000000000000000 ) ) ;
#5120 = DIRECTION ( 'NONE',  ( -0.000000000000000000, 1.000000000000000000, 0.000000000000000000 ) ) ;
#5121 = DIRECTION ( 'NONE',  ( -1.387778780781444256E-14, 1.387778780781444256E-14, 1.000000000000000000 ) ) ;
#5122 = CARTESIAN_POINT ( 'NONE',  ( -78.73239703418533963, 148.6291795245886078, 63.85083238814001305 ) ) ;
#5123 = ORIENTED_EDGE ( 'NONE', *, *, #8400, .F. ) ;
#5124 = ORIENTED_EDGE ( 'NONE', *, *, #518, .T. ) ;
#5125 = EDGE_CURVE ( 'NONE', #6345, #6536, #9159, .T. ) ;
#5126 = VERTEX_POINT ( 'NONE', #1188 ) ;
#5127 = ADVANCED_FACE ( 'NONE', ( #2773 ), #4302, .F. ) ;
#5128 = CARTESIAN_POINT ( 'NONE',  ( -71.13041365201969768, 114.1331541923687780, 133.0491766947635313 ) ) ;
#5129 = CARTESIAN_POINT ( 'NONE',  ( -89.69164247726357075, 63.23560861958102208, 97.39519309490867727 ) ) ;
#5130 = PLANE ( 'NONE',  #9652 ) ;
#5131 = CARTESIAN_POINT ( 'NONE',  ( -87.87230384216336176, 113.3612600511941224, 133.7445001601772674 ) ) ;
#5132 = CARTESIAN_POINT ( 'NONE',  ( -80.78852960328464405, 141.9419079817567138, 73.40574073170529346 ) ) ;
#5133 = LINE ( 'NONE', #8807, #5178 ) ;
#5134 = ORIENTED_EDGE ( 'NONE', *, *, #1665, .T. ) ;
#5135 = ORIENTED_EDGE ( 'NONE', *, *, #6087, .T. ) ;
#5136 = CARTESIAN_POINT ( 'NONE',  ( -89.37453839595167437, 123.8276093804900171, 95.26625265951483357 ) ) ;
#5137 = CARTESIAN_POINT ( 'NONE',  ( -90.74675737500950845, 114.8636339281331118, 112.3680609371552777 ) ) ;
#5138 = CARTESIAN_POINT ( 'NONE',  ( -82.09476283021189147, 104.4499875844235675, 105.0493643056304478 ) ) ;
#5139 = CARTESIAN_POINT ( 'NONE',  ( -80.49346146326161033, 77.11196899828777873, 161.2453856809302692 ) ) ;
#5140 = CYLINDRICAL_SURFACE ( 'NONE', #3160, 1.599999999999990319 ) ;
#5141 = DIRECTION ( 'NONE',  ( -1.000000000000000000, -0.000000000000000000, -0.000000000000000000 ) ) ;
#5142 = CARTESIAN_POINT ( 'NONE',  ( -85.78440775530326334, 143.4406341909072466, 105.3389055042343330 ) ) ;
#5143 = B_SPLINE_CURVE_WITH_KNOTS ( 'NONE', 3,
 ( #5585, #9270, #264, #6923, #9323, #4862, #1658, #903, #7831, #1045, #7077, #159, #3191, #997, #311, #3790 ),
 .UNSPECIFIED., .F., .F.,
 ( 4, 2, 2, 2, 2, 2, 2, 4 ),
 ( 0.000000000000000000, 0.0003308101166127777690, 0.0006616202332255555381, 0.001323240466451111076, 0.001984860699676666614, 0.002646480932902222152, 0.003969721399353367923, 0.005292961865804514561 ),
 .UNSPECIFIED. ) ;
#5144 = DIRECTION ( 'NONE',  ( -1.000000000000000000, 0.000000000000000000, -0.000000000000000000 ) ) ;
#5145 = ORIENTED_EDGE ( 'NONE', *, *, #6208, .T. ) ;
#5146 = CARTESIAN_POINT ( 'NONE',  ( -78.78852960328464405, 152.3446421799375514, 132.7125267394741002 ) ) ;
#5147 = CARTESIAN_POINT ( 'NONE',  ( -71.62334471597240793, 69.28116843250870716, 77.27902736722660393 ) ) ;
#5148 = CARTESIAN_POINT ( 'NONE',  ( -87.75444514700541276, 66.69706769822118986, 140.2222012815806522 ) ) ;
#5149 = CARTESIAN_POINT ( 'NONE',  ( -85.77489631520488444, 122.7380361041714707, 105.2556864705581461 ) ) ;
#5150 = ORIENTED_EDGE ( 'NONE', *, *, #186, .T. ) ;
#5151 = CARTESIAN_POINT ( 'NONE',  ( -90.78852960328464405, 81.41179733515534167, 164.1893223118609626 ) ) ;
#5152 = ADVANCED_FACE ( 'NONE', ( #1080 ), #8646, .F. ) ;
#5153 = CARTESIAN_POINT ( 'NONE',  ( -87.90782263163715982, 155.7743567371343829, 98.61659617820275514 ) ) ;
#5154 = ORIENTED_EDGE ( 'NONE', *, *, #2363, .F. ) ;
#5155 = CARTESIAN_POINT ( 'NONE',  ( -72.17641400730691714, 113.3671050943058987, 96.04285905565406267 ) ) ;
#5156 = CARTESIAN_POINT ( 'NONE',  ( -90.75409351192720919, 87.90801210468603699, 116.3527330034635980 ) ) ;
#5157 = CARTESIAN_POINT ( 'NONE',  ( -78.73241471658550950, 148.6295562489418387, 163.1600515490035832 ) ) ;
#5158 = AXIS2_PLACEMENT_3D ( 'NONE', #6491, #9544, #8775 ) ;
#5159 = CARTESIAN_POINT ( 'NONE',  ( -79.43764049628094881, 81.35960315078546046, 165.1815188784085535 ) ) ;
#5160 = DIRECTION ( 'NONE',  ( 1.000000000000000000, -0.000000000000000000, -0.000000000000000000 ) ) ;
#5161 = ORIENTED_EDGE ( 'NONE', *, *, #7429, .T. ) ;
#5162 = CARTESIAN_POINT ( 'NONE',  ( -70.78852960328462984, 115.2020068322953108, 132.3111065381913534 ) ) ;
#5163 = CYLINDRICAL_SURFACE ( 'NONE', #9513, 6.999999999999992006 ) ;
#5164 = CARTESIAN_POINT ( 'NONE',  ( -85.82537880301408961, 122.6969020238126262, 121.1957897734521623 ) ) ;
#5165 = CARTESIAN_POINT ( 'NONE',  ( -77.73022431484916694, 141.5944866930654200, 166.0954639448324315 ) ) ;
#5166 = EDGE_LOOP ( 'NONE', ( #8497, #5900, #505, #2935 ) ) ;
#5167 = ORIENTED_EDGE ( 'NONE', *, *, #2897, .F. ) ;
#5168 = B_SPLINE_CURVE_WITH_KNOTS ( 'NONE', 3,
 ( #4598, #5314, #4405, #8351, #3754, #651, #1581, #3663, #2934, #5917 ),
 .UNSPECIFIED., .F., .F.,
 ( 4, 2, 2, 2, 4 ),
 ( 0.000000000000000000, 0.0004028359833243353024, 0.0008056719666486706049, 0.001208507949973005799, 0.001611343933297341210 ),
 .UNSPECIFIED. ) ;
#5169 = SURFACE_STYLE_FILL_AREA ( #7205 ) ;
#5170 = DIRECTION ( 'NONE',  ( 0.000000000000000000, 0.000000000000000000, -1.000000000000000000 ) ) ;
#5171 = CARTESIAN_POINT ( 'NONE',  ( -71.06543719070961629, 114.2442951448018675, 133.0275295813020193 ) ) ;
#5172 = TOROIDAL_SURFACE ( 'NONE', #1084, 4.000000000000000000, 2.000000000000000000 ) ;
#5173 = CARTESIAN_POINT ( 'NONE',  ( -85.72229690047284123, 143.2571250534749652, 122.0939697975160954 ) ) ;
#5174 = EDGE_CURVE ( 'NONE', #8542, #7508, #2556, .T. ) ;
#5175 = ADVANCED_FACE ( 'NONE', ( #6375 ), #9189, .F. ) ;
#5176 = CARTESIAN_POINT ( 'NONE',  ( -78.08029826660214212, 83.25191388346148358, 61.84059584463007297 ) ) ;
#5177 = CARTESIAN_POINT ( 'NONE',  ( -88.78940319267373127, 114.8635793374880620, 134.9907734169707965 ) ) ;
#5178 = VECTOR ( 'NONE', #5925, 1000.000000000000000 ) ;
#5179 = DIRECTION ( 'NONE',  ( 0.000000000000000000, 0.000000000000000000, -1.000000000000000000 ) ) ;
#5180 = CARTESIAN_POINT ( 'NONE',  ( -79.69582810705291820, 86.45573486403115737, 164.5898522269682189 ) ) ;
#5181 = EDGE_LOOP ( 'NONE', ( #9699, #3984, #2094, #2503 ) ) ;
#5182 = CARTESIAN_POINT ( 'NONE',  ( -90.74041117294494541, 114.4153598738594013, 111.9273907175680023 ) ) ;
#5183 = DIRECTION ( 'NONE',  ( 1.000000000000000000, 0.000000000000000000, 0.000000000000000000 ) ) ;
#5184 = DIRECTION ( 'NONE',  ( 1.000000000000000000, 0.000000000000000000, 0.000000000000000000 ) ) ;
#5185 = DIRECTION ( 'NONE',  ( 0.000000000000000000, -8.673617379884020681E-16, -1.000000000000000000 ) ) ;
#5186 = DIRECTION ( 'NONE',  ( 1.000000000000000000, -0.000000000000000000, -0.000000000000000000 ) ) ;
#5187 = AXIS2_PLACEMENT_3D ( 'NONE', #7068, #7963, #1196 ) ;
#5188 = FACE_OUTER_BOUND ( 'NONE', #9405, .T. ) ;
#5189 = CARTESIAN_POINT ( 'NONE',  ( -71.14012594408978885, 114.5303555264446373, 96.30432605439445126 ) ) ;
#5190 = ORIENTED_EDGE ( 'NONE', *, *, #8916, .F. ) ;
#5191 = CARTESIAN_POINT ( 'NONE',  ( -89.53950040781487019, 105.1621051122022550, 115.1926918962724073 ) ) ;
#5192 = VERTEX_POINT ( 'NONE', #9127 ) ;
#5193 = AXIS2_PLACEMENT_3D ( 'NONE', #8386, #2570, #3254 ) ;
#5194 = VECTOR ( 'NONE', #1502, 1000.000000000000000 ) ;
#5195 = CARTESIAN_POINT ( 'NONE',  ( -83.38852960328463837, 140.8309159640421626, 131.0804998236556571 ) ) ;
#5196 = ORIENTED_EDGE ( 'NONE', *, *, #2396, .F. ) ;
#5197 = PRESENTATION_STYLE_ASSIGNMENT (( #2162 ) ) ;
#5198 = CARTESIAN_POINT ( 'NONE',  ( -70.78852960328462984, 127.1682114851169985, 64.89507905005437749 ) ) ;
#5199 = CARTESIAN_POINT ( 'NONE',  ( -87.93868877173667897, 154.5825224037193379, 87.35636080983098850 ) ) ;
#5200 = ORIENTED_EDGE ( 'NONE', *, *, #4538, .T. ) ;
#5201 = CARTESIAN_POINT ( 'NONE',  ( -72.28852960328462984, 113.3204415849168925, 96.11409442537477332 ) ) ;
#5202 = CARTESIAN_POINT ( 'NONE',  ( -90.77903906853106264, 89.54546456640461827, 112.0022740803880481 ) ) ;
#5203 = VECTOR ( 'NONE', #6457, 1000.000000000000114 ) ;
#5204 = AXIS2_PLACEMENT_3D ( 'NONE', #2448, #6210, #1839 ) ;
#5205 = CARTESIAN_POINT ( 'NONE',  ( -80.51622229524218710, 79.58355295329228341, 162.6748314499847936 ) ) ;
#5206 = DIRECTION ( 'NONE',  ( 0.000000000000000000, 0.000000000000000000, -1.000000000000000000 ) ) ;
#5207 = CARTESIAN_POINT ( 'NONE',  ( -87.51378425716121967, 61.66125884236706156, 131.2075715965931408 ) ) ;
#5208 = CARTESIAN_POINT ( 'NONE',  ( -79.86704631812482091, 76.63873091327076281, 161.1066479170559944 ) ) ;
#5209 = EDGE_CURVE ( 'NONE', #4316, #7637, #5407, .T. ) ;
#5210 = VECTOR ( 'NONE', #3975, 1000.000000000000000 ) ;
#5211 = CARTESIAN_POINT ( 'NONE',  ( -84.28536839170106987, 132.5309159640421228, 97.28049982365568837 ) ) ;
#5212 = CARTESIAN_POINT ( 'NONE',  ( -90.08166642449401706, 153.8918405625111916, 126.4334309568137797 ) ) ;
#5213 = CARTESIAN_POINT ( 'NONE',  ( -90.78852960328464405, 97.20868902919956156, 61.93180555668922693 ) ) ;
#5214 = DIRECTION ( 'NONE',  ( 1.000000000000000000, -0.000000000000000000, -0.000000000000000000 ) ) ;
#5215 = LINE ( 'NONE', #2326, #794 ) ;
#5216 = CARTESIAN_POINT ( 'NONE',  ( -78.00102210174695472, 145.4300409707567212, 165.3159941384937497 ) ) ;
#5217 = ORIENTED_EDGE ( 'NONE', *, *, #3948, .F. ) ;
#5218 = CARTESIAN_POINT ( 'NONE',  ( -85.98964452594337615, 122.5309159640421086, 119.3804998236556827 ) ) ;
#5219 = DIRECTION ( 'NONE',  ( 1.000000000000000000, 0.000000000000000000, 0.000000000000000000 ) ) ;
#5220 = CARTESIAN_POINT ( 'NONE',  ( -71.27465560231109976, 113.9453498656520054, 133.1135090978221740 ) ) ;
#5221 = AXIS2_PLACEMENT_3D ( 'NONE', #2477, #2427, #6826 ) ;
#5222 = CARTESIAN_POINT ( 'NONE',  ( -79.43180401897971876, 76.61902345270243586, 161.2036769376875611 ) ) ;
#5223 = ORIENTED_EDGE ( 'NONE', *, *, #7428, .T. ) ;
#5224 = DIRECTION ( 'NONE',  ( 0.000000000000000000, 0.000000000000000000, -1.000000000000000000 ) ) ;
#5225 = CARTESIAN_POINT ( 'NONE',  ( -84.28536839170106987, 132.5309159640421228, 97.28049982365568837 ) ) ;
#5226 = CARTESIAN_POINT ( 'NONE',  ( -88.87887749555292771, 130.6541500350501508, 92.30978202197955795 ) ) ;
#5227 = CARTESIAN_POINT ( 'NONE',  ( -88.60579882943864050, 113.9267544079469303, 133.0487651050764839 ) ) ;
#5228 = CARTESIAN_POINT ( 'NONE',  ( -89.20098346879866824, 113.3554197682167199, 115.4110191879020277 ) ) ;
#5229 = FACE_OUTER_BOUND ( 'NONE', #7312, .T. ) ;
#5230 = VERTEX_POINT ( 'NONE', #9616 ) ;
#5231 = ADVANCED_FACE ( 'NONE', ( #1160 ), #7357, .F. ) ;
#5232 = CARTESIAN_POINT ( 'NONE',  ( -79.57357169115505258, 141.0095640216830759, 164.8705567018640181 ) ) ;
#5233 = CARTESIAN_POINT ( 'NONE',  ( -84.97130177122568284, 140.4794856798384330, 126.6682535821320954 ) ) ;
#5234 = CARTESIAN_POINT ( 'NONE',  ( -74.78852960328464405, 86.94190798175786483, 113.5057407317052736 ) ) ;
#5235 = DIRECTION ( 'NONE',  ( 1.000000000000000000, -0.000000000000000000, -0.000000000000000000 ) ) ;
#5236 = CARTESIAN_POINT ( 'NONE',  ( -83.38852960328463837, 125.3309159640421626, 131.0804998236556855 ) ) ;
#5237 = LINE ( 'NONE', #8273, #7404 ) ;
#5238 = DIRECTION ( 'NONE',  ( -1.000000000000000000, -1.434038073474159353E-13, 0.000000000000000000 ) ) ;
#5239 = VERTEX_POINT ( 'NONE', #424 ) ;
#5240 = CARTESIAN_POINT ( 'NONE',  ( -85.50121521356842891, 142.7651260596162501, 103.2018269981054175 ) ) ;
#5241 = VERTEX_POINT ( 'NONE', #7218 ) ;
#5242 = CARTESIAN_POINT ( 'NONE',  ( -90.47300746880817712, 105.5012453965577066, 112.5869552640832580 ) ) ;
#5243 = ADVANCED_FACE ( 'NONE', ( #3037 ), #7627, .F. ) ;
#5244 = EDGE_CURVE ( 'NONE', #2787, #7974, #2244, .T. ) ;
#5245 = DIRECTION ( 'NONE',  ( 0.000000000000000000, -0.7071014164207413133, 0.7071121459116519459 ) ) ;
#5246 = CARTESIAN_POINT ( 'NONE',  ( -83.25647023223210397, 69.57431166477033457, 150.2588421407847079 ) ) ;
#5247 = CARTESIAN_POINT ( 'NONE',  ( -74.78852960328464405, 70.27948369363456038, 150.0947744432860134 ) ) ;
#5248 = CARTESIAN_POINT ( 'NONE',  ( -78.78852960328464405, 63.04341885432508974, 103.4951934469169004 ) ) ;
#5249 = CARTESIAN_POINT ( 'NONE',  ( -78.74631846453659989, 148.6625921682903879, 63.88424503184178604 ) ) ;
#5250 = CARTESIAN_POINT ( 'NONE',  ( -90.48457965483974874, 107.8516169294686193, 105.0493643056304194 ) ) ;
#5251 = CARTESIAN_POINT ( 'NONE',  ( -90.69867298909612430, 103.3119079817578267, 119.6513268071111753 ) ) ;
#5252 = CARTESIAN_POINT ( 'NONE',  ( -89.15018738223197658, 126.6296022962604155, 133.1386644341609156 ) ) ;
#5253 = ORIENTED_EDGE ( 'NONE', *, *, #8579, .T. ) ;
#5254 = CARTESIAN_POINT ( 'NONE',  ( -71.26267188923335993, 113.9592320030949111, 96.54907820974526089 ) ) ;
#5255 = CARTESIAN_POINT ( 'NONE',  ( -90.76439034912759496, 88.77188858305652275, 115.8909808205529686 ) ) ;
#5256 = CARTESIAN_POINT ( 'NONE',  ( -84.38088509379497282, 130.8973937441201940, 129.2515758641775960 ) ) ;
#5257 = CARTESIAN_POINT ( 'NONE',  ( -89.15097877058285292, 139.5422303361453942, 133.1339210614816295 ) ) ;
#5258 = CARTESIAN_POINT ( 'NONE',  ( -72.07810857547296735, 113.3842016025017330, 133.4718143590319244 ) ) ;
#5259 = DIRECTION ( 'NONE',  ( -0.000000000000000000, -1.000000000000000000, -0.000000000000000000 ) ) ;
#5260 = CARTESIAN_POINT ( 'NONE',  ( -84.78852960328464405, 104.4468056478177402, 91.96147921292704552 ) ) ;
#5261 = PLANE ( 'NONE',  #4129 ) ;
#5262 = CARTESIAN_POINT ( 'NONE',  ( -84.56268049766457295, 128.4484326142922441, 128.5097833126793319 ) ) ;
#5263 = ADVANCED_FACE ( 'NONE', ( #4707 ), #9318, .F. ) ;
#5264 = CARTESIAN_POINT ( 'NONE',  ( -81.46362439412716583, 77.93181861607487804, 66.66821438810124789 ) ) ;
#5265 = ORIENTED_EDGE ( 'NONE', *, *, #4947, .T. ) ;
#5266 = CARTESIAN_POINT ( 'NONE',  ( -78.78852960328464405, 154.0856182918941499, 106.2906200821180107 ) ) ;
#5267 = CARTESIAN_POINT ( 'NONE',  ( -74.78852960328464405, 74.23361122900290354, 74.74380810570717415 ) ) ;
#5268 = ADVANCED_FACE ( 'NONE', ( #7071 ), #314, .F. ) ;
#5269 = FACE_OUTER_BOUND ( 'NONE', #4055, .T. ) ;
#5270 = CARTESIAN_POINT ( 'NONE',  ( -81.99612507763112035, 151.2410241072005590, 158.9916747670489201 ) ) ;
#5271 = CARTESIAN_POINT ( 'NONE',  ( -85.78145399145931549, 143.3833870975817035, 121.5940550458442999 ) ) ;
#5272 = ORIENTED_EDGE ( 'NONE', *, *, #6805, .T. ) ;
#5273 = LINE ( 'NONE', #8307, #8966 ) ;
#5274 = CARTESIAN_POINT ( 'NONE',  ( -80.78852960328464405, 141.9419079817567138, 152.0057407317052878 ) ) ;
#5275 = CARTESIAN_POINT ( 'NONE',  ( -79.73193667873427160, 76.27214760813168937, 160.7163027380011613 ) ) ;
#5276 = DIRECTION ( 'NONE',  ( 1.000000000000000000, 0.000000000000000000, 0.000000000000000000 ) ) ;
#5277 = EDGE_CURVE ( 'NONE', #2390, #3352, #5625, .T. ) ;
#5278 = ORIENTED_EDGE ( 'NONE', *, *, #4602, .F. ) ;
#5279 = CARTESIAN_POINT ( 'NONE',  ( -80.78852960328464405, 141.9419079817567138, 149.0057407317052878 ) ) ;
#5280 = DIRECTION ( 'NONE',  ( 0.000000000000000000, 0.000000000000000000, -1.000000000000000000 ) ) ;
#5281 = EDGE_CURVE ( 'NONE', #9814, #3802, #6949, .T. ) ;
#5282 = EDGE_CURVE ( 'NONE', #2390, #9515, #8211, .T. ) ;
#5283 = CARTESIAN_POINT ( 'NONE',  ( -87.03720698633873099, 111.3119079817578267, 133.5347543482561719 ) ) ;
#5284 = CARTESIAN_POINT ( 'NONE',  ( -77.72325239811389963, 141.5983143629637198, 60.89551060450121156 ) ) ;
#5285 = CARTESIAN_POINT ( 'NONE',  ( -85.64971117872173068, 143.1607302706351845, 104.2457992243901117 ) ) ;
#5286 = ORIENTED_EDGE ( 'NONE', *, *, #7683, .T. ) ;
#5287 = CARTESIAN_POINT ( 'NONE',  ( -89.32143290322242990, 105.2371043989525674, 115.3463869052695401 ) ) ;
#5288 = ORIENTED_EDGE ( 'NONE', *, *, #5898, .T. ) ;
#5289 = CARTESIAN_POINT ( 'NONE',  ( -79.19989462263974644, 144.2916640492341287, 165.7328340827704380 ) ) ;
#5290 = CARTESIAN_POINT ( 'NONE',  ( -84.65212702361220920, 138.4767264382869598, 128.1294951688713297 ) ) ;
#5291 = CARTESIAN_POINT ( 'NONE',  ( -87.05635245349891704, 62.51709112838922522, 134.5445860254957324 ) ) ;
#5292 = CARTESIAN_POINT ( 'NONE',  ( -78.78852960328464405, 112.8119080014294724, 135.0054217592787609 ) ) ;
#5293 = EDGE_CURVE ( 'NONE', #4438, #1319, #7117, .T. ) ;
#5294 = EDGE_CURVE ( 'NONE', #9341, #9002, #3116, .T. ) ;
#5295 = EDGE_CURVE ( 'NONE', #9021, #9002, #5418, .T. ) ;
#5296 = CARTESIAN_POINT ( 'NONE',  ( -70.78852960328462984, 70.10455760800985558, 145.0472966380754087 ) ) ;
#5297 = CARTESIAN_POINT ( 'NONE',  ( -82.76210896175051346, 149.5501520178349324, 70.05142714856894770 ) ) ;
#5298 = CARTESIAN_POINT ( 'NONE',  ( -74.78852960328464405, 63.20729087284698977, 101.8166913756360827 ) ) ;
#5299 = ORIENTED_EDGE ( 'NONE', *, *, #5970, .F. ) ;
#5300 = CARTESIAN_POINT ( 'NONE',  ( -71.05706662543424557, 114.2926385102256148, 96.61137000655946849 ) ) ;
#5301 = CARTESIAN_POINT ( 'NONE',  ( -90.75268734933518999, 87.71850975246677251, 110.6014157725427935 ) ) ;
#5302 = VECTOR ( 'NONE', #2590, 999.9999999999998863 ) ;
#5303 = FACE_OUTER_BOUND ( 'NONE', #1507, .T. ) ;
#5304 = ORIENTED_EDGE ( 'NONE', *, *, #9406, .T. ) ;
#5305 = CARTESIAN_POINT ( 'NONE',  ( -81.71418237601517376, 75.55587598000650473, 159.7172705501752716 ) ) ;
#5306 = LINE ( 'NONE', #4684, #2230 ) ;
#5307 = CARTESIAN_POINT ( 'NONE',  ( -89.04821002163895116, 138.0243045557795085, 133.7396849588433554 ) ) ;
#5308 = CARTESIAN_POINT ( 'NONE',  ( -71.08008567994177440, 114.2114479700502301, 132.9435997225912161 ) ) ;
#5309 = CARTESIAN_POINT ( 'NONE',  ( -78.78852960328464405, 141.9419079817567138, 70.00574073170528777 ) ) ;
#5310 = FACE_OUTER_BOUND ( 'NONE', #4392, .T. ) ;
#5311 = CARTESIAN_POINT ( 'NONE',  ( -84.54080259175731271, 128.6604077396945911, 128.6011034855600599 ) ) ;
#5312 = AXIS2_PLACEMENT_3D ( 'NONE', #6186, #9232, #1816 ) ;
#5313 = DIRECTION ( 'NONE',  ( -1.000000000000000000, 0.000000000000000000, -0.000000000000000000 ) ) ;
#5314 = CARTESIAN_POINT ( 'NONE',  ( -90.48457965483976295, 105.3105826306155279, 105.0493643056304052 ) ) ;
#5315 = ORIENTED_EDGE ( 'NONE', *, *, #863, .T. ) ;
#5316 = DIRECTION ( 'NONE',  ( -1.000000000000000000, -0.000000000000000000, -0.000000000000000000 ) ) ;
#5317 = ORIENTED_EDGE ( 'NONE', *, *, #8502, .T. ) ;
#5318 = CARTESIAN_POINT ( 'NONE',  ( -77.97103243908645709, 81.83569443705177093, 58.54144600360446304 ) ) ;
#5319 = CARTESIAN_POINT ( 'NONE',  ( -82.48482629573703662, 151.5552401785843699, 157.7087313006350655 ) ) ;
#5320 = CARTESIAN_POINT ( 'NONE',  ( -77.88642852730013999, 87.31458858722875505, 63.27557180606445542 ) ) ;
#5321 = EDGE_LOOP ( 'NONE', ( #4194, #9073, #8915, #4345, #7925 ) ) ;
#5322 = CARTESIAN_POINT ( 'NONE',  ( -85.53680120281251220, 123.2965815100366882, 103.4428980534017626 ) ) ;
#5323 = CARTESIAN_POINT ( 'NONE',  ( -89.19993548542322515, 140.7729114424073487, 94.17217423789762165 ) ) ;
#5324 = CYLINDRICAL_SURFACE ( 'NONE', #3589, 9.999999999999994671 ) ;
#5325 = CARTESIAN_POINT ( 'NONE',  ( -88.77559710305389729, 113.2847400335796380, 113.5271888749654181 ) ) ;
#5326 = LINE ( 'NONE', #8365, #3192 ) ;
#5327 = VECTOR ( 'NONE', #9040, 1000.000000000000000 ) ;
#5328 = ORIENTED_EDGE ( 'NONE', *, *, #9066, .F. ) ;
#5329 = CARTESIAN_POINT ( 'NONE',  ( -74.78852960328464405, 62.27187482201208724, 112.6908280459202985 ) ) ;
#5330 = CARTESIAN_POINT ( 'NONE',  ( -74.78852960328464405, 72.89378432908154082, 75.69730275087430016 ) ) ;
#5331 = CARTESIAN_POINT ( 'NONE',  ( -81.59854398737630277, 151.5584784862607535, 70.83836321248602985 ) ) ;
#5332 = DIRECTION ( 'NONE',  ( 0.2171455976563169687, -0.8685823906252797544, 0.4454350907979241492 ) ) ;
#5333 = AXIS2_PLACEMENT_3D ( 'NONE', #2191, #6916, #3865 ) ;
#5334 = LINE ( 'NONE', #4942, #1112 ) ;
#5335 =( BOUNDED_SURFACE ( )  B_SPLINE_SURFACE ( 3, 2, ( 
 ( #6200, #3264, #7050 ),
 ( #4839, #8881, #4291 ),
 ( #8933, #6439, #4966 ),
 ( #2117, #5106, #4388 ),
 ( #3645, #6730, #7643 ),
 ( #8330, #3695, #7487 ) ),
 .UNSPECIFIED., .F., .F., .T. ) 
 B_SPLINE_SURFACE_WITH_KNOTS ( ( 4, 2, 4 ),
 ( 3, 3 ),
 ( 3.469446951953614189E-17, 0.01501208937849288390, 0.03002417875698573310 ),
 ( 0.000000000000000000, 1.000000000000000000 ),
 .UNSPECIFIED. ) 
 GEOMETRIC_REPRESENTATION_ITEM ( )  RATIONAL_B_SPLINE_SURFACE ( (
 ( 1.000000000000000000, 0.8345315783883036076, 1.000000000000000000),
 ( 1.000000000000000000, 0.8340258200894710150, 1.000000000000000000),
 ( 1.000000000000000000, 0.8337656361093114255, 1.000000000000000000),
 ( 1.000000000000000000, 0.8337508900902969033, 1.000000000000000000),
 ( 1.000000000000000000, 0.8339963283105771286, 1.000000000000000000),
 ( 1.000000000000000000, 0.8344879579129121927, 1.000000000000000000) ) ) 
 REPRESENTATION_ITEM ( '' )  SURFACE ( )  );
#5336 = CARTESIAN_POINT ( 'NONE',  ( -88.45560328007093176, 112.8047894980741290, 134.5478131995926105 ) ) ;
#5337 = CARTESIAN_POINT ( 'NONE',  ( -84.69806780274682012, 139.2037522132170295, 98.97727305794531105 ) ) ;
#5338 = VERTEX_POINT ( 'NONE', #1081 ) ;
#5339 = EDGE_LOOP ( 'NONE', ( #5104, #7400, #5732, #1691 ) ) ;
#5340 = CARTESIAN_POINT ( 'NONE',  ( -79.58545269552398338, 142.4600800939148826, 164.8433602102590214 ) ) ;
#5341 = DIRECTION ( 'NONE',  ( 0.000000000000000000, 0.000000000000000000, -1.000000000000000000 ) ) ;
#5342 = COLOUR_RGB ( '',0.7921568627450980005, 0.8196078431372548767, 0.9333333333333333481 ) ;
#5343 = CARTESIAN_POINT ( 'NONE',  ( -90.40702971614062733, 147.5295088335532796, 122.9909540561202448 ) ) ;
#5344 = DIRECTION ( 'NONE',  ( 0.000000000000000000, -0.7071067811865474617, -0.7071067811865474617 ) ) ;
#5345 = LINE ( 'NONE', #823, #6105 ) ;
#5346 = CARTESIAN_POINT ( 'NONE',  ( -79.87755335745949026, 76.30511958337892509, 66.27155413792868899 ) ) ;
#5347 = CARTESIAN_POINT ( 'NONE',  ( -90.51590287291271864, 118.3601828095527679, 121.5714109373010530 ) ) ;
#5348 = ORIENTED_EDGE ( 'NONE', *, *, #1705, .T. ) ;
#5349 = CARTESIAN_POINT ( 'NONE',  ( -71.05497398411542065, 114.3886574742669211, 96.50723088644419079 ) ) ;
#5350 = CARTESIAN_POINT ( 'NONE',  ( -90.76687995010489374, 88.92373874477766549, 115.7666175773274659 ) ) ;
#5351 = EDGE_CURVE ( 'NONE', #2334, #2460, #1394, .T. ) ;
#5352 = DIRECTION ( 'NONE',  ( 1.000000000000000000, 0.000000000000000000, 0.000000000000000000 ) ) ;
#5353 = EDGE_CURVE ( 'NONE', #2373, #4934, #4578, .T. ) ;
#5354 = VECTOR ( 'NONE', #6185, 1000.000000000000000 ) ;
#5355 = CARTESIAN_POINT ( 'NONE',  ( -83.52465384720699149, 142.9326073783778099, 72.16701780425329105 ) ) ;
#5356 = CARTESIAN_POINT ( 'NONE',  ( -84.39549084865552686, 135.5572107700164395, 129.1932953993849083 ) ) ;
#5357 = DIRECTION ( 'NONE',  ( 1.000000000000000000, -0.000000000000000000, -0.000000000000000000 ) ) ;
#5358 = CARTESIAN_POINT ( 'NONE',  ( -84.15224126286226181, 150.3750940313713045, 153.0553114457810864 ) ) ;
#5359 = AXIS2_PLACEMENT_3D ( 'NONE', #274, #8387, #2479 ) ;
#5360 = DIRECTION ( 'NONE',  ( 1.000000000000000000, -0.000000000000000000, -0.000000000000000000 ) ) ;
#5361 = CARTESIAN_POINT ( 'NONE',  ( -85.19727391292984464, 124.6279843484037571, 125.5081534501700276 ) ) ;
#5362 = AXIS2_PLACEMENT_3D ( 'NONE', #7650, #5912, #6046 ) ;
#5363 = LINE ( 'NONE', #3312, #7725 ) ;
#5364 = CARTESIAN_POINT ( 'NONE',  ( -89.03528706856913288, 112.9725988140541091, 93.19475309750461633 ) ) ;
#5365 = ORIENTED_EDGE ( 'NONE', *, *, #1862, .T. ) ;
#5366 = CARTESIAN_POINT ( 'NONE',  ( -78.78852960328464405, 111.8688076255531314, 384.5904987380682769 ) ) ;
#5367 = ORIENTED_EDGE ( 'NONE', *, *, #7009, .F. ) ;
#5368 = EDGE_CURVE ( 'NONE', #2236, #4168, #7397, .T. ) ;
#5369 = CARTESIAN_POINT ( 'NONE',  ( -81.28278152773151533, 150.4503269782448740, 160.7998884868783591 ) ) ;
#5370 = EDGE_CURVE ( 'NONE', #9751, #1263, #7164, .T. ) ;
#5371 = CARTESIAN_POINT ( 'NONE',  ( -84.46112621424482825, 72.57908688384843288, 74.92355646746518971 ) ) ;
#5372 = EDGE_CURVE ( 'NONE', #2460, #1319, #8830, .T. ) ;
#5373 = CIRCLE ( 'NONE', #8708, 9.999999999999994671 ) ;
#5374 = ORIENTED_EDGE ( 'NONE', *, *, #9192, .T. ) ;
#5375 = CIRCLE ( 'NONE', #3978, 1.000000000000000888 ) ;
#5376 = CARTESIAN_POINT ( 'NONE',  ( -84.47074918986817238, 128.7653504460082559, 98.01653941481164622 ) ) ;
#5377 = CARTESIAN_POINT ( 'NONE',  ( -88.94634144615224614, 137.3272535873873323, 92.68712298970285701 ) ) ;
#5378 = CARTESIAN_POINT ( 'NONE',  ( -82.85017483423580131, 113.1472439517896618, 92.11135128595643096 ) ) ;
#5379 = CARTESIAN_POINT ( 'NONE',  ( -79.85441626072801569, 131.7365411661013752, 164.2243670519890770 ) ) ;
#5380 = VECTOR ( 'NONE', #5160, 1000.000000000000000 ) ;
#5381 = ORIENTED_EDGE ( 'NONE', *, *, #7931, .T. ) ;
#5382 = CARTESIAN_POINT ( 'NONE',  ( -87.78852960328462984, 106.8293568147877721, 102.8454217592787501 ) ) ;
#5383 = CARTESIAN_POINT ( 'NONE',  ( -70.78852960328462984, 151.6583579391499654, 71.02214642643239983 ) ) ;
#5384 = ADVANCED_FACE ( 'NONE', ( #1055 ), #332, .F. ) ;
#5385 = CARTESIAN_POINT ( 'NONE',  ( -76.94358872896680168, 80.80489476560866535, 167.0336879491941318 ) ) ;
#5386 = CARTESIAN_POINT ( 'NONE',  ( -90.45571124363975457, 61.86995091196948238, 123.6237837951894676 ) ) ;
#5387 = EDGE_CURVE ( 'NONE', #8070, #5918, #3760, .T. ) ;
#5388 = CARTESIAN_POINT ( 'NONE',  ( -70.27396570403300302, 63.88365238470788654, 138.2633069784260442 ) ) ;
#5389 = CARTESIAN_POINT ( 'NONE',  ( -87.79634907056758664, 111.6224271923039169, 133.8247838243824503 ) ) ;
#5390 = CARTESIAN_POINT ( 'NONE',  ( -84.86204227497684371, 140.1794474195335454, 99.71584951349505843 ) ) ;
#5391 = ORIENTED_EDGE ( 'NONE', *, *, #609, .T. ) ;
#5392 = CARTESIAN_POINT ( 'NONE',  ( -77.87226084781470092, 144.4497951201413173, 165.6882664713380677 ) ) ;
#5393 = ADVANCED_FACE ( 'NONE', ( #6612 ), #5130, .T. ) ;
#5394 = EDGE_CURVE ( 'NONE', #5685, #8049, #8064, .T. ) ;
#5395 = CARTESIAN_POINT ( 'NONE',  ( -90.62027787066206486, 59.57688257321808578, 107.0813100593183691 ) ) ;
#5396 = CARTESIAN_POINT ( 'NONE',  ( -83.19728709434669156, 69.68380549603220686, 150.4539088546372056 ) ) ;
#5397 = CARTESIAN_POINT ( 'NONE',  ( -84.59805955768625552, 127.6595481095072273, 98.54570031113256334 ) ) ;
#5398 = CARTESIAN_POINT ( 'NONE',  ( -80.00589230830209431, 97.07543392098767754, 63.14013552227638826 ) ) ;
#5399 = LINE ( 'NONE', #2521, #8538 ) ;
#5400 = CARTESIAN_POINT ( 'NONE',  ( -78.78852960328464405, 114.8119079817578125, 95.50574073170528777 ) ) ;
#5401 = FACE_OUTER_BOUND ( 'NONE', #7200, .T. ) ;
#5402 = LINE ( 'NONE', #728, #5633 ) ;
#5403 = CARTESIAN_POINT ( 'NONE',  ( -74.78852960328464405, 65.51348678591300256, 93.36071606530579459 ) ) ;
#5404 = CARTESIAN_POINT ( 'NONE',  ( -90.21806840872622502, 119.2697426753739336, 125.0922499918105331 ) ) ;
#5405 = ORIENTED_EDGE ( 'NONE', *, *, #7670, .T. ) ;
#5406 = CARTESIAN_POINT ( 'NONE',  ( -71.07171511466630420, 114.2252553563029380, 96.73266074158790673 ) ) ;
#5407 = LINE ( 'NONE', #1954, #5670 ) ;
#5408 = EDGE_CURVE ( 'NONE', #2069, #1793, #9309, .T. ) ;
#5409 = CYLINDRICAL_SURFACE ( 'NONE', #3658, 1.000000000000000888 ) ;
#5410 = CYLINDRICAL_SURFACE ( 'NONE', #7439, 2.000000000000001776 ) ;
#5411 = CARTESIAN_POINT ( 'NONE',  ( -84.78852960328464405, 113.3119079817578125, 105.0493643056304194 ) ) ;
#5412 = CARTESIAN_POINT ( 'NONE',  ( -84.54977189993275033, 128.5722504769415764, 128.5637207966455549 ) ) ;
#5413 = CYLINDRICAL_SURFACE ( 'NONE', #7226, 3.000000000000002665 ) ;
#5414 = EDGE_LOOP ( 'NONE', ( #7170, #6801, #636, #5547 ) ) ;
#5415 = CARTESIAN_POINT ( 'NONE',  ( -70.78852960328462984, 151.9527798341965479, 136.3476453026459296 ) ) ;
#5416 = CARTESIAN_POINT ( 'NONE',  ( -70.79059220439063438, 115.1707742745226142, 132.3759872274585234 ) ) ;
#5417 = ORIENTED_EDGE ( 'NONE', *, *, #8414, .T. ) ;
#5418 = LINE ( 'NONE', #6962, #8382 ) ;
#5419 = CARTESIAN_POINT ( 'NONE',  ( -83.38852960328463837, 132.5309159640421228, 119.3804998236556827 ) ) ;
#5420 = CARTESIAN_POINT ( 'NONE',  ( -84.61461833238293195, 72.30490446377255864, 75.39383503769398942 ) ) ;
#5421 = CARTESIAN_POINT ( 'NONE',  ( -85.80255284108291391, 143.4237521050328610, 121.4055249512253738 ) ) ;
#5422 = EDGE_LOOP ( 'NONE', ( #3961, #685, #2957, #5417 ) ) ;
#5423 = CARTESIAN_POINT ( 'NONE',  ( -85.09894680072551409, 124.8490360282388139, 100.8781780211820234 ) ) ;
#5424 = EDGE_CURVE ( 'NONE', #7479, #2144, #9664, .T. ) ;
#5425 = CARTESIAN_POINT ( 'NONE',  ( -84.37130173804068534, 136.2224721875943203, 97.61657483738842700 ) ) ;
#5426 = DIRECTION ( 'NONE',  ( 1.000000000000000000, -0.000000000000000000, -0.000000000000000000 ) ) ;
#5427 = CARTESIAN_POINT ( 'NONE',  ( -79.67734252100795800, 76.17736283913947659, 160.5885394793328942 ) ) ;
#5428 = DIRECTION ( 'NONE',  ( -1.000000000000000000, 0.000000000000000000, 0.000000000000000000 ) ) ;
#5429 = ORIENTED_EDGE ( 'NONE', *, *, #7116, .T. ) ;
#5430 = CARTESIAN_POINT ( 'NONE',  ( -78.78852960328464405, 78.55005808952111579, 68.26162717872135488 ) ) ;
#5431 = CARTESIAN_POINT ( 'NONE',  ( -70.78852960328462984, 160.9621749563512765, 113.5053956028656614 ) ) ;
#5432 = B_SPLINE_CURVE_WITH_KNOTS ( 'NONE', 3,
 ( #3266, #8545, #290, #191 ),
 .UNSPECIFIED., .F., .F.,
 ( 4, 4 ),
 ( 0.000000000000000000, 0.0001488674326167555256 ),
 .UNSPECIFIED. ) ;
#5433 = CARTESIAN_POINT ( 'NONE',  ( -74.78852960328464405, 70.28277388823970284, 76.91553831154998022 ) ) ;
#5434 = EDGE_LOOP ( 'NONE', ( #1228, #1261, #2707, #4279, #9284, #8732 ) ) ;
#5435 = CARTESIAN_POINT ( 'NONE',  ( -88.65917661814337691, 113.7492156246498212, 135.0714045954702556 ) ) ;
#5436 = CARTESIAN_POINT ( 'NONE',  ( -84.74287131384980398, 139.4881840960813406, 99.17505610799224769 ) ) ;
#5437 = CARTESIAN_POINT ( 'NONE',  ( -90.60417681319833605, 147.8939067387947262, 120.1090512247272102 ) ) ;
#5438 = CARTESIAN_POINT ( 'NONE',  ( -70.78852960328462984, 141.5581117127231039, 63.92190020000548856 ) ) ;
#5439 = ORIENTED_EDGE ( 'NONE', *, *, #9798, .T. ) ;
#5440 = EDGE_LOOP ( 'NONE', ( #8795, #2345, #8029, #2800 ) ) ;
#5441 = CARTESIAN_POINT ( 'NONE',  ( -79.41981045689405505, 83.44047193671212881, 165.2349986414387786 ) ) ;
#5442 = PLANE ( 'NONE',  #4 ) ;
#5443 = CARTESIAN_POINT ( 'NONE',  ( -82.10881511183120551, 76.78001569315834729, 68.31541075569609234 ) ) ;
#5444 = CARTESIAN_POINT ( 'NONE',  ( -82.63662605860773169, 70.72068878056597896, 74.74264501689778228 ) ) ;
#5445 = CARTESIAN_POINT ( 'NONE',  ( -85.25142047568013481, 124.4050317177220961, 125.2111627384039849 ) ) ;
#5446 = CARTESIAN_POINT ( 'NONE',  ( -78.78852960328464405, 145.8309159640421910, 100.5804998236556855 ) ) ;
#5447 = CARTESIAN_POINT ( 'NONE',  ( -72.28852960328462984, 103.8119079817578125, 133.0054217592787609 ) ) ;
#5448 = CARTESIAN_POINT ( 'NONE',  ( -74.78852960328464405, 65.33816658124170829, 133.0985591610220240 ) ) ;
#5449 = EDGE_LOOP ( 'NONE', ( #4418, #3246, #325, #1180 ) ) ;
#5450 = CARTESIAN_POINT ( 'NONE',  ( -70.92717940992255876, 114.7485297002672979, 96.70247295328051962 ) ) ;
#5451 = ADVANCED_FACE ( 'NONE', ( #1085 ), #4399, .F. ) ;
#5452 = CARTESIAN_POINT ( 'NONE',  ( -79.82480479049790745, 147.3111029941687775, 164.3036772625460458 ) ) ;
#5453 = EDGE_CURVE ( 'NONE', #5192, #4648, #2271, .T. ) ;
#5454 = CARTESIAN_POINT ( 'NONE',  ( -88.92237934404438704, 132.5309159640421228, 134.4582889486797228 ) ) ;
#5455 = CARTESIAN_POINT ( 'NONE',  ( -84.78852960328464405, 110.9293568147877664, 102.8454217592787501 ) ) ;
#5456 = CARTESIAN_POINT ( 'NONE',  ( -84.50001656378154280, 70.55844716375564474, 152.2041048651428810 ) ) ;
#5457 = CARTESIAN_POINT ( 'NONE',  ( -90.95701488249255817, 118.2679121758610705, 113.3233366826582653 ) ) ;
#5458 = DIRECTION ( 'NONE',  ( -1.000000000000000000, -0.000000000000000000, -0.000000000000000000 ) ) ;
#5459 = CARTESIAN_POINT ( 'NONE',  ( -85.12788224390425285, 124.9276309683235837, 125.8788533919942267 ) ) ;
#5460 = DIRECTION ( 'NONE',  ( 0.000000000000000000, -1.000000000000000000, 0.000000000000000000 ) ) ;
#5461 = EDGE_LOOP ( 'NONE', ( #4908, #4487, #959, #4408 ) ) ;
#5462 = CARTESIAN_POINT ( 'NONE',  ( -78.78852960328464405, 151.7309120031469831, 85.26342517491579542 ) ) ;
#5463 = ORIENTED_EDGE ( 'NONE', *, *, #9052, .T. ) ;
#5464 = CARTESIAN_POINT ( 'NONE',  ( -81.85275765393471659, 113.3119079817578125, 105.0493643056304194 ) ) ;
#5465 = CARTESIAN_POINT ( 'NONE',  ( -78.78852960328464405, 105.8119079817578410, 133.0054217592787609 ) ) ;
#5466 = CARTESIAN_POINT ( 'NONE',  ( -79.48416843561530243, 150.3836640002860179, 160.8868273964006335 ) ) ;
#5467 = ORIENTED_EDGE ( 'NONE', *, *, #5115, .T. ) ;
#5468 = AXIS2_PLACEMENT_3D ( 'NONE', #8559, #1744, #2401 ) ;
#5469 = CARTESIAN_POINT ( 'NONE',  ( -85.81975239144003353, 122.6593935330299985, 105.6498317104563256 ) ) ;
#5470 = CARTESIAN_POINT ( 'NONE',  ( -85.20701583241920218, 141.7571017134190754, 101.4502573222961814 ) ) ;
#5471 = DIRECTION ( 'NONE',  ( 0.000000000000000000, 0.000000000000000000, -1.000000000000000000 ) ) ;
#5472 = CARTESIAN_POINT ( 'NONE',  ( -83.38852960328463837, 132.5309159640421228, 107.2804998236556884 ) ) ;
#5473 = CARTESIAN_POINT ( 'NONE',  ( -89.60821003569554932, 105.1325452910190137, 115.1324108518369087 ) ) ;
#5474 = CARTESIAN_POINT ( 'NONE',  ( -74.78852960328464405, 69.28151800166970986, 149.7325884709717059 ) ) ;
#5475 = ORIENTED_EDGE ( 'NONE', *, *, #7302, .T. ) ;
#5476 = LINE ( 'NONE', #5382, #4296 ) ;
#5477 = CARTESIAN_POINT ( 'NONE',  ( -76.78852960328464405, 111.8667509325086229, -157.5793358945792022 ) ) ;
#5478 = AXIS2_PLACEMENT_3D ( 'NONE', #793, #705, #8959 ) ;
#5479 = ADVANCED_FACE ( 'NONE', ( #2531 ), #3161, .F. ) ;
#5480 = EDGE_CURVE ( 'NONE', #7374, #8870, #5306, .T. ) ;
#5481 = CARTESIAN_POINT ( 'NONE',  ( -78.78852960328464405, 86.78156815438114791, 64.25779513156511769 ) ) ;
#5482 = CARTESIAN_POINT ( 'NONE',  ( -82.47974961559251028, 150.9260533294556410, 70.58289263643618483 ) ) ;
#5483 = CARTESIAN_POINT ( 'NONE',  ( -79.65434990807443683, 76.95110778057687639, 65.66269849090440403 ) ) ;
#5484 = VECTOR ( 'NONE', #109, 1000.000000000000000 ) ;
#5485 = EDGE_LOOP ( 'NONE', ( #3623, #35, #2214, #9498 ) ) ;
#5486 = CARTESIAN_POINT ( 'NONE',  ( -84.28537015102611463, 134.2799050307182256, 97.28049982365571680 ) ) ;
#5487 = ORIENTED_EDGE ( 'NONE', *, *, #7009, .T. ) ;
#5488 = ORIENTED_EDGE ( 'NONE', *, *, #6774, .F. ) ;
#5489 = CARTESIAN_POINT ( 'NONE',  ( -81.91360522522028020, 77.12857325142960008, 67.81227132898774812 ) ) ;
#5490 = VECTOR ( 'NONE', #2478, 1000.000000000000000 ) ;
#5491 = CARTESIAN_POINT ( 'NONE',  ( -80.07422942246667219, 75.44679508684768621, 67.45047062237259183 ) ) ;
#5492 = DIRECTION ( 'NONE',  ( 0.000000000000000000, 0.000000000000000000, -1.000000000000000000 ) ) ;
#5493 = B_SPLINE_CURVE_WITH_KNOTS ( 'NONE', 3,
 ( #7684, #1708, #4712, #1808 ),
 .UNSPECIFIED., .F., .F.,
 ( 4, 4 ),
 ( 0.000000000000000000, 0.009786616448421799411 ),
 .UNSPECIFIED. ) ;
#5494 = FACE_OUTER_BOUND ( 'NONE', #8903, .T. ) ;
#5495 = FACE_OUTER_BOUND ( 'NONE', #8148, .T. ) ;
#5496 = VECTOR ( 'NONE', #6499, 1000.000000000000000 ) ;
#5497 = DIRECTION ( 'NONE',  ( -0.000000000000000000, 1.000000000000000000, 3.469446951953623261E-15 ) ) ;
#5498 = ORIENTED_EDGE ( 'NONE', *, *, #2396, .T. ) ;
#5499 = CARTESIAN_POINT ( 'NONE',  ( -70.78852960328462984, 115.2069643379938952, 97.39917467664982098 ) ) ;
#5500 = CARTESIAN_POINT ( 'NONE',  ( -79.53194412735570040, 146.1612121941959686, 164.9777580567704547 ) ) ;
#5501 = CARTESIAN_POINT ( 'NONE',  ( -82.85017483423580131, 104.6114696777858910, 92.11135128595643096 ) ) ;
#5502 = CARTESIAN_POINT ( 'NONE',  ( -90.59199220375580808, 61.62624854011328779, 120.8362911811783533 ) ) ;
#5503 = CARTESIAN_POINT ( 'NONE',  ( -88.69154365079121760, 59.45680792056450059, 108.4560607120438505 ) ) ;
#5504 = DIRECTION ( 'NONE',  ( 0.000000000000000000, -1.000000000000000000, 0.000000000000000000 ) ) ;
#5505 = CARTESIAN_POINT ( 'NONE',  ( -84.38073556859377788, 72.72270276812299983, 152.3316974983129342 ) ) ;
#5506 = CIRCLE ( 'NONE', #7243, 3.000000000000002665 ) ;
#5507 = CARTESIAN_POINT ( 'NONE',  ( -78.78852960328464405, 152.1879232852531629, 134.2125265045658296 ) ) ;
#5508 = CARTESIAN_POINT ( 'NONE',  ( -89.79977892175946863, 111.8734070962696876, 113.2221320582669648 ) ) ;
#5509 = ADVANCED_FACE ( 'NONE', ( #8590 ), #1829, .F. ) ;
#5510 = ORIENTED_EDGE ( 'NONE', *, *, #359, .T. ) ;
#5511 = CARTESIAN_POINT ( 'NONE',  ( -70.78852960328462984, 152.3880344793648192, 132.2760348279420839 ) ) ;
#5512 = CARTESIAN_POINT ( 'NONE',  ( -90.44609548209307093, 154.1075751849761559, 104.3431711451686965 ) ) ;
#5513 = DIRECTION ( 'NONE',  ( 0.000000000000000000, 0.9976436369005324822, 0.06860884601768478530 ) ) ;
#5514 = CARTESIAN_POINT ( 'NONE',  ( -86.69593003848908097, 107.3119079817578267, 133.5054217592787609 ) ) ;
#5515 = CARTESIAN_POINT ( 'NONE',  ( -83.07937547247561838, 149.7358992158999342, 156.1006855297754896 ) ) ;
#5516 = CARTESIAN_POINT ( 'NONE',  ( -81.13553539218330002, 151.6532541571494335, 156.0134921710264280 ) ) ;
#5517 = ORIENTED_EDGE ( 'NONE', *, *, #4777, .T. ) ;
#5518 = CARTESIAN_POINT ( 'NONE',  ( -78.78852960328464405, 105.8119986335291003, 112.0054217613331389 ) ) ;
#5519 = LINE ( 'NONE', #1584, #2389 ) ;
#5520 =( GEOMETRIC_REPRESENTATION_CONTEXT ( 3 ) GLOBAL_UNCERTAINTY_ASSIGNED_CONTEXT ( ( #7466 ) ) GLOBAL_UNIT_ASSIGNED_CONTEXT ( ( #7510, #9657, #7005 ) ) REPRESENTATION_CONTEXT ( 'NONE', 'WORKASPACE' ) );
#5521 = ORIENTED_EDGE ( 'NONE', *, *, #6659, .T. ) ;
#5522 = CARTESIAN_POINT ( 'NONE',  ( -78.78852960328464405, 86.94190798175786483, 118.5057407317052593 ) ) ;
#5523 = DIRECTION ( 'NONE',  ( -1.000000000000000000, -0.000000000000000000, -0.000000000000000000 ) ) ;
#5524 = CARTESIAN_POINT ( 'NONE',  ( -74.78852960328464405, 141.9419079817567138, 152.0057407317052878 ) ) ;
#5525 = CARTESIAN_POINT ( 'NONE',  ( -85.30003004497825714, 141.9463801798065958, 124.9350534736900187 ) ) ;
#5526 = CARTESIAN_POINT ( 'NONE',  ( -85.94248018585778937, 143.6309159640420887, 120.0164449411387295 ) ) ;
#5527 = ORIENTED_EDGE ( 'NONE', *, *, #1398, .F. ) ;
#5528 = CARTESIAN_POINT ( 'NONE',  ( -85.97090709588684376, 122.5309159640421228, 107.2804998236556884 ) ) ;
#5529 = AXIS2_PLACEMENT_3D ( 'NONE', #9265, #2407, #155 ) ;
#5530 = CARTESIAN_POINT ( 'NONE',  ( -85.62573761141479167, 123.0596904429625482, 104.0675464605387077 ) ) ;
#5531 = CARTESIAN_POINT ( 'NONE',  ( -84.65442711828981714, 138.9176662213922100, 98.78599430584769436 ) ) ;
#5532 = CARTESIAN_POINT ( 'NONE',  ( -84.11866179343869021, 112.2842733961041262, 92.94076618687141433 ) ) ;
#5533 = FACE_OUTER_BOUND ( 'NONE', #1693, .T. ) ;
#5534 = CARTESIAN_POINT ( 'NONE',  ( -89.60519288526403159, 106.9531825995315586, 113.3247392381558285 ) ) ;
#5535 = CARTESIAN_POINT ( 'NONE',  ( -90.45398052063156058, 113.1258704856231390, 104.6333668490164399 ) ) ;
#5536 = ORIENTED_EDGE ( 'NONE', *, *, #1161, .F. ) ;
#5537 = CIRCLE ( 'NONE', #8065, 6.999999999999978684 ) ;
#5538 = CARTESIAN_POINT ( 'NONE',  ( -72.28852960328462984, 113.4087911130689008, 133.8650597908254554 ) ) ;
#5539 = TOROIDAL_SURFACE ( 'NONE', #1768, 2.999999999999994671, 1.000000000000000000 ) ;
#5540 = LINE ( 'NONE', #1202, #8235 ) ;
#5541 = DIRECTION ( 'NONE',  ( 0.000000000000000000, 0.000000000000000000, -1.000000000000000000 ) ) ;
#5542 = AXIS2_PLACEMENT_3D ( 'NONE', #479, #2052, #7143 ) ;
#5543 = AXIS2_PLACEMENT_3D ( 'NONE', #7606, #1481, #6695 ) ;
#5544 = EDGE_CURVE ( 'NONE', #2075, #8232, #6203, .T. ) ;
#5545 = ORIENTED_EDGE ( 'NONE', *, *, #9091, .F. ) ;
#5546 = CARTESIAN_POINT ( 'NONE',  ( -84.96884315019349287, 140.7190771901690312, 100.2265595673178495 ) ) ;
#5547 = ORIENTED_EDGE ( 'NONE', *, *, #1049, .T. ) ;
#5548 = VERTEX_POINT ( 'NONE', #5292 ) ;
#5549 = CARTESIAN_POINT ( 'NONE',  ( -79.86250814478169957, 76.66176376993198005, 161.1268636188316918 ) ) ;
#5550 = CARTESIAN_POINT ( 'NONE',  ( -77.27444466478962681, 80.27343134784737799, 60.71737331350671951 ) ) ;
#5551 = CARTESIAN_POINT ( 'NONE',  ( -81.66387204111617848, 72.51664020181067372, 71.83160174934542397 ) ) ;
#5552 = CARTESIAN_POINT ( 'NONE',  ( -85.34655362019110214, 124.0397712248388871, 124.6651410317763862 ) ) ;
#5553 = CARTESIAN_POINT ( 'NONE',  ( -84.54308476215227586, 128.0917766565143836, 98.31386573931946771 ) ) ;
#5554 = CARTESIAN_POINT ( 'NONE',  ( -90.62951458541260763, 147.8939197522231837, 119.6217600156973191 ) ) ;
#5555 = CARTESIAN_POINT ( 'NONE',  ( -88.94736150168026256, 137.3270699876752019, 92.69328220631697945 ) ) ;
#5556 = EDGE_CURVE ( 'NONE', #9746, #5025, #2366, .T. ) ;
#5557 = DIRECTION ( 'NONE',  ( 0.000000000000000000, -0.000000000000000000, -1.000000000000000000 ) ) ;
#5558 = CARTESIAN_POINT ( 'NONE',  ( -78.74631846508725630, 148.6625921696094679, 63.88424503316089442 ) ) ;
#5559 = ORIENTED_EDGE ( 'NONE', *, *, #2126, .F. ) ;
#5560 = EDGE_CURVE ( 'NONE', #4729, #127, #7729, .T. ) ;
#5561 = CARTESIAN_POINT ( 'NONE',  ( -70.78852960328462984, 115.2569332580205668, 97.44223240480897630 ) ) ;
#5562 = CARTESIAN_POINT ( 'NONE',  ( -83.01239225284879808, 75.16655530945381258, 156.2805801379721231 ) ) ;
#5563 = B_SPLINE_CURVE_WITH_KNOTS ( 'NONE', 3,
 ( #9069, #5855, #2961, #2116, #2860, #8187, #4439, #9689, #632, #6729, #8240, #6681, #7328, #1470, #8982, #4528, #18, #3003, #7375, #5901, #3052, #5995, #4340, #1422, #3593, #8329, #6037, #5105, #6776, #7486, #6587, #3736 ),
 .UNSPECIFIED., .F., .F.,
 ( 4, 2, 2, 2, 2, 2, 2, 2, 2, 2, 2, 2, 2, 2, 2, 4 ),
 ( 0.009379751214254555478, 0.009965853032900082176, 0.01055195485154560714, 0.01113805667019113384, 0.01172415848883666054, 0.01231026030748218550, 0.01289636212612771220, 0.01348246394477323890, 0.01406856576341876386, 0.01465466758206428882, 0.01524076940070981726, 0.01582687121935534222, 0.01641297303800086718, 0.01699907485664639561, 0.01758517667529192058, 0.01875738031258294969 ),
 .UNSPECIFIED. ) ;
#5564 = CARTESIAN_POINT ( 'NONE',  ( -85.16064900719605646, 124.5897577692171723, 101.2006251653889848 ) ) ;
#5565 = ORIENTED_EDGE ( 'NONE', *, *, #2947, .T. ) ;
#5566 = DIRECTION ( 'NONE',  ( 1.000000000000000000, -0.000000000000000000, 0.000000000000000000 ) ) ;
#5567 = PLANE ( 'NONE',  #6782 ) ;
#5568 = FACE_OUTER_BOUND ( 'NONE', #1326, .T. ) ;
#5569 = CARTESIAN_POINT ( 'NONE',  ( -80.88608784844723232, 151.5041978590131180, 156.6941402989827736 ) ) ;
#5570 = CARTESIAN_POINT ( 'NONE',  ( -92.78852960328464405, 86.94190798175786483, 115.1057407317052821 ) ) ;
#5571 = ORIENTED_EDGE ( 'NONE', *, *, #6659, .F. ) ;
#5572 = CARTESIAN_POINT ( 'NONE',  ( -79.22000757352303424, 78.37815255475598519, 162.2581458277590798 ) ) ;
#5573 = CARTESIAN_POINT ( 'NONE',  ( -88.88361117433015579, 105.3119079817578410, 115.5034790921574341 ) ) ;
#5574 = ORIENTED_EDGE ( 'NONE', *, *, #1705, .F. ) ;
#5575 = CARTESIAN_POINT ( 'NONE',  ( -78.86564169594743134, 80.40260322386122027, 166.4733830704905415 ) ) ;
#5576 = EDGE_CURVE ( 'NONE', #6917, #5878, #9444, .T. ) ;
#5577 = CARTESIAN_POINT ( 'NONE',  ( -85.49281888262031259, 142.7415036538900495, 103.1449472960646006 ) ) ;
#5578 = CARTESIAN_POINT ( 'NONE',  ( -71.27057220638725710, 113.9541551594520854, 96.61039787084750685 ) ) ;
#5579 = CARTESIAN_POINT ( 'NONE',  ( -78.15452252181586346, 127.0995950700828416, 63.89743593371072450 ) ) ;
#5580 = ORIENTED_EDGE ( 'NONE', *, *, #9628, .T. ) ;
#5581 = CARTESIAN_POINT ( 'NONE',  ( -71.46898781942896051, 113.9513695859207445, 133.6810723213972096 ) ) ;
#5582 = CARTESIAN_POINT ( 'NONE',  ( -77.27647811069877548, 80.27023827536564227, 166.2890274012505074 ) ) ;
#5583 = CARTESIAN_POINT ( 'NONE',  ( -69.74836691017675605, 62.29347055928871413, 111.6679929837119403 ) ) ;
#5584 = LINE ( 'NONE', #1099, #1923 ) ;
#5585 = CARTESIAN_POINT ( 'NONE',  ( -88.77123190257186991, 111.3119079817578125, 113.5054217592787325 ) ) ;
#5586 = DIRECTION ( 'NONE',  ( 1.000000000000000000, 0.000000000000000000, 0.000000000000000000 ) ) ;
#5587 = ADVANCED_FACE ( 'NONE', ( #347 ), #8069, .T. ) ;
#5588 = ORIENTED_EDGE ( 'NONE', *, *, #4467, .T. ) ;
#5589 = CARTESIAN_POINT ( 'NONE',  ( -87.78582166566023659, 113.3554236712899694, 131.7301348896585864 ) ) ;
#5590 = CARTESIAN_POINT ( 'NONE',  ( -78.78852960328464405, 152.3446421799375514, 132.7125267394741002 ) ) ;
#5591 = FACE_OUTER_BOUND ( 'NONE', #2595, .T. ) ;
#5592 = ORIENTED_EDGE ( 'NONE', *, *, #6763, .T. ) ;
#5593 = ORIENTED_EDGE ( 'NONE', *, *, #7188, .T. ) ;
#5594 = DIRECTION ( 'NONE',  ( 0.000000000000000000, 0.000000000000000000, 1.000000000000000000 ) ) ;
#5595 = DIRECTION ( 'NONE',  ( 0.000000000000000000, 0.000000000000000000, -1.000000000000000000 ) ) ;
#5596 = CARTESIAN_POINT ( 'NONE',  ( -89.18542288838993670, 139.9617034912860447, 132.9268662252892739 ) ) ;
#5597 = CARTESIAN_POINT ( 'NONE',  ( -82.13164738166717882, 149.4400252064274355, 68.37390559632926568 ) ) ;
#5598 = CARTESIAN_POINT ( 'NONE',  ( -85.30597942498637565, 140.4079180183385631, 77.59156068717003052 ) ) ;
#5599 = FACE_BOUND ( 'NONE', #93, .T. ) ;
#5600 = ORIENTED_EDGE ( 'NONE', *, *, #8578, .T. ) ;
#5601 = CARTESIAN_POINT ( 'NONE',  ( -70.79057221097728814, 115.1601474062757120, 97.35234335889505530 ) ) ;
#5602 = CARTESIAN_POINT ( 'NONE',  ( -94.87364774114004717, 132.5309159640421228, 129.3804998236556685 ) ) ;
#5603 = DIRECTION ( 'NONE',  ( -0.000000000000000000, 0.000000000000000000, 1.000000000000000000 ) ) ;
#5604 = CARTESIAN_POINT ( 'NONE',  ( -88.69803368818001843, 103.7050702701408653, 135.6828800780801032 ) ) ;
#5605 = EDGE_CURVE ( 'NONE', #4358, #5092, #1863, .T. ) ;
#5606 = CARTESIAN_POINT ( 'NONE',  ( -88.92238023945803604, 132.0585476287803033, 134.4582752987553818 ) ) ;
#5607 = ADVANCED_FACE ( 'NONE', ( #6381 ), #4223, .T. ) ;
#5608 = CARTESIAN_POINT ( 'NONE',  ( -84.86464538725991247, 125.9727448231945601, 99.72929560493268752 ) ) ;
#5609 = CARTESIAN_POINT ( 'NONE',  ( -89.34474271116549460, 113.2575301033358812, 113.5459999633159214 ) ) ;
#5610 = ORIENTED_EDGE ( 'NONE', *, *, #3914, .F. ) ;
#5611 = DIRECTION ( 'NONE',  ( 1.000000000000000000, -0.000000000000000000, -0.000000000000000000 ) ) ;
#5612 = CARTESIAN_POINT ( 'NONE',  ( -79.57357169115505258, 141.0095640216830759, 164.8705567018639897 ) ) ;
#5613 = CARTESIAN_POINT ( 'NONE',  ( -80.15076495253703115, 102.0802446598068656, 163.5324564350471803 ) ) ;
#5614 = CARTESIAN_POINT ( 'NONE',  ( -80.78734935152436947, 147.7102925824246142, 64.99788518043402519 ) ) ;
#5615 = ORIENTED_EDGE ( 'NONE', *, *, #5058, .F. ) ;
#5616 = CARTESIAN_POINT ( 'NONE',  ( -72.28852960328462984, 114.0204415849168953, 95.50574073170528777 ) ) ;
#5617 = CARTESIAN_POINT ( 'NONE',  ( -83.38852960328463837, 128.8367218251632096, 95.58049982365568553 ) ) ;
#5618 = CARTESIAN_POINT ( 'NONE',  ( -71.28852960328462984, 114.8119079817578125, 133.0057022706699570 ) ) ;
#5619 = VERTEX_POINT ( 'NONE', #3526 ) ;
#5620 = CARTESIAN_POINT ( 'NONE',  ( -80.80187786108535875, 77.17912058580293433, 161.9837707842054897 ) ) ;
#5621 = CARTESIAN_POINT ( 'NONE',  ( -84.31858966738263916, 135.2646943612666064, 97.40946460036914800 ) ) ;
#5622 = CARTESIAN_POINT ( 'NONE',  ( -71.28852960328462984, 112.8119080014294724, 133.0054217592787609 ) ) ;
#5623 = CARTESIAN_POINT ( 'NONE',  ( -81.89607519042159822, 0.000000000000000000, 94.96147921292704552 ) ) ;
#5624 = EDGE_LOOP ( 'NONE', ( #6966, #1786, #6617, #3306, #2221 ) ) ;
#5625 = LINE ( 'NONE', #7256, #1439 ) ;
#5626 = CARTESIAN_POINT ( 'NONE',  ( -90.77093277354376255, 103.3119079817578267, 111.4708323586715011 ) ) ;
#5627 = CARTESIAN_POINT ( 'NONE',  ( -71.34913184519540152, 113.8641108642541724, 133.1653819512688983 ) ) ;
#5628 = LINE ( 'NONE', #8660, #181 ) ;
#5629 = VECTOR ( 'NONE', #1689, 1000.000000000000000 ) ;
#5630 = EDGE_CURVE ( 'NONE', #1688, #7975, #6311, .T. ) ;
#5631 = CARTESIAN_POINT ( 'NONE',  ( -78.78852960328464405, 103.8119079817578125, 114.0054217592787325 ) ) ;
#5632 = ORIENTED_EDGE ( 'NONE', *, *, #9005, .T. ) ;
#5633 = VECTOR ( 'NONE', #8437, 1000.000000000000000 ) ;
#5634 = CARTESIAN_POINT ( 'NONE',  ( -70.78852960328462984, 146.5078591810289481, 65.97215273169965144 ) ) ;
#5635 = EDGE_LOOP ( 'NONE', ( #2602, #3261, #3521, #1205, #7923 ) ) ;
#5636 = ORIENTED_EDGE ( 'NONE', *, *, #3638, .T. ) ;
#5637 = CARTESIAN_POINT ( 'NONE',  ( -90.22708683365100057, 112.5418034783046295, 112.8827108065074469 ) ) ;
#5638 = EDGE_CURVE ( 'NONE', #6454, #4199, #5980, .T. ) ;
#5639 = CARTESIAN_POINT ( 'NONE',  ( -89.52095252719006169, 123.1191394953130640, 130.7748045722022709 ) ) ;
#5640 = CARTESIAN_POINT ( 'NONE',  ( -78.78852960328464405, 146.6084652770729235, 160.9385003127597713 ) ) ;
#5641 = AXIS2_PLACEMENT_3D ( 'NONE', #8174, #8866, #4184 ) ;
#5642 = CARTESIAN_POINT ( 'NONE',  ( -88.98195944311140693, 136.6648706515665026, 134.1211547515894722 ) ) ;
#5643 = CARTESIAN_POINT ( 'NONE',  ( -84.73140640294228376, 139.0311627991139005, 151.2546710411220943 ) ) ;
#5644 = ORIENTED_EDGE ( 'NONE', *, *, #3870, .T. ) ;
#5645 = CARTESIAN_POINT ( 'NONE',  ( -70.83217866267864338, 114.9619583688456430, 97.01306777264031211 ) ) ;
#5646 = AXIS2_PLACEMENT_3D ( 'NONE', #3256, #5497, #8533 ) ;
#5647 = CARTESIAN_POINT ( 'NONE',  ( -87.53994575465003436, 61.61247962413363410, 95.95329500341050277 ) ) ;
#5648 = DIRECTION ( 'NONE',  ( 1.000000000000000000, -0.000000000000000000, -0.000000000000000000 ) ) ;
#5649 = CARTESIAN_POINT ( 'NONE',  ( -88.80098259711922992, 62.84178565125912996, 135.1701059891246075 ) ) ;
#5650 = CARTESIAN_POINT ( 'NONE',  ( -84.96345566485490508, 125.4689153424415338, 100.2003740760510055 ) ) ;
#5651 = ORIENTED_EDGE ( 'NONE', *, *, #1067, .T. ) ;
#5652 = CIRCLE ( 'NONE', #6597, 6.999999999999784173 ) ;
#5653 = PLANE ( 'NONE',  #4271 ) ;
#5654 = DIRECTION ( 'NONE',  ( -1.000000000000000000, -0.000000000000000000, -0.000000000000000000 ) ) ;
#5655 = CARTESIAN_POINT ( 'NONE',  ( -87.29896793828106638, 105.4082386384232279, 133.4934030003839496 ) ) ;
#5656 = DIRECTION ( 'NONE',  ( 1.000000000000000000, -0.000000000000000000, -0.000000000000000000 ) ) ;
#5657 = CARTESIAN_POINT ( 'NONE',  ( -74.78852960328464405, 72.89378437447854253, 75.69730272969313489 ) ) ;
#5658 = ORIENTED_EDGE ( 'NONE', *, *, #5576, .F. ) ;
#5659 = DIRECTION ( 'NONE',  ( 1.000000000000000000, -0.000000000000000000, -0.000000000000000000 ) ) ;
#5660 = ADVANCED_FACE ( 'NONE', ( #2200, #6127 ), #8314, .F. ) ;
#5661 = EDGE_CURVE ( 'NONE', #7822, #7912, #5334, .T. ) ;
#5662 = CARTESIAN_POINT ( 'NONE',  ( -70.78852960328462984, 115.2041692383598388, 132.3151961815395055 ) ) ;
#5663 = CIRCLE ( 'NONE', #149, 3.000000000000002665 ) ;
#5664 = CARTESIAN_POINT ( 'NONE',  ( -85.77647070610645130, 64.90016324587914198, 140.7615660257766024 ) ) ;
#5665 = VERTEX_POINT ( 'NONE', #6417 ) ;
#5666 = CARTESIAN_POINT ( 'NONE',  ( -83.38852960328463837, 120.3309159640421484, 100.5804998236556855 ) ) ;
#5667 = CARTESIAN_POINT ( 'NONE',  ( -77.75514905453309211, 142.8726011891611734, 60.98669674099509308 ) ) ;
#5668 = CARTESIAN_POINT ( 'NONE',  ( -71.62343210826307427, 69.28151800167140095, 149.7325884709703701 ) ) ;
#5669 = CARTESIAN_POINT ( 'NONE',  ( -78.78852960328464405, 125.3309159640421626, 131.0804998236556855 ) ) ;
#5670 = VECTOR ( 'NONE', #8071, 1000.000000000000114 ) ;
#5671 = CARTESIAN_POINT ( 'NONE',  ( -81.13551337160311050, 151.6529316460847099, 70.99736879377149990 ) ) ;
#5672 = ADVANCED_FACE ( 'NONE', ( #8619 ), #8122, .F. ) ;
#5673 = ORIENTED_EDGE ( 'NONE', *, *, #8722, .T. ) ;
#5674 = ADVANCED_FACE ( 'NONE', ( #3768 ), #1704, .T. ) ;
#5675 = DIRECTION ( 'NONE',  ( -1.000000000000000000, 0.000000000000000000, -0.000000000000000000 ) ) ;
#5676 = CARTESIAN_POINT ( 'NONE',  ( -72.06067437775446649, 113.4733627923248207, 133.8117009635097361 ) ) ;
#5677 = CARTESIAN_POINT ( 'NONE',  ( -78.37958083733774117, 107.1271736195420630, 62.42549944372029813 ) ) ;
#5678 = AXIS2_PLACEMENT_3D ( 'NONE', #5936, #723, #3778 ) ;
#5679 = EDGE_CURVE ( 'NONE', #7786, #734, #9516, .T. ) ;
#5680 = DIRECTION ( 'NONE',  ( 1.000000000000000000, -0.000000000000000000, -0.000000000000000000 ) ) ;
#5681 = EDGE_LOOP ( 'NONE', ( #8510, #1159, #8416, #694 ) ) ;
#5682 = VECTOR ( 'NONE', #4780, 1000.000000000000000 ) ;
#5683 = CARTESIAN_POINT ( 'NONE',  ( -87.87406454545021006, 113.3799749105096453, 131.7968772689057460 ) ) ;
#5684 = ORIENTED_EDGE ( 'NONE', *, *, #5910, .F. ) ;
#5685 = VERTEX_POINT ( 'NONE', #1494 ) ;
#5686 = CARTESIAN_POINT ( 'NONE',  ( -76.78852960328464405, 141.6586802556908822, 155.9887903978152224 ) ) ;
#5687 = CARTESIAN_POINT ( 'NONE',  ( -69.74836691017675605, 68.32660295023789843, 85.93959922787723826 ) ) ;
#5688 = CARTESIAN_POINT ( 'NONE',  ( -88.77123190257186991, 111.3119079817578125, 113.5054217592787325 ) ) ;
#5689 = VECTOR ( 'NONE', #8, 1000.000000000000000 ) ;
#5690 = LINE ( 'NONE', #5780, #343 ) ;
#5691 = PLANE ( 'NONE',  #7863 ) ;
#5692 = CARTESIAN_POINT ( 'NONE',  ( -89.71475615103354073, 144.3628281928416186, 129.4002015060889335 ) ) ;
#5693 = CARTESIAN_POINT ( 'NONE',  ( -84.23502074117131144, 139.0348838914797795, 152.7709640239882276 ) ) ;
#5694 = ORIENTED_EDGE ( 'NONE', *, *, #8234, .T. ) ;
#5695 = CARTESIAN_POINT ( 'NONE',  ( -70.85405216718609722, 114.8297664119408381, 96.94594582827512852 ) ) ;
#5696 = CARTESIAN_POINT ( 'NONE',  ( -89.24289306169315239, 124.9770422121497120, 94.43627131811308573 ) ) ;
#5697 = CIRCLE ( 'NONE', #7776, 9.999999999999980460 ) ;
#5698 = CARTESIAN_POINT ( 'NONE',  ( -70.82952961540182457, 114.9141540404744291, 132.6741847445725568 ) ) ;
#5699 = CARTESIAN_POINT ( 'NONE',  ( -88.92671897719586127, 131.5902433767210766, 134.4339668718264420 ) ) ;
#5700 = DIRECTION ( 'NONE',  ( 1.000000000000000000, -0.000000000000000000, -0.000000000000000000 ) ) ;
#5701 = ORIENTED_EDGE ( 'NONE', *, *, #7314, .F. ) ;
#5702 = CARTESIAN_POINT ( 'NONE',  ( -81.14454067523219294, 151.6586802554030839, 155.9887145288563204 ) ) ;
#5703 = CARTESIAN_POINT ( 'NONE',  ( -88.66070395815292216, 115.3119079817578267, 135.8791374862808539 ) ) ;
#5704 = CARTESIAN_POINT ( 'NONE',  ( -88.70816323682355176, 104.2085652709612447, 135.4243698776907934 ) ) ;
#5705 = EDGE_CURVE ( 'NONE', #4646, #6884, #144, .T. ) ;
#5706 = CYLINDRICAL_SURFACE ( 'NONE', #8010, 9.999999999999994671 ) ;
#5707 = CARTESIAN_POINT ( 'NONE',  ( -71.60435360180845521, 70.28277388816486848, 76.91553831158488208 ) ) ;
#5708 = ORIENTED_EDGE ( 'NONE', *, *, #1772, .F. ) ;
#5709 = LINE ( 'NONE', #5518, #5302 ) ;
#5710 = CARTESIAN_POINT ( 'NONE',  ( -80.00431136999229409, 145.4448870652646804, 163.8746649555483543 ) ) ;
#5711 = CARTESIAN_POINT ( 'NONE',  ( -70.81434582746815920, 66.04517287849174068, 91.70753772284925276 ) ) ;
#5712 = EDGE_LOOP ( 'NONE', ( #6422, #8675, #9227, #9300 ) ) ;
#5713 = DIRECTION ( 'NONE',  ( -0.000000000000000000, -0.000000000000000000, -1.000000000000000000 ) ) ;
#5714 = CARTESIAN_POINT ( 'NONE',  ( -85.11012951704201157, 144.2297489907341514, 150.0553026486573174 ) ) ;
#5715 =( BOUNDED_SURFACE ( )  B_SPLINE_SURFACE ( 3, 2, ( 
 ( #373, #4816, #4906 ),
 ( #1046, #323, #9667 ),
 ( #2895, #658, #5176 ),
 ( #1245, #4263, #706 ),
 ( #8265, #9095, #4610 ),
 ( #2399, #4656, #6312 ) ),
 .UNSPECIFIED., .F., .F., .T. ) 
 B_SPLINE_SURFACE_WITH_KNOTS ( ( 4, 2, 4 ),
 ( 3, 3 ),
 ( -1.908195823574487804E-17, 0.002543735299410740218, 0.005087470598821499518 ),
 ( 0.000000000000000000, 1.000000000000000000 ),
 .UNSPECIFIED. ) 
 GEOMETRIC_REPRESENTATION_ITEM ( )  RATIONAL_B_SPLINE_SURFACE ( (
 ( 1.000000000000000000, 0.8150910659242718292, 1.000000000000000000),
 ( 1.000000000000000000, 0.8225814379104843255, 1.000000000000000000),
 ( 1.000000000000000000, 0.8282338551135496330, 1.000000000000000000),
 ( 1.000000000000000000, 0.8354140343874475461, 1.000000000000000000),
 ( 1.000000000000000000, 0.8367324408296298310, 1.000000000000000000),
 ( 1.000000000000000000, 0.8357862786138724465, 1.000000000000000000) ) ) 
 REPRESENTATION_ITEM ( '' )  SURFACE ( )  );
#5716 = EDGE_CURVE ( 'NONE', #7512, #71, #8221, .T. ) ;
#5717 = CARTESIAN_POINT ( 'NONE',  ( -84.39748054784830344, 105.8507743053663859, 93.29903430233571271 ) ) ;
#5718 = PLANE ( 'NONE',  #8713 ) ;
#5719 = LINE ( 'NONE', #5669, #4386 ) ;
#5720 = CARTESIAN_POINT ( 'NONE',  ( -82.85017483423580131, 113.1472439517896618, 104.8994922326010197 ) ) ;
#5721 = CARTESIAN_POINT ( 'NONE',  ( -79.40372707308333133, 145.5419877604019803, 61.74042221699469479 ) ) ;
#5722 = DIRECTION ( 'NONE',  ( 1.000000000000000000, 0.000000000000000000, -0.000000000000000000 ) ) ;
#5723 = ORIENTED_EDGE ( 'NONE', *, *, #1489, .F. ) ;
#5724 = CARTESIAN_POINT ( 'NONE',  ( -71.84511418188719745, 113.6122889848011681, 133.8037304626874686 ) ) ;
#5725 = CARTESIAN_POINT ( 'NONE',  ( -88.92782753711321675, 64.60062975234588123, 92.54943202677415570 ) ) ;
#5726 = ADVANCED_FACE ( 'NONE', ( #9362, #9306 ), #8604, .T. ) ;
#5727 = CARTESIAN_POINT ( 'NONE',  ( -79.69462586828534256, 137.0206867049982691, 62.41835003200301912 ) ) ;
#5728 = CARTESIAN_POINT ( 'NONE',  ( -88.77123268437775039, 113.3119079817579689, 115.5054217728012276 ) ) ;
#5729 = CARTESIAN_POINT ( 'NONE',  ( -88.11846055410839540, 105.3119079817578267, 126.2391461483158537 ) ) ;
#5730 = CARTESIAN_POINT ( 'NONE',  ( -88.67258081881249154, 114.0539970923861688, 133.3204535197183986 ) ) ;
#5731 = VERTEX_POINT ( 'NONE', #5618 ) ;
#5732 = ORIENTED_EDGE ( 'NONE', *, *, #6628, .F. ) ;
#5733 = DIRECTION ( 'NONE',  ( 0.000000000000000000, 0.000000000000000000, 1.000000000000000000 ) ) ;
#5734 = CARTESIAN_POINT ( 'NONE',  ( -84.89329661313848874, 140.0587979538906040, 127.0426706210557342 ) ) ;
#5735 = CARTESIAN_POINT ( 'NONE',  ( -85.19797171620952270, 143.9543391177299156, 77.23942949457953944 ) ) ;
#5736 = CARTESIAN_POINT ( 'NONE',  ( -87.78852960328462984, 107.6293568147877551, 102.5041018525514289 ) ) ;
#5737 = CARTESIAN_POINT ( 'NONE',  ( -85.65720281384297152, 123.0609638908985772, 122.6094986546065400 ) ) ;
#5738 = CARTESIAN_POINT ( 'NONE',  ( -84.97030583332987419, 140.4790065729196726, 126.6749862554728310 ) ) ;
#5739 = DIRECTION ( 'NONE',  ( 0.000000000000000000, 1.000000000000000000, 0.000000000000000000 ) ) ;
#5740 = CARTESIAN_POINT ( 'NONE',  ( -89.37281365288981760, 142.3202177716578660, 95.25512640682025278 ) ) ;
#5741 = CARTESIAN_POINT ( 'NONE',  ( -85.30519852414596471, 140.4045860330287496, 149.4219323683490757 ) ) ;
#5742 = CARTESIAN_POINT ( 'NONE',  ( -79.72105162591299177, 87.31496967778882379, 164.5317061275722779 ) ) ;
#5743 = ORIENTED_EDGE ( 'NONE', *, *, #6332, .T. ) ;
#5744 = CARTESIAN_POINT ( 'NONE',  ( -89.09150676659923818, 105.2924206881377955, 115.4609347269548039 ) ) ;
#5745 = ORIENTED_EDGE ( 'NONE', *, *, #859, .T. ) ;
#5746 = CARTESIAN_POINT ( 'NONE',  ( -90.78852960328464405, 81.41179733515534167, 164.1893223118609626 ) ) ;
#5747 = CARTESIAN_POINT ( 'NONE',  ( -78.01789628856644754, 131.5989293731152543, 61.58325348500543583 ) ) ;
#5748 = CARTESIAN_POINT ( 'NONE',  ( -88.95630060455408739, 130.2010226029712499, 134.2672000880401697 ) ) ;
#5749 = CARTESIAN_POINT ( 'NONE',  ( -82.48381537007276165, 76.11041628032603512, 157.7064477185033695 ) ) ;
#5750 = CARTESIAN_POINT ( 'NONE',  ( -72.15955926450152447, 71.42605270780158833, 150.6306194428237291 ) ) ;
#5751 = CARTESIAN_POINT ( 'NONE',  ( -90.13289406116120972, 112.3572561185235941, 112.9765830298551634 ) ) ;
#5752 = ORIENTED_EDGE ( 'NONE', *, *, #5244, .F. ) ;
#5753 = FACE_OUTER_BOUND ( 'NONE', #7585, .T. ) ;
#5754 = CARTESIAN_POINT ( 'NONE',  ( -85.26321521118556745, 151.0345186125407508, 77.41064013248941933 ) ) ;
#5755 = CARTESIAN_POINT ( 'NONE',  ( -87.95918687491017351, 105.2143527218885311, 131.8730719494621724 ) ) ;
#5756 = CARTESIAN_POINT ( 'NONE',  ( -89.70400825551719493, 155.6529136540748652, 129.5064710103964671 ) ) ;
#5757 = CARTESIAN_POINT ( 'NONE',  ( -81.99609806185935668, 151.2406796642459312, 68.01919196459131456 ) ) ;
#5758 = CARTESIAN_POINT ( 'NONE',  ( -74.78852960328464405, 141.9419079817567138, 147.0057407317052593 ) ) ;
#5759 = ORIENTED_EDGE ( 'NONE', *, *, #304, .F. ) ;
#5760 = CARTESIAN_POINT ( 'NONE',  ( -72.28852960328462984, 113.6679082986572524, 95.59409025985731034 ) ) ;
#5761 = CARTESIAN_POINT ( 'NONE',  ( -88.99168520221115841, 107.2932345661382243, 113.4960799571495329 ) ) ;
#5762 = ORIENTED_EDGE ( 'NONE', *, *, #8876, .F. ) ;
#5763 = CARTESIAN_POINT ( 'NONE',  ( -81.08376110352465105, 76.68415570453282726, 161.2943920402284732 ) ) ;
#5764 = CARTESIAN_POINT ( 'NONE',  ( -90.78852960328464405, 76.95974397416121349, 65.65599012386208244 ) ) ;
#5765 = CARTESIAN_POINT ( 'NONE',  ( -76.78852960328464405, 86.78188868465922212, 155.7535580371800279 ) ) ;
#5766 = CARTESIAN_POINT ( 'NONE',  ( -72.28852960328462984, 114.0204415849168953, 134.2125265045658296 ) ) ;
#5767 = LINE ( 'NONE', #3510, #4090 ) ;
#5768 = CARTESIAN_POINT ( 'NONE',  ( -79.83885232034948842, 144.6635789310959126, 62.75141278725687499 ) ) ;
#5769 = ORIENTED_EDGE ( 'NONE', *, *, #9406, .F. ) ;
#5770 = DIRECTION ( 'NONE',  ( 1.000000000000000000, -0.000000000000000000, -0.000000000000000000 ) ) ;
#5771 = CARTESIAN_POINT ( 'NONE',  ( -71.11098906788009799, 114.2364200766385665, 133.2238833993761205 ) ) ;
#5772 = DIRECTION ( 'NONE',  ( 0.000000000000000000, 0.000000000000000000, -1.000000000000000000 ) ) ;
#5773 = VERTEX_POINT ( 'NONE', #8652 ) ;
#5774 = CARTESIAN_POINT ( 'NONE',  ( -88.79836242864682561, 114.5268513154080807, 134.3069292326281925 ) ) ;
#5775 = ORIENTED_EDGE ( 'NONE', *, *, #4240, .F. ) ;
#5776 = ORIENTED_EDGE ( 'NONE', *, *, #7931, .F. ) ;
#5777 = EDGE_CURVE ( 'NONE', #6058, #1414, #1884, .T. ) ;
#5778 = ADVANCED_FACE ( 'NONE', ( #2129 ), #1282, .F. ) ;
#5779 = FACE_OUTER_BOUND ( 'NONE', #6984, .T. ) ;
#5780 = CARTESIAN_POINT ( 'NONE',  ( -76.78852960328464405, 146.5082198112068852, 161.0387472997413170 ) ) ;
#5781 = CARTESIAN_POINT ( 'NONE',  ( -69.58502050558932694, 61.12787159097636192, 129.1727275632279088 ) ) ;
#5782 = VECTOR ( 'NONE', #3588, 1000.000000000000000 ) ;
#5783 = LINE ( 'NONE', #8421, #8062 ) ;
#5784 = CARTESIAN_POINT ( 'NONE',  ( -71.62245158354717489, 69.28116211466512198, 77.27845157784956598 ) ) ;
#5785 = CARTESIAN_POINT ( 'NONE',  ( -85.19721016481815923, 139.9275340848492135, 149.7739710154932027 ) ) ;
#5786 = VERTEX_POINT ( 'NONE', #693 ) ;
#5787 = LINE ( 'NONE', #3532, #9601 ) ;
#5788 = ORIENTED_EDGE ( 'NONE', *, *, #304, .T. ) ;
#5789 = ADVANCED_FACE ( 'NONE', ( #2269 ), #8399, .T. ) ;
#5790 = CARTESIAN_POINT ( 'NONE',  ( -72.87061613349345635, 74.27025410259301452, 74.68422569489402463 ) ) ;
#5791 = FACE_OUTER_BOUND ( 'NONE', #6305, .T. ) ;
#5792 = DIRECTION ( 'NONE',  ( -0.000000000000000000, 0.000000000000000000, -1.000000000000000000 ) ) ;
#5793 = EDGE_LOOP ( 'NONE', ( #6280, #3571, #1474, #1083 ) ) ;
#5794 = FACE_OUTER_BOUND ( 'NONE', #3299, .T. ) ;
#5795 = CARTESIAN_POINT ( 'NONE',  ( -78.78852960328464405, 76.24230146906741368, 155.5369631941487114 ) ) ;
#5796 = CARTESIAN_POINT ( 'NONE',  ( -82.38240183917760362, 152.4117223915332886, 74.60438318760522236 ) ) ;
#5797 = AXIS2_PLACEMENT_3D ( 'NONE', #9389, #4873, #9770 ) ;
#5798 = LINE ( 'NONE', #1227, #9134 ) ;
#5799 = CARTESIAN_POINT ( 'NONE',  ( -88.99054759348298660, 129.2879658000658765, 134.0721225692513201 ) ) ;
#5800 = ORIENTED_EDGE ( 'NONE', *, *, #2790, .F. ) ;
#5801 = CARTESIAN_POINT ( 'NONE',  ( -71.84511418188719745, 113.7292376267951255, 95.79758813158956343 ) ) ;
#5802 = CARTESIAN_POINT ( 'NONE',  ( -78.78852960328465826, 66.77292166188294686, 89.76004469371879679 ) ) ;
#5803 = CARTESIAN_POINT ( 'NONE',  ( -80.41179666491929368, 146.8203993398815328, 162.9153469498536424 ) ) ;
#5804 = CARTESIAN_POINT ( 'NONE',  ( -85.40754098679740025, 142.3430839922087614, 124.3002637185190480 ) ) ;
#5805 = ORIENTED_EDGE ( 'NONE', *, *, #8433, .T. ) ;
#5806 = CARTESIAN_POINT ( 'NONE',  ( -81.10923163731904140, 76.63911931767603392, 161.2316661197087058 ) ) ;
#5807 = CARTESIAN_POINT ( 'NONE',  ( -84.79114702243707313, 144.7980979508493533, 151.0680133868162329 ) ) ;
#5808 = AXIS2_PLACEMENT_3D ( 'NONE', #7748, #9014, #2415 ) ;
#5809 = CARTESIAN_POINT ( 'NONE',  ( -78.19725151747054781, 146.5761220844929937, 62.26591914149638285 ) ) ;
#5810 = B_SPLINE_CURVE_WITH_KNOTS ( 'NONE', 3,
 ( #9785, #7697, #8482, #1621, #8287 ),
 .UNSPECIFIED., .F., .F.,
 ( 4, 1, 4 ),
 ( 0.000000000000000000, 0.01487684537534417033, 0.02975369075068834065 ),
 .UNSPECIFIED. ) ;
#5811 = CARTESIAN_POINT ( 'NONE',  ( -79.84000640129033854, 144.6698525762023166, 62.75408700829333952 ) ) ;
#5812 = FACE_OUTER_BOUND ( 'NONE', #4307, .T. ) ;
#5813 = LINE ( 'NONE', #5080, #3307 ) ;
#5814 = CARTESIAN_POINT ( 'NONE',  ( -79.59820798125804231, 146.4438293245589477, 62.18505470249117906 ) ) ;
#5815 = VERTEX_POINT ( 'NONE', #1070 ) ;
#5816 = VECTOR ( 'NONE', #8897, 1000.000000000000000 ) ;
#5817 = ORIENTED_EDGE ( 'NONE', *, *, #1948, .T. ) ;
#5818 = CARTESIAN_POINT ( 'NONE',  ( -80.70008322027953795, 77.35596880914937401, 64.78082873112626316 ) ) ;
#5819 = CARTESIAN_POINT ( 'NONE',  ( -71.24170039134619969, 114.2054744542885913, 133.4954155962570610 ) ) ;
#5820 = ADVANCED_FACE ( 'NONE', ( #8635 ), #8444, .T. ) ;
#5821 = CARTESIAN_POINT ( 'NONE',  ( -78.25207562386181337, 78.67097898871546136, 164.0616060224142529 ) ) ;
#5822 = ORIENTED_EDGE ( 'NONE', *, *, #5556, .F. ) ;
#5823 = EDGE_CURVE ( 'NONE', #988, #8542, #3122, .T. ) ;
#5824 = DIRECTION ( 'NONE',  ( 0.000000000000000000, 0.000000000000000000, -1.000000000000000000 ) ) ;
#5825 = AXIS2_PLACEMENT_3D ( 'NONE', #1001, #6863, #9219 ) ;
#5826 = CARTESIAN_POINT ( 'NONE',  ( -87.11918971551381219, 155.2945659097132705, 133.4376342897933512 ) ) ;
#5827 = CARTESIAN_POINT ( 'NONE',  ( -88.70816323682227278, 114.4152506925722861, 135.4243698776827500 ) ) ;
#5828 = CARTESIAN_POINT ( 'NONE',  ( -79.77770260054177243, 89.23846504467488217, 62.60982601445513751 ) ) ;
#5829 = CARTESIAN_POINT ( 'NONE',  ( -83.38852960328463837, 132.5309159640421228, 129.3804998236556685 ) ) ;
#5830 = EDGE_LOOP ( 'NONE', ( #3327, #2256, #4029, #7387 ) ) ;
#5831 = VERTEX_POINT ( 'NONE', #3952 ) ;
#5832 = CARTESIAN_POINT ( 'NONE',  ( -90.27268301141219808, 118.9487074609146759, 102.4868509660114739 ) ) ;
#5833 = EDGE_CURVE ( 'NONE', #3936, #6454, #8898, .T. ) ;
#5834 = CARTESIAN_POINT ( 'NONE',  ( -69.34984001891238847, 60.18714964426862934, 124.4720102917557512 ) ) ;
#5835 = CARTESIAN_POINT ( 'NONE',  ( -85.71659057940371440, 122.9179882326718456, 122.1406612482768708 ) ) ;
#5836 = EDGE_CURVE ( 'NONE', #7937, #7032, #3799, .T. ) ;
#5837 = CIRCLE ( 'NONE', #8544, 6.999999999999978684 ) ;
#5838 = AXIS2_PLACEMENT_3D ( 'NONE', #3080, #711, #5927 ) ;
#5839 = CARTESIAN_POINT ( 'NONE',  ( -84.41471626557938635, 135.9196777840916752, 129.1164517708063215 ) ) ;
#5840 = CARTESIAN_POINT ( 'NONE',  ( -87.78852960328462984, 110.9293568147877664, 102.8454217592787501 ) ) ;
#5841 = CARTESIAN_POINT ( 'NONE',  ( -89.19982392403818494, 140.7720379119822383, 94.17149507233547467 ) ) ;
#5842 = CARTESIAN_POINT ( 'NONE',  ( -72.28852960328462984, 113.3119079817578125, 112.0057617013668363 ) ) ;
#5843 = DIRECTION ( 'NONE',  ( 0.000000000000000000, 0.000000000000000000, -1.000000000000000000 ) ) ;
#5844 = VERTEX_POINT ( 'NONE', #2292 ) ;
#5845 = CARTESIAN_POINT ( 'NONE',  ( -94.87364774114004717, 122.5309159640421228, 107.2804998236556884 ) ) ;
#5846 = CARTESIAN_POINT ( 'NONE',  ( -70.79880142067115401, 115.0848186186537845, 132.4757519534104233 ) ) ;
#5847 = CARTESIAN_POINT ( 'NONE',  ( -88.77123346665156589, 105.3119079817578267, 115.5054217592787609 ) ) ;
#5848 = AXIS2_PLACEMENT_3D ( 'NONE', #4397, #7388, #4308 ) ;
#5849 = CARTESIAN_POINT ( 'NONE',  ( -85.79759289291081359, 64.86091648929864562, 86.34278613400407210 ) ) ;
#5850 = CARTESIAN_POINT ( 'NONE',  ( -70.78852960328462984, 141.5581117127231039, 70.92190020000548145 ) ) ;
#5851 = CARTESIAN_POINT ( 'NONE',  ( -82.52497896479997053, 76.03691414500676160, 157.5967673201430728 ) ) ;
#5852 = DIRECTION ( 'NONE',  ( 0.000000000000000000, 0.000000000000000000, -1.000000000000000000 ) ) ;
#5853 = EDGE_CURVE ( 'NONE', #3604, #4144, #1544, .T. ) ;
#5854 = ORIENTED_EDGE ( 'NONE', *, *, #92, .F. ) ;
#5855 = CARTESIAN_POINT ( 'NONE',  ( -90.75026622233666274, 86.74615149363239652, 116.5057407317065383 ) ) ;
#5856 = CARTESIAN_POINT ( 'NONE',  ( -88.24681846611247238, 105.0672283098411270, 132.2271591972826172 ) ) ;
#5857 = CARTESIAN_POINT ( 'NONE',  ( -89.33752185114454392, 155.4306082919673599, 94.66819151201379157 ) ) ;
#5858 = ORIENTED_EDGE ( 'NONE', *, *, #6877, .T. ) ;
#5859 = CARTESIAN_POINT ( 'NONE',  ( -72.06067437775442386, 113.4733627923248775, 95.90656627276132440 ) ) ;
#5860 = CARTESIAN_POINT ( 'NONE',  ( -78.78852960328462984, 65.53691345856380224, 93.24544049323419870 ) ) ;
#5861 = B_SPLINE_CURVE_WITH_KNOTS ( 'NONE', 3,
 ( #1916, #6429, #4330, #7321, #3398, #8027, #2715, #4954, #9434, #4142, #5047, #2667, #4227, #7943, #5693, #8723, #1257, #6338, #430, #5643, #8672, #3477, #1170, #9538, #8765, #5785, #2756, #5741, #2006, #7276, #6528, #524 ),
 .UNSPECIFIED., .F., .F.,
 ( 4, 2, 2, 2, 2, 2, 2, 2, 2, 2, 2, 2, 2, 2, 2, 4 ),
 ( 0.009630173527029856073, 0.01023173698566445106, 0.01083330044429904430, 0.01143486390293363929, 0.01203642736156823254, 0.01263799082020282752, 0.01323955427883742250, 0.01384111773747201575, 0.01444268119610661073, 0.01504424465474120398, 0.01564580811337579896, 0.01624737157201039395, 0.01684893503064498893, 0.01745049848927958391, 0.01805206194791417543, 0.01925518886518335845 ),
 .UNSPECIFIED. ) ;
#5862 = CARTESIAN_POINT ( 'NONE',  ( -79.76699863255325340, 76.84866216298847519, 161.2769898900720591 ) ) ;
#5863 = FACE_OUTER_BOUND ( 'NONE', #438, .T. ) ;
#5864 = ORIENTED_EDGE ( 'NONE', *, *, #4665, .F. ) ;
#5865 = CARTESIAN_POINT ( 'NONE',  ( -89.26108848303216803, 140.7831977741635114, 132.4620904010427296 ) ) ;
#5866 = CARTESIAN_POINT ( 'NONE',  ( -88.85704443486936555, 132.5309159640421228, 92.18901621958048054 ) ) ;
#5867 = CARTESIAN_POINT ( 'NONE',  ( -78.73239703418533963, 148.6291795245886078, 63.85083238814000595 ) ) ;
#5868 = CARTESIAN_POINT ( 'NONE',  ( -84.78852960328464405, 106.8293568147877721, 94.16542175927874325 ) ) ;
#5869 = CYLINDRICAL_SURFACE ( 'NONE', #188, 2.000000000000001776 ) ;
#5870 = CARTESIAN_POINT ( 'NONE',  ( -85.31118306665558748, 124.1728389578762943, 124.8708144661452479 ) ) ;
#5871 = PLANE ( 'NONE',  #9315 ) ;
#5872 = ORIENTED_EDGE ( 'NONE', *, *, #6272, .T. ) ;
#5873 = ORIENTED_EDGE ( 'NONE', *, *, #4947, .F. ) ;
#5874 = VERTEX_POINT ( 'NONE', #4814 ) ;
#5875 = CARTESIAN_POINT ( 'NONE',  ( -70.97009908537584977, 114.6797327882991908, 133.1157066658182089 ) ) ;
#5876 = CARTESIAN_POINT ( 'NONE',  ( -78.78852960328464405, 111.8688076255531314, 384.5904987380682769 ) ) ;
#5877 = CARTESIAN_POINT ( 'NONE',  ( -79.69974427843875731, 117.0582360942349851, 62.41558427586655711 ) ) ;
#5878 = VERTEX_POINT ( 'NONE', #1153 ) ;
#5879 = ADVANCED_FACE ( 'NONE', ( #8711 ), #3337, .T. ) ;
#5880 = CARTESIAN_POINT ( 'NONE',  ( -87.99740877946199191, 113.3119079817578267, 127.6315623232043350 ) ) ;
#5881 = CARTESIAN_POINT ( 'NONE',  ( -80.78852960328464405, 141.9419079817567138, 75.00574073170528777 ) ) ;
#5882 = CARTESIAN_POINT ( 'NONE',  ( -79.96736370806591765, 95.74569845278597313, 63.05015263573594808 ) ) ;
#5883 = LINE ( 'NONE', #1499, #1608 ) ;
#5884 = VERTEX_POINT ( 'NONE', #5481 ) ;
#5885 = ORIENTED_EDGE ( 'NONE', *, *, #8581, .F. ) ;
#5886 = CARTESIAN_POINT ( 'NONE',  ( -90.11350435275272730, 119.5323115233760376, 100.8958135766113031 ) ) ;
#5887 = CARTESIAN_POINT ( 'NONE',  ( -76.78852960328464405, 146.6081054074558381, 66.07239895812656982 ) ) ;
#5888 = CARTESIAN_POINT ( 'NONE',  ( -81.34221612319218764, 77.70763839960550001, 160.6476246366756300 ) ) ;
#5889 = CARTESIAN_POINT ( 'NONE',  ( -78.78852960328464405, 103.8119079817578410, 133.0054217592787609 ) ) ;
#5890 = CARTESIAN_POINT ( 'NONE',  ( -71.62334471597240793, 69.28116843250870716, 77.27902736722660393 ) ) ;
#5891 = DIRECTION ( 'NONE',  ( 1.000000000000000000, -0.000000000000000000, -0.000000000000000000 ) ) ;
#5892 = ORIENTED_EDGE ( 'NONE', *, *, #6861, .F. ) ;
#5893 = CARTESIAN_POINT ( 'NONE',  ( -78.78852960328464405, 152.7030110966421717, 94.30087124273210009 ) ) ;
#5894 = B_SPLINE_CURVE_WITH_KNOTS ( 'NONE', 3,
 ( #1485, #3710, #6746, #8949, #7459, #6699, #3849, #9139, #9200, #6302, #7054, #3960, #242, #6845, #6204, #84, #8449, #3111, #4739, #886, #6106, #2385, #7611, #8598, #6957, #9298, #8548, #1687, #2441, #294 ),
 .UNSPECIFIED., .F., .F.,
 ( 4, 2, 2, 2, 2, 2, 2, 2, 2, 2, 2, 2, 2, 2, 4 ),
 ( 0.07923369437160660000, 0.1249999999999996669, 0.1874999999999996669, 0.2187499999999996669, 0.2499999999999996669, 0.3750000000000004441, 0.4375000000000008882, 0.4687500000000010547, 0.5000000000000013323, 0.6250000000000017764, 0.6562500000000017764, 0.6875000000000015543, 0.7500000000000013323, 0.8750000000000006661, 0.9189448717951680390 ),
 .UNSPECIFIED. ) ;
#5895 = CARTESIAN_POINT ( 'NONE',  ( -72.86162915016457475, 74.23430616927745973, 152.2681882442930146 ) ) ;
#5896 = FACE_OUTER_BOUND ( 'NONE', #6403, .T. ) ;
#5897 = CARTESIAN_POINT ( 'NONE',  ( -81.56749780804163663, 77.74741637422738449, 66.92908288646735571 ) ) ;
#5898 = EDGE_CURVE ( 'NONE', #8070, #3936, #8762, .T. ) ;
#5899 = CARTESIAN_POINT ( 'NONE',  ( -86.78852960328464405, 86.94190798175786483, 113.5057407317052736 ) ) ;
#5900 = ORIENTED_EDGE ( 'NONE', *, *, #6207, .T. ) ;
#5901 = CARTESIAN_POINT ( 'NONE',  ( -90.78613862259878431, 84.03699372730338268, 112.7313691627750671 ) ) ;
#5902 = CARTESIAN_POINT ( 'NONE',  ( -78.78852960328464405, 64.39571115052355310, 129.8342342392633384 ) ) ;
#5903 = CARTESIAN_POINT ( 'NONE',  ( -89.33034205284977247, 153.4468140294157195, 132.1187119612552578 ) ) ;
#5904 = CARTESIAN_POINT ( 'NONE',  ( -89.18461766787618217, 126.2093942234440647, 132.9317332398908889 ) ) ;
#5905 = ORIENTED_EDGE ( 'NONE', *, *, #6332, .F. ) ;
#5906 = CARTESIAN_POINT ( 'NONE',  ( -72.28852960328462984, 113.5902588809344564, 95.64597394202652936 ) ) ;
#5907 = CARTESIAN_POINT ( 'NONE',  ( -90.75766368435182585, 88.27238640184086194, 110.8097248310858447 ) ) ;
#5908 = DIRECTION ( 'NONE',  ( 1.000000000000000000, -0.000000000000000000, -0.000000000000000000 ) ) ;
#5909 = EDGE_CURVE ( 'NONE', #8550, #414, #7260, .T. ) ;
#5910 = EDGE_CURVE ( 'NONE', #5942, #3895, #1230, .T. ) ;
#5911 = B_SPLINE_CURVE_WITH_KNOTS ( 'NONE', 3,
 ( #2489, #6249, #6153, #4100, #9198, #1788 ),
 .UNSPECIFIED., .F., .F.,
 ( 4, 2, 4 ),
 ( 0.000000000000000000, 0.01226621984852697446, 0.02453243969705399402 ),
 .UNSPECIFIED. ) ;
#5912 = DIRECTION ( 'NONE',  ( -0.000000000000000000, 1.000000000000000000, -0.000000000000000000 ) ) ;
#5913 = ORIENTED_EDGE ( 'NONE', *, *, #5244, .T. ) ;
#5914 = CARTESIAN_POINT ( 'NONE',  ( -79.85444898916222201, 131.7361623882148365, 62.78664595512642421 ) ) ;
#5915 = CARTESIAN_POINT ( 'NONE',  ( -72.28852960328462984, 114.0204415849168953, 134.2125265045658296 ) ) ;
#5916 = CARTESIAN_POINT ( 'NONE',  ( -70.89688300409669353, 114.6075655522359256, 97.02759713804573494 ) ) ;
#5917 = CARTESIAN_POINT ( 'NONE',  ( -90.40411836898937281, 104.4468056478177402, 103.9957575811528159 ) ) ;
#5918 = VERTEX_POINT ( 'NONE', #5991 ) ;
#5919 = ORIENTED_EDGE ( 'NONE', *, *, #6693, .T. ) ;
#5920 = CARTESIAN_POINT ( 'NONE',  ( -70.85405216718699251, 114.7606466814867048, 132.7032016775416139 ) ) ;
#5921 = ADVANCED_FACE ( 'NONE', ( #1557 ), #6824, .F. ) ;
#5922 = PLANE ( 'NONE',  #5478 ) ;
#5923 = CARTESIAN_POINT ( 'NONE',  ( -87.34892096260740857, 111.3508585424087016, 133.6085124050809441 ) ) ;
#5924 = CARTESIAN_POINT ( 'NONE',  ( -90.78852960328464405, 104.4468056478177402, 103.0725956219346386 ) ) ;
#5925 = DIRECTION ( 'NONE',  ( -1.000000000000000000, -0.000000000000000000, -0.000000000000000000 ) ) ;
#5926 = VERTEX_POINT ( 'NONE', #333 ) ;
#5927 = DIRECTION ( 'NONE',  ( 1.000000000000000000, 0.000000000000000000, 0.000000000000000000 ) ) ;
#5928 = CARTESIAN_POINT ( 'NONE',  ( -81.03880898409813938, 151.6583579391499939, 71.02214642643239983 ) ) ;
#5929 = DIRECTION ( 'NONE',  ( 1.000000000000000000, 0.000000000000000000, 0.000000000000000000 ) ) ;
#5930 = LINE ( 'NONE', #5096, #5957 ) ;
#5931 = CARTESIAN_POINT ( 'NONE',  ( -85.54233787100729103, 142.8807835307904952, 103.4804788411838388 ) ) ;
#5932 = CARTESIAN_POINT ( 'NONE',  ( -72.13515860609435038, 71.32007334188160996, 150.5801257057348153 ) ) ;
#5933 = ORIENTED_EDGE ( 'NONE', *, *, #6805, .F. ) ;
#5934 = CARTESIAN_POINT ( 'NONE',  ( -88.93377112054263023, 105.3119080452754446, 115.5026121011882339 ) ) ;
#5935 = ORIENTED_EDGE ( 'NONE', *, *, #8415, .T. ) ;
#5936 = CARTESIAN_POINT ( 'NONE',  ( -72.28852960328462984, 114.0204415849168953, 133.5125265045658125 ) ) ;
#5937 = CARTESIAN_POINT ( 'NONE',  ( -81.65902776917003791, 77.58391358190216636, 67.16110432922930329 ) ) ;
#5938 = CARTESIAN_POINT ( 'NONE',  ( -81.02315567371420002, 73.69861501552432514, 69.99920892156217178 ) ) ;
#5939 = CARTESIAN_POINT ( 'NONE',  ( -79.73275695102925908, 150.7775196076614463, 160.1063116300815636 ) ) ;
#5940 = AXIS2_PLACEMENT_3D ( 'NONE', #6554, #9651, #3610 ) ;
#5941 = CARTESIAN_POINT ( 'NONE',  ( -84.90156295756798954, 126.0560864525145064, 127.0030638755396950 ) ) ;
#5942 = VERTEX_POINT ( 'NONE', #4869 ) ;
#5943 = FILL_AREA_STYLE ('',( #577 ) ) ;
#5944 = CARTESIAN_POINT ( 'NONE',  ( -78.78852960328464405, 64.66347803448965692, 130.8309136237396331 ) ) ;
#5945 = CARTESIAN_POINT ( 'NONE',  ( -90.16750315304948060, 153.9426721113078713, 125.6286390119341121 ) ) ;
#5946 = CARTESIAN_POINT ( 'NONE',  ( -70.78852960328462984, 74.34427841265438985, 152.4464197340858505 ) ) ;
#5947 = EDGE_LOOP ( 'NONE', ( #7327, #6462, #1885, #232 ) ) ;
#5948 = CARTESIAN_POINT ( 'NONE',  ( -72.28852960328462984, 113.3386607112490339, 96.02251721265378137 ) ) ;
#5949 = CARTESIAN_POINT ( 'NONE',  ( -90.75077127397730692, 87.33655852036524436, 116.4861207286114393 ) ) ;
#5950 = DIRECTION ( 'NONE',  ( 0.000000000000000000, 0.000000000000000000, -1.000000000000000000 ) ) ;
#5951 = CIRCLE ( 'NONE', #121, 5.000000000000031974 ) ;
#5952 = CARTESIAN_POINT ( 'NONE',  ( -80.52830647906303341, 77.12896861620920674, 65.77903482034172100 ) ) ;
#5953 = CYLINDRICAL_SURFACE ( 'NONE', #9150, 1.599999999999990319 ) ;
#5954 = CARTESIAN_POINT ( 'NONE',  ( -87.72201687565561201, 66.75503261383255449, 86.64602390728286707 ) ) ;
#5955 = CARTESIAN_POINT ( 'NONE',  ( -70.78852960328462984, 78.55005808952117263, 68.26162717872138330 ) ) ;
#5956 = CARTESIAN_POINT ( 'NONE',  ( -90.78852960328464405, 111.8688076255531314, 384.5904987380682769 ) ) ;
#5957 = VECTOR ( 'NONE', #8971, 1000.000000000000000 ) ;
#5958 = CARTESIAN_POINT ( 'NONE',  ( -89.10800550757851113, 151.6583579391499654, 71.02214642643239983 ) ) ;
#5959 = EDGE_CURVE ( 'NONE', #7267, #7997, #9174, .T. ) ;
#5960 = PLANE ( 'NONE',  #6468 ) ;
#5961 = CARTESIAN_POINT ( 'NONE',  ( -85.81171211184086189, 122.7212123005830477, 121.3221680967748739 ) ) ;
#5962 = CARTESIAN_POINT ( 'NONE',  ( -78.78852960328464405, 111.8667509325086229, -157.5793358945792022 ) ) ;
#5963 = ORIENTED_EDGE ( 'NONE', *, *, #1265, .F. ) ;
#5964 = EDGE_CURVE ( 'NONE', #544, #7408, #6145, .T. ) ;
#5965 = ORIENTED_EDGE ( 'NONE', *, *, #2127, .F. ) ;
#5966 = CARTESIAN_POINT ( 'NONE',  ( -70.85821577244612968, 114.7224334889816504, 132.6433096326056784 ) ) ;
#5967 = CARTESIAN_POINT ( 'NONE',  ( -85.27967446415085817, 141.8678531706471517, 125.0510638254041282 ) ) ;
#5968 = EDGE_LOOP ( 'NONE', ( #792, #4128, #892, #3857 ) ) ;
#5969 = LINE ( 'NONE', #2335, #3926 ) ;
#5970 = EDGE_CURVE ( 'NONE', #7934, #8306, #5690, .T. ) ;
#5971 = CARTESIAN_POINT ( 'NONE',  ( -88.38863157432989226, 113.6684709953977119, 132.4818123963661378 ) ) ;
#5972 = CIRCLE ( 'NONE', #1095, 9.999999999999980460 ) ;
#5973 = B_SPLINE_CURVE_WITH_KNOTS ( 'NONE', 3,
 ( #2443, #9252, #1583, #4600 ),
 .UNSPECIFIED., .F., .F.,
 ( 4, 4 ),
 ( 0.000000000000000000, 1.000000000000000000 ),
 .UNSPECIFIED. ) ;
#5974 = CARTESIAN_POINT ( 'NONE',  ( -74.78852960328464405, 86.94190798175786483, 115.1057407317052821 ) ) ;
#5975 = B_SPLINE_CURVE_WITH_KNOTS ( 'NONE', 3,
 ( #2690, #4250, #5862, #8891, #3603, #6503, #2074, #6986, #224, #6690, #5549, #5208, #8297, #3427, #3524 ),
 .UNSPECIFIED., .F., .F.,
 ( 4, 2, 1, 2, 2, 2, 2, 4 ),
 ( 0.000000000000000000, 0.1249999999999822087, 0.1874999999999973632, 0.2187499999999870104, 0.2499999999999766298, 0.3749999999999617528, 0.4999999999999469313, 1.000000000000000000 ),
 .UNSPECIFIED. ) ;
#5976 = VERTEX_POINT ( 'NONE', #8669 ) ;
#5977 = VECTOR ( 'NONE', #4063, 1000.000000000000000 ) ;
#5978 = DIRECTION ( 'NONE',  ( 0.000000000000000000, 0.000000000000000000, -1.000000000000000000 ) ) ;
#5979 = CARTESIAN_POINT ( 'NONE',  ( -84.28536914686894477, 132.1996497256539556, 97.28050861423315609 ) ) ;
#5980 = LINE ( 'NONE', #4376, #9508 ) ;
#5981 = CARTESIAN_POINT ( 'NONE',  ( -73.28852960328462984, 107.3119079817578267, 134.5054217592787609 ) ) ;
#5982 = CARTESIAN_POINT ( 'NONE',  ( -89.61386850265999726, 144.0497079811005108, 96.87831796281037100 ) ) ;
#5983 = DIRECTION ( 'NONE',  ( 0.000000000000000000, 0.000000000000000000, -1.000000000000000000 ) ) ;
#5984 = CARTESIAN_POINT ( 'NONE',  ( -76.78852960328464405, 141.9419079817567138, 152.0057407317052878 ) ) ;
#5985 = CARTESIAN_POINT ( 'NONE',  ( -71.59704210174933792, 114.2288495031563116, 95.83213209127384857 ) ) ;
#5986 = ORIENTED_EDGE ( 'NONE', *, *, #7302, .F. ) ;
#5987 = CARTESIAN_POINT ( 'NONE',  ( -89.34474271116552302, 105.3662858601786780, 113.5459999633170298 ) ) ;
#5988 = ORIENTED_EDGE ( 'NONE', *, *, #6693, .F. ) ;
#5989 = CARTESIAN_POINT ( 'NONE',  ( -73.28852960328462984, 107.3119079817578267, 131.5054217592787609 ) ) ;
#5990 = CIRCLE ( 'NONE', #2249, 1.000000000000000888 ) ;
#5991 = CARTESIAN_POINT ( 'NONE',  ( -70.78852960328462984, 140.8723463296477121, 166.0654737538021948 ) ) ;
#5992 = VECTOR ( 'NONE', #4952, 1000.000000000000000 ) ;
#5993 = CARTESIAN_POINT ( 'NONE',  ( -81.04159165682573018, 73.66501785449689521, 156.9525342927790632 ) ) ;
#5994 = CARTESIAN_POINT ( 'NONE',  ( -79.89402927581248548, 93.22802404657443276, 164.1315493170211823 ) ) ;
#5995 = CARTESIAN_POINT ( 'NONE',  ( -90.78117274089846944, 84.24483622053455179, 112.1773720661561669 ) ) ;
#5996 = CARTESIAN_POINT ( 'NONE',  ( -94.87364774114004717, 133.6309159640421456, 129.3804998236556685 ) ) ;
#5997 = CARTESIAN_POINT ( 'NONE',  ( -70.78852960328462984, 62.45982050141635966, 108.5869404288169306 ) ) ;
#5998 = CYLINDRICAL_SURFACE ( 'NONE', #6420, 9.999999999999980460 ) ;
#5999 = CARTESIAN_POINT ( 'NONE',  ( -82.95605710817797274, 149.6546625754231172, 70.57964309325181773 ) ) ;
#6000 = ORIENTED_EDGE ( 'NONE', *, *, #3812, .F. ) ;
#6001 = CARTESIAN_POINT ( 'NONE',  ( -71.13041365201964084, 114.1331541923688064, 96.66909054150757186 ) ) ;
#6002 = EDGE_CURVE ( 'NONE', #9451, #5126, #417, .T. ) ;
#6003 = VECTOR ( 'NONE', #6103, 1000.000000000000000 ) ;
#6004 = CARTESIAN_POINT ( 'NONE',  ( -88.46142874785522281, 59.88926581251952541, 123.7641144033563450 ) ) ;
#6005 = CARTESIAN_POINT ( 'NONE',  ( -85.57003847167112554, 142.8581424554942885, 123.2351611306243910 ) ) ;
#6006 = VECTOR ( 'NONE', #638, 1000.000000000000000 ) ;
#6007 = AXIS2_PLACEMENT_3D ( 'NONE', #5686, #7315, #2750 ) ;
#6008 = FACE_OUTER_BOUND ( 'NONE', #8658, .T. ) ;
#6009 = CARTESIAN_POINT ( 'NONE',  ( -85.78093858252142923, 151.3420713871455234, 147.8727372062641905 ) ) ;
#6010 = CARTESIAN_POINT ( 'NONE',  ( -80.63771916714816257, 76.75204449511498694, 66.14994325613766080 ) ) ;
#6011 = LINE ( 'NONE', #6906, #3152 ) ;
#6012 = DIRECTION ( 'NONE',  ( 0.000000000000000000, 0.000000000000000000, 1.000000000000000000 ) ) ;
#6013 = CARTESIAN_POINT ( 'NONE',  ( -85.17514631914779955, 124.7221258504943648, 125.6275015902047159 ) ) ;
#6014 = LINE ( 'NONE', #739, #5327 ) ;
#6015 = ORIENTED_EDGE ( 'NONE', *, *, #2048, .T. ) ;
#6016 = CARTESIAN_POINT ( 'NONE',  ( -78.78852960328464405, 151.7324134854724207, 138.1213361732967257 ) ) ;
#6017 = CYLINDRICAL_SURFACE ( 'NONE', #7886, 9.999999999999994671 ) ;
#6018 = CIRCLE ( 'NONE', #4750, 1.000000000000000888 ) ;
#6019 = ADVANCED_FACE ( 'NONE', ( #4976 ), #8150, .T. ) ;
#6020 = DIRECTION ( 'NONE',  ( -1.000000000000000000, 0.000000000000000000, 0.000000000000000000 ) ) ;
#6021 = ORIENTED_EDGE ( 'NONE', *, *, #2329, .F. ) ;
#6022 = CARTESIAN_POINT ( 'NONE',  ( -84.33133665132693579, 130.6471127302420143, 97.45945024114875821 ) ) ;
#6023 = CARTESIAN_POINT ( 'NONE',  ( -87.03723819964706365, 113.3099959972430071, 133.5347597511551783 ) ) ;
#6024 = CARTESIAN_POINT ( 'NONE',  ( -80.25670287183352514, 82.48581560505608934, 163.2815913987753333 ) ) ;
#6025 = ORIENTED_EDGE ( 'NONE', *, *, #1086, .T. ) ;
#6026 = CARTESIAN_POINT ( 'NONE',  ( -89.04193589943511711, 127.2634313088042717, 93.23472151676459418 ) ) ;
#6027 = ADVANCED_FACE ( 'NONE', ( #2380 ), #1524, .F. ) ;
#6028 = DIRECTION ( 'NONE',  ( 0.000000000000000000, 0.000000000000000000, 1.000000000000000000 ) ) ;
#6029 = CARTESIAN_POINT ( 'NONE',  ( -71.43137704186288772, 68.51329773607015738, 148.3419931664700755 ) ) ;
#6030 = EDGE_CURVE ( 'NONE', #4934, #2460, #4893, .T. ) ;
#6031 = CARTESIAN_POINT ( 'NONE',  ( -82.22279135224704305, 151.1939365674276701, 156.3619277644086765 ) ) ;
#6032 = VERTEX_POINT ( 'NONE', #182 ) ;
#6033 = CARTESIAN_POINT ( 'NONE',  ( -78.78852960328464405, 97.00880636688192737, 64.92513930375204723 ) ) ;
#6034 = ORIENTED_EDGE ( 'NONE', *, *, #863, .F. ) ;
#6035 = VERTEX_POINT ( 'NONE', #1022 ) ;
#6036 = CARTESIAN_POINT ( 'NONE',  ( -88.79134854387389453, 59.26960685287224351, 109.3750562100146624 ) ) ;
#6037 = CARTESIAN_POINT ( 'NONE',  ( -90.76445601823380116, 85.10832223996297330, 111.1231479626856071 ) ) ;
#6038 = CARTESIAN_POINT ( 'NONE',  ( -70.78852960328462984, 67.52480705738848599, 87.83158352442025318 ) ) ;
#6039 = CARTESIAN_POINT ( 'NONE',  ( -78.73239703418533963, 148.6291795245886078, 63.85083238814000595 ) ) ;
#6040 = CARTESIAN_POINT ( 'NONE',  ( -89.42860594030594257, 123.8423701573216960, 131.3926004075343599 ) ) ;
#6041 = ORIENTED_EDGE ( 'NONE', *, *, #4777, .F. ) ;
#6042 = CARTESIAN_POINT ( 'NONE',  ( -70.93168480288956346, 114.5058055237392836, 96.96262115639729018 ) ) ;
#6043 = CARTESIAN_POINT ( 'NONE',  ( -70.78852960328462984, 83.02245940895092247, 65.35278865908517787 ) ) ;
#6044 = CARTESIAN_POINT ( 'NONE',  ( -54.78852960328462984, 1.941907981756710200, 82.00574073170528777 ) ) ;
#6045 = CARTESIAN_POINT ( 'NONE',  ( -87.92851958742095064, 66.38608014089169274, 87.56055118852219721 ) ) ;
#6046 = DIRECTION ( 'NONE',  ( 0.000000000000000000, 0.000000000000000000, 1.000000000000000000 ) ) ;
#6047 = CARTESIAN_POINT ( 'NONE',  ( -84.43266883660527355, 129.9397467142037783, 129.0445269355107030 ) ) ;
#6048 = CARTESIAN_POINT ( 'NONE',  ( -70.97586510934165460, 114.4048372781168439, 132.8201164810090802 ) ) ;
#6049 = DIRECTION ( 'NONE',  ( 0.000000000000000000, -0.000000000000000000, -1.000000000000000000 ) ) ;
#6050 = DIRECTION ( 'NONE',  ( -1.000000000000000000, 0.000000000000000000, -0.000000000000000000 ) ) ;
#6051 = CARTESIAN_POINT ( 'NONE',  ( -84.40081357013170305, 130.4993812733555671, 129.1720500690302345 ) ) ;
#6052 = DIRECTION ( 'NONE',  ( 0.000000000000000000, 0.000000000000000000, -1.000000000000000000 ) ) ;
#6053 = ORIENTED_EDGE ( 'NONE', *, *, #64, .F. ) ;
#6054 = CARTESIAN_POINT ( 'NONE',  ( -70.78852960328462984, 152.9298351875889921, 127.4901718588423734 ) ) ;
#6055 = ORIENTED_EDGE ( 'NONE', *, *, #9441, .F. ) ;
#6056 = DIRECTION ( 'NONE',  ( -1.000000000000000000, 0.000000000000000000, 0.000000000000000000 ) ) ;
#6057 = CARTESIAN_POINT ( 'NONE',  ( -84.06156704056256501, 73.29281919953312752, 73.71308219389253225 ) ) ;
#6058 = VERTEX_POINT ( 'NONE', #6195 ) ;
#6059 = CARTESIAN_POINT ( 'NONE',  ( -76.71856060573085756, 81.16622758638352764, 59.47388255255034295 ) ) ;
#6060 = FACE_BOUND ( 'NONE', #7056, .T. ) ;
#6061 = FACE_OUTER_BOUND ( 'NONE', #7779, .T. ) ;
#6062 = CARTESIAN_POINT ( 'NONE',  ( -78.78852960328464405, 135.3251101029211441, 95.58049982365568553 ) ) ;
#6063 = CARTESIAN_POINT ( 'NONE',  ( -79.75030086989369238, 76.29333393098811200, 160.7429965471979472 ) ) ;
#6064 = CARTESIAN_POINT ( 'NONE',  ( -88.77123346665158010, 113.3119079817578125, 115.5054217592783772 ) ) ;
#6065 = ORIENTED_EDGE ( 'NONE', *, *, #5833, .F. ) ;
#6066 = CARTESIAN_POINT ( 'NONE',  ( -69.74836691017675605, 62.27187482201208724, 112.6908280459202985 ) ) ;
#6067 = CARTESIAN_POINT ( 'NONE',  ( -89.30752512534024845, 124.3890890604080823, 94.83913881892213738 ) ) ;
#6068 = CARTESIAN_POINT ( 'NONE',  ( -70.78852960328462984, 151.6586802554030839, 155.9887145288563204 ) ) ;
#6069 = CARTESIAN_POINT ( 'NONE',  ( -81.16225468417476918, 76.54593486086851328, 65.90996829484681996 ) ) ;
#6070 = CARTESIAN_POINT ( 'NONE',  ( -90.62951458541260763, 118.2679121758610847, 119.6217600156973049 ) ) ;
#6071 = CARTESIAN_POINT ( 'NONE',  ( -78.78852960328464405, 140.8309159640421626, 126.0804998236556855 ) ) ;
#6072 = CARTESIAN_POINT ( 'NONE',  ( -86.78852960328464405, 86.94190798175786483, 113.5057407317052736 ) ) ;
#6073 = CARTESIAN_POINT ( 'NONE',  ( -89.89123096911991695, 145.6160784150247309, 98.97499221744550368 ) ) ;
#6074 = CARTESIAN_POINT ( 'NONE',  ( -82.74264155748464589, 150.5035659479628976, 156.4808480065827041 ) ) ;
#6075 = EDGE_CURVE ( 'NONE', #5786, #593, #2527, .T. ) ;
#6076 = CARTESIAN_POINT ( 'NONE',  ( -79.71204388143281960, 143.8594989326116149, 62.45841683728529148 ) ) ;
#6077 = CARTESIAN_POINT ( 'NONE',  ( -71.60444152329296230, 71.21275621524479504, 150.5298516408311968 ) ) ;
#6078 = EDGE_CURVE ( 'NONE', #7122, #6169, #7094, .T. ) ;
#6079 = ORIENTED_EDGE ( 'NONE', *, *, #4834, .F. ) ;
#6080 = ORIENTED_EDGE ( 'NONE', *, *, #4899, .F. ) ;
#6081 = CARTESIAN_POINT ( 'NONE',  ( -77.80874053379073985, 143.7602063362424758, 165.8705056301202205 ) ) ;
#6082 = CARTESIAN_POINT ( 'NONE',  ( -79.09871286176262117, 149.6174302444079274, 162.0784880514661381 ) ) ;
#6083 =( BOUNDED_SURFACE ( )  B_SPLINE_SURFACE ( 3, 2, ( 
 ( #2283, #2452, #8305 ),
 ( #4013, #2392, #4692 ),
 ( #3854, #7617, #2497 ),
 ( #8498, #3910, #3965 ),
 ( #5466, #140, #4745 ),
 ( #6852, #5369, #2333 ),
 ( #4549, #6799, #1533 ),
 ( #7010, #3230, #843 ),
 ( #7764, #5270, #1588 ),
 ( #9092, #5319, #3173 ),
 ( #989, #8417, #4651 ),
 ( #931, #7563, #8356 ) ),
 .UNSPECIFIED., .F., .F., .T. ) 
 B_SPLINE_SURFACE_WITH_KNOTS ( ( 4, 2, 2, 2, 2, 4 ),
 ( 3, 3 ),
 ( 0.02631121884507400116, 0.02803480807710205178, 0.02889660269311607882, 0.02975839730913010239, 0.03148198654115814954, 0.03320557577318620363 ),
 ( 0.000000000000000000, 1.000000000000000000 ),
 .UNSPECIFIED. ) 
 GEOMETRIC_REPRESENTATION_ITEM ( )  RATIONAL_B_SPLINE_SURFACE ( (
 ( 1.000000000000000000, 0.7973308024514549341, 1.000000000000000000),
 ( 1.000000000000000000, 0.7907892606883705211, 1.000000000000000000),
 ( 1.000000000000000000, 0.7837787120633878946, 1.000000000000000000),
 ( 1.000000000000000000, 0.7726461894867858726, 1.000000000000000000),
 ( 1.000000000000000000, 0.7688320726485818879, 1.000000000000000000),
 ( 1.000000000000000000, 0.7610030370480299622, 1.000000000000000000),
 ( 1.000000000000000000, 0.7569754438793088180, 1.000000000000000000),
 ( 1.000000000000000000, 0.7448534417861825130, 1.000000000000000000),
 ( 1.000000000000000000, 0.7366454350187834343, 1.000000000000000000),
 ( 1.000000000000000000, 0.7200377396049764123, 1.000000000000000000),
 ( 1.000000000000000000, 0.7115689846606848556, 1.000000000000000000),
 ( 1.000000000000000000, 0.7034126777666258601, 1.000000000000000000) ) ) 
 REPRESENTATION_ITEM ( '' )  SURFACE ( )  );
#6084 = DIRECTION ( 'NONE',  ( 1.000000000000000000, -0.000000000000000000, -0.000000000000000000 ) ) ;
#6085 = EDGE_CURVE ( 'NONE', #7408, #544, #4436, .T. ) ;
#6086 = CARTESIAN_POINT ( 'NONE',  ( -73.28852960328462984, 111.3119079817577983, 134.5054217592787609 ) ) ;
#6087 = EDGE_CURVE ( 'NONE', #2807, #1645, #3402, .T. ) ;
#6088 = DIRECTION ( 'NONE',  ( 1.000000000000000000, -0.000000000000000000, -0.000000000000000000 ) ) ;
#6089 = CARTESIAN_POINT ( 'NONE',  ( -71.64608252660563892, 69.37211967504161692, 77.11476065697914350 ) ) ;
#6090 = ORIENTED_EDGE ( 'NONE', *, *, #7608, .T. ) ;
#6091 = EDGE_CURVE ( 'NONE', #8431, #6373, #8196, .T. ) ;
#6092 = CARTESIAN_POINT ( 'NONE',  ( -70.91816862398862042, 114.5899624423940537, 96.82314313499638558 ) ) ;
#6093 = CARTESIAN_POINT ( 'NONE',  ( -90.77902191126133857, 89.54496207375441941, 115.0098455539321520 ) ) ;
#6094 = CARTESIAN_POINT ( 'NONE',  ( -89.61490531557383576, 122.1110440582114478, 96.88821809858309564 ) ) ;
#6095 = FACE_OUTER_BOUND ( 'NONE', #1203, .T. ) ;
#6096 = CLOSED_SHELL ( 'NONE', ( #9116, #679, #4306, #3471, #5076, #4220, #7860, #5384, #4636, #4113, #1416, #8964, #2097, #2066, #9191, #1311, #5268, #5479, #8700, #9065, #6380, #1908, #5921, #8310, #1087, #3815, #8343, #677, #1560, #5243, #7775, #6019, #8573, #1817, #9258, #6654, #1036, #5607, #5127, #6027, #6827, #5231, #610, #453, #28, #9522, #7690, #3859, #8429, #2783, #7462, #9004, #8115, #9665, #1176, #4655, #7681, #4282, #7139, #7872, #8537, #8093, #724, #1882, #8822, #901, #8952, #1251, #7062, #4526, #8460, #2258, #9630, #110, #2629, #3863, #8369, #4992, #5451, #4421, #6183, #4897, #4731, #7545, #4630, #6296, #7743, #8459, #1615, #4088, #5152, #5778, #8541, #6450, #2437, #8278, #8470, #4972, #3397, #4140, #966, #7162, #2735, #9247, #5820, #5393, #5175, #3624, #6379, #1179, #1978, #5726, #4485, #4051, #3550, #7180, #495, #6275, #6749, #5587, #5674, #7565, #3081, #2929, #2831, #786, #3707, #123, #7410, #9473, #4820, #3190, #6609, #113, #7910, #8413, #3214, #9506, #8291, #1642, #3745, #4948, #578, #9220, #733, #7968, #2112, #7051, #54, #8223, #8275, #3856, #5509, #7065, #4721, #19, #3332, #9333, #6873, #5789, #427, #5672, #7391, #8800, #2564, #464, #4847, #6864, #6334, #2887, #3030, #3911, #5879, #7733, #8168, #5660, #785, #3344, #4124, #4366, #1162, #6175, #3232, #7868, #3869, #1571, #381, #1285, #437, #6990, #2994, #6887, #6362, #3724, #2655, #2413, #7064 ) ) ;
#6097 = CARTESIAN_POINT ( 'NONE',  ( -81.78847779207968927, 77.35198889830095936, 159.5198231609905974 ) ) ;
#6098 = DIRECTION ( 'NONE',  ( 0.000000000000000000, -1.000000000000000000, -8.673617379884020681E-16 ) ) ;
#6099 = CARTESIAN_POINT ( 'NONE',  ( -89.01123988689025168, 137.3501413417964443, 133.9538475119086911 ) ) ;
#6100 = CARTESIAN_POINT ( 'NONE',  ( -90.78852960328464405, 76.17736283913947659, 160.5885394793328942 ) ) ;
#6101 = CARTESIAN_POINT ( 'NONE',  ( -83.83162783365042969, 139.6588851463822323, 73.04976697531898822 ) ) ;
#6102 = CARTESIAN_POINT ( 'NONE',  ( -70.78852960328462984, 86.78156815438114791, 71.25779513156508926 ) ) ;
#6103 = DIRECTION ( 'NONE',  ( 0.000000000000000000, -0.000000000000000000, -1.000000000000000000 ) ) ;
#6104 = CARTESIAN_POINT ( 'NONE',  ( -84.34824443612278344, 131.8821060573201294, 129.3804998236556401 ) ) ;
#6105 = VECTOR ( 'NONE', #7537, 1000.000000000000000 ) ;
#6106 = CARTESIAN_POINT ( 'NONE',  ( -74.78852960328464405, 63.90795309405092439, 127.8407411317695477 ) ) ;
#6107 = VERTEX_POINT ( 'NONE', #3436 ) ;
#6108 = CARTESIAN_POINT ( 'NONE',  ( -78.78852960328464405, 150.4395642644483360, 146.9488634284346062 ) ) ;
#6109 = ORIENTED_EDGE ( 'NONE', *, *, #1994, .F. ) ;
#6110 = DIRECTION ( 'NONE',  ( 1.000000000000000000, 0.000000000000000000, 0.000000000000000000 ) ) ;
#6111 = CARTESIAN_POINT ( 'NONE',  ( -74.78852960328464405, 69.28116841326392716, 77.27902731469615105 ) ) ;
#6112 = ORIENTED_EDGE ( 'NONE', *, *, #1211, .T. ) ;
#6113 = AXIS2_PLACEMENT_3D ( 'NONE', #807, #5929, #5978 ) ;
#6114 = CARTESIAN_POINT ( 'NONE',  ( -85.08662305570445028, 124.9022204883456908, 100.8146769201577655 ) ) ;
#6115 = EDGE_CURVE ( 'NONE', #3467, #8306, #8322, .T. ) ;
#6116 = B_SPLINE_CURVE_WITH_KNOTS ( 'NONE', 3,
 ( #7476, #2054, #3581, #1354, #9721, #5985, #4430, #2253, #2205, #5189, #8279, #3248, #3197, #1661, #9061, #6179, #6931, #866, #1761, #7584 ),
 .UNSPECIFIED., .F., .F.,
 ( 4, 2, 2, 2, 2, 2, 2, 2, 2, 4 ),
 ( 0.000000000000000000, 0.1250000000000000000, 0.2500000000000000000, 0.3750000000000000000, 0.5000000000000000000, 0.6250000000000000000, 0.7500000000000000000, 0.8750000000000000000, 0.9375000000000000000, 1.000000000000000000 ),
 .UNSPECIFIED. ) ;
#6117 = CARTESIAN_POINT ( 'NONE',  ( -84.71273428314944454, 138.9264632306289684, 127.8648580864423820 ) ) ;
#6118 = DIRECTION ( 'NONE',  ( 1.000000000000000000, 0.000000000000000000, 0.000000000000000000 ) ) ;
#6119 = DIRECTION ( 'NONE',  ( 1.000000000000000000, -0.000000000000000000, -0.000000000000000000 ) ) ;
#6120 = AXIS2_PLACEMENT_3D ( 'NONE', #412, #458, #2645 ) ;
#6121 = ORIENTED_EDGE ( 'NONE', *, *, #5294, .T. ) ;
#6122 = DIRECTION ( 'NONE',  ( 0.000000000000000000, 0.000000000000000000, -1.000000000000000000 ) ) ;
#6123 = LINE ( 'NONE', #2463, #6606 ) ;
#6124 = CARTESIAN_POINT ( 'NONE',  ( -90.77093277354374834, 115.3119079817578125, 111.4708323586715153 ) ) ;
#6125 = CARTESIAN_POINT ( 'NONE',  ( -76.78852960328464405, 127.1685802874970079, 162.1159677092494462 ) ) ;
#6126 = VECTOR ( 'NONE', #9632, 1000.000000000000000 ) ;
#6127 = FACE_BOUND ( 'NONE', #6214, .T. ) ;
#6128 = CARTESIAN_POINT ( 'NONE',  ( -70.78852960328462984, 127.1682114851169985, 64.89507905005437749 ) ) ;
#6129 = ORIENTED_EDGE ( 'NONE', *, *, #7188, .F. ) ;
#6130 = CARTESIAN_POINT ( 'NONE',  ( -84.41817796204394142, 136.8390164369965873, 97.80337423443948808 ) ) ;
#6131 = ORIENTED_EDGE ( 'NONE', *, *, #7127, .F. ) ;
#6132 = VERTEX_POINT ( 'NONE', #5147 ) ;
#6133 = CARTESIAN_POINT ( 'NONE',  ( -78.22442198682460912, 82.29532839660811305, 164.7517660165013922 ) ) ;
#6134 = VECTOR ( 'NONE', #9621, 1000.000000000000000 ) ;
#6135 = ADVANCED_FACE ( 'NONE', ( #2210 ), #4434, .T. ) ;
#6136 = CARTESIAN_POINT ( 'NONE',  ( -78.77413944211865271, 148.7298017148081897, 163.0598045620218386 ) ) ;
#6137 = CIRCLE ( 'NONE', #5187, 2.000000000000015543 ) ;
#6138 = CARTESIAN_POINT ( 'NONE',  ( -80.98827202448570972, 151.6583579391499654, 71.02214642643239983 ) ) ;
#6139 = EDGE_CURVE ( 'NONE', #7134, #2355, #44, .T. ) ;
#6140 = CARTESIAN_POINT ( 'NONE',  ( -81.14453398559965080, 151.6586762234084915, 155.9887329404873526 ) ) ;
#6141 = CARTESIAN_POINT ( 'NONE',  ( -83.38852960328463837, 137.3251101029211441, 95.58049982365568553 ) ) ;
#6142 = CARTESIAN_POINT ( 'NONE',  ( -79.80032527293960243, 76.22305952983104760, 66.36702940602660306 ) ) ;
#6143 = ORIENTED_EDGE ( 'NONE', *, *, #3511, .T. ) ;
#6144 = CARTESIAN_POINT ( 'NONE',  ( -71.24170039134729393, 114.0375524932264852, 96.39077360107697245 ) ) ;
#6145 = CIRCLE ( 'NONE', #4597, 1.600000000000004086 ) ;
#6146 = CARTESIAN_POINT ( 'NONE',  ( -81.73981550994706424, 77.43887712286685598, 159.6440552216907065 ) ) ;
#6147 = EDGE_CURVE ( 'NONE', #1414, #3120, #8699, .T. ) ;
#6148 = FACE_OUTER_BOUND ( 'NONE', #5181, .T. ) ;
#6149 = DIRECTION ( 'NONE',  ( -0.000000000000000000, -0.000000000000000000, -1.000000000000000000 ) ) ;
#6150 = CARTESIAN_POINT ( 'NONE',  ( -89.36317292139972324, 153.4662641952930926, 131.9074113677977493 ) ) ;
#6151 = FACE_OUTER_BOUND ( 'NONE', #944, .T. ) ;
#6152 = AXIS2_PLACEMENT_3D ( 'NONE', #924, #7756, #7102 ) ;
#6153 = CARTESIAN_POINT ( 'NONE',  ( -90.69867298909616693, 115.3119079817578267, 119.6513268071111611 ) ) ;
#6154 = CARTESIAN_POINT ( 'NONE',  ( -84.84767422209513654, 126.3660928798609149, 127.2558891715274427 ) ) ;
#6155 = AXIS2_PLACEMENT_3D ( 'NONE', #7076, #1604, #6865 ) ;
#6156 = CARTESIAN_POINT ( 'NONE',  ( -90.78852960328462984, 69.37240904013097520, 149.8967431327918121 ) ) ;
#6157 = EDGE_LOOP ( 'NONE', ( #3320, #8453, #3852, #3665, #1855, #9326, #7146, #2107 ) ) ;
#6158 = CARTESIAN_POINT ( 'NONE',  ( -85.98964452594337615, 143.6309159640421456, 119.3804998236557111 ) ) ;
#6159 = ORIENTED_EDGE ( 'NONE', *, *, #1358, .T. ) ;
#6160 = CARTESIAN_POINT ( 'NONE',  ( -94.87364774114004717, 133.6309159640421456, 107.2804998236556884 ) ) ;
#6161 = CIRCLE ( 'NONE', #180, 1.000000000000000888 ) ;
#6162 = ORIENTED_EDGE ( 'NONE', *, *, #6423, .F. ) ;
#6163 = VECTOR ( 'NONE', #7452, 1000.000000000000000 ) ;
#6164 = CARTESIAN_POINT ( 'NONE',  ( -84.59490212061652414, 127.6840876005115888, 98.53206812579956875 ) ) ;
#6165 = CARTESIAN_POINT ( 'NONE',  ( -72.28852960328462984, 113.3119079817578125, 96.20574073170529061 ) ) ;
#6166 = CARTESIAN_POINT ( 'NONE',  ( -84.44782636482874238, 137.1621650180841812, 97.92328222387247649 ) ) ;
#6167 = CARTESIAN_POINT ( 'NONE',  ( -78.78852960328464405, 148.6523643092004647, 155.6914970079084526 ) ) ;
#6168 = DIRECTION ( 'NONE',  ( 0.000000000000000000, 0.000000000000000000, 1.000000000000000000 ) ) ;
#6169 = VERTEX_POINT ( 'NONE', #2358 ) ;
#6170 = CARTESIAN_POINT ( 'NONE',  ( -69.74836691017675605, 73.48687166150119765, 151.0528880909920133 ) ) ;
#6171 = DIRECTION ( 'NONE',  ( 0.000000000000000000, 0.000000000000000000, -1.000000000000000000 ) ) ;
#6172 = CARTESIAN_POINT ( 'NONE',  ( -90.36546048897857020, 118.7572637797310335, 123.4846964620273440 ) ) ;
#6173 = CARTESIAN_POINT ( 'NONE',  ( -81.11173498062079545, 76.63477124420597875, 65.78531605994756148 ) ) ;
#6174 = CARTESIAN_POINT ( 'NONE',  ( -70.78852960328462984, 148.6295562489418387, 163.1600515490035264 ) ) ;
#6175 = ADVANCED_FACE ( 'NONE', ( #3141 ), #5442, .F. ) ;
#6176 = ORIENTED_EDGE ( 'NONE', *, *, #4632, .F. ) ;
#6177 = LINE ( 'NONE', #4854, #9776 ) ;
#6178 = CARTESIAN_POINT ( 'NONE',  ( -84.48506140903961636, 137.5372523560710363, 98.07501761773806948 ) ) ;
#6179 = CARTESIAN_POINT ( 'NONE',  ( -70.80666788941758227, 115.0820669418587556, 97.16837114676775400 ) ) ;
#6180 = EDGE_LOOP ( 'NONE', ( #397, #3408 ) ) ;
#6181 = EDGE_LOOP ( 'NONE', ( #5986, #2659, #6209, #1284 ) ) ;
#6182 = CARTESIAN_POINT ( 'NONE',  ( -90.62951458541260763, 147.8939197522231837, 119.6217600156973475 ) ) ;
#6183 = ADVANCED_FACE ( 'NONE', ( #9483 ), #8015, .T. ) ;
#6184 = CARTESIAN_POINT ( 'NONE',  ( -81.91155273662748471, 77.13223424379431492, 159.2039495202142518 ) ) ;
#6185 = DIRECTION ( 'NONE',  ( 1.000000000000000000, -0.000000000000000000, -0.000000000000000000 ) ) ;
#6186 = CARTESIAN_POINT ( 'NONE',  ( -70.78852960328462984, 86.78188868465922212, 155.7535580371800279 ) ) ;
#6187 = CARTESIAN_POINT ( 'NONE',  ( -79.73273521375324435, 150.7771662464587337, 66.90455644303995086 ) ) ;
#6188 = FACE_OUTER_BOUND ( 'NONE', #3533, .T. ) ;
#6189 = DIRECTION ( 'NONE',  ( -1.000000000000000000, -0.000000000000000000, -0.000000000000000000 ) ) ;
#6190 = DIRECTION ( 'NONE',  ( 1.000000000000000000, -0.000000000000000000, -0.000000000000000000 ) ) ;
#6191 = CARTESIAN_POINT ( 'NONE',  ( -79.88274704188910391, 76.31191452084857474, 66.26387016334476243 ) ) ;
#6192 = CARTESIAN_POINT ( 'NONE',  ( -79.81656351470600441, 90.56856567246272505, 164.3115289266804382 ) ) ;
#6193 = ORIENTED_EDGE ( 'NONE', *, *, #6937, .F. ) ;
#6194 = CARTESIAN_POINT ( 'NONE',  ( -71.31363599671048803, 113.9581970441601158, 96.32216116569998121 ) ) ;
#6195 = CARTESIAN_POINT ( 'NONE',  ( -78.78852960328464405, 97.00917494206585445, 162.0861362718193561 ) ) ;
#6196 = CARTESIAN_POINT ( 'NONE',  ( -82.29218093211346741, 104.4729494785148773, 91.98158158162311793 ) ) ;
#6197 = CARTESIAN_POINT ( 'NONE',  ( -80.22020919557668606, 80.15499051059110514, 63.62190612153582947 ) ) ;
#6198 = CARTESIAN_POINT ( 'NONE',  ( -83.38852960328463837, 132.5309159640421228, 97.28049982365567416 ) ) ;
#6199 = DIRECTION ( 'NONE',  ( 0.000000000000000000, 0.000000000000000000, -1.000000000000000000 ) ) ;
#6200 = CARTESIAN_POINT ( 'NONE',  ( -79.99285580253427952, 127.0999714414794113, 163.9012391044448975 ) ) ;
#6201 = DIRECTION ( 'NONE',  ( 1.000000000000000000, -0.000000000000000000, -0.000000000000000000 ) ) ;
#6202 = CARTESIAN_POINT ( 'NONE',  ( -84.75336705644707536, 126.9586934608832820, 127.6841384387148395 ) ) ;
#6203 = B_SPLINE_CURVE_WITH_KNOTS ( 'NONE', 3,
 ( #8135, #628, #6728, #7484, #5994, #4288, #2307 ),
 .UNSPECIFIED., .F., .F.,
 ( 4, 3, 4 ),
 ( 0.000000000000000000, 0.004000000011837705378, 0.009787308076625190340 ),
 .UNSPECIFIED. ) ;
#6204 = CARTESIAN_POINT ( 'NONE',  ( -74.78852960328464405, 62.38728191801577339, 109.6173483854554291 ) ) ;
#6205 = ORIENTED_EDGE ( 'NONE', *, *, #1054, .T. ) ;
#6206 = CARTESIAN_POINT ( 'NONE',  ( -77.92525950996399331, 85.13169679476182239, 61.39200067922072890 ) ) ;
#6207 = EDGE_CURVE ( 'NONE', #825, #8571, #4419, .T. ) ;
#6208 = EDGE_CURVE ( 'NONE', #3895, #890, #3681, .T. ) ;
#6209 = ORIENTED_EDGE ( 'NONE', *, *, #5113, .T. ) ;
#6210 = DIRECTION ( 'NONE',  ( 0.000000000000000000, 1.000000000000000000, -8.673617379884020681E-16 ) ) ;
#6211 = EDGE_CURVE ( 'NONE', #7762, #4144, #3028, .T. ) ;
#6212 = CARTESIAN_POINT ( 'NONE',  ( -78.32559953598938307, 83.14238819421873927, 167.6763391610482188 ) ) ;
#6213 = CARTESIAN_POINT ( 'NONE',  ( -80.57856077724585475, 147.2149659622154161, 64.49583893428874148 ) ) ;
#6214 = EDGE_LOOP ( 'NONE', ( #6531, #9276 ) ) ;
#6215 = CARTESIAN_POINT ( 'NONE',  ( -85.69169995312068977, 122.9044297062109052, 104.5680142046393115 ) ) ;
#6216 = CARTESIAN_POINT ( 'NONE',  ( -84.50857875309063161, 137.7692193152944071, 98.17109625276272311 ) ) ;
#6217 = SPHERICAL_SURFACE ( 'NONE', #2805, 2.000000000000000000 ) ;
#6218 = CARTESIAN_POINT ( 'NONE',  ( -79.68159659981918708, 76.19093308735916992, 160.6078744159141536 ) ) ;
#6219 = CARTESIAN_POINT ( 'NONE',  ( -83.38852960328463837, 135.3251101029211441, 95.58049982365568553 ) ) ;
#6220 = CARTESIAN_POINT ( 'NONE',  ( -90.77490458016009711, 103.7634762537027768, 111.7004525605443064 ) ) ;
#6221 = ORIENTED_EDGE ( 'NONE', *, *, #2861, .F. ) ;
#6222 = CARTESIAN_POINT ( 'NONE',  ( -87.37848393418833837, 113.3119079817578267, 131.5640869372336397 ) ) ;
#6223 = DIRECTION ( 'NONE',  ( 1.000000000000000000, -0.000000000000000000, -0.000000000000000000 ) ) ;
#6224 = CARTESIAN_POINT ( 'NONE',  ( -72.28852960328462984, 113.6679082986572524, 134.1241769764137359 ) ) ;
#6225 = CARTESIAN_POINT ( 'NONE',  ( -85.09135412450416425, 141.0666705512167596, 126.0675191600401064 ) ) ;
#6226 = CARTESIAN_POINT ( 'NONE',  ( -74.78852960328464405, 63.04341885432508974, 103.4951934469169004 ) ) ;
#6227 = DIRECTION ( 'NONE',  ( 1.000000000000000000, 0.000000000000000000, -0.000000000000000000 ) ) ;
#6228 = CARTESIAN_POINT ( 'NONE',  ( -87.89708758402765909, 155.7679282595781842, 128.0413649153524602 ) ) ;
#6229 = DIRECTION ( 'NONE',  ( 1.000000000000000000, 0.000000000000000000, 0.000000000000000000 ) ) ;
#6230 = ORIENTED_EDGE ( 'NONE', *, *, #3096, .F. ) ;
#6231 = CARTESIAN_POINT ( 'NONE',  ( -84.35664684997323093, 135.9754171335384569, 97.55888280072657892 ) ) ;
#6232 = ORIENTED_EDGE ( 'NONE', *, *, #1665, .F. ) ;
#6233 = ORIENTED_EDGE ( 'NONE', *, *, #1067, .F. ) ;
#6234 = CARTESIAN_POINT ( 'NONE',  ( -74.78852960328464405, 73.44972016382351399, 76.01843847451294778 ) ) ;
#6235 = CARTESIAN_POINT ( 'NONE',  ( -84.83101089454997634, 71.91840816860805319, 150.9475879726143717 ) ) ;
#6236 = CARTESIAN_POINT ( 'NONE',  ( -76.78852960328464405, 141.0777968074843045, 63.93839838559994604 ) ) ;
#6237 = CARTESIAN_POINT ( 'NONE',  ( -80.59857788389656719, 151.5927916708582472, 69.70738154971171241 ) ) ;
#6238 = DIRECTION ( 'NONE',  ( 1.000000000000000000, -0.000000000000000000, -0.000000000000000000 ) ) ;
#6239 = EDGE_CURVE ( 'NONE', #431, #2075, #6956, .T. ) ;
#6240 = CARTESIAN_POINT ( 'NONE',  ( -79.71092548096390829, 76.17707028864604979, 66.42281450377369367 ) ) ;
#6241 = VERTEX_POINT ( 'NONE', #2411 ) ;
#6242 = CARTESIAN_POINT ( 'NONE',  ( -70.80495267519829383, 115.0419799643928229, 97.19273029263777630 ) ) ;
#6243 = SHAPE_DEFINITION_REPRESENTATION ( #7513, #1156 ) ;
#6244 = CARTESIAN_POINT ( 'NONE',  ( -74.78852960328464405, 141.9419079817567138, 152.0057407317052878 ) ) ;
#6245 = B_SPLINE_SURFACE_WITH_KNOTS ( 'NONE', 3, 1, ( 
 ( #4010, #7614 ),
 ( #5462, #2388 ),
 ( #5266, #4647 ),
 ( #9088, #6054 ),
 ( #8304, #5415 ),
 ( #6016, #7004 ),
 ( #7715, #6959 ),
 ( #6108, #8452 ),
 ( #985, #8496 ),
 ( #1735, #4742 ) ),
 .UNSPECIFIED., .F., .F., .F.,
 ( 4, 1, 2, 2, 1, 4 ),
 ( 2, 2 ),
 ( 0.000000000000000000, 0.4999999999999986677, 0.7499999999999980016, 0.8124999999999984457, 0.8749999999999990008, 1.000000000000000000 ),
 ( 0.000000000000000000, 1.000000000000000000 ),
 .UNSPECIFIED. ) ;
#6246 = CARTESIAN_POINT ( 'NONE',  ( -85.23386383312491432, 124.3010388993838546, 101.5975680595152539 ) ) ;
#6247 = ORIENTED_EDGE ( 'NONE', *, *, #183, .F. ) ;
#6248 = DIRECTION ( 'NONE',  ( 0.000000000000000000, 0.000000000000000000, -1.000000000000000000 ) ) ;
#6249 = CARTESIAN_POINT ( 'NONE',  ( -90.84173887828175964, 115.3119079817578267, 115.5643126396000469 ) ) ;
#6250 = DIRECTION ( 'NONE',  ( 1.000000000000000000, 0.000000000000000000, 0.000000000000000000 ) ) ;
#6251 = DIRECTION ( 'NONE',  ( 0.000000000000000000, 6.938893903907227392E-16, 1.000000000000000000 ) ) ;
#6252 = ORIENTED_EDGE ( 'NONE', *, *, #976, .F. ) ;
#6253 = CARTESIAN_POINT ( 'NONE',  ( -78.73241471658556634, 148.6295562489418671, 163.1600515490035264 ) ) ;
#6254 = VERTEX_POINT ( 'NONE', #3927 ) ;
#6255 = CARTESIAN_POINT ( 'NONE',  ( -71.27659288140591798, 67.89416109424274737, 140.2272998626594074 ) ) ;
#6256 = DIRECTION ( 'NONE',  ( 1.000000000000000000, -0.000000000000000000, -0.000000000000000000 ) ) ;
#6257 = CARTESIAN_POINT ( 'NONE',  ( -85.29042589242926908, 141.9094869875825111, 124.9899444903822285 ) ) ;
#6258 = ORIENTED_EDGE ( 'NONE', *, *, #3894, .T. ) ;
#6259 = EDGE_CURVE ( 'NONE', #2069, #3386, #1838, .T. ) ;
#6260 = CIRCLE ( 'NONE', #7525, 2.000000000000001776 ) ;
#6261 = CARTESIAN_POINT ( 'NONE',  ( -85.58141999258431554, 142.9907798580362623, 103.7451711574758519 ) ) ;
#6262 = CARTESIAN_POINT ( 'NONE',  ( -83.18975532240013138, 113.0038233461469588, 92.24856066520980846 ) ) ;
#6263 = CARTESIAN_POINT ( 'NONE',  ( -77.87736059424891266, 144.4348457374327666, 61.33779907176835167 ) ) ;
#6264 = CARTESIAN_POINT ( 'NONE',  ( -70.78852960328462984, 79.92790140000782628, 69.46833313838935453 ) ) ;
#6265 = CARTESIAN_POINT ( 'NONE',  ( -90.13289406116145130, 106.2665598449898425, 112.9765830298549503 ) ) ;
#6266 = DIRECTION ( 'NONE',  ( 0.000000000000000000, 0.000000000000000000, -1.000000000000000000 ) ) ;
#6267 = VERTEX_POINT ( 'NONE', #4984 ) ;
#6268 = CARTESIAN_POINT ( 'NONE',  ( -74.78852960328464405, 69.28116841326392716, 77.27902731469615105 ) ) ;
#6269 = AXIS2_PLACEMENT_3D ( 'NONE', #8670, #7839, #5492 ) ;
#6270 = DIRECTION ( 'NONE',  ( 0.000000000000000000, 0.000000000000000000, -1.000000000000000000 ) ) ;
#6271 = CARTESIAN_POINT ( 'NONE',  ( -78.16733976996266620, 97.20868902919958998, 61.93180555668924825 ) ) ;
#6272 = EDGE_CURVE ( 'NONE', #6822, #6618, #1852, .T. ) ;
#6273 = CARTESIAN_POINT ( 'NONE',  ( -82.74261779273230388, 150.5032432086470919, 70.53002153643373617 ) ) ;
#6274 = LINE ( 'NONE', #8516, #3133 ) ;
#6275 = ADVANCED_FACE ( 'NONE', ( #2141 ), #1312, .T. ) ;
#6276 = AXIS2_PLACEMENT_3D ( 'NONE', #1406, #6765, #6866 ) ;
#6277 = ORIENTED_EDGE ( 'NONE', *, *, #183, .T. ) ;
#6278 = CYLINDRICAL_SURFACE ( 'NONE', #660, 2.000000000000001776 ) ;
#6279 = VERTEX_POINT ( 'NONE', #342 ) ;
#6280 = ORIENTED_EDGE ( 'NONE', *, *, #6892, .T. ) ;
#6281 = CARTESIAN_POINT ( 'NONE',  ( -77.38526537915335268, 80.09479668345340997, 60.96617650641068309 ) ) ;
#6282 = CARTESIAN_POINT ( 'NONE',  ( -83.44968308614114960, 69.21685066182743640, 77.39530150327877323 ) ) ;
#6283 = B_SPLINE_CURVE_WITH_KNOTS ( 'NONE', 3,
 ( #363, #8002, #1236, #503, #6511, #9369, #9560, #2779, #1801, #1039, #4058, #307, #3322, #2599, #5578, #8610, #7396, #6655, #4505, #2079, #8255, #549, #7506, #3752, #3553, #649, #9744, #3018, #1438, #5916, #4354, #5079, #4460, #2933, #1382 ),
 .UNSPECIFIED., .F., .F.,
 ( 4, 2, 2, 2, 2, 2, 2, 1, 1, 2, 2, 2, 2, 1, 1, 1, 2, 2, 2, 4 ),
 ( 0.000000000000000000, 0.1250000000000628664, 0.1875000000000905109, 0.2187500000001065259, 0.2500000000001225131, 0.3750000000002011724, 0.4375000000002453593, 0.4687500000002721157, 0.4843750000002854383, 0.4921875000002866041, 0.5000000000002877698, 0.6250000000002221556, 0.6875000000001830758, 0.7187500000001668665, 0.7343750000001537659, 0.7421875000001403322, 0.7460937500001286748, 0.7500000000001169065, 0.8750000000000585088, 1.000000000000000000 ),
 .UNSPECIFIED. ) ;
#6284 = CARTESIAN_POINT ( 'NONE',  ( -85.48524216169072076, 123.5596988594960237, 123.8103252927229931 ) ) ;
#6285 = DIRECTION ( 'NONE',  ( 0.000000000000000000, 0.000000000000000000, -1.000000000000000000 ) ) ;
#6286 = CARTESIAN_POINT ( 'NONE',  ( -78.78852960328464405, 140.8309159640421910, 100.5804998236556855 ) ) ;
#6287 = DIRECTION ( 'NONE',  ( 0.000000000000000000, -1.000000000000000000, 0.000000000000000000 ) ) ;
#6288 = VECTOR ( 'NONE', #7106, 1000.000000000000000 ) ;
#6289 = CARTESIAN_POINT ( 'NONE',  ( -85.43165348135286763, 141.9419079817808438, 78.00574073170533040 ) ) ;
#6290 = ORIENTED_EDGE ( 'NONE', *, *, #850, .F. ) ;
#6291 = CARTESIAN_POINT ( 'NONE',  ( -70.85345736643466807, 114.7763156156767224, 96.99617741597830900 ) ) ;
#6292 = CARTESIAN_POINT ( 'NONE',  ( -70.78852960328462984, 151.2440370947211079, 141.6572865280419080 ) ) ;
#6293 = CARTESIAN_POINT ( 'NONE',  ( -78.41501825023497929, 81.41141280376653810, 62.82207159945095754 ) ) ;
#6294 = CARTESIAN_POINT ( 'NONE',  ( -88.15385207440175463, 106.5317066703007782, 134.1279647866662117 ) ) ;
#6295 = VECTOR ( 'NONE', #1409, 1000.000000000000000 ) ;
#6296 = ADVANCED_FACE ( 'NONE', ( #2578 ), #1120, .F. ) ;
#6297 = EDGE_LOOP ( 'NONE', ( #2154, #3140, #2030, #41, #267 ) ) ;
#6298 = CARTESIAN_POINT ( 'NONE',  ( -81.40842748030054565, 151.8192741790195441, 155.2498754403409293 ) ) ;
#6299 = CARTESIAN_POINT ( 'NONE',  ( -87.78852960328462984, 107.6293568147877551, 101.5041018525514289 ) ) ;
#6300 = DIRECTION ( 'NONE',  ( 0.000000000000000000, 0.000000000000000000, -1.000000000000000000 ) ) ;
#6301 = DIRECTION ( 'NONE',  ( 0.000000000000000000, 0.000000000000000000, -1.000000000000000000 ) ) ;
#6302 = CARTESIAN_POINT ( 'NONE',  ( -74.78852960328464405, 65.32649124733219992, 93.58143042945904710 ) ) ;
#6303 = ORIENTED_EDGE ( 'NONE', *, *, #6502, .F. ) ;
#6304 = CARTESIAN_POINT ( 'NONE',  ( -88.78852960328462984, 111.1293568147877693, 102.5041018525514289 ) ) ;
#6305 = EDGE_LOOP ( 'NONE', ( #6635, #9806, #958, #2009 ) ) ;
#6306 = CARTESIAN_POINT ( 'NONE',  ( -79.10234142671879454, 81.89485638363069597, 165.9387978824819641 ) ) ;
#6307 = DIRECTION ( 'NONE',  ( -1.000000000000000000, -0.000000000000000000, -0.000000000000000000 ) ) ;
#6308 = PLANE ( 'NONE',  #6924 ) ;
#6309 = ORIENTED_EDGE ( 'NONE', *, *, #6751, .T. ) ;
#6310 = AXIS2_PLACEMENT_3D ( 'NONE', #7195, #1225, #3538 ) ;
#6311 = CIRCLE ( 'NONE', #2871, 2.000000000000001776 ) ;
#6312 = CARTESIAN_POINT ( 'NONE',  ( -77.88642852730015420, 87.44784369544065328, 61.28001597468928452 ) ) ;
#6313 = CARTESIAN_POINT ( 'NONE',  ( -84.35112117352751682, 135.9049975113341873, 97.53703452681575925 ) ) ;
#6314 = CARTESIAN_POINT ( 'NONE',  ( -70.98435467509472119, 114.7046945617267255, 133.1410697510932266 ) ) ;
#6315 = CARTESIAN_POINT ( 'NONE',  ( -72.28852960328462984, 104.3119079817578267, 115.5054217592787325 ) ) ;
#6316 = ORIENTED_EDGE ( 'NONE', *, *, #1397, .T. ) ;
#6317 = CARTESIAN_POINT ( 'NONE',  ( -87.78852960328462984, 106.8293568147877721, 102.8454217592787501 ) ) ;
#6318 = CARTESIAN_POINT ( 'NONE',  ( -72.62547560977687056, 73.28969203780476960, 75.38104154604005203 ) ) ;
#6319 = AXIS2_PLACEMENT_3D ( 'NONE', #8869, #6629, #2102 ) ;
#6320 = CARTESIAN_POINT ( 'NONE',  ( -71.57302852182345987, 113.6779113024657164, 133.4493234058370774 ) ) ;
#6321 = CIRCLE ( 'NONE', #3346, 1.600000000000004086 ) ;
#6322 = CARTESIAN_POINT ( 'NONE',  ( -78.31042564933963490, 102.1680211078631828, 62.26296959750972349 ) ) ;
#6323 = B_SPLINE_CURVE_WITH_KNOTS ( 'NONE', 3,
 ( #8814, #2098, #8118, #1346 ),
 .UNSPECIFIED., .F., .F.,
 ( 4, 4 ),
 ( 0.000000000000000000, 0.0001488673396353521600 ),
 .UNSPECIFIED. ) ;
#6324 = CARTESIAN_POINT ( 'NONE',  ( -71.60435360180845521, 71.21918223574462559, 76.47863238026758381 ) ) ;
#6325 = PLANE ( 'NONE',  #2371 ) ;
#6326 = AXIS2_PLACEMENT_3D ( 'NONE', #8780, #9384, #5594 ) ;
#6327 = DIRECTION ( 'NONE',  ( -0.000000000000000000, -1.000000000000000000, -0.000000000000000000 ) ) ;
#6328 = ORIENTED_EDGE ( 'NONE', *, *, #8034, .T. ) ;
#6329 = CARTESIAN_POINT ( 'NONE',  ( -89.40895993868298319, 103.3119079817578267, 131.9709039344082555 ) ) ;
#6330 = ORIENTED_EDGE ( 'NONE', *, *, #675, .F. ) ;
#6331 = VERTEX_POINT ( 'NONE', #1219 ) ;
#6332 = EDGE_CURVE ( 'NONE', #528, #4168, #5054, .T. ) ;
#6333 = B_SPLINE_SURFACE_WITH_KNOTS ( 'NONE', 1, 3, ( 
 ( #5554, #8435, #67, #3099, #9118, #5343, #8763, #4273, #7221, #1865, #387, #7273, #8023, #4917, #1210, #7840, #7182, #1058, #9433, #4082, #5692, #4872, #6525, #2793, #2617, #3476, #7942, #429, #8629, #3349, #522, #5596, #3432, #3395, #1167, #4185, #477, #8580, #5642, #7085, #1819, #3527, #6337, #1255 ),
 ( #7979, #336, #4826, #9386, #6427, #4990, #4141, #2666, #6382, #9576, #7893, #1113, #7142, #9487, #2754, #8671, #2714, #1913, #4225, #8720, #1960, #4953, #6480, #5738, #9537, #2003, #3861, #147, #6117, #614, #2903, #6856, #8119, #2846, #6912, #4611, #5095, #5839, #9148, #3918, #8176, #7420, #3631, #851 ) ),
 .UNSPECIFIED., .F., .F., .F.,
 ( 2, 2 ),
 ( 4, 2, 2, 2, 2, 2, 2, 2, 2, 2, 2, 2, 2, 2, 2, 2, 2, 2, 2, 2, 2, 4 ),
 ( 0.000000000000000000, 1.000000000000000000 ),
 ( 0.000000000000000000, 0.001396799911820121578, 0.002793599823640243156, 0.004190399735460364518, 0.004888799691370425415, 0.005587199647280486313, 0.006983999559100607241, 0.008380799470920729036, 0.009079199426830789066, 0.009777599382740850831, 0.01047599933865091260, 0.01117439929456097263, 0.01257119920638109442, 0.01396799911820121448, 0.01466639907411127625, 0.01536479903002133628, 0.01676159894184145807, 0.01815839885366157813, 0.01885679880957163990, 0.01955519876548170166, 0.02095199867730182519, 0.02234879858912194525 ),
 .UNSPECIFIED. ) ;
#6334 = ADVANCED_FACE ( 'NONE', ( #3050 ), #5539, .T. ) ;
#6335 = CARTESIAN_POINT ( 'NONE',  ( -69.74836691017675605, 68.74463027961520822, 85.00325229342891475 ) ) ;
#6336 = CARTESIAN_POINT ( 'NONE',  ( -82.12049592044527913, 71.67386098376844927, 73.17537855673572267 ) ) ;
#6337 = CARTESIAN_POINT ( 'NONE',  ( -88.92238009367545715, 134.1033186201799197, 134.4582758963004778 ) ) ;
#6338 = CARTESIAN_POINT ( 'NONE',  ( -84.54855750671347892, 138.9414800811024406, 151.8202189060967271 ) ) ;
#6339 = CARTESIAN_POINT ( 'NONE',  ( -84.05279310828379380, 139.2351717092415129, 73.69785785113309373 ) ) ;
#6340 = ORIENTED_EDGE ( 'NONE', *, *, #6075, .T. ) ;
#6341 = CARTESIAN_POINT ( 'NONE',  ( -70.80557638945987264, 114.9936483431373517, 97.24687231320275771 ) ) ;
#6342 = EDGE_CURVE ( 'NONE', #4086, #9647, #2910, .T. ) ;
#6343 = CARTESIAN_POINT ( 'NONE',  ( -88.65917400756936217, 104.8746213128781903, 135.0713932913783708 ) ) ;
#6344 = CARTESIAN_POINT ( 'NONE',  ( -89.91848626453221982, 112.0252067254943569, 113.1451810862212284 ) ) ;
#6345 = VERTEX_POINT ( 'NONE', #3251 ) ;
#6346 = CARTESIAN_POINT ( 'NONE',  ( -90.10171951998772499, 153.9036295242863446, 100.6616455629384319 ) ) ;
#6347 = CARTESIAN_POINT ( 'NONE',  ( -70.78852960328462984, 152.3446421799375514, 132.7125267394740717 ) ) ;
#6348 = DIRECTION ( 'NONE',  ( 0.000000000000000000, 0.000000000000000000, -1.000000000000000000 ) ) ;
#6349 = CARTESIAN_POINT ( 'NONE',  ( -71.60435360180845521, 74.23361130171382172, 74.74380805396205574 ) ) ;
#6350 = CARTESIAN_POINT ( 'NONE',  ( -89.01111633692903524, 128.8353145180248589, 133.9541448607486416 ) ) ;
#6351 = ORIENTED_EDGE ( 'NONE', *, *, #8969, .F. ) ;
#6352 = CARTESIAN_POINT ( 'NONE',  ( -78.82314715857023657, 79.89604080387749718, 163.2244125809192781 ) ) ;
#6353 = CARTESIAN_POINT ( 'NONE',  ( -70.78852960328462984, 115.2569332580205810, 132.2760348314621694 ) ) ;
#6354 = DIRECTION ( 'NONE',  ( 0.000000000000000000, -0.7071067811865475727, 0.7071067811865475727 ) ) ;
#6355 = VERTEX_POINT ( 'NONE', #1765 ) ;
#6356 = CARTESIAN_POINT ( 'NONE',  ( -84.54239483623095452, 138.0641994677519051, 98.31099556978288945 ) ) ;
#6357 = CARTESIAN_POINT ( 'NONE',  ( -72.08186394719396617, 114.0602530572106588, 134.1502517710032123 ) ) ;
#6358 = CARTESIAN_POINT ( 'NONE',  ( -82.66794338514075946, 113.2054154652014262, 104.9546885804116272 ) ) ;
#6359 = B_SPLINE_CURVE_WITH_KNOTS ( 'NONE', 3,
 ( #6289, #2757, #1962, #4955, #9392, #1061, #5598, #4229, #482, #3478, #525, #6484, #9340, #8583, #1821, #4829, #7843, #4085, #7088, #338, #3351, #6339, #9350, #7811, #6101, #7754, #2382, #289, #3899, #979, #6897, #1874 ),
 .UNSPECIFIED., .F., .F.,
 ( 4, 2, 2, 2, 2, 2, 2, 2, 2, 2, 2, 2, 2, 2, 2, 4 ),
 ( 0.009629840448003084905, 0.01023145600173862128, 0.01083307155547415766, 0.01143468710920969404, 0.01203630266294523042, 0.01263791821668076680, 0.01323953377041630144, 0.01384114932415183782, 0.01444276487788737420, 0.01504438043162291058, 0.01564599598535844696, 0.01624761153909398334, 0.01684922709282951972, 0.01745084264656505610, 0.01805245820030059248, 0.01925568930777164789 ),
 .UNSPECIFIED. ) ;
#6360 = CARTESIAN_POINT ( 'NONE',  ( -78.78852960328464405, 69.48296112415222581, 82.60043095858006268 ) ) ;
#6361 = CARTESIAN_POINT ( 'NONE',  ( -81.85275765393471659, 107.4468056478177402, 91.96147921292704552 ) ) ;
#6362 = ADVANCED_FACE ( 'NONE', ( #3293 ), #2720, .F. ) ;
#6363 = EDGE_CURVE ( 'NONE', #1042, #2787, #384, .T. ) ;
#6364 = ORIENTED_EDGE ( 'NONE', *, *, #1054, .F. ) ;
#6365 = EDGE_CURVE ( 'NONE', #2137, #4903, #9514, .T. ) ;
#6366 = CARTESIAN_POINT ( 'NONE',  ( -71.51032509491453482, 113.7148524036708892, 133.2606866955210307 ) ) ;
#6367 = CARTESIAN_POINT ( 'NONE',  ( -85.84499757006263110, 122.6604304146781033, 121.0180317326359329 ) ) ;
#6368 = EDGE_CURVE ( 'NONE', #4501, #3711, #1404, .T. ) ;
#6369 = DIRECTION ( 'NONE',  ( 0.000000000000000000, 0.000000000000000000, -1.000000000000000000 ) ) ;
#6370 = CARTESIAN_POINT ( 'NONE',  ( -79.79565543270739170, 76.34630082869318812, 160.8071370646729008 ) ) ;
#6371 = ORIENTED_EDGE ( 'NONE', *, *, #8260, .T. ) ;
#6372 = CARTESIAN_POINT ( 'NONE',  ( -72.28852960328462984, 113.6679082986572524, 95.59409025985731034 ) ) ;
#6373 = VERTEX_POINT ( 'NONE', #2247 ) ;
#6374 = ORIENTED_EDGE ( 'NONE', *, *, #2979, .T. ) ;
#6375 = FACE_OUTER_BOUND ( 'NONE', #7079, .T. ) ;
#6376 = B_SPLINE_CURVE_WITH_KNOTS ( 'NONE', 2,
 ( #4838, #5457, #8490 ),
 .UNSPECIFIED., .F., .F.,
 ( 3, 3 ),
 ( 0.000000000000000000, 1.000000000000000000 ),
 .UNSPECIFIED. ) ;
#6377 = CARTESIAN_POINT ( 'NONE',  ( -92.78852960328464405, 141.9419079817567138, 75.00574073170528777 ) ) ;
#6378 = CARTESIAN_POINT ( 'NONE',  ( -84.39643408908698063, 105.8491676625023956, 103.7133320912039665 ) ) ;
#6379 = ADVANCED_FACE ( 'NONE', ( #754 ), #805, .F. ) ;
#6380 = ADVANCED_FACE ( 'NONE', ( #8514 ), #9268, .T. ) ;
#6381 = FACE_OUTER_BOUND ( 'NONE', #9558, .T. ) ;
#6382 = CARTESIAN_POINT ( 'NONE',  ( -85.65863999545372565, 143.1020801940072715, 122.5936346043849738 ) ) ;
#6383 = EDGE_CURVE ( 'NONE', #4517, #5099, #3487, .T. ) ;
#6384 = CARTESIAN_POINT ( 'NONE',  ( -70.83674200873441862, 152.3446421799375514, 132.7125267394740717 ) ) ;
#6385 = CARTESIAN_POINT ( 'NONE',  ( -80.18383411838725294, 148.3268077569236709, 63.54846062047509747 ) ) ;
#6386 = CARTESIAN_POINT ( 'NONE',  ( -88.92237934404438704, 133.6309159640421456, 134.4582889486797512 ) ) ;
#6387 = EDGE_LOOP ( 'NONE', ( #9251, #5965, #7304, #1154 ) ) ;
#6388 = CARTESIAN_POINT ( 'NONE',  ( -70.79073215828417176, 115.1490124936193098, 97.36795585945587561 ) ) ;
#6389 = CARTESIAN_POINT ( 'NONE',  ( -70.80666788941758227, 114.9830719999793729, 132.4509011476239095 ) ) ;
#6390 = CARTESIAN_POINT ( 'NONE',  ( -88.94124482756049588, 64.57662287749698748, 134.8165634800360522 ) ) ;
#6391 = CARTESIAN_POINT ( 'NONE',  ( -88.39854019808058183, 60.00608132949408713, 103.3916033924970463 ) ) ;
#6392 = CARTESIAN_POINT ( 'NONE',  ( -76.78852960328464405, 74.34372096851184608, 74.56517446058644794 ) ) ;
#6393 = CARTESIAN_POINT ( 'NONE',  ( -84.69239256267687210, 126.9953108542066502, 98.95240313771165575 ) ) ;
#6394 = EDGE_CURVE ( 'NONE', #376, #9674, #5584, .T. ) ;
#6395 = EDGE_LOOP ( 'NONE', ( #6500, #8824, #4810, #6316 ) ) ;
#6396 = DIRECTION ( 'NONE',  ( -0.000000000000000000, 0.000000000000000000, 1.000000000000000000 ) ) ;
#6397 = EDGE_CURVE ( 'NONE', #1186, #1442, #880, .T. ) ;
#6398 = CARTESIAN_POINT ( 'NONE',  ( -88.74510303923861443, 103.5377162442775756, 135.4354175639458333 ) ) ;
#6399 = CARTESIAN_POINT ( 'NONE',  ( -72.28852960328462984, 114.0204415849168953, 134.2125265045658296 ) ) ;
#6400 = CARTESIAN_POINT ( 'NONE',  ( -87.08425301674483876, 154.0647031032867460, 143.2420636208764506 ) ) ;
#6401 = CARTESIAN_POINT ( 'NONE',  ( -80.96490857862734458, 148.0546273524111598, 65.42983718127844384 ) ) ;
#6402 = CARTESIAN_POINT ( 'NONE',  ( -88.94352999555356121, 130.6664431374570370, 134.3392669833479545 ) ) ;
#6403 = EDGE_LOOP ( 'NONE', ( #8741, #3115, #1857, #8783 ) ) ;
#6404 = CARTESIAN_POINT ( 'NONE',  ( -81.14454067523219294, 151.6586802554030839, 155.9887145288563204 ) ) ;
#6405 = CARTESIAN_POINT ( 'NONE',  ( -71.28852960328462984, 112.8119080014294724, 133.0054217592787609 ) ) ;
#6406 = CARTESIAN_POINT ( 'NONE',  ( -79.57334094755572096, 142.1727314558618218, 164.8710864917703702 ) ) ;
#6407 = CARTESIAN_POINT ( 'NONE',  ( -78.77412148560320304, 147.3152121886424197, 65.36529217694000238 ) ) ;
#6408 = VERTEX_POINT ( 'NONE', #370 ) ;
#6409 = CARTESIAN_POINT ( 'NONE',  ( -80.95601290214672474, 76.90923921055274093, 161.6078845536146389 ) ) ;
#6410 = DIRECTION ( 'NONE',  ( 1.000000000000000000, 0.000000000000000000, 0.000000000000000000 ) ) ;
#6411 = CARTESIAN_POINT ( 'NONE',  ( -70.84625703879244440, 114.9447182615840006, 132.7655680491109536 ) ) ;
#6412 = CARTESIAN_POINT ( 'NONE',  ( -79.99285580253430794, 127.0999714414794113, 163.9012391044448123 ) ) ;
#6413 = ORIENTED_EDGE ( 'NONE', *, *, #2377, .F. ) ;
#6414 = DIRECTION ( 'NONE',  ( 0.000000000000000000, 0.000000000000000000, -1.000000000000000000 ) ) ;
#6415 = CARTESIAN_POINT ( 'NONE',  ( -71.49654600308618058, 114.2033077528427896, 133.8067179722722813 ) ) ;
#6416 = VECTOR ( 'NONE', #4280, 1000.000000000000000 ) ;
#6417 = CARTESIAN_POINT ( 'NONE',  ( -74.78852960328464405, 141.9419079817567138, 70.00574073170528777 ) ) ;
#6418 = EDGE_LOOP ( 'NONE', ( #3268, #4717, #2498, #4267 ) ) ;
#6419 = CARTESIAN_POINT ( 'NONE',  ( -72.28852960328462984, 113.3204415849168925, 96.11409442537477332 ) ) ;
#6420 = AXIS2_PLACEMENT_3D ( 'NONE', #3944, #6088, #874 ) ;
#6421 = ORIENTED_EDGE ( 'NONE', *, *, #4949, .T. ) ;
#6422 = ORIENTED_EDGE ( 'NONE', *, *, #5959, .F. ) ;
#6423 = EDGE_CURVE ( 'NONE', #8007, #2182, #7601, .T. ) ;
#6424 = CARTESIAN_POINT ( 'NONE',  ( -70.89211104340117231, 66.35623374222456050, 82.89251567738126880 ) ) ;
#6425 = AXIS2_PLACEMENT_3D ( 'NONE', #3726, #4426, #6714 ) ;
#6426 = CARTESIAN_POINT ( 'NONE',  ( -84.42052965926029628, 129.2947833844246759, 97.81295754910934193 ) ) ;
#6427 = CARTESIAN_POINT ( 'NONE',  ( -85.84568724482912216, 143.5024317453861897, 121.0112127041805081 ) ) ;
#6428 = CYLINDRICAL_SURFACE ( 'NONE', #1594, 1.000000000000000888 ) ;
#6429 = CARTESIAN_POINT ( 'NONE',  ( -83.46764645988545794, 141.7407995089361634, 155.0057407317072489 ) ) ;
#6430 = CARTESIAN_POINT ( 'NONE',  ( -79.19956185863328813, 87.41036168003523699, 165.7338617827934399 ) ) ;
#6431 = ORIENTED_EDGE ( 'NONE', *, *, #4588, .F. ) ;
#6432 = CARTESIAN_POINT ( 'NONE',  ( -70.79059220439066280, 115.1707742745225858, 97.34228000881253706 ) ) ;
#6433 = VECTOR ( 'NONE', #1331, 1000.000000000000000 ) ;
#6434 = CARTESIAN_POINT ( 'NONE',  ( -70.78852960328462984, 149.4224006056927863, 152.2039154387895792 ) ) ;
#6435 = CARTESIAN_POINT ( 'NONE',  ( -85.53345233941728054, 123.3060273268843048, 103.4202525952753575 ) ) ;
#6436 = ORIENTED_EDGE ( 'NONE', *, *, #2577, .T. ) ;
#6437 = VECTOR ( 'NONE', #9450, 1000.000000000000000 ) ;
#6438 = CARTESIAN_POINT ( 'NONE',  ( -86.69593003848908097, 111.3119079817578410, 133.5054217592787325 ) ) ;
#6439 = CARTESIAN_POINT ( 'NONE',  ( -79.69966347908304272, 117.0586191231703168, 164.5955390706699575 ) ) ;
#6440 = CARTESIAN_POINT ( 'NONE',  ( -88.00204702921369915, 106.7505663749959410, 133.9891573553937292 ) ) ;
#6441 = CARTESIAN_POINT ( 'NONE',  ( -70.78852960328462984, 42.37259721167207260, 113.5058316947255861 ) ) ;
#6442 = FACE_BOUND ( 'NONE', #6157, .T. ) ;
#6443 = B_SPLINE_CURVE_WITH_KNOTS ( 'NONE', 3,
 ( #1841, #2110, #2855, #574 ),
 .UNSPECIFIED., .F., .F.,
 ( 4, 4 ),
 ( 0.000000000000000000, 1.000000000000000000 ),
 .UNSPECIFIED. ) ;
#6444 = CARTESIAN_POINT ( 'NONE',  ( -79.38979401790818713, 150.2119236412283669, 65.83061623820042030 ) ) ;
#6445 = ORIENTED_EDGE ( 'NONE', *, *, #7468, .T. ) ;
#6446 = CARTESIAN_POINT ( 'NONE',  ( -77.73519044708872627, 141.1014578590318536, 60.92968365849988288 ) ) ;
#6447 = CARTESIAN_POINT ( 'NONE',  ( -90.27275392911298013, 118.9484901738402414, 102.4876028098071146 ) ) ;
#6448 = DIRECTION ( 'NONE',  ( 0.000000000000000000, 0.000000000000000000, -1.000000000000000000 ) ) ;
#6449 = CARTESIAN_POINT ( 'NONE',  ( -70.21787954123728070, 63.65930773356802064, 99.91043460129786524 ) ) ;
#6450 = ADVANCED_FACE ( 'NONE', ( #2893 ), #3027, .F. ) ;
#6451 = AXIS2_PLACEMENT_3D ( 'NONE', #8999, #5219, #1492 ) ;
#6452 = CARTESIAN_POINT ( 'NONE',  ( -86.93361290393791307, 62.74443251457276460, 134.8704563760373674 ) ) ;
#6453 = CARTESIAN_POINT ( 'NONE',  ( -76.78852960328464405, 86.78156815438114791, 71.25779513156508926 ) ) ;
#6454 = VERTEX_POINT ( 'NONE', #8957 ) ;
#6455 = EDGE_CURVE ( 'NONE', #3383, #8893, #934, .T. ) ;
#6456 = CARTESIAN_POINT ( 'NONE',  ( -84.11866179343869021, 105.4744402334714124, 92.94076618687141433 ) ) ;
#6457 = DIRECTION ( 'NONE',  ( 0.000000000000000000, -0.9977779156875836719, -0.06662755410594781158 ) ) ;
#6458 = CARTESIAN_POINT ( 'NONE',  ( -88.92237934404438704, 133.6309159640421456, 134.4582889486797512 ) ) ;
#6459 = CIRCLE ( 'NONE', #2709, 1.599999999999990319 ) ;
#6460 = FACE_OUTER_BOUND ( 'NONE', #2166, .T. ) ;
#6461 = CYLINDRICAL_SURFACE ( 'NONE', #6759, 1.600000000000004086 ) ;
#6462 = ORIENTED_EDGE ( 'NONE', *, *, #9809, .F. ) ;
#6463 = CARTESIAN_POINT ( 'NONE',  ( -72.06067437775453755, 113.7212671259730143, 134.0596052971578729 ) ) ;
#6464 = AXIS2_PLACEMENT_3D ( 'NONE', #2488, #4790, #6199 ) ;
#6465 = VECTOR ( 'NONE', #9807, 1000.000000000000000 ) ;
#6466 = B_SPLINE_CURVE_WITH_KNOTS ( 'NONE', 3,
 ( #4496, #7492, #9787, #5251, #8288, #1776 ),
 .UNSPECIFIED., .F., .F.,
 ( 4, 2, 4 ),
 ( 0.000000000000000000, 0.01226560235025922832, 0.02453120470051845664 ),
 .UNSPECIFIED. ) ;
#6467 = FACE_BOUND ( 'NONE', #9172, .T. ) ;
#6468 = AXIS2_PLACEMENT_3D ( 'NONE', #1436, #2932, #6697 ) ;
#6469 = CARTESIAN_POINT ( 'NONE',  ( -88.73453405320232434, 115.1143767930992965, 135.4909829753561326 ) ) ;
#6470 = CARTESIAN_POINT ( 'NONE',  ( -78.73239703418533963, 148.6291795245886078, 63.85083238814000595 ) ) ;
#6471 = ORIENTED_EDGE ( 'NONE', *, *, #2839, .F. ) ;
#6472 = ORIENTED_EDGE ( 'NONE', *, *, #4601, .F. ) ;
#6473 = CARTESIAN_POINT ( 'NONE',  ( -82.58976161877278344, 75.92124460207409697, 69.58713040152464657 ) ) ;
#6474 = DIRECTION ( 'NONE',  ( -0.000000000000000000, 1.000000000000000000, -0.000000000000000000 ) ) ;
#6475 = EDGE_CURVE ( 'NONE', #5338, #702, #254, .T. ) ;
#6476 = AXIS2_PLACEMENT_3D ( 'NONE', #618, #1353, #2299 ) ;
#6477 = AXIS2_PLACEMENT_3D ( 'NONE', #9035, #7294, #8146 ) ;
#6478 = DIRECTION ( 'NONE',  ( 1.000000000000000000, -0.000000000000000000, -0.000000000000000000 ) ) ;
#6479 = CARTESIAN_POINT ( 'NONE',  ( -81.22026861806249087, 151.7044588149532842, 71.23304549819832232 ) ) ;
#6480 = CARTESIAN_POINT ( 'NONE',  ( -85.03983787884662604, 140.8237784422526886, 126.3295422369059793 ) ) ;
#6481 = CARTESIAN_POINT ( 'NONE',  ( -89.30528442084023766, 141.7532182501088016, 94.82502816528996448 ) ) ;
#6482 = CARTESIAN_POINT ( 'NONE',  ( -77.86147866853683297, 86.37942334523488341, 165.8027115114219328 ) ) ;
#6483 = CARTESIAN_POINT ( 'NONE',  ( -72.06194026007241860, 71.03085216405241908, 150.4458676009577687 ) ) ;
#6484 = CARTESIAN_POINT ( 'NONE',  ( -84.96008862223354186, 139.3195788152182786, 76.47581685953605302 ) ) ;
#6485 = ORIENTED_EDGE ( 'NONE', *, *, #777, .T. ) ;
#6486 = CARTESIAN_POINT ( 'NONE',  ( -87.78852960328462984, 111.1293568147877693, 95.50674166600603598 ) ) ;
#6487 = AXIS2_PLACEMENT_3D ( 'NONE', #2680, #7101, #439 ) ;
#6488 = CARTESIAN_POINT ( 'NONE',  ( -71.78199196326883680, 69.91171445122159867, 77.04066358451291308 ) ) ;
#6489 = CARTESIAN_POINT ( 'NONE',  ( -90.34661791398676201, 104.5700086371410436, 113.9948281777906658 ) ) ;
#6490 = CARTESIAN_POINT ( 'NONE',  ( -89.11085393057724957, 64.27353248889043869, 133.4089726175164969 ) ) ;
#6491 = CARTESIAN_POINT ( 'NONE',  ( -87.78852960328462984, 106.6293568147877551, 95.50674166600603598 ) ) ;
#6492 = CARTESIAN_POINT ( 'NONE',  ( -89.41635784762171113, 113.2788130931285480, 113.5243027186562585 ) ) ;
#6493 = ORIENTED_EDGE ( 'NONE', *, *, #6455, .T. ) ;
#6494 = CARTESIAN_POINT ( 'NONE',  ( -81.22031760344981421, 151.7047959438217219, 155.7777398921550684 ) ) ;
#6495 = CARTESIAN_POINT ( 'NONE',  ( -78.78852960328464405, 146.5082198112068852, 161.0387472997413170 ) ) ;
#6496 = CARTESIAN_POINT ( 'NONE',  ( -88.10586138395677835, 106.5987819557766585, 134.0851777883301281 ) ) ;
#6497 = CARTESIAN_POINT ( 'NONE',  ( -87.08158830103261039, 154.0628760911930044, 83.75887561097069067 ) ) ;
#6498 = DIRECTION ( 'NONE',  ( -0.000000000000000000, 1.000000000000000000, -0.000000000000000000 ) ) ;
#6499 = DIRECTION ( 'NONE',  ( 1.000000000000000000, -0.000000000000000000, -0.000000000000000000 ) ) ;
#6500 = ORIENTED_EDGE ( 'NONE', *, *, #4261, .F. ) ;
#6501 = CARTESIAN_POINT ( 'NONE',  ( -72.06701408601570336, 113.8838256638259594, 95.59034019007084737 ) ) ;
#6502 = EDGE_CURVE ( 'NONE', #85, #5815, #1710, .T. ) ;
#6503 = CARTESIAN_POINT ( 'NONE',  ( -79.81592329263772001, 76.78080237998983648, 161.2251415695264427 ) ) ;
#6504 = ORIENTED_EDGE ( 'NONE', *, *, #9192, .F. ) ;
#6505 = CARTESIAN_POINT ( 'NONE',  ( -79.21343745286834803, 81.71942332798283815, 61.32157051804228587 ) ) ;
#6506 = CARTESIAN_POINT ( 'NONE',  ( -84.39340507084816068, 135.5143679007770174, 129.2016167696491777 ) ) ;
#6507 = LINE ( 'NONE', #7297, #8054 ) ;
#6508 = EDGE_CURVE ( 'NONE', #7809, #8501, #7014, .T. ) ;
#6509 = DIRECTION ( 'NONE',  ( 0.000000000000000000, 0.000000000000000000, 1.000000000000000000 ) ) ;
#6510 = EDGE_CURVE ( 'NONE', #3399, #4174, #753, .T. ) ;
#6511 = CARTESIAN_POINT ( 'NONE',  ( -71.88146893898796463, 113.4735848445218522, 96.30356626158761912 ) ) ;
#6512 = LINE ( 'NONE', #4355, #3458 ) ;
#6513 = CARTESIAN_POINT ( 'NONE',  ( -78.78852960328464405, 141.6583579391500223, 71.02214642643238562 ) ) ;
#6514 = ORIENTED_EDGE ( 'NONE', *, *, #6030, .T. ) ;
#6515 = CARTESIAN_POINT ( 'NONE',  ( -78.78852960328464405, 86.94190798175786483, 113.5057407317052736 ) ) ;
#6516 = CARTESIAN_POINT ( 'NONE',  ( -90.78852960328464405, 111.8688076255531314, 384.5904987380682769 ) ) ;
#6517 = CARTESIAN_POINT ( 'NONE',  ( -71.84779555354744218, 113.5649904813261060, 133.7341277250334315 ) ) ;
#6518 = CARTESIAN_POINT ( 'NONE',  ( -90.70412309119879524, 113.3119079817578552, 119.5895978723301880 ) ) ;
#6519 = CARTESIAN_POINT ( 'NONE',  ( -79.57357356739900922, 141.0091803924501619, 62.14038501255961222 ) ) ;
#6520 = ADVANCED_FACE ( 'NONE', ( #7998 ), #3014, .T. ) ;
#6521 = CARTESIAN_POINT ( 'NONE',  ( -72.28852960328462984, 113.5902588809344564, 95.64597394202652936 ) ) ;
#6522 = ORIENTED_EDGE ( 'NONE', *, *, #2565, .F. ) ;
#6523 = ORIENTED_EDGE ( 'NONE', *, *, #8953, .T. ) ;
#6524 = CYLINDRICAL_SURFACE ( 'NONE', #605, 1.000000000000000888 ) ;
#6525 = CARTESIAN_POINT ( 'NONE',  ( -89.64131457494724486, 143.8900984415006974, 129.9346164277641549 ) ) ;
#6526 = CARTESIAN_POINT ( 'NONE',  ( -73.28852960328462984, 104.3119079817578267, 115.5054217592787325 ) ) ;
#6527 = DIRECTION ( 'NONE',  ( 0.000000000000000000, 0.000000000000000000, -1.000000000000000000 ) ) ;
#6528 = CARTESIAN_POINT ( 'NONE',  ( -85.43148873964864265, 141.5349892276828996, 149.0057407317052593 ) ) ;
#6529 = ORIENTED_EDGE ( 'NONE', *, *, #8916, .T. ) ;
#6530 = LINE ( 'NONE', #5845, #747 ) ;
#6531 = ORIENTED_EDGE ( 'NONE', *, *, #6085, .F. ) ;
#6532 = LINE ( 'NONE', #3317, #142 ) ;
#6533 = CARTESIAN_POINT ( 'NONE',  ( -76.78852960328464405, 141.6583579391500223, 71.02214642643238562 ) ) ;
#6534 = CARTESIAN_POINT ( 'NONE',  ( -77.74070492720811387, 140.8719475623819335, 60.94546903656900128 ) ) ;
#6535 = DIRECTION ( 'NONE',  ( 0.000000000000000000, 0.000000000000000000, 1.000000000000000000 ) ) ;
#6536 = VERTEX_POINT ( 'NONE', #8199 ) ;
#6537 = CARTESIAN_POINT ( 'NONE',  ( -90.61001005408840570, 118.2679121758610847, 107.0249134542453362 ) ) ;
#6538 = LINE ( 'NONE', #7236, #5053 ) ;
#6539 = CARTESIAN_POINT ( 'NONE',  ( -89.30205538933901721, 155.4092377457624536, 132.2989347702847738 ) ) ;
#6540 = CARTESIAN_POINT ( 'NONE',  ( -81.93799547119805027, 149.3007712081220006, 67.87222995511676515 ) ) ;
#6541 = CARTESIAN_POINT ( 'NONE',  ( -72.28852960328462984, 114.0119079817578296, 134.5054217592787609 ) ) ;
#6542 = ORIENTED_EDGE ( 'NONE', *, *, #6397, .F. ) ;
#6543 = CARTESIAN_POINT ( 'NONE',  ( -71.85852104018852060, 113.9513117852948056, 95.68342463115462238 ) ) ;
#6544 = CARTESIAN_POINT ( 'NONE',  ( -78.78852960328464405, 78.55005808952111579, 68.26162717872135488 ) ) ;
#6545 = CARTESIAN_POINT ( 'NONE',  ( -79.98992610638238432, 76.54223349049179603, 66.02128884567351008 ) ) ;
#6546 = CARTESIAN_POINT ( 'NONE',  ( -81.01790177126646597, 73.70829156624618861, 157.0262544492101426 ) ) ;
#6547 = EDGE_LOOP ( 'NONE', ( #8862, #3557, #2447, #5854 ) ) ;
#6548 = CARTESIAN_POINT ( 'NONE',  ( -88.88368973949724250, 113.2349547511974919, 113.5730417218314585 ) ) ;
#6549 = LINE ( 'NONE', #8098, #9671 ) ;
#6550 = CARTESIAN_POINT ( 'NONE',  ( -82.92284488176203183, 149.9069527432799305, 70.52321911298557211 ) ) ;
#6551 = B_SPLINE_CURVE_WITH_KNOTS ( 'NONE', 3,
 ( #4380, #3045, #3727, #7365, #9018, #3633, #8922, #2153, #1460, #6768, #5142, #7423, #8178, #5285, #3686, #8317, #2953, #719, #4523, #5931, #6716, #2252, #8972, #5240, #7524, #762, #1551, #3773, #4569, #3289, #1611, #9225, #7688, #8473, #4623, #7734, #1711, #2419, #3092, #3876, #9327, #1008, #5546, #164, #2470, #5390, #2514, #3933, #5436, #7636, #6869, #7787, #956, #5337, #4716, #4030, #3985, #6983, #112, #905, #8428, #2354, #6178, #219, #3247, #3136, #6130, #3827, #8376, #6231, #9168, #6928, #8572, #1811, #865, #5486, #3196 ),
 .UNSPECIFIED., .F., .F.,
 ( 4, 2, 2, 1, 1, 2, 2, 2, 2, 1, 1, 1, 1, 2, 2, 2, 2, 1, 1, 1, 2, 2, 2, 1, 1, 1, 1, 2, 2, 2, 2, 1, 1, 1, 2, 2, 2, 2, 1, 1, 2, 2, 2, 2, 1, 2, 2, 4 ),
 ( 0.000000000000000000, 0.06250000000004508893, 0.09375000000006789014, 0.1093750000000776323, 0.1171875000000812544, 0.1210937500000843076, 0.1250000000000873468, 0.1875000000001094957, 0.2187500000001205702, 0.2343750000001272871, 0.2421875000001303679, 0.2460937500001308398, 0.2480468750001321998, 0.2490234375001317835, 0.2500000000001313394, 0.3125000000001252332, 0.3437500000001212364, 0.3593750000001200706, 0.3671875000001184053, 0.3710937500001178502, 0.3730468750001161848, 0.3750000000001145195, 0.4375000000001352252, 0.4687500000001465494, 0.4843750000001520450, 0.4921875000001557088, 0.4960937500001555422, 0.4980468750001534328, 0.5000000000001512124, 0.5625000000001448841, 0.5937500000001394440, 0.6093750000001347811, 0.6171875000001293410, 0.6210937500001281197, 0.6230468750001300071, 0.6250000000001317835, 0.6875000000001229017, 0.7187500000001176836, 0.7343750000001159073, 0.7421875000001149081, 0.7460937500001112443, 0.7500000000001075806, 0.8125000000000749401, 0.8437500000000589528, 0.8593750000000535127, 0.8671875000000530687, 0.8750000000000526246, 1.000000000000000000 ),
 .UNSPECIFIED. ) ;
#6552 = CARTESIAN_POINT ( 'NONE',  ( -70.78852960328462984, 76.96010700503333624, 161.3554375618793131 ) ) ;
#6553 = DIRECTION ( 'NONE',  ( 0.000000000000000000, 0.000000000000000000, -1.000000000000000000 ) ) ;
#6554 = CARTESIAN_POINT ( 'NONE',  ( -120.7885296032846441, 141.9419079817567138, 152.0057407317052878 ) ) ;
#6555 = CARTESIAN_POINT ( 'NONE',  ( -78.78852960328464405, 104.4468056478177402, 91.96147921292704552 ) ) ;
#6556 = ORIENTED_EDGE ( 'NONE', *, *, #518, .F. ) ;
#6557 = DIRECTION ( 'NONE',  ( 1.000000000000000000, 0.000000000000000000, 0.000000000000000000 ) ) ;
#6558 = ORIENTED_EDGE ( 'NONE', *, *, #7229, .T. ) ;
#6559 = CARTESIAN_POINT ( 'NONE',  ( -70.93168480288959188, 114.5058055237392693, 132.7556460798738556 ) ) ;
#6560 = EDGE_CURVE ( 'NONE', #1140, #4501, #6549, .T. ) ;
#6561 = CARTESIAN_POINT ( 'NONE',  ( -80.78852960328464405, 141.9419079817567138, 72.00574073170528777 ) ) ;
#6562 = CARTESIAN_POINT ( 'NONE',  ( -84.74806487725864201, 72.06725126109158452, 75.58283147377495936 ) ) ;
#6563 = EDGE_CURVE ( 'NONE', #5665, #8534, #6785, .T. ) ;
#6564 = DIRECTION ( 'NONE',  ( 1.000000000000000000, -0.000000000000000000, -0.000000000000000000 ) ) ;
#6565 = B_SPLINE_CURVE_WITH_KNOTS ( 'NONE', 3,
 ( #5890, #3685, #7422, #3632, #4275, #8177 ),
 .UNSPECIFIED., .F., .F.,
 ( 4, 2, 4 ),
 ( 0.000000000000000000, 0.002849865981968220750, 0.005699731963936441499 ),
 .UNSPECIFIED. ) ;
#6566 = CARTESIAN_POINT ( 'NONE',  ( -87.04513424541684685, 113.2849725555770277, 133.5140455332478382 ) ) ;
#6567 = B_SPLINE_CURVE_WITH_KNOTS ( 'NONE', 3,
 ( #9452, #6446, #2540, #8551 ),
 .UNSPECIFIED., .F., .F.,
 ( 4, 4 ),
 ( 0.000000000000000000, 0.0006808221733895425051 ),
 .UNSPECIFIED. ) ;
#6568 = LINE ( 'NONE', #1451, #4454 ) ;
#6569 = CARTESIAN_POINT ( 'NONE',  ( -90.47926862343300058, 147.7056474875812455, 122.0385056437088167 ) ) ;
#6570 = EDGE_LOOP ( 'NONE', ( #2723, #8103, #1487, #1315 ) ) ;
#6571 = ORIENTED_EDGE ( 'NONE', *, *, #5353, .T. ) ;
#6572 = CARTESIAN_POINT ( 'NONE',  ( -90.43383529334506932, 118.4963319756055427, 104.3676339885396800 ) ) ;
#6573 = AXIS2_PLACEMENT_3D ( 'NONE', #5881, #1449, #2286 ) ;
#6574 = CARTESIAN_POINT ( 'NONE',  ( -74.78852960328464405, 68.32660295023789843, 85.93959922787723826 ) ) ;
#6575 = EDGE_CURVE ( 'NONE', #5786, #9419, #6321, .T. ) ;
#6576 = CARTESIAN_POINT ( 'NONE',  ( -78.78852960328464405, 127.1685802874970079, 162.1159677092494462 ) ) ;
#6577 = CARTESIAN_POINT ( 'NONE',  ( -88.92537035580441795, 136.8744393364196128, 92.56923058136335669 ) ) ;
#6578 = CARTESIAN_POINT ( 'NONE',  ( -78.78852960328464405, 114.8119079817578125, 132.7125299789917392 ) ) ;
#6579 = FACE_OUTER_BOUND ( 'NONE', #1334, .T. ) ;
#6580 = VERTEX_POINT ( 'NONE', #833 ) ;
#6581 = DIRECTION ( 'NONE',  ( -1.000000000000000000, 0.000000000000000000, 0.000000000000000000 ) ) ;
#6582 = ORIENTED_EDGE ( 'NONE', *, *, #9379, .F. ) ;
#6583 = PLANE ( 'NONE',  #3777 ) ;
#6584 = CARTESIAN_POINT ( 'NONE',  ( -89.15021777632819067, 126.6291908217671818, 133.1384814342796972 ) ) ;
#6585 = CARTESIAN_POINT ( 'NONE',  ( -81.46343037619463701, 77.93217261603432178, 160.3432096899168187 ) ) ;
#6586 = ORIENTED_EDGE ( 'NONE', *, *, #3860, .T. ) ;
#6587 = CARTESIAN_POINT ( 'NONE',  ( -90.75028018625350512, 86.54554643395559310, 110.5057407317052878 ) ) ;
#6588 = CARTESIAN_POINT ( 'NONE',  ( -88.08188014380979780, 105.1621598243044673, 132.0026129930263892 ) ) ;
#6589 = CARTESIAN_POINT ( 'NONE',  ( -90.55228029532618450, 154.1704497266168801, 105.9917612175028694 ) ) ;
#6590 = VECTOR ( 'NONE', #4008, 1000.000000000000000 ) ;
#6591 = EDGE_LOOP ( 'NONE', ( #1599, #8885 ) ) ;
#6592 = CARTESIAN_POINT ( 'NONE',  ( -72.17888115407448879, 113.3487526927662401, 96.13294545141364722 ) ) ;
#6593 = CARTESIAN_POINT ( 'NONE',  ( -78.78852960328464405, 66.45222254145679130, 90.62104525773422381 ) ) ;
#6594 = CARTESIAN_POINT ( 'NONE',  ( -71.54207145077464247, 68.95607537171760271, 84.54520413656541677 ) ) ;
#6595 = CARTESIAN_POINT ( 'NONE',  ( -85.57169796190302691, 142.8629622521639249, 123.2235895614091845 ) ) ;
#6596 = ORIENTED_EDGE ( 'NONE', *, *, #5125, .T. ) ;
#6597 = AXIS2_PLACEMENT_3D ( 'NONE', #9050, #2289, #3819 ) ;
#6598 = CARTESIAN_POINT ( 'NONE',  ( -90.62951458541260763, 118.2679121758610847, 119.6217600156973191 ) ) ;
#6599 = CARTESIAN_POINT ( 'NONE',  ( -89.30128928627016194, 141.1847072568740771, 132.2109779526059583 ) ) ;
#6600 = CARTESIAN_POINT ( 'NONE',  ( -79.69601198399091402, 86.45534849786045584, 62.42150855850452018 ) ) ;
#6601 = CARTESIAN_POINT ( 'NONE',  ( -79.64820911403403159, 143.3053333672716576, 62.31153367218393413 ) ) ;
#6602 = CARTESIAN_POINT ( 'NONE',  ( -85.34690671338708512, 124.0387330192519073, 124.6623603951397996 ) ) ;
#6603 = CARTESIAN_POINT ( 'NONE',  ( -90.48457965483974874, 105.4468056478177402, 105.0493643056304194 ) ) ;
#6604 = VERTEX_POINT ( 'NONE', #5455 ) ;
#6605 = ORIENTED_EDGE ( 'NONE', *, *, #9493, .F. ) ;
#6606 = VECTOR ( 'NONE', #6811, 1000.000000000000000 ) ;
#6607 = VERTEX_POINT ( 'NONE', #4638 ) ;
#6608 = CARTESIAN_POINT ( 'NONE',  ( -71.08008567994180282, 114.5893683668915486, 133.3215201194325630 ) ) ;
#6609 = ADVANCED_FACE ( 'NONE', ( #6148 ), #2721, .T. ) ;
#6610 = ORIENTED_EDGE ( 'NONE', *, *, #2174, .F. ) ;
#6611 = CARTESIAN_POINT ( 'NONE',  ( -76.78852960328464405, 79.92790140000782628, 69.46833313838935453 ) ) ;
#6612 = FACE_OUTER_BOUND ( 'NONE', #2899, .T. ) ;
#6613 = CARTESIAN_POINT ( 'NONE',  ( -79.79472432252768499, 133.7136756671424962, 62.64882531766512130 ) ) ;
#6614 = CARTESIAN_POINT ( 'NONE',  ( -88.79148662622249333, 114.4255539088213993, 134.0993977348295516 ) ) ;
#6615 = CARTESIAN_POINT ( 'NONE',  ( -88.22972998824329238, 105.0844701115652811, 132.1888206712646081 ) ) ;
#6616 = CARTESIAN_POINT ( 'NONE',  ( -90.36748760293336602, 147.4107145032012340, 123.4607342296885122 ) ) ;
#6617 = ORIENTED_EDGE ( 'NONE', *, *, #8260, .F. ) ;
#6618 = VERTEX_POINT ( 'NONE', #2828 ) ;
#6619 = AXIS2_PLACEMENT_3D ( 'NONE', #3562, #6564, #5824 ) ;
#6620 = DIRECTION ( 'NONE',  ( 1.000000000000000000, -0.000000000000000000, -0.000000000000000000 ) ) ;
#6621 = CARTESIAN_POINT ( 'NONE',  ( -85.43165348135286763, 141.9419079817808438, 78.00574073170533040 ) ) ;
#6622 = DIRECTION ( 'NONE',  ( 0.000000000000000000, -0.9945863214411521103, -0.1039136622497603274 ) ) ;
#6623 = AXIS2_PLACEMENT_3D ( 'NONE', #913, #6287, #5557 ) ;
#6624 = CIRCLE ( 'NONE', #7419, 7.000000000000089706 ) ;
#6625 = CARTESIAN_POINT ( 'NONE',  ( -88.85704537360311406, 134.1033637367180233, 92.18902987986686526 ) ) ;
#6626 = DIRECTION ( 'NONE',  ( -0.000000000000000000, 1.000000000000000000, 0.000000000000000000 ) ) ;
#6627 = CARTESIAN_POINT ( 'NONE',  ( -76.78852960328464405, 86.94190798175786483, 113.5057407317052736 ) ) ;
#6628 = EDGE_CURVE ( 'NONE', #9515, #3249, #6624, .T. ) ;
#6629 = DIRECTION ( 'NONE',  ( 1.000000000000000000, 0.000000000000000000, 0.000000000000000000 ) ) ;
#6630 = EDGE_CURVE ( 'NONE', #7349, #9674, #7125, .T. ) ;
#6631 = EDGE_CURVE ( 'NONE', #8518, #3044, #5375, .T. ) ;
#6632 = CARTESIAN_POINT ( 'NONE',  ( -72.04239758566666296, 70.95745823140279640, 150.4127344092496230 ) ) ;
#6633 = VERTEX_POINT ( 'NONE', #2282 ) ;
#6634 = CARTESIAN_POINT ( 'NONE',  ( -78.78852960328464405, 153.2984571258434698, 111.2135944480160248 ) ) ;
#6635 = ORIENTED_EDGE ( 'NONE', *, *, #3231, .T. ) ;
#6636 = AXIS2_PLACEMENT_3D ( 'NONE', #9395, #7801, #1780 ) ;
#6637 = AXIS2_PLACEMENT_3D ( 'NONE', #8173, #8311, #713 ) ;
#6638 = CARTESIAN_POINT ( 'NONE',  ( -90.61001005408840570, 147.8939197522231837, 107.0249134542453362 ) ) ;
#6639 = VERTEX_POINT ( 'NONE', #5267 ) ;
#6640 = CYLINDRICAL_SURFACE ( 'NONE', #955, 4.999999999999990230 ) ;
#6641 = FACE_OUTER_BOUND ( 'NONE', #3078, .T. ) ;
#6642 = CARTESIAN_POINT ( 'NONE',  ( -70.78852960328462984, 68.32660295023789843, 85.93959922787723826 ) ) ;
#6643 = CARTESIAN_POINT ( 'NONE',  ( -90.33915976286344574, 154.0442464558933580, 103.1813786525586210 ) ) ;
#6644 = VECTOR ( 'NONE', #2042, 1000.000000000000114 ) ;
#6645 = VERTEX_POINT ( 'NONE', #9090 ) ;
#6646 = CARTESIAN_POINT ( 'NONE',  ( -71.47243259238540247, 113.8104339311827715, 96.19464287261715185 ) ) ;
#6647 = DIRECTION ( 'NONE',  ( 1.000000000000000000, -0.000000000000000000, -0.000000000000000000 ) ) ;
#6648 = EDGE_LOOP ( 'NONE', ( #2854, #6041, #4217, #4387, #6053 ) ) ;
#6649 = CARTESIAN_POINT ( 'NONE',  ( -84.36873947124009021, 131.2202281195554576, 129.2996302759233629 ) ) ;
#6650 = CARTESIAN_POINT ( 'NONE',  ( -70.78852960328462984, 151.5997893327761972, 70.75470944934080819 ) ) ;
#6651 = CARTESIAN_POINT ( 'NONE',  ( -79.91817906794410931, 83.95468447011491264, 62.93523399256282858 ) ) ;
#6652 = CARTESIAN_POINT ( 'NONE',  ( -81.46362439412716583, 77.93181861607487804, 66.66821438810124789 ) ) ;
#6653 = DIRECTION ( 'NONE',  ( 1.000000000000000000, 0.000000000000000000, 0.000000000000000000 ) ) ;
#6654 = ADVANCED_FACE ( 'NONE', ( #788 ), #9206, .T. ) ;
#6655 = CARTESIAN_POINT ( 'NONE',  ( -71.21625247606220910, 114.0208117480103738, 96.65294267130555284 ) ) ;
#6656 = CARTESIAN_POINT ( 'NONE',  ( -78.73241471658550950, 148.6295562489418387, 163.1600515490035264 ) ) ;
#6657 = ORIENTED_EDGE ( 'NONE', *, *, #2924, .T. ) ;
#6658 = VERTEX_POINT ( 'NONE', #5464 ) ;
#6659 = EDGE_CURVE ( 'NONE', #8664, #7290, #7833, .T. ) ;
#6660 = CARTESIAN_POINT ( 'NONE',  ( -78.78852960328464405, 141.9419079817567138, 75.00574073170528777 ) ) ;
#6661 = CARTESIAN_POINT ( 'NONE',  ( -70.92717940992157821, 114.7485297002673263, 133.0157942829909814 ) ) ;
#6662 = CARTESIAN_POINT ( 'NONE',  ( -86.78852960328464405, 86.94190798175786483, 111.9057407317052650 ) ) ;
#6663 = CARTESIAN_POINT ( 'NONE',  ( -88.34826173975351082, 113.7402433156871808, 134.2157328412075401 ) ) ;
#6664 = CARTESIAN_POINT ( 'NONE',  ( -88.50369535347191174, 104.8398272954394344, 132.7387839965344369 ) ) ;
#6665 = ORIENTED_EDGE ( 'NONE', *, *, #9391, .T. ) ;
#6666 = CARTESIAN_POINT ( 'NONE',  ( -81.61805256320518254, 75.72831837227086282, 67.04961315022980273 ) ) ;
#6667 = CARTESIAN_POINT ( 'NONE',  ( -85.38309321947424735, 142.9310381055464063, 77.84511382827567161 ) ) ;
#6668 =( LENGTH_UNIT ( ) NAMED_UNIT ( * ) SI_UNIT ( .MILLI., .METRE. ) );
#6669 = CARTESIAN_POINT ( 'NONE',  ( -89.39597702598615570, 142.5046804962487101, 95.40495333057640437 ) ) ;
#6670 = DIRECTION ( 'NONE',  ( 0.000000000000000000, 0.000000000000000000, -1.000000000000000000 ) ) ;
#6671 = CARTESIAN_POINT ( 'NONE',  ( -70.78852960328462984, 152.6347923053280056, 97.44223246188366261 ) ) ;
#6672 = ORIENTED_EDGE ( 'NONE', *, *, #6938, .F. ) ;
#6673 = CARTESIAN_POINT ( 'NONE',  ( -88.77123268437773618, 105.3119079817576704, 115.5054217728012418 ) ) ;
#6674 = ORIENTED_EDGE ( 'NONE', *, *, #1418, .T. ) ;
#6675 = CARTESIAN_POINT ( 'NONE',  ( -85.63438422999153943, 70.48352696360241509, 148.3920215513878702 ) ) ;
#6676 = EDGE_CURVE ( 'NONE', #888, #7032, #4452, .T. ) ;
#6677 = EDGE_CURVE ( 'NONE', #1386, #528, #7034, .T. ) ;
#6678 = DIRECTION ( 'NONE',  ( 0.000000000000000000, 3.965082219661324389E-15, -1.000000000000000000 ) ) ;
#6679 = DIRECTION ( 'NONE',  ( 0.000000000000000000, 1.000000000000000000, -0.000000000000000000 ) ) ;
#6680 = ORIENTED_EDGE ( 'NONE', *, *, #3418, .T. ) ;
#6681 = CARTESIAN_POINT ( 'NONE',  ( -90.77902096497244600, 84.33887835697338176, 115.0099797811425901 ) ) ;
#6682 = LINE ( 'NONE', #5198, #7263 ) ;
#6683 = CARTESIAN_POINT ( 'NONE',  ( -88.17798114524414643, 155.9388528503392308, 125.5474871878436716 ) ) ;
#6684 = CARTESIAN_POINT ( 'NONE',  ( -89.52042512077628089, 123.1165754229685376, 130.7803724592304491 ) ) ;
#6685 = ORIENTED_EDGE ( 'NONE', *, *, #4423, .T. ) ;
#6686 = CARTESIAN_POINT ( 'NONE',  ( -71.75920096912352619, 113.5531620568803959, 96.17696093373270116 ) ) ;
#6687 = CARTESIAN_POINT ( 'NONE',  ( -90.77190873692204320, 89.20197949535406678, 111.5232211964225684 ) ) ;
#6688 = CARTESIAN_POINT ( 'NONE',  ( -92.78852960328464405, 86.94190798175786483, 113.5057407317052736 ) ) ;
#6689 = CARTESIAN_POINT ( 'NONE',  ( -79.98246995940151294, 76.63344828340112258, 65.93410746147641532 ) ) ;
#6690 = CARTESIAN_POINT ( 'NONE',  ( -79.84909616864871396, 76.70923227522067123, 161.1673731292808327 ) ) ;
#6691 = EDGE_CURVE ( 'NONE', #1020, #9089, #4003, .T. ) ;
#6692 = ORIENTED_EDGE ( 'NONE', *, *, #7116, .F. ) ;
#6693 = EDGE_CURVE ( 'NONE', #8717, #7937, #436, .T. ) ;
#6694 = EDGE_CURVE ( 'NONE', #9659, #9021, #2077, .T. ) ;
#6695 = DIRECTION ( 'NONE',  ( 0.000000000000000000, 0.000000000000000000, -1.000000000000000000 ) ) ;
#6696 = CARTESIAN_POINT ( 'NONE',  ( -88.05966985868164443, 152.6938019038043990, 139.0955031286923429 ) ) ;
#6697 = DIRECTION ( 'NONE',  ( 0.000000000000000000, 0.8435723532114173251, -0.5370155350614652656 ) ) ;
#6698 = CARTESIAN_POINT ( 'NONE',  ( -85.59283730928525813, 123.2381812229100575, 123.0748717474550915 ) ) ;
#6699 = CARTESIAN_POINT ( 'NONE',  ( -74.78852960328464405, 68.74463027961520822, 85.00325229342891475 ) ) ;
#6700 = ORIENTED_EDGE ( 'NONE', *, *, #2911, .T. ) ;
#6701 = ORIENTED_EDGE ( 'NONE', *, *, #2377, .T. ) ;
#6702 = PRESENTATION_STYLE_ASSIGNMENT (( #8210 ) ) ;
#6703 = CARTESIAN_POINT ( 'NONE',  ( -71.07171511466570735, 114.5473615947995114, 133.3077127331801819 ) ) ;
#6704 = ORIENTED_EDGE ( 'NONE', *, *, #7976, .F. ) ;
#6705 = CARTESIAN_POINT ( 'NONE',  ( -87.67534768532182454, 113.2790012078404516, 133.6256747218260159 ) ) ;
#6706 = CARTESIAN_POINT ( 'NONE',  ( -79.05060402912360473, 140.9114982980015895, 166.0681662697154479 ) ) ;
#6707 = EDGE_LOOP ( 'NONE', ( #7338, #2892, #4804, #7938, #2960 ) ) ;
#6708 = CARTESIAN_POINT ( 'NONE',  ( -84.95271219449874422, 140.3817616168105644, 126.7584186431317050 ) ) ;
#6709 = EDGE_CURVE ( 'NONE', #2304, #8232, #2237, .T. ) ;
#6710 = CARTESIAN_POINT ( 'NONE',  ( -89.93556842394386308, 120.5460856714430378, 127.6724809507311988 ) ) ;
#6711 = CARTESIAN_POINT ( 'NONE',  ( -85.43165348135286763, 141.9419079817808438, 78.00574073170533040 ) ) ;
#6712 = CARTESIAN_POINT ( 'NONE',  ( -71.60444152329296230, 70.27948369363456038, 150.0947744432860134 ) ) ;
#6713 = DIRECTION ( 'NONE',  ( 1.000000000000000000, -7.401486830834370205E-14, 0.000000000000000000 ) ) ;
#6714 = DIRECTION ( 'NONE',  ( 0.000000000000000000, 0.000000000000000000, -1.000000000000000000 ) ) ;
#6715 = VERTEX_POINT ( 'NONE', #8471 ) ;
#6716 = CARTESIAN_POINT ( 'NONE',  ( -85.54010394784705795, 142.8745242521607963, 103.4653018217150162 ) ) ;
#6717 = VERTEX_POINT ( 'NONE', #4126 ) ;
#6718 = CARTESIAN_POINT ( 'NONE',  ( -89.97438089143663831, 106.5184296458403992, 113.1044972234574004 ) ) ;
#6719 = ORIENTED_EDGE ( 'NONE', *, *, #5115, .F. ) ;
#6720 = CARTESIAN_POINT ( 'NONE',  ( -89.08971932064352472, 126.6197111581715546, 93.51327816240375057 ) ) ;
#6721 = CARTESIAN_POINT ( 'NONE',  ( -74.78852960328464405, 74.23361122905129150, 74.74380810562847444 ) ) ;
#6722 = CARTESIAN_POINT ( 'NONE',  ( -81.83393590757340519, 77.27100509292336028, 67.60749736500835638 ) ) ;
#6723 = CARTESIAN_POINT ( 'NONE',  ( -87.61465686101156791, 66.94681099093610044, 140.8324412320901047 ) ) ;
#6724 = CARTESIAN_POINT ( 'NONE',  ( -89.60369919228233471, 61.40131032359696661, 130.2190380302482993 ) ) ;
#6725 = CARTESIAN_POINT ( 'NONE',  ( -84.36060839628549957, 144.9228977098794076, 74.61801027581994106 ) ) ;
#6726 = CARTESIAN_POINT ( 'NONE',  ( -70.78852960328462984, 86.78156815438114791, 71.25779513156508926 ) ) ;
#6727 = CIRCLE ( 'NONE', #4067, 5.000000000000004441 ) ;
#6728 = CARTESIAN_POINT ( 'NONE',  ( -79.79901910843420865, 89.97441371639119723, 164.3517348465800580 ) ) ;
#6729 = CARTESIAN_POINT ( 'NONE',  ( -90.77186374847551065, 84.68369728888393411, 115.4903645475103531 ) ) ;
#6730 = CARTESIAN_POINT ( 'NONE',  ( -79.63340920556633762, 102.1465857539327970, 164.7488709852305817 ) ) ;
#6731 = CARTESIAN_POINT ( 'NONE',  ( -70.78852960328462984, 66.18236014593446725, 135.7156269189535465 ) ) ;
#6732 = CARTESIAN_POINT ( 'NONE',  ( -80.78852960328464405, 141.9419079817567138, 150.4057407317052935 ) ) ;
#6733 = CARTESIAN_POINT ( 'NONE',  ( -89.78852960328462984, 112.3119079817578125, 91.96147921292704552 ) ) ;
#6734 = CARTESIAN_POINT ( 'NONE',  ( -90.03325821437404386, 120.0642081485420931, 126.8368804969905455 ) ) ;
#6735 = EDGE_LOOP ( 'NONE', ( #9226, #9051, #2758, #1191 ) ) ;
#6736 = CARTESIAN_POINT ( 'NONE',  ( -71.27465560231109976, 114.4194589916605622, 96.13064901244042915 ) ) ;
#6737 = CARTESIAN_POINT ( 'NONE',  ( -90.75976610134827638, 88.44470978530941352, 110.9018916026563062 ) ) ;
#6738 = CARTESIAN_POINT ( 'NONE',  ( -79.94835134963497580, 76.76081723517511080, 65.81684703911533063 ) ) ;
#6739 = CARTESIAN_POINT ( 'NONE',  ( -84.54762330173018370, 144.9424567387106038, 151.8230825392230088 ) ) ;
#6740 = CARTESIAN_POINT ( 'NONE',  ( -83.47507928129124366, 142.3453308273363689, 72.02624891344704849 ) ) ;
#6741 = CIRCLE ( 'NONE', #7074, 1.600000000000004086 ) ;
#6742 = CARTESIAN_POINT ( 'NONE',  ( -79.99290351925718312, 127.0995950700828416, 63.10980955766262923 ) ) ;
#6743 = CARTESIAN_POINT ( 'NONE',  ( -80.79693570588132445, 76.87922586235717404, 66.17785919999559496 ) ) ;
#6744 = DIRECTION ( 'NONE',  ( 0.000000000000000000, -0.06662755410594782546, 0.9977779156875837829 ) ) ;
#6745 = CYLINDRICAL_SURFACE ( 'NONE', #5940, 3.000000000000002665 ) ;
#6746 = CARTESIAN_POINT ( 'NONE',  ( -74.78852960328464405, 72.69430290418813456, 77.30910187526924915 ) ) ;
#6747 = ORIENTED_EDGE ( 'NONE', *, *, #3147, .F. ) ;
#6748 = ORIENTED_EDGE ( 'NONE', *, *, #8523, .T. ) ;
#6749 = ADVANCED_FACE ( 'NONE', ( #2510 ), #5715, .T. ) ;
#6750 = DIRECTION ( 'NONE',  ( 1.000000000000000000, 0.000000000000000000, 0.000000000000000000 ) ) ;
#6751 = EDGE_CURVE ( 'NONE', #888, #3377, #8464, .T. ) ;
#6752 = CARTESIAN_POINT ( 'NONE',  ( -71.05497398411431220, 114.3886574742668074, 133.2110363498273387 ) ) ;
#6753 = CARTESIAN_POINT ( 'NONE',  ( -80.98827202448570972, 151.6583579391499654, 71.02214642643239983 ) ) ;
#6754 = AXIS2_PLACEMENT_3D ( 'NONE', #7144, #390, #4996 ) ;
#6755 = DIRECTION ( 'NONE',  ( -1.000000000000000000, -0.000000000000000000, -0.000000000000000000 ) ) ;
#6756 = ORIENTED_EDGE ( 'NONE', *, *, #4192, .F. ) ;
#6757 = B_SPLINE_CURVE_WITH_KNOTS ( 'NONE', 3,
 ( #8980, #3000, #9781, #3098, #3884, #5939, #9726, #4579, #2306, #6082, #726, #6136 ),
 .UNSPECIFIED., .F., .F.,
 ( 4, 2, 2, 2, 2, 4 ),
 ( 0.000000000000000000, 0.002056213301664664046, 0.004112426603329328093, 0.005140533254161644069, 0.006168639904993960046, 0.008224853206658706492 ),
 .UNSPECIFIED. ) ;
#6758 = CARTESIAN_POINT ( 'NONE',  ( -87.19725700854483819, 111.3119079875060322, 133.5624715484170508 ) ) ;
#6759 = AXIS2_PLACEMENT_3D ( 'NONE', #7964, #4167, #6266 ) ;
#6760 = DIRECTION ( 'NONE',  ( -0.000000000000000000, -1.000000000000000000, -0.000000000000000000 ) ) ;
#6761 = CARTESIAN_POINT ( 'NONE',  ( -90.15193122232081180, 146.6293586817540984, 125.7514177458559601 ) ) ;
#6762 = ORIENTED_EDGE ( 'NONE', *, *, #5716, .T. ) ;
#6763 = EDGE_CURVE ( 'NONE', #2139, #5126, #9292, .T. ) ;
#6764 = VECTOR ( 'NONE', #7782, 1000.000000000000000 ) ;
#6765 = DIRECTION ( 'NONE',  ( 1.000000000000000000, 0.000000000000000000, 0.000000000000000000 ) ) ;
#6766 = CARTESIAN_POINT ( 'NONE',  ( -79.80130612833194448, 76.35312383254839119, 160.8151068537652577 ) ) ;
#6767 = CYLINDRICAL_SURFACE ( 'NONE', #1555, 9.999999999999968026 ) ;
#6768 = CARTESIAN_POINT ( 'NONE',  ( -85.78700053235233725, 143.4451385855411161, 105.3617814156627475 ) ) ;
#6769 = CARTESIAN_POINT ( 'NONE',  ( -72.15955926450152447, 71.42605270780158833, 150.6306194428237291 ) ) ;
#6770 = AXIS2_PLACEMENT_3D ( 'NONE', #1137, #640, #3599 ) ;
#6771 = EDGE_LOOP ( 'NONE', ( #6558, #774 ) ) ;
#6772 = CARTESIAN_POINT ( 'NONE',  ( -89.32003900688177112, 107.1623008162965363, 113.4302543513477559 ) ) ;
#6773 = EDGE_LOOP ( 'NONE', ( #3837, #2992, #8725, #9625 ) ) ;
#6774 = EDGE_CURVE ( 'NONE', #1894, #1249, #2582, .T. ) ;
#6775 = CARTESIAN_POINT ( 'NONE',  ( -86.02081910227795447, 64.44502550695220577, 139.5473717831467582 ) ) ;
#6776 = CARTESIAN_POINT ( 'NONE',  ( -90.75767582593863381, 85.61052533540147635, 110.8102644612114176 ) ) ;
#6777 = CARTESIAN_POINT ( 'NONE',  ( -70.78852960328462984, 64.66347803448965692, 130.8309136237396331 ) ) ;
#6778 = CARTESIAN_POINT ( 'NONE',  ( -80.88603210087045170, 151.5038501731437748, 70.31663040964045308 ) ) ;
#6779 = ORIENTED_EDGE ( 'NONE', *, *, #3825, .F. ) ;
#6780 = CARTESIAN_POINT ( 'NONE',  ( -70.97009908537518186, 114.6797327882991624, 96.60256057045263844 ) ) ;
#6781 = CARTESIAN_POINT ( 'NONE',  ( -90.78116534073814137, 89.63864468994833601, 112.1769091076684219 ) ) ;
#6782 = AXIS2_PLACEMENT_3D ( 'NONE', #6898, #4006, #9295 ) ;
#6783 = CARTESIAN_POINT ( 'NONE',  ( -80.29106826950315678, 112.0883338204502024, 63.81121941863545999 ) ) ;
#6784 = CARTESIAN_POINT ( 'NONE',  ( -90.48457965483977716, 112.4483336256657537, 105.0493643056307036 ) ) ;
#6785 = CIRCLE ( 'NONE', #2568, 5.000000000000004441 ) ;
#6786 = CARTESIAN_POINT ( 'NONE',  ( -88.77123346665156589, 105.3119079817578267, 115.5054217592787609 ) ) ;
#6787 = ORIENTED_EDGE ( 'NONE', *, *, #64, .T. ) ;
#6788 = CARTESIAN_POINT ( 'NONE',  ( -89.14104613371466712, 113.2195740361904654, 113.5852941977889685 ) ) ;
#6789 = AXIS2_PLACEMENT_3D ( 'NONE', #5984, #5891, #2905 ) ;
#6790 = VECTOR ( 'NONE', #9510, 1000.000000000000000 ) ;
#6791 = CARTESIAN_POINT ( 'NONE',  ( -79.71467214648804145, 136.3726908268253908, 62.46350441714006507 ) ) ;
#6792 = B_SPLINE_CURVE_WITH_KNOTS ( 'NONE', 3,
 ( #750, #5882, #8167, #3569, #2838, #5828, #7406 ),
 .UNSPECIFIED., .F., .F.,
 ( 4, 3, 4 ),
 ( 0.000000000000000000, 0.004000000011837412210, 0.009787306945180903120 ),
 .UNSPECIFIED. ) ;
#6793 = CARTESIAN_POINT ( 'NONE',  ( -81.85275765393471659, 107.4468056478177402, 105.0493643056304194 ) ) ;
#6794 = CARTESIAN_POINT ( 'NONE',  ( -85.30205146330536081, 124.2077047504569123, 124.9234429808295346 ) ) ;
#6795 = DIRECTION ( 'NONE',  ( 1.000000000000000000, 0.000000000000000000, 0.000000000000000000 ) ) ;
#6796 = VERTEX_POINT ( 'NONE', #9650 ) ;
#6797 = CARTESIAN_POINT ( 'NONE',  ( -85.97090709588684376, 122.5309159640421228, 107.2804998236556884 ) ) ;
#6798 = VERTEX_POINT ( 'NONE', #2879 ) ;
#6799 = CARTESIAN_POINT ( 'NONE',  ( -81.40015281766621058, 150.6052641406764963, 160.5066149646328597 ) ) ;
#6800 = CARTESIAN_POINT ( 'NONE',  ( -79.55657460155141791, 76.39530113666708644, 160.8920802667664418 ) ) ;
#6801 = ORIENTED_EDGE ( 'NONE', *, *, #1881, .T. ) ;
#6802 = CARTESIAN_POINT ( 'NONE',  ( -86.19937124638234138, 122.5309159640421086, 115.3471801710887803 ) ) ;
#6803 = CARTESIAN_POINT ( 'NONE',  ( -84.37120331234052628, 129.9413963673827652, 97.61603623734715995 ) ) ;
#6804 = EDGE_CURVE ( 'NONE', #7912, #2807, #8156, .T. ) ;
#6805 = EDGE_CURVE ( 'NONE', #4011, #1638, #2277, .T. ) ;
#6806 = CARTESIAN_POINT ( 'NONE',  ( -70.78852960328462984, 86.78156815438114791, 61.25779513156511769 ) ) ;
#6807 = CARTESIAN_POINT ( 'NONE',  ( -83.38852960328463837, 133.6309159640421456, 129.3804998236556685 ) ) ;
#6808 = EDGE_LOOP ( 'NONE', ( #653, #2302, #9605, #1951, #9555, #8179, #5348, #3987 ) ) ;
#6809 = CARTESIAN_POINT ( 'NONE',  ( -89.10800550757851113, 151.5415471075180847, 156.5235893300313421 ) ) ;
#6810 = CARTESIAN_POINT ( 'NONE',  ( -79.05060402912359052, 140.9114982980015895, 166.0681662697154763 ) ) ;
#6811 = DIRECTION ( 'NONE',  ( 0.000000000000000000, 1.000000000000000000, 0.000000000000000000 ) ) ;
#6812 = CARTESIAN_POINT ( 'NONE',  ( -69.74836691017675605, 62.45982050141635966, 108.5869404288169306 ) ) ;
#6813 = CARTESIAN_POINT ( 'NONE',  ( -90.78852960328464405, 148.6291795245886078, 63.85083238814000595 ) ) ;
#6814 = EDGE_CURVE ( 'NONE', #2304, #8218, #3901, .T. ) ;
#6815 = CARTESIAN_POINT ( 'NONE',  ( -71.60444152329296230, 74.23430616927745973, 152.2681882442929862 ) ) ;
#6816 = CARTESIAN_POINT ( 'NONE',  ( -89.76476909489974787, 144.9500639695381778, 97.98182208705726737 ) ) ;
#6817 = CARTESIAN_POINT ( 'NONE',  ( -81.85275765393471659, 110.3119079817578125, 91.96147921292704552 ) ) ;
#6818 = CARTESIAN_POINT ( 'NONE',  ( -79.62220720602455515, 143.0167993698219959, 62.25186050711133845 ) ) ;
#6819 = CARTESIAN_POINT ( 'NONE',  ( -74.78852960328464405, 71.21275621524479504, 150.5298516408311968 ) ) ;
#6820 = CARTESIAN_POINT ( 'NONE',  ( -72.14980227529873957, 71.38375688804423191, 150.6103793650944453 ) ) ;
#6821 = CARTESIAN_POINT ( 'NONE',  ( -78.78852960328464405, 141.0781728677007720, 163.0725428431005923 ) ) ;
#6822 = VERTEX_POINT ( 'NONE', #981 ) ;
#6823 = ORIENTED_EDGE ( 'NONE', *, *, #5630, .F. ) ;
#6824 = PLANE ( 'NONE',  #8856 ) ;
#6825 = CARTESIAN_POINT ( 'NONE',  ( -88.77030469498873799, 59.30915699551250952, 115.6895405422122565 ) ) ;
#6826 = DIRECTION ( 'NONE',  ( 0.000000000000000000, 0.000000000000000000, -1.000000000000000000 ) ) ;
#6827 = ADVANCED_FACE ( 'NONE', ( #5568 ), #7103, .F. ) ;
#6828 = CYLINDRICAL_SURFACE ( 'NONE', #2534, 1.000000000000000888 ) ;
#6829 = CARTESIAN_POINT ( 'NONE',  ( -78.78852960328464405, 62.80437541313471428, 122.8456268489117917 ) ) ;
#6830 = CARTESIAN_POINT ( 'NONE',  ( -72.28852960328462984, 103.8119079817578410, 133.0054217592787609 ) ) ;
#6831 = CARTESIAN_POINT ( 'NONE',  ( -74.78852960328464405, 72.32019336941992549, 77.85508289933137860 ) ) ;
#6832 = CARTESIAN_POINT ( 'NONE',  ( -90.40533293135347037, 118.6368822097361431, 123.0122814714877393 ) ) ;
#6833 = ORIENTED_EDGE ( 'NONE', *, *, #6383, .T. ) ;
#6834 = CARTESIAN_POINT ( 'NONE',  ( -70.95856703744229321, 114.4986989289649273, 96.73833516675061617 ) ) ;
#6835 = CARTESIAN_POINT ( 'NONE',  ( -90.78611317967065020, 89.84579868075188358, 112.7270232232684748 ) ) ;
#6836 = CARTESIAN_POINT ( 'NONE',  ( -80.00291419903817314, 145.4390992612430864, 163.8779273382105828 ) ) ;
#6837 = DIRECTION ( 'NONE',  ( 0.000000000000000000, 0.000000000000000000, -1.000000000000000000 ) ) ;
#6838 = FACE_BOUND ( 'NONE', #6808, .T. ) ;
#6839 = CARTESIAN_POINT ( 'NONE',  ( -79.60544802777309314, 76.85795876567894425, 65.72078627085095093 ) ) ;
#6840 = EDGE_CURVE ( 'NONE', #6107, #9382, #7908, .T. ) ;
#6841 = CARTESIAN_POINT ( 'NONE',  ( -84.73103677547366885, 144.8530061093254062, 151.2558269986045332 ) ) ;
#6842 = CARTESIAN_POINT ( 'NONE',  ( -71.14012594408978885, 114.1190269076060417, 133.0026125630380989 ) ) ;
#6843 = DIRECTION ( 'NONE',  ( -1.000000000000000000, -0.000000000000000000, -0.000000000000000000 ) ) ;
#6844 = CARTESIAN_POINT ( 'NONE',  ( -84.39889067268360634, 130.5367068870736205, 129.1797264387408859 ) ) ;
#6845 = CARTESIAN_POINT ( 'NONE',  ( -74.78852960328464405, 62.45982050141635966, 108.5869404288169306 ) ) ;
#6846 = VERTEX_POINT ( 'NONE', #2767 ) ;
#6847 = CYLINDRICAL_SURFACE ( 'NONE', #3123, 4.831554383945530162 ) ;
#6848 = CARTESIAN_POINT ( 'NONE',  ( -77.88642852730015420, 87.44784369544065328, 61.28001597468926320 ) ) ;
#6849 = DIRECTION ( 'NONE',  ( -0.000000000000000000, -0.000000000000000000, 1.000000000000000000 ) ) ;
#6850 = ORIENTED_EDGE ( 'NONE', *, *, #5833, .T. ) ;
#6851 = CARTESIAN_POINT ( 'NONE',  ( -54.78852960328462984, 1.941907981756710200, 82.00574073170528777 ) ) ;
#6852 = CARTESIAN_POINT ( 'NONE',  ( -79.67723552335233705, 150.6968368379113485, 160.2815556346090489 ) ) ;
#6853 = ORIENTED_EDGE ( 'NONE', *, *, #7361, .F. ) ;
#6854 = EDGE_CURVE ( 'NONE', #3604, #7809, #8861, .T. ) ;
#6855 = CARTESIAN_POINT ( 'NONE',  ( -84.65999087507799459, 127.2127539581669424, 98.81113839986109326 ) ) ;
#6856 = CARTESIAN_POINT ( 'NONE',  ( -84.60134030181593801, 138.0695234420346367, 128.3473964481990777 ) ) ;
#6857 = DIRECTION ( 'NONE',  ( 1.000000000000000000, -0.000000000000000000, -0.000000000000000000 ) ) ;
#6858 = CARTESIAN_POINT ( 'NONE',  ( -83.38852960328463837, 122.5309159640421228, 107.2804998236556884 ) ) ;
#6859 = ORIENTED_EDGE ( 'NONE', *, *, #2313, .F. ) ;
#6860 = CARTESIAN_POINT ( 'NONE',  ( -69.74836691017675605, 70.10455760800985558, 145.0472966380754087 ) ) ;
#6861 = EDGE_CURVE ( 'NONE', #1386, #376, #2662, .T. ) ;
#6862 = CARTESIAN_POINT ( 'NONE',  ( -89.24296290315915314, 124.9763329620820826, 94.43670492299335706 ) ) ;
#6863 = DIRECTION ( 'NONE',  ( 1.000000000000000000, 0.000000000000000000, 0.000000000000000000 ) ) ;
#6864 = ADVANCED_FACE ( 'NONE', ( #9485 ), #7431, .T. ) ;
#6865 = DIRECTION ( 'NONE',  ( 0.000000000000000000, 0.000000000000000000, 1.000000000000000000 ) ) ;
#6866 = DIRECTION ( 'NONE',  ( 0.000000000000000000, 0.000000000000000000, -1.000000000000000000 ) ) ;
#6867 = CARTESIAN_POINT ( 'NONE',  ( -90.33476292670593466, 147.4108050554200702, 103.1628897600201782 ) ) ;
#6868 = CARTESIAN_POINT ( 'NONE',  ( -76.78852960328464405, 78.55005808952117263, 68.26162717872138330 ) ) ;
#6869 = CARTESIAN_POINT ( 'NONE',  ( -84.71173747855775105, 139.2923869657354601, 99.03732045501899961 ) ) ;
#6870 = DIRECTION ( 'NONE',  ( -0.000000000000000000, 1.000000000000000000, -0.000000000000000000 ) ) ;
#6871 = ORIENTED_EDGE ( 'NONE', *, *, #4624, .F. ) ;
#6872 = ORIENTED_EDGE ( 'NONE', *, *, #9424, .T. ) ;
#6873 = ADVANCED_FACE ( 'NONE', ( #225 ), #9792, .T. ) ;
#6874 = B_SPLINE_SURFACE_WITH_KNOTS ( 'NONE', 3, 3, ( 
 ( #214, #2555, #8368, #5538, #8513, #3241, #6224, #1541, #1602, #4557 ),
 ( #7576, #4761, #9267, #2506, #1752, #3822, #2652, #3517, #2700, #4212 ),
 ( #1097, #4812, #3328, #5676, #7124, #4122, #6463, #1043, #4860, #8709 ),
 ( #3463, #7257, #508, #6517, #5724, #315, #9420, #7830, #8751, #9563 ),
 ( #4939, #8659, #1807, #7928, #1199, #1988, #368, #2782, #1241, #4983 ),
 ( #8008, #9470, #6320, #3379, #1947, #1851, #4259, #9374, #8566, #2742 ),
 ( #6366, #4064, #2603, #7073, #7967, #5581, #8616, #7171, #6415, #7876 ),
 ( #5627, #1896, #7209, #460, #4905, #1149, #4169, #415, #9526, #3422 ),
 ( #5220, #654, #8163, #704, #2140, #7403, #5819, #554, #4510, #2830 ),
 ( #595, #5128, #1390, #7464, #5771, #2888, #5029, #9805, #7511, #3559 ),
 ( #8955, #8061, #5171, #1294, #8799, #6752, #4409, #3714, #6703, #6608 ),
 ( #4318, #7306, #2184, #2039, #743, #3757, #9661, #9606, #5875, #9749 ),
 ( #6559, #8212, #8854, #4466, #1445, #8905, #2086, #3670, #6661, #9707 ),
 ( #2980, #5966, #2937, #5920, #8259, #9000, #5085, #2234, #8106, #1336 ),
 ( #1493, #4362, #7347, #3615, #4232, #4284, #5698, #3484, #8678, #393 ),
 ( #6389, #9542, #5000, #2801, #5051, #1309, #9397, #4334, #7900, #2623 ),
 ( #3404, #573, #1921, #1175, #7369, #9631, #5846, #8131, #987, #7818 ),
 ( #7006, #3270, #3907, #9204, #2446, #4800, #5416, #7716, #8842, #3502 ),
 ( #540, #3454, #5662, #8786, #4932, #5014, #1279, #8740, #7956, #7241 ),
 ( #8092, #7336, #6353, #9408, #8647, #1883, #9643, #8990, #2125, #3744 ) ),
 .UNSPECIFIED., .F., .F., .F.,
 ( 4, 2, 2, 2, 2, 2, 2, 2, 2, 4 ),
 ( 4, 2, 2, 2, 4 ),
 ( 0.000000000000000000, 0.1250000000000000000, 0.2500000000000000000, 0.3750000000000000000, 0.5000000000000000000, 0.6250000000000000000, 0.7500000000000000000, 0.8750000000000000000, 0.9375000000000000000, 1.000000000000000000 ),
 ( 0.000000000000000000, 0.2500000000000000000, 0.5000000000000000000, 0.7500000000000000000, 1.000000000000000000 ),
 .UNSPECIFIED. ) ;
#6875 = CARTESIAN_POINT ( 'NONE',  ( -74.78852960328464405, 70.97961747709840097, 80.40308007633707632 ) ) ;
#6876 = CARTESIAN_POINT ( 'NONE',  ( -84.48257790057068917, 72.54078415417369285, 152.0218420304613858 ) ) ;
#6877 = EDGE_CURVE ( 'NONE', #988, #5004, #2436, .T. ) ;
#6878 = LINE ( 'NONE', #5195, #4709 ) ;
#6879 = CARTESIAN_POINT ( 'NONE',  ( -89.78852960328462984, 105.4468056478177402, 103.0725956219346386 ) ) ;
#6880 = DIRECTION ( 'NONE',  ( 1.000000000000000000, -0.000000000000000000, -0.000000000000000000 ) ) ;
#6881 = CARTESIAN_POINT ( 'NONE',  ( -78.15452252181586346, 126.9623622400146132, 61.90214970102342562 ) ) ;
#6882 = CARTESIAN_POINT ( 'NONE',  ( -79.94004116164663287, 76.39555098386412624, 66.17189872940258510 ) ) ;
#6883 = CARTESIAN_POINT ( 'NONE',  ( -78.16719513713607626, 97.20908031448949771, 165.0794685023070372 ) ) ;
#6884 = VERTEX_POINT ( 'NONE', #6786 ) ;
#6885 = CARTESIAN_POINT ( 'NONE',  ( -71.14012594408978885, 114.5303555264446373, 96.30432605439445126 ) ) ;
#6886 = CARTESIAN_POINT ( 'NONE',  ( -90.61001005408840570, 118.2679121758610847, 107.0249134542453362 ) ) ;
#6887 = ADVANCED_FACE ( 'NONE', ( #1628 ), #5409, .F. ) ;
#6888 = LINE ( 'NONE', #130, #322 ) ;
#6889 = CARTESIAN_POINT ( 'NONE',  ( -72.05294020390513765, 70.98565047665864824, 76.58625427246897743 ) ) ;
#6890 = DIRECTION ( 'NONE',  ( 1.000000000000000000, -0.000000000000000000, 0.000000000000000000 ) ) ;
#6891 = VECTOR ( 'NONE', #5214, 1000.000000000000000 ) ;
#6892 = EDGE_CURVE ( 'NONE', #3199, #1894, #2089, .T. ) ;
#6893 = CARTESIAN_POINT ( 'NONE',  ( -85.85308187505623323, 68.13103925367775560, 147.8838568592401828 ) ) ;
#6894 = CARTESIAN_POINT ( 'NONE',  ( -73.28852960328462984, 111.3119079817578125, 112.5054217592787467 ) ) ;
#6895 = CARTESIAN_POINT ( 'NONE',  ( -89.06633044163712043, 153.2903938014872267, 133.7137260587777519 ) ) ;
#6896 = LINE ( 'NONE', #7553, #2061 ) ;
#6897 = CARTESIAN_POINT ( 'NONE',  ( -83.46783883031336870, 141.5348998286386575, 72.00574073170527356 ) ) ;
#6898 = CARTESIAN_POINT ( 'NONE',  ( -87.78852960328462984, 110.9293568147877664, 102.8454217592787501 ) ) ;
#6899 = CARTESIAN_POINT ( 'NONE',  ( -84.59817841875096178, 128.1277462775697700, 128.3603085259710213 ) ) ;
#6900 = VECTOR ( 'NONE', #6189, 1000.000000000000000 ) ;
#6901 = CARTESIAN_POINT ( 'NONE',  ( -90.78852960328464405, 78.63294074932888122, 158.8651309012557249 ) ) ;
#6902 = CARTESIAN_POINT ( 'NONE',  ( -89.65102579044015840, 113.3119079804476996, 97.11293233161485716 ) ) ;
#6903 = ORIENTED_EDGE ( 'NONE', *, *, #2687, .T. ) ;
#6904 = CARTESIAN_POINT ( 'NONE',  ( -77.87871578596957534, 86.30619468209103218, 61.25779513156511769 ) ) ;
#6905 = EDGE_LOOP ( 'NONE', ( #153, #4497, #8600, #7239 ) ) ;
#6906 = CARTESIAN_POINT ( 'NONE',  ( -4.786529603284628287, 74.23430613536913825, 152.2681882201588053 ) ) ;
#6907 = CARTESIAN_POINT ( 'NONE',  ( -70.78852960328462984, 76.17700562666578890, 66.42289414498492306 ) ) ;
#6908 = ORIENTED_EDGE ( 'NONE', *, *, #4576, .F. ) ;
#6909 = VECTOR ( 'NONE', #8026, 1000.000000000000000 ) ;
#6910 = CARTESIAN_POINT ( 'NONE',  ( -85.11001741091521922, 124.8016898319790187, 100.9354885368164361 ) ) ;
#6911 = DIRECTION ( 'NONE',  ( 0.000000000000000000, 0.000000000000000000, -1.000000000000000000 ) ) ;
#6912 = CARTESIAN_POINT ( 'NONE',  ( -84.48101772609555837, 136.8665855032084835, 128.8481990569973732 ) ) ;
#6913 = CARTESIAN_POINT ( 'NONE',  ( -76.78852960328464405, 74.34412246974893890, 152.4463397633651311 ) ) ;
#6914 = CARTESIAN_POINT ( 'NONE',  ( -78.78852960328462984, 65.37799230967840458, 133.6207222281277041 ) ) ;
#6915 = VECTOR ( 'NONE', #9449, 1000.000000000000000 ) ;
#6916 = DIRECTION ( 'NONE',  ( 0.000000000000000000, -0.06860884601768238444, 0.9976436369005327043 ) ) ;
#6917 = VERTEX_POINT ( 'NONE', #434 ) ;
#6918 = CARTESIAN_POINT ( 'NONE',  ( -69.74836691017675605, 72.76613869137212021, 149.8243718520982668 ) ) ;
#6919 = CARTESIAN_POINT ( 'NONE',  ( -89.78852960328462984, 104.4468056478177402, 91.96147921292704552 ) ) ;
#6920 = LINE ( 'NONE', #8468, #1101 ) ;
#6921 = CARTESIAN_POINT ( 'NONE',  ( -76.78852960328464405, 127.1682114851169985, 64.89507905005437749 ) ) ;
#6922 = CARTESIAN_POINT ( 'NONE',  ( -90.28352053381715336, 119.0239197347103897, 124.4151076008942027 ) ) ;
#6923 = CARTESIAN_POINT ( 'NONE',  ( -89.20163492738112154, 111.3995177211864700, 113.4614567299358043 ) ) ;
#6924 = AXIS2_PLACEMENT_3D ( 'NONE', #299, #4233, #8132 ) ;
#6925 = CARTESIAN_POINT ( 'NONE',  ( -92.78852960328464405, 141.9419079817567138, 152.0057407317052878 ) ) ;
#6926 = CARTESIAN_POINT ( 'NONE',  ( -82.68544011679921368, 150.6166739379899298, 156.4713979225332139 ) ) ;
#6927 = EDGE_LOOP ( 'NONE', ( #9041, #9044, #6529, #2208 ) ) ;
#6928 = CARTESIAN_POINT ( 'NONE',  ( -84.34308485189642113, 135.7408395235268870, 97.50554132828089848 ) ) ;
#6929 = CARTESIAN_POINT ( 'NONE',  ( -90.62951458541260763, 147.8939197522231837, 119.6217600156973475 ) ) ;
#6930 = B_SPLINE_CURVE_WITH_KNOTS ( 'NONE', 3,
 ( #1736, #9203, #1690, #6848 ),
 .UNSPECIFIED., .F., .F.,
 ( 4, 4 ),
 ( 0.005680446871850710136, 0.006341617307013634047 ),
 .UNSPECIFIED. ) ;
#6931 = CARTESIAN_POINT ( 'NONE',  ( -70.79988127500413952, 115.1168958255788795, 97.22291728304554681 ) ) ;
#6932 = VERTEX_POINT ( 'NONE', #7879 ) ;
#6933 = ORIENTED_EDGE ( 'NONE', *, *, #1755, .F. ) ;
#6934 = VECTOR ( 'NONE', #6307, 1000.000000000000000 ) ;
#6935 = CARTESIAN_POINT ( 'NONE',  ( -90.36830424940539785, 60.02912708529174068, 103.2337332885999217 ) ) ;
#6936 = CARTESIAN_POINT ( 'NONE',  ( -86.30914629793618076, 63.90827675224636550, 88.85365462199008846 ) ) ;
#6937 = EDGE_CURVE ( 'NONE', #9569, #2182, #1098, .T. ) ;
#6938 = EDGE_CURVE ( 'NONE', #537, #3176, #3982, .T. ) ;
#6939 = AXIS2_PLACEMENT_3D ( 'NONE', #1143, #4205, #4620 ) ;
#6940 = LINE ( 'NONE', #2367, #8243 ) ;
#6941 = FACE_OUTER_BOUND ( 'NONE', #2827, .T. ) ;
#6942 = LINE ( 'NONE', #4827, #5682 ) ;
#6943 = CARTESIAN_POINT ( 'NONE',  ( -74.78852960328464405, 62.28129188458618160, 116.9872984868388670 ) ) ;
#6944 = VERTEX_POINT ( 'NONE', #8009 ) ;
#6945 = CARTESIAN_POINT ( 'NONE',  ( -71.31040910139365963, 113.9960979339292209, 96.27074550115715112 ) ) ;
#6946 = CARTESIAN_POINT ( 'NONE',  ( -79.68165839233120096, 76.91379148913975428, 161.3237573757500627 ) ) ;
#6947 = CARTESIAN_POINT ( 'NONE',  ( -82.09459944254001584, 104.4499852249937248, 91.96147921292704552 ) ) ;
#6948 = AXIS2_PLACEMENT_3D ( 'NONE', #2724, #4964, #8639 ) ;
#6949 = CIRCLE ( 'NONE', #7751, 4.999999999999990230 ) ;
#6950 = CARTESIAN_POINT ( 'NONE',  ( -79.72105162591300598, 87.31496967778880958, 164.5317061275722494 ) ) ;
#6951 = LINE ( 'NONE', #1073, #7750 ) ;
#6952 = CARTESIAN_POINT ( 'NONE',  ( -83.38852960328463837, 140.8309159640421910, 95.58049982365569974 ) ) ;
#6953 = AXIS2_PLACEMENT_3D ( 'NONE', #6954, #884, #6300 ) ;
#6954 = CARTESIAN_POINT ( 'NONE',  ( -86.69593003848908097, 107.3119079817578267, 131.5054217592787609 ) ) ;
#6955 = CARTESIAN_POINT ( 'NONE',  ( -85.29986540573844422, 124.2160864881303723, 124.9360027775613560 ) ) ;
#6956 = CIRCLE ( 'NONE', #4286, 1.999999999999993783 ) ;
#6957 = CARTESIAN_POINT ( 'NONE',  ( -74.78852960328464405, 66.18236014593446725, 135.7156269189535465 ) ) ;
#6958 = ORIENTED_EDGE ( 'NONE', *, *, #1152, .F. ) ;
#6959 = CARTESIAN_POINT ( 'NONE',  ( -70.78852960328462984, 151.2440370947211079, 141.6572865280419080 ) ) ;
#6960 = CARTESIAN_POINT ( 'NONE',  ( -90.55307109246425057, 118.2912537397315305, 106.0472177787452495 ) ) ;
#6961 = ORIENTED_EDGE ( 'NONE', *, *, #6078, .T. ) ;
#6962 = CARTESIAN_POINT ( 'NONE',  ( -78.78852960328464405, 145.8309159640421626, 100.5804998236556855 ) ) ;
#6963 = CARTESIAN_POINT ( 'NONE',  ( -78.78852960328464405, 105.8119079817578410, 135.0054217592787609 ) ) ;
#6964 = CARTESIAN_POINT ( 'NONE',  ( -85.29341568765228487, 141.9209962742317543, 124.9728911357146188 ) ) ;
#6965 = VECTOR ( 'NONE', #2657, 1000.000000000000000 ) ;
#6966 = ORIENTED_EDGE ( 'NONE', *, *, #3523, .T. ) ;
#6967 = DIRECTION ( 'NONE',  ( 1.000000000000000000, -0.000000000000000000, -0.000000000000000000 ) ) ;
#6968 = AXIS2_PLACEMENT_3D ( 'NONE', #1244, #369, #6020 ) ;
#6969 = CARTESIAN_POINT ( 'NONE',  ( -85.48803756966081835, 123.4377506234186939, 103.1187535643973092 ) ) ;
#6970 = CARTESIAN_POINT ( 'NONE',  ( -90.06480175632971452, 146.4267715225176119, 100.4501238624851140 ) ) ;
#6971 = LINE ( 'NONE', #6913, #2179 ) ;
#6972 = PLANE ( 'NONE',  #3657 ) ;
#6973 = PRESENTATION_LAYER_ASSIGNMENT (  '', '', ( #4773 ) ) ;
#6974 = CARTESIAN_POINT ( 'NONE',  ( -77.88624991159676370, 87.44823992607120999, 165.7313321388055272 ) ) ;
#6975 = ORIENTED_EDGE ( 'NONE', *, *, #8623, .F. ) ;
#6976 = DIRECTION ( 'NONE',  ( 0.000000000000000000, 0.000000000000000000, 1.000000000000000000 ) ) ;
#6977 = FACE_OUTER_BOUND ( 'NONE', #4999, .T. ) ;
#6978 = CARTESIAN_POINT ( 'NONE',  ( -85.05597426224210267, 140.9013063106592938, 126.2484048718696670 ) ) ;
#6979 = CARTESIAN_POINT ( 'NONE',  ( -82.22276759583758121, 151.1936127678312687, 70.64893688375821057 ) ) ;
#6980 = DIRECTION ( 'NONE',  ( 2.286304346285683632E-15, -1.000000000000000000, -1.261617073437657893E-14 ) ) ;
#6981 = CARTESIAN_POINT ( 'NONE',  ( -90.11237514067499887, 146.6249393887857480, 100.8853317130436125 ) ) ;
#6982 = EDGE_LOOP ( 'NONE', ( #5286, #244, #8160, #6290 ) ) ;
#6983 = CARTESIAN_POINT ( 'NONE',  ( -84.55712136704568138, 138.1785939946103099, 98.37290682141993159 ) ) ;
#6984 = EDGE_LOOP ( 'NONE', ( #8257, #7574, #815, #5743 ) ) ;
#6985 = VERTEX_POINT ( 'NONE', #6561 ) ;
#6986 = CARTESIAN_POINT ( 'NONE',  ( -79.82693293476667407, 76.76017545100427242, 161.2088035066728082 ) ) ;
#6987 = CARTESIAN_POINT ( 'NONE',  ( -89.62935585566714281, 61.35529539073292682, 96.93824090418007700 ) ) ;
#6988 = CARTESIAN_POINT ( 'NONE',  ( -80.33863305156168622, 74.96324936574673359, 68.11341952060750771 ) ) ;
#6989 = CARTESIAN_POINT ( 'NONE',  ( -72.05572082408200174, 71.01067286494631503, 150.4154406772058792 ) ) ;
#6990 = ADVANCED_FACE ( 'NONE', ( #1296 ), #5086, .F. ) ;
#6991 = DIRECTION ( 'NONE',  ( 0.000000000000000000, 0.000000000000000000, 1.000000000000000000 ) ) ;
#6992 = CARTESIAN_POINT ( 'NONE',  ( -74.78852960328464405, 70.44784771804295076, 146.1115503280801420 ) ) ;
#6993 = ORIENTED_EDGE ( 'NONE', *, *, #53, .F. ) ;
#6994 = CARTESIAN_POINT ( 'NONE',  ( -70.79067217804410461, 115.1514133518026597, 97.36387983396797097 ) ) ;
#6995 = DIRECTION ( 'NONE',  ( 0.000000000000000000, 0.000000000000000000, -1.000000000000000000 ) ) ;
#6996 = EDGE_CURVE ( 'NONE', #7267, #3842, #7130, .T. ) ;
#6997 = LINE ( 'NONE', #8589, #2675 ) ;
#6998 = DIRECTION ( 'NONE',  ( 0.000000000000000000, 0.7071067811864006902, 0.7071067811866943442 ) ) ;
#6999 = CARTESIAN_POINT ( 'NONE',  ( -72.28852960328462984, 113.3204415849168925, 133.5125265045658125 ) ) ;
#7000 = DIRECTION ( 'NONE',  ( 1.000000000000000000, 0.000000000000000000, -0.000000000000000000 ) ) ;
#7001 = CARTESIAN_POINT ( 'NONE',  ( -85.29545127841225849, 124.2330341307479955, 124.9613379419111396 ) ) ;
#7002 = DIRECTION ( 'NONE',  ( -1.000000000000000000, -0.000000000000000000, -0.000000000000000000 ) ) ;
#7003 = ORIENTED_EDGE ( 'NONE', *, *, #7229, .F. ) ;
#7004 = CARTESIAN_POINT ( 'NONE',  ( -70.78852960328462984, 151.7324134854724207, 138.1213361732967257 ) ) ;
#7005 =( NAMED_UNIT ( * ) SI_UNIT ( $, .STERADIAN. ) SOLID_ANGLE_UNIT ( ) );
#7006 = CARTESIAN_POINT ( 'NONE',  ( -70.79081213193764199, 115.1470855524151489, 132.3461749591875503 ) ) ;
#7007 = ORIENTED_EDGE ( 'NONE', *, *, #186, .F. ) ;
#7008 = CARTESIAN_POINT ( 'NONE',  ( -70.44567412956908470, 64.57048608689542846, 130.5452957321393512 ) ) ;
#7009 = EDGE_CURVE ( 'NONE', #3377, #3728, #1782, .T. ) ;
#7010 = CARTESIAN_POINT ( 'NONE',  ( -80.07340676171189386, 151.2117196234293601, 159.0218854583973780 ) ) ;
#7011 = CARTESIAN_POINT ( 'NONE',  ( -79.87792342749585828, 75.80819227116116110, 160.0717002306536472 ) ) ;
#7012 = EDGE_CURVE ( 'NONE', #1198, #7122, #1989, .T. ) ;
#7013 = ORIENTED_EDGE ( 'NONE', *, *, #5295, .F. ) ;
#7014 = LINE ( 'NONE', #5666, #352 ) ;
#7015 = CARTESIAN_POINT ( 'NONE',  ( -77.85127536240732127, 144.1673806284409238, 61.26270144370620585 ) ) ;
#7016 = CYLINDRICAL_SURFACE ( 'NONE', #6939, 9.999999999999980460 ) ;
#7017 = CARTESIAN_POINT ( 'NONE',  ( -85.64685539328007735, 123.0080791255335981, 104.2239214204268762 ) ) ;
#7018 = CARTESIAN_POINT ( 'NONE',  ( -85.15831935624925109, 141.5625685291729496, 101.1882497724853920 ) ) ;
#7019 = DIRECTION ( 'NONE',  ( 0.000000000000000000, 0.000000000000000000, -1.000000000000000000 ) ) ;
#7020 = CARTESIAN_POINT ( 'NONE',  ( -79.04256585180966965, 142.2738762639986305, 60.92466823358033423 ) ) ;
#7021 = DIRECTION ( 'NONE',  ( 0.000000000000000000, 0.000000000000000000, -1.000000000000000000 ) ) ;
#7022 = CARTESIAN_POINT ( 'NONE',  ( -90.77093277354373413, 103.3119079817578267, 111.4708323586714869 ) ) ;
#7023 = CARTESIAN_POINT ( 'NONE',  ( -90.44526712019158765, 113.1958087109095175, 104.5182349804958335 ) ) ;
#7024 = EDGE_LOOP ( 'NONE', ( #7013, #1275, #9380, #6121 ) ) ;
#7025 = PLANE ( 'NONE',  #5067 ) ;
#7026 = CARTESIAN_POINT ( 'NONE',  ( -72.15067046606276335, 71.36221005801193940, 76.41145527288286132 ) ) ;
#7027 = CARTESIAN_POINT ( 'NONE',  ( -83.38852960328463837, 125.3309159640421626, 131.0804998236556855 ) ) ;
#7028 = PLANE ( 'NONE',  #4245 ) ;
#7029 = ORIENTED_EDGE ( 'NONE', *, *, #30, .T. ) ;
#7030 = ORIENTED_EDGE ( 'NONE', *, *, #5093, .T. ) ;
#7031 = CARTESIAN_POINT ( 'NONE',  ( -71.60444152329296230, 69.28151800167140095, 149.7325884709703701 ) ) ;
#7032 = VERTEX_POINT ( 'NONE', #3175 ) ;
#7033 = EDGE_LOOP ( 'NONE', ( #4121, #7296, #9553, #5381 ) ) ;
#7034 = B_SPLINE_CURVE_WITH_KNOTS ( 'NONE', 3,
 ( #5507, #9194, #2581, #4095 ),
 .UNSPECIFIED., .F., .F.,
 ( 4, 4 ),
 ( 0.7462240540066205075, 1.000000000000000000 ),
 .UNSPECIFIED. ) ;
#7035 = B_SPLINE_CURVE_WITH_KNOTS ( 'NONE', 3,
 ( #8481, #6140, #7744, #2522, #1774, #1674, #4677 ),
 .UNSPECIFIED., .F., .F.,
 ( 4, 3, 4 ),
 ( -5.999972403401758362E-08, 6.732588441691602851E-20, 2.685596610615717427E-05 ),
 .UNSPECIFIED. ) ;
#7036 = CARTESIAN_POINT ( 'NONE',  ( -84.11882902237017845, 105.4746203790315917, 104.0699042845969302 ) ) ;
#7037 = CARTESIAN_POINT ( 'NONE',  ( -84.61712764725815816, 127.5168925439062804, 98.62679532126811921 ) ) ;
#7038 = CARTESIAN_POINT ( 'NONE',  ( -80.21090163239489357, 151.3393635589135329, 68.43376653915402130 ) ) ;
#7039 = FACE_OUTER_BOUND ( 'NONE', #783, .T. ) ;
#7040 = LINE ( 'NONE', #1372, #2984 ) ;
#7041 = CARTESIAN_POINT ( 'NONE',  ( -79.89077792743293571, 76.32269287386728251, 66.25174594254276883 ) ) ;
#7042 = ORIENTED_EDGE ( 'NONE', *, *, #1558, .T. ) ;
#7043 = CARTESIAN_POINT ( 'NONE',  ( -70.78852960328462984, 115.2177719079432592, 97.38946838514824833 ) ) ;
#7044 = EDGE_CURVE ( 'NONE', #6715, #3690, #4147, .T. ) ;
#7045 = DIRECTION ( 'NONE',  ( 1.000000000000000000, -0.000000000000000000, -0.000000000000000000 ) ) ;
#7046 = CARTESIAN_POINT ( 'NONE',  ( -79.80119417653128266, 81.67714014276189971, 62.65291040232566644 ) ) ;
#7047 = B_SPLINE_SURFACE_WITH_KNOTS ( 'NONE', 2, 1, ( 
 ( #1854, #9422 ),
 ( #9221, #5433 ),
 ( #6324, #9377 ),
 ( #4763, #3980 ),
 ( #1754, #4125 ) ),
 .UNSPECIFIED., .F., .F., .F.,
 ( 3, 2, 3 ),
 ( 2, 2 ),
 ( 0.4143334474950293722, 0.5000000000000000000, 0.6299848797947980028 ),
 ( 0.000000000000000000, 1.000000000000000000 ),
 .UNSPECIFIED. ) ;
#7048 = CARTESIAN_POINT ( 'NONE',  ( -89.20715343155178800, 113.2277216588280027, 113.5766822405223166 ) ) ;
#7049 = ORIENTED_EDGE ( 'NONE', *, *, #6709, .F. ) ;
#7050 = CARTESIAN_POINT ( 'NONE',  ( -78.15447539729616722, 126.9627537494440475, 165.1088986199511339 ) ) ;
#7051 = ADVANCED_FACE ( 'NONE', ( #252 ), #845, .F. ) ;
#7052 = CARTESIAN_POINT ( 'NONE',  ( -79.20244046431385243, 78.44568281586306568, 64.71004608111663003 ) ) ;
#7053 = FACE_OUTER_BOUND ( 'NONE', #8768, .T. ) ;
#7054 = CARTESIAN_POINT ( 'NONE',  ( -74.78852960328464405, 64.19427628200837432, 97.49400204904756606 ) ) ;
#7055 =( BOUNDED_CURVE ( )  B_SPLINE_CURVE ( 3, ( #132, #3164, #3308, #6299 ),
 .UNSPECIFIED., .F., .T. ) 
 B_SPLINE_CURVE_WITH_KNOTS ( ( 4, 4 ),
 ( 1.570796326794896558, 3.141592653589793116 ),
 .UNSPECIFIED. ) 
 CURVE ( )  GEOMETRIC_REPRESENTATION_ITEM ( )  RATIONAL_B_SPLINE_CURVE ( ( 1.000000000000000000, 0.8047378541243649375, 0.8047378541243649375, 1.000000000000000000 ) ) 
 REPRESENTATION_ITEM ( '' )  );
#7056 = EDGE_LOOP ( 'NONE', ( #1332, #840, #4247, #1096 ) ) ;
#7057 = CARTESIAN_POINT ( 'NONE',  ( -71.63091112707679997, 69.31143407692623271, 77.22424070650195915 ) ) ;
#7058 = VERTEX_POINT ( 'NONE', #3546 ) ;
#7059 = DIRECTION ( 'NONE',  ( 1.000000000000000000, 0.000000000000000000, 0.000000000000000000 ) ) ;
#7060 = ORIENTED_EDGE ( 'NONE', *, *, #1004, .F. ) ;
#7061 = AXIS2_PLACEMENT_3D ( 'NONE', #4385, #2114, #6535 ) ;
#7062 = ADVANCED_FACE ( 'NONE', ( #5863 ), #3747, .F. ) ;
#7063 = CARTESIAN_POINT ( 'NONE',  ( -89.84054419147348369, 145.3557978897024725, 98.57031036757229003 ) ) ;
#7064 = ADVANCED_FACE ( 'NONE', ( #7448 ), #236, .F. ) ;
#7065 = ADVANCED_FACE ( 'NONE', ( #5303 ), #3201, .T. ) ;
#7066 = DIRECTION ( 'NONE',  ( 0.000000000000000000, 1.000000000000000000, -1.790682297782512114E-15 ) ) ;
#7067 = DIRECTION ( 'NONE',  ( 0.000000000000000000, -0.8435723532114204337, 0.5370155350614602696 ) ) ;
#7068 = CARTESIAN_POINT ( 'NONE',  ( -72.28852960328462984, 105.8119079817578410, 114.0054217592787325 ) ) ;
#7069 = CARTESIAN_POINT ( 'NONE',  ( -90.78852960328464405, 76.96010700503333624, 161.3554375618793131 ) ) ;
#7070 = ORIENTED_EDGE ( 'NONE', *, *, #4949, .F. ) ;
#7071 = FACE_OUTER_BOUND ( 'NONE', #8440, .T. ) ;
#7072 = CARTESIAN_POINT ( 'NONE',  ( -72.47051591951590410, 72.66985325015880903, 75.73587438586953624 ) ) ;
#7073 = CARTESIAN_POINT ( 'NONE',  ( -71.47243259238578617, 113.8104339311826578, 133.5236243636533402 ) ) ;
#7074 = AXIS2_PLACEMENT_3D ( 'NONE', #3931, #7867, #2353 ) ;
#7075 = CARTESIAN_POINT ( 'NONE',  ( -74.78852960328464405, 62.38728191801577339, 109.6173483854554291 ) ) ;
#7076 = CARTESIAN_POINT ( 'NONE',  ( -72.28852960328462984, 112.8119080014294724, 133.0054217592787609 ) ) ;
#7077 = CARTESIAN_POINT ( 'NONE',  ( -90.34205305263921559, 112.8047917079200460, 112.7488049199631206 ) ) ;
#7078 = AXIS2_PLACEMENT_3D ( 'NONE', #2882, #8901, #8256 ) ;
#7079 = EDGE_LOOP ( 'NONE', ( #7082, #8951, #2516, #8750 ) ) ;
#7080 = CARTESIAN_POINT ( 'NONE',  ( -88.63319222104560424, 103.3119079817578267, 136.0233132224357746 ) ) ;
#7081 = ORIENTED_EDGE ( 'NONE', *, *, #909, .F. ) ;
#7082 = ORIENTED_EDGE ( 'NONE', *, *, #8130, .F. ) ;
#7083 = CIRCLE ( 'NONE', #4257, 9.999999999999994671 ) ;
#7084 = CARTESIAN_POINT ( 'NONE',  ( -83.76915420590398753, 105.1328868557611003, 104.3982875485261417 ) ) ;
#7085 = CARTESIAN_POINT ( 'NONE',  ( -88.95659746638823151, 135.9716002539385045, 134.2655246385781709 ) ) ;
#7086 = DIRECTION ( 'NONE',  ( 1.000000000000000000, 0.000000000000000000, 0.000000000000000000 ) ) ;
#7087 = AXIS2_PLACEMENT_3D ( 'NONE', #7504, #8024, #2794 ) ;
#7088 = CARTESIAN_POINT ( 'NONE',  ( -84.35966549079137167, 138.9613302572997497, 74.61516135560408713 ) ) ;
#7089 = CARTESIAN_POINT ( 'NONE',  ( -77.88624991159679212, 87.44823992607120999, 165.7313321388055556 ) ) ;
#7090 = ORIENTED_EDGE ( 'NONE', *, *, #9091, .T. ) ;
#7091 = CARTESIAN_POINT ( 'NONE',  ( -70.79870325209545001, 115.0635330571693089, 97.26263391826137195 ) ) ;
#7092 = EDGE_CURVE ( 'NONE', #4407, #7762, #5628, .T. ) ;
#7093 = CARTESIAN_POINT ( 'NONE',  ( -79.89029465640020078, 144.9300777705804819, 164.1402282511025987 ) ) ;
#7094 = LINE ( 'NONE', #5602, #957 ) ;
#7095 = CARTESIAN_POINT ( 'NONE',  ( -81.46362439412716583, 77.93181861607487804, 66.66821438810124789 ) ) ;
#7096 = CARTESIAN_POINT ( 'NONE',  ( -82.66794338514075946, 104.5532981643740982, 92.05615493814583772 ) ) ;
#7097 = CARTESIAN_POINT ( 'NONE',  ( -88.45559897968379914, 105.8190402056348631, 134.5478053575749016 ) ) ;
#7098 = CARTESIAN_POINT ( 'NONE',  ( -83.88370239120008875, 144.3467723223880341, 153.8095556870199800 ) ) ;
#7099 = AXIS2_PLACEMENT_3D ( 'NONE', #2605, #5680, #5179 ) ;
#7100 = ORIENTED_EDGE ( 'NONE', *, *, #546, .F. ) ;
#7101 = DIRECTION ( 'NONE',  ( 1.000000000000000000, -0.000000000000000000, -0.000000000000000000 ) ) ;
#7102 = DIRECTION ( 'NONE',  ( 0.000000000000000000, 0.000000000000000000, -1.000000000000000000 ) ) ;
#7103 = PLANE ( 'NONE',  #9354 ) ;
#7104 = CARTESIAN_POINT ( 'NONE',  ( -86.03955210642288876, 154.6375760940020996, 139.2368033998555461 ) ) ;
#7105 = CARTESIAN_POINT ( 'NONE',  ( -79.77623493651081787, 150.8384872116353677, 67.04216109529636469 ) ) ;
#7106 = DIRECTION ( 'NONE',  ( 0.000000000000000000, 1.000000000000000000, 0.000000000000000000 ) ) ;
#7107 = EDGE_LOOP ( 'NONE', ( #8879, #1585, #61, #740 ) ) ;
#7108 = CARTESIAN_POINT ( 'NONE',  ( -80.60678581343186977, 147.2821595034046425, 162.4473204595145148 ) ) ;
#7109 = AXIS2_PLACEMENT_3D ( 'NONE', #6526, #2795, #3041 ) ;
#7110 = CARTESIAN_POINT ( 'NONE',  ( -78.76945204497809527, 82.42951287387847970, 166.6834584304378950 ) ) ;
#7111 = LINE ( 'NONE', #5617, #6934 ) ;
#7112 = DIRECTION ( 'NONE',  ( -0.2820680501849862076, 0.6783942861879218578, 0.6783942861879218578 ) ) ;
#7113 = VERTEX_POINT ( 'NONE', #6753 ) ;
#7114 = AXIS2_PLACEMENT_3D ( 'NONE', #8947, #8254, #780 ) ;
#7115 = AXIS2_PLACEMENT_3D ( 'NONE', #2628, #8237, #2160 ) ;
#7116 = EDGE_CURVE ( 'NONE', #5874, #6604, #3715, .T. ) ;
#7117 =( BOUNDED_CURVE ( )  B_SPLINE_CURVE ( 2, ( #2449, #3853, #2542 ),
 .UNSPECIFIED., .F., .T. ) 
 B_SPLINE_CURVE_WITH_KNOTS ( ( 3, 3 ),
 ( 0.000000000000000000, 1.000000000000000000 ),
 .UNSPECIFIED. ) 
 CURVE ( )  GEOMETRIC_REPRESENTATION_ITEM ( )  RATIONAL_B_SPLINE_CURVE ( ( 0.9672012253487526356, 0.7975106484973398802, 1.000000000000000000 ) ) 
 REPRESENTATION_ITEM ( '' )  );
#7118 = CARTESIAN_POINT ( 'NONE',  ( -85.06133713780502603, 141.1527811760942370, 100.6829779010207062 ) ) ;
#7119 = CARTESIAN_POINT ( 'NONE',  ( -79.57357169115505258, 141.0095640216830759, 164.8705567018639897 ) ) ;
#7120 = CARTESIAN_POINT ( 'NONE',  ( -90.78852960328464405, 86.78156815438114791, 71.25779513156508926 ) ) ;
#7121 = DIRECTION ( 'NONE',  ( 0.000000000000000000, 0.000000000000000000, 1.000000000000000000 ) ) ;
#7122 = VERTEX_POINT ( 'NONE', #3672 ) ;
#7123 = VECTOR ( 'NONE', #3719, 1000.000000000000000 ) ;
#7124 = CARTESIAN_POINT ( 'NONE',  ( -72.05908945068921412, 113.5230688678555424, 133.8859219602275061 ) ) ;
#7125 = CIRCLE ( 'NONE', #9016, 2.000000000000001776 ) ;
#7126 = EDGE_CURVE ( 'NONE', #3758, #6058, #2728, .T. ) ;
#7127 = EDGE_CURVE ( 'NONE', #4104, #6822, #4014, .T. ) ;
#7128 = CARTESIAN_POINT ( 'NONE',  ( -90.62989840389474239, 61.55848968847557501, 107.2704780426237932 ) ) ;
#7129 = CARTESIAN_POINT ( 'NONE',  ( -71.28852960328462984, 152.3446743967528505, 132.7125299789917960 ) ) ;
#7130 = CIRCLE ( 'NONE', #8865, 2.000000000000005329 ) ;
#7131 = EDGE_LOOP ( 'NONE', ( #6080, #6586, #1963, #5304 ) ) ;
#7132 = LINE ( 'NONE', #3424, #4137 ) ;
#7133 = CARTESIAN_POINT ( 'NONE',  ( -90.78852960328464405, 151.6583579391499654, 71.02214642643239983 ) ) ;
#7134 = VERTEX_POINT ( 'NONE', #8603 ) ;
#7135 = ORIENTED_EDGE ( 'NONE', *, *, #3073, .T. ) ;
#7136 = EDGE_CURVE ( 'NONE', #5241, #8621, #3818, .T. ) ;
#7137 = DIRECTION ( 'NONE',  ( 0.000000000000000000, 0.000000000000000000, -1.000000000000000000 ) ) ;
#7138 = EDGE_CURVE ( 'NONE', #1388, #3467, #2689, .T. ) ;
#7139 = ADVANCED_FACE ( 'NONE', ( #8843 ), #8095, .F. ) ;
#7140 = CYLINDRICAL_SURFACE ( 'NONE', #6269, 9.999999999999968026 ) ;
#7141 = CARTESIAN_POINT ( 'NONE',  ( -88.81559007205517275, 107.8516169294685909, 91.96147921292704552 ) ) ;
#7142 = CARTESIAN_POINT ( 'NONE',  ( -85.48608696843349719, 142.6048249294650248, 123.8048147812065878 ) ) ;
#7143 = DIRECTION ( 'NONE',  ( 0.000000000000000000, 0.000000000000000000, -1.000000000000000000 ) ) ;
#7144 = CARTESIAN_POINT ( 'NONE',  ( -73.28852960328462984, 107.3119079817578267, 115.5054217592787325 ) ) ;
#7145 = CARTESIAN_POINT ( 'NONE',  ( -83.38852960328463837, 128.8367218251632096, 95.58049982365568553 ) ) ;
#7146 = ORIENTED_EDGE ( 'NONE', *, *, #3382, .T. ) ;
#7147 = CARTESIAN_POINT ( 'NONE',  ( -70.79880142067118243, 115.0848186186537561, 97.24251528286062296 ) ) ;
#7148 = DIRECTION ( 'NONE',  ( 0.000000000000000000, 0.000000000000000000, -1.000000000000000000 ) ) ;
#7149 = CARTESIAN_POINT ( 'NONE',  ( -86.05541249592189956, 69.73231578706803191, 147.1752209275690859 ) ) ;
#7150 = CARTESIAN_POINT ( 'NONE',  ( -83.73442905438540151, 143.9504767074523386, 154.2428048958901456 ) ) ;
#7151 = CARTESIAN_POINT ( 'NONE',  ( -85.10791490935193337, 124.8106508041840925, 100.9245851101048288 ) ) ;
#7152 = EDGE_LOOP ( 'NONE', ( #5769, #6958, #8268 ) ) ;
#7153 = CARTESIAN_POINT ( 'NONE',  ( -86.69593003848908097, 113.3119079817578267, 135.5054217592787609 ) ) ;
#7154 = CARTESIAN_POINT ( 'NONE',  ( -88.13926834090412399, 105.1326067049818818, 132.0736646077059220 ) ) ;
#7155 = CARTESIAN_POINT ( 'NONE',  ( -85.12958608952340001, 150.9554466650733673, 150.0338447691647161 ) ) ;
#7156 = CARTESIAN_POINT ( 'NONE',  ( -72.15955926450152447, 71.42605270780158833, 150.6306194428237291 ) ) ;
#7157 = VERTEX_POINT ( 'NONE', #4395 ) ;
#7158 = CARTESIAN_POINT ( 'NONE',  ( -81.07279384843056391, 79.45217083321294638, 161.3242461179959832 ) ) ;
#7159 = EDGE_CURVE ( 'NONE', #8644, #4747, #7384, .T. ) ;
#7160 = CARTESIAN_POINT ( 'NONE',  ( -86.27429274518947011, 63.97355427781063497, 138.4438449630823129 ) ) ;
#7161 = CARTESIAN_POINT ( 'NONE',  ( -85.49715023924247248, 142.6376166353190342, 123.7280521939732694 ) ) ;
#7162 = ADVANCED_FACE ( 'NONE', ( #5779 ), #8758, .F. ) ;
#7163 = VERTEX_POINT ( 'NONE', #3082 ) ;
#7164 = B_SPLINE_CURVE_WITH_KNOTS ( 'NONE', 3,
 ( #681, #5790, #4383, #2059 ),
 .UNSPECIFIED., .F., .F.,
 ( 4, 4 ),
 ( 0.004063440722018237493, 0.004275041700554179161 ),
 .UNSPECIFIED. ) ;
#7165 = CARTESIAN_POINT ( 'NONE',  ( -89.99146644051350563, 146.0977602171119827, 99.81026365116159127 ) ) ;
#7166 = CARTESIAN_POINT ( 'NONE',  ( -71.23865612716589624, 114.4497065324635230, 133.5402549863106287 ) ) ;
#7167 = CARTESIAN_POINT ( 'NONE',  ( -81.14450528590830913, 151.6583498748811962, 71.02210960322973676 ) ) ;
#7168 = CARTESIAN_POINT ( 'NONE',  ( -78.00250247412930094, 145.4399457355869174, 61.69923069459613885 ) ) ;
#7169 = ORIENTED_EDGE ( 'NONE', *, *, #5544, .F. ) ;
#7170 = ORIENTED_EDGE ( 'NONE', *, *, #3330, .F. ) ;
#7171 = CARTESIAN_POINT ( 'NONE',  ( -71.48621168421482253, 114.1353436608233949, 133.7853672234444389 ) ) ;
#7172 = EDGE_CURVE ( 'NONE', #7113, #9451, #790, .T. ) ;
#7173 = CARTESIAN_POINT ( 'NONE',  ( -90.47895541137991415, 118.4526386858693314, 122.0528439286088940 ) ) ;
#7174 = EDGE_LOOP ( 'NONE', ( #6665, #6596, #6277, #5091, #560, #3434 ) ) ;
#7175 = CARTESIAN_POINT ( 'NONE',  ( -72.04239758566666296, 70.95745823140279640, 150.4127344092496230 ) ) ;
#7176 = B_SPLINE_CURVE_WITH_KNOTS ( 'NONE', 2,
 ( #39, #7664, #6111 ),
 .UNSPECIFIED., .F., .F.,
 ( 3, 3 ),
 ( 0.4984183470540916039, 0.5015816447772221132 ),
 .UNSPECIFIED. ) ;
#7177 = ORIENTED_EDGE ( 'NONE', *, *, #6508, .T. ) ;
#7178 = ORIENTED_EDGE ( 'NONE', *, *, #3843, .T. ) ;
#7179 = DIRECTION ( 'NONE',  ( -1.000000000000000000, 0.000000000000000000, -0.000000000000000000 ) ) ;
#7180 = ADVANCED_FACE ( 'NONE', ( #4558 ), #1002, .T. ) ;
#7181 = CARTESIAN_POINT ( 'NONE',  ( -126.7885296032846583, 86.94190798175786483, 116.5057407317052736 ) ) ;
#7182 = CARTESIAN_POINT ( 'NONE',  ( -89.86390385596352814, 145.2348116021795192, 128.2554046663394729 ) ) ;
#7183 = EDGE_CURVE ( 'NONE', #2915, #9615, #2270, .T. ) ;
#7184 = CARTESIAN_POINT ( 'NONE',  ( -80.78695167308768532, 147.7093489422361756, 64.99692873471448706 ) ) ;
#7185 = ORIENTED_EDGE ( 'NONE', *, *, #4918, .T. ) ;
#7186 = CARTESIAN_POINT ( 'NONE',  ( -70.85821577244610125, 114.8896584568771289, 96.90773263577007413 ) ) ;
#7187 = CARTESIAN_POINT ( 'NONE',  ( -72.88908322528243389, 74.34412246974891048, 152.4463397633650743 ) ) ;
#7188 = EDGE_CURVE ( 'NONE', #3056, #1613, #3162, .T. ) ;
#7189 = DIRECTION ( 'NONE',  ( 1.000000000000000000, -0.000000000000000000, -0.000000000000000000 ) ) ;
#7190 = CARTESIAN_POINT ( 'NONE',  ( -78.15452252181586346, 126.9623622400146132, 61.90214970102342562 ) ) ;
#7191 = CARTESIAN_POINT ( 'NONE',  ( -85.31288404420260463, 124.0066441101441796, 102.0391216558951868 ) ) ;
#7192 = CARTESIAN_POINT ( 'NONE',  ( -78.78852960328464405, 104.4468056478177402, 105.0493643056304194 ) ) ;
#7193 = ORIENTED_EDGE ( 'NONE', *, *, #1418, .F. ) ;
#7194 = CARTESIAN_POINT ( 'NONE',  ( -73.28852960328462984, 107.3119079817578267, 133.5054217592787609 ) ) ;
#7195 = CARTESIAN_POINT ( 'NONE',  ( -78.73241471658559476, 147.2153319571185364, 161.7458487161620440 ) ) ;
#7196 = CARTESIAN_POINT ( 'NONE',  ( -84.16971250251862102, 152.2977011592296606, 152.9767674620058813 ) ) ;
#7197 = CARTESIAN_POINT ( 'NONE',  ( -81.28275599387733052, 150.4499697024152454, 66.21098478681855681 ) ) ;
#7198 = ORIENTED_EDGE ( 'NONE', *, *, #7859, .T. ) ;
#7199 = CARTESIAN_POINT ( 'NONE',  ( -80.22003098427715884, 80.15529767729310606, 163.3894519360049173 ) ) ;
#7200 = EDGE_LOOP ( 'NONE', ( #5752, #7766, #3007, #1654 ) ) ;
#7201 = CARTESIAN_POINT ( 'NONE',  ( -84.38956163858674131, 135.4326230633227794, 129.2169412936830213 ) ) ;
#7202 = FACE_OUTER_BOUND ( 'NONE', #3689, .T. ) ;
#7203 = CARTESIAN_POINT ( 'NONE',  ( -70.93224390717840322, 114.7809600857838177, 133.0215135483540223 ) ) ;
#7204 = CARTESIAN_POINT ( 'NONE',  ( -71.62254760121655295, 69.28151504115575676, 149.7331671046677002 ) ) ;
#7205 = FILL_AREA_STYLE ('',( #2697 ) ) ;
#7206 = CARTESIAN_POINT ( 'NONE',  ( -79.80099819369797842, 81.67752399954331111, 164.3584802464946506 ) ) ;
#7207 = ORIENTED_EDGE ( 'NONE', *, *, #3679, .F. ) ;
#7208 = DIRECTION ( 'NONE',  ( 0.000000000000000000, 0.000000000000000000, -1.000000000000000000 ) ) ;
#7209 = CARTESIAN_POINT ( 'NONE',  ( -71.32654357797757427, 113.8988514221631760, 133.2851285849962437 ) ) ;
#7210 = CARTESIAN_POINT ( 'NONE',  ( -79.62490750537274664, 122.0266823457035628, 62.24249762798835661 ) ) ;
#7211 = DIRECTION ( 'NONE',  ( 0.000000000000000000, 0.000000000000000000, -1.000000000000000000 ) ) ;
#7212 = VECTOR ( 'NONE', #4432, 1000.000000000000000 ) ;
#7213 = CARTESIAN_POINT ( 'NONE',  ( -88.63319222104559003, 105.3119079817578267, 136.0233132224357746 ) ) ;
#7214 = AXIS2_PLACEMENT_3D ( 'NONE', #1056, #964, #3990 ) ;
#7215 = CARTESIAN_POINT ( 'NONE',  ( -90.40411836898937281, 104.4468056478177402, 103.9957575811528159 ) ) ;
#7216 = ORIENTED_EDGE ( 'NONE', *, *, #8341, .F. ) ;
#7217 = ORIENTED_EDGE ( 'NONE', *, *, #510, .F. ) ;
#7218 = CARTESIAN_POINT ( 'NONE',  ( -78.77412148560321725, 148.7294257510154978, 63.95107861456690301 ) ) ;
#7219 = DIRECTION ( 'NONE',  ( 0.2215959816137179628, 0.8225999339766411067, -0.5236645582376935337 ) ) ;
#7220 = CIRCLE ( 'NONE', #2986, 5.000000000000031974 ) ;
#7221 = CARTESIAN_POINT ( 'NONE',  ( -90.28501666068635245, 147.1396410930898071, 124.3915551721936765 ) ) ;
#7222 = LINE ( 'NONE', #3530, #7599 ) ;
#7223 = CARTESIAN_POINT ( 'NONE',  ( -80.60676767014597033, 147.2817940155763665, 64.56357303215283139 ) ) ;
#7224 = ORIENTED_EDGE ( 'NONE', *, *, #6694, .T. ) ;
#7225 = CARTESIAN_POINT ( 'NONE',  ( -78.78852960328464405, 150.9074884918474879, 81.53418118150641192 ) ) ;
#7226 = AXIS2_PLACEMENT_3D ( 'NONE', #4796, #5460, #8494 ) ;
#7227 = CARTESIAN_POINT ( 'NONE',  ( -72.28852960328462984, 105.8119079817578410, 114.0054217592787325 ) ) ;
#7228 = CARTESIAN_POINT ( 'NONE',  ( -87.77647477883635929, 66.65770851959636900, 140.1250924287754458 ) ) ;
#7229 = EDGE_CURVE ( 'NONE', #7233, #8987, #1930, .T. ) ;
#7230 = EDGE_CURVE ( 'NONE', #8466, #2355, #9425, .T. ) ;
#7231 = CARTESIAN_POINT ( 'NONE',  ( -72.28852960328462984, 152.3446421799375514, 132.7125267394740717 ) ) ;
#7232 = CARTESIAN_POINT ( 'NONE',  ( -84.71058478747572451, 127.2447133165229047, 127.8753460250678131 ) ) ;
#7233 = VERTEX_POINT ( 'NONE', #8605 ) ;
#7234 = AXIS2_PLACEMENT_3D ( 'NONE', #1643, #891, #6056 ) ;
#7235 = FACE_OUTER_BOUND ( 'NONE', #9009, .T. ) ;
#7236 = CARTESIAN_POINT ( 'NONE',  ( -73.28852960328462984, 113.3119079817578125, 115.5054217592787325 ) ) ;
#7237 = CARTESIAN_POINT ( 'NONE',  ( -87.99356600198674982, 152.6546150527196346, 139.4042812660915729 ) ) ;
#7238 = DIRECTION ( 'NONE',  ( 0.000000000000000000, 0.000000000000000000, -1.000000000000000000 ) ) ;
#7239 = ORIENTED_EDGE ( 'NONE', *, *, #4668, .F. ) ;
#7240 = CARTESIAN_POINT ( 'NONE',  ( -90.62951458541260763, 147.8939197522231837, 119.6217600156973475 ) ) ;
#7241 = CARTESIAN_POINT ( 'NONE',  ( -70.78852960328462984, 115.2218615512913686, 132.3309612571874254 ) ) ;
#7242 = CARTESIAN_POINT ( 'NONE',  ( -70.95977005943036886, 66.62686980634045142, 90.09507425433960748 ) ) ;
#7243 = AXIS2_PLACEMENT_3D ( 'NONE', #8162, #1389, #7966 ) ;
#7244 = ORIENTED_EDGE ( 'NONE', *, *, #6115, .F. ) ;
#7245 = EDGE_CURVE ( 'NONE', #1299, #4438, #5975, .T. ) ;
#7246 = CARTESIAN_POINT ( 'NONE',  ( -89.52150514667383163, 143.0534528455443137, 130.7729940094157257 ) ) ;
#7247 = CARTESIAN_POINT ( 'NONE',  ( -78.04323526813169565, 145.7070235246414995, 61.81734606460160819 ) ) ;
#7248 = CARTESIAN_POINT ( 'NONE',  ( -70.78852960328462984, 146.6081054074558381, 66.07239895812656982 ) ) ;
#7249 = LINE ( 'NONE', #3508, #3335 ) ;
#7250 = CARTESIAN_POINT ( 'NONE',  ( -90.55604584469776341, 147.8938947445489305, 106.0454186400313716 ) ) ;
#7251 = CARTESIAN_POINT ( 'NONE',  ( -71.21625247607073561, 114.4676435245113595, 133.5121563414832337 ) ) ;
#7252 = CIRCLE ( 'NONE', #1906, 5.000000000000004441 ) ;
#7253 = CARTESIAN_POINT ( 'NONE',  ( -83.18975532240013138, 113.0038233461469446, 104.7622828533476564 ) ) ;
#7254 = CARTESIAN_POINT ( 'NONE',  ( -78.78852960328464405, 113.3119079817578125, 91.96147921292704552 ) ) ;
#7255 = ORIENTED_EDGE ( 'NONE', *, *, #1034, .F. ) ;
#7256 = CARTESIAN_POINT ( 'NONE',  ( -76.78852960328464405, 146.5078591810289481, 65.97215273169965144 ) ) ;
#7257 = CARTESIAN_POINT ( 'NONE',  ( -71.86656515516934007, 113.4785846440446164, 133.4988649122069546 ) ) ;
#7258 = AXIS2_PLACEMENT_3D ( 'NONE', #7153, #9445, #9028 ) ;
#7259 = ORIENTED_EDGE ( 'NONE', *, *, #4214, .F. ) ;
#7260 = LINE ( 'NONE', #94, #650 ) ;
#7261 = AXIS2_PLACEMENT_3D ( 'NONE', #5850, #4711, #6028 ) ;
#7262 = CARTESIAN_POINT ( 'NONE',  ( -88.70558443760553757, 113.3119079817578267, 119.4860127077271272 ) ) ;
#7263 = VECTOR ( 'NONE', #8241, 1000.000000000000114 ) ;
#7264 = DIRECTION ( 'NONE',  ( 1.000000000000000000, -0.000000000000000000, -0.000000000000000000 ) ) ;
#7265 = VECTOR ( 'NONE', #4793, 1000.000000000000000 ) ;
#7266 = ORIENTED_EDGE ( 'NONE', *, *, #3825, .T. ) ;
#7267 = VERTEX_POINT ( 'NONE', #1108 ) ;
#7268 = CARTESIAN_POINT ( 'NONE',  ( -83.01674618167797348, 75.15878874361905559, 70.74230665033003618 ) ) ;
#7269 = AXIS2_PLACEMENT_3D ( 'NONE', #8392, #6647, #827 ) ;
#7270 = CIRCLE ( 'NONE', #1142, 2.000000000000011990 ) ;
#7271 = DIRECTION ( 'NONE',  ( 1.000000000000000000, -0.000000000000000000, -0.000000000000000000 ) ) ;
#7272 = B_SPLINE_CURVE_WITH_KNOTS ( 'NONE', 2,
 ( #6268, #9320, #1702, #5330, #4708 ),
 .UNSPECIFIED., .F., .F.,
 ( 3, 2, 3 ),
 ( 0.4143334474881836815, 0.5000000000000000000, 0.6299848727473140730 ),
 .UNSPECIFIED. ) ;
#7273 = CARTESIAN_POINT ( 'NONE',  ( -90.15187746878183361, 146.6291588481324766, 125.7519105749004211 ) ) ;
#7274 = CARTESIAN_POINT ( 'NONE',  ( -70.78852960328462984, 140.8719475623819335, 60.94546903656900128 ) ) ;
#7275 = CARTESIAN_POINT ( 'NONE',  ( -77.74070492720811387, 140.8719475623819335, 60.94546903656897285 ) ) ;
#7276 = CARTESIAN_POINT ( 'NONE',  ( -85.40614379875742657, 141.1314736379681563, 149.0899629094542433 ) ) ;
#7277 = CARTESIAN_POINT ( 'NONE',  ( -92.78852960328464405, 141.9419079817567138, 153.6057407317052821 ) ) ;
#7278 = CARTESIAN_POINT ( 'NONE',  ( -78.76022661781155421, 148.6960075779500698, 63.91766044150146087 ) ) ;
#7279 = ORIENTED_EDGE ( 'NONE', *, *, #8651, .F. ) ;
#7280 = CARTESIAN_POINT ( 'NONE',  ( -71.00510231399969996, 152.2659871990395573, 133.4653552551919802 ) ) ;
#7281 = VERTEX_POINT ( 'NONE', #9571 ) ;
#7282 = CARTESIAN_POINT ( 'NONE',  ( -89.71675777664087548, 105.0845523799208223, 115.0345918731233610 ) ) ;
#7283 = CARTESIAN_POINT ( 'NONE',  ( -77.87995700481961592, 136.2354581817260737, 61.26435990488906214 ) ) ;
#7284 = CARTESIAN_POINT ( 'NONE',  ( -87.78852960328462984, 110.9293568147877664, 94.16542175927874325 ) ) ;
#7285 = VERTEX_POINT ( 'NONE', #5688 ) ;
#7286 = CARTESIAN_POINT ( 'NONE',  ( -81.33740801413391353, 148.6341789580850445, 160.6592674717405203 ) ) ;
#7287 = CARTESIAN_POINT ( 'NONE',  ( -88.66070395815292216, 103.3119079817578267, 135.8791374862808823 ) ) ;
#7288 = CARTESIAN_POINT ( 'NONE',  ( -84.28013927872054012, 150.4507458698956839, 74.36614883494662820 ) ) ;
#7289 = CARTESIAN_POINT ( 'NONE',  ( -80.62199774209126701, 149.3582572086709206, 64.59019478330071706 ) ) ;
#7290 = VERTEX_POINT ( 'NONE', #2000 ) ;
#7291 = CARTESIAN_POINT ( 'NONE',  ( -71.55930647615157625, 113.7420218251815669, 96.13572055887756562 ) ) ;
#7292 = CARTESIAN_POINT ( 'NONE',  ( -72.28852960328462984, 114.0119079817578296, 95.50574073170528777 ) ) ;
#7293 = EDGE_CURVE ( 'NONE', #3936, #2421, #7270, .T. ) ;
#7294 = DIRECTION ( 'NONE',  ( -0.7071067811865510144, 0.000000000000000000, -0.7071067811865441310 ) ) ;
#7295 = DIRECTION ( 'NONE',  ( 1.000000000000000000, -0.000000000000000000, -0.000000000000000000 ) ) ;
#7296 = ORIENTED_EDGE ( 'NONE', *, *, #8128, .T. ) ;
#7297 = CARTESIAN_POINT ( 'NONE',  ( -88.77123190257186991, 105.3119079817578267, 113.5054217592787325 ) ) ;
#7298 = DIRECTION ( 'NONE',  ( -1.000000000000000000, -0.000000000000000000, -0.000000000000000000 ) ) ;
#7299 = CARTESIAN_POINT ( 'NONE',  ( -85.42871886886705113, 123.7486137507456618, 124.1656684106789328 ) ) ;
#7300 = CARTESIAN_POINT ( 'NONE',  ( -78.16719513713609047, 97.20908031448949771, 165.0794685023070372 ) ) ;
#7301 = ORIENTED_EDGE ( 'NONE', *, *, #6394, .F. ) ;
#7302 = EDGE_CURVE ( 'NONE', #3802, #8987, #668, .T. ) ;
#7303 = LINE ( 'NONE', #3556, #1753 ) ;
#7304 = ORIENTED_EDGE ( 'NONE', *, *, #6139, .F. ) ;
#7305 = CARTESIAN_POINT ( 'NONE',  ( -72.28852960328462984, 104.3119079817578125, 96.20574073170530482 ) ) ;
#7306 = CARTESIAN_POINT ( 'NONE',  ( -70.97009908537518186, 114.4172614236642289, 132.8532353011835312 ) ) ;
#7307 = CARTESIAN_POINT ( 'NONE',  ( -85.14571179334654971, 141.3117419602141069, 125.7840879431521870 ) ) ;
#7308 = CARTESIAN_POINT ( 'NONE',  ( -87.15921373967049135, 113.2352881584018434, 133.4872014956542046 ) ) ;
#7309 = CARTESIAN_POINT ( 'NONE',  ( -88.77126776418975851, 113.3098780273780903, 113.5054217159984375 ) ) ;
#7310 = CARTESIAN_POINT ( 'NONE',  ( -73.28852960328462984, 113.3119079817578125, 115.5054217592787325 ) ) ;
#7311 = CARTESIAN_POINT ( 'NONE',  ( -88.66070395815292216, 103.3119079817578267, 135.8791374862808539 ) ) ;
#7312 = EDGE_LOOP ( 'NONE', ( #5038, #7509, #3766, #4615 ) ) ;
#7313 = ORIENTED_EDGE ( 'NONE', *, *, #6892, .F. ) ;
#7314 = EDGE_CURVE ( 'NONE', #2144, #7832, #1455, .T. ) ;
#7315 = DIRECTION ( 'NONE',  ( 1.000000000000000000, -0.000000000000000000, -0.000000000000000000 ) ) ;
#7316 = CARTESIAN_POINT ( 'NONE',  ( -89.78721757730656350, 121.3614470757546684, 128.8546738435906036 ) ) ;
#7317 = CARTESIAN_POINT ( 'NONE',  ( -85.86860608076371193, 68.10321867604498891, 79.17635633176786314 ) ) ;
#7318 = DIRECTION ( 'NONE',  ( 0.000000000000000000, 0.000000000000000000, 1.000000000000000000 ) ) ;
#7319 = LINE ( 'NONE', #1349, #1936 ) ;
#7320 = CARTESIAN_POINT ( 'NONE',  ( -70.78852960328462984, 151.6583579391499654, 71.02214642643239983 ) ) ;
#7321 = CARTESIAN_POINT ( 'NONE',  ( -83.50311545412229464, 141.1453583382623833, 154.9051058154976772 ) ) ;
#7322 = ORIENTED_EDGE ( 'NONE', *, *, #7485, .F. ) ;
#7323 = CARTESIAN_POINT ( 'NONE',  ( -78.78852960328464405, 152.8612240479328079, 127.5748290214338851 ) ) ;
#7324 = VERTEX_POINT ( 'NONE', #56 ) ;
#7325 = LINE ( 'NONE', #3585, #9484 ) ;
#7326 = LINE ( 'NONE', #575, #5782 ) ;
#7327 = ORIENTED_EDGE ( 'NONE', *, *, #1558, .F. ) ;
#7328 = CARTESIAN_POINT ( 'NONE',  ( -90.78112446367632060, 84.24666986469415519, 114.8377533820063405 ) ) ;
#7329 = CARTESIAN_POINT ( 'NONE',  ( -70.78852960328462984, 86.78188868465922212, 155.7535580371800279 ) ) ;
#7330 = CARTESIAN_POINT ( 'NONE',  ( -87.24711195831363852, 105.4042437817714557, 133.4878907761699338 ) ) ;
#7331 = DIRECTION ( 'NONE',  ( -0.000000000000000000, -1.000000000000000000, -0.000000000000000000 ) ) ;
#7332 = CARTESIAN_POINT ( 'NONE',  ( -90.74305283928899257, 154.2834120204162787, 109.7366087599249767 ) ) ;
#7333 = VERTEX_POINT ( 'NONE', #1707 ) ;
#7334 = CARTESIAN_POINT ( 'NONE',  ( -72.07810857547295313, 113.3842016025017472, 96.24645287723916454 ) ) ;
#7335 = CARTESIAN_POINT ( 'NONE',  ( -90.77438118031773229, 103.7039691114087248, 111.6701934897789812 ) ) ;
#7336 = CARTESIAN_POINT ( 'NONE',  ( -70.78852960328462984, 115.2569332580205810, 132.2760348314621694 ) ) ;
#7337 = CARTESIAN_POINT ( 'NONE',  ( -79.70769732094311166, 143.8777784278863123, 164.5628948919800507 ) ) ;
#7338 = ORIENTED_EDGE ( 'NONE', *, *, #2297, .T. ) ;
#7339 = CARTESIAN_POINT ( 'NONE',  ( -83.77138753477026967, 105.1347541555064140, 92.61435416444261648 ) ) ;
#7340 = LINE ( 'NONE', #7455, #5816 ) ;
#7341 = CARTESIAN_POINT ( 'NONE',  ( -79.75136132447617854, 144.1382693446274459, 62.54904693829038820 ) ) ;
#7342 = CARTESIAN_POINT ( 'NONE',  ( -85.49716167277624379, 123.5212596659462321, 123.7316807757426602 ) ) ;
#7343 = CARTESIAN_POINT ( 'NONE',  ( -84.31178775423988725, 112.0375145020641980, 103.8347228552199510 ) ) ;
#7344 = ORIENTED_EDGE ( 'NONE', *, *, #4825, .F. ) ;
#7345 = ORIENTED_EDGE ( 'NONE', *, *, #9209, .F. ) ;
#7346 = EDGE_LOOP ( 'NONE', ( #581, #8997, #5391, #2842, #3547 ) ) ;
#7347 = CARTESIAN_POINT ( 'NONE',  ( -70.83104335670256546, 114.8369733994289561, 132.5873688002641018 ) ) ;
#7348 = DIRECTION ( 'NONE',  ( -0.02889043937262969486, 0.9973614273592489310, 0.06659974270804649987 ) ) ;
#7349 = VERTEX_POINT ( 'NONE', #8515 ) ;
#7350 = EDGE_CURVE ( 'NONE', #6985, #9364, #509, .T. ) ;
#7351 = EDGE_CURVE ( 'NONE', #3690, #1026, #5540, .T. ) ;
#7352 = CARTESIAN_POINT ( 'NONE',  ( -87.12359127646092816, 113.2472463094661492, 133.4923259670135565 ) ) ;
#7353 = LINE ( 'NONE', #8913, #7123 ) ;
#7354 = CARTESIAN_POINT ( 'NONE',  ( -74.78852960328464405, 69.28116841326392716, 77.27902731469615105 ) ) ;
#7355 = ORIENTED_EDGE ( 'NONE', *, *, #2127, .T. ) ;
#7356 = EDGE_LOOP ( 'NONE', ( #3257, #2088, #9457, #8366, #6485, #9330, #5521, #328, #298, #5592, #4339, #9685, #5935, #7884, #8060, #5200, #5517, #4258 ) ) ;
#7357 = PLANE ( 'NONE',  #1430 ) ;
#7358 = CARTESIAN_POINT ( 'NONE',  ( -89.46762153539357598, 123.1077163323668628, 95.87470270216596191 ) ) ;
#7359 = CARTESIAN_POINT ( 'NONE',  ( -82.21454611929014789, 74.65831167126782475, 68.57458183359011628 ) ) ;
#7360 = DIRECTION ( 'NONE',  ( 0.000000000000000000, 0.000000000000000000, 1.000000000000000000 ) ) ;
#7361 = EDGE_CURVE ( 'NONE', #2442, #1872, #263, .T. ) ;
#7362 = CIRCLE ( 'NONE', #1069, 1.600000000000004086 ) ;
#7363 = CARTESIAN_POINT ( 'NONE',  ( -89.66367095651358454, 144.3593551654111877, 97.23379395994427909 ) ) ;
#7364 = CARTESIAN_POINT ( 'NONE',  ( -74.78852960328464405, 69.28151800167140095, 149.7325884709703701 ) ) ;
#7365 = CARTESIAN_POINT ( 'NONE',  ( -85.87041476196316125, 143.5677598832374997, 106.1464075777832932 ) ) ;
#7366 = ORIENTED_EDGE ( 'NONE', *, *, #5056, .T. ) ;
#7367 = DIRECTION ( 'NONE',  ( 0.000000000000000000, -1.000000000000000000, 0.000000000000000000 ) ) ;
#7368 = ORIENTED_EDGE ( 'NONE', *, *, #1605, .F. ) ;
#7369 = CARTESIAN_POINT ( 'NONE',  ( -70.79870325209545001, 115.0635330571693089, 132.4556333180097170 ) ) ;
#7370 = B_SPLINE_CURVE_WITH_KNOTS ( 'NONE', 3,
 ( #6024, #751, #9611, #4516, #5180, #1298 ),
 .UNSPECIFIED., .F., .F.,
 ( 4, 2, 4 ),
 ( 0.000000000000000000, 0.002546263101803297561, 0.005092526203606595123 ),
 .UNSPECIFIED. ) ;
#7371 = VECTOR ( 'NONE', #9163, 1000.000000000000000 ) ;
#7372 = CARTESIAN_POINT ( 'NONE',  ( -83.52415851326594520, 142.9303608324651691, 154.8453285382019544 ) ) ;
#7373 = CARTESIAN_POINT ( 'NONE',  ( -73.28852960328462984, 111.3119079817578410, 131.5054217592787325 ) ) ;
#7374 = VERTEX_POINT ( 'NONE', #5031 ) ;
#7375 = CARTESIAN_POINT ( 'NONE',  ( -90.78803672446437645, 83.96109027197289265, 113.1147114060374577 ) ) ;
#7376 = CARTESIAN_POINT ( 'NONE',  ( -78.78852960328464405, 141.5581117127231039, 63.92190020000548856 ) ) ;
#7377 = CARTESIAN_POINT ( 'NONE',  ( -88.61464580503101729, 156.2045609068601664, 120.9095282099552122 ) ) ;
#7378 = AXIS2_PLACEMENT_3D ( 'NONE', #1530, #5121, #9703 ) ;
#7379 = ORIENTED_EDGE ( 'NONE', *, *, #8618, .F. ) ;
#7380 = CARTESIAN_POINT ( 'NONE',  ( -71.59704210174933792, 114.2288495031563116, 95.83213209127384857 ) ) ;
#7381 = CARTESIAN_POINT ( 'NONE',  ( -90.78852960328464405, 81.41141280376653810, 62.82207159945095754 ) ) ;
#7382 = CARTESIAN_POINT ( 'NONE',  ( -79.78562318095634964, 76.89502643889407807, 65.70727115601354740 ) ) ;
#7383 = CARTESIAN_POINT ( 'NONE',  ( -79.99092414981157617, 76.57563819599363342, 65.98867885129891420 ) ) ;
#7384 = LINE ( 'NONE', #2818, #9025 ) ;
#7385 = CARTESIAN_POINT ( 'NONE',  ( -87.79689735629074221, 66.62124698073679951, 86.97623921184892026 ) ) ;
#7386 = DIRECTION ( 'NONE',  ( 0.000000000000000000, 0.06861641503411732013, 0.9976431163436481064 ) ) ;
#7387 = ORIENTED_EDGE ( 'NONE', *, *, #3500, .T. ) ;
#7388 = DIRECTION ( 'NONE',  ( 0.000000000000000000, -1.000000000000000000, 0.000000000000000000 ) ) ;
#7389 = VECTOR ( 'NONE', #3181, 1000.000000000000000 ) ;
#7390 = B_SPLINE_CURVE_WITH_KNOTS ( 'NONE', 3,
 ( #620, #7225, #5893, #2759, #6634, #2155, #1216, #4332, #2956, #2799, #7323, #5146 ),
 .UNSPECIFIED., .F., .F.,
 ( 4, 1, 1, 1, 2, 2, 1, 4 ),
 ( 0.000000000000000000, 0.3642498912399342315, 0.4553123640499174840, 0.4780779822524133249, 0.4894607913536610511, 0.5008436004549087217, 0.5463748368599000704, 0.7284997824798641330 ),
 .UNSPECIFIED. ) ;
#7391 = ADVANCED_FACE ( 'NONE', ( #3675 ), #2576, .F. ) ;
#7392 = CARTESIAN_POINT ( 'NONE',  ( -79.57357356739902343, 141.0091803924501619, 62.14038501255958380 ) ) ;
#7393 = B_SPLINE_CURVE_WITH_KNOTS ( 'NONE', 3,
 ( #8247, #1627, #4785, #8487, #973, #6946, #7803, #3950 ),
 .UNSPECIFIED., .F., .F.,
 ( 4, 2, 2, 4 ),
 ( 0.000000000000000000, 4.433691814573742762E-05, 8.867383629147485523E-05, 0.0001773476725829211959 ),
 .UNSPECIFIED. ) ;
#7394 = CARTESIAN_POINT ( 'NONE',  ( -79.73117955987905248, 85.61129933794585156, 62.50212410009320507 ) ) ;
#7395 = FACE_OUTER_BOUND ( 'NONE', #5461, .T. ) ;
#7396 = CARTESIAN_POINT ( 'NONE',  ( -71.22518558804638644, 114.0095330646922491, 96.64574246371429922 ) ) ;
#7397 = B_SPLINE_CURVE_WITH_KNOTS ( 'NONE', 3,
 ( #3060, #2435, #2528, #919, #3951, #3483, #6292, #4091, #6434, #4958 ),
 .UNSPECIFIED., .F., .F.,
 ( 4, 1, 2, 2, 1, 4 ),
 ( 0.000000000000000000, 0.4999999999999986677, 0.7499999999999980016, 0.8124999999999984457, 0.8749999999999990008, 1.000000000000000000 ),
 .UNSPECIFIED. ) ;
#7398 = LINE ( 'NONE', #700, #302 ) ;
#7399 = ORIENTED_EDGE ( 'NONE', *, *, #5560, .T. ) ;
#7400 = ORIENTED_EDGE ( 'NONE', *, *, #319, .F. ) ;
#7401 = VECTOR ( 'NONE', #1846, 1000.000000000000000 ) ;
#7402 = EDGE_LOOP ( 'NONE', ( #5615, #1105, #8981, #3915 ) ) ;
#7403 = CARTESIAN_POINT ( 'NONE',  ( -71.23870446307684290, 114.1574736777835852, 133.4594697319883494 ) ) ;
#7404 = VECTOR ( 'NONE', #2352, 1000.000000000000000 ) ;
#7405 = CARTESIAN_POINT ( 'NONE',  ( -88.00204702921359967, 111.8732495885195988, 133.9891573553936723 ) ) ;
#7406 = CARTESIAN_POINT ( 'NONE',  ( -79.72123257805695573, 87.31458858722875505, 62.47964838303533242 ) ) ;
#7407 = CARTESIAN_POINT ( 'NONE',  ( -88.42782151020055892, 104.9251172764621600, 132.5507788178574629 ) ) ;
#7408 = VERTEX_POINT ( 'NONE', #6662 ) ;
#7409 = ORIENTED_EDGE ( 'NONE', *, *, #4305, .F. ) ;
#7410 = ADVANCED_FACE ( 'NONE', ( #1231 ), #2014, .T. ) ;
#7411 =( GEOMETRIC_REPRESENTATION_CONTEXT ( 3 ) GLOBAL_UNCERTAINTY_ASSIGNED_CONTEXT ( ( #1914 ) ) GLOBAL_UNIT_ASSIGNED_CONTEXT ( ( #3644, #1364, #9728 ) ) REPRESENTATION_CONTEXT ( 'NONE', 'WORKASPACE' ) );
#7412 = EDGE_CURVE ( 'NONE', #1135, #6408, #9054, .T. ) ;
#7413 = VECTOR ( 'NONE', #8037, 1000.000000000000000 ) ;
#7414 = CARTESIAN_POINT ( 'NONE',  ( -85.00513492680417471, 140.6514212790317515, 126.5018365403947911 ) ) ;
#7415 = CARTESIAN_POINT ( 'NONE',  ( -69.74836691017675605, 65.32649124733219992, 93.58143042945904710 ) ) ;
#7416 = CARTESIAN_POINT ( 'NONE',  ( -88.63319222104559003, 113.3119079817578552, 136.0233132224358030 ) ) ;
#7417 = CARTESIAN_POINT ( 'NONE',  ( -82.59629499487535043, 152.5418952137794122, 75.25929254691735082 ) ) ;
#7418 = VECTOR ( 'NONE', #5360, 1000.000000000000000 ) ;
#7419 = AXIS2_PLACEMENT_3D ( 'NONE', #6513, #6557, #2082 ) ;
#7420 = CARTESIAN_POINT ( 'NONE',  ( -84.35242007034227640, 134.2914715785693431, 129.3640858961298363 ) ) ;
#7421 = CARTESIAN_POINT ( 'NONE',  ( -81.85275765393471659, 110.3119079817578125, 105.0493643056304194 ) ) ;
#7422 = CARTESIAN_POINT ( 'NONE',  ( -72.05559762767724408, 71.01018007932739806, 76.59625673459018458 ) ) ;
#7423 = CARTESIAN_POINT ( 'NONE',  ( -85.74838580929323939, 143.3773904967586077, 105.0225265602931444 ) ) ;
#7424 = CARTESIAN_POINT ( 'NONE',  ( -83.38852960328463837, 140.8309159640421910, 100.5804998236556855 ) ) ;
#7425 = VERTEX_POINT ( 'NONE', #2291 ) ;
#7426 = CARTESIAN_POINT ( 'NONE',  ( -72.28852960328462984, 152.1879232852531629, 134.2125265045658296 ) ) ;
#7427 = ORIENTED_EDGE ( 'NONE', *, *, #2177, .T. ) ;
#7428 = EDGE_CURVE ( 'NONE', #6917, #2130, #9049, .T. ) ;
#7429 = EDGE_CURVE ( 'NONE', #4770, #8852, #2417, .T. ) ;
#7430 = VECTOR ( 'NONE', #1699, 1000.000000000000000 ) ;
#7431 = TOROIDAL_SURFACE ( 'NONE', #2889, 3.000000000000001776, 1.000000000000000000 ) ;
#7432 = CARTESIAN_POINT ( 'NONE',  ( -86.29738473517744524, 63.93058954119369730, 88.67831963697894082 ) ) ;
#7433 = DIRECTION ( 'NONE',  ( 0.000000000000000000, 0.000000000000000000, -1.000000000000000000 ) ) ;
#7434 = ORIENTED_EDGE ( 'NONE', *, *, #6455, .F. ) ;
#7435 = CARTESIAN_POINT ( 'NONE',  ( -85.97090709588684376, 143.6309159640421456, 107.2804998236556884 ) ) ;
#7436 = CARTESIAN_POINT ( 'NONE',  ( -88.89152216053896893, 135.9599759652643343, 92.37991356372155849 ) ) ;
#7437 = DIRECTION ( 'NONE',  ( 1.000000000000000000, -0.000000000000000000, -0.000000000000000000 ) ) ;
#7438 = CARTESIAN_POINT ( 'NONE',  ( -90.78810949198712876, 154.3100916914015954, 111.6083021939244730 ) ) ;
#7439 = AXIS2_PLACEMENT_3D ( 'NONE', #189, #3263, #4640 ) ;
#7440 = CARTESIAN_POINT ( 'NONE',  ( -79.28638365632392038, 60.70723977845482011, 165.5240675193324762 ) ) ;
#7441 = VERTEX_POINT ( 'NONE', #1466 ) ;
#7442 = CARTESIAN_POINT ( 'NONE',  ( -71.55587596473357337, 113.7850856303147822, 96.07460488521333275 ) ) ;
#7443 = CARTESIAN_POINT ( 'NONE',  ( -90.75411550396140115, 87.90905017847083514, 110.6591092954219562 ) ) ;
#7444 = DIRECTION ( 'NONE',  ( 0.02994971947991443770, 0.9971955801597462976, -0.06858563415863191959 ) ) ;
#7445 = FACE_OUTER_BOUND ( 'NONE', #5440, .T. ) ;
#7446 = CARTESIAN_POINT ( 'NONE',  ( -80.16251455331907039, 76.98215947243113533, 65.69407198154615912 ) ) ;
#7447 = ADVANCED_FACE ( 'NONE', ( #5896 ), #9278, .F. ) ;
#7448 = FACE_OUTER_BOUND ( 'NONE', #4433, .T. ) ;
#7449 = ORIENTED_EDGE ( 'NONE', *, *, #8328, .F. ) ;
#7450 = CARTESIAN_POINT ( 'NONE',  ( -89.60519288526448634, 111.6706333639829722, 113.3247392381556011 ) ) ;
#7451 = CARTESIAN_POINT ( 'NONE',  ( -81.46454227762016842, 76.00368761442435073, 160.3479073285777474 ) ) ;
#7452 = DIRECTION ( 'NONE',  ( -1.000000000000000000, -0.000000000000000000, -0.000000000000000000 ) ) ;
#7453 = CARTESIAN_POINT ( 'NONE',  ( -80.67050804310848378, 80.97009268494858247, 162.3037164822879390 ) ) ;
#7454 = CARTESIAN_POINT ( 'NONE',  ( -84.54526018826683753, 106.1151297279670302, 93.54635706621820646 ) ) ;
#7455 = CARTESIAN_POINT ( 'NONE',  ( -72.28852960328462984, 152.3446421799375514, 132.7125267394741002 ) ) ;
#7456 = DIRECTION ( 'NONE',  ( 1.000000000000000000, 0.000000000000000000, 0.000000000000000000 ) ) ;
#7457 = DIRECTION ( 'NONE',  ( 0.000000000000000000, -0.000000000000000000, 1.000000000000000000 ) ) ;
#7458 = EDGE_CURVE ( 'NONE', #9171, #8007, #1655, .T. ) ;
#7459 = CARTESIAN_POINT ( 'NONE',  ( -74.78852960328464405, 70.04702344982972306, 82.22141455284831579 ) ) ;
#7460 = ORIENTED_EDGE ( 'NONE', *, *, #859, .F. ) ;
#7461 = CARTESIAN_POINT ( 'NONE',  ( -90.61001005408841991, 118.2679121758610847, 107.0249134542453504 ) ) ;
#7462 = ADVANCED_FACE ( 'NONE', ( #9155 ), #7025, .F. ) ;
#7463 = CARTESIAN_POINT ( 'NONE',  ( -94.87364774114004717, 122.5309159640421086, 119.3804998236556827 ) ) ;
#7464 = CARTESIAN_POINT ( 'NONE',  ( -71.11341714089742538, 114.2047778761946688, 133.1828832926420318 ) ) ;
#7465 = CARTESIAN_POINT ( 'NONE',  ( -87.03720698633870256, 113.3119079817578552, 133.5347543482562003 ) ) ;
#7466 = UNCERTAINTY_MEASURE_WITH_UNIT (LENGTH_MEASURE( 1.000000000000000082E-05 ), #7510, 'distance_accuracy_value', 'NONE');
#7467 = CARTESIAN_POINT ( 'NONE',  ( -79.57357169115505258, 141.0095640216830759, 164.8705567018639897 ) ) ;
#7468 = EDGE_CURVE ( 'NONE', #6580, #3655, #3186, .T. ) ;
#7469 = ORIENTED_EDGE ( 'NONE', *, *, #8034, .F. ) ;
#7470 = LINE ( 'NONE', #57, #9128 ) ;
#7471 = EDGE_CURVE ( 'NONE', #8644, #3128, #5476, .T. ) ;
#7472 = CARTESIAN_POINT ( 'NONE',  ( -76.78852960328464405, 141.9419079817567138, 70.00574073170528777 ) ) ;
#7473 = DIRECTION ( 'NONE',  ( -0.000000000000000000, 0.000000000000000000, -1.000000000000000000 ) ) ;
#7474 = FACE_OUTER_BOUND ( 'NONE', #9523, .T. ) ;
#7475 = CYLINDRICAL_SURFACE ( 'NONE', #6789, 5.000000000000031974 ) ;
#7476 = CARTESIAN_POINT ( 'NONE',  ( -72.28852960328462984, 114.0204415849168953, 95.50574073170528777 ) ) ;
#7477 = ORIENTED_EDGE ( 'NONE', *, *, #3860, .F. ) ;
#7478 = CARTESIAN_POINT ( 'NONE',  ( -89.63076959324212112, 105.2626632193690739, 113.4406832550942710 ) ) ;
#7479 = VERTEX_POINT ( 'NONE', #5430 ) ;
#7480 = CARTESIAN_POINT ( 'NONE',  ( -72.87076550287554255, 74.27085158012130250, 152.3276097283222157 ) ) ;
#7481 = CARTESIAN_POINT ( 'NONE',  ( -81.77859054230776792, 77.37007241841601513, 67.46590494455179510 ) ) ;
#7482 = CARTESIAN_POINT ( 'NONE',  ( -87.70159691555372206, 66.79148752949902246, 140.4541853724813905 ) ) ;
#7483 = DIRECTION ( 'NONE',  ( -1.000000000000000000, 0.000000000000000000, 0.000000000000000000 ) ) ;
#7484 = CARTESIAN_POINT ( 'NONE',  ( -79.83784905721991265, 91.30414006016913220, 164.2617466582413783 ) ) ;
#7485 = EDGE_CURVE ( 'NONE', #71, #7975, #3035, .T. ) ;
#7486 = CARTESIAN_POINT ( 'NONE',  ( -90.75238006789425071, 86.15180353890129084, 110.5853943014617755 ) ) ;
#7487 = CARTESIAN_POINT ( 'NONE',  ( -78.16719513713609047, 97.20908031448949771, 165.0794685023070087 ) ) ;
#7488 = CARTESIAN_POINT ( 'NONE',  ( -74.78852960328464405, 72.89156950846108884, 151.3124884011570828 ) ) ;
#7489 = DIRECTION ( 'NONE',  ( -0.000000000000000000, 0.9976436369005324822, 0.06860884601768478530 ) ) ;
#7490 = DIRECTION ( 'NONE',  ( 0.000000000000000000, -0.9976436369005328153, -0.06860884601768200974 ) ) ;
#7491 = CARTESIAN_POINT ( 'NONE',  ( -102.3018812160451034, 154.9959940804824043, 113.4801263016057362 ) ) ;
#7492 = CARTESIAN_POINT ( 'NONE',  ( -89.42568157845251164, 103.3119079817578267, 131.8573423920572338 ) ) ;
#7493 = CARTESIAN_POINT ( 'NONE',  ( -89.96013182388423957, 120.4209208317172397, 127.4671288380610008 ) ) ;
#7494 = VERTEX_POINT ( 'NONE', #999 ) ;
#7495 = CARTESIAN_POINT ( 'NONE',  ( -71.51032509491454903, 113.7148524036708892, 96.45758054075007237 ) ) ;
#7496 = LINE ( 'NONE', #4535, #3781 ) ;
#7497 = CARTESIAN_POINT ( 'NONE',  ( -89.86579701647436025, 62.92470257732483674, 96.45494192450833282 ) ) ;
#7498 = CARTESIAN_POINT ( 'NONE',  ( -87.42289201239721308, 61.83105903991232566, 131.8255927544183237 ) ) ;
#7499 = ORIENTED_EDGE ( 'NONE', *, *, #4351, .F. ) ;
#7500 = CARTESIAN_POINT ( 'NONE',  ( -89.39642466554052191, 113.4095040095918137, 115.2995291653715668 ) ) ;
#7501 = CARTESIAN_POINT ( 'NONE',  ( -83.46783883031336870, 142.1454964461437385, 72.00574073170528777 ) ) ;
#7502 = DIRECTION ( 'NONE',  ( 0.000000000000000000, 1.000000000000000000, 0.000000000000000000 ) ) ;
#7503 = CARTESIAN_POINT ( 'NONE',  ( -90.17919450075372367, 153.9495954131276960, 125.5135359424280921 ) ) ;
#7504 = CARTESIAN_POINT ( 'NONE',  ( -86.69593003848908097, 107.3119079817578267, 135.5054217592787609 ) ) ;
#7505 = CARTESIAN_POINT ( 'NONE',  ( -76.78852960328464405, 111.8688076255531314, 161.5904987380681916 ) ) ;
#7506 = CARTESIAN_POINT ( 'NONE',  ( -70.98435467498053697, 114.3918983386307531, 96.88999370865987260 ) ) ;
#7507 = CARTESIAN_POINT ( 'NONE',  ( -78.05068596450806240, 145.7568573802689968, 165.1720446582363024 ) ) ;
#7508 = VERTEX_POINT ( 'NONE', #212 ) ;
#7509 = ORIENTED_EDGE ( 'NONE', *, *, #1587, .F. ) ;
#7510 =( LENGTH_UNIT ( ) NAMED_UNIT ( * ) SI_UNIT ( .MILLI., .METRE. ) );
#7511 = CARTESIAN_POINT ( 'NONE',  ( -71.13041365202019506, 114.4837913947192050, 133.3998138971135177 ) ) ;
#7512 = VERTEX_POINT ( 'NONE', #6222 ) ;
#7513 = PRODUCT_DEFINITION_SHAPE ( 'NONE', 'NONE',  #168 ) ;
#7514 = CARTESIAN_POINT ( 'NONE',  ( -88.54411957682344791, 113.8344851590106543, 132.8492427942181848 ) ) ;
#7515 = DIRECTION ( 'NONE',  ( 2.775557561562888827E-14, 0.000000000000000000, -1.000000000000000000 ) ) ;
#7516 = ORIENTED_EDGE ( 'NONE', *, *, #8820, .T. ) ;
#7517 = CARTESIAN_POINT ( 'NONE',  ( -90.77682042085403680, 114.9734438449083029, 111.8112121637946501 ) ) ;
#7518 = CARTESIAN_POINT ( 'NONE',  ( -84.51036696027901485, 70.53990325196056688, 74.83694861217934147 ) ) ;
#7519 = CARTESIAN_POINT ( 'NONE',  ( -85.98964452594337615, 122.5309159640421086, 119.3804998236556827 ) ) ;
#7520 = DIRECTION ( 'NONE',  ( 0.000000000000000000, -0.7071067811865474617, -0.7071067811865474617 ) ) ;
#7521 = CARTESIAN_POINT ( 'NONE',  ( -84.28536839170106987, 132.5309159640421228, 97.28049982365570258 ) ) ;
#7522 = CARTESIAN_POINT ( 'NONE',  ( -82.94177349259386745, 149.6560645574505770, 156.4704160897753695 ) ) ;
#7523 = ORIENTED_EDGE ( 'NONE', *, *, #2511, .F. ) ;
#7524 = CARTESIAN_POINT ( 'NONE',  ( -85.45981774580366164, 142.6424599252886765, 102.9332328682835964 ) ) ;
#7525 = AXIS2_PLACEMENT_3D ( 'NONE', #558, #8858, #207 ) ;
#7526 = VERTEX_POINT ( 'NONE', #856 ) ;
#7527 = DIRECTION ( 'NONE',  ( 0.000000000000000000, -1.000000000000000000, 0.000000000000000000 ) ) ;
#7528 = ORIENTED_EDGE ( 'NONE', *, *, #3148, .T. ) ;
#7529 = CARTESIAN_POINT ( 'NONE',  ( -84.59833868952934210, 138.0432754728767293, 128.3603816923899217 ) ) ;
#7530 = CARTESIAN_POINT ( 'NONE',  ( -79.92890337541454926, 75.71434440878955741, 67.07159025567796107 ) ) ;
#7531 = CARTESIAN_POINT ( 'NONE',  ( -84.17327558914689689, 144.7938922499543537, 74.05547913193517218 ) ) ;
#7532 = CARTESIAN_POINT ( 'NONE',  ( -88.35191430148734071, 60.09427209117227875, 124.0814352333970447 ) ) ;
#7533 = AXIS2_PLACEMENT_3D ( 'NONE', #3429, #7219, #475 ) ;
#7534 = CARTESIAN_POINT ( 'NONE',  ( -84.92408724732590031, 125.9321821990493078, 126.8960413196330848 ) ) ;
#7535 = SURFACE_STYLE_FILL_AREA ( #5943 ) ;
#7536 = CARTESIAN_POINT ( 'NONE',  ( -78.78852960328464405, 73.94917957412638998, 75.04480254637877579 ) ) ;
#7537 = DIRECTION ( 'NONE',  ( 1.000000000000000000, -0.000000000000000000, -0.000000000000000000 ) ) ;
#7538 = FACE_OUTER_BOUND ( 'NONE', #4396, .T. ) ;
#7539 = ORIENTED_EDGE ( 'NONE', *, *, #2490, .T. ) ;
#7540 = CARTESIAN_POINT ( 'NONE',  ( -71.12312943296707601, 114.4374563353140815, 96.33843804480979145 ) ) ;
#7541 = CARTESIAN_POINT ( 'NONE',  ( -88.83505845913923338, 105.1337689073579327, 92.06777407913484979 ) ) ;
#7542 = CARTESIAN_POINT ( 'NONE',  ( -79.99290351925718312, 127.0995950700828416, 63.10980955766262923 ) ) ;
#7543 = CIRCLE ( 'NONE', #7214, 6.999999999999978684 ) ;
#7544 = CARTESIAN_POINT ( 'NONE',  ( -79.78562318095634964, 76.89502643889407807, 65.70727115601354740 ) ) ;
#7545 = ADVANCED_FACE ( 'NONE', ( #2504 ), #4771, .F. ) ;
#7546 = EDGE_CURVE ( 'NONE', #1319, #88, #8936, .T. ) ;
#7547 = EDGE_CURVE ( 'NONE', #933, #7663, #1747, .T. ) ;
#7548 = CARTESIAN_POINT ( 'NONE',  ( -89.73653944772733837, 111.8014148703591388, 113.2585869976023645 ) ) ;
#7549 = CARTESIAN_POINT ( 'NONE',  ( -84.60937227288141571, 144.9248523672563067, 151.6330401703372956 ) ) ;
#7550 = DIRECTION ( 'NONE',  ( 1.000000000000000000, -0.000000000000000000, -0.000000000000000000 ) ) ;
#7551 = VECTOR ( 'NONE', #1548, 1000.000000000000000 ) ;
#7552 = CARTESIAN_POINT ( 'NONE',  ( -89.10800550757851113, 151.6586802554030555, 155.9887145288563204 ) ) ;
#7553 = CARTESIAN_POINT ( 'NONE',  ( -88.78852960328462984, 106.6293568147877551, -0.000000000000000000 ) ) ;
#7554 = CARTESIAN_POINT ( 'NONE',  ( -84.34824275842643715, 133.6309159640421456, 129.3804998236556685 ) ) ;
#7555 = DIRECTION ( 'NONE',  ( -0.000000000000000000, -0.000000000000000000, -1.000000000000000000 ) ) ;
#7556 = CARTESIAN_POINT ( 'NONE',  ( -84.41826482029333079, 130.1868964322781039, 129.1022327609016429 ) ) ;
#7557 = DIRECTION ( 'NONE',  ( 0.000000000000000000, 0.000000000000000000, -1.000000000000000000 ) ) ;
#7558 = CARTESIAN_POINT ( 'NONE',  ( -79.99528360020708817, 147.8400738582066936, 63.10359647672477479 ) ) ;
#7559 = EDGE_LOOP ( 'NONE', ( #7857, #4070, #9146, #5135 ) ) ;
#7560 = CARTESIAN_POINT ( 'NONE',  ( -86.19938934980902445, 143.6309159640420603, 115.3468320184715168 ) ) ;
#7561 = DIRECTION ( 'NONE',  ( 1.000000000000000000, 0.000000000000000000, 0.000000000000000000 ) ) ;
#7562 = DIRECTION ( 'NONE',  ( 0.000000000000000000, 0.000000000000000000, -1.000000000000000000 ) ) ;
#7563 = CARTESIAN_POINT ( 'NONE',  ( -82.97586503882038755, 151.6751109200407654, 156.3770145639719544 ) ) ;
#7564 = CIRCLE ( 'NONE', #5018, 6.999999999999978684 ) ;
#7565 = ADVANCED_FACE ( 'NONE', ( #6008 ), #5019, .T. ) ;
#7566 = EDGE_LOOP ( 'NONE', ( #6471, #5933, #2573, #5873, #2081 ) ) ;
#7567 = CARTESIAN_POINT ( 'NONE',  ( -81.64276589057875810, 77.61216250450337384, 67.12011891546310949 ) ) ;
#7568 = CARTESIAN_POINT ( 'NONE',  ( -84.28536913561573840, 132.2045861374258209, 97.28049982365570258 ) ) ;
#7569 = CARTESIAN_POINT ( 'NONE',  ( -90.78852960328464405, 140.8723463296477121, 166.0654737538021948 ) ) ;
#7570 = CARTESIAN_POINT ( 'NONE',  ( -81.89607519042159822, 113.3115952306277308, 91.96147921292704552 ) ) ;
#7571 = VECTOR ( 'NONE', #4265, 1000.000000000000000 ) ;
#7572 = UNCERTAINTY_MEASURE_WITH_UNIT (LENGTH_MEASURE( 1.000000000000000082E-05 ), #4499, 'distance_accuracy_value', 'NONE');
#7573 = DIRECTION ( 'NONE',  ( 0.000000000000000000, 0.000000000000000000, -1.000000000000000000 ) ) ;
#7574 = ORIENTED_EDGE ( 'NONE', *, *, #7138, .F. ) ;
#7575 = LINE ( 'NONE', #801, #5977 ) ;
#7576 = CARTESIAN_POINT ( 'NONE',  ( -72.18217068309796502, 113.3479033400237910, 133.4949915820096749 ) ) ;
#7577 = EDGE_CURVE ( 'NONE', #3286, #4817, #15, .T. ) ;
#7578 = CARTESIAN_POINT ( 'NONE',  ( -83.38852960328463837, 125.3309159640421626, 131.0804998236556855 ) ) ;
#7579 = CARTESIAN_POINT ( 'NONE',  ( -82.31449821212960671, 151.1093335243396325, 156.3865797187091005 ) ) ;
#7580 = CARTESIAN_POINT ( 'NONE',  ( -77.81385794287379554, 143.7355512590462467, 61.15515303898474997 ) ) ;
#7581 = ORIENTED_EDGE ( 'NONE', *, *, #9575, .F. ) ;
#7582 = CARTESIAN_POINT ( 'NONE',  ( -74.78852960328464405, 69.28151800167140095, 149.7325884709703701 ) ) ;
#7583 = CIRCLE ( 'NONE', #7109, 1.000000000000000888 ) ;
#7584 = CARTESIAN_POINT ( 'NONE',  ( -70.78852960328462984, 115.2569332580205952, 97.44223240480899051 ) ) ;
#7585 = EDGE_LOOP ( 'NONE', ( #9059, #4074, #3879 ) ) ;
#7586 = ORIENTED_EDGE ( 'NONE', *, *, #6423, .T. ) ;
#7587 = CARTESIAN_POINT ( 'NONE',  ( -79.12765736338474198, 143.6373775720241497, 165.8951997067325408 ) ) ;
#7588 = AXIS2_PLACEMENT_3D ( 'NONE', #6072, #6229, #9106 ) ;
#7589 = CARTESIAN_POINT ( 'NONE',  ( -88.78814564823176170, 59.27561037360937490, 114.1152692450746713 ) ) ;
#7590 = CARTESIAN_POINT ( 'NONE',  ( -77.87871578596957534, 86.78156815438114791, 61.25779513156511769 ) ) ;
#7591 = DIRECTION ( 'NONE',  ( 0.000000000000000000, 1.000000000000000000, -0.000000000000000000 ) ) ;
#7592 = CARTESIAN_POINT ( 'NONE',  ( -70.78852960328462984, 62.38728191801577339, 109.6173483854554291 ) ) ;
#7593 = CARTESIAN_POINT ( 'NONE',  ( -82.63262804900922731, 151.3690120832737307, 69.70093040610093738 ) ) ;
#7594 = CARTESIAN_POINT ( 'NONE',  ( -74.78852960328465826, 62.50255621262162720, 107.7208623745373899 ) ) ;
#7595 = CARTESIAN_POINT ( 'NONE',  ( -90.36619992571638704, 118.7510833493763442, 123.4841062855504674 ) ) ;
#7596 = VERTEX_POINT ( 'NONE', #3793 ) ;
#7597 = CARTESIAN_POINT ( 'NONE',  ( -71.13041365201968347, 114.4837913947191765, 96.31845333915718754 ) ) ;
#7598 = CARTESIAN_POINT ( 'NONE',  ( -90.78468910577426243, 89.78823351829545629, 112.5379528942138734 ) ) ;
#7599 = VECTOR ( 'NONE', #389, 1000.000000000000000 ) ;
#7600 = CARTESIAN_POINT ( 'NONE',  ( -89.84310284038780026, 120.7926391890933360, 98.59048559375808907 ) ) ;
#7601 = CIRCLE ( 'NONE', #4138, 223.0000000000000568 ) ;
#7602 = CARTESIAN_POINT ( 'NONE',  ( -71.91651720823314520, 70.47203024717862263, 76.81146434075026264 ) ) ;
#7603 = DIRECTION ( 'NONE',  ( 0.000000000000000000, 0.000000000000000000, -1.000000000000000000 ) ) ;
#7604 = DIRECTION ( 'NONE',  ( 0.000000000000000000, 1.000000000000000000, 0.000000000000000000 ) ) ;
#7605 = AXIS2_PLACEMENT_3D ( 'NONE', #5234, #9412, #806 ) ;
#7606 = CARTESIAN_POINT ( 'NONE',  ( -78.78852960328464405, 141.9419079817567138, 75.00574073170528777 ) ) ;
#7607 = CARTESIAN_POINT ( 'NONE',  ( -81.07195694568103761, 77.16020322869275105, 66.27009980350949547 ) ) ;
#7608 = EDGE_CURVE ( 'NONE', #741, #1638, #8945, .T. ) ;
#7609 = CARTESIAN_POINT ( 'NONE',  ( -83.38852960328463837, 125.3309159640421626, 95.58049982365568553 ) ) ;
#7610 = CARTESIAN_POINT ( 'NONE',  ( -84.70796575497469405, 127.2622156294512763, 127.8870602828756660 ) ) ;
#7611 = CARTESIAN_POINT ( 'NONE',  ( -74.78852960328464405, 64.66347803448965692, 130.8309136237396331 ) ) ;
#7612 = CARTESIAN_POINT ( 'NONE',  ( -80.18383411838725294, 148.3268077569236709, 63.54846062047509747 ) ) ;
#7613 = ORIENTED_EDGE ( 'NONE', *, *, #2246, .T. ) ;
#7614 = CARTESIAN_POINT ( 'NONE',  ( -70.78852960328462984, 148.6520442482435556, 71.31938675007729955 ) ) ;
#7615 = ORIENTED_EDGE ( 'NONE', *, *, #2511, .T. ) ;
#7616 = CARTESIAN_POINT ( 'NONE',  ( -78.78852960328464405, 125.3309159640421626, 131.0804998236556855 ) ) ;
#7617 = CARTESIAN_POINT ( 'NONE',  ( -80.62202087989560084, 149.3586260648815482, 162.4206865850896691 ) ) ;
#7618 = CARTESIAN_POINT ( 'NONE',  ( -78.15452252181583503, 126.9623622400146132, 61.90214970102335457 ) ) ;
#7619 = ORIENTED_EDGE ( 'NONE', *, *, #8894, .F. ) ;
#7620 = CARTESIAN_POINT ( 'NONE',  ( -84.69514671394632899, 126.9772044835643925, 98.96446668675213232 ) ) ;
#7621 = EDGE_CURVE ( 'NONE', #7122, #8466, #835, .T. ) ;
#7622 = CARTESIAN_POINT ( 'NONE',  ( -89.76453121898650522, 144.9438350223418297, 97.98328091297797471 ) ) ;
#7623 = CARTESIAN_POINT ( 'NONE',  ( -84.31178775423990146, 112.0375145020641838, 93.17612066333751386 ) ) ;
#7624 = CARTESIAN_POINT ( 'NONE',  ( -78.78852960328461563, 67.05927132449821215, 137.9967401876890278 ) ) ;
#7625 = ORIENTED_EDGE ( 'NONE', *, *, #319, .T. ) ;
#7626 = DIRECTION ( 'NONE',  ( 0.000000000000000000, -0.000000000000000000, -1.000000000000000000 ) ) ;
#7627 = PLANE ( 'NONE',  #5838 ) ;
#7628 = CARTESIAN_POINT ( 'NONE',  ( -81.08796827438044375, 151.6566470836140468, 71.01433428847825269 ) ) ;
#7629 = CARTESIAN_POINT ( 'NONE',  ( -90.77874365842764348, 115.0861232964639242, 111.9223994003433234 ) ) ;
#7630 = DIRECTION ( 'NONE',  ( 0.000000000000000000, 0.8435723532114306478, -0.5370155350614443934 ) ) ;
#7631 = CARTESIAN_POINT ( 'NONE',  ( -87.43213407308068952, 113.3119079817578267, 131.6601370076836304 ) ) ;
#7632 = SURFACE_STYLE_FILL_AREA ( #108 ) ;
#7633 = CARTESIAN_POINT ( 'NONE',  ( -88.36331761130495011, 156.0515574523156488, 103.4446587238496988 ) ) ;
#7634 = EDGE_CURVE ( 'NONE', #6633, #7912, #3855, .T. ) ;
#7635 = CARTESIAN_POINT ( 'NONE',  ( -82.92286779884459236, 149.9072740718743830, 156.4876544511983525 ) ) ;
#7636 = CARTESIAN_POINT ( 'NONE',  ( -84.72815282373565537, 139.3969768825361655, 99.10970349707957894 ) ) ;
#7637 = VERTEX_POINT ( 'NONE', #5117 ) ;
#7638 = EDGE_LOOP ( 'NONE', ( #8826, #2781, #8081, #2312, #9504, #9383, #6704, #4890, #2829, #9124, #1996, #4177 ) ) ;
#7639 = B_SPLINE_CURVE_WITH_KNOTS ( 'NONE', 3,
 ( #1538, #9261, #259, #3184, #47, #6064 ),
 .UNSPECIFIED., .F., .F.,
 ( 4, 2, 4 ),
 ( 0.001966245594690234268, 0.01003002236762337400, 0.01809379914055646993 ),
 .UNSPECIFIED. ) ;
#7640 = CARTESIAN_POINT ( 'NONE',  ( -84.90573812243150087, 144.6536155055719632, 76.30349185424645952 ) ) ;
#7641 = CARTESIAN_POINT ( 'NONE',  ( -86.18841716657198049, 64.13303987140800189, 138.7475907137786351 ) ) ;
#7642 = CARTESIAN_POINT ( 'NONE',  ( -78.77412148560321725, 148.7294257510154978, 63.95107861456690301 ) ) ;
#7643 = CARTESIAN_POINT ( 'NONE',  ( -78.31029821330537288, 102.1684094134725456, 164.7482668667498729 ) ) ;
#7644 = CARTESIAN_POINT ( 'NONE',  ( -74.78852960328464405, 86.94190798175786483, 118.5057407317052593 ) ) ;
#7645 = CARTESIAN_POINT ( 'NONE',  ( -74.78852960328464405, 69.28151800167140095, 149.7325884709703701 ) ) ;
#7646 = CARTESIAN_POINT ( 'NONE',  ( -79.82102173241105447, 76.24088914478890899, 66.34582390211393488 ) ) ;
#7647 = ORIENTED_EDGE ( 'NONE', *, *, #3564, .T. ) ;
#7648 = CARTESIAN_POINT ( 'NONE',  ( -71.05497398411539223, 114.3219317396558665, 96.57395662105524536 ) ) ;
#7649 = CARTESIAN_POINT ( 'NONE',  ( -89.65100288401382045, 104.4468056478177544, 97.11275658745059047 ) ) ;
#7650 = CARTESIAN_POINT ( 'NONE',  ( -88.77123190257186991, 109.3119079817578267, 111.5054217592787182 ) ) ;
#7651 = CARTESIAN_POINT ( 'NONE',  ( -83.61280875063593498, 143.4735110935818341, 72.41854700648072196 ) ) ;
#7652 = CARTESIAN_POINT ( 'NONE',  ( -84.50093230335536987, 137.0826263968026524, 128.7662675958231375 ) ) ;
#7653 = EDGE_CURVE ( 'NONE', #6618, #5099, #1379, .T. ) ;
#7654 = DIRECTION ( 'NONE',  ( 0.000000000000000000, 0.7071067811866943442, -0.7071067811864006902 ) ) ;
#7655 = CARTESIAN_POINT ( 'NONE',  ( -90.78852960328464405, 69.37211967504178745, 77.11476065697885929 ) ) ;
#7656 = CARTESIAN_POINT ( 'NONE',  ( -72.28852960328462984, 113.8372180658653861, 134.1943073782335887 ) ) ;
#7657 = CARTESIAN_POINT ( 'NONE',  ( -84.82677192461009952, 126.4913401284061507, 127.3521153941446187 ) ) ;
#7658 = CYLINDRICAL_SURFACE ( 'NONE', #8345, 3.000000000000002665 ) ;
#7659 = CARTESIAN_POINT ( 'NONE',  ( -89.25284126673872720, 113.1613566963101221, 94.49094483638681652 ) ) ;
#7660 = EDGE_LOOP ( 'NONE', ( #7788, #6582, #2733 ) ) ;
#7661 = DIRECTION ( 'NONE',  ( 1.000000000000000000, 0.000000000000000000, 0.000000000000000000 ) ) ;
#7662 = CARTESIAN_POINT ( 'NONE',  ( -90.58295697915839639, 118.2679252954638969, 106.5338813592041163 ) ) ;
#7663 = VERTEX_POINT ( 'NONE', #7810 ) ;
#7664 = CARTESIAN_POINT ( 'NONE',  ( -74.78852960328464405, 49.26843823726104432, 113.5058759053164863 ) ) ;
#7665 = CARTESIAN_POINT ( 'NONE',  ( -79.92591778247630430, 75.71984148149765304, 159.9471109133948517 ) ) ;
#7666 = ORIENTED_EDGE ( 'NONE', *, *, #8129, .T. ) ;
#7667 = CARTESIAN_POINT ( 'NONE',  ( -79.74979190970854859, 78.97243289443707681, 164.4814659412757578 ) ) ;
#7668 = CARTESIAN_POINT ( 'NONE',  ( -78.01786395178909572, 131.5993232890914157, 165.4277596579307215 ) ) ;
#7669 = CARTESIAN_POINT ( 'NONE',  ( -84.69679665690446768, 126.9663936529180859, 98.97169915443886623 ) ) ;
#7670 = EDGE_CURVE ( 'NONE', #3655, #3036, #360, .T. ) ;
#7671 = CARTESIAN_POINT ( 'NONE',  ( -88.89156514436690770, 135.9611747108966711, 92.38015354065150575 ) ) ;
#7672 = CARTESIAN_POINT ( 'NONE',  ( -73.28852960328462984, 107.3119079817578267, 113.5054217592787325 ) ) ;
#7673 = LINE ( 'NONE', #258, #4117 ) ;
#7674 = CARTESIAN_POINT ( 'NONE',  ( -78.78852960328464405, 78.63191675939015113, 158.8634014860263903 ) ) ;
#7675 = CARTESIAN_POINT ( 'NONE',  ( -78.78852960328464405, 125.3309159640421626, 100.5804998236556855 ) ) ;
#7676 = ORIENTED_EDGE ( 'NONE', *, *, #6694, .F. ) ;
#7677 = CARTESIAN_POINT ( 'NONE',  ( -74.78852960328464405, 62.70123240643188467, 121.8350500055676662 ) ) ;
#7678 = CARTESIAN_POINT ( 'NONE',  ( -77.73197232980325566, 141.2357548686956648, 166.0904656843622718 ) ) ;
#7679 = LINE ( 'NONE', #3925, #8673 ) ;
#7680 = CARTESIAN_POINT ( 'NONE',  ( -85.01608718774771489, 140.7060115795976856, 126.4475386820791414 ) ) ;
#7681 = ADVANCED_FACE ( 'NONE', ( #978 ), #7752, .T. ) ;
#7682 = EDGE_CURVE ( 'NONE', #1905, #5773, #9135, .T. ) ;
#7683 = EDGE_CURVE ( 'NONE', #7157, #6373, #4098, .T. ) ;
#7684 = CARTESIAN_POINT ( 'NONE',  ( -78.16719513713609047, 97.20908031448949771, 165.0794685023070372 ) ) ;
#7685 = CARTESIAN_POINT ( 'NONE',  ( -88.77123346665156589, 105.3119079817578267, 115.5054217592787609 ) ) ;
#7686 = CARTESIAN_POINT ( 'NONE',  ( -72.28852960328462984, 113.3119079817578125, 96.20574073170529061 ) ) ;
#7687 = EDGE_LOOP ( 'NONE', ( #4741, #2997, #4789, #3239, #4634 ) ) ;
#7688 = CARTESIAN_POINT ( 'NONE',  ( -85.25938712906742012, 141.9561748292295249, 101.7406251229324567 ) ) ;
#7689 = ORIENTED_EDGE ( 'NONE', *, *, #3031, .F. ) ;
#7690 = ADVANCED_FACE ( 'NONE', ( #7707 ), #4045, .F. ) ;
#7691 = DIRECTION ( 'NONE',  ( -0.000000000000000000, 1.000000000000000000, -0.000000000000000000 ) ) ;
#7692 = CARTESIAN_POINT ( 'NONE',  ( -79.43392251238924473, 76.61522344066872847, 65.81254233179559776 ) ) ;
#7693 = CARTESIAN_POINT ( 'NONE',  ( -88.59563088809220233, 59.63729421894801419, 120.9374771894481029 ) ) ;
#7694 = CARTESIAN_POINT ( 'NONE',  ( -83.38852960328463837, 130.8367218251632096, 95.58049982365579922 ) ) ;
#7695 = CARTESIAN_POINT ( 'NONE',  ( -72.86162915016457475, 74.23430616927745973, 152.2681882442930146 ) ) ;
#7696 = DIRECTION ( 'NONE',  ( -1.000000000000000000, -0.000000000000000000, -0.000000000000000000 ) ) ;
#7697 = CARTESIAN_POINT ( 'NONE',  ( -78.31042596732413585, 102.1680321254914077, 62.26297033322212826 ) ) ;
#7698 = CARTESIAN_POINT ( 'NONE',  ( -74.78852960328464405, 62.69833629057029611, 122.0380694429183848 ) ) ;
#7699 = CARTESIAN_POINT ( 'NONE',  ( -90.15083434277981667, 119.5370548907614676, 125.7619000761028900 ) ) ;
#7700 = ORIENTED_EDGE ( 'NONE', *, *, #1397, .F. ) ;
#7701 = CARTESIAN_POINT ( 'NONE',  ( -71.27465560231109976, 113.9453498656519912, 96.60475813844890070 ) ) ;
#7702 = CARTESIAN_POINT ( 'NONE',  ( -80.26184244210411123, 146.3882637793425374, 163.2704068698730566 ) ) ;
#7703 = CARTESIAN_POINT ( 'NONE',  ( -87.78852960328462984, 107.6293568147877551, 95.50674166600603598 ) ) ;
#7704 = CARTESIAN_POINT ( 'NONE',  ( -72.00074830262003900, 70.79432193763074110, 76.67186146202290331 ) ) ;
#7705 = EDGE_CURVE ( 'NONE', #6639, #9751, #4005, .T. ) ;
#7706 = CARTESIAN_POINT ( 'NONE',  ( -72.28852960328462984, 107.3119079817578267, 115.5054217592787325 ) ) ;
#7707 = FACE_OUTER_BOUND ( 'NONE', #9239, .T. ) ;
#7708 = CARTESIAN_POINT ( 'NONE',  ( -90.74689513561324361, 154.2856871270127215, 109.8737059673379548 ) ) ;
#7709 = DIRECTION ( 'NONE',  ( 1.000000000000000000, 0.000000000000000000, 0.000000000000000000 ) ) ;
#7710 = DIRECTION ( 'NONE',  ( 0.000000000000000000, 0.000000000000000000, -1.000000000000000000 ) ) ;
#7711 = CARTESIAN_POINT ( 'NONE',  ( -85.30052172473767769, 124.2135685580554565, 124.9322336160664690 ) ) ;
#7712 = CIRCLE ( 'NONE', #8654, 2.000000000000001776 ) ;
#7713 = CARTESIAN_POINT ( 'NONE',  ( -81.08799032488511216, 151.6569694609944179, 155.9965266711549816 ) ) ;
#7714 = EDGE_LOOP ( 'NONE', ( #7995, #5963 ) ) ;
#7715 = CARTESIAN_POINT ( 'NONE',  ( -78.78852960328464405, 151.2440370947211079, 141.6572865280419080 ) ) ;
#7716 = CARTESIAN_POINT ( 'NONE',  ( -70.79067217804410461, 115.1785806871795188, 132.3815547376799771 ) ) ;
#7717 = ORIENTED_EDGE ( 'NONE', *, *, #8021, .T. ) ;
#7718 = DIRECTION ( 'NONE',  ( 0.000000000000000000, 0.000000000000000000, 1.000000000000000000 ) ) ;
#7719 = ORIENTED_EDGE ( 'NONE', *, *, #1454, .T. ) ;
#7720 = VECTOR ( 'NONE', #1304, 1000.000000000000000 ) ;
#7721 = CARTESIAN_POINT ( 'NONE',  ( -84.47683347807661391, 128.7048278208205261, 98.04137565145140343 ) ) ;
#7722 = CARTESIAN_POINT ( 'NONE',  ( -90.33402204210777597, 147.4046260383694857, 103.1623019334496689 ) ) ;
#7723 = CARTESIAN_POINT ( 'NONE',  ( -79.95315882624842629, 128.4294889759887326, 163.9938947308909292 ) ) ;
#7724 = CARTESIAN_POINT ( 'NONE',  ( -78.78852960328464405, 68.16251314411591977, 140.7035418322398073 ) ) ;
#7725 = VECTOR ( 'NONE', #8409, 1000.000000000000227 ) ;
#7726 = CARTESIAN_POINT ( 'NONE',  ( -90.58805716732454982, 105.0844171982957249, 112.3742547455212417 ) ) ;
#7727 = EDGE_LOOP ( 'NONE', ( #3741, #6692, #1713, #7613 ) ) ;
#7728 = CARTESIAN_POINT ( 'NONE',  ( -74.78852960328464405, 70.10455760800985558, 145.0472966380754087 ) ) ;
#7729 = B_SPLINE_CURVE_WITH_KNOTS ( 'NONE', 3,
 ( #1959, #1818, #6479, #3393, #3430, #1111, #1166, #7417, #3683, #2198, #2753, #4564, #160, #3771, #7633, #862, #9222, #1809, #9378, #9423, #1900, #7969, #6228, #3567, #8910, #5826, #8857, #513, #4319, #9709, #4412, #3262, #9046, #6298, #3761, #6494, #4837, #5702 ),
 .UNSPECIFIED., .F., .F.,
 ( 4, 2, 1, 1, 1, 2, 2, 2, 2, 2, 1, 1, 2, 2, 2, 2, 2, 2, 1, 1, 1, 2, 4 ),
 ( -5.999999999821323158E-08, 0.0003395240774509780419, 0.0006791081549019543180, 0.001358276309803958370, 0.002716612619607979267, 0.005433285239216009352, 0.01086663047843202702, 0.02173332095686408838, 0.03260001143529615841, 0.03531668405490416551, 0.03803335667451217955, 0.04346670191372821457, 0.05433339239216023603, 0.05705006501176828476, 0.05976673763137634043, 0.06520008287059243790, 0.07606677334902457732, 0.08150011858824059152, 0.08421679120784861250, 0.08557512751765262993, 0.08625429567255459007, 0.08659387975000558402, 0.08693346382745656409 ),
 .UNSPECIFIED. ) ;
#7730 = PLANE ( 'NONE',  #918 ) ;
#7731 = AXIS2_PLACEMENT_3D ( 'NONE', #6688, #2969, #5950 ) ;
#7732 = CARTESIAN_POINT ( 'NONE',  ( -90.78852960328464405, 148.7298017148081897, 163.0598045620218386 ) ) ;
#7733 = ADVANCED_FACE ( 'NONE', ( #80 ), #3957, .T. ) ;
#7734 = CARTESIAN_POINT ( 'NONE',  ( -85.15851412264377984, 141.5658103348729355, 101.1859531942893256 ) ) ;
#7735 = ORIENTED_EDGE ( 'NONE', *, *, #6937, .T. ) ;
#7736 = EDGE_CURVE ( 'NONE', #5731, #3113, #6951, .T. ) ;
#7737 = ORIENTED_EDGE ( 'NONE', *, *, #2300, .T. ) ;
#7738 = AXIS2_PLACEMENT_3D ( 'NONE', #5260, #697, #6049 ) ;
#7739 = CARTESIAN_POINT ( 'NONE',  ( -82.28339679803809759, 76.46828974237358523, 68.77228216033140029 ) ) ;
#7740 = CARTESIAN_POINT ( 'NONE',  ( -85.16786703457619012, 66.03185421803857480, 83.63024855194350948 ) ) ;
#7741 = CARTESIAN_POINT ( 'NONE',  ( -85.27522020120690627, 124.3107184066260800, 125.0774469377926863 ) ) ;
#7742 = CARTESIAN_POINT ( 'NONE',  ( -78.41482843622127064, 81.41179733515534167, 164.1893223118609626 ) ) ;
#7743 = ADVANCED_FACE ( 'NONE', ( #3108 ), #1831, .F. ) ;
#7744 = CARTESIAN_POINT ( 'NONE',  ( -81.14452729597101666, 151.6586721914136149, 155.9887513521196922 ) ) ;
#7745 = CARTESIAN_POINT ( 'NONE',  ( -74.78852960328464405, 65.56971616082866205, 133.8243604519487917 ) ) ;
#7746 = ORIENTED_EDGE ( 'NONE', *, *, #777, .F. ) ;
#7747 = CARTESIAN_POINT ( 'NONE',  ( -70.79880142067115401, 115.0572161360721850, 97.27011776544222244 ) ) ;
#7748 = CARTESIAN_POINT ( 'NONE',  ( -90.78852960328464405, 113.3119079817578125, 103.0725956219346386 ) ) ;
#7749 = CARTESIAN_POINT ( 'NONE',  ( -81.46362439412716583, 77.93181861607487804, 66.66821438810124789 ) ) ;
#7750 = VECTOR ( 'NONE', #6149, 1000.000000000000000 ) ;
#7751 = AXIS2_PLACEMENT_3D ( 'NONE', #6515, #7561, #5170 ) ;
#7752 = CYLINDRICAL_SURFACE ( 'NONE', #6464, 2.000000000000001776 ) ;
#7753 = DIRECTION ( 'NONE',  ( 0.000000000000000000, 0.000000000000000000, -1.000000000000000000 ) ) ;
#7754 = CARTESIAN_POINT ( 'NONE',  ( -83.73530857394283089, 139.9313084119026200, 72.77067563819777263 ) ) ;
#7755 = VECTOR ( 'NONE', #1731, 999.9999999999998863 ) ;
#7756 = DIRECTION ( 'NONE',  ( 1.000000000000000000, 0.000000000000000000, 0.000000000000000000 ) ) ;
#7757 = CARTESIAN_POINT ( 'NONE',  ( -84.44359105755462735, 129.7948682706950478, 129.0003226392006752 ) ) ;
#7758 = VECTOR ( 'NONE', #65, 1000.000000000000000 ) ;
#7759 = CARTESIAN_POINT ( 'NONE',  ( -74.78852960328464405, 69.28116841326392716, 77.27902731469615105 ) ) ;
#7760 = ORIENTED_EDGE ( 'NONE', *, *, #8969, .T. ) ;
#7761 = CARTESIAN_POINT ( 'NONE',  ( -4.786529603284628287, 69.28151800167140095, 149.7325884709703701 ) ) ;
#7762 = VERTEX_POINT ( 'NONE', #8446 ) ;
#7763 = CARTESIAN_POINT ( 'NONE',  ( -70.95866520431447100, 66.62245038587681734, 137.0745068775874813 ) ) ;
#7764 = CARTESIAN_POINT ( 'NONE',  ( -80.27345551196808060, 151.3934682220362049, 158.3739636743196684 ) ) ;
#7765 = AXIS2_PLACEMENT_3D ( 'NONE', #7381, #9594, #7067 ) ;
#7766 = ORIENTED_EDGE ( 'NONE', *, *, #6363, .F. ) ;
#7767 = CARTESIAN_POINT ( 'NONE',  ( -76.78852960328464405, 87.24796103312279172, 64.27334972175202665 ) ) ;
#7768 = CARTESIAN_POINT ( 'NONE',  ( -85.23689535971161035, 143.8036944762797020, 149.6449351007580333 ) ) ;
#7769 = VECTOR ( 'NONE', #3428, 1000.000000000000000 ) ;
#7770 = DIRECTION ( 'NONE',  ( 0.000000000000000000, -0.8435764274680839225, -0.5370091349504069189 ) ) ;
#7771 = B_SPLINE_SURFACE_WITH_KNOTS ( 'NONE', 2, 1, ( 
 ( #1660, #4671 ),
 ( #8520, #1758 ),
 ( #6819, #6077 ),
 ( #9109, #4768 ),
 ( #7582, #7031 ) ),
 .UNSPECIFIED., .F., .F., .F.,
 ( 3, 2, 3 ),
 ( 2, 2 ),
 ( 0.3695652983354333898, 0.5000000000000000000, 0.5854385200036713588 ),
 ( 0.000000000000000000, 1.000000000000000000 ),
 .UNSPECIFIED. ) ;
#7772 = CARTESIAN_POINT ( 'NONE',  ( -90.48749191843144501, 147.7782380861955858, 105.0760082897804040 ) ) ;
#7773 = CARTESIAN_POINT ( 'NONE',  ( -82.29218093211346741, 113.2857641510607039, 91.98158158162311793 ) ) ;
#7774 = CARTESIAN_POINT ( 'NONE',  ( -78.78852960328465826, 62.36969314989485724, 117.1916656447792064 ) ) ;
#7775 = ADVANCED_FACE ( 'NONE', ( #8543 ), #5410, .F. ) ;
#7776 = AXIS2_PLACEMENT_3D ( 'NONE', #1329, #8701, #6509 ) ;
#7777 = CARTESIAN_POINT ( 'NONE',  ( -89.98006659250843597, 104.9151688141910341, 114.6913791079388858 ) ) ;
#7778 = DIRECTION ( 'NONE',  ( 0.000000000000000000, -0.06662755410594810301, 0.9977779156875838940 ) ) ;
#7779 = EDGE_LOOP ( 'NONE', ( #1369, #5488, #7313, #487 ) ) ;
#7780 = CARTESIAN_POINT ( 'NONE',  ( -76.78852960328464405, 97.00880636688182790, 64.92513930375201880 ) ) ;
#7781 = CARTESIAN_POINT ( 'NONE',  ( -70.78852960328462984, 153.0222041377678863, 101.4489714693790319 ) ) ;
#7782 = DIRECTION ( 'NONE',  ( -0.000000000000000000, 1.000000000000000000, -0.000000000000000000 ) ) ;
#7783 = CARTESIAN_POINT ( 'NONE',  ( -79.48743885045966806, 97.17111241923770137, 61.92929634339238731 ) ) ;
#7784 = DIRECTION ( 'NONE',  ( -0.9701425001453327646, -0.2425356250363299160, 0.000000000000000000 ) ) ;
#7785 = CARTESIAN_POINT ( 'NONE',  ( -83.38852960328463837, 143.6309159640421456, 119.3804998236556827 ) ) ;
#7786 = VERTEX_POINT ( 'NONE', #3220 ) ;
#7787 = CARTESIAN_POINT ( 'NONE',  ( -84.70371886262438466, 139.2405682525798056, 99.00207267989766535 ) ) ;
#7788 = ORIENTED_EDGE ( 'NONE', *, *, #1573, .T. ) ;
#7789 = ORIENTED_EDGE ( 'NONE', *, *, #8594, .T. ) ;
#7790 = CARTESIAN_POINT ( 'NONE',  ( -94.78852960328464405, 113.3119079817578125, 91.96147921292704552 ) ) ;
#7791 = CARTESIAN_POINT ( 'NONE',  ( -77.71328233416824105, 79.56006805917012059, 61.71094902584402320 ) ) ;
#7792 = CARTESIAN_POINT ( 'NONE',  ( -89.71336396857782347, 121.8030077841312533, 129.4138563020331105 ) ) ;
#7793 = CARTESIAN_POINT ( 'NONE',  ( -84.60683895118651776, 106.2477772841456272, 103.3417962213877956 ) ) ;
#7794 = CARTESIAN_POINT ( 'NONE',  ( -71.84241142298901650, 70.15743526057512724, 150.0504801045857164 ) ) ;
#7795 = DIRECTION ( 'NONE',  ( 0.000000000000000000, -1.000000000000000000, 0.000000000000000000 ) ) ;
#7796 = CYLINDRICAL_SURFACE ( 'NONE', #5359, 10.00000000000000178 ) ;
#7797 = FACE_OUTER_BOUND ( 'NONE', #3313, .T. ) ;
#7798 = FACE_OUTER_BOUND ( 'NONE', #1172, .T. ) ;
#7799 = ORIENTED_EDGE ( 'NONE', *, *, #246, .F. ) ;
#7800 = CARTESIAN_POINT ( 'NONE',  ( -70.85345736643466807, 114.8108782691899563, 96.96161476246507505 ) ) ;
#7801 = DIRECTION ( 'NONE',  ( 0.000000000000000000, 0.000000000000000000, 1.000000000000000000 ) ) ;
#7802 = FACE_OUTER_BOUND ( 'NONE', #7882, .T. ) ;
#7803 = CARTESIAN_POINT ( 'NONE',  ( -79.70408744946666957, 76.89802530744955789, 161.3126699302841303 ) ) ;
#7804 = CARTESIAN_POINT ( 'NONE',  ( -83.18975532240013138, 104.7548902834285940, 92.24856066520980846 ) ) ;
#7805 = CARTESIAN_POINT ( 'NONE',  ( -87.45372753263642096, 107.2243130825065407, 133.6514911449723968 ) ) ;
#7806 = EDGE_CURVE ( 'NONE', #9400, #1026, #4922, .T. ) ;
#7807 = CARTESIAN_POINT ( 'NONE',  ( -84.42586870297591872, 72.64208252626035289, 152.1945753845450042 ) ) ;
#7808 = EDGE_CURVE ( 'NONE', #6607, #7984, #6376, .T. ) ;
#7809 = VERTEX_POINT ( 'NONE', #883 ) ;
#7810 = CARTESIAN_POINT ( 'NONE',  ( -88.85704443486936555, 132.5309159640421228, 92.18901621958048054 ) ) ;
#7811 = CARTESIAN_POINT ( 'NONE',  ( -83.88473469185878173, 139.5351585646204740, 73.20439118751615126 ) ) ;
#7812 = DIRECTION ( 'NONE',  ( 1.000000000000000000, -0.000000000000000000, -0.000000000000000000 ) ) ;
#7813 = CARTESIAN_POINT ( 'NONE',  ( -87.05514382246687433, 155.2555925392487381, 133.8160421938604543 ) ) ;
#7814 = CARTESIAN_POINT ( 'NONE',  ( -80.78852960328464405, 141.9419079817567138, 152.0057407317052878 ) ) ;
#7815 = DIRECTION ( 'NONE',  ( -1.000000000000000000, -0.000000000000000000, -0.000000000000000000 ) ) ;
#7816 = ORIENTED_EDGE ( 'NONE', *, *, #8759, .T. ) ;
#7817 = CARTESIAN_POINT ( 'NONE',  ( -89.78852959371819509, 113.3119079817577983, 98.16745013556563038 ) ) ;
#7818 = CARTESIAN_POINT ( 'NONE',  ( -70.79988127500413952, 115.1168958255788510, 132.4953499532255421 ) ) ;
#7819 = ORIENTED_EDGE ( 'NONE', *, *, #1998, .T. ) ;
#7820 = FACE_OUTER_BOUND ( 'NONE', #6905, .T. ) ;
#7821 = DIRECTION ( 'NONE',  ( -1.000000000000000000, -0.000000000000000000, -0.000000000000000000 ) ) ;
#7822 = VERTEX_POINT ( 'NONE', #5511 ) ;
#7823 = EDGE_CURVE ( 'NONE', #8044, #6645, #7853, .T. ) ;
#7824 = CARTESIAN_POINT ( 'NONE',  ( -90.45193476548789135, 147.7092083840812791, 104.5939961462797214 ) ) ;
#7825 = B_SPLINE_CURVE_WITH_KNOTS ( 'NONE', 3,
 ( #5668, #2134, #9462, #8052 ),
 .UNSPECIFIED., .F., .F.,
 ( 4, 4 ),
 ( 0.0008060797119197652370, 0.0009950752904280526969 ),
 .UNSPECIFIED. ) ;
#7826 = PLANE ( 'NONE',  #4989 ) ;
#7827 = CARTESIAN_POINT ( 'NONE',  ( -72.28852960328462984, 114.4065520826906663, 134.2125299789917392 ) ) ;
#7828 = CARTESIAN_POINT ( 'NONE',  ( -89.14104613371574715, 105.4042419273273481, 113.5852941977889685 ) ) ;
#7829 = ORIENTED_EDGE ( 'NONE', *, *, #2737, .F. ) ;
#7830 = CARTESIAN_POINT ( 'NONE',  ( -71.85852104018850639, 113.9513117852948767, 134.0348426051164950 ) ) ;
#7831 = CARTESIAN_POINT ( 'NONE',  ( -90.07891131239328786, 112.2635376442327839, 113.0242132627424354 ) ) ;
#7832 = VERTEX_POINT ( 'NONE', #3897 ) ;
#7833 = B_SPLINE_CURVE_WITH_KNOTS ( 'NONE', 3,
 ( #9303, #8553, #2593, #6406, #8695, #7957, #7337, #1189, #447, #5710, #5015, #451, #2776, #8201 ),
 .UNSPECIFIED., .F., .F.,
 ( 4, 2, 2, 2, 2, 2, 4 ),
 ( 0.000000000000000000, 0.0008718917137383018229, 0.001743783427476603646, 0.003487566854953207292, 0.004359458568691547929, 0.005231350282429887699, 0.006975133709906673057 ),
 .UNSPECIFIED. ) ;
#7834 = CARTESIAN_POINT ( 'NONE',  ( -83.38852960328463837, 145.8309159640421626, 100.5804998236556855 ) ) ;
#7835 = CARTESIAN_POINT ( 'NONE',  ( -90.56181456411694342, 147.8596677281974792, 120.8364043260763054 ) ) ;
#7836 = ORIENTED_EDGE ( 'NONE', *, *, #1333, .T. ) ;
#7837 = ORIENTED_EDGE ( 'NONE', *, *, #8680, .T. ) ;
#7838 = DIRECTION ( 'NONE',  ( 1.000000000000000000, 0.000000000000000000, 0.000000000000000000 ) ) ;
#7839 = DIRECTION ( 'NONE',  ( 1.000000000000000000, -0.000000000000000000, -0.000000000000000000 ) ) ;
#7840 = CARTESIAN_POINT ( 'NONE',  ( -89.88862259281305001, 145.3688217775271312, 128.0570288146898577 ) ) ;
#7841 = CARTESIAN_POINT ( 'NONE',  ( -78.78852960328464405, 104.4468056478177402, 105.0493643056304194 ) ) ;
#7842 = CARTESIAN_POINT ( 'NONE',  ( -76.78852960328464405, 111.8688076255531314, 384.5904987380682769 ) ) ;
#7843 = CARTESIAN_POINT ( 'NONE',  ( -84.54808363707516605, 138.9413637718046743, 75.18926272681078160 ) ) ;
#7844 = ORIENTED_EDGE ( 'NONE', *, *, #303, .F. ) ;
#7845 = CARTESIAN_POINT ( 'NONE',  ( -70.78852960328462984, 115.2569332580205668, 97.44223240480897630 ) ) ;
#7846 = CARTESIAN_POINT ( 'NONE',  ( -80.67069192643901943, 80.96976373383049008, 64.70766406608039745 ) ) ;
#7847 = EDGE_CURVE ( 'NONE', #414, #5239, #7055, .T. ) ;
#7848 = DIRECTION ( 'NONE',  ( 1.000000000000000000, -0.000000000000000000, -0.000000000000000000 ) ) ;
#7849 = CARTESIAN_POINT ( 'NONE',  ( -82.72960955881602274, 75.67151850020346160, 157.0483612671879996 ) ) ;
#7850 = B_SPLINE_SURFACE_WITH_KNOTS ( 'NONE', 2, 1, ( 
 ( #8465, #5474 ),
 ( #3238, #8509 ),
 ( #1539, #9813 ) ),
 .UNSPECIFIED., .F., .F., .F.,
 ( 3, 3 ),
 ( 2, 2 ),
 ( 0.4984183470540916039, 0.5015816447772221132 ),
 ( 0.000000000000000000, 1.000000000000000000 ),
 .UNSPECIFIED. ) ;
#7851 = CARTESIAN_POINT ( 'NONE',  ( -79.69590266241684162, 86.45827454414015278, 164.5896803594494315 ) ) ;
#7852 = ORIENTED_EDGE ( 'NONE', *, *, #281, .F. ) ;
#7853 = LINE ( 'NONE', #9196, #3474 ) ;
#7854 = CARTESIAN_POINT ( 'NONE',  ( -81.85275765393471659, 104.4468056478177402, 91.96147921292704552 ) ) ;
#7855 = DIRECTION ( 'NONE',  ( 1.000000000000000000, 0.000000000000000000, 0.000000000000000000 ) ) ;
#7856 = CARTESIAN_POINT ( 'NONE',  ( -81.34058573002084813, 148.6383154743680564, 66.35958799137527819 ) ) ;
#7857 = ORIENTED_EDGE ( 'NONE', *, *, #440, .T. ) ;
#7858 = CARTESIAN_POINT ( 'NONE',  ( -80.22657304738798700, 148.4278499567192853, 163.3617609018986059 ) ) ;
#7859 = EDGE_CURVE ( 'NONE', #2137, #3690, #6018, .T. ) ;
#7860 = ADVANCED_FACE ( 'NONE', ( #7235 ), #2765, .T. ) ;
#7861 = CIRCLE ( 'NONE', #4861, 4.999999999999990230 ) ;
#7862 = ORIENTED_EDGE ( 'NONE', *, *, #9321, .F. ) ;
#7863 = AXIS2_PLACEMENT_3D ( 'NONE', #9676, #6622, #4327 ) ;
#7864 = CARTESIAN_POINT ( 'NONE',  ( -78.78852960328464405, 112.8119080014294724, 135.0054217592787609 ) ) ;
#7865 = CARTESIAN_POINT ( 'NONE',  ( -90.11248102189937015, 146.6253506373304845, 100.8863536578648876 ) ) ;
#7866 = CARTESIAN_POINT ( 'NONE',  ( -71.60172796924371141, 114.2268785788667032, 133.8892199950734607 ) ) ;
#7867 = DIRECTION ( 'NONE',  ( 1.000000000000000000, 0.000000000000000000, 0.000000000000000000 ) ) ;
#7868 = ADVANCED_FACE ( 'NONE', ( #5753 ), #1181, .F. ) ;
#7869 = CARTESIAN_POINT ( 'NONE',  ( -78.78852960328464405, 140.8309159640421626, 131.0804998236556855 ) ) ;
#7870 = CARTESIAN_POINT ( 'NONE',  ( -90.42553880610645933, 113.2901693672233137, 104.2636317300525945 ) ) ;
#7871 = VERTEX_POINT ( 'NONE', #488 ) ;
#7872 = ADVANCED_FACE ( 'NONE', ( #7989 ), #3446, .T. ) ;
#7873 = CYLINDRICAL_SURFACE ( 'NONE', #1745, 223.0000000000000568 ) ;
#7874 = CARTESIAN_POINT ( 'NONE',  ( -72.36486353019053297, 72.24724368753692261, 75.96760377917745188 ) ) ;
#7875 = APPLICATION_CONTEXT ( 'automotive_design' ) ;
#7876 = CARTESIAN_POINT ( 'NONE',  ( -71.51032509491453482, 114.2722813939617055, 133.8181156858118186 ) ) ;
#7877 = AXIS2_PLACEMENT_3D ( 'NONE', #2376, #5352, #8396 ) ;
#7878 = CARTESIAN_POINT ( 'NONE',  ( -77.38707194231876940, 80.09194123301446666, 166.0406982858710023 ) ) ;
#7879 = CARTESIAN_POINT ( 'NONE',  ( -78.78852960328464405, 130.8367218251632096, 93.58049982365568553 ) ) ;
#7880 = DIRECTION ( 'NONE',  ( -0.000000000000000000, 0.4563233181571025865, 0.8898140419807342161 ) ) ;
#7881 = AXIS2_PLACEMENT_3D ( 'NONE', #5962, #4461, #7557 ) ;
#7882 = EDGE_LOOP ( 'NONE', ( #3536, #4848, #898, #4896 ) ) ;
#7883 = CARTESIAN_POINT ( 'NONE',  ( -87.99740877949038520, 105.3119079817578267, 127.6315623232043066 ) ) ;
#7884 = ORIENTED_EDGE ( 'NONE', *, *, #3625, .T. ) ;
#7885 = ORIENTED_EDGE ( 'NONE', *, *, #5853, .F. ) ;
#7886 = AXIS2_PLACEMENT_3D ( 'NONE', #6160, #9144, #9208 ) ;
#7887 = CYLINDRICAL_SURFACE ( 'NONE', #3963, 1.600000000000004086 ) ;
#7888 = B_SPLINE_CURVE_WITH_KNOTS ( 'NONE', 3,
 ( #4248, #356, #7057, #3366 ),
 .UNSPECIFIED., .F., .F.,
 ( 4, 4 ),
 ( 0.003135982407424172357, 0.003325106049356096449 ),
 .UNSPECIFIED. ) ;
#7889 = CARTESIAN_POINT ( 'NONE',  ( -85.82342874938652244, 64.81267373194677361, 86.48812897815200529 ) ) ;
#7890 = B_SPLINE_CURVE_WITH_KNOTS ( 'NONE', 3,
 ( #6652, #1287, #133, #8347, #7607, #6743, #6010, #3794, #1684, #9136 ),
 .UNSPECIFIED., .F., .F.,
 ( 4, 2, 2, 2, 4 ),
 ( 0.000000000000000000, 0.2500000000000000000, 0.5000000000000000000, 0.7500000000000000000, 1.000000000000000000 ),
 .UNSPECIFIED. ) ;
#7891 = CARTESIAN_POINT ( 'NONE',  ( -85.52978024576549387, 123.4204442520269396, 123.5163104033556039 ) ) ;
#7892 = CARTESIAN_POINT ( 'NONE',  ( -84.65662821363721946, 127.2347848937053527, 98.79650569458792120 ) ) ;
#7893 = CARTESIAN_POINT ( 'NONE',  ( -85.59551031258332898, 142.9319416156043303, 123.0571699807548924 ) ) ;
#7894 = CYLINDRICAL_SURFACE ( 'NONE', #5542, 3.000000000000002665 ) ;
#7895 = DIRECTION ( 'NONE',  ( 0.000000000000000000, 0.000000000000000000, -1.000000000000000000 ) ) ;
#7896 = CARTESIAN_POINT ( 'NONE',  ( -78.73239703418533963, 148.6291795245886078, 63.85083238814001305 ) ) ;
#7897 = ORIENTED_EDGE ( 'NONE', *, *, #3844, .F. ) ;
#7898 = CARTESIAN_POINT ( 'NONE',  ( -70.79870325209545001, 115.0773347714729056, 97.24883220395777528 ) ) ;
#7899 = EDGE_CURVE ( 'NONE', #8245, #2139, #3937, .T. ) ;
#7900 = CARTESIAN_POINT ( 'NONE',  ( -70.80604417515573346, 115.0717865795870267, 132.5452054314515635 ) ) ;
#7901 = CARTESIAN_POINT ( 'NONE',  ( -80.25689520337211036, 82.48544387388946575, 63.72980031328556549 ) ) ;
#7902 = DIRECTION ( 'NONE',  ( -0.000000000000000000, 1.000000000000000000, 0.000000000000000000 ) ) ;
#7903 = CARTESIAN_POINT ( 'NONE',  ( -83.83170378146542134, 144.2257532181864690, 153.9609530824641581 ) ) ;
#7904 = CARTESIAN_POINT ( 'NONE',  ( -85.45605462700248722, 123.5343089328728325, 102.9119516345910768 ) ) ;
#7905 = VERTEX_POINT ( 'NONE', #7194 ) ;
#7906 = CARTESIAN_POINT ( 'NONE',  ( -81.93047794235658898, 149.2947458101447182, 159.1580357362558118 ) ) ;
#7907 = DIRECTION ( 'NONE',  ( 0.000000000000000000, -8.673617379884020681E-16, 1.000000000000000000 ) ) ;
#7908 = LINE ( 'NONE', #6399, #5055 ) ;
#7909 = CARTESIAN_POINT ( 'NONE',  ( -81.50309121448883332, 151.8768839115479352, 154.9892626628312371 ) ) ;
#7910 = ADVANCED_FACE ( 'NONE', ( #5794 ), #2809, .T. ) ;
#7911 = CARTESIAN_POINT ( 'NONE',  ( -89.04681292223905587, 128.1616307906449777, 133.7478035268210874 ) ) ;
#7912 = VERTEX_POINT ( 'NONE', #8734 ) ;
#7913 = CARTESIAN_POINT ( 'NONE',  ( -80.67051721679965226, 80.97005908251333040, 162.3036948036740625 ) ) ;
#7914 = VECTOR ( 'NONE', #3473, 999.9999999999998863 ) ;
#7915 = CARTESIAN_POINT ( 'NONE',  ( -85.30094445194984587, 141.9498834353713619, 124.9298043514223906 ) ) ;
#7916 = EDGE_LOOP ( 'NONE', ( #2926, #4299, #1763, #1270 ) ) ;
#7917 = AXIS2_PLACEMENT_3D ( 'NONE', #6793, #3797, #4543 ) ;
#7918 = VECTOR ( 'NONE', #2890, 1000.000000000000000 ) ;
#7919 = CARTESIAN_POINT ( 'NONE',  ( -85.81903552686954129, 143.5014121295895961, 105.6430408520989204 ) ) ;
#7920 = CARTESIAN_POINT ( 'NONE',  ( -79.67419972169562925, 137.7025671790958086, 164.6401158908560660 ) ) ;
#7921 = CARTESIAN_POINT ( 'NONE',  ( -70.78852960328462984, 75.69093999217557212, 154.6262793070686712 ) ) ;
#7922 = LINE ( 'NONE', #504, #1877 ) ;
#7923 = ORIENTED_EDGE ( 'NONE', *, *, #1267, .T. ) ;
#7924 = FACE_OUTER_BOUND ( 'NONE', #2024, .T. ) ;
#7925 = ORIENTED_EDGE ( 'NONE', *, *, #4565, .T. ) ;
#7926 = DIRECTION ( 'NONE',  ( 0.000000000000000000, 0.000000000000000000, -1.000000000000000000 ) ) ;
#7927 = AXIS2_PLACEMENT_3D ( 'NONE', #208, #5276, #8423 ) ;
#7928 = CARTESIAN_POINT ( 'NONE',  ( -71.74701019960966164, 113.6193022481597268, 133.6877609785325944 ) ) ;
#7929 = AXIS2_PLACEMENT_3D ( 'NONE', #6407, #7112, #6354 ) ;
#7930 = CARTESIAN_POINT ( 'NONE',  ( -85.15638154072613020, 141.3584486337009309, 125.7275659457272354 ) ) ;
#7931 = EDGE_CURVE ( 'NONE', #4016, #5239, #7950, .T. ) ;
#7932 = VECTOR ( 'NONE', #6171, 1000.000000000000000 ) ;
#7933 = CARTESIAN_POINT ( 'NONE',  ( -79.75710298156151623, 76.30109844525934193, 160.7526252927103201 ) ) ;
#7934 = VERTEX_POINT ( 'NONE', #6495 ) ;
#7935 = CARTESIAN_POINT ( 'NONE',  ( -90.76830146906615937, 103.3119079817578267, 111.3240076166697889 ) ) ;
#7936 = CARTESIAN_POINT ( 'NONE',  ( -70.78852960328462984, 76.17736283913947659, 160.5885394793328942 ) ) ;
#7937 = VERTEX_POINT ( 'NONE', #9401 ) ;
#7938 = ORIENTED_EDGE ( 'NONE', *, *, #1347, .F. ) ;
#7939 = CARTESIAN_POINT ( 'NONE',  ( -84.75050847777346519, 139.1840516237053578, 127.6969174967539118 ) ) ;
#7940 = CARTESIAN_POINT ( 'NONE',  ( -78.78852960328464405, 114.4065520826906663, 134.2125299789917392 ) ) ;
#7941 = CARTESIAN_POINT ( 'NONE',  ( -83.38767457623853829, 69.33161044588970867, 77.18774770818956199 ) ) ;
#7942 = CARTESIAN_POINT ( 'NONE',  ( -89.38582034137726851, 141.9659978639296867, 131.6732240736969572 ) ) ;
#7943 = CARTESIAN_POINT ( 'NONE',  ( -84.17336922066414218, 139.0895252708640157, 152.9551854176264669 ) ) ;
#7944 = CARTESIAN_POINT ( 'NONE',  ( -80.57856077724589738, 147.2149659622155013, 64.49583893428882675 ) ) ;
#7945 = CARTESIAN_POINT ( 'NONE',  ( -83.38852960328449626, 130.0082947004170251, 95.58049982365568553 ) ) ;
#7946 = EDGE_LOOP ( 'NONE', ( #346, #7499, #1810 ) ) ;
#7947 = CARTESIAN_POINT ( 'NONE',  ( -70.83217866267862917, 114.8277686258519452, 97.14725751563400991 ) ) ;
#7948 = CARTESIAN_POINT ( 'NONE',  ( -85.07641017568677455, 124.9469250051749611, 100.7624409498642564 ) ) ;
#7949 = ORIENTED_EDGE ( 'NONE', *, *, #3342, .T. ) ;
#7950 = LINE ( 'NONE', #5062, #4435 ) ;
#7951 = CARTESIAN_POINT ( 'NONE',  ( -88.15398491881748555, 106.5186085026901139, 134.1347716424260170 ) ) ;
#7952 = CARTESIAN_POINT ( 'NONE',  ( -83.26520147454905896, 151.7493120873036219, 155.5860110609834237 ) ) ;
#7953 = CARTESIAN_POINT ( 'NONE',  ( -82.54941868496851498, 149.6319081773453092, 69.47615092877298082 ) ) ;
#7954 = ORIENTED_EDGE ( 'NONE', *, *, #6774, .T. ) ;
#7955 = CARTESIAN_POINT ( 'NONE',  ( -79.60530813659443083, 76.85811370244583429, 161.2905100302297399 ) ) ;
#7956 = CARTESIAN_POINT ( 'NONE',  ( -70.78852960328462984, 115.2198028282522131, 132.3300038125960612 ) ) ;
#7957 = CARTESIAN_POINT ( 'NONE',  ( -79.64303466230495587, 143.3255263774974537, 164.7113127999359676 ) ) ;
#7958 = ORIENTED_EDGE ( 'NONE', *, *, #4449, .F. ) ;
#7959 = CARTESIAN_POINT ( 'NONE',  ( -85.33505882903831719, 143.3012612024743362, 149.3239144307924846 ) ) ;
#7960 = CARTESIAN_POINT ( 'NONE',  ( -72.28852960328462984, 105.8119079817578410, 133.0054217592787609 ) ) ;
#7961 = CARTESIAN_POINT ( 'NONE',  ( -70.90482665953518904, 114.8277644675342941, 132.9481675172999360 ) ) ;
#7962 = DIRECTION ( 'NONE',  ( 0.000000000000000000, -1.000000000000000000, 0.000000000000000000 ) ) ;
#7963 = DIRECTION ( 'NONE',  ( 1.000000000000000000, 0.000000000000000000, 0.000000000000000000 ) ) ;
#7964 = CARTESIAN_POINT ( 'NONE',  ( -92.78852960328464405, 86.94190798175786483, 113.5057407317052736 ) ) ;
#7965 = EDGE_LOOP ( 'NONE', ( #4970, #8706 ) ) ;
#7966 = DIRECTION ( 'NONE',  ( 0.000000000000000000, 0.000000000000000000, -1.000000000000000000 ) ) ;
#7967 = CARTESIAN_POINT ( 'NONE',  ( -71.46898781942877577, 113.8518957680844181, 133.5815985035611106 ) ) ;
#7968 = ADVANCED_FACE ( 'NONE', ( #1271 ), #5653, .F. ) ;
#7969 = CARTESIAN_POINT ( 'NONE',  ( -88.10658694326673412, 155.8954095116132521, 126.2266813726777599 ) ) ;
#7970 = ORIENTED_EDGE ( 'NONE', *, *, #3734, .F. ) ;
#7971 = CARTESIAN_POINT ( 'NONE',  ( -88.50369194857546518, 113.7839846405823749, 132.7387751523889676 ) ) ;
#7972 = CARTESIAN_POINT ( 'NONE',  ( -90.34759083551665526, 147.3490237949400523, 123.6930816466427387 ) ) ;
#7973 = DIRECTION ( 'NONE',  ( 1.000000000000000000, 0.000000000000000000, -0.000000000000000000 ) ) ;
#7974 = VERTEX_POINT ( 'NONE', #4195 ) ;
#7975 = VERTEX_POINT ( 'NONE', #6438 ) ;
#7976 = EDGE_CURVE ( 'NONE', #3386, #6132, #2631, .T. ) ;
#7977 = EDGE_CURVE ( 'NONE', #3368, #825, #1911, .T. ) ;
#7978 = CARTESIAN_POINT ( 'NONE',  ( -69.68688637378645012, 61.53533506376513174, 96.22037042824956643 ) ) ;
#7979 = CARTESIAN_POINT ( 'NONE',  ( -85.98964452594337615, 143.6309159640421456, 119.3804998236556827 ) ) ;
#7980 = CARTESIAN_POINT ( 'NONE',  ( -70.78852960328462984, 152.3880344793648192, 132.2760348279420839 ) ) ;
#7981 = DIRECTION ( 'NONE',  ( 0.000000000000000000, 0.9977774101625509484, -0.06663512414119458771 ) ) ;
#7982 = LINE ( 'NONE', #7277, #4743 ) ;
#7983 = CARTESIAN_POINT ( 'NONE',  ( -78.77412148560320304, 148.7294257510154978, 63.95107861456688880 ) ) ;
#7984 = VERTEX_POINT ( 'NONE', #6537 ) ;
#7985 = CARTESIAN_POINT ( 'NONE',  ( -78.78852960328464405, 114.4065520826906663, 134.2125299789917392 ) ) ;
#7986 = CARTESIAN_POINT ( 'NONE',  ( -90.63901383900791586, 104.0971330338666263, 113.0439657041411436 ) ) ;
#7987 = CARTESIAN_POINT ( 'NONE',  ( -85.92098334324357722, 122.5309159640421086, 106.6451843421535131 ) ) ;
#7988 = VERTEX_POINT ( 'NONE', #1873 ) ;
#7989 = FACE_OUTER_BOUND ( 'NONE', #569, .T. ) ;
#7990 = CARTESIAN_POINT ( 'NONE',  ( -83.56393577905966197, 150.0235280293704818, 72.24384394210723315 ) ) ;
#7991 = CARTESIAN_POINT ( 'NONE',  ( -87.41460485854196349, 105.4039495844301513, 133.5188126279884102 ) ) ;
#7992 = CARTESIAN_POINT ( 'NONE',  ( -84.28026867767324859, 150.4511016781401906, 152.6444077629539038 ) ) ;
#7993 = FACE_OUTER_BOUND ( 'NONE', #6547, .T. ) ;
#7994 = CARTESIAN_POINT ( 'NONE',  ( -83.38852960328463837, 125.3309159640421626, 95.58049982365568553 ) ) ;
#7995 = ORIENTED_EDGE ( 'NONE', *, *, #4163, .F. ) ;
#7996 = DIRECTION ( 'NONE',  ( 0.000000000000000000, 0.000000000000000000, -1.000000000000000000 ) ) ;
#7997 = VERTEX_POINT ( 'NONE', #9587 ) ;
#7998 = FACE_OUTER_BOUND ( 'NONE', #5968, .T. ) ;
#7999 = CARTESIAN_POINT ( 'NONE',  ( -78.78852960328464405, 79.92790140000782628, 69.46833313838935453 ) ) ;
#8000 = CARTESIAN_POINT ( 'NONE',  ( -77.95658410954514750, 145.1049431716823790, 61.56634774013906508 ) ) ;
#8001 = CARTESIAN_POINT ( 'NONE',  ( -88.77123190257186991, 107.3119079817578267, 113.5054217592787325 ) ) ;
#8002 = CARTESIAN_POINT ( 'NONE',  ( -72.18477634644531804, 113.3472305606404547, 96.22284607012383617 ) ) ;
#8003 = CARTESIAN_POINT ( 'NONE',  ( -80.25689520337209615, 82.48544387388945154, 63.72980031328553707 ) ) ;
#8004 = CARTESIAN_POINT ( 'NONE',  ( -80.00016211948650380, 145.4271229057004575, 63.12658789343490895 ) ) ;
#8005 = EDGE_CURVE ( 'NONE', #7163, #7281, #4886, .T. ) ;
#8006 = DIRECTION ( 'NONE',  ( 0.000000000000000000, 0.5370091349503864908, -0.8435764274680971342 ) ) ;
#8007 = VERTEX_POINT ( 'NONE', #1127 ) ;
#8008 = CARTESIAN_POINT ( 'NONE',  ( -71.59704210174933792, 113.6468329444854675, 133.3041185863264104 ) ) ;
#8009 = CARTESIAN_POINT ( 'NONE',  ( -70.78852960328462984, 141.0777968074843045, 63.93839838559994604 ) ) ;
#8010 = AXIS2_PLACEMENT_3D ( 'NONE', #3363, #5656, #6301 ) ;
#8011 = CARTESIAN_POINT ( 'NONE',  ( -90.75393978313400112, 114.9174643195951120, 112.2602448746566637 ) ) ;
#8012 = AXIS2_PLACEMENT_3D ( 'NONE', #2529, #5504, #1071 ) ;
#8013 = ORIENTED_EDGE ( 'NONE', *, *, #4481, .T. ) ;
#8014 = ORIENTED_EDGE ( 'NONE', *, *, #6676, .F. ) ;
#8015 = CYLINDRICAL_SURFACE ( 'NONE', #2876, 9.999999999999980460 ) ;
#8016 = CARTESIAN_POINT ( 'NONE',  ( -84.91638293251030234, 140.1872391794643136, 126.9333164129845812 ) ) ;
#8017 = CARTESIAN_POINT ( 'NONE',  ( -90.78852960328464405, 105.4468056478177402, 103.0725956219346386 ) ) ;
#8018 = CARTESIAN_POINT ( 'NONE',  ( -78.15447539729620985, 127.0999714414794113, 163.1136113461499235 ) ) ;
#8019 = CARTESIAN_POINT ( 'NONE',  ( -69.19138985198415526, 59.55334897655561122, 120.5411594202286523 ) ) ;
#8020 = VECTOR ( 'NONE', #5235, 1000.000000000000000 ) ;
#8021 = EDGE_CURVE ( 'NONE', #1688, #7512, #8220, .T. ) ;
#8022 = CARTESIAN_POINT ( 'NONE',  ( -72.28852960328462984, 107.3119079817578267, 113.5054217592787325 ) ) ;
#8023 = CARTESIAN_POINT ( 'NONE',  ( -90.10547713443926909, 146.4304057209013763, 126.1890088101738883 ) ) ;
#8024 = DIRECTION ( 'NONE',  ( -0.000000000000000000, 1.000000000000000000, -0.000000000000000000 ) ) ;
#8025 = DIRECTION ( 'NONE',  ( 0.000000000000000000, 1.000000000000000000, 0.000000000000000000 ) ) ;
#8026 = DIRECTION ( 'NONE',  ( -0.000000000000000000, -0.000000000000000000, 1.000000000000000000 ) ) ;
#8027 = CARTESIAN_POINT ( 'NONE',  ( -83.57886797069446061, 140.5862802152538507, 154.6893639858390657 ) ) ;
#8028 = DIRECTION ( 'NONE',  ( 0.000000000000000000, 0.000000000000000000, -1.000000000000000000 ) ) ;
#8029 = ORIENTED_EDGE ( 'NONE', *, *, #675, .T. ) ;
#8030 = LINE ( 'NONE', #2010, #6416 ) ;
#8031 = ORIENTED_EDGE ( 'NONE', *, *, #9099, .F. ) ;
#8032 = DIRECTION ( 'NONE',  ( 0.000000000000000000, 0.8435764274680955799, 0.5370091349503888223 ) ) ;
#8033 = CYLINDRICAL_SURFACE ( 'NONE', #5158, 1.000000000000000888 ) ;
#8034 = EDGE_CURVE ( 'NONE', #376, #5548, #3504, .T. ) ;
#8035 = ORIENTED_EDGE ( 'NONE', *, *, #9440, .F. ) ;
#8036 = AXIS2_PLACEMENT_3D ( 'NONE', #1035, #7059, #8082 ) ;
#8037 = DIRECTION ( 'NONE',  ( -1.000000000000000000, -0.000000000000000000, -0.000000000000000000 ) ) ;
#8038 = CARTESIAN_POINT ( 'NONE',  ( -82.94177349259386745, 149.6560645574505770, 156.4704160897753695 ) ) ;
#8039 = EDGE_CURVE ( 'NONE', #1858, #3995, #5563, .T. ) ;
#8040 = DIRECTION ( 'NONE',  ( -0.000000000000000000, -0.000000000000000000, 1.000000000000000000 ) ) ;
#8041 = CARTESIAN_POINT ( 'NONE',  ( -88.70358365408581847, 103.7635233704889259, 135.6537016746068502 ) ) ;
#8042 = CARTESIAN_POINT ( 'NONE',  ( -88.34675851315475370, 156.0414800312917407, 103.2506748435599775 ) ) ;
#8043 = CARTESIAN_POINT ( 'NONE',  ( -80.67632611563442424, 151.6252957372429648, 69.96606920194045642 ) ) ;
#8044 = VERTEX_POINT ( 'NONE', #7435 ) ;
#8045 = CARTESIAN_POINT ( 'NONE',  ( -71.74701019960963322, 113.6193022481597268, 96.03050625773845184 ) ) ;
#8046 = CARTESIAN_POINT ( 'NONE',  ( -78.78852960328464405, 62.28442018890244469, 114.7054795865949615 ) ) ;
#8047 = CARTESIAN_POINT ( 'NONE',  ( -69.87299502569428000, 62.27976967139610309, 117.0202691923162774 ) ) ;
#8048 = CIRCLE ( 'NONE', #941, 3.000000000000002665 ) ;
#8049 = VERTEX_POINT ( 'NONE', #8880 ) ;
#8050 = MANIFOLD_SOLID_BREP ( 'Fillet21', #6096 ) ;
#8051 = ORIENTED_EDGE ( 'NONE', *, *, #5282, .F. ) ;
#8052 = CARTESIAN_POINT ( 'NONE',  ( -71.64615486787798204, 69.37240904013100362, 149.8967431327918689 ) ) ;
#8053 = CARTESIAN_POINT ( 'NONE',  ( -85.74094710190610158, 122.8601069002056505, 121.9461460799490879 ) ) ;
#8054 = VECTOR ( 'NONE', #5259, 1000.000000000000000 ) ;
#8055 = LINE ( 'NONE', #1290, #8377 ) ;
#8056 = CARTESIAN_POINT ( 'NONE',  ( -84.11866179343867600, 112.2842733961041262, 104.0700773316860506 ) ) ;
#8057 = CARTESIAN_POINT ( 'NONE',  ( -79.52884314701778123, 146.1468710549587797, 62.02608395512469741 ) ) ;
#8058 = EDGE_LOOP ( 'NONE', ( #2589, #9154, #378, #221, #7954, #8556, #7366, #3531 ) ) ;
#8059 = DIRECTION ( 'NONE',  ( -0.2215953667021010876, -0.8226040248192584281, -0.5236583922819517678 ) ) ;
#8060 = ORIENTED_EDGE ( 'NONE', *, *, #4002, .T. ) ;
#8061 = CARTESIAN_POINT ( 'NONE',  ( -71.07171511466633262, 114.2252553563028954, 132.9856064946831680 ) ) ;
#8062 = VECTOR ( 'NONE', #1650, 1000.000000000000000 ) ;
#8063 = CARTESIAN_POINT ( 'NONE',  ( -78.74633623849102548, 148.6629686390882625, 163.1266386518606453 ) ) ;
#8064 = CIRCLE ( 'NONE', #8539, 3.000000000000002665 ) ;
#8065 = AXIS2_PLACEMENT_3D ( 'NONE', #350, #3310, #7710 ) ;
#8066 = CARTESIAN_POINT ( 'NONE',  ( -88.67258357792721313, 104.5698129352381471, 133.3204661265645825 ) ) ;
#8067 = VECTOR ( 'NONE', #7520, 1000.000000000000114 ) ;
#8068 = EDGE_LOOP ( 'NONE', ( #2874, #4769, #4884, #3309 ) ) ;
#8069 =( BOUNDED_SURFACE ( )  B_SPLINE_SURFACE ( 3, 2, ( 
 ( #8239, #2916, #2808 ),
 ( #5061, #8931, #1421 ),
 ( #820, #9179, #8385 ),
 ( #5398, #2616, #271 ) ),
 .UNSPECIFIED., .F., .F., .T. ) 
 B_SPLINE_SURFACE_WITH_KNOTS ( ( 4, 4 ),
 ( 3, 3 ),
 ( 0.000000000000000000, 0.009786615472931465068 ),
 ( 0.000000000000000000, 1.000000000000000000 ),
 .UNSPECIFIED. ) 
 GEOMETRIC_REPRESENTATION_ITEM ( )  RATIONAL_B_SPLINE_SURFACE ( (
 ( 1.000000000000000000, 0.8357862786138715583, 1.000000000000000000),
 ( 1.000000000000000000, 0.8353549855959645498, 1.000000000000000000),
 ( 1.000000000000000000, 0.8349220125803126225, 1.000000000000000000),
 ( 1.000000000000000000, 0.8344873551380685983, 1.000000000000000000) ) ) 
 REPRESENTATION_ITEM ( '' )  SURFACE ( )  );
#8070 = VERTEX_POINT ( 'NONE', #2216 ) ;
#8071 = DIRECTION ( 'NONE',  ( -0.000000000000000000, 0.8435764274680955799, 0.5370091349503887113 ) ) ;
#8072 = CARTESIAN_POINT ( 'NONE',  ( -89.39751348953609522, 123.6449111611971858, 95.41495443901634133 ) ) ;
#8073 = VECTOR ( 'NONE', #5566, 1000.000000000000000 ) ;
#8074 = CARTESIAN_POINT ( 'NONE',  ( -71.62245158354717489, 69.28116211466512198, 77.27845157784956598 ) ) ;
#8075 = CARTESIAN_POINT ( 'NONE',  ( -72.28852960328462984, 114.3119079817578267, 96.20574073170529061 ) ) ;
#8076 = FACE_OUTER_BOUND ( 'NONE', #6591, .T. ) ;
#8077 = CARTESIAN_POINT ( 'NONE',  ( -81.63142252842655466, 148.9966478436126920, 67.09084170866036345 ) ) ;
#8078 = CARTESIAN_POINT ( 'NONE',  ( -85.87295495363244413, 133.6309159640421456, 131.0730961986636771 ) ) ;
#8079 = ORIENTED_EDGE ( 'NONE', *, *, #3639, .T. ) ;
#8080 = CARTESIAN_POINT ( 'NONE',  ( -71.54160091287107548, 152.2080727577463506, 134.0196703459807566 ) ) ;
#8081 = ORIENTED_EDGE ( 'NONE', *, *, #1527, .T. ) ;
#8082 = DIRECTION ( 'NONE',  ( 0.000000000000000000, 0.000000000000000000, -1.000000000000000000 ) ) ;
#8083 = CARTESIAN_POINT ( 'NONE',  ( -83.99562211005735435, 144.5607177116696960, 73.52934477863830409 ) ) ;
#8084 = CARTESIAN_POINT ( 'NONE',  ( -81.89607519042159822, 113.3115952306277308, 91.96147921292704552 ) ) ;
#8085 = ORIENTED_EDGE ( 'NONE', *, *, #5630, .T. ) ;
#8086 = CARTESIAN_POINT ( 'NONE',  ( -81.53179301273146962, 148.8837615818939355, 160.1718456677242557 ) ) ;
#8087 = CARTESIAN_POINT ( 'NONE',  ( -87.56497088964356124, 107.1623678785143454, 133.7023872171025118 ) ) ;
#8088 = CARTESIAN_POINT ( 'NONE',  ( -84.16957720305832424, 152.2973358843956362, 74.03377474712726780 ) ) ;
#8089 = EDGE_LOOP ( 'NONE', ( #8142, #3423, #9688, #1425 ) ) ;
#8090 = CARTESIAN_POINT ( 'NONE',  ( -71.48621168421412619, 114.1353436608234091, 95.93290001282592527 ) ) ;
#8091 = CARTESIAN_POINT ( 'NONE',  ( -78.78852960328464405, 66.61390853936870826, 90.18357670183807784 ) ) ;
#8092 = CARTESIAN_POINT ( 'NONE',  ( -70.78852960328462984, 115.2569332580205810, 132.2760348314621694 ) ) ;
#8093 = ADVANCED_FACE ( 'NONE', ( #770 ), #6640, .T. ) ;
#8094 = EDGE_CURVE ( 'NONE', #5942, #4075, #2917, .T. ) ;
#8095 = PLANE ( 'NONE',  #6477 ) ;
#8096 = ORIENTED_EDGE ( 'NONE', *, *, #4411, .F. ) ;
#8097 = CARTESIAN_POINT ( 'NONE',  ( -88.84939299113848676, 113.2469271644955882, 113.5619362202069738 ) ) ;
#8098 = CARTESIAN_POINT ( 'NONE',  ( -72.28852960328462984, 112.8119080014294724, 135.0054217592787609 ) ) ;
#8099 = CARTESIAN_POINT ( 'NONE',  ( -80.41258428280029591, 146.8219353463306902, 64.09748091130839498 ) ) ;
#8100 = LINE ( 'NONE', #8948, #6891 ) ;
#8101 = CARTESIAN_POINT ( 'NONE',  ( -84.71338212762482556, 111.2279950427550403, 103.0891654738733223 ) ) ;
#8102 = ORIENTED_EDGE ( 'NONE', *, *, #543, .F. ) ;
#8103 = ORIENTED_EDGE ( 'NONE', *, *, #151, .T. ) ;
#8104 = CARTESIAN_POINT ( 'NONE',  ( -80.17872454881111821, 78.25488962612564592, 63.52880762876598908 ) ) ;
#8105 = CYLINDRICAL_SURFACE ( 'NONE', #2053, 6.999999999999978684 ) ;
#8106 = CARTESIAN_POINT ( 'NONE',  ( -70.85821577244708180, 114.8896584568770720, 132.8105346005007448 ) ) ;
#8107 = CARTESIAN_POINT ( 'NONE',  ( -80.21669361435512258, 117.0921402831437348, 63.63488815792346998 ) ) ;
#8108 = ORIENTED_EDGE ( 'NONE', *, *, #4940, .F. ) ;
#8109 = CARTESIAN_POINT ( 'NONE',  ( -87.24711195831359589, 113.2195721817452778, 133.4878907761721223 ) ) ;
#8110 = CARTESIAN_POINT ( 'NONE',  ( -88.10854767372916285, 105.1580603660480477, 132.0160270551000963 ) ) ;
#8111 = ORIENTED_EDGE ( 'NONE', *, *, #2614, .T. ) ;
#8112 = EDGE_LOOP ( 'NONE', ( #6556, #2760, #3649, #4133 ) ) ;
#8113 = CARTESIAN_POINT ( 'NONE',  ( -79.56472521860925440, 141.3002907438461762, 164.8908153544190043 ) ) ;
#8114 = CARTESIAN_POINT ( 'NONE',  ( -78.78852960328464405, 114.0119079817578296, 95.50574073170528777 ) ) ;
#8115 = ADVANCED_FACE ( 'NONE', ( #3149 ), #3885, .F. ) ;
#8116 = CARTESIAN_POINT ( 'NONE',  ( -82.60218518625445938, 73.96294504191020280, 69.60081840853318624 ) ) ;
#8117 = CARTESIAN_POINT ( 'NONE',  ( -85.40106523699283514, 142.7402641972348363, 77.90450895128937248 ) ) ;
#8118 = CARTESIAN_POINT ( 'NONE',  ( -80.59267094185476310, 147.2483786855350445, 64.52970455662463678 ) ) ;
#8119 = CARTESIAN_POINT ( 'NONE',  ( -84.56814213776488032, 137.7748342578186680, 128.4873108985406418 ) ) ;
#8120 = DIRECTION ( 'NONE',  ( 0.000000000000000000, 0.000000000000000000, 1.000000000000000000 ) ) ;
#8121 = CARTESIAN_POINT ( 'NONE',  ( -89.96647243177918085, 145.9817439795940004, 99.59732822073476655 ) ) ;
#8122 =( BOUNDED_SURFACE ( )  B_SPLINE_SURFACE ( 3, 2, ( 
 ( #4215, #708, #5728 ),
 ( #5034, #7309, #853 ),
 ( #1537, #5325, #8362 ),
 ( #2927, #8097, #2972 ),
 ( #5017, #6548, #7500 ),
 ( #644, #8943, #8198 ),
 ( #7450, #3896, #4540 ),
 ( #7548, #6788, #3217 ),
 ( #5508, #7048, #286 ),
 ( #6344, #5609, #1125 ),
 ( #3590, #6492, #3443 ),
 ( #5751, #1814, #2611 ),
 ( #5637, #1053, #1956 ),
 ( #3470, #8526, #3341 ),
 ( #8626, #1344, #4325 ),
 ( #5182, #608, #5137 ),
 ( #9714, #7517, #7629 ),
 ( #3868, #6124, #1703 ) ),
 .UNSPECIFIED., .F., .F., .T. ) 
 B_SPLINE_SURFACE_WITH_KNOTS ( ( 4, 2, 2, 2, 2, 2, 2, 2, 4 ),
 ( 3, 3 ),
 ( -1.536980768351847715E-09, 0.0009582040536352396309, 0.001437306848943243568, 0.001916409644251247614, 0.002395512439559251659, 0.002874615234867255488, 0.003832820825483263579, 0.005749232006715279328, 0.007665643187947295510 ),
 ( 0.000000000000000000, 1.000000000000000000 ),
 .UNSPECIFIED. ) 
 GEOMETRIC_REPRESENTATION_ITEM ( )  RATIONAL_B_SPLINE_SURFACE ( (
 ( 1.000000000000000000, 0.7071067787960866324, 1.000000000000000000),
 ( 1.000000000000000000, 0.7075896278221771585, 1.000000000000000000),
 ( 1.000000000000000000, 0.7151211327306774557, 1.000000000000000000),
 ( 1.000000000000000000, 0.7341415600366265615, 1.000000000000000000),
 ( 1.000000000000000000, 0.7417376917651341550, 1.000000000000000000),
 ( 1.000000000000000000, 0.7583168980376702173, 1.000000000000000000),
 ( 1.000000000000000000, 0.7673500420453152060, 1.000000000000000000),
 ( 1.000000000000000000, 0.7863007568828908056, 1.000000000000000000),
 ( 1.000000000000000000, 0.7962553537950438631, 1.000000000000000000),
 ( 1.000000000000000000, 0.8160752240624722376, 1.000000000000000000),
 ( 1.000000000000000000, 0.8259994982465732605, 1.000000000000000000),
 ( 1.000000000000000000, 0.8553327116745088610, 1.000000000000000000),
 ( 1.000000000000000000, 0.8744210486769772306, 1.000000000000000000),
 ( 1.000000000000000000, 0.9264159317390240345, 1.000000000000000000),
 ( 1.000000000000000000, 0.9537173709791196829, 1.000000000000000000),
 ( 1.000000000000000000, 0.9907347406357428499, 1.000000000000000000),
 ( 1.000000000000000000, 0.9999494867322957781, 1.000000000000000000),
 ( 1.000000000000000000, 1.000000000000000000, 1.000000000000000000) ) ) 
 REPRESENTATION_ITEM ( '' )  SURFACE ( )  );
#8123 = LINE ( 'NONE', #9577, #5008 ) ;
#8124 = CARTESIAN_POINT ( 'NONE',  ( -94.87364774114004717, 122.5309159640421228, 107.2804998236556884 ) ) ;
#8125 = VERTEX_POINT ( 'NONE', #8480 ) ;
#8126 = DIRECTION ( 'NONE',  ( 1.000000000000000000, 0.000000000000000000, -0.000000000000000000 ) ) ;
#8127 = VERTEX_POINT ( 'NONE', #7590 ) ;
#8128 = EDGE_CURVE ( 'NONE', #5619, #4920, #6940, .T. ) ;
#8129 = EDGE_CURVE ( 'NONE', #5241, #7113, #1697, .T. ) ;
#8130 = EDGE_CURVE ( 'NONE', #6373, #1793, #1448, .T. ) ;
#8131 = CARTESIAN_POINT ( 'NONE',  ( -70.79919409497406946, 115.1004733168307723, 132.4868110058068851 ) ) ;
#8132 = DIRECTION ( 'NONE',  ( -0.000000000000000000, 1.000000000000000000, -0.000000000000000000 ) ) ;
#8133 = CARTESIAN_POINT ( 'NONE',  ( -87.74801338492962088, 66.70855895922105105, 140.2505000401580162 ) ) ;
#8134 = CARTESIAN_POINT ( 'NONE',  ( -85.85849603204049174, 122.5916353324540040, 105.9906322912588621 ) ) ;
#8135 = CARTESIAN_POINT ( 'NONE',  ( -79.72105162591300598, 87.31496967778880958, 164.5317061275722210 ) ) ;
#8136 = ORIENTED_EDGE ( 'NONE', *, *, #9737, .T. ) ;
#8137 = CARTESIAN_POINT ( 'NONE',  ( -85.78407834639432394, 151.3436912527106415, 79.14873745570845642 ) ) ;
#8138 = CARTESIAN_POINT ( 'NONE',  ( -70.78852960328462984, 69.37240904427810051, 149.8967431349185802 ) ) ;
#8139 = CARTESIAN_POINT ( 'NONE',  ( -70.78852960328462984, 68.74463027961520822, 85.00325229342891475 ) ) ;
#8140 = CARTESIAN_POINT ( 'NONE',  ( -87.14473104747763443, 152.1511190152341157, 84.01557051192210679 ) ) ;
#8141 = CARTESIAN_POINT ( 'NONE',  ( -82.97583775306492271, 151.6747856352290285, 70.63384695129722957 ) ) ;
#8142 = ORIENTED_EDGE ( 'NONE', *, *, #1672, .F. ) ;
#8143 = CARTESIAN_POINT ( 'NONE',  ( -72.28852960328462984, 113.4606747952381482, 95.77555802772283755 ) ) ;
#8144 = CARTESIAN_POINT ( 'NONE',  ( -89.56887321078369268, 107.0013631416083513, 113.3491272343342615 ) ) ;
#8145 = CARTESIAN_POINT ( 'NONE',  ( -72.08227838609383298, 71.09271236844769248, 76.53746915855992938 ) ) ;
#8146 = DIRECTION ( 'NONE',  ( 0.000000000000000000, 1.000000000000000000, 0.000000000000000000 ) ) ;
#8147 = EDGE_CURVE ( 'NONE', #1240, #5731, #9010, .T. ) ;
#8148 = EDGE_LOOP ( 'NONE', ( #1796, #9437, #8309, #3618 ) ) ;
#8149 = CARTESIAN_POINT ( 'NONE',  ( -85.19714643136842369, 143.9564921786204366, 149.7741772188494167 ) ) ;
#8150 = PLANE ( 'NONE',  #1603 ) ;
#8151 = CARTESIAN_POINT ( 'NONE',  ( -89.24147148619820769, 140.5779032242634798, 132.5833570351453261 ) ) ;
#8152 = CARTESIAN_POINT ( 'NONE',  ( -80.25670287183352514, 82.48581560505608934, 163.2815913987753333 ) ) ;
#8153 = EDGE_CURVE ( 'NONE', #3047, #1135, #5990, .T. ) ;
#8154 = CYLINDRICAL_SURFACE ( 'NONE', #962, 3.000000000000002665 ) ;
#8155 = ADVANCED_FACE ( 'NONE', ( #1015 ), #273, .F. ) ;
#8156 = LINE ( 'NONE', #9800, #501 ) ;
#8157 = CARTESIAN_POINT ( 'NONE',  ( -85.53757095113041942, 123.3978490665517427, 123.4619079565032820 ) ) ;
#8158 = CYLINDRICAL_SURFACE ( 'NONE', #9786, 2.000000000000001776 ) ;
#8159 = ORIENTED_EDGE ( 'NONE', *, *, #5394, .F. ) ;
#8160 = ORIENTED_EDGE ( 'NONE', *, *, #5408, .F. ) ;
#8161 = ORIENTED_EDGE ( 'NONE', *, *, #3776, .F. ) ;
#8162 = CARTESIAN_POINT ( 'NONE',  ( -72.28852960328462984, 107.3119079817578267, 115.5054217592787325 ) ) ;
#8163 = CARTESIAN_POINT ( 'NONE',  ( -71.25368410442484901, 113.9804115554055386, 133.2243175603925636 ) ) ;
#8164 = CARTESIAN_POINT ( 'NONE',  ( -76.49620698210013359, 81.52334608179862130, 58.97648624816691409 ) ) ;
#8165 = EDGE_CURVE ( 'NONE', #2716, #9740, #5399, .T. ) ;
#8166 = CARTESIAN_POINT ( 'NONE',  ( -88.29708984256465953, 113.5925787844892909, 132.3099605367829668 ) ) ;
#8167 = CARTESIAN_POINT ( 'NONE',  ( -79.92873257983887925, 94.41596583675463705, 62.96017144249142916 ) ) ;
#8168 = ADVANCED_FACE ( 'NONE', ( #871 ), #9233, .F. ) ;
#8169 = LINE ( 'NONE', #5829, #3345 ) ;
#8170 = ORIENTED_EDGE ( 'NONE', *, *, #8722, .F. ) ;
#8171 = ORIENTED_EDGE ( 'NONE', *, *, #3566, .T. ) ;
#8172 = AXIS2_PLACEMENT_3D ( 'NONE', #5366, #5316, #8412 ) ;
#8173 = CARTESIAN_POINT ( 'NONE',  ( -73.28852960328462984, 111.3119079817578267, 115.5054217592787467 ) ) ;
#8174 = CARTESIAN_POINT ( 'NONE',  ( -88.77123190257186991, 111.3119079817578125, 115.5054217592787325 ) ) ;
#8175 = VECTOR ( 'NONE', #5648, 1000.000000000000000 ) ;
#8176 = CARTESIAN_POINT ( 'NONE',  ( -84.36888739076519528, 134.9465087981341469, 129.2990452277099394 ) ) ;
#8177 = CARTESIAN_POINT ( 'NONE',  ( -72.86145541510803980, 74.23361122905129150, 74.74380810562847444 ) ) ;
#8178 = CARTESIAN_POINT ( 'NONE',  ( -85.71100352364683772, 143.3019923103548194, 104.7158641604268610 ) ) ;
#8179 = ORIENTED_EDGE ( 'NONE', *, *, #1034, .T. ) ;
#8180 = CARTESIAN_POINT ( 'NONE',  ( -120.7885296032846441, 141.9419079817567138, 72.00574073170528777 ) ) ;
#8181 = ORIENTED_EDGE ( 'NONE', *, *, #4239, .F. ) ;
#8182 = VECTOR ( 'NONE', #2196, 1000.000000000000000 ) ;
#8183 = CARTESIAN_POINT ( 'NONE',  ( -87.73476688114311628, 66.73222553375119048, 140.3086962007533884 ) ) ;
#8184 = CARTESIAN_POINT ( 'NONE',  ( -90.78457527761419499, 59.28198346057259727, 118.8154592425764662 ) ) ;
#8185 = CARTESIAN_POINT ( 'NONE',  ( -85.78109982259752542, 122.7269935268836321, 105.3098280383590719 ) ) ;
#8186 = ORIENTED_EDGE ( 'NONE', *, *, #548, .F. ) ;
#8187 = CARTESIAN_POINT ( 'NONE',  ( -90.75762099250422921, 85.61425344654394110, 116.2030545257452019 ) ) ;
#8188 = CARTESIAN_POINT ( 'NONE',  ( -70.78852960328462984, 68.36474617724657321, 141.3992330477624364 ) ) ;
#8189 = CARTESIAN_POINT ( 'NONE',  ( -90.60470048399464815, 156.1988781986247261, 106.8613038909782205 ) ) ;
#8190 = VECTOR ( 'NONE', #8028, 1000.000000000000000 ) ;
#8191 = ORIENTED_EDGE ( 'NONE', *, *, #3914, .T. ) ;
#8192 = CARTESIAN_POINT ( 'NONE',  ( -71.78053481577283890, 114.1517168189374019, 95.71133321816931527 ) ) ;
#8193 = CARTESIAN_POINT ( 'NONE',  ( -88.85671789022859457, 105.0800352481928570, 92.18686711189367600 ) ) ;
#8194 = CARTESIAN_POINT ( 'NONE',  ( -80.14231864806347971, 122.0959790610080944, 63.45855604696379260 ) ) ;
#8195 = DIRECTION ( 'NONE',  ( 0.000000000000000000, -0.000000000000000000, 1.000000000000000000 ) ) ;
#8196 = B_SPLINE_CURVE_WITH_KNOTS ( 'NONE', 3,
 ( #7187, #9775, #7480, #5895 ),
 .UNSPECIFIED., .F., .F.,
 ( 4, 4 ),
 ( 0.0001749479369560512690, 0.0003859798967131966422 ),
 .UNSPECIFIED. ) ;
#8197 = ORIENTED_EDGE ( 'NONE', *, *, #9271, .T. ) ;
#8198 = CARTESIAN_POINT ( 'NONE',  ( -89.53950040781548125, 113.4617108513136685, 115.1926918962757327 ) ) ;
#8199 = CARTESIAN_POINT ( 'NONE',  ( -81.85275765393471659, 104.4468056478177402, 91.96147921292704552 ) ) ;
#8200 = VECTOR ( 'NONE', #2175, 1000.000000000000000 ) ;
#8201 = CARTESIAN_POINT ( 'NONE',  ( -80.57857873510231173, 147.2153319571185364, 162.5150550712671702 ) ) ;
#8202 = EDGE_CURVE ( 'NONE', #6846, #8638, #9245, .T. ) ;
#8203 = CARTESIAN_POINT ( 'NONE',  ( -70.78852960328462984, 160.9621749563512765, 113.5053956028656614 ) ) ;
#8204 = CARTESIAN_POINT ( 'NONE',  ( -80.06442698944046299, 83.19042830993652160, 63.27496904112379639 ) ) ;
#8205 = CARTESIAN_POINT ( 'NONE',  ( -79.55584026667847297, 141.5918954300018413, 62.09977529411265351 ) ) ;
#8206 = CARTESIAN_POINT ( 'NONE',  ( -85.66112319097628358, 123.0532094963019887, 122.5745199509771481 ) ) ;
#8207 = CARTESIAN_POINT ( 'NONE',  ( -70.78852960328462984, 141.5584347898245881, 156.0890373847969101 ) ) ;
#8208 = ORIENTED_EDGE ( 'NONE', *, *, #9475, .F. ) ;
#8209 = ORIENTED_EDGE ( 'NONE', *, *, #2365, .T. ) ;
#8210 = SURFACE_STYLE_USAGE ( .BOTH. , #3667 ) ;
#8211 = LINE ( 'NONE', #3806, #4751 ) ;
#8212 = CARTESIAN_POINT ( 'NONE',  ( -70.92717940992258718, 114.5171738064920959, 132.7844383892154383 ) ) ;
#8213 = CARTESIAN_POINT ( 'NONE',  ( -82.52199086313449072, 76.04226611284363457, 69.39461261069290288 ) ) ;
#8214 = CIRCLE ( 'NONE', #4268, 2.000000000000001776 ) ;
#8215 = CARTESIAN_POINT ( 'NONE',  ( -88.70358365406961809, 114.8602925929720442, 135.6537016746920870 ) ) ;
#8216 = CARTESIAN_POINT ( 'NONE',  ( -72.28852960328462984, 114.0204415849168953, 134.2125265045658296 ) ) ;
#8217 = CARTESIAN_POINT ( 'NONE',  ( -89.96253719572841590, 145.7571861638656969, 127.4511637896560359 ) ) ;
#8218 = VERTEX_POINT ( 'NONE', #3832 ) ;
#8219 = CARTESIAN_POINT ( 'NONE',  ( -89.08978304797062719, 126.6188661621363565, 93.51364900341826569 ) ) ;
#8220 = CIRCLE ( 'NONE', #7258, 4.000000000000003553 ) ;
#8221 = CIRCLE ( 'NONE', #4131, 2.000000000000006217 ) ;
#8222 = CARTESIAN_POINT ( 'NONE',  ( -80.98827202448570972, 151.6583579391499654, 71.02214642643239983 ) ) ;
#8223 = ADVANCED_FACE ( 'NONE', ( #5494 ), #6333, .T. ) ;
#8224 = CARTESIAN_POINT ( 'NONE',  ( -88.78852960328462984, 112.3119079817578125, 91.96147921292704552 ) ) ;
#8225 = VECTOR ( 'NONE', #4504, 1000.000000000000000 ) ;
#8226 = VECTOR ( 'NONE', #6967, 1000.000000000000000 ) ;
#8227 = CARTESIAN_POINT ( 'NONE',  ( -86.19312543636351620, 143.6309159640421456, 111.3138468377551362 ) ) ;
#8228 = DIRECTION ( 'NONE',  ( 0.000000000000000000, 1.146924612216070881E-15, -1.000000000000000000 ) ) ;
#8229 = B_SPLINE_CURVE_WITH_KNOTS ( 'NONE', 1,
 ( #6070, #7519 ),
 .UNSPECIFIED., .F., .F.,
 ( 2, 2 ),
 ( 0.000000000000000000, 1.000000000000000000 ),
 .UNSPECIFIED. ) ;
#8230 = ORIENTED_EDGE ( 'NONE', *, *, #5836, .F. ) ;
#8231 = CARTESIAN_POINT ( 'NONE',  ( -89.79977892175919862, 106.7504088672459801, 113.2221320582671638 ) ) ;
#8232 = VERTEX_POINT ( 'NONE', #2049 ) ;
#8233 = CIRCLE ( 'NONE', #1927, 9.999999999999968026 ) ;
#8234 = EDGE_CURVE ( 'NONE', #3974, #7905, #5783, .T. ) ;
#8235 = VECTOR ( 'NONE', #463, 1000.000000000000000 ) ;
#8236 = CARTESIAN_POINT ( 'NONE',  ( -86.17308712424747341, 64.16158105646580623, 138.8216554778585134 ) ) ;
#8237 = DIRECTION ( 'NONE',  ( 0.7440682113992402869, 0.000000000000000000, -0.6681036572158062237 ) ) ;
#8238 = EDGE_LOOP ( 'NONE', ( #7379, #9759, #6605, #984 ) ) ;
#8239 = CARTESIAN_POINT ( 'NONE',  ( -79.72123257805696994, 87.31458858722875505, 62.47964838303534663 ) ) ;
#8240 = CARTESIAN_POINT ( 'NONE',  ( -90.77439594974842407, 84.55697926531934172, 115.3362088037744115 ) ) ;
#8241 = DIRECTION ( 'NONE',  ( 0.000000000000000000, 0.9976431163436479954, -0.06861641503411743115 ) ) ;
#8242 = CARTESIAN_POINT ( 'NONE',  ( -83.74210094904491086, 153.2392161702021269, 78.94286760953939108 ) ) ;
#8243 = VECTOR ( 'NONE', #1673, 1000.000000000000000 ) ;
#8244 = CARTESIAN_POINT ( 'NONE',  ( -102.3018812160451034, 60.70723977845482011, 113.4801263016057362 ) ) ;
#8245 = VERTEX_POINT ( 'NONE', #673 ) ;
#8246 = CARTESIAN_POINT ( 'NONE',  ( -72.17888115407454563, 113.9476463046253087, 95.53405183955462121 ) ) ;
#8247 = CARTESIAN_POINT ( 'NONE',  ( -79.57943663257526623, 76.96010700503333624, 161.3554375618793131 ) ) ;
#8248 = CARTESIAN_POINT ( 'NONE',  ( -81.18525561619182440, 76.50467782852027199, 161.0439609088127497 ) ) ;
#8249 = CARTESIAN_POINT ( 'NONE',  ( -84.41284461975524778, 130.2571804010462131, 129.1240442642399842 ) ) ;
#8250 = DIRECTION ( 'NONE',  ( 1.000000000000000000, -0.000000000000000000, -0.000000000000000000 ) ) ;
#8251 = EDGE_CURVE ( 'NONE', #5025, #6932, #7319, .T. ) ;
#8252 = CARTESIAN_POINT ( 'NONE',  ( -84.43255755285981934, 136.2198231193526965, 129.0451265034718062 ) ) ;
#8253 = CARTESIAN_POINT ( 'NONE',  ( -79.19325993548767428, 136.2709690550080666, 61.26191751985022194 ) ) ;
#8254 = DIRECTION ( 'NONE',  ( 0.000000000000000000, 0.06663512414119442118, 0.9977774101625510594 ) ) ;
#8255 = CARTESIAN_POINT ( 'NONE',  ( -71.08889688814672070, 114.1970681158475145, 96.76560722675783666 ) ) ;
#8256 = DIRECTION ( 'NONE',  ( 0.000000000000000000, 0.000000000000000000, 1.000000000000000000 ) ) ;
#8257 = ORIENTED_EDGE ( 'NONE', *, *, #3441, .T. ) ;
#8258 = CARTESIAN_POINT ( 'NONE',  ( -90.84786544820637744, 118.2679121758609995, 115.4229138047998759 ) ) ;
#8259 = CARTESIAN_POINT ( 'NONE',  ( -70.85345736643591863, 114.7763156156766939, 132.7220898202923536 ) ) ;
#8260 = EDGE_CURVE ( 'NONE', #1299, #1319, #4277, .T. ) ;
#8261 = CARTESIAN_POINT ( 'NONE',  ( -79.48182085017575105, 76.52955597297031431, 161.0790681398963500 ) ) ;
#8262 = CARTESIAN_POINT ( 'NONE',  ( -79.99290351925715470, 127.0995950700828416, 63.10980955766258660 ) ) ;
#8263 = ORIENTED_EDGE ( 'NONE', *, *, #7977, .F. ) ;
#8264 = CARTESIAN_POINT ( 'NONE',  ( -84.30988567713387738, 131.1382184246180600, 97.37552644474183694 ) ) ;
#8265 = CARTESIAN_POINT ( 'NONE',  ( -79.69606284385875483, 86.45708120650924400, 62.42162580331580557 ) ) ;
#8266 = CARTESIAN_POINT ( 'NONE',  ( -87.37848393418835258, 113.3119079817578267, 131.5640869372336113 ) ) ;
#8267 = CARTESIAN_POINT ( 'NONE',  ( -77.87993975111986344, 136.2358543318919430, 165.7466180484478002 ) ) ;
#8268 = ORIENTED_EDGE ( 'NONE', *, *, #4940, .T. ) ;
#8269 = CARTESIAN_POINT ( 'NONE',  ( -72.28852960328462984, 105.8119079817578410, 135.0054217592787325 ) ) ;
#8270 = CARTESIAN_POINT ( 'NONE',  ( -89.40895993870063307, 113.3119079816451631, 131.9709039344134283 ) ) ;
#8271 = DIRECTION ( 'NONE',  ( 1.000000000000000000, 0.000000000000000000, 0.000000000000000000 ) ) ;
#8272 = EDGE_CURVE ( 'NONE', #8049, #6715, #8919, .T. ) ;
#8273 = CARTESIAN_POINT ( 'NONE',  ( -70.78852960328462984, 146.5078591810289481, 65.97215273169965144 ) ) ;
#8274 = DIRECTION ( 'NONE',  ( 0.000000000000000000, 0.000000000000000000, -1.000000000000000000 ) ) ;
#8275 = ADVANCED_FACE ( 'NONE', ( #6061 ), #4851, .T. ) ;
#8276 = ORIENTED_EDGE ( 'NONE', *, *, #4834, .T. ) ;
#8277 = CARTESIAN_POINT ( 'NONE',  ( -76.78852960328464405, 141.9419079817567138, 80.00574073170530198 ) ) ;
#8278 = ADVANCED_FACE ( 'NONE', ( #2878 ), #9559, .F. ) ;
#8279 = CARTESIAN_POINT ( 'NONE',  ( -71.08008567994178861, 114.5893683668915202, 96.39674711683862540 ) ) ;
#8280 = ORIENTED_EDGE ( 'NONE', *, *, #4560, .T. ) ;
#8281 = CARTESIAN_POINT ( 'NONE',  ( -90.77682042083164049, 103.6503721187010711, 111.8112121637052212 ) ) ;
#8282 = ORIENTED_EDGE ( 'NONE', *, *, #1755, .T. ) ;
#8283 = CARTESIAN_POINT ( 'NONE',  ( -88.96012084734172731, 128.5848196853096681, 92.76548401498742180 ) ) ;
#8284 = CARTESIAN_POINT ( 'NONE',  ( -83.07809004881377746, 69.90429478512503181, 150.8440591636041859 ) ) ;
#8285 = DIRECTION ( 'NONE',  ( 0.000000000000000000, 0.000000000000000000, -1.000000000000000000 ) ) ;
#8286 = CARTESIAN_POINT ( 'NONE',  ( -70.78852960328462984, 62.18549510269599523, 116.7821679773575738 ) ) ;
#8287 = CARTESIAN_POINT ( 'NONE',  ( -78.15452252181586346, 126.9623622400146132, 61.90214970102342562 ) ) ;
#8288 = CARTESIAN_POINT ( 'NONE',  ( -90.84173887828174543, 103.3119079817578267, 115.5643126396000469 ) ) ;
#8289 = CARTESIAN_POINT ( 'NONE',  ( -89.38415867837498752, 124.2181022893654330, 131.6825397005503930 ) ) ;
#8290 = ORIENTED_EDGE ( 'NONE', *, *, #3795, .T. ) ;
#8291 = ADVANCED_FACE ( 'NONE', ( #4978, #547 ), #5718, .F. ) ;
#8292 = CARTESIAN_POINT ( 'NONE',  ( -71.32654357797774480, 114.2478395044866488, 96.08415056895158557 ) ) ;
#8293 = CARTESIAN_POINT ( 'NONE',  ( -72.86145541510803980, 74.23361122905129150, 74.74380810562847444 ) ) ;
#8294 = CARTESIAN_POINT ( 'NONE',  ( -90.75028018625350512, 86.94190798175786483, 110.5057407317052736 ) ) ;
#8295 = CARTESIAN_POINT ( 'NONE',  ( -72.12136522101438629, 71.23733961788660451, 76.47015659655275499 ) ) ;
#8296 = DIRECTION ( 'NONE',  ( 1.000000000000000000, -0.000000000000000000, -0.000000000000000000 ) ) ;
#8297 = CARTESIAN_POINT ( 'NONE',  ( -79.88109492893519814, 76.50694949956783830, 160.9865699514263611 ) ) ;
#8298 = CARTESIAN_POINT ( 'NONE',  ( -71.51032509491453482, 113.7148524036708892, 133.2606866955210307 ) ) ;
#8299 = B_SPLINE_CURVE_WITH_KNOTS ( 'NONE', 3,
 ( #3733, #8383, #9114, #3780, #5993, #1559, #17, #819, #9027, #2261, #2426, #120, #8284, #5396, #5246, #769, #4527, #4627, #1468, #2364, #8434, #1671, #6775, #1511, #2213, #8236, #870, #7641, #8326, #5291, #4675, #7532, #7693, #2959, #6825, #3051, #7589, #6036, #9068, #3831, #66, #9432, #3294, #2519, #6936, #270, #2663, #4870, #2613, #2476, #7889, #7740, #8628, #1110, #3203, #6282, #7941, #1769, #9334, #1861, #4139, #5444, #6336, #171, #386, #5551, #4824, #227, #6988, #1014 ),
 .UNSPECIFIED., .F., .F.,
 ( 4, 2, 1, 1, 2, 2, 1, 1, 1, 1, 1, 2, 2, 1, 1, 1, 1, 1, 1, 1, 2, 2, 2, 1, 1, 2, 2, 2, 1, 1, 1, 1, 1, 1, 1, 2, 2, 1, 1, 1, 1, 1, 1, 2, 2, 1, 1, 1, 2, 2, 4 ),
 ( 0.000000000000000000, 0.03124999999998455402, 0.04687499999997688654, 0.05468749999997273709, 0.05859374999997023215, 0.06249999999996773414, 0.09374999999994969302, 0.1093749999999406308, 0.1171874999999355932, 0.1210937499999331229, 0.1230468749999319988, 0.1240234374999315270, 0.1249999999999310552, 0.1874999999999208133, 0.2187499999999160671, 0.2343749999999136246, 0.2421874999999123201, 0.2460937499999117095, 0.2480468749999112932, 0.2490234374999110156, 0.2495117187499112932, 0.2499999999999115152, 0.3749999999999069078, 0.4374999999999045763, 0.4687499999999032441, 0.4843749999999025779, 0.4999999999999018563, 0.6249999999998943068, 0.6874999999998906430, 0.7187499999998886446, 0.7343749999998874234, 0.7421874999998865352, 0.7460937499998862021, 0.7480468749998862021, 0.7490234374998860911, 0.7495117187498862021, 0.7499999999998863132, 0.8124999999999192868, 0.8437499999999354960, 0.8593749999999433786, 0.8671874999999473754, 0.8710937499999494849, 0.8730468749999504841, 0.8740234374999509281, 0.8749999999999512612, 0.9062499999999634737, 0.9218749999999694689, 0.9296874999999723554, 0.9335937499999737987, 0.9374999999999751310, 1.000000000000000000 ),
 .UNSPECIFIED. ) ;
#8300 = PLANE ( 'NONE',  #7114 ) ;
#8301 = CARTESIAN_POINT ( 'NONE',  ( -84.54437258899623941, 128.6251654943845608, 128.5862305971161561 ) ) ;
#8302 = DIRECTION ( 'NONE',  ( -0.000000000000000000, 0.8898174628127398789, 0.4563166475962697199 ) ) ;
#8303 = ORIENTED_EDGE ( 'NONE', *, *, #585, .T. ) ;
#8304 = CARTESIAN_POINT ( 'NONE',  ( -78.78852960328464405, 151.9527798341965479, 136.3476453026459296 ) ) ;
#8305 = CARTESIAN_POINT ( 'NONE',  ( -80.62086928982591871, 147.3155774229847168, 162.4134486342254604 ) ) ;
#8306 = VERTEX_POINT ( 'NONE', #8846 ) ;
#8307 = CARTESIAN_POINT ( 'NONE',  ( -72.28852960328462984, 111.3119079817577983, 133.5054217592787609 ) ) ;
#8308 = CARTESIAN_POINT ( 'NONE',  ( -78.15447539729620985, 126.9627537494440475, 165.1088986199509066 ) ) ;
#8309 = ORIENTED_EDGE ( 'NONE', *, *, #6854, .F. ) ;
#8310 = ADVANCED_FACE ( 'NONE', ( #9649 ), #5869, .T. ) ;
#8311 = DIRECTION ( 'NONE',  ( 1.000000000000000000, 0.000000000000000000, 0.000000000000000000 ) ) ;
#8312 = LINE ( 'NONE', #6125, #8020 ) ;
#8313 = CARTESIAN_POINT ( 'NONE',  ( -88.78852960328462984, 111.1293568147877693, 94.50674166600603598 ) ) ;
#8314 = PLANE ( 'NONE',  #7588 ) ;
#8315 = LINE ( 'NONE', #6868, #5484 ) ;
#8316 = ORIENTED_EDGE ( 'NONE', *, *, #9460, .F. ) ;
#8317 = CARTESIAN_POINT ( 'NONE',  ( -85.59515494698050020, 143.0237050320394872, 103.8479066085141511 ) ) ;
#8318 = VECTOR ( 'NONE', #4701, 1000.000000000000000 ) ;
#8319 = ORIENTED_EDGE ( 'NONE', *, *, #3516, .T. ) ;
#8320 = CARTESIAN_POINT ( 'NONE',  ( -89.77927119031373593, 105.1816758824399614, 113.3587446224638740 ) ) ;
#8321 = VERTEX_POINT ( 'NONE', #8001 ) ;
#8322 = LINE ( 'NONE', #1359, #8694 ) ;
#8323 = EDGE_CURVE ( 'NONE', #1793, #1953, #7825, .T. ) ;
#8324 = CARTESIAN_POINT ( 'NONE',  ( -89.44754737814665191, 61.68156402446916786, 95.69398187214669349 ) ) ;
#8325 = CARTESIAN_POINT ( 'NONE',  ( -84.61144935284939095, 144.9240716227892563, 75.38430769792411468 ) ) ;
#8326 = CARTESIAN_POINT ( 'NONE',  ( -86.19117140148597400, 64.12791200999731700, 138.7342664075407868 ) ) ;
#8327 = AXIS2_PLACEMENT_3D ( 'NONE', #2626, #7902, #3405 ) ;
#8328 = EDGE_CURVE ( 'NONE', #1805, #7425, #2693, .T. ) ;
#8329 = CARTESIAN_POINT ( 'NONE',  ( -90.76693674817521185, 84.95744682293526751, 111.2473657905619007 ) ) ;
#8330 = CARTESIAN_POINT ( 'NONE',  ( -80.00574577784108499, 97.07581006620709729, 163.8711439796478828 ) ) ;
#8331 = CARTESIAN_POINT ( 'NONE',  ( -70.78852960328462984, 65.32649124733219992, 93.58143042945904710 ) ) ;
#8332 = DIRECTION ( 'NONE',  ( 0.000000000000000000, 0.000000000000000000, -1.000000000000000000 ) ) ;
#8333 = CARTESIAN_POINT ( 'NONE',  ( -79.26396140791933931, 60.70723977845482011, 61.43619222747226161 ) ) ;
#8334 = CARTESIAN_POINT ( 'NONE',  ( -79.80967858003847937, 76.23091121929095948, 66.35767560036948964 ) ) ;
#8335 = ORIENTED_EDGE ( 'NONE', *, *, #2485, .F. ) ;
#8336 = CARTESIAN_POINT ( 'NONE',  ( -71.25368410442499112, 114.3086505290902579, 96.16571070219399076 ) ) ;
#8337 = DIRECTION ( 'NONE',  ( 1.000000000000000000, -0.000000000000000000, -0.000000000000000000 ) ) ;
#8338 = DIRECTION ( 'NONE',  ( 0.000000000000000000, -0.000000000000000000, 1.000000000000000000 ) ) ;
#8339 = CIRCLE ( 'NONE', #8503, 3.000000000000002665 ) ;
#8340 = CARTESIAN_POINT ( 'NONE',  ( -72.28852960328462984, 113.3204415849168925, 96.20574073170529061 ) ) ;
#8341 = EDGE_CURVE ( 'NONE', #7425, #5230, #5697, .T. ) ;
#8342 = EDGE_LOOP ( 'NONE', ( #8085, #7322, #8522, #100 ) ) ;
#8343 = ADVANCED_FACE ( 'NONE', ( #8790 ), #1938, .F. ) ;
#8344 = CARTESIAN_POINT ( 'NONE',  ( -88.99042689417169072, 136.8962926864886072, 134.0729538435653581 ) ) ;
#8345 = AXIS2_PLACEMENT_3D ( 'NONE', #6901, #2538, #136 ) ;
#8346 = CARTESIAN_POINT ( 'NONE',  ( -70.78852960328462984, 151.6583579391499654, 71.02214642643239983 ) ) ;
#8347 = CARTESIAN_POINT ( 'NONE',  ( -81.18753950108447270, 77.31368563152695117, 66.33428758102473921 ) ) ;
#8348 = DIRECTION ( 'NONE',  ( 1.000000000000000000, -0.000000000000000000, -0.000000000000000000 ) ) ;
#8349 = CARTESIAN_POINT ( 'NONE',  ( -85.03234420520747960, 125.3757151065562851, 126.3665672005055711 ) ) ;
#8350 = B_SPLINE_CURVE_WITH_KNOTS ( 'NONE', 3,
 ( #1570, #3105, #2315, #5301, #7443, #5907, #6737, #9126, #4587, #6687, #1427, #5202, #6781, #7598, #6835, #8940, #9790, #4533, #3703, #2967, #73, #691, #6093, #2375, #2168, #5350, #5255, #776, #3787, #5156, #9734, #5949, #8989, #25 ),
 .UNSPECIFIED., .F., .F.,
 ( 4, 2, 2, 2, 2, 2, 2, 2, 2, 2, 2, 2, 2, 2, 2, 2, 4 ),
 ( 0.000000000000000000, 0.0005862344508909097173, 0.001172468901781819435, 0.001758703352672729044, 0.002344937803563638869, 0.002931172254454548695, 0.003517406705345458087, 0.004103641156236368347, 0.004689875607127277739, 0.005276110058018187131, 0.005862344508909097390, 0.006448578959800006782, 0.007034813410690916174, 0.007621047861581826434, 0.008207282312472736693, 0.008793516763363646085, 0.009379751214254555478 ),
 .UNSPECIFIED. ) ;
#8351 = CARTESIAN_POINT ( 'NONE',  ( -90.47467551510708006, 104.9298281807214579, 104.9125277419560689 ) ) ;
#8352 = ORIENTED_EDGE ( 'NONE', *, *, #3387, .F. ) ;
#8353 = CARTESIAN_POINT ( 'NONE',  ( -87.03720698633873099, 111.3119079817578267, 133.5347543482561719 ) ) ;
#8354 = B_SPLINE_CURVE_WITH_KNOTS ( 'NONE', 3,
 ( #8794, #8850, #8101, #4901, #1983, #551, #7343, #8056, #9561, #8704, #9465, #1291, #7253, #5720, #6358, #2780, #1238, #4937 ),
 .UNSPECIFIED., .F., .F.,
 ( 4, 2, 2, 2, 2, 2, 2, 2, 4 ),
 ( 0.000000000000000000, 0.0005845735448052446614, 0.001169147089610489323, 0.001753720634415733984, 0.002338294179220978646, 0.002922867724026223524, 0.003507441268831467968, 0.004092014813636712413, 0.004676588358441957291 ),
 .UNSPECIFIED. ) ;
#8355 = VERTEX_POINT ( 'NONE', #9517 ) ;
#8356 = CARTESIAN_POINT ( 'NONE',  ( -82.95607942807993140, 149.6549830465181401, 156.4312321130728378 ) ) ;
#8357 = ORIENTED_EDGE ( 'NONE', *, *, #8651, .T. ) ;
#8358 = B_SPLINE_CURVE_WITH_KNOTS ( 'NONE', 3,
 ( #7542, #8194, #6783, #1428, #4732 ),
 .UNSPECIFIED., .F., .F.,
 ( 4, 1, 4 ),
 ( 0.000000000000000000, 0.01501208963701926649, 0.03002417927403853298 ),
 .UNSPECIFIED. ) ;
#8359 = CARTESIAN_POINT ( 'NONE',  ( -85.63041234046580996, 123.0453916298939419, 104.0974051457335179 ) ) ;
#8360 = CARTESIAN_POINT ( 'NONE',  ( -89.73924745437713568, 144.8008634314772110, 97.79294528120091456 ) ) ;
#8361 = LINE ( 'NONE', #6062, #2515 ) ;
#8362 = CARTESIAN_POINT ( 'NONE',  ( -89.09150676660246404, 113.3313952753786538, 115.4609347269592377 ) ) ;
#8363 = AXIS2_PLACEMENT_3D ( 'NONE', #5020, #4402, #4977 ) ;
#8364 = LINE ( 'NONE', #1146, #7401 ) ;
#8365 = CARTESIAN_POINT ( 'NONE',  ( -88.78852960328462984, 111.1293568147877693, -0.000000000000000000 ) ) ;
#8366 = ORIENTED_EDGE ( 'NONE', *, *, #5544, .T. ) ;
#8367 = CARTESIAN_POINT ( 'NONE',  ( -74.78852960328464405, 62.28864451259448742, 117.7927441914530959 ) ) ;
#8368 = CARTESIAN_POINT ( 'NONE',  ( -72.28852960328462984, 113.3386607112490623, 133.6957500236173360 ) ) ;
#8369 = ADVANCED_FACE ( 'NONE', ( #7202 ), #8744, .T. ) ;
#8370 = CARTESIAN_POINT ( 'NONE',  ( -84.99373326577263299, 140.5940419695651258, 126.5581420845096119 ) ) ;
#8371 = AXIS2_PLACEMENT_3D ( 'NONE', #7675, #4060, #4703 ) ;
#8372 = CARTESIAN_POINT ( 'NONE',  ( -81.71136921482654714, 151.5146455663749236, 70.80183061291450031 ) ) ;
#8373 = DIRECTION ( 'NONE',  ( 0.000000000000000000, 0.000000000000000000, -1.000000000000000000 ) ) ;
#8374 = DIRECTION ( 'NONE',  ( 1.000000000000000000, -0.000000000000000000, -0.000000000000000000 ) ) ;
#8375 = CARTESIAN_POINT ( 'NONE',  ( -82.87133079915929557, 150.1530716728052539, 156.4928924844479639 ) ) ;
#8376 = CARTESIAN_POINT ( 'NONE',  ( -84.37152037980436603, 136.2104981223328650, 97.61758882407976046 ) ) ;
#8377 = VECTOR ( 'NONE', #3739, 1000.000000000000000 ) ;
#8378 = EDGE_LOOP ( 'NONE', ( #5028, #7897, #6205, #2620 ) ) ;
#8379 = ORIENTED_EDGE ( 'NONE', *, *, #8165, .F. ) ;
#8380 = CARTESIAN_POINT ( 'NONE',  ( -84.70076687342847777, 138.8394012961082922, 127.9174098024308819 ) ) ;
#8381 = VECTOR ( 'NONE', #3887, 1000.000000000000114 ) ;
#8382 = VECTOR ( 'NONE', #8788, 1000.000000000000000 ) ;
#8383 = CARTESIAN_POINT ( 'NONE',  ( -80.00632858334201103, 75.57353077106668593, 159.7475323525464432 ) ) ;
#8384 = EDGE_CURVE ( 'NONE', #5976, #8218, #3609, .T. ) ;
#8385 = CARTESIAN_POINT ( 'NONE',  ( -78.07431217332299411, 93.95505645522415250, 61.71454119659961179 ) ) ;
#8386 = CARTESIAN_POINT ( 'NONE',  ( -83.38852960328463837, 125.3309159640421626, 131.0804998236556855 ) ) ;
#8387 = DIRECTION ( 'NONE',  ( 1.000000000000000000, -0.000000000000000000, -0.000000000000000000 ) ) ;
#8388 = FACE_OUTER_BOUND ( 'NONE', #787, .T. ) ;
#8389 = CARTESIAN_POINT ( 'NONE',  ( -74.78852960328464405, 69.79458493310150402, 82.51730197872250017 ) ) ;
#8390 = VERTEX_POINT ( 'NONE', #9599 ) ;
#8391 = CARTESIAN_POINT ( 'NONE',  ( -71.11098906787935903, 114.2364200766385522, 96.49438383689447107 ) ) ;
#8392 = CARTESIAN_POINT ( 'NONE',  ( -70.78852960328462984, 111.8688076255531314, 384.5904987380682769 ) ) ;
#8393 = VECTOR ( 'NONE', #8337, 1000.000000000000000 ) ;
#8394 = CARTESIAN_POINT ( 'NONE',  ( -88.78852960328462984, 112.3119079817578125, 103.0725956219346386 ) ) ;
#8395 = VECTOR ( 'NONE', #7691, 1000.000000000000000 ) ;
#8396 = DIRECTION ( 'NONE',  ( 0.000000000000000000, 0.000000000000000000, -1.000000000000000000 ) ) ;
#8397 = CARTESIAN_POINT ( 'NONE',  ( -80.62703551920073153, 78.63362459821509276, 64.59040292744752776 ) ) ;
#8398 = CARTESIAN_POINT ( 'NONE',  ( -90.73809299063691469, 61.36505830608560075, 117.2124068717742631 ) ) ;
#8399 = CYLINDRICAL_SURFACE ( 'NONE', #5362, 2.000000000000001776 ) ;
#8400 = EDGE_CURVE ( 'NONE', #7441, #7997, #454, .T. ) ;
#8401 = ORIENTED_EDGE ( 'NONE', *, *, #3549, .F. ) ;
#8402 = B_SPLINE_SURFACE_WITH_KNOTS ( 'NONE', 3, 1, ( 
 ( #8565, #4904 ),
 ( #7781, #8512 ),
 ( #4759, #3378 ),
 ( #1000, #4025 ),
 ( #1806, #9319 ) ),
 .UNSPECIFIED., .F., .F., .F.,
 ( 4, 1, 4 ),
 ( 2, 2 ),
 ( 0.5601219692966038499, 0.7719220404668656332, 1.000000000000000000 ),
 ( 0.000000000000000000, 1.000000000000000000 ),
 .UNSPECIFIED. ) ;
#8403 = CARTESIAN_POINT ( 'NONE',  ( -84.50782166013348728, 129.0001552859127401, 128.7379015558842639 ) ) ;
#8404 = VECTOR ( 'NONE', #2946, 1000.000000000000000 ) ;
#8405 = CARTESIAN_POINT ( 'NONE',  ( -83.38852960328463837, 137.3251101029211441, 95.58049982365568553 ) ) ;
#8406 = CARTESIAN_POINT ( 'NONE',  ( -79.62257975281981714, 143.0214635386818713, 62.25271531162997718 ) ) ;
#8407 = CARTESIAN_POINT ( 'NONE',  ( -85.24617274498049824, 124.4265319835086530, 125.2393070529244596 ) ) ;
#8408 = CARTESIAN_POINT ( 'NONE',  ( -88.78852960328462984, -0.000000000000000000, 103.0725956219346386 ) ) ;
#8409 = DIRECTION ( 'NONE',  ( 0.000000000000000000, 0.9977779156875837829, 0.06662755410594684014 ) ) ;
#8410 = CARTESIAN_POINT ( 'NONE',  ( -89.16712653301287617, 113.1052584668504721, 93.96810292206228610 ) ) ;
#8411 = ORIENTED_EDGE ( 'NONE', *, *, #8523, .F. ) ;
#8412 = DIRECTION ( 'NONE',  ( 0.000000000000000000, 0.000000000000000000, -1.000000000000000000 ) ) ;
#8413 = ADVANCED_FACE ( 'NONE', ( #4254 ), #8154, .F. ) ;
#8414 = EDGE_CURVE ( 'NONE', #7809, #7762, #7249, .T. ) ;
#8415 = EDGE_CURVE ( 'NONE', #3728, #7508, #3687, .T. ) ;
#8416 = ORIENTED_EDGE ( 'NONE', *, *, #850, .T. ) ;
#8417 = CARTESIAN_POINT ( 'NONE',  ( -82.73528174830055093, 151.6490628050619875, 157.0369551700717636 ) ) ;
#8418 = ORIENTED_EDGE ( 'NONE', *, *, #151, .F. ) ;
#8419 = CARTESIAN_POINT ( 'NONE',  ( -78.78852960328464405, 125.3309159640421626, 95.58049982365568553 ) ) ;
#8420 = CARTESIAN_POINT ( 'NONE',  ( -84.50741674681910354, 128.4046045863894392, 98.16637686054002643 ) ) ;
#8421 = CARTESIAN_POINT ( 'NONE',  ( -73.28852960328462984, 111.3119079817577983, 133.5054217592787609 ) ) ;
#8422 = DIRECTION ( 'NONE',  ( 1.000000000000000000, 0.000000000000000000, -0.000000000000000000 ) ) ;
#8423 = DIRECTION ( 'NONE',  ( 0.000000000000000000, 0.000000000000000000, -1.000000000000000000 ) ) ;
#8424 = EDGE_LOOP ( 'NONE', ( #5278, #6833, #3635, #9581 ) ) ;
#8425 = CARTESIAN_POINT ( 'NONE',  ( -69.74836691017675605, 68.36474617724657321, 141.3992330477624364 ) ) ;
#8426 = DIRECTION ( 'NONE',  ( -0.000000000000000000, 0.000000000000000000, -1.000000000000000000 ) ) ;
#8427 = DIRECTION ( 'NONE',  ( -1.000000000000000000, -0.000000000000000000, -0.000000000000000000 ) ) ;
#8428 = CARTESIAN_POINT ( 'NONE',  ( -84.50372845178785042, 137.7141628857808939, 98.15155674192033075 ) ) ;
#8429 = ADVANCED_FACE ( 'NONE', ( #2228 ), #2276, .F. ) ;
#8430 = ORIENTED_EDGE ( 'NONE', *, *, #380, .F. ) ;
#8431 = VERTEX_POINT ( 'NONE', #81 ) ;
#8432 = CARTESIAN_POINT ( 'NONE',  ( -81.91855153279644242, 77.11973947767681636, 67.82500607723181929 ) ) ;
#8433 = EDGE_CURVE ( 'NONE', #8808, #557, #4448, .T. ) ;
#8434 = CARTESIAN_POINT ( 'NONE',  ( -85.47068674218975559, 65.46841094105297998, 142.0339078963868644 ) ) ;
#8435 = CARTESIAN_POINT ( 'NONE',  ( -90.60398161537834483, 147.8939066386390948, 120.1128015657570103 ) ) ;
#8436 = LINE ( 'NONE', #4727, #8381 ) ;
#8437 = DIRECTION ( 'NONE',  ( -1.000000000000000000, -0.000000000000000000, -0.000000000000000000 ) ) ;
#8438 = CARTESIAN_POINT ( 'NONE',  ( -74.78852960328464405, 64.42486315346715742, 96.75206576668395542 ) ) ;
#8439 = CARTESIAN_POINT ( 'NONE',  ( -90.28309869517396180, 119.0289915411001544, 124.4121956763478778 ) ) ;
#8440 = EDGE_LOOP ( 'NONE', ( #7844, #7862, #9713, #8653 ) ) ;
#8441 = CARTESIAN_POINT ( 'NONE',  ( -71.31040910139368805, 114.0854463543687274, 96.18139708071758776 ) ) ;
#8442 = CARTESIAN_POINT ( 'NONE',  ( -90.48762457757705135, 118.3877242073704394, 105.0884032063290050 ) ) ;
#8443 = CARTESIAN_POINT ( 'NONE',  ( -89.78852959371819509, 113.3119079817577983, 98.16745013556563038 ) ) ;
#8444 = PLANE ( 'NONE',  #1760 ) ;
#8445 = CARTESIAN_POINT ( 'NONE',  ( -71.28852960328462984, 114.8119079817578125, 132.7125299789917392 ) ) ;
#8446 = CARTESIAN_POINT ( 'NONE',  ( -78.78852960328464405, 120.3309159640421626, 126.0804998236556855 ) ) ;
#8447 = FACE_OUTER_BOUND ( 'NONE', #7727, .T. ) ;
#8448 = CARTESIAN_POINT ( 'NONE',  ( -84.91381676485431740, 125.9843673528784649, 126.9468665502273836 ) ) ;
#8449 = CARTESIAN_POINT ( 'NONE',  ( -74.78852960328464405, 62.27187482201208724, 112.6908280459202985 ) ) ;
#8450 = CARTESIAN_POINT ( 'NONE',  ( -78.78852960328464405, 83.02282474000649870, 161.6585930294566822 ) ) ;
#8451 = ORIENTED_EDGE ( 'NONE', *, *, #4907, .T. ) ;
#8452 = CARTESIAN_POINT ( 'NONE',  ( -70.78852960328462984, 150.4395642644483360, 146.9488634284346062 ) ) ;
#8453 = ORIENTED_EDGE ( 'NONE', *, *, #3137, .T. ) ;
#8454 = CARTESIAN_POINT ( 'NONE',  ( -72.86117706225894608, 74.23391386651537971, 152.2688336965107965 ) ) ;
#8455 = DIRECTION ( 'NONE',  ( 1.000000000000000000, 0.000000000000000000, -0.000000000000000000 ) ) ;
#8456 = CARTESIAN_POINT ( 'NONE',  ( -85.80669017282529865, 143.4314332857670991, 121.3680175413509659 ) ) ;
#8457 = ORIENTED_EDGE ( 'NONE', *, *, #6475, .T. ) ;
#8458 = CARTESIAN_POINT ( 'NONE',  ( -85.10431598823468846, 124.8260322665134368, 100.9059478243378010 ) ) ;
#8459 = ADVANCED_FACE ( 'NONE', ( #7395 ), #5163, .F. ) ;
#8460 = ADVANCED_FACE ( 'NONE', ( #9038 ), #5261, .F. ) ;
#8461 = CARTESIAN_POINT ( 'NONE',  ( -84.42018351330372639, 136.8512790050953924, 97.81178493345679215 ) ) ;
#8462 = CARTESIAN_POINT ( 'NONE',  ( -79.99285580253430794, 127.0999714414794113, 163.9012391044448123 ) ) ;
#8463 = CARTESIAN_POINT ( 'NONE',  ( -79.33447713510635424, 131.6346385670068742, 165.4301883210360415 ) ) ;
#8464 = B_SPLINE_CURVE_WITH_KNOTS ( 'NONE', 3,
 ( #361, #9461, #5667, #205, #7015, #8946, #8000, #7247, #3507, #5809, #2777, #9598, #3608, #5867 ),
 .UNSPECIFIED., .F., .F.,
 ( 4, 2, 2, 2, 2, 2, 4 ),
 ( 0.0006808221733895425051, 0.002653545433739251756, 0.003639907063914103996, 0.004626268694088956669, 0.005612630324263808042, 0.006598991954438661149, 0.008571715214788434151 ),
 .UNSPECIFIED. ) ;
#8465 = CARTESIAN_POINT ( 'NONE',  ( -68.78980976813971893, 69.28151800166970986, 149.7325884709717059 ) ) ;
#8466 = VERTEX_POINT ( 'NONE', #7554 ) ;
#8467 = CARTESIAN_POINT ( 'NONE',  ( -86.69593003848908097, 111.3119079817578267, 135.5054217592787609 ) ) ;
#8468 = CARTESIAN_POINT ( 'NONE',  ( -84.78852960328464405, 110.9293568147877664, 102.8454217592787501 ) ) ;
#8469 = CARTESIAN_POINT ( 'NONE',  ( -90.15561437758144336, 62.40633694887403493, 101.0608554833171695 ) ) ;
#8470 = ADVANCED_FACE ( 'NONE', ( #698 ), #8300, .F. ) ;
#8471 = CARTESIAN_POINT ( 'NONE',  ( -72.28852960328462984, 114.3119079817578125, 115.5054217592787325 ) ) ;
#8472 = LINE ( 'NONE', #7686, #1547 ) ;
#8473 = CARTESIAN_POINT ( 'NONE',  ( -85.25729002000169032, 141.9483376302582656, 101.7288693506625634 ) ) ;
#8474 = CARTESIAN_POINT ( 'NONE',  ( -90.51311835539121375, 147.7740994819186255, 121.5583818591011322 ) ) ;
#8475 = EDGE_LOOP ( 'NONE', ( #2774, #6933 ) ) ;
#8476 = EDGE_LOOP ( 'NONE', ( #8591, #5299, #145, #3721 ) ) ;
#8477 = CARTESIAN_POINT ( 'NONE',  ( -89.36228388398669154, 124.4105341862476024, 131.8234711253797684 ) ) ;
#8478 = CARTESIAN_POINT ( 'NONE',  ( -81.90403407848324946, 77.14566482382372214, 159.2232983675099831 ) ) ;
#8479 = CARTESIAN_POINT ( 'NONE',  ( -78.78852960328464405, 152.1879232852531629, 134.2125265045658296 ) ) ;
#8480 = CARTESIAN_POINT ( 'NONE',  ( -78.78852960328464405, 113.3119079817578125, 112.0057617013668363 ) ) ;
#8481 = CARTESIAN_POINT ( 'NONE',  ( -81.14454067523219294, 151.6586802554030839, 155.9887145288563204 ) ) ;
#8482 = CARTESIAN_POINT ( 'NONE',  ( -78.44873570927479989, 112.0863184596142190, 62.58802869862553564 ) ) ;
#8483 = CARTESIAN_POINT ( 'NONE',  ( -70.78852960328462984, 87.24833455364762358, 162.7379999083178745 ) ) ;
#8484 = CARTESIAN_POINT ( 'NONE',  ( -74.78852960328464405, 65.51404332807875619, 133.6518866629980948 ) ) ;
#8485 = ORIENTED_EDGE ( 'NONE', *, *, #2615, .F. ) ;
#8486 = CARTESIAN_POINT ( 'NONE',  ( -71.26267188923331730, 114.3637790629569650, 96.14453114988337745 ) ) ;
#8487 = CARTESIAN_POINT ( 'NONE',  ( -79.63422501473141324, 76.94287890005976749, 161.3437884781669140 ) ) ;
#8488 = CIRCLE ( 'NONE', #8172, 223.0000000000000853 ) ;
#8489 = CARTESIAN_POINT ( 'NONE',  ( -85.35420778459969426, 123.8630099596357041, 102.2832012849794125 ) ) ;
#8490 = CARTESIAN_POINT ( 'NONE',  ( -90.61001005408840570, 118.2679121758610847, 107.0249134542453362 ) ) ;
#8491 = CARTESIAN_POINT ( 'NONE',  ( -72.28852960328462984, 113.6679082986572524, 134.1241769764137359 ) ) ;
#8492 = CARTESIAN_POINT ( 'NONE',  ( -84.61505822562214973, 127.9842434842407499, 128.2886059582012592 ) ) ;
#8493 = VECTOR ( 'NONE', #185, 1000.000000000000000 ) ;
#8494 = DIRECTION ( 'NONE',  ( 0.000000000000000000, 0.000000000000000000, -1.000000000000000000 ) ) ;
#8495 = ORIENTED_EDGE ( 'NONE', *, *, #1380, .T. ) ;
#8496 = CARTESIAN_POINT ( 'NONE',  ( -70.78852960328462984, 149.4224006056927863, 152.2039154387895792 ) ) ;
#8497 = ORIENTED_EDGE ( 'NONE', *, *, #2615, .T. ) ;
#8498 = CARTESIAN_POINT ( 'NONE',  ( -79.38981479181568091, 150.2122850189911958, 161.1802562237629104 ) ) ;
#8499 = DIRECTION ( 'NONE',  ( 0.9853337055112902920, 0.000000000000000000, -0.1706384739248162918 ) ) ;
#8500 = CARTESIAN_POINT ( 'NONE',  ( -84.34824275842645136, 132.5309159640421228, 129.3804998236556685 ) ) ;
#8501 = VERTEX_POINT ( 'NONE', #9701 ) ;
#8502 = EDGE_CURVE ( 'NONE', #3022, #702, #5837, .T. ) ;
#8503 = AXIS2_PLACEMENT_3D ( 'NONE', #6817, #812, #5238 ) ;
#8504 = CARTESIAN_POINT ( 'NONE',  ( -85.91614114970103344, 143.6145532434299525, 106.6211351385315851 ) ) ;
#8505 = CARTESIAN_POINT ( 'NONE',  ( -74.78852960328464405, 141.9419079817567138, 157.0057407317053162 ) ) ;
#8506 = CARTESIAN_POINT ( 'NONE',  ( -78.78852960328467248, 63.64979574743651369, 127.6412733005462599 ) ) ;
#8507 = TOROIDAL_SURFACE ( 'NONE', #4252, 1.000000000000000000, 1.000000000000000000 ) ;
#8508 = CARTESIAN_POINT ( 'NONE',  ( -89.39465410331109751, 107.1167159247207792, 113.4072888771914620 ) ) ;
#8509 = CARTESIAN_POINT ( 'NONE',  ( -74.78852960328464405, 49.26843823726104432, 113.5058759053164863 ) ) ;
#8510 = ORIENTED_EDGE ( 'NONE', *, *, #92, .T. ) ;
#8511 = CARTESIAN_POINT ( 'NONE',  ( -69.74836691017675605, 63.68723676451637772, 126.8417183531610988 ) ) ;
#8512 = CARTESIAN_POINT ( 'NONE',  ( -72.28852960328462984, 153.0222041377678863, 101.4489714693790319 ) ) ;
#8513 = CARTESIAN_POINT ( 'NONE',  ( -72.28852960328462984, 113.4606747952381625, 133.9427092085482229 ) ) ;
#8514 = FACE_OUTER_BOUND ( 'NONE', #9186, .T. ) ;
#8515 = CARTESIAN_POINT ( 'NONE',  ( -72.28852960328462984, 114.8119079817578125, 133.0057022706699570 ) ) ;
#8516 = CARTESIAN_POINT ( 'NONE',  ( -84.28536839170108408, 132.5309159640421512, 97.28049982365567416 ) ) ;
#8517 = CIRCLE ( 'NONE', #8036, 4.999999999999990230 ) ;
#8518 = VERTEX_POINT ( 'NONE', #1483 ) ;
#8519 = ORIENTED_EDGE ( 'NONE', *, *, #2063, .F. ) ;
#8520 = CARTESIAN_POINT ( 'NONE',  ( -74.78852960328464405, 72.89156955085712752, 151.3124884209214258 ) ) ;
#8521 = ORIENTED_EDGE ( 'NONE', *, *, #7736, .F. ) ;
#8522 = ORIENTED_EDGE ( 'NONE', *, *, #5716, .F. ) ;
#8523 = EDGE_CURVE ( 'NONE', #3758, #5110, #836, .T. ) ;
#8524 = CIRCLE ( 'NONE', #2703, 2.000000000000001776 ) ;
#8525 = CARTESIAN_POINT ( 'NONE',  ( -81.43922980474458484, 77.97515869671103417, 160.4039897570300184 ) ) ;
#8526 = CARTESIAN_POINT ( 'NONE',  ( -90.18015290342185608, 113.7403014097706375, 113.0571967816825207 ) ) ;
#8527 = CARTESIAN_POINT ( 'NONE',  ( -69.74836691017675605, 70.97961747709840097, 80.40308007633707632 ) ) ;
#8528 = CARTESIAN_POINT ( 'NONE',  ( -84.75603110759884373, 106.6748368498501662, 102.9635042127839171 ) ) ;
#8529 = CIRCLE ( 'NONE', #3469, 4.999999999999990230 ) ;
#8530 = CARTESIAN_POINT ( 'NONE',  ( -79.20224861191411492, 78.44605296951468176, 162.3013702965862421 ) ) ;
#8531 = DIRECTION ( 'NONE',  ( 0.000000000000000000, 0.000000000000000000, -1.000000000000000000 ) ) ;
#8532 = CARTESIAN_POINT ( 'NONE',  ( -88.77123190257186991, 107.3119079817578267, 115.5054217592787325 ) ) ;
#8533 = DIRECTION ( 'NONE',  ( 0.000000000000000000, 0.000000000000000000, 1.000000000000000000 ) ) ;
#8534 = VERTEX_POINT ( 'NONE', #3847 ) ;
#8535 = CARTESIAN_POINT ( 'NONE',  ( -70.78852960328462984, 115.2041692383598388, 97.40307105473164029 ) ) ;
#8536 = CARTESIAN_POINT ( 'NONE',  ( -89.51613132605588419, 122.7628545767926767, 96.20071469196248870 ) ) ;
#8537 = ADVANCED_FACE ( 'NONE', ( #737 ), #9743, .T. ) ;
#8538 = VECTOR ( 'NONE', #3296, 1000.000000000000114 ) ;
#8539 = AXIS2_PLACEMENT_3D ( 'NONE', #96, #2397, #6911 ) ;
#8540 = CARTESIAN_POINT ( 'NONE',  ( -87.03720698633944153, 107.3119079817578267, 133.5347543482563140 ) ) ;
#8541 = ADVANCED_FACE ( 'NONE', ( #5310 ), #5960, .F. ) ;
#8542 = VERTEX_POINT ( 'NONE', #9137 ) ;
#8543 = FACE_OUTER_BOUND ( 'NONE', #6927, .T. ) ;
#8544 = AXIS2_PLACEMENT_3D ( 'NONE', #6102, #7456, #32 ) ;
#8545 = CARTESIAN_POINT ( 'NONE',  ( -80.59268899251898688, 147.2487444268844001, 162.4811891920245159 ) ) ;
#8546 = CARTESIAN_POINT ( 'NONE',  ( -70.78852960328462984, 69.37211967919610345, 77.11476065484859532 ) ) ;
#8547 = AXIS2_PLACEMENT_3D ( 'NONE', #6611, #2142, #2938 ) ;
#8548 = CARTESIAN_POINT ( 'NONE',  ( -74.78852960328464405, 70.10455760800985558, 145.0472966380754087 ) ) ;
#8549 = B_SPLINE_CURVE_WITH_KNOTS ( 'NONE', 3,
 ( #5225, #7568, #9003, #2238, #8264, #1496, #746, #6022, #9045, #3811, #6803, #601, #43, #146, #2455, #4653, #5376, #3406, #7721, #8420, #1647, #6164, #3178, #4150, #6855, #8637, #4925, #6393, #7620, #7669, #2627, #2395, #396, #5608, #95, #9147, #848, #2678, #9496, #5650, #9212, #893, #3121, #8682, #1924, #3916, #7948, #6114, #5423, #8458, #7151, #6910, #1871, #1178, #9442, #3858, #1695, #4883, #4697, #4193, #7191, #3967, #935, #7904, #6969, #435, #1123, #3442, #6435, #204, #5322, #3234, #8359, #6215, #1592, #4608, #9257, #4437, #5149, #2914, #8185, #8134, #7987, #626 ),
 .UNSPECIFIED., .F., .F.,
 ( 4, 2, 1, 1, 2, 2, 2, 2, 1, 1, 2, 2, 2, 2, 1, 1, 1, 2, 2, 2, 2, 1, 1, 1, 1, 2, 2, 2, 2, 1, 1, 2, 2, 1, 1, 1, 1, 2, 2, 2, 2, 1, 1, 1, 2, 2, 2, 2, 1, 1, 2, 2, 4 ),
 ( 0.000000000000000000, 0.06250000000016152357, 0.09375000000024490132, 0.1093750000002890188, 0.1171875000003110845, 0.1250000000003331502, 0.1875000000005202505, 0.2187500000006137868, 0.2343750000006578071, 0.2421875000006793732, 0.2460937500006900036, 0.2500000000007006618, 0.3125000000009089951, 0.3437500000010154655, 0.3593750000010701995, 0.3671875000010996759, 0.3710937500011138868, 0.3730468750011191048, 0.3750000000011243229, 0.4375000000013272716, 0.4687500000014273582, 0.4843750000014792612, 0.4921875000015076829, 0.4960937500015237811, 0.4980468750015308310, 0.4990234375015329404, 0.5000000000015349944, 0.5312500000014900303, 0.5468750000014656054, 0.5546875000014526158, 0.5585937500014477308, 0.5605468750014435120, 0.5625000000014394042, 0.5937500000013388179, 0.6093750000012876367, 0.6171875000012619905, 0.6210937500012492229, 0.6230468750012443380, 0.6250000000012395640, 0.6875000000010913492, 0.7187500000010166312, 0.7343750000009774404, 0.7421875000009572343, 0.7460937500009469092, 0.7480468750009401369, 0.7500000000009333645, 0.8125000000007296386, 0.8437500000006267209, 0.8593750000005749845, 0.8671875000005476730, 0.8710937500005327960, 0.8750000000005179190, 1.000000000000000000 ),
 .UNSPECIFIED. ) ;
#8550 = VERTEX_POINT ( 'NONE', #2974 ) ;
#8551 = CARTESIAN_POINT ( 'NONE',  ( -77.73246983451436165, 141.5581117126986328, 60.92190020000548145 ) ) ;
#8552 = ORIENTED_EDGE ( 'NONE', *, *, #8680, .F. ) ;
#8553 = CARTESIAN_POINT ( 'NONE',  ( -79.56470123991719845, 141.3010787624399995, 164.8908702662483847 ) ) ;
#8554 = CARTESIAN_POINT ( 'NONE',  ( -89.97384350759072902, 104.9252532730494920, 114.7116537491454693 ) ) ;
#8555 =( GEOMETRIC_REPRESENTATION_CONTEXT ( 3 ) GLOBAL_UNCERTAINTY_ASSIGNED_CONTEXT ( ( #7572 ) ) GLOBAL_UNIT_ASSIGNED_CONTEXT ( ( #4499, #3743, #9034 ) ) REPRESENTATION_CONTEXT ( 'NONE', 'WORKASPACE' ) );
#8556 = ORIENTED_EDGE ( 'NONE', *, *, #187, .T. ) ;
#8557 = AXIS2_PLACEMENT_3D ( 'NONE', #8467, #1701, #6976 ) ;
#8558 = CARTESIAN_POINT ( 'NONE',  ( -90.58296042397795134, 147.8939072171307600, 106.5339418510235845 ) ) ;
#8559 = CARTESIAN_POINT ( 'NONE',  ( -70.78852960328462984, 141.5584347898245881, 156.0890373847969101 ) ) ;
#8560 = CARTESIAN_POINT ( 'NONE',  ( -79.03088509974263332, 141.5956227957093745, 60.89855779057093343 ) ) ;
#8561 = CYLINDRICAL_SURFACE ( 'NONE', #4293, 4.999999999999990230 ) ;
#8562 = CARTESIAN_POINT ( 'NONE',  ( -78.16719513713609047, 97.20908031448949771, 165.0794685023070372 ) ) ;
#8563 = CARTESIAN_POINT ( 'NONE',  ( -89.74045199574027265, 105.0671545370834821, 114.9993958595759551 ) ) ;
#8564 = ORIENTED_EDGE ( 'NONE', *, *, #9117, .F. ) ;
#8565 = CARTESIAN_POINT ( 'NONE',  ( -70.78852960328462984, 152.4621127927742634, 95.50574073169437384 ) ) ;
#8566 = CARTESIAN_POINT ( 'NONE',  ( -71.58332005607748272, 114.1556860319289370, 133.8760815161739686 ) ) ;
#8567 = CARTESIAN_POINT ( 'NONE',  ( -89.98383809377497755, 113.3119079817578552, 127.8744310440770846 ) ) ;
#8568 = CARTESIAN_POINT ( 'NONE',  ( -82.68541625643567272, 150.6163509874376700, 70.53947084182797767 ) ) ;
#8569 = CARTESIAN_POINT ( 'NONE',  ( -70.78852960328462984, 76.95974397416121349, 65.65599012386208244 ) ) ;
#8570 = DIRECTION ( 'NONE',  ( 0.000000000000000000, 0.000000000000000000, -1.000000000000000000 ) ) ;
#8571 = VERTEX_POINT ( 'NONE', #8994 ) ;
#8572 = CARTESIAN_POINT ( 'NONE',  ( -84.33887645533616251, 135.6627938829751656, 97.48902071497553834 ) ) ;
#8573 = ADVANCED_FACE ( 'NONE', ( #3751 ), #9799, .F. ) ;
#8574 = ORIENTED_EDGE ( 'NONE', *, *, #6368, .F. ) ;
#8575 = ORIENTED_EDGE ( 'NONE', *, *, #655, .F. ) ;
#8576 = CARTESIAN_POINT ( 'NONE',  ( -78.78852960328464405, 87.24833455364762358, 162.7379999083178745 ) ) ;
#8577 = CARTESIAN_POINT ( 'NONE',  ( -85.41664055398278776, 123.7904200129678571, 124.2416141994810772 ) ) ;
#8578 = EDGE_CURVE ( 'NONE', #5884, #5338, #3187, .T. ) ;
#8579 = EDGE_CURVE ( 'NONE', #8501, #4407, #2383, .T. ) ;
#8580 = CARTESIAN_POINT ( 'NONE',  ( -88.99145867672876875, 136.8953778150008986, 134.0669135297903551 ) ) ;
#8581 = EDGE_CURVE ( 'NONE', #9382, #6633, #3804, .T. ) ;
#8582 = CYLINDRICAL_SURFACE ( 'NONE', #802, 5.000000000000004441 ) ;
#8583 = CARTESIAN_POINT ( 'NONE',  ( -84.79107591183220904, 139.0853323959360353, 75.94269129053668621 ) ) ;
#8584 = VERTEX_POINT ( 'NONE', #5514 ) ;
#8585 = CARTESIAN_POINT ( 'NONE',  ( -70.78852960328462984, 115.2569332580205952, 97.44223240480897630 ) ) ;
#8586 = CYLINDRICAL_SURFACE ( 'NONE', #4580, 2.000000000000001776 ) ;
#8587 = B_SPLINE_CURVE_WITH_KNOTS ( 'NONE', 3,
 ( #4186, #1212, #1305, #5597, #8821, #8077, #4874, #1961, #1114, #8630, #7184, #3433 ),
 .UNSPECIFIED., .F., .F.,
 ( 4, 2, 2, 2, 2, 4 ),
 ( 1.387778780781445676E-17, 0.001751903698364082242, 0.003503807396728150607, 0.004379759245910210159, 0.005255711095092270579, 0.007007614793456408767 ),
 .UNSPECIFIED. ) ;
#8588 = B_SPLINE_CURVE_WITH_KNOTS ( 'NONE', 3,
 ( #7685, #4069, #4127, #5729, #9477, #5035 ),
 .UNSPECIFIED., .F., .F.,
 ( 4, 2, 4 ),
 ( 0.001998930073127171744, 0.01006309732120155842, 0.01812726456927598456 ),
 .UNSPECIFIED. ) ;
#8589 = CARTESIAN_POINT ( 'NONE',  ( -76.78852960328464405, 78.63191675939015113, 158.8634014860263903 ) ) ;
#8590 = FACE_OUTER_BOUND ( 'NONE', #5793, .T. ) ;
#8591 = ORIENTED_EDGE ( 'NONE', *, *, #6115, .T. ) ;
#8592 = DIRECTION ( 'NONE',  ( 0.000000000000000000, -1.000000000000000000, 0.000000000000000000 ) ) ;
#8593 = CARTESIAN_POINT ( 'NONE',  ( -90.78852960328464405, 140.8723463296477121, 166.0654737538021948 ) ) ;
#8594 = EDGE_CURVE ( 'NONE', #8584, #7526, #656, .T. ) ;
#8595 = DIRECTION ( 'NONE',  ( 1.000000000000000000, -0.000000000000000000, -0.000000000000000000 ) ) ;
#8596 = CARTESIAN_POINT ( 'NONE',  ( -78.81420522230419579, 79.92956654248870052, 63.76541031823362715 ) ) ;
#8597 = CARTESIAN_POINT ( 'NONE',  ( -72.28852960328462984, 105.8119079817578410, 133.0054217592787609 ) ) ;
#8598 = CARTESIAN_POINT ( 'NONE',  ( -74.78852960328464405, 65.52640825447605266, 133.7856970724591008 ) ) ;
#8599 = CARTESIAN_POINT ( 'NONE',  ( -87.78852960328462984, 106.8293568147877721, 94.16542175927874325 ) ) ;
#8600 = ORIENTED_EDGE ( 'NONE', *, *, #7183, .F. ) ;
#8601 = CARTESIAN_POINT ( 'NONE',  ( -81.46342051364092640, 77.93213197234659617, 160.3432344585416160 ) ) ;
#8602 = CARTESIAN_POINT ( 'NONE',  ( -90.08075982316653096, 104.8399850588942996, 114.5393101512810574 ) ) ;
#8603 = CARTESIAN_POINT ( 'NONE',  ( -90.62951458541260763, 147.8939197522231837, 119.6217600156973475 ) ) ;
#8604 = PLANE ( 'NONE',  #4272 ) ;
#8605 = CARTESIAN_POINT ( 'NONE',  ( -74.78852960328464405, 86.94190798175786483, 108.5057407317052878 ) ) ;
#8606 = ORIENTED_EDGE ( 'NONE', *, *, #8894, .T. ) ;
#8607 = CARTESIAN_POINT ( 'NONE',  ( -79.08975435608864757, 80.04361197923506666, 165.9733861158051411 ) ) ;
#8608 = ORIENTED_EDGE ( 'NONE', *, *, #6365, .F. ) ;
#8609 = CARTESIAN_POINT ( 'NONE',  ( -85.30455212577854240, 142.1223125277472263, 101.9962642209851964 ) ) ;
#8610 = CARTESIAN_POINT ( 'NONE',  ( -71.23865612713700557, 113.9927131032077625, 96.63500567927158613 ) ) ;
#8611 = CARTESIAN_POINT ( 'NONE',  ( -79.10492523273923382, 143.2787835296408048, 61.06469070830081591 ) ) ;
#8612 = DIRECTION ( 'NONE',  ( 0.02938496451617024496, 0.9972123028108549336, -0.06858678431779219320 ) ) ;
#8613 = CARTESIAN_POINT ( 'NONE',  ( -78.16733976996266620, 97.07543392098769175, 63.92736138806440493 ) ) ;
#8614 = ORIENTED_EDGE ( 'NONE', *, *, #2343, .T. ) ;
#8615 = CARTESIAN_POINT ( 'NONE',  ( -72.13113473393518404, 71.27903253595759736, 76.45062519876184126 ) ) ;
#8616 = CARTESIAN_POINT ( 'NONE',  ( -71.47243259238619828, 114.0093437258287423, 133.7225341582988563 ) ) ;
#8617 = CARTESIAN_POINT ( 'NONE',  ( -79.78562318095634964, 76.89502643889407807, 65.70727115601354740 ) ) ;
#8618 = EDGE_CURVE ( 'NONE', #2798, #7163, #5911, .T. ) ;
#8619 = FACE_OUTER_BOUND ( 'NONE', #7660, .T. ) ;
#8620 = DIRECTION ( 'NONE',  ( 0.000000000000000000, 0.7071014164207413133, -0.7071121459116519459 ) ) ;
#8621 = VERTEX_POINT ( 'NONE', #3958 ) ;
#8622 = CARTESIAN_POINT ( 'NONE',  ( -90.77775146970368780, 115.1148039172255579, 111.8650384567997520 ) ) ;
#8623 = EDGE_CURVE ( 'NONE', #7290, #8245, #5432, .T. ) ;
#8624 = ORIENTED_EDGE ( 'NONE', *, *, #5277, .T. ) ;
#8625 = ORIENTED_EDGE ( 'NONE', *, *, #6560, .F. ) ;
#8626 = CARTESIAN_POINT ( 'NONE',  ( -90.58805716732454982, 113.5393987652243908, 112.3742547455212275 ) ) ;
#8627 = DIRECTION ( 'NONE',  ( -1.000000000000000000, -0.000000000000000000, -0.000000000000000000 ) ) ;
#8628 = CARTESIAN_POINT ( 'NONE',  ( -84.28572159766477512, 67.66835585670297348, 80.30293632418275251 ) ) ;
#8629 = CARTESIAN_POINT ( 'NONE',  ( -89.30121653892504696, 141.1839570364249710, 132.2114382148843390 ) ) ;
#8630 = CARTESIAN_POINT ( 'NONE',  ( -80.96381038802061880, 148.0524092005976513, 65.42717464773419067 ) ) ;
#8631 = CARTESIAN_POINT ( 'NONE',  ( -80.78852960328464405, 141.9419079817567138, 75.00574073170528777 ) ) ;
#8632 = ORIENTED_EDGE ( 'NONE', *, *, #5387, .F. ) ;
#8633 = CARTESIAN_POINT ( 'NONE',  ( -70.82952961540078718, 114.8587833449100231, 97.09945318726275332 ) ) ;
#8634 = EDGE_CURVE ( 'NONE', #3282, #8390, #240, .T. ) ;
#8635 = FACE_OUTER_BOUND ( 'NONE', #5681, .T. ) ;
#8636 = CARTESIAN_POINT ( 'NONE',  ( -84.05348824029057653, 144.6496056683720894, 73.69991355633234775 ) ) ;
#8637 = CARTESIAN_POINT ( 'NONE',  ( -84.67873930315232656, 127.0858766664272395, 98.89272143660836889 ) ) ;
#8638 = VERTEX_POINT ( 'NONE', #1028 ) ;
#8639 = DIRECTION ( 'NONE',  ( 0.000000000000000000, 0.000000000000000000, -1.000000000000000000 ) ) ;
#8640 = FACE_OUTER_BOUND ( 'NONE', #7152, .T. ) ;
#8641 = CARTESIAN_POINT ( 'NONE',  ( -88.90079750774678757, 76.17700562666577468, 66.42289414498495148 ) ) ;
#8642 = CARTESIAN_POINT ( 'NONE',  ( -81.75572483893976994, 151.0241146554693046, 67.40132693978650025 ) ) ;
#8643 = CARTESIAN_POINT ( 'NONE',  ( -89.02230884909121755, 128.6113701892772667, 133.8896983616779153 ) ) ;
#8644 = VERTEX_POINT ( 'NONE', #2439 ) ;
#8645 = CARTESIAN_POINT ( 'NONE',  ( -72.28852960328462984, 113.9287952785863780, 95.50574073170528777 ) ) ;
#8646 = PLANE ( 'NONE',  #6770 ) ;
#8647 = CARTESIAN_POINT ( 'NONE',  ( -70.78852960328462984, 115.2569332580205810, 132.2760348314621694 ) ) ;
#8648 = VECTOR ( 'NONE', #8769, 1000.000000000000000 ) ;
#8649 = CARTESIAN_POINT ( 'NONE',  ( -80.25689520337209615, 82.48544387388945154, 63.72980031328553707 ) ) ;
#8650 = CARTESIAN_POINT ( 'NONE',  ( -72.41334990318254938, 72.44118918134925877, 149.3526480062395478 ) ) ;
#8651 = EDGE_CURVE ( 'NONE', #6658, #1020, #2537, .T. ) ;
#8652 = CARTESIAN_POINT ( 'NONE',  ( -70.78852960328462984, 76.17736283913947659, 160.5885394793328942 ) ) ;
#8653 = ORIENTED_EDGE ( 'NONE', *, *, #7159, .T. ) ;
#8654 = AXIS2_PLACEMENT_3D ( 'NONE', #4489, #1617, #5341 ) ;
#8655 = CARTESIAN_POINT ( 'NONE',  ( -85.85319937078273256, 143.5498098606247481, 105.9677456509200653 ) ) ;
#8656 = CARTESIAN_POINT ( 'NONE',  ( -71.93111379799255189, 114.1027134512431616, 134.0837556363226497 ) ) ;
#8657 = CARTESIAN_POINT ( 'NONE',  ( -71.76309319487846494, 69.85625496778403942, 149.9411744660681336 ) ) ;
#8658 = EDGE_LOOP ( 'NONE', ( #2982, #3185, #752, #9210 ) ) ;
#8659 = CARTESIAN_POINT ( 'NONE',  ( -71.76834404625897434, 113.5330396423742201, 133.4618621955301023 ) ) ;
#8660 = CARTESIAN_POINT ( 'NONE',  ( -78.78852960328464405, 120.3309159640421484, 100.5804998236556855 ) ) ;
#8661 = VECTOR ( 'NONE', #5185, 1000.000000000000000 ) ;
#8662 = CIRCLE ( 'NONE', #7881, 223.0000000000000568 ) ;
#8663 = CARTESIAN_POINT ( 'NONE',  ( -79.77552940943250803, 76.32243543475648551, 160.7786888148077367 ) ) ;
#8664 = VERTEX_POINT ( 'NONE', #5612 ) ;
#8665 = CARTESIAN_POINT ( 'NONE',  ( -89.40895993892769411, 105.3119079817578267, 131.9709039344608925 ) ) ;
#8666 = ORIENTED_EDGE ( 'NONE', *, *, #2945, .T. ) ;
#8667 = ORIENTED_EDGE ( 'NONE', *, *, #7230, .F. ) ;
#8668 = CARTESIAN_POINT ( 'NONE',  ( -84.74376140024131132, 139.1387373499134412, 127.7270398726925436 ) ) ;
#8669 = CARTESIAN_POINT ( 'NONE',  ( -70.78852960328462984, 87.44823992607120999, 165.7313321388055272 ) ) ;
#8670 = CARTESIAN_POINT ( 'NONE',  ( -90.78852960328464405, 86.78156815438114791, 71.25779513156508926 ) ) ;
#8671 = CARTESIAN_POINT ( 'NONE',  ( -85.27762708859029317, 141.8605329422071577, 125.0638089027611670 ) ) ;
#8672 = CARTESIAN_POINT ( 'NONE',  ( -84.79139598908942332, 139.0859313796308072, 151.0672363176192334 ) ) ;
#8673 = VECTOR ( 'NONE', #3283, 1000.000000000000000 ) ;
#8674 = CARTESIAN_POINT ( 'NONE',  ( -87.39766714883840848, 133.6309159640421456, 132.7656925736716858 ) ) ;
#8675 = ORIENTED_EDGE ( 'NONE', *, *, #2357, .T. ) ;
#8676 = CARTESIAN_POINT ( 'NONE',  ( -70.80604417515601767, 114.9877626580311869, 97.25708572637543625 ) ) ;
#8677 = DIRECTION ( 'NONE',  ( -0.000000000000000000, 1.000000000000000000, -0.000000000000000000 ) ) ;
#8678 = CARTESIAN_POINT ( 'NONE',  ( -70.83217866267921181, 114.9619583688456714, 132.7051994636306915 ) ) ;
#8679 = CARTESIAN_POINT ( 'NONE',  ( -83.46764645988690745, 142.1431242316606642, 155.0057407317031561 ) ) ;
#8680 = EDGE_CURVE ( 'NONE', #908, #3986, #1601, .T. ) ;
#8681 = AXIS2_PLACEMENT_3D ( 'NONE', #7842, #275, #7895 ) ;
#8682 = CARTESIAN_POINT ( 'NONE',  ( -85.00758810889850281, 125.2573768075844214, 100.4159298132086207 ) ) ;
#8683 = EDGE_LOOP ( 'NONE', ( #5658, #5223, #9360, #1363 ) ) ;
#8684 = DIRECTION ( 'NONE',  ( 0.000000000000000000, 0.8435764274680950248, 0.5370091349503895994 ) ) ;
#8685 = CARTESIAN_POINT ( 'NONE',  ( -88.00464331680807106, 105.1816230834019450, 133.8504725593199964 ) ) ;
#8686 = B_SPLINE_CURVE_WITH_KNOTS ( 'NONE', 3,
 ( #420, #2607, #375, #5589, #5683, #4216, #468, #4944, #7971, #4864, #5730, #2786, #5774, #3466, #6469, #8754 ),
 .UNSPECIFIED., .F., .F.,
 ( 4, 2, 2, 2, 2, 2, 2, 4 ),
 ( 0.000000000000000000, 0.0003313042017800104364, 0.0006626084035600208729, 0.001325216807120060394, 0.001987825210680099590, 0.002650433614240139003, 0.003975650421360291988, 0.005300867228480446273 ),
 .UNSPECIFIED. ) ;
#8687 = CARTESIAN_POINT ( 'NONE',  ( -83.38852960328463837, 145.8309159640421342, 126.0804998236556855 ) ) ;
#8688 = CARTESIAN_POINT ( 'NONE',  ( -81.53631966065979952, 148.8888574175335577, 66.85049328557047943 ) ) ;
#8689 = CARTESIAN_POINT ( 'NONE',  ( -89.78852959371819509, 113.3119079817577983, 98.16745013556563038 ) ) ;
#8690 = ORIENTED_EDGE ( 'NONE', *, *, #6996, .T. ) ;
#8691 = CARTESIAN_POINT ( 'NONE',  ( -90.61001005408840570, 147.8939197522231837, 107.0249134542453362 ) ) ;
#8692 = AXIS2_PLACEMENT_3D ( 'NONE', #1224, #9499, #348 ) ;
#8693 = CARTESIAN_POINT ( 'NONE',  ( -90.37710965387100259, 118.6322948812839257, 103.6559362031585323 ) ) ;
#8694 = VECTOR ( 'NONE', #5245, 1000.000000000000000 ) ;
#8695 = CARTESIAN_POINT ( 'NONE',  ( -79.58563565618365487, 142.4639259639050692, 164.8429412237784675 ) ) ;
#8696 = ORIENTED_EDGE ( 'NONE', *, *, #8809, .T. ) ;
#8697 = CARTESIAN_POINT ( 'NONE',  ( -79.10030793863191434, 81.89805799237770145, 61.06759084867077547 ) ) ;
#8698 = AXIS2_PLACEMENT_3D ( 'NONE', #502, #5119, #6553 ) ;
#8699 = CIRCLE ( 'NONE', #9176, 7.000000000000006217 ) ;
#8700 = ADVANCED_FACE ( 'NONE', ( #8447 ), #5567, .F. ) ;
#8701 = DIRECTION ( 'NONE',  ( -1.000000000000000000, 0.000000000000000000, 0.000000000000000000 ) ) ;
#8702 = EDGE_CURVE ( 'NONE', #8833, #867, #407, .T. ) ;
#8703 = CARTESIAN_POINT ( 'NONE',  ( -71.51678389056883134, 114.2688949626104460, 133.8235258098363545 ) ) ;
#8704 = CARTESIAN_POINT ( 'NONE',  ( -83.77138753477025546, 112.6239594740691530, 104.3964893541148768 ) ) ;
#8705 = CARTESIAN_POINT ( 'NONE',  ( -80.26104089320048729, 146.3861050114309705, 63.73861922031377958 ) ) ;
#8706 = ORIENTED_EDGE ( 'NONE', *, *, #2687, .F. ) ;
#8707 = CARTESIAN_POINT ( 'NONE',  ( -76.78852960328464405, 141.5584347898245881, 156.0890373847969101 ) ) ;
#8708 = AXIS2_PLACEMENT_3D ( 'NONE', #5472, #4660, #897 ) ;
#8709 = CARTESIAN_POINT ( 'NONE',  ( -72.07810857547299577, 114.0611537304508118, 134.1487664869809748 ) ) ;
#8710 =( BOUNDED_SURFACE ( )  B_SPLINE_SURFACE ( 3, 2, ( 
 ( #567, #4379, #7275 ),
 ( #761, #8560, #5284 ),
 ( #6, #7020, #2600 ),
 ( #6818, #8611, #3043 ),
 ( #1549, #1848, #7580 ),
 ( #6076, #3279, #6263 ),
 ( #4855, #1093, #4119 ),
 ( #5768, #8748, #7168 ),
 ( #5024, #5721, #1984 ),
 ( #8004, #8057, #9466 ),
 ( #9603, #5814, #2696 ),
 ( #8705, #4314, #1943 ),
 ( #4356, #7558, #1486 ),
 ( #9086, #7612, #5122 ) ),
 .UNSPECIFIED., .F., .F., .T. ) 
 B_SPLINE_SURFACE_WITH_KNOTS ( ( 4, 2, 2, 2, 2, 2, 4 ),
 ( 3, 3 ),
 ( 0.000000000000000000, 0.001722726055939929283, 0.002584089083909894141, 0.003445452111879858566, 0.004306815139849822990, 0.005168178167819788282, 0.006890904223759717132 ),
 ( 0.000000000000000000, 1.000000000000000000 ),
 .UNSPECIFIED. ) 
 GEOMETRIC_REPRESENTATION_ITEM ( )  RATIONAL_B_SPLINE_SURFACE ( (
 ( 1.000000000000000000, 0.8364334816827406760, 1.000000000000000000),
 ( 1.000000000000000000, 0.8371056623304921063, 1.000000000000000000),
 ( 1.000000000000000000, 0.8367117130024475102, 1.000000000000000000),
 ( 1.000000000000000000, 0.8345717916276008674, 1.000000000000000000),
 ( 1.000000000000000000, 0.8335953368074562331, 1.000000000000000000),
 ( 1.000000000000000000, 0.8311266023325558638, 1.000000000000000000),
 ( 1.000000000000000000, 0.8296521388469823011, 1.000000000000000000),
 ( 1.000000000000000000, 0.8262497358390946678, 1.000000000000000000),
 ( 1.000000000000000000, 0.8243217001729719051, 1.000000000000000000),
 ( 1.000000000000000000, 0.8200227827622355026, 1.000000000000000000),
 ( 1.000000000000000000, 0.8176409656797750669, 1.000000000000000000),
 ( 1.000000000000000000, 0.8099040716331836753, 1.000000000000000000),
 ( 1.000000000000000000, 0.8040239295236559780, 1.000000000000000000),
 ( 1.000000000000000000, 0.7974822094110403103, 1.000000000000000000) ) ) 
 REPRESENTATION_ITEM ( '' )  SURFACE ( )  );
#8711 = FACE_OUTER_BOUND ( 'NONE', #4705, .T. ) ;
#8712 = DIRECTION ( 'NONE',  ( 0.000000000000000000, 0.000000000000000000, -1.000000000000000000 ) ) ;
#8713 = AXIS2_PLACEMENT_3D ( 'NONE', #2736, #6410, #4935 ) ;
#8714 = ORIENTED_EDGE ( 'NONE', *, *, #5056, .F. ) ;
#8715 = CARTESIAN_POINT ( 'NONE',  ( -72.28852960328462984, 113.3204415849168925, 96.20574073170529061 ) ) ;
#8716 = CARTESIAN_POINT ( 'NONE',  ( -90.40632106276261482, 147.5237305059814901, 122.9908024755173130 ) ) ;
#8717 = VERTEX_POINT ( 'NONE', #2633 ) ;
#8718 = ORIENTED_EDGE ( 'NONE', *, *, #1574, .F. ) ;
#8719 = CARTESIAN_POINT ( 'NONE',  ( -88.78852960328462984, 107.2151432524146628, 95.09252810363292951 ) ) ;
#8720 = CARTESIAN_POINT ( 'NONE',  ( -85.13423860068293436, 141.2620655443703299, 125.8452160591286884 ) ) ;
#8721 = CARTESIAN_POINT ( 'NONE',  ( -73.28852960328462984, 104.3119079817578410, 131.5054217592787609 ) ) ;
#8722 = EDGE_CURVE ( 'NONE', #7934, #3282, #5537, .T. ) ;
#8723 = CARTESIAN_POINT ( 'NONE',  ( -84.35933678840464722, 138.9613957377292195, 152.3967682393117400 ) ) ;
#8724 = FACE_OUTER_BOUND ( 'NONE', #9788, .T. ) ;
#8725 = ORIENTED_EDGE ( 'NONE', *, *, #3565, .F. ) ;
#8726 = CARTESIAN_POINT ( 'NONE',  ( -70.80666788941758227, 114.9830719999793729, 97.26736608864717937 ) ) ;
#8727 = CARTESIAN_POINT ( 'NONE',  ( -78.16440140915291579, 146.4092653788125062, 164.8409986477213067 ) ) ;
#8728 = CARTESIAN_POINT ( 'NONE',  ( -71.81917791677587104, 70.06460342604346181, 76.97947552139602578 ) ) ;
#8729 = CARTESIAN_POINT ( 'NONE',  ( -82.89583653565043164, 75.37471293083726209, 156.6083076193382340 ) ) ;
#8730 = CARTESIAN_POINT ( 'NONE',  ( -83.88433818992430702, 144.3479128688086064, 73.20322862489379645 ) ) ;
#8731 = DIRECTION ( 'NONE',  ( 0.000000000000000000, 0.000000000000000000, -1.000000000000000000 ) ) ;
#8732 = ORIENTED_EDGE ( 'NONE', *, *, #2365, .F. ) ;
#8733 = CARTESIAN_POINT ( 'NONE',  ( -4.786529603284628287, 74.23361122905129150, 74.74380810562847444 ) ) ;
#8734 = CARTESIAN_POINT ( 'NONE',  ( -70.78852960328462984, 115.2569332580205952, 132.2760348314621410 ) ) ;
#8735 = CARTESIAN_POINT ( 'NONE',  ( -87.87230384216556445, 105.2625559123215169, 133.7445001601729757 ) ) ;
#8736 = CARTESIAN_POINT ( 'NONE',  ( -70.78852960328462984, 76.17736283913947659, 160.5885394793328942 ) ) ;
#8737 = CARTESIAN_POINT ( 'NONE',  ( -70.78852960328462984, 115.2569332580205952, 97.44223240480899051 ) ) ;
#8738 = ORIENTED_EDGE ( 'NONE', *, *, #3688, .T. ) ;
#8739 = CARTESIAN_POINT ( 'NONE',  ( -90.16852054046889009, 113.3119079817577983, 101.0816038471591298 ) ) ;
#8740 = CARTESIAN_POINT ( 'NONE',  ( -70.78852960328462984, 115.2177719079432308, 132.3287988511228832 ) ) ;
#8741 = ORIENTED_EDGE ( 'NONE', *, *, #3693, .F. ) ;
#8742 = CARTESIAN_POINT ( 'NONE',  ( -89.71399336161822191, 144.3843794271888328, 129.4196140745855814 ) ) ;
#8743 = LINE ( 'NONE', #5764, #9629 ) ;
#8744 = CYLINDRICAL_SURFACE ( 'NONE', #8698, 10.00000000000000888 ) ;
#8745 = CARTESIAN_POINT ( 'NONE',  ( -90.49037148878869630, 147.8016597070646583, 105.0754208558026477 ) ) ;
#8746 = CARTESIAN_POINT ( 'NONE',  ( -71.35597548759977826, 114.3651249034266471, 133.6728029234686801 ) ) ;
#8747 = DIRECTION ( 'NONE',  ( 1.000000000000000000, -0.000000000000000000, -0.000000000000000000 ) ) ;
#8748 = CARTESIAN_POINT ( 'NONE',  ( -79.34752528374154679, 145.2326336811332794, 61.61268995338681975 ) ) ;
#8749 = CARTESIAN_POINT ( 'NONE',  ( -78.78852960328464405, 137.3251101029211441, 95.58049982365568553 ) ) ;
#8750 = ORIENTED_EDGE ( 'NONE', *, *, #8323, .F. ) ;
#8751 = CARTESIAN_POINT ( 'NONE',  ( -71.86656515516932586, 114.0341031772757674, 134.0543834454381340 ) ) ;
#8752 = EDGE_CURVE ( 'NONE', #1534, #3785, #4840, .T. ) ;
#8753 = CARTESIAN_POINT ( 'NONE',  ( -90.70412309124526473, 115.3119079817578267, 119.5895978723342239 ) ) ;
#8754 = CARTESIAN_POINT ( 'NONE',  ( -88.66070395815292216, 115.3119079817578267, 135.8791374862808539 ) ) ;
#8755 = CARTESIAN_POINT ( 'NONE',  ( -90.28500051724466857, 147.1396139450457383, 124.3917100348369331 ) ) ;
#8756 = ORIENTED_EDGE ( 'NONE', *, *, #9162, .F. ) ;
#8757 = ORIENTED_EDGE ( 'NONE', *, *, #8094, .T. ) ;
#8758 = CYLINDRICAL_SURFACE ( 'NONE', #6007, 6.999999999999784173 ) ;
#8759 = EDGE_CURVE ( 'NONE', #6536, #8808, #1832, .T. ) ;
#8760 = DIRECTION ( 'NONE',  ( -0.000000000000000000, 1.000000000000000000, 0.000000000000000000 ) ) ;
#8761 = B_SPLINE_CURVE_WITH_KNOTS ( 'NONE', 3,
 ( #9296, #5613, #1929, #9502, #4842 ),
 .UNSPECIFIED., .F., .F.,
 ( 4, 1, 4 ),
 ( 0.000000000000000000, 0.01501208961267878721, 0.03002417922535757441 ),
 .UNSPECIFIED. ) ;
#8762 = B_SPLINE_CURVE_WITH_KNOTS ( 'NONE', 3,
 ( #2784, #5030, #7668, #847 ),
 .UNSPECIFIED., .F., .F.,
 ( 4, 4 ),
 ( 0.000000000000000000, 0.01394858449094875733 ),
 .UNSPECIFIED. ) ;
#8763 = CARTESIAN_POINT ( 'NONE',  ( -90.36814550492455567, 147.4165767500475113, 123.4610290663013075 ) ) ;
#8764 = LINE ( 'NONE', #7274, #3295 ) ;
#8765 = CARTESIAN_POINT ( 'NONE',  ( -85.11011379752676476, 139.6540074552540887, 150.0553537332937992 ) ) ;
#8766 = CARTESIAN_POINT ( 'NONE',  ( -72.28852960328462984, 105.8119986335291003, 112.0054217613331389 ) ) ;
#8767 = PLANE ( 'NONE',  #473 ) ;
#8768 = EDGE_LOOP ( 'NONE', ( #3462, #9804, #6961, #1047 ) ) ;
#8769 = DIRECTION ( 'NONE',  ( 1.000000000000000000, -0.000000000000000000, -0.000000000000000000 ) ) ;
#8770 = ORIENTED_EDGE ( 'NONE', *, *, #3097, .F. ) ;
#8771 = CARTESIAN_POINT ( 'NONE',  ( -89.12487191206162152, 126.1993698881311587, 93.72073431837735313 ) ) ;
#8772 = DIRECTION ( 'NONE',  ( 0.000000000000000000, 0.5370091349503888223, -0.8435764274680955799 ) ) ;
#8773 = EDGE_CURVE ( 'NONE', #2130, #2561, #1074, .T. ) ;
#8774 = CARTESIAN_POINT ( 'NONE',  ( -88.98951351456419445, 129.2878860691972420, 134.0781680514585616 ) ) ;
#8775 = DIRECTION ( 'NONE',  ( 1.000000000000000000, 0.000000000000000000, 0.000000000000000000 ) ) ;
#8776 = ORIENTED_EDGE ( 'NONE', *, *, #3342, .F. ) ;
#8777 = CARTESIAN_POINT ( 'NONE',  ( -79.60530813659440241, 77.93213197234658196, 159.6033571752935529 ) ) ;
#8778 = CARTESIAN_POINT ( 'NONE',  ( -83.38852960328463837, 140.8309159640421910, 95.58049982365569974 ) ) ;
#8779 = CARTESIAN_POINT ( 'NONE',  ( -87.12359127646101342, 105.3765696540484669, 133.4923259670091227 ) ) ;
#8780 = CARTESIAN_POINT ( 'NONE',  ( -83.38852960328463837, 125.3309159640421626, 126.0804998236556855 ) ) ;
#8781 = CARTESIAN_POINT ( 'NONE',  ( -90.78810077443171167, 156.3100803136495927, 111.5888721969909056 ) ) ;
#8782 = LINE ( 'NONE', #4156, #6915 ) ;
#8783 = ORIENTED_EDGE ( 'NONE', *, *, #2546, .T. ) ;
#8784 = CARTESIAN_POINT ( 'NONE',  ( -71.85852104018850639, 113.4981254843662271, 96.13661093208321518 ) ) ;
#8785 = LINE ( 'NONE', #9696, #8393 ) ;
#8786 = CARTESIAN_POINT ( 'NONE',  ( -70.78852960328462984, 115.2069643379938952, 132.3190925596213390 ) ) ;
#8787 = EDGE_CURVE ( 'NONE', #6944, #3334, #3486, .T. ) ;
#8788 = DIRECTION ( 'NONE',  ( 0.000000000000000000, -0.000000000000000000, -1.000000000000000000 ) ) ;
#8789 = ORIENTED_EDGE ( 'NONE', *, *, #1948, .F. ) ;
#8790 = FACE_OUTER_BOUND ( 'NONE', #6570, .T. ) ;
#8791 = CARTESIAN_POINT ( 'NONE',  ( -85.87832666823234717, 122.6142473499954235, 120.6795357578471481 ) ) ;
#8792 = AXIS2_PLACEMENT_3D ( 'NONE', #148, #852, #5471 ) ;
#8793 = DIRECTION ( 'NONE',  ( -0.1706384739251849969, 0.000000000000000000, -0.9853337055112263432 ) ) ;
#8794 = CARTESIAN_POINT ( 'NONE',  ( -84.78852960328464405, 110.9293568147877664, 102.8454217592787501 ) ) ;
#8795 = ORIENTED_EDGE ( 'NONE', *, *, #2563, .F. ) ;
#8796 = ORIENTED_EDGE ( 'NONE', *, *, #3699, .T. ) ;
#8797 = LINE ( 'NONE', #7305, #2817 ) ;
#8798 = DIRECTION ( 'NONE',  ( 0.000000000000000000, 0.000000000000000000, -1.000000000000000000 ) ) ;
#8799 = CARTESIAN_POINT ( 'NONE',  ( -71.05497398411463905, 114.3219317396557244, 133.1443106152161420 ) ) ;
#8800 = ADVANCED_FACE ( 'NONE', ( #8640 ), #4350, .F. ) ;
#8801 = CARTESIAN_POINT ( 'NONE',  ( -85.96511894143779386, 122.5309247494782454, 119.7111944524128830 ) ) ;
#8802 = CARTESIAN_POINT ( 'NONE',  ( -81.46356230672499521, 77.93198983580187189, 66.66805847044906841 ) ) ;
#8803 = AXIS2_PLACEMENT_3D ( 'NONE', #3101, #9120, #3888 ) ;
#8804 = CARTESIAN_POINT ( 'NONE',  ( -79.61403301695511914, 139.6796856729423268, 62.23303820109367734 ) ) ;
#8805 = CARTESIAN_POINT ( 'NONE',  ( -90.70412309124505157, 103.3119079817578267, 119.5895978723366255 ) ) ;
#8806 =( GEOMETRIC_REPRESENTATION_CONTEXT ( 3 ) GLOBAL_UNCERTAINTY_ASSIGNED_CONTEXT ( ( #150 ) ) GLOBAL_UNIT_ASSIGNED_CONTEXT ( ( #6668, #1005, #3380 ) ) REPRESENTATION_CONTEXT ( 'NONE', 'WORKASPACE' ) );
#8807 = CARTESIAN_POINT ( 'NONE',  ( -72.28852960328462984, 112.8119080014294724, 135.0054217592787609 ) ) ;
#8808 = VERTEX_POINT ( 'NONE', #4196 ) ;
#8809 = EDGE_CURVE ( 'NONE', #1442, #7290, #9351, .T. ) ;
#8810 = EDGE_LOOP ( 'NONE', ( #6143, #4513, #1009, #678 ) ) ;
#8811 = CARTESIAN_POINT ( 'NONE',  ( -89.51594041750014696, 122.7641195518779824, 96.19939211045887362 ) ) ;
#8812 = DIRECTION ( 'NONE',  ( 1.000000000000000000, -0.000000000000000000, -0.000000000000000000 ) ) ;
#8813 = CARTESIAN_POINT ( 'NONE',  ( -85.33527993133371581, 143.3010482451469443, 77.68774664664050533 ) ) ;
#8814 = CARTESIAN_POINT ( 'NONE',  ( -80.62085105410072572, 147.3152121886423629, 64.59744460037487102 ) ) ;
#8815 = MECHANICAL_DESIGN_GEOMETRIC_PRESENTATION_REPRESENTATION (  '', ( #4871 ), #8806 ) ;
#8816 = CARTESIAN_POINT ( 'NONE',  ( -84.38456117260865597, 129.7642503041724069, 97.66944172773582977 ) ) ;
#8817 = DIRECTION ( 'NONE',  ( -0.000000000000000000, 8.673617379884020681E-16, -1.000000000000000000 ) ) ;
#8818 = CARTESIAN_POINT ( 'NONE',  ( -72.28852960328462984, 114.0204415849168953, 95.50574073170528777 ) ) ;
#8819 = CARTESIAN_POINT ( 'NONE',  ( -71.64615486787798204, 69.37240904013100362, 149.8967431327918689 ) ) ;
#8820 = EDGE_CURVE ( 'NONE', #4903, #3479, #6538, .T. ) ;
#8821 = CARTESIAN_POINT ( 'NONE',  ( -81.93045541521847497, 149.2944051443299429, 67.85284292373795267 ) ) ;
#8822 = ADVANCED_FACE ( 'NONE', ( #9588 ), #4682, .F. ) ;
#8823 = B_SPLINE_CURVE_WITH_KNOTS ( 'NONE', 3,
 ( #2952, #2202, #8227, #2796 ),
 .UNSPECIFIED., .F., .F.,
 ( 4, 4 ),
 ( 0.000000000000000000, 1.000000000000000000 ),
 .UNSPECIFIED. ) ;
#8824 = ORIENTED_EDGE ( 'NONE', *, *, #2577, .F. ) ;
#8825 = DIRECTION ( 'NONE',  ( 0.000000000000000000, -0.000000000000000000, -1.000000000000000000 ) ) ;
#8826 = ORIENTED_EDGE ( 'NONE', *, *, #7682, .F. ) ;
#8827 = CARTESIAN_POINT ( 'NONE',  ( -79.34851372577963957, 145.2386635383653015, 165.3960029303540296 ) ) ;
#8828 = CIRCLE ( 'NONE', #6120, 5.000000000000031974 ) ;
#8829 = CARTESIAN_POINT ( 'NONE',  ( -90.78852960328464405, 108.8793568147877693, 103.0725956219346386 ) ) ;
#8830 = B_SPLINE_CURVE_WITH_KNOTS ( 'NONE', 3,
 ( #7095, #5897, #5937, #7481, #6722, #3882, #9113, #5489, #14, #8432, #1668, #5443, #7739, #472, #1207, #1011, #6473, #2902, #7268, #40, #6057, #4107, #5371, #1644, #5420, #4249, #541, #9455, #1934, #4537, #5954, #1479, #8890, #3061, #7385, #6045, #7497, #9243, #4835, #975, #3159, #8398, #5502, #3438, #6390, #4235, #7228, #5148, #8133, #8183, #7482, #6723, #9777, #683, #6675, #6235, #4033, #6876, #3939, #4237, #7807, #5505, #4924, #9347, #5562, #7849, #3357, #5851, #5749, #625, #2212, #4488, #1266, #2474, #6184, #8478, #4723, #3732, #3883, #3144, #9779, #5032 ),
 .UNSPECIFIED., .F., .F.,
 ( 4, 2, 1, 1, 1, 2, 2, 1, 2, 2, 1, 1, 1, 1, 1, 2, 2, 1, 1, 1, 1, 1, 1, 2, 2, 1, 1, 2, 2, 1, 1, 1, 1, 1, 2, 2, 1, 1, 1, 1, 1, 1, 1, 1, 2, 2, 1, 1, 1, 1, 1, 2, 2, 1, 2, 2, 1, 1, 2, 4 ),
 ( 0.03320861832361725330, 0.04050186801601048103, 0.04414849286220704633, 0.04597180528530532551, 0.04642763339107976173, 0.04665554744396696596, 0.04688346149685417019, 0.04779511770840335488, 0.06238161709319081649, 0.06420492951628900546, 0.06602824193938720831, 0.06967486678558389157, 0.07696811647797727196, 0.09155461586276450459, 0.1207276146323389837, 0.1243742394785355559, 0.1280208643247321421, 0.1353141140171253975, 0.1499006134019120196, 0.2082466109410587296, 0.2374196097106321957, 0.2447128594030255622, 0.2483594842492223842, 0.2492711404607716452, 0.2501827966723209618, 0.2520061090954194283, 0.2665926084802080487, 0.4999765986368242543, 0.5145630980216127082, 0.5291495974064011065, 0.5583225961759780143, 0.6166685937151318297, 0.7333605887934396828, 0.7479470881782280811, 0.7497704006013264921, 0.7506820568128758087, 0.7515937130244250142, 0.7552403378706197268, 0.7625335875630082638, 0.7917065863325629671, 0.8500525838716727067, 0.8646390832564496698, 0.8719323329488379848, 0.8737556453719347305, 0.8746673015834832698, 0.8755789577950316982, 0.8792255826412247455, 0.9083985814107672363, 0.9229850807955384262, 0.9302783304879241877, 0.9339249553341169019, 0.9357482677572135366, 0.9375715801803099492, 0.9521580795650813611, 0.9530697357766297895, 0.9535255638824037261, 0.9539813919881777737, 0.9558047044112759627, 0.9594513292574724517, 0.9667445789498645414 ),
 .UNSPECIFIED. ) ;
#8831 = CARTESIAN_POINT ( 'NONE',  ( -72.28852960328462984, 105.3119079817578410, 131.5054217592787609 ) ) ;
#8832 = CARTESIAN_POINT ( 'NONE',  ( -84.91945136869335897, 125.6823856458041462, 99.98642684193791297 ) ) ;
#8833 = VERTEX_POINT ( 'NONE', #8882 ) ;
#8834 = VECTOR ( 'NONE', #3514, 1000.000000000000000 ) ;
#8835 = DIRECTION ( 'NONE',  ( 0.000000000000000000, -1.000000000000000000, 0.000000000000000000 ) ) ;
#8836 = CARTESIAN_POINT ( 'NONE',  ( -70.78852960328462984, 76.24230146906741368, 155.5369631941487114 ) ) ;
#8837 = CARTESIAN_POINT ( 'NONE',  ( -82.09494663564787231, 152.2367802962067742, 73.74168829235377132 ) ) ;
#8838 = CARTESIAN_POINT ( 'NONE',  ( -78.93838814639140367, 149.2232674121314915, 64.44492027568293224 ) ) ;
#8839 = EDGE_LOOP ( 'NONE', ( #6680, #8908, #2592, #4281 ) ) ;
#8840 = CARTESIAN_POINT ( 'NONE',  ( -71.59704210174933792, 113.6468329444854248, 96.41414864994470690 ) ) ;
#8841 = CARTESIAN_POINT ( 'NONE',  ( -88.78852960328462984, 111.1293568147877693, 94.50674166600603598 ) ) ;
#8842 = CARTESIAN_POINT ( 'NONE',  ( -70.79073215828417176, 115.1826567126674945, 132.3839555958633980 ) ) ;
#8843 = FACE_OUTER_BOUND ( 'NONE', #1182, .T. ) ;
#8844 = CIRCLE ( 'NONE', #3323, 1.000000000000000888 ) ;
#8845 = ORIENTED_EDGE ( 'NONE', *, *, #1454, .F. ) ;
#8846 = CARTESIAN_POINT ( 'NONE',  ( -70.78852960328462984, 146.5082198112068852, 161.0387472997413170 ) ) ;
#8847 = CARTESIAN_POINT ( 'NONE',  ( -90.61001005408840570, 147.8939197522231837, 107.0249134542453362 ) ) ;
#8848 = CARTESIAN_POINT ( 'NONE',  ( -85.98964452594337615, 122.5309159640421086, 119.3804998236556827 ) ) ;
#8849 = VECTOR ( 'NONE', #4795, 1000.000000000000000 ) ;
#8850 = CARTESIAN_POINT ( 'NONE',  ( -84.75598952798016228, 111.0840744775289863, 102.9636552912657379 ) ) ;
#8851 = ORIENTED_EDGE ( 'NONE', *, *, #6475, .F. ) ;
#8852 = VERTEX_POINT ( 'NONE', #7376 ) ;
#8853 = EDGE_CURVE ( 'NONE', #6717, #5918, #634, .T. ) ;
#8854 = CARTESIAN_POINT ( 'NONE',  ( -70.92380036519710984, 114.5320976061795335, 132.8133693281621674 ) ) ;
#8855 = VECTOR ( 'NONE', #1060, 1000.000000000000000 ) ;
#8856 = AXIS2_PLACEMENT_3D ( 'NONE', #768, #6678, #8979 ) ;
#8857 = CARTESIAN_POINT ( 'NONE',  ( -86.13875488362722876, 154.6979444426181658, 138.7691275192932494 ) ) ;
#8858 = DIRECTION ( 'NONE',  ( 0.000000000000000000, 1.000000000000000000, -0.000000000000000000 ) ) ;
#8859 = AXIS2_PLACEMENT_3D ( 'NONE', #6264, #1849, #7121 ) ;
#8860 = CARTESIAN_POINT ( 'NONE',  ( -90.08076467807268273, 113.7838349208190039, 114.5393020366996382 ) ) ;
#8861 = CIRCLE ( 'NONE', #6326, 5.000000000000004441 ) ;
#8862 = ORIENTED_EDGE ( 'NONE', *, *, #7976, .T. ) ;
#8863 = EDGE_LOOP ( 'NONE', ( #7345, #3935, #1306, #1037 ) ) ;
#8864 = CARTESIAN_POINT ( 'NONE',  ( -90.20597217144305091, 119.1798897417069725, 101.7964078208195815 ) ) ;
#8865 = AXIS2_PLACEMENT_3D ( 'NONE', #5320, #7348, #9001 ) ;
#8866 = DIRECTION ( 'NONE',  ( 1.000000000000000000, -0.000000000000000000, 0.000000000000000000 ) ) ;
#8867 = CARTESIAN_POINT ( 'NONE',  ( -88.87872023002510957, 135.5006482511667798, 92.30891004952619028 ) ) ;
#8868 = DIRECTION ( 'NONE',  ( 1.000000000000000000, -0.000000000000000000, -0.000000000000000000 ) ) ;
#8869 = CARTESIAN_POINT ( 'NONE',  ( -74.78852960328464405, 141.9419079817567138, 75.00574073170528777 ) ) ;
#8870 = VERTEX_POINT ( 'NONE', #9690 ) ;
#8871 = CARTESIAN_POINT ( 'NONE',  ( -70.78852960328462984, 115.2569332580205668, 97.44223240480897630 ) ) ;
#8872 = ORIENTED_EDGE ( 'NONE', *, *, #3231, .F. ) ;
#8873 = CARTESIAN_POINT ( 'NONE',  ( -79.70687537731221539, 143.8715230541068024, 164.5647862364811829 ) ) ;
#8874 = CARTESIAN_POINT ( 'NONE',  ( -89.20098106814009498, 105.2683966852336113, 115.4110202087265264 ) ) ;
#8875 = EDGE_CURVE ( 'NONE', #6846, #7637, #2918, .T. ) ;
#8876 = EDGE_CURVE ( 'NONE', #2182, #6944, #6682, .T. ) ;
#8877 = DIRECTION ( 'NONE',  ( 0.000000000000000000, 0.000000000000000000, -1.000000000000000000 ) ) ;
#8878 = CARTESIAN_POINT ( 'NONE',  ( -84.96959703983507950, 125.6903766568565857, 126.6766408550422369 ) ) ;
#8879 = ORIENTED_EDGE ( 'NONE', *, *, #2188, .F. ) ;
#8880 = CARTESIAN_POINT ( 'NONE',  ( -72.28852960328462984, 114.3119079817578267, 131.5054217592787609 ) ) ;
#8881 = CARTESIAN_POINT ( 'NONE',  ( -79.62484280619467825, 122.0270669295617694, 164.7685879359641206 ) ) ;
#8882 = CARTESIAN_POINT ( 'NONE',  ( -79.57962910590882188, 76.95974397416121349, 65.65599012386208244 ) ) ;
#8883 = CARTESIAN_POINT ( 'NONE',  ( -87.98944993892386890, 152.6519919794720295, 87.58946214882203662 ) ) ;
#8884 = CARTESIAN_POINT ( 'NONE',  ( -82.73525435459616517, 151.6487325613078951, 69.97390723662597622 ) ) ;
#8885 = ORIENTED_EDGE ( 'NONE', *, *, #4179, .T. ) ;
#8886 = CARTESIAN_POINT ( 'NONE',  ( -71.86656515516934007, 114.0341031772756963, 95.66388379083298332 ) ) ;
#8887 = CARTESIAN_POINT ( 'NONE',  ( -90.54204994007557161, 105.2594413431742169, 112.4636112083837816 ) ) ;
#8888 = CARTESIAN_POINT ( 'NONE',  ( -77.74070492720811387, 141.0091803924501619, 62.94075526925630015 ) ) ;
#8889 = CARTESIAN_POINT ( 'NONE',  ( -72.41229774348208537, 72.43698054254747376, 77.66518345517660293 ) ) ;
#8890 = CARTESIAN_POINT ( 'NONE',  ( -87.76853975324209500, 66.67191278032390755, 86.85086459959072158 ) ) ;
#8891 = CARTESIAN_POINT ( 'NONE',  ( -79.79283194800390788, 76.81665687139390286, 161.2528686043242772 ) ) ;
#8892 = EDGE_CURVE ( 'NONE', #557, #6331, #1620, .T. ) ;
#8893 = VERTEX_POINT ( 'NONE', #9235 ) ;
#8894 = EDGE_CURVE ( 'NONE', #4199, #6717, #2719, .T. ) ;
#8895 = CARTESIAN_POINT ( 'NONE',  ( -71.78053481577285311, 113.5260340713809484, 133.3812512705452775 ) ) ;
#8896 = CARTESIAN_POINT ( 'NONE',  ( -82.94177349259386745, 149.6560645574505770, 156.4704160897753695 ) ) ;
#8897 = DIRECTION ( 'NONE',  ( 0.000000000000000000, -0.1039136622497603274, 0.9945863214411521103 ) ) ;
#8898 = B_SPLINE_CURVE_WITH_KNOTS ( 'NONE', 3,
 ( #2676, #858, #156, #9269 ),
 .UNSPECIFIED., .F., .F.,
 ( 4, 4 ),
 ( 0.000000000000000000, 0.01509454543085222804 ),
 .UNSPECIFIED. ) ;
#8899 = DIRECTION ( 'NONE',  ( 0.000000000000000000, 0.000000000000000000, 1.000000000000000000 ) ) ;
#8900 = CARTESIAN_POINT ( 'NONE',  ( -70.78852960328462984, 87.24796103312279172, 64.27334972175202665 ) ) ;
#8901 = DIRECTION ( 'NONE',  ( -1.000000000000000000, 0.000000000000000000, 0.000000000000000000 ) ) ;
#8902 = VERTEX_POINT ( 'NONE', #2369 ) ;
#8903 = EDGE_LOOP ( 'NONE', ( #2138, #8667, #8872, #8714 ) ) ;
#8904 = ORIENTED_EDGE ( 'NONE', *, *, #4112, .F. ) ;
#8905 = CARTESIAN_POINT ( 'NONE',  ( -70.91816862398687249, 114.6378439882081182, 132.9430056470891941 ) ) ;
#8906 = CARTESIAN_POINT ( 'NONE',  ( -85.20102789884643357, 141.5527990261215905, 125.4903593770387005 ) ) ;
#8907 = CARTESIAN_POINT ( 'NONE',  ( -78.73239703418533963, 147.2149659622155013, 65.26504595051309821 ) ) ;
#8908 = ORIENTED_EDGE ( 'NONE', *, *, #597, .F. ) ;
#8909 = CARTESIAN_POINT ( 'NONE',  ( -73.28852960328462984, 111.3119079817578410, 131.5054217592787325 ) ) ;
#8910 = CARTESIAN_POINT ( 'NONE',  ( -87.40811181467887536, 155.4703807103209670, 131.6483518580840837 ) ) ;
#8911 = CARTESIAN_POINT ( 'NONE',  ( -87.53812116542016497, 113.3119079817578267, 131.5944656329825193 ) ) ;
#8912 = CARTESIAN_POINT ( 'NONE',  ( -79.68773643397942408, 76.20489999054318275, 160.6272903295107142 ) ) ;
#8913 = CARTESIAN_POINT ( 'NONE',  ( -78.78852960328464405, 140.8309159640421910, 90.98049982365576227 ) ) ;
#8914 = ORIENTED_EDGE ( 'NONE', *, *, #9441, .T. ) ;
#8915 = ORIENTED_EDGE ( 'NONE', *, *, #3096, .T. ) ;
#8916 = EDGE_CURVE ( 'NONE', #4903, #7324, #1720, .T. ) ;
#8917 = CARTESIAN_POINT ( 'NONE',  ( -88.63319222104560424, 115.3119079817578267, 136.0233132224358030 ) ) ;
#8918 = CARTESIAN_POINT ( 'NONE',  ( -72.86117706225894608, 74.23391386651537971, 152.2688336965107965 ) ) ;
#8919 = LINE ( 'NONE', #8075, #3796 ) ;
#8920 = DIRECTION ( 'NONE',  ( 0.000000000000000000, -1.460819769243624961E-15, -1.000000000000000000 ) ) ;
#8921 = FACE_BOUND ( 'NONE', #9317, .T. ) ;
#8922 = CARTESIAN_POINT ( 'NONE',  ( -85.81466247008857806, 143.4910962364282057, 105.6104062485187143 ) ) ;
#8923 = CARTESIAN_POINT ( 'NONE',  ( -87.03720698633944153, 107.3119079817578267, 133.5347543482563140 ) ) ;
#8924 = ORIENTED_EDGE ( 'NONE', *, *, #9066, .T. ) ;
#8925 = DIRECTION ( 'NONE',  ( 0.000000000000000000, 0.000000000000000000, 1.000000000000000000 ) ) ;
#8926 = ORIENTED_EDGE ( 'NONE', *, *, #2461, .F. ) ;
#8927 = CARTESIAN_POINT ( 'NONE',  ( -88.85704443486936555, 133.6309159640421456, 92.18901621958045212 ) ) ;
#8928 = CYLINDRICAL_SURFACE ( 'NONE', #2520, 10.00000000000000178 ) ;
#8929 = CARTESIAN_POINT ( 'NONE',  ( -85.06207967720239083, 125.2275682625605668, 126.2191347543790130 ) ) ;
#8930 = ORIENTED_EDGE ( 'NONE', *, *, #965, .F. ) ;
#8931 = CARTESIAN_POINT ( 'NONE',  ( -79.29629367348415769, 90.66534589154400692, 61.49486769494940575 ) ) ;
#8932 = CARTESIAN_POINT ( 'NONE',  ( -78.78852960328464405, 112.8119080014294724, 133.0054217592787609 ) ) ;
#8933 = CARTESIAN_POINT ( 'NONE',  ( -80.21661374352110840, 117.0925120209028023, 163.3762374436670655 ) ) ;
#8934 = CARTESIAN_POINT ( 'NONE',  ( -70.78852960328462984, 63.90795309405092439, 127.8407411317695477 ) ) ;
#8935 = CARTESIAN_POINT ( 'NONE',  ( -90.78937830921069008, 156.3108747472892901, 117.2591672523050335 ) ) ;
#8936 = B_SPLINE_CURVE_WITH_KNOTS ( 'NONE', 3,
 ( #3016, #3749, #7453, #8152 ),
 .UNSPECIFIED., .F., .F.,
 ( 4, 4 ),
 ( 0.000000000000000000, 0.005551878035320674878 ),
 .UNSPECIFIED. ) ;
#8937 = CARTESIAN_POINT ( 'NONE',  ( -89.86141132141929688, 120.9365453549982163, 128.2795232473930866 ) ) ;
#8938 = VERTEX_POINT ( 'NONE', #873 ) ;
#8939 = CARTESIAN_POINT ( 'NONE',  ( -71.84779555354745639, 113.7988403644492053, 95.75028962811448707 ) ) ;
#8940 = CARTESIAN_POINT ( 'NONE',  ( -90.78803865786298388, 89.92280904701254940, 113.1143189785880736 ) ) ;
#8941 =( BOUNDED_SURFACE ( )  B_SPLINE_SURFACE ( 3, 2, ( 
 ( #4105, #7858, #405 ),
 ( #7108, #1933, #1187 ),
 ( #9358, #3414, #297 ),
 ( #1229, #9301, #6253 ) ),
 .UNSPECIFIED., .F., .F., .T. ) 
 B_SPLINE_SURFACE_WITH_KNOTS ( ( 4, 4 ),
 ( 3, 3 ),
 ( 5.421010862427522170E-20, 0.0001477821523272497474 ),
 ( 0.000000000000000000, 1.000000000000000000 ),
 .UNSPECIFIED. ) 
 GEOMETRIC_REPRESENTATION_ITEM ( )  RATIONAL_B_SPLINE_SURFACE ( (
 ( 1.000000000000000000, 0.7973308024514641490, 1.000000000000000000),
 ( 1.000000000000000000, 0.7973810637124086886, 1.000000000000000000),
 ( 1.000000000000000000, 0.7974312926609294916, 1.000000000000000000),
 ( 1.000000000000000000, 0.7974814893172563757, 1.000000000000000000) ) ) 
 REPRESENTATION_ITEM ( '' )  SURFACE ( )  );
#8942 = ORIENTED_EDGE ( 'NONE', *, *, #7245, .T. ) ;
#8943 = CARTESIAN_POINT ( 'NONE',  ( -88.97055252677790804, 113.2192353919356833, 113.5873017642359315 ) ) ;
#8944 = CARTESIAN_POINT ( 'NONE',  ( -72.28852960328462984, 105.8119986335291003, 112.0054217613331389 ) ) ;
#8945 = LINE ( 'NONE', #9797, #1295 ) ;
#8946 = CARTESIAN_POINT ( 'NONE',  ( -77.91810311269861700, 144.7970970948852880, 61.45525461762708375 ) ) ;
#8947 = CARTESIAN_POINT ( 'NONE',  ( -76.78852960328464405, 97.00917494206593972, 162.0861362718193561 ) ) ;
#8948 = CARTESIAN_POINT ( 'NONE',  ( -92.78852960328464405, 86.94190798175786483, 111.9057407317052650 ) ) ;
#8949 = CARTESIAN_POINT ( 'NONE',  ( -74.78852960328464405, 70.97961747709840097, 80.40308007633707632 ) ) ;
#8950 = EDGE_LOOP ( 'NONE', ( #4132, #532 ) ) ;
#8951 = ORIENTED_EDGE ( 'NONE', *, *, #6091, .F. ) ;
#8952 = ADVANCED_FACE ( 'NONE', ( #7039 ), #9119, .F. ) ;
#8953 = EDGE_CURVE ( 'NONE', #8127, #561, #230, .T. ) ;
#8954 = CARTESIAN_POINT ( 'NONE',  ( -80.95818460440102626, 76.90541505451916748, 65.40836209989612371 ) ) ;
#8955 = CARTESIAN_POINT ( 'NONE',  ( -71.08008567994177440, 114.2114479700502301, 132.9435997225912161 ) ) ;
#8956 = CARTESIAN_POINT ( 'NONE',  ( -81.07295170854995092, 79.45195201552226649, 65.68707982442008131 ) ) ;
#8957 = CARTESIAN_POINT ( 'NONE',  ( -78.37741671862553972, 111.8688076255531314, 164.5904987380681916 ) ) ;
#8958 = CARTESIAN_POINT ( 'NONE',  ( -86.69593003848908097, 107.3119079817578267, 135.5054217592787609 ) ) ;
#8959 = DIRECTION ( 'NONE',  ( 0.000000000000000000, 0.000000000000000000, -1.000000000000000000 ) ) ;
#8960 = CARTESIAN_POINT ( 'NONE',  ( -88.63408102636637409, 113.5391998365309547, 134.9584093278159855 ) ) ;
#8961 = CARTESIAN_POINT ( 'NONE',  ( -88.79836315278605241, 104.0969555495987748, 134.3069478932593199 ) ) ;
#8962 = CARTESIAN_POINT ( 'NONE',  ( -90.01078227125921671, 145.9943747122359241, 127.0387486300726607 ) ) ;
#8963 = ORIENTED_EDGE ( 'NONE', *, *, #1163, .T. ) ;
#8964 = ADVANCED_FACE ( 'NONE', ( #6188 ), #7796, .T. ) ;
#8965 = CARTESIAN_POINT ( 'NONE',  ( -90.33611921122920307, 118.7510719812289324, 103.1862182399747780 ) ) ;
#8966 = VECTOR ( 'NONE', #1536, 1000.000000000000000 ) ;
#8967 = CARTESIAN_POINT ( 'NONE',  ( -69.74836691017675605, 67.14113267551647368, 88.78725280721268120 ) ) ;
#8968 = CARTESIAN_POINT ( 'NONE',  ( -70.78852960328462984, 152.6347923053280056, 97.44223246188366261 ) ) ;
#8969 = EDGE_CURVE ( 'NONE', #3120, #9167, #8436, .T. ) ;
#8970 = AXIS2_PLACEMENT_3D ( 'NONE', #7706, #4788, #3845 ) ;
#8971 = DIRECTION ( 'NONE',  ( -0.000000000000000000, -0.000000000000000000, -1.000000000000000000 ) ) ;
#8972 = CARTESIAN_POINT ( 'NONE',  ( -85.53768044110283597, 142.8677201262185292, 103.4488597303431163 ) ) ;
#8973 = ORIENTED_EDGE ( 'NONE', *, *, #8594, .F. ) ;
#8974 = CARTESIAN_POINT ( 'NONE',  ( -88.97055252677677117, 105.4045805715810502, 113.5873017642370115 ) ) ;
#8975 = ORIENTED_EDGE ( 'NONE', *, *, #1151, .F. ) ;
#8976 = B_SPLINE_CURVE_WITH_KNOTS ( 'NONE', 2,
 ( #7215, #9531, #4176 ),
 .UNSPECIFIED., .F., .F.,
 ( 3, 3 ),
 ( 0.5904247248933033321, 0.6458441999982712511 ),
 .UNSPECIFIED. ) ;
#8977 = CARTESIAN_POINT ( 'NONE',  ( -88.92735426243216068, 129.2658787226690436, 92.58050744408635069 ) ) ;
#8978 = CARTESIAN_POINT ( 'NONE',  ( -69.74836691017675605, 74.23361122905129150, 74.74380810562847444 ) ) ;
#8979 = DIRECTION ( 'NONE',  ( 0.000000000000000000, 1.000000000000000000, 3.965082219661324389E-15 ) ) ;
#8980 = CARTESIAN_POINT ( 'NONE',  ( -80.98829414421237516, 151.6586802554030839, 155.9887145288563204 ) ) ;
#8981 = ORIENTED_EDGE ( 'NONE', *, *, #4778, .F. ) ;
#8982 = CARTESIAN_POINT ( 'NONE',  ( -90.78610773900520314, 84.03809435832855002, 114.2842585111359455 ) ) ;
#8983 = CARTESIAN_POINT ( 'NONE',  ( -82.94175115372239304, 149.6557437927470460, 70.54045912483330483 ) ) ;
#8984 = CARTESIAN_POINT ( 'NONE',  ( -78.78852960328464405, 62.18549510269599523, 116.7821679773575738 ) ) ;
#8985 = CARTESIAN_POINT ( 'NONE',  ( -89.87545313555611415, 155.7567433315905134, 98.37353932609437379 ) ) ;
#8986 = VECTOR ( 'NONE', #2007, 1000.000000000000000 ) ;
#8987 = VERTEX_POINT ( 'NONE', #7644 ) ;
#8988 = CARTESIAN_POINT ( 'NONE',  ( -71.78053481577283890, 113.5260340713809200, 96.33701596572578296 ) ) ;
#8989 = CARTESIAN_POINT ( 'NONE',  ( -90.75026622233671958, 87.13770876874698956, 116.5057407317040941 ) ) ;
#8990 = CARTESIAN_POINT ( 'NONE',  ( -70.78852960328462984, 115.2569332580205810, 132.2760348314621694 ) ) ;
#8991 = VECTOR ( 'NONE', #3138, 1000.000000000000000 ) ;
#8992 = CARTESIAN_POINT ( 'NONE',  ( -89.10800550757851113, 160.9621749563512765, 113.5053956028656614 ) ) ;
#8993 = PLANE ( 'NONE',  #7738 ) ;
#8994 = CARTESIAN_POINT ( 'NONE',  ( -78.78852960328464405, 114.8119079817578125, 95.50574073170528777 ) ) ;
#8995 = CARTESIAN_POINT ( 'NONE',  ( -85.58284583446491922, 123.2666930517246584, 123.1454707258891830 ) ) ;
#8996 = CARTESIAN_POINT ( 'NONE',  ( -70.78852960328462984, 81.41141280376652389, 62.82207159945092911 ) ) ;
#8997 = ORIENTED_EDGE ( 'NONE', *, *, #6840, .T. ) ;
#8998 = EDGE_LOOP ( 'NONE', ( #4599, #6303, #6159, #998 ) ) ;
#8999 = CARTESIAN_POINT ( 'NONE',  ( -78.78852960328464405, 141.6586802556908822, 155.9887903978152224 ) ) ;
#9000 = CARTESIAN_POINT ( 'NONE',  ( -70.85345736643641601, 114.8108782691898995, 132.7566524738053886 ) ) ;
#9001 = DIRECTION ( 'NONE',  ( 0.000000000000000000, -0.06662755410594810301, 0.9977779156875838940 ) ) ;
#9002 = VERTEX_POINT ( 'NONE', #5446 ) ;
#9003 = CARTESIAN_POINT ( 'NONE',  ( -84.28954249634661267, 131.8765497478471787, 97.29648634685928243 ) ) ;
#9004 = ADVANCED_FACE ( 'NONE', ( #5495 ), #8582, .F. ) ;
#9005 = EDGE_CURVE ( 'NONE', #6241, #3176, #124, .T. ) ;
#9006 = STYLED_ITEM ( 'NONE', ( #6702 ), #5114 ) ;
#9007 = CARTESIAN_POINT ( 'NONE',  ( -88.43025990626740906, 113.7085577208988809, 132.5713087654513629 ) ) ;
#9008 = CARTESIAN_POINT ( 'NONE',  ( -79.19324212014032582, 136.2713615011553543, 165.7490599082047424 ) ) ;
#9009 = EDGE_LOOP ( 'NONE', ( #1850, #6748, #5463, #2285 ) ) ;
#9010 = CIRCLE ( 'NONE', #5221, 2.000000000000001776 ) ;
#9011 = AXIS2_PLACEMENT_3D ( 'NONE', #8022, #1254, #9336 ) ;
#9012 = CARTESIAN_POINT ( 'NONE',  ( -85.43165348135239867, 142.1430144854228672, 78.00574073170372458 ) ) ;
#9013 = SURFACE_STYLE_USAGE ( .BOTH. , #4424 ) ;
#9014 = DIRECTION ( 'NONE',  ( -0.000000000000000000, -1.000000000000000000, 0.000000000000000000 ) ) ;
#9015 = VECTOR ( 'NONE', #7437, 1000.000000000000000 ) ;
#9016 = AXIS2_PLACEMENT_3D ( 'NONE', #4359, #592, #89 ) ;
#9017 = CARTESIAN_POINT ( 'NONE',  ( -87.54655034794080848, 111.4490977220081476, 133.6928789135114926 ) ) ;
#9018 = CARTESIAN_POINT ( 'NONE',  ( -85.85390198914365101, 143.5476503568532110, 105.9819574931087516 ) ) ;
#9019 = EDGE_LOOP ( 'NONE', ( #4863, #5694, #2900, #1972 ) ) ;
#9020 = CARTESIAN_POINT ( 'NONE',  ( -90.13977295598509443, 104.7892339125899639, 114.4368069508198431 ) ) ;
#9021 = VERTEX_POINT ( 'NONE', #9339 ) ;
#9022 = B_SPLINE_SURFACE_WITH_KNOTS ( 'NONE', 1, 3, ( 
 ( #6158, #7560, #196, #2330 ),
 ( #3170, #1639, #3226, #889 ) ),
 .UNSPECIFIED., .F., .F., .F.,
 ( 2, 2 ),
 ( 4, 4 ),
 ( 0.000000000000000000, 1.000000000000000000 ),
 ( 0.000000000000000000, 0.01210001450789567265 ),
 .UNSPECIFIED. ) ;
#9023 = CARTESIAN_POINT ( 'NONE',  ( -84.53630547416723573, 137.4565301380970652, 128.6198202106722306 ) ) ;
#9024 = DIRECTION ( 'NONE',  ( 1.000000000000000000, 0.000000000000000000, 0.000000000000000000 ) ) ;
#9025 = VECTOR ( 'NONE', #6620, 1000.000000000000000 ) ;
#9026 = EDGE_CURVE ( 'NONE', #127, #3643, #7035, .T. ) ;
#9027 = CARTESIAN_POINT ( 'NONE',  ( -81.54328587517264282, 72.73911934817989788, 155.5279850863775550 ) ) ;
#9028 = DIRECTION ( 'NONE',  ( 0.000000000000000000, 0.000000000000000000, 1.000000000000000000 ) ) ;
#9029 = CARTESIAN_POINT ( 'NONE',  ( -70.78852960328462984, 74.04309249084019484, 152.1162818686757987 ) ) ;
#9030 = CARTESIAN_POINT ( 'NONE',  ( -74.78852960328464405, 74.23430613536913825, 152.2681882201588053 ) ) ;
#9031 = AXIS2_PLACEMENT_3D ( 'NONE', #9349, #1633, #8592 ) ;
#9032 = ORIENTED_EDGE ( 'NONE', *, *, #6691, .T. ) ;
#9033 = CARTESIAN_POINT ( 'NONE',  ( -70.97586510934166881, 114.7128516084736702, 96.59013642490523921 ) ) ;
#9034 =( NAMED_UNIT ( * ) SI_UNIT ( $, .STERADIAN. ) SOLID_ANGLE_UNIT ( ) );
#9035 = CARTESIAN_POINT ( 'NONE',  ( -83.38852960328463837, 140.8309159640421910, 95.58049982365579922 ) ) ;
#9036 = DIRECTION ( 'NONE',  ( 0.000000000000000000, -0.9976431163436479954, 0.06861641503411730625 ) ) ;
#9037 = CARTESIAN_POINT ( 'NONE',  ( -72.28852960328462984, 113.3204415849168925, 133.5125265045658125 ) ) ;
#9038 = FACE_OUTER_BOUND ( 'NONE', #5712, .T. ) ;
#9039 = CARTESIAN_POINT ( 'NONE',  ( -84.79713630353469966, 126.6752524276666634, 127.4871012890219077 ) ) ;
#9040 = DIRECTION ( 'NONE',  ( -1.000000000000000000, -0.000000000000000000, -0.000000000000000000 ) ) ;
#9041 = ORIENTED_EDGE ( 'NONE', *, *, #3795, .F. ) ;
#9042 = CARTESIAN_POINT ( 'NONE',  ( -78.11005978332609345, 83.06097870819476725, 61.92718511856094921 ) ) ;
#9043 = DIRECTION ( 'NONE',  ( 0.000000000000000000, 0.000000000000000000, 1.000000000000000000 ) ) ;
#9044 = ORIENTED_EDGE ( 'NONE', *, *, #6365, .T. ) ;
#9045 = CARTESIAN_POINT ( 'NONE',  ( -84.33345869846067444, 130.6042858437295422, 97.46776999146227638 ) ) ;
#9046 = CARTESIAN_POINT ( 'NONE',  ( -81.66875202481735130, 151.9776999486842612, 154.5098963409678277 ) ) ;
#9047 = CARTESIAN_POINT ( 'NONE',  ( -87.29896793828439172, 113.2155773250912745, 133.4934030003861665 ) ) ;
#9048 = CARTESIAN_POINT ( 'NONE',  ( -120.7885296032846441, 141.9419079817567138, 152.0057407317052878 ) ) ;
#9049 = B_SPLINE_CURVE_WITH_KNOTS ( 'NONE', 3,
 ( #4303, #4811, #6318, #7072, #7874, #5073, #213, #9266, #7026, #8615, #8295, #1429, #1323, #8145, #6889, #7704, #9242, #7602, #3107, #4733, #2718, #8728, #4880, #3403, #3482, #6488, #1825, #1920 ),
 .UNSPECIFIED., .F., .F.,
 ( 4, 1, 2, 2, 1, 1, 2, 2, 1, 2, 2, 1, 2, 2, 1, 2, 4 ),
 ( 0.000000000000000000, 0.2499999999998835376, 0.3749999999998290812, 0.4999999999997746247, 0.5624999999997443156, 0.5937499999997322142, 0.6093749999997275513, 0.6171874999997275513, 0.6249999999997275513, 0.6874999999997539746, 0.7499999999997803979, 0.8124999999998068212, 0.8437499999998192557, 0.8515624999998250289, 0.8593749999998308020, 0.8749999999998472333, 1.000000000000000000 ),
 .UNSPECIFIED. ) ;
#9050 = CARTESIAN_POINT ( 'NONE',  ( -70.78852960328462984, 141.6586802556908822, 155.9887903978152224 ) ) ;
#9051 = ORIENTED_EDGE ( 'NONE', *, *, #4052, .F. ) ;
#9052 = EDGE_CURVE ( 'NONE', #5110, #5192, #4594, .T. ) ;
#9053 = CARTESIAN_POINT ( 'NONE',  ( -88.85704443486936555, 132.5309159640421228, 92.18901621958048054 ) ) ;
#9054 = LINE ( 'NONE', #6919, #7932 ) ;
#9055 = CARTESIAN_POINT ( 'NONE',  ( -78.78852960328464405, 125.3309159640421626, 126.0804998236556855 ) ) ;
#9056 = CARTESIAN_POINT ( 'NONE',  ( -90.15093628829539796, 119.5366467099804879, 125.7608858531475988 ) ) ;
#9057 = CARTESIAN_POINT ( 'NONE',  ( -90.78852960328464405, 140.8719475623819335, 60.94546903656900128 ) ) ;
#9058 = CARTESIAN_POINT ( 'NONE',  ( -74.78852960328464405, 141.9419079817567138, 152.0057407317052878 ) ) ;
#9059 = ORIENTED_EDGE ( 'NONE', *, *, #3382, .F. ) ;
#9060 = LINE ( 'NONE', #8277, #2076 ) ;
#9061 = CARTESIAN_POINT ( 'NONE',  ( -70.83369240398027955, 114.9782890453278270, 97.00584273120632872 ) ) ;
#9062 = ORIENTED_EDGE ( 'NONE', *, *, #7634, .T. ) ;
#9063 = CARTESIAN_POINT ( 'NONE',  ( -89.20715343155180221, 105.3960943046887166, 113.5766822405211940 ) ) ;
#9064 = ORIENTED_EDGE ( 'NONE', *, *, #9165, .F. ) ;
#9065 = ADVANCED_FACE ( 'NONE', ( #5401 ), #2428, .F. ) ;
#9066 = EDGE_CURVE ( 'NONE', #5685, #3974, #2409, .T. ) ;
#9067 = CARTESIAN_POINT ( 'NONE',  ( -84.54846743957921262, 144.9423280945705130, 75.19044502009543862 ) ) ;
#9068 = CARTESIAN_POINT ( 'NONE',  ( -88.57837819677060054, 59.67037811904899058, 105.1689136221515071 ) ) ;
#9069 = CARTESIAN_POINT ( 'NONE',  ( -90.75026622233667695, 86.94190798177660895, 116.5057407317052736 ) ) ;
#9070 = CARTESIAN_POINT ( 'NONE',  ( -78.78852960328464405, 74.04309249084019484, 152.1162818686757987 ) ) ;
#9071 = LINE ( 'NONE', #6830, #6900 ) ;
#9072 = CARTESIAN_POINT ( 'NONE',  ( -74.78852960328462984, 62.27342591420831042, 112.7806680299139543 ) ) ;
#9073 = ORIENTED_EDGE ( 'NONE', *, *, #7736, .T. ) ;
#9074 = CARTESIAN_POINT ( 'NONE',  ( -70.92717940992257297, 114.5171738064921101, 96.93382884705570746 ) ) ;
#9075 = CARTESIAN_POINT ( 'NONE',  ( -88.99015611443559237, 104.8389240000864788, 92.93510542714476230 ) ) ;
#9076 = CARTESIAN_POINT ( 'NONE',  ( -89.91857082975037940, 120.4059193146886457, 99.19380887495904631 ) ) ;
#9077 = DIRECTION ( 'NONE',  ( -1.000000000000000000, -0.000000000000000000, -0.000000000000000000 ) ) ;
#9078 = CARTESIAN_POINT ( 'NONE',  ( -81.85275765393471659, 107.4468056478177402, 0.000000000000000000 ) ) ;
#9079 = CARTESIAN_POINT ( 'NONE',  ( -83.46783883031336870, 141.9419079817567138, 72.00574073170528777 ) ) ;
#9080 = CARTESIAN_POINT ( 'NONE',  ( -89.06121792996366082, 138.2432181052966200, 133.6639642321961503 ) ) ;
#9081 = CARTESIAN_POINT ( 'NONE',  ( -70.86059497545184627, 114.7136712984062683, 132.6229193023364701 ) ) ;
#9082 = CARTESIAN_POINT ( 'NONE',  ( -76.78852960328464405, 141.5581117127231039, 70.92190020000548145 ) ) ;
#9083 = CARTESIAN_POINT ( 'NONE',  ( -85.15690842944340488, 124.8010864512426110, 125.7247685059136018 ) ) ;
#9084 = EDGE_CURVE ( 'NONE', #3113, #2787, #6942, .T. ) ;
#9085 = CARTESIAN_POINT ( 'NONE',  ( -77.73202061747980451, 141.2337449259345590, 166.0903274587992087 ) ) ;
#9086 = CARTESIAN_POINT ( 'NONE',  ( -80.57856077724589738, 147.2149659622155013, 64.49583893428882675 ) ) ;
#9087 = ORIENTED_EDGE ( 'NONE', *, *, #2201, .F. ) ;
#9088 = CARTESIAN_POINT ( 'NONE',  ( -78.78852960328464405, 152.9298351875889921, 127.4901718588423734 ) ) ;
#9089 = VERTEX_POINT ( 'NONE', #7841 ) ;
#9090 = CARTESIAN_POINT ( 'NONE',  ( -83.38852960328463837, 143.6309159640421456, 107.2804998236556884 ) ) ;
#9091 = EDGE_CURVE ( 'NONE', #3334, #3352, #5064, .T. ) ;
#9092 = CARTESIAN_POINT ( 'NONE',  ( -80.67634848870294206, 151.6256260192568845, 157.0447925070868678 ) ) ;
#9093 = ORIENTED_EDGE ( 'NONE', *, *, #3639, .F. ) ;
#9094 = DIRECTION ( 'NONE',  ( 0.000000000000000000, -1.000000000000000000, 0.000000000000000000 ) ) ;
#9095 = CARTESIAN_POINT ( 'NONE',  ( -79.17166541472522567, 86.39993424717061998, 61.21412305400608034 ) ) ;
#9096 = CARTESIAN_POINT ( 'NONE',  ( -89.51539114351099613, 143.3882324244669348, 96.19829085937153934 ) ) ;
#9097 = FACE_OUTER_BOUND ( 'NONE', #630, .T. ) ;
#9098 = CARTESIAN_POINT ( 'NONE',  ( -78.78852960328464405, 127.1682114851169842, 64.89507905005440591 ) ) ;
#9099 = EDGE_CURVE ( 'NONE', #5126, #8621, #8587, .T. ) ;
#9100 = ORIENTED_EDGE ( 'NONE', *, *, #8809, .F. ) ;
#9101 = CARTESIAN_POINT ( 'NONE',  ( -70.78852960328462984, 151.5415471075180847, 156.5235893300313421 ) ) ;
#9102 = CARTESIAN_POINT ( 'NONE',  ( -89.40895993868333846, 115.3119079817578267, 131.9709039344064649 ) ) ;
#9103 = CARTESIAN_POINT ( 'NONE',  ( -81.37042260708939523, 151.6227198391021318, 70.91481581246758026 ) ) ;
#9104 = CARTESIAN_POINT ( 'NONE',  ( -84.34824346361732239, 133.9571448171623160, 129.3804998236557253 ) ) ;
#9105 = PLANE ( 'NONE',  #2683 ) ;
#9106 = DIRECTION ( 'NONE',  ( 0.000000000000000000, 0.000000000000000000, -1.000000000000000000 ) ) ;
#9107 = ORIENTED_EDGE ( 'NONE', *, *, #4891, .F. ) ;
#9108 = CARTESIAN_POINT ( 'NONE',  ( -82.83519937543641731, 150.2722998132825865, 156.4915089397036638 ) ) ;
#9109 = CARTESIAN_POINT ( 'NONE',  ( -74.78852960328464405, 70.27948369363456038, 150.0947744432860134 ) ) ;
#9110 = CIRCLE ( 'NONE', #115, 2.000000000000001776 ) ;
#9111 = EDGE_LOOP ( 'NONE', ( #4945, #6975, #9100, #6542 ) ) ;
#9112 = ORIENTED_EDGE ( 'NONE', *, *, #9321, .T. ) ;
#9113 = CARTESIAN_POINT ( 'NONE',  ( -81.90794320764052827, 77.13868658523129795, 67.79769643132982537 ) ) ;
#9114 = CARTESIAN_POINT ( 'NONE',  ( -80.32953738101778640, 74.97833147753171090, 158.8960188620569056 ) ) ;
#9115 = VECTOR ( 'NONE', #3472, 1000.000000000000000 ) ;
#9116 = ADVANCED_FACE ( 'NONE', ( #2618 ), #7894, .F. ) ;
#9117 = EDGE_CURVE ( 'NONE', #9419, #7494, #7222, .T. ) ;
#9118 = CARTESIAN_POINT ( 'NONE',  ( -90.47967323003446438, 147.7106626624801606, 122.0427210882828035 ) ) ;
#9119 = PLANE ( 'NONE',  #9173 ) ;
#9120 = DIRECTION ( 'NONE',  ( 1.000000000000000000, 0.000000000000000000, 0.000000000000000000 ) ) ;
#9121 = DIRECTION ( 'NONE',  ( 0.000000000000000000, 1.261617073437657893E-14, -1.000000000000000000 ) ) ;
#9122 = CARTESIAN_POINT ( 'NONE',  ( -79.26396140791933931, 154.9959940804824043, 61.43619222747226161 ) ) ;
#9123 = LINE ( 'NONE', #2668, #8190 ) ;
#9124 = ORIENTED_EDGE ( 'NONE', *, *, #8323, .T. ) ;
#9125 = CARTESIAN_POINT ( 'NONE',  ( -71.11341714089692800, 114.3500847968403065, 96.39007702298307834 ) ) ;
#9126 = CARTESIAN_POINT ( 'NONE',  ( -90.76438427426420219, 88.77083653527633089, 111.1196426839017732 ) ) ;
#9127 = CARTESIAN_POINT ( 'NONE',  ( -70.78852960328462984, 97.00917494206593972, 162.0861362718193561 ) ) ;
#9128 = VECTOR ( 'NONE', #5332, 1000.000000000000227 ) ;
#9129 = FACE_OUTER_BOUND ( 'NONE', #8424, .T. ) ;
#9130 = PLANE ( 'NONE',  #7877 ) ;
#9131 = EDGE_LOOP ( 'NONE', ( #1813, #1480, #4689, #3225, #689 ) ) ;
#9133 = CARTESIAN_POINT ( 'NONE',  ( -88.92238389111514607, 134.5744679991003636, 134.4582634218056398 ) ) ;
#9132 = CARTESIAN_POINT ( 'NONE',  ( -84.51155902466446435, 137.2002316347474391, 128.7224668902837266 ) ) ;
#9134 = VECTOR ( 'NONE', #6498, 1000.000000000000000 ) ;
#9135 = LINE ( 'NONE', #6100, #3671 ) ;
#9136 = CARTESIAN_POINT ( 'NONE',  ( -79.94004116164663287, 76.39555098386412624, 66.17189872940258510 ) ) ;
#9137 = CARTESIAN_POINT ( 'NONE',  ( -77.74070492720811387, 140.8719475623819335, 60.94546903656900128 ) ) ;
#9138 = FACE_OUTER_BOUND ( 'NONE', #7638, .T. ) ;
#9139 = CARTESIAN_POINT ( 'NONE',  ( -74.78852960328464405, 67.52480705738848599, 87.83158352442025318 ) ) ;
#9140 = CARTESIAN_POINT ( 'NONE',  ( -88.81559007205517275, 112.5429678626782817, 91.96147921292704552 ) ) ;
#9141 = ORIENTED_EDGE ( 'NONE', *, *, #8953, .F. ) ;
#9142 = CARTESIAN_POINT ( 'NONE',  ( -90.48793335176981145, 118.3828740087991918, 105.0823160517915369 ) ) ;
#9143 = ORIENTED_EDGE ( 'NONE', *, *, #520, .T. ) ;
#9144 = DIRECTION ( 'NONE',  ( 1.000000000000000000, -0.000000000000000000, -0.000000000000000000 ) ) ;
#9145 = AXIS2_PLACEMENT_3D ( 'NONE', #5419, #8455, #7718 ) ;
#9146 = ORIENTED_EDGE ( 'NONE', *, *, #6804, .T. ) ;
#9147 = CARTESIAN_POINT ( 'NONE',  ( -84.92062309794935970, 125.6811661252345829, 99.99386086279852748 ) ) ;
#9148 = CARTESIAN_POINT ( 'NONE',  ( -84.40557561824458332, 135.7580658495655825, 129.1530455177681631 ) ) ;
#9149 = CARTESIAN_POINT ( 'NONE',  ( -86.78852960328464405, 86.94190798175786483, 115.1057407317052821 ) ) ;
#9150 = AXIS2_PLACEMENT_3D ( 'NONE', #9697, #8296, #5206 ) ;
#9151 = EDGE_CURVE ( 'NONE', #7333, #7822, #1751, .T. ) ;
#9152 = LINE ( 'NONE', #3972, #7430 ) ;
#9153 = CARTESIAN_POINT ( 'NONE',  ( -83.38852960328463837, 133.6309159640421456, 97.28049982365568837 ) ) ;
#9154 = ORIENTED_EDGE ( 'NONE', *, *, #7808, .T. ) ;
#9155 = FACE_OUTER_BOUND ( 'NONE', #5422, .T. ) ;
#9156 = CARTESIAN_POINT ( 'NONE',  ( -83.46764645988618270, 141.9419079817875229, 155.0057407317052878 ) ) ;
#9157 = DIRECTION ( 'NONE',  ( 0.000000000000000000, -0.06663512414119297789, -0.9977774101625511705 ) ) ;
#9158 = CARTESIAN_POINT ( 'NONE',  ( -90.76967473240667061, 61.30860171576829742, 111.0499664956359140 ) ) ;
#9159 = CIRCLE ( 'NONE', #1268, 3.000000000000002665 ) ;
#9160 = EDGE_CURVE ( 'NONE', #431, #6846, #9648, .T. ) ;
#9161 = CARTESIAN_POINT ( 'NONE',  ( -90.34532073530472474, 118.8199934992465501, 123.7192407443516231 ) ) ;
#9162 = EDGE_CURVE ( 'NONE', #3895, #5942, #5861, .T. ) ;
#9163 = DIRECTION ( 'NONE',  ( 1.000000000000000000, -0.000000000000000000, -0.000000000000000000 ) ) ;
#9164 = CARTESIAN_POINT ( 'NONE',  ( -78.16719513713609047, 97.07581006620709729, 163.0839136819819259 ) ) ;
#9165 = EDGE_CURVE ( 'NONE', #5239, #5619, #9578, .T. ) ;
#9166 = CARTESIAN_POINT ( 'NONE',  ( -87.78852960328462984, 110.9293568147877664, 94.16542175927874325 ) ) ;
#9167 = VERTEX_POINT ( 'NONE', #3580 ) ;
#9168 = CARTESIAN_POINT ( 'NONE',  ( -84.34958480841602579, 135.8580022699419487, 97.53107401986079594 ) ) ;
#9169 = AXIS2_PLACEMENT_3D ( 'NONE', #4283, #1118, #7148 ) ;
#9170 = CARTESIAN_POINT ( 'NONE',  ( -94.87364774114004717, 133.6309159640421456, 97.28049982365568837 ) ) ;
#9171 = VERTEX_POINT ( 'NONE', #6033 ) ;
#9172 = EDGE_LOOP ( 'NONE', ( #9216, #1116 ) ) ;
#9173 = AXIS2_PLACEMENT_3D ( 'NONE', #173, #4629, #5344 ) ;
#9174 = LINE ( 'NONE', #119, #5354 ) ;
#9175 = EDGE_CURVE ( 'NONE', #1645, #6798, #4577, .T. ) ;
#9176 = AXIS2_PLACEMENT_3D ( 'NONE', #4772, #7838, #4078 ) ;
#9177 = CARTESIAN_POINT ( 'NONE',  ( -85.97090709588684376, 122.5309159640421228, 107.2804998236556884 ) ) ;
#9178 = B_SPLINE_CURVE_WITH_KNOTS ( 'NONE', 3,
 ( #3392, #8528, #9279, #7793, #4035, #6378, #1910, #7036, #4080, #7084, #334, #3347, #4915, #1165, #9385, #612, #5138, #1302 ),
 .UNSPECIFIED., .F., .F.,
 ( 4, 2, 2, 2, 2, 2, 2, 2, 4 ),
 ( 0.000000000000000000, 0.0005907666580923284089, 0.001181533316184656818, 0.001772299974276985227, 0.002363066632369313635, 0.002953833290461642044, 0.003544599948553970453, 0.004135366606646298862, 0.004726133264738627271 ),
 .UNSPECIFIED. ) ;
#9179 = CARTESIAN_POINT ( 'NONE',  ( -79.39219159042427520, 93.91907405508908369, 61.71213843810387090 ) ) ;
#9180 = CARTESIAN_POINT ( 'NONE',  ( -71.62343210826307427, 69.28151800167140095, 149.7325884709703701 ) ) ;
#9181 = CARTESIAN_POINT ( 'NONE',  ( -89.08897674852572379, 139.5329617591170859, 93.50890416799454385 ) ) ;
#9182 = CARTESIAN_POINT ( 'NONE',  ( -72.28852960328462984, 113.3119079817578125, 115.5054217592787325 ) ) ;
#9183 = CARTESIAN_POINT ( 'NONE',  ( -83.38852960328449626, 136.1535372276673286, 95.58049982365568553 ) ) ;
#9184 = CARTESIAN_POINT ( 'NONE',  ( -79.88587211722580150, 76.31608346458317271, 66.25917437767456875 ) ) ;
#9185 = CARTESIAN_POINT ( 'NONE',  ( -79.39203226140463698, 93.91946273542109225, 165.2991608639655112 ) ) ;
#9186 = EDGE_LOOP ( 'NONE', ( #7301, #6328, #8352, #799 ) ) ;
#9187 = CARTESIAN_POINT ( 'NONE',  ( -71.06543719070971576, 114.2442951448019386, 96.69073765496912642 ) ) ;
#9188 = CIRCLE ( 'NONE', #6319, 1.600000000000004086 ) ;
#9189 = PLANE ( 'NONE',  #641 ) ;
#9190 = AXIS2_PLACEMENT_3D ( 'NONE', #4746, #7821, #1590 ) ;
#9191 = ADVANCED_FACE ( 'NONE', ( #6579 ), #7475, .T. ) ;
#9192 = EDGE_CURVE ( 'NONE', #5004, #7441, #1450, .T. ) ;
#9193 = DIRECTION ( 'NONE',  ( -1.000000000000000000, 0.000000000000000000, 0.000000000000000000 ) ) ;
#9194 = CARTESIAN_POINT ( 'NONE',  ( -78.78852960328464405, 151.4118184630514179, 141.3715593086814692 ) ) ;
#9195 = VECTOR ( 'NONE', #8835, 1000.000000000000000 ) ;
#9196 = CARTESIAN_POINT ( 'NONE',  ( -94.87364774114004717, 143.6309159640421456, 107.2804998236556884 ) ) ;
#9197 = DIRECTION ( 'NONE',  ( 0.000000000000000000, -0.000000000000000000, -1.000000000000000000 ) ) ;
#9198 = CARTESIAN_POINT ( 'NONE',  ( -89.42568157845256849, 115.3119079817578552, 131.8573423920573191 ) ) ;
#9199 = CARTESIAN_POINT ( 'NONE',  ( -84.78274794928499603, 126.7662211535130439, 127.5522560523122166 ) ) ;
#9200 = CARTESIAN_POINT ( 'NONE',  ( -74.78852960328464405, 67.14113267551647368, 88.78725280721268120 ) ) ;
#9201 = ORIENTED_EDGE ( 'NONE', *, *, #9618, .T. ) ;
#9202 = CARTESIAN_POINT ( 'NONE',  ( -76.78852960328464405, 83.02245940895092247, 65.35278865908517787 ) ) ;
#9203 = CARTESIAN_POINT ( 'NONE',  ( -77.87871578596957534, 87.00289080214427884, 61.25779513156511769 ) ) ;
#9204 = CARTESIAN_POINT ( 'NONE',  ( -70.79059220439066280, 115.1569808620240849, 132.3621938149601078 ) ) ;
#9205 = ORIENTED_EDGE ( 'NONE', *, *, #7351, .F. ) ;
#9206 = PLANE ( 'NONE',  #5204 ) ;
#9207 = EDGE_CURVE ( 'NONE', #593, #7494, #9188, .T. ) ;
#9208 = DIRECTION ( 'NONE',  ( 0.000000000000000000, 0.000000000000000000, -1.000000000000000000 ) ) ;
#9209 = EDGE_CURVE ( 'NONE', #3286, #8534, #9060, .T. ) ;
#9210 = ORIENTED_EDGE ( 'NONE', *, *, #5823, .F. ) ;
#9211 = CARTESIAN_POINT ( 'NONE',  ( -81.28966994434523485, 78.23985008520031670, 66.23319344585290480 ) ) ;
#9212 = CARTESIAN_POINT ( 'NONE',  ( -84.96513676809435367, 125.4607387447691167, 100.2085391712301146 ) ) ;
#9213 = CARTESIAN_POINT ( 'NONE',  ( -84.91873861726588757, 140.4719128573544253, 99.98478809213041529 ) ) ;
#9214 = CARTESIAN_POINT ( 'NONE',  ( -78.78852960328464405, 86.94190798175786483, 113.5057407317052736 ) ) ;
#9215 = CARTESIAN_POINT ( 'NONE',  ( -78.78852960328465826, 69.54571302953515044, 143.7986502773448763 ) ) ;
#9216 = ORIENTED_EDGE ( 'NONE', *, *, #4696, .F. ) ;
#9217 = CARTESIAN_POINT ( 'NONE',  ( -72.28852960328462984, 113.3119079817578125, 112.0057617013668363 ) ) ;
#9218 = FACE_OUTER_BOUND ( 'NONE', #5635, .T. ) ;
#9219 = DIRECTION ( 'NONE',  ( 0.000000000000000000, 0.000000000000000000, -1.000000000000000000 ) ) ;
#9220 = ADVANCED_FACE ( 'NONE', ( #5097 ), #1506, .F. ) ;
#9221 = CARTESIAN_POINT ( 'NONE',  ( -71.60435360180845521, 70.28277388823970284, 76.91553831154998022 ) ) ;
#9222 = CARTESIAN_POINT ( 'NONE',  ( -88.56496191340853841, 156.1742738515050917, 106.1831290129922820 ) ) ;
#9223 = CARTESIAN_POINT ( 'NONE',  ( -90.06474235785731253, 146.4265010035989576, 100.4495907342640919 ) ) ;
#9224 = CARTESIAN_POINT ( 'NONE',  ( -87.45373018936196274, 111.3995040301498278, 133.6514921911459624 ) ) ;
#9225 = CARTESIAN_POINT ( 'NONE',  ( -85.26298299601894826, 141.9695779912449609, 101.7608202615633530 ) ) ;
#9226 = ORIENTED_EDGE ( 'NONE', *, *, #7547, .T. ) ;
#9227 = ORIENTED_EDGE ( 'NONE', *, *, #2063, .T. ) ;
#9228 = CARTESIAN_POINT ( 'NONE',  ( -88.91768532822150917, 129.4964043692182258, 92.52625459074829450 ) ) ;
#9229 = CARTESIAN_POINT ( 'NONE',  ( -81.41401359785103864, 78.01991924493366071, 160.4671925511008510 ) ) ;
#9230 = EDGE_CURVE ( 'NONE', #890, #4075, #9525, .T. ) ;
#9231 = CARTESIAN_POINT ( 'NONE',  ( -79.48403043813308955, 76.52558403589497971, 65.93739251243319188 ) ) ;
#9232 = DIRECTION ( 'NONE',  ( 1.000000000000000000, 0.000000000000000000, 0.000000000000000000 ) ) ;
#9233 = CYLINDRICAL_SURFACE ( 'NONE', #2559, 3.000000000000002665 ) ;
#9234 = CARTESIAN_POINT ( 'NONE',  ( -88.95875631829169095, 137.5510531929207616, 92.75774651743117261 ) ) ;
#9235 = CARTESIAN_POINT ( 'NONE',  ( -78.78852960328464405, 125.3309159640421626, 95.58049982365568553 ) ) ;
#9236 = DIRECTION ( 'NONE',  ( 0.000000000000000000, -0.7071014164207412023, 0.7071121459116519459 ) ) ;
#9237 = DIRECTION ( 'NONE',  ( 0.000000000000000000, 0.000000000000000000, -1.000000000000000000 ) ) ;
#9238 = CARTESIAN_POINT ( 'NONE',  ( -74.78852960328464405, 66.42985762600099520, 90.66181271472001413 ) ) ;
#9239 = EDGE_LOOP ( 'NONE', ( #5536, #517, #1935 ) ) ;
#9240 = CARTESIAN_POINT ( 'NONE',  ( -70.95856703744226479, 114.5530360199621782, 96.68399807575336524 ) ) ;
#9241 = EDGE_CURVE ( 'NONE', #8044, #3199, #6551, .T. ) ;
#9242 = CARTESIAN_POINT ( 'NONE',  ( -71.97126817854049818, 70.68476797224417396, 76.71999985694215241 ) ) ;
#9243 = CARTESIAN_POINT ( 'NONE',  ( -90.79437979586838026, 61.26445153446416469, 105.2823696894404435 ) ) ;
#9244 = CARTESIAN_POINT ( 'NONE',  ( -82.59672865488693105, 73.97272343714789145, 157.4246640787779938 ) ) ;
#9245 = B_SPLINE_CURVE_WITH_KNOTS ( 'NONE', 3,
 ( #7742, #967, #8530, #9337 ),
 .UNSPECIFIED., .F., .F.,
 ( 4, 4 ),
 ( 0.000000000000000000, 0.005404142968647064268 ),
 .UNSPECIFIED. ) ;
#9246 = CARTESIAN_POINT ( 'NONE',  ( -83.38852960328463837, 135.3251101029211441, 95.58049982365568553 ) ) ;
#9247 = ADVANCED_FACE ( 'NONE', ( #9273 ), #7771, .F. ) ;
#9248 = CARTESIAN_POINT ( 'NONE',  ( -78.41501825023497929, 81.41141280376652389, 62.82207159945092911 ) ) ;
#9249 = CARTESIAN_POINT ( 'NONE',  ( -85.16594229241577807, 124.7618427699346313, 125.6766964888413582 ) ) ;
#9250 = CARTESIAN_POINT ( 'NONE',  ( -78.78852960328464405, 86.78156815438114791, 71.25779513156508926 ) ) ;
#9251 = ORIENTED_EDGE ( 'NONE', *, *, #9736, .F. ) ;
#9252 = CARTESIAN_POINT ( 'NONE',  ( -74.78852960328464405, 71.17214223352122815, 76.59278082444694746 ) ) ;
#9253 = ORIENTED_EDGE ( 'NONE', *, *, #755, .F. ) ;
#9254 = FACE_OUTER_BOUND ( 'NONE', #5830, .T. ) ;
#9255 = ORIENTED_EDGE ( 'NONE', *, *, #6677, .F. ) ;
#9256 = B_SPLINE_CURVE_WITH_KNOTS ( 'NONE', 3,
 ( #9030, #3208, #174, #7645 ),
 .UNSPECIFIED., .F., .F.,
 ( 4, 4 ),
 ( 0.000000000000000000, 1.000000000000000000 ),
 .UNSPECIFIED. ) ;
#9257 = CARTESIAN_POINT ( 'NONE',  ( -85.75300280265382469, 122.7783261841633760, 105.0674747652401493 ) ) ;
#9258 = ADVANCED_FACE ( 'NONE', ( #266 ), #6278, .F. ) ;
#9259 = CARTESIAN_POINT ( 'NONE',  ( -84.84926636418984458, 140.1062473609119650, 99.65836256502848300 ) ) ;
#9260 = CARTESIAN_POINT ( 'NONE',  ( -83.38852960328463837, 122.5309159640421228, 107.2804998236556884 ) ) ;
#9261 = CARTESIAN_POINT ( 'NONE',  ( -87.79331782769442327, 113.3119079817577983, 128.9074004424618067 ) ) ;
#9262 = CARTESIAN_POINT ( 'NONE',  ( -90.74675737501092954, 103.7601820353785627, 112.3680609371597257 ) ) ;
#9263 = ORIENTED_EDGE ( 'NONE', *, *, #9798, .F. ) ;
#9264 = CARTESIAN_POINT ( 'NONE',  ( -74.78852960328464405, 73.48687166150119765, 151.0528880909920133 ) ) ;
#9265 = CARTESIAN_POINT ( 'NONE',  ( -74.78852960328464405, 69.71022140330219941, 77.11880475216300113 ) ) ;
#9266 = CARTESIAN_POINT ( 'NONE',  ( -72.19623078502874591, 71.55483274413852257, 76.31930886705870876 ) ) ;
#9267 = CARTESIAN_POINT ( 'NONE',  ( -72.17641400730693135, 113.3671050943059129, 133.6754081806171257 ) ) ;
#9268 = CYLINDRICAL_SURFACE ( 'NONE', #6155, 2.000000000000001776 ) ;
#9269 = CARTESIAN_POINT ( 'NONE',  ( -78.37741671862553972, 111.8688076255531314, 164.5904987380681916 ) ) ;
#9270 = CARTESIAN_POINT ( 'NONE',  ( -88.88340646697959357, 111.3119079817578267, 113.5054217154163894 ) ) ;
#9271 = EDGE_CURVE ( 'NONE', #1240, #9674, #7132, .T. ) ;
#9272 = ORIENTED_EDGE ( 'NONE', *, *, #6207, .F. ) ;
#9273 = FACE_OUTER_BOUND ( 'NONE', #6982, .T. ) ;
#9274 = LINE ( 'NONE', #9170, #8991 ) ;
#9275 = ORIENTED_EDGE ( 'NONE', *, *, #223, .F. ) ;
#9276 = ORIENTED_EDGE ( 'NONE', *, *, #5964, .F. ) ;
#9277 = CARTESIAN_POINT ( 'NONE',  ( -79.56293476063900982, 141.5904577252661340, 164.8949111331629069 ) ) ;
#9278 = B_SPLINE_SURFACE_WITH_KNOTS ( 'NONE', 3, 1, ( 
 ( #8978, #6721 ),
 ( #2257, #6234 ),
 ( #2305, #2473 ),
 ( #8527, #6875 ),
 ( #2360, #4079 ),
 ( #6335, #383 ),
 ( #5687, #6574 ),
 ( #1345, #2096 ),
 ( #8967, #4373 ),
 ( #7415, #667 ),
 ( #3723, #804 ),
 ( #946, #6226 ),
 ( #1, #4559 ),
 ( #6812, #1201 ),
 ( #4813, #7075 ),
 ( #5583, #3129 ),
 ( #6066, #5329 ),
 ( #1750, #8367 ),
 ( #3240, #7677 ),
 ( #8511, #2346 ),
 ( #4706, #3821 ),
 ( #101, #4662 ),
 ( #3924, #2406 ),
 ( #4758, #4024 ),
 ( #154, #1600 ),
 ( #8425, #899 ),
 ( #6860, #7728 ),
 ( #6918, #50 ),
 ( #6170, #9264 ),
 ( #945, #3867 ) ),
 .UNSPECIFIED., .F., .F., .F.,
 ( 4, 2, 2, 2, 2, 2, 2, 2, 2, 2, 2, 2, 2, 2, 4 ),
 ( 2, 2 ),
 ( 0.07923369437160660000, 0.1249999999999996669, 0.1874999999999996669, 0.2187499999999996669, 0.2499999999999996669, 0.3750000000000004441, 0.4375000000000008882, 0.4687500000000011102, 0.5000000000000013323, 0.6250000000000017764, 0.6562500000000017764, 0.6875000000000015543, 0.7500000000000013323, 0.8750000000000006661, 0.9189448717951681500 ),
 ( 0.000000000000000000, 1.000000000000000000 ),
 .UNSPECIFIED. ) ;
#9279 = CARTESIAN_POINT ( 'NONE',  ( -84.71297653880067458, 106.5293195501473349, 103.0903672917187635 ) ) ;
#9280 = DIRECTION ( 'NONE',  ( 0.000000000000000000, 0.000000000000000000, 1.000000000000000000 ) ) ;
#9281 = DIRECTION ( 'NONE',  ( 0.000000000000000000, 0.000000000000000000, 1.000000000000000000 ) ) ;
#9282 = CARTESIAN_POINT ( 'NONE',  ( -83.38852960328463837, 125.3309159640421626, 126.0804998236556855 ) ) ;
#9283 = CARTESIAN_POINT ( 'NONE',  ( -79.78143618226803824, 76.20919055311350121, 66.38366790416071694 ) ) ;
#9284 = ORIENTED_EDGE ( 'NONE', *, *, #5560, .F. ) ;
#9285 = CARTESIAN_POINT ( 'NONE',  ( -70.80495267519830804, 115.0074311458493810, 97.22727911118120403 ) ) ;
#9286 = DIRECTION ( 'NONE',  ( 1.000000000000000000, -0.000000000000000000, -0.000000000000000000 ) ) ;
#9287 = CIRCLE ( 'NONE', #9453, 2.000000000000009770 ) ;
#9288 = DIRECTION ( 'NONE',  ( 1.000000000000000000, 0.000000000000000000, 0.000000000000000000 ) ) ;
#9289 = CARTESIAN_POINT ( 'NONE',  ( -89.78852960328462984, 104.4468056478177402, 103.0725956219346386 ) ) ;
#9290 = DIRECTION ( 'NONE',  ( 0.000000000000000000, -0.9977774101625509484, 0.06663512414119440730 ) ) ;
#9291 = CARTESIAN_POINT ( 'NONE',  ( -85.20951238469848477, 124.3949765224525805, 101.4638652632820595 ) ) ;
#9292 = B_SPLINE_CURVE_WITH_KNOTS ( 'NONE', 3,
 ( #8896, #2323, #5358, #4641, #6009, #3898, #6696, #6895, #6150, #4457, #1482, #5212, #7503, #1683, #4099, #3361, #7708, #3221, #5512, #6346, #4736, #5063, #3491, #3447, #1968, #8137, #5754, #4965, #7990, #8983 ),
 .UNSPECIFIED., .F., .F.,
 ( 4, 2, 2, 2, 2, 2, 2, 2, 2, 2, 2, 2, 2, 2, 4 ),
 ( 0.000000000000000000, 0.005499371380804484594, 0.01099874276160896919, 0.02199748552321784470, 0.02749685690402232235, 0.03024654259442455945, 0.03299622828482680348, 0.04399497104643586287, 0.04949434242724037869, 0.05499371380804488757, 0.06049308518884940339, 0.06599245656965391227, 0.07699119933126294391, 0.08249057071206744585, 0.08798994209287196167 ),
 .UNSPECIFIED. ) ;
#9293 = ORIENTED_EDGE ( 'NONE', *, *, #3587, .F. ) ;
#9294 = DIRECTION ( 'NONE',  ( 0.000000000000000000, 0.000000000000000000, 1.000000000000000000 ) ) ;
#9295 = DIRECTION ( 'NONE',  ( 0.000000000000000000, -0.000000000000000000, 1.000000000000000000 ) ) ;
#9296 = CARTESIAN_POINT ( 'NONE',  ( -80.00574577784109920, 97.07581006620711150, 163.8711439796479112 ) ) ;
#9297 = CIRCLE ( 'NONE', #5312, 7.000000000000006217 ) ;
#9298 = CARTESIAN_POINT ( 'NONE',  ( -74.78852960328464405, 68.36474617724657321, 141.3992330477624364 ) ) ;
#9299 = CARTESIAN_POINT ( 'NONE',  ( -72.28852960328462984, 113.3119079817578267, 131.5054217592787609 ) ) ;
#9300 = ORIENTED_EDGE ( 'NONE', *, *, #8400, .T. ) ;
#9301 = CARTESIAN_POINT ( 'NONE',  ( -80.18385463852908401, 148.3271841951357430, 163.4624281909749755 ) ) ;
#9302 = EDGE_LOOP ( 'NONE', ( #868, #3365, #7719, #4462 ) ) ;
#9303 = CARTESIAN_POINT ( 'NONE',  ( -79.57357169115505258, 141.0095640216830759, 164.8705567018639897 ) ) ;
#9304 = CARTESIAN_POINT ( 'NONE',  ( -70.29137102766702583, 63.95327367928711482, 128.0275530135807003 ) ) ;
#9305 = DIRECTION ( 'NONE',  ( 0.000000000000000000, 0.000000000000000000, 1.000000000000000000 ) ) ;
#9306 = FACE_OUTER_BOUND ( 'NONE', #1126, .T. ) ;
#9307 = ORIENTED_EDGE ( 'NONE', *, *, #428, .F. ) ;
#9308 = CARTESIAN_POINT ( 'NONE',  ( -80.51694255077043749, 79.58233221152239878, 64.33778872638094981 ) ) ;
#9309 = LINE ( 'NONE', #4698, #3475 ) ;
#9310 = EDGE_CURVE ( 'NONE', #4251, #3169, #3506, .T. ) ;
#9311 = CARTESIAN_POINT ( 'NONE',  ( -90.20466558274107172, 146.9808933817291177, 101.7770779166710042 ) ) ;
#9312 = CARTESIAN_POINT ( 'NONE',  ( -83.77138753477026967, 112.6239594740691530, 92.61435416444261648 ) ) ;
#9313 = CARTESIAN_POINT ( 'NONE',  ( -70.78852960328462984, 78.63191675939015113, 158.8634014860263903 ) ) ;
#9314 = CARTESIAN_POINT ( 'NONE',  ( -78.78852960328464405, 73.40691235736599651, 75.43894390759983537 ) ) ;
#9315 = AXIS2_PLACEMENT_3D ( 'NONE', #9802, #589, #3801 ) ;
#9316 = CARTESIAN_POINT ( 'NONE',  ( -90.23464541976446185, 104.6969602341522858, 114.2506472566135898 ) ) ;
#9317 = EDGE_LOOP ( 'NONE', ( #2558, #1206 ) ) ;
#9318 = PLANE ( 'NONE',  #5529 ) ;
#9319 = CARTESIAN_POINT ( 'NONE',  ( -72.28852960328462984, 152.3446421799375514, 132.7125267394740717 ) ) ;
#9320 = CARTESIAN_POINT ( 'NONE',  ( -74.78852960328464405, 70.28277388816486848, 76.91553831158488208 ) ) ;
#9321 = EDGE_CURVE ( 'NONE', #3128, #6035, #1155, .T. ) ;
#9322 = EDGE_CURVE ( 'NONE', #2144, #2716, #2705, .T. ) ;
#9323 = CARTESIAN_POINT ( 'NONE',  ( -89.30017253269687671, 111.4491146202597491, 113.4365074922080083 ) ) ;
#9324 = AXIS2_PLACEMENT_3D ( 'NONE', #5746, #8772, #8032 ) ;
#9325 = FACE_OUTER_BOUND ( 'NONE', #9348, .T. ) ;
#9326 = ORIENTED_EDGE ( 'NONE', *, *, #2532, .T. ) ;
#9327 = CARTESIAN_POINT ( 'NONE',  ( -84.97622765858123728, 140.7547533790107082, 100.2625471588247024 ) ) ;
#9328 = CARTESIAN_POINT ( 'NONE',  ( -70.78852960328462984, 69.37240904427810051, 149.8967431349185802 ) ) ;
#9329 = ORIENTED_EDGE ( 'NONE', *, *, #800, .F. ) ;
#9330 = ORIENTED_EDGE ( 'NONE', *, *, #597, .T. ) ;
#9331 = AXIS2_PLACEMENT_3D ( 'NONE', #6516, #5770, #8798 ) ;
#9332 = CARTESIAN_POINT ( 'NONE',  ( -84.73440418941737562, 139.0752749503249674, 127.7687201442014100 ) ) ;
#9333 = ADVANCED_FACE ( 'NONE', ( #4072 ), #2336, .T. ) ;
#9334 = CARTESIAN_POINT ( 'NONE',  ( -83.34319728322613230, 69.41391751894943241, 77.03950587793131888 ) ) ;
#9335 = AXIS2_PLACEMENT_3D ( 'NONE', #8888, #7444, #74 ) ;
#9336 = DIRECTION ( 'NONE',  ( 0.000000000000000000, -1.000000000000000000, -3.469446951953623261E-15 ) ) ;
#9337 = CARTESIAN_POINT ( 'NONE',  ( -79.57943663257526623, 76.96010700503333624, 161.3554375618793131 ) ) ;
#9338 = DIRECTION ( 'NONE',  ( -1.000000000000000000, -0.000000000000000000, -0.000000000000000000 ) ) ;
#9339 = CARTESIAN_POINT ( 'NONE',  ( -78.78852960328464405, 145.8309159640421626, 126.0804998236556855 ) ) ;
#9340 = CARTESIAN_POINT ( 'NONE',  ( -84.90590797308983895, 139.2303844344382924, 76.30402439852807106 ) ) ;
#9341 = VERTEX_POINT ( 'NONE', #7834 ) ;
#9342 = CARTESIAN_POINT ( 'NONE',  ( -70.79067217804413303, 115.1785806871794620, 97.33671249859111185 ) ) ;
#9343 = CARTESIAN_POINT ( 'NONE',  ( -81.12032296323513947, 77.49483375101932836, 66.11802323725980557 ) ) ;
#9344 = AXIS2_PLACEMENT_3D ( 'NONE', #1785, #977, #2320 ) ;
#9345 = CARTESIAN_POINT ( 'NONE',  ( -82.51752500505567411, 76.05023230349964081, 157.6281796266763706 ) ) ;
#9346 = CARTESIAN_POINT ( 'NONE',  ( -88.24335004707549501, 106.3602980968681635, 134.2317549928841061 ) ) ;
#9347 = CARTESIAN_POINT ( 'NONE',  ( -83.56508681009900386, 74.17955314351972618, 154.7449738618752519 ) ) ;
#9348 = EDGE_LOOP ( 'NONE', ( #8519, #1552, #5858, #5374 ) ) ;
#9349 = CARTESIAN_POINT ( 'NONE',  ( -73.28852960328462984, 114.3119079817578125, 115.5054217592787325 ) ) ;
#9350 = CARTESIAN_POINT ( 'NONE',  ( -83.99512088561084511, 139.3240430525703175, 73.52787532857418284 ) ) ;
#9351 = CIRCLE ( 'NONE', #6310, 2.000000000000009770 ) ;
#9352 = DIRECTION ( 'NONE',  ( 0.000000000000000000, 0.000000000000000000, -1.000000000000000000 ) ) ;
#9353 = FACE_OUTER_BOUND ( 'NONE', #5434, .T. ) ;
#9354 = AXIS2_PLACEMENT_3D ( 'NONE', #291, #4841, #7000 ) ;
#9355 = CARTESIAN_POINT ( 'NONE',  ( -78.78852960328464405, 127.1682114851169842, 64.89507905005440591 ) ) ;
#9356 = CARTESIAN_POINT ( 'NONE',  ( -89.78852960328462984, 113.3119079817578125, 103.0725956219346386 ) ) ;
#9357 = ORIENTED_EDGE ( 'NONE', *, *, #3387, .T. ) ;
#9358 = CARTESIAN_POINT ( 'NONE',  ( -80.59268895945379541, 147.2487443485807148, 162.4811892713839541 ) ) ;
#9359 = DIRECTION ( 'NONE',  ( -1.000000000000000000, -0.000000000000000000, -0.000000000000000000 ) ) ;
#9360 = ORIENTED_EDGE ( 'NONE', *, *, #8773, .T. ) ;
#9361 = LINE ( 'NONE', #4802, #6126 ) ;
#9362 = FACE_BOUND ( 'NONE', #1402, .T. ) ;
#9363 = CARTESIAN_POINT ( 'NONE',  ( -88.92237934404440125, 132.5309159640421228, 134.4582889486796660 ) ) ;
#9364 = VERTEX_POINT ( 'NONE', #515 ) ;
#9365 = AXIS2_PLACEMENT_3D ( 'NONE', #2925, #7386, #9036 ) ;
#9366 = CARTESIAN_POINT ( 'NONE',  ( -81.13553539218330002, 151.6532541571494335, 156.0134921710264280 ) ) ;
#9367 = B_SPLINE_SURFACE_WITH_KNOTS ( 'NONE', 2, 1, ( 
 ( #7440, #2729 ),
 ( #8244, #7491 ),
 ( #8333, #9122 ) ),
 .UNSPECIFIED., .F., .F., .F.,
 ( 3, 3 ),
 ( 2, 2 ),
 ( 0.005372113776435713875, 0.9951097645450710516 ),
 ( 0.000000000000000000, 1.000000000000000000 ),
 .UNSPECIFIED. ) ;
#9368 = CARTESIAN_POINT ( 'NONE',  ( -85.37649507719604003, 142.3716023146955081, 102.4197289711667906 ) ) ;
#9369 = CARTESIAN_POINT ( 'NONE',  ( -71.80822016072042402, 113.5134407716645057, 96.32899705520507894 ) ) ;
#9370 = CARTESIAN_POINT ( 'NONE',  ( -83.38852960328463837, 140.8309159640421626, 126.0804998236556855 ) ) ;
#9371 = CARTESIAN_POINT ( 'NONE',  ( -78.37741671862553972, 111.8688076255531314, 164.5904987380681916 ) ) ;
#9372 = CARTESIAN_POINT ( 'NONE',  ( -73.28852960328462984, 113.3119079817578267, 131.5054217592787609 ) ) ;
#9373 = VERTEX_POINT ( 'NONE', #7175 ) ;
#9374 = CARTESIAN_POINT ( 'NONE',  ( -71.57302852182355934, 114.0836446836457014, 133.8550567870170482 ) ) ;
#9375 = EDGE_CURVE ( 'NONE', #7512, #7163, #8686, .T. ) ;
#9376 = CARTESIAN_POINT ( 'NONE',  ( -76.72166247442626741, 81.16133242578094098, 167.5301283145041680 ) ) ;
#9377 = CARTESIAN_POINT ( 'NONE',  ( -74.78852960328464405, 71.21918223574462559, 76.47863238026758381 ) ) ;
#9378 = CARTESIAN_POINT ( 'NONE',  ( -88.87338627122595369, 156.3619907179597135, 115.3021112586767742 ) ) ;
#9379 = EDGE_CURVE ( 'NONE', #2798, #7324, #1392, .T. ) ;
#9380 = ORIENTED_EDGE ( 'NONE', *, *, #2048, .F. ) ;
#9381 = DIRECTION ( 'NONE',  ( -1.000000000000000000, -0.000000000000000000, -0.000000000000000000 ) ) ;
#9382 = VERTEX_POINT ( 'NONE', #8216 ) ;
#9383 = ORIENTED_EDGE ( 'NONE', *, *, #125, .T. ) ;
#9384 = DIRECTION ( 'NONE',  ( 1.000000000000000000, 0.000000000000000000, -0.000000000000000000 ) ) ;
#9385 = CARTESIAN_POINT ( 'NONE',  ( -82.66441005048902468, 104.5522851977432879, 104.9556449126688449 ) ) ;
#9386 = CARTESIAN_POINT ( 'NONE',  ( -85.87813743625761731, 143.5503112282725908, 120.6890329238262183 ) ) ;
#9387 = CARTESIAN_POINT ( 'NONE',  ( -78.78852960328464405, 104.4468056478177402, 91.96147921292704552 ) ) ;
#9388 = EDGE_CURVE ( 'NONE', #88, #2075, #7370, .T. ) ;
#9389 = CARTESIAN_POINT ( 'NONE',  ( -70.78852960328462984, 141.5581117127231039, 70.92190020000548145 ) ) ;
#9390 = CARTESIAN_POINT ( 'NONE',  ( -70.80460014196395946, 152.3590941392727700, 132.5688033492421596 ) ) ;
#9391 = EDGE_CURVE ( 'NONE', #1300, #6345, #5883, .T. ) ;
#9392 = CARTESIAN_POINT ( 'NONE',  ( -85.38296674487322946, 140.9519359335089348, 77.84469824408871830 ) ) ;
#9393 = ORIENTED_EDGE ( 'NONE', *, *, #3746, .F. ) ;
#9394 = CARTESIAN_POINT ( 'NONE',  ( -70.79948860070122407, 115.0414154643618900, 97.29394177203873539 ) ) ;
#9395 = CARTESIAN_POINT ( 'NONE',  ( 0.000000000000000000, 0.000000000000000000, 0.000000000000000000 ) ) ;
#9396 = CARTESIAN_POINT ( 'NONE',  ( -90.37640228595125791, 118.6380706879832161, 103.6560959571910985 ) ) ;
#9397 = CARTESIAN_POINT ( 'NONE',  ( -70.80495267519773961, 115.0419799643928656, 132.5255369436335116 ) ) ;
#9398 = CARTESIAN_POINT ( 'NONE',  ( -88.70644214069473321, 104.0965186230378094, 135.4819978406752909 ) ) ;
#9399 = CARTESIAN_POINT ( 'NONE',  ( -85.49374865560626802, 123.4175468615707416, 103.1509854520000573 ) ) ;
#9400 = VERTEX_POINT ( 'NONE', #2190 ) ;
#9401 = CARTESIAN_POINT ( 'NONE',  ( -70.78852960328462984, 148.6291795245886078, 63.85083238814000595 ) ) ;
#9402 = CARTESIAN_POINT ( 'NONE',  ( -87.03720698633888730, 107.3119079817578267, 133.5347543482562287 ) ) ;
#9403 = CARTESIAN_POINT ( 'NONE',  ( -70.78852960328462984, 76.17700562666577468, 66.42289414498495148 ) ) ;
#9404 = CARTESIAN_POINT ( 'NONE',  ( -72.86117706225894608, 74.23391386651537971, 152.2688336965107965 ) ) ;
#9405 = EDGE_LOOP ( 'NONE', ( #7344, #2232, #6779, #8666 ) ) ;
#9406 = EDGE_CURVE ( 'NONE', #7281, #422, #4336, .T. ) ;
#9407 = LINE ( 'NONE', #9505, #1383 ) ;
#9408 = CARTESIAN_POINT ( 'NONE',  ( -70.78852960328462984, 115.2569332580205810, 132.2760348314621694 ) ) ;
#9409 = DIRECTION ( 'NONE',  ( 0.000000000000000000, 0.000000000000000000, -1.000000000000000000 ) ) ;
#9410 = CARTESIAN_POINT ( 'NONE',  ( -80.64489445121711242, 74.39581403780093183, 158.0496806763346456 ) ) ;
#9411 = ORIENTED_EDGE ( 'NONE', *, *, #2188, .T. ) ;
#9412 = DIRECTION ( 'NONE',  ( 1.000000000000000000, 0.000000000000000000, 0.000000000000000000 ) ) ;
#9413 = CARTESIAN_POINT ( 'NONE',  ( -85.13400843197109680, 141.4623290613948825, 101.0599372221691539 ) ) ;
#9414 = CARTESIAN_POINT ( 'NONE',  ( -70.78852960328462984, 115.2569332580205952, 132.2760348314621410 ) ) ;
#9415 = CARTESIAN_POINT ( 'NONE',  ( -79.94004116164663287, 76.39555098386412624, 66.17189872940258510 ) ) ;
#9416 = EDGE_CURVE ( 'NONE', #3785, #9746, #7353, .T. ) ;
#9417 = CARTESIAN_POINT ( 'NONE',  ( -78.78852960328465826, 66.13668010342992432, 91.49592292668702953 ) ) ;
#9418 = CARTESIAN_POINT ( 'NONE',  ( -90.46881896299392167, 112.9414087936084314, 104.8323276088855067 ) ) ;
#9419 = VERTEX_POINT ( 'NONE', #5132 ) ;
#9420 = CARTESIAN_POINT ( 'NONE',  ( -71.84779555354742797, 113.7988403644492763, 133.9679776081565876 ) ) ;
#9421 = B_SPLINE_CURVE_WITH_KNOTS ( 'NONE', 3,
 ( #6656, #3020, #4506, #2977, #3611, #7507, #5216, #2180, #34, #9654, #2136, #5165, #9085, #3066 ),
 .UNSPECIFIED., .F., .F.,
 ( 4, 2, 2, 2, 2, 2, 4 ),
 ( 2.775557561562891043E-17, 0.002143550702912860005, 0.003215326054369329039, 0.004287101405825798073, 0.006430652108738740477, 0.007502427460195252445, 0.008574202811651762679 ),
 .UNSPECIFIED. ) ;
#9422 = CARTESIAN_POINT ( 'NONE',  ( -74.78852960328464405, 69.28116843250870716, 77.27902736722660393 ) ) ;
#9423 = CARTESIAN_POINT ( 'NONE',  ( -88.62135776032408785, 156.2086447651096535, 120.7661123461836183 ) ) ;
#9424 = EDGE_CURVE ( 'NONE', #6618, #4783, #3621, .T. ) ;
#9425 = B_SPLINE_CURVE_WITH_KNOTS ( 'NONE', 3,
 ( #3087, #9104, #107, #902, #3505, #1192, #7201, #6506, #5356, #2273, #8252, #2226, #1525, #7652, #9132, #9796, #3954, #3218, #9023, #1465, #7529, #5290, #2359, #8380, #330, #9332, #8668, #961, #7939, #4135, #382, #4182, #5734, #8016, #6708, #5233, #8370, #7414, #104, #666, #3242, #7680, #4710, #6978, #6225, #2507, #1243, #4213, #7307, #9607, #2833, #7930, #1337, #4363, #8906, #2981, #3674, #5967, #6257, #6964, #3319, #4109, #5525, #3912, #7915, #1139, #2029, #3456, #542, #5804, #1325, #7161, #3062, #9739, #732, #9698, #6005, #6595, #2873, #2185, #9608, #2744, #5173, #1338, #1990, #5271, #3913, #5421, #8456, #251, #408, #5526, #300 ),
 .UNSPECIFIED., .F., .F.,
 ( 4, 2, 1, 1, 2, 2, 2, 2, 1, 1, 2, 2, 2, 2, 1, 1, 1, 2, 2, 2, 2, 1, 1, 1, 1, 2, 2, 2, 2, 1, 1, 1, 1, 2, 2, 2, 2, 2, 1, 1, 1, 1, 2, 2, 2, 2, 1, 1, 1, 1, 2, 2, 2, 2, 1, 1, 2, 2, 4 ),
 ( 0.000000000000000000, 0.06249999999931164785, 0.09374999999896982406, 0.1093749999987959493, 0.1171874999987068400, 0.1249999999986177307, 0.1874999999978741727, 0.2187499999975023590, 0.2343749999973188947, 0.2421874999972247755, 0.2460937499971787845, 0.2499999999971327935, 0.3124999999964279129, 0.3437499999960754726, 0.3593749999959014452, 0.3671874999958122943, 0.3710937499957690511, 0.3730468749957474017, 0.3749999999957258079, 0.4374999999950744956, 0.4687499999947526974, 0.4843749999945899942, 0.4921874999945052842, 0.4960937499944611528, 0.4980468749944391149, 0.4990234374944280682, 0.4999999999944170215, 0.5312499999941461271, 0.5468749999940106798, 0.5546874999939445106, 0.5585937499939112039, 0.5605468749938942175, 0.5615234374938857798, 0.5620117187438830042, 0.5624999999938803397, 0.5937499999935086370, 0.6093749999933248951, 0.6171874999932330796, 0.6210937499931937777, 0.6230468749931659111, 0.6240234374931575845, 0.6245117187431518113, 0.6247558593681539207, 0.6249999999931560302, 0.6874999999941912021, 0.7187499999947090101, 0.7343749999949653606, 0.7421874999950907048, 0.7460937499951518781, 0.7480468749951854068, 0.7490234374952036145, 0.7499999999952218221, 0.8124999999963968822, 0.8437499999969853004, 0.8593749999972801756, 0.8671874999974270581, 0.8710937499975018872, 0.8749999999975766052, 1.000000000000000000 ),
 .UNSPECIFIED. ) ;
#9426 = CARTESIAN_POINT ( 'NONE',  ( -79.78831812416116520, 76.33753036715017970, 160.7967700690536503 ) ) ;
#9427 = VERTEX_POINT ( 'NONE', #5974 ) ;
#9428 = CARTESIAN_POINT ( 'NONE',  ( -72.28852960328462984, 114.0204415849168953, 95.50574073170528777 ) ) ;
#9429 = DIRECTION ( 'NONE',  ( 0.000000000000000000, -0.000000000000000000, 1.000000000000000000 ) ) ;
#9430 = VERTEX_POINT ( 'NONE', #2943 ) ;
#9431 = EDGE_LOOP ( 'NONE', ( #4797, #3730, #5317, #8851 ) ) ;
#9432 = CARTESIAN_POINT ( 'NONE',  ( -86.92143483952783356, 62.76737821248671878, 92.05862048650108420 ) ) ;
#9433 = CARTESIAN_POINT ( 'NONE',  ( -89.78928633479164034, 144.8125190159131250, 128.8388427188252479 ) ) ;
#9434 = CARTESIAN_POINT ( 'NONE',  ( -83.73459836981672311, 139.9329135126361052, 154.2423128237649621 ) ) ;
#9435 = DIRECTION ( 'NONE',  ( 0.000000000000000000, 0.000000000000000000, -1.000000000000000000 ) ) ;
#9436 = CARTESIAN_POINT ( 'NONE',  ( -80.59267090878954320, 147.2483786072365604, 64.52970447726522707 ) ) ;
#9437 = ORIENTED_EDGE ( 'NONE', *, *, #8414, .F. ) ;
#9438 = CARTESIAN_POINT ( 'NONE',  ( -70.78852960328462984, 115.2198028282522131, 97.38826342367508460 ) ) ;
#9439 = DIRECTION ( 'NONE',  ( 0.000000000000000000, 0.000000000000000000, -1.000000000000000000 ) ) ;
#9440 = EDGE_CURVE ( 'NONE', #7058, #1135, #2240, .T. ) ;
#9441 = EDGE_CURVE ( 'NONE', #3120, #6254, #6568, .T. ) ;
#9442 = CARTESIAN_POINT ( 'NONE',  ( -85.21530783126522124, 124.3726112861384934, 101.4965732526517002 ) ) ;
#9443 = ORIENTED_EDGE ( 'NONE', *, *, #5424, .T. ) ;
#9444 = LINE ( 'NONE', #8733, #7413 ) ;
#9445 = DIRECTION ( 'NONE',  ( 0.000000000000000000, 1.000000000000000000, -6.938893903907227392E-16 ) ) ;
#9446 = ORIENTED_EDGE ( 'NONE', *, *, #6002, .F. ) ;
#9447 = CARTESIAN_POINT ( 'NONE',  ( -87.19725700854513661, 107.3119079760096213, 133.5624715484171077 ) ) ;
#9448 = CARTESIAN_POINT ( 'NONE',  ( -87.94288628857458434, 154.5852526070334818, 139.6371822197533845 ) ) ;
#9449 = DIRECTION ( 'NONE',  ( -0.000000000000000000, 0.000000000000000000, 1.000000000000000000 ) ) ;
#9450 = DIRECTION ( 'NONE',  ( -0.000000000000000000, 1.000000000000000000, -0.000000000000000000 ) ) ;
#9451 = VERTEX_POINT ( 'NONE', #2840 ) ;
#9452 = CARTESIAN_POINT ( 'NONE',  ( -77.74070492720811387, 140.8719475623819335, 60.94546903656900128 ) ) ;
#9453 = AXIS2_PLACEMENT_3D ( 'NONE', #4846, #1792, #3269 ) ;
#9454 = CARTESIAN_POINT ( 'NONE',  ( -80.67070215470634764, 80.96972626909899873, 64.70768823701097006 ) ) ;
#9455 = CARTESIAN_POINT ( 'NONE',  ( -86.57834279583441628, 68.79785321916855878, 81.93657021581735478 ) ) ;
#9456 = DIRECTION ( 'NONE',  ( 0.000000000000000000, 0.000000000000000000, 1.000000000000000000 ) ) ;
#9457 = ORIENTED_EDGE ( 'NONE', *, *, #9388, .T. ) ;
#9458 = CARTESIAN_POINT ( 'NONE',  ( -85.98964452594337615, 122.5309159640421086, 119.3804998236556827 ) ) ;
#9459 = CARTESIAN_POINT ( 'NONE',  ( -85.38269118790617540, 142.9330791957013957, 149.1671472223083583 ) ) ;
#9460 = EDGE_CURVE ( 'NONE', #9546, #6169, #8169, .T. ) ;
#9461 = CARTESIAN_POINT ( 'NONE',  ( -77.73246983451380743, 142.2185806786617377, 60.92190020000387563 ) ) ;
#9462 = CARTESIAN_POINT ( 'NONE',  ( -71.63856779362167515, 69.34206074310574763, 149.8420559113458808 ) ) ;
#9463 = CARTESIAN_POINT ( 'NONE',  ( -90.27038247947794503, 147.2055011595547853, 102.4623193110172963 ) ) ;
#9464 = DIRECTION ( 'NONE',  ( 1.000000000000000000, 0.000000000000000000, 0.000000000000000000 ) ) ;
#9465 = CARTESIAN_POINT ( 'NONE',  ( -83.63748232681676598, 112.7295450171466200, 104.4982530653331736 ) ) ;
#9466 = CARTESIAN_POINT ( 'NONE',  ( -78.16168570472359534, 146.3943757039493789, 62.16201709791342012 ) ) ;
#9467 = B_SPLINE_CURVE_WITH_KNOTS ( 'NONE', 3,
 ( #9140, #4844, #3112, #2386, #3904, #3168, #5364, #8410, #7659, #887, #6902, #8689 ),
 .UNSPECIFIED., .F., .F.,
 ( 4, 2, 2, 2, 2, 4 ),
 ( 0.000000000000000000, 0.0003995848927314917865, 0.0007991697854629835731, 0.001598339570925971483, 0.003196679141851954242, 0.006393358283703928432 ),
 .UNSPECIFIED. ) ;
#9468 = DIRECTION ( 'NONE',  ( 1.000000000000000000, -0.000000000000000000, -0.000000000000000000 ) ) ;
#9469 = ORIENTED_EDGE ( 'NONE', *, *, #5295, .T. ) ;
#9470 = CARTESIAN_POINT ( 'NONE',  ( -71.58332005607739745, 113.6568865733087534, 133.3772820575537423 ) ) ;
#9471 = PRESENTATION_LAYER_ASSIGNMENT (  '', '', ( #4871 ) ) ;
#9472 = CARTESIAN_POINT ( 'NONE',  ( -79.70406291854237679, 107.1150333319835113, 62.42552416873063947 ) ) ;
#9473 = ADVANCED_FACE ( 'NONE', ( #603 ), #2920, .T. ) ;
#9474 = EDGE_CURVE ( 'NONE', #3936, #6717, #9152, .T. ) ;
#9475 = EDGE_CURVE ( 'NONE', #4174, #2716, #3033, .T. ) ;
#9476 = VECTOR ( 'NONE', #8595, 1000.000000000000000 ) ;
#9477 = CARTESIAN_POINT ( 'NONE',  ( -87.79331782769442327, 105.3119079817578410, 128.9074004424618636 ) ) ;
#9478 = ORIENTED_EDGE ( 'NONE', *, *, #1589, .T. ) ;
#9479 = CARTESIAN_POINT ( 'NONE',  ( -72.28852960328462984, 113.8372180658653861, 95.52395985803748601 ) ) ;
#9480 = CARTESIAN_POINT ( 'NONE',  ( -78.78852960328464405, 128.8367218251632096, 95.58049982365568553 ) ) ;
#9481 = ORIENTED_EDGE ( 'NONE', *, *, #6631, .T. ) ;
#9482 = EDGE_LOOP ( 'NONE', ( #4507, #5315, #8282, #7852 ) ) ;
#9483 = FACE_OUTER_BOUND ( 'NONE', #7107, .T. ) ;
#9484 = VECTOR ( 'NONE', #102, 1000.000000000000000 ) ;
#9485 = FACE_OUTER_BOUND ( 'NONE', #4071, .T. ) ;
#9486 = CARTESIAN_POINT ( 'NONE',  ( -70.27923258779840410, 63.90471991981351607, 88.69360376680793934 ) ) ;
#9487 = CARTESIAN_POINT ( 'NONE',  ( -85.39495901582634474, 142.2986387641952319, 124.3781182477320044 ) ) ;
#9488 = CARTESIAN_POINT ( 'NONE',  ( -78.41482843622127064, 81.41179733515534167, 164.1893223118609626 ) ) ;
#9489 = CIRCLE ( 'NONE', #6451, 6.999999999999728217 ) ;
#9490 = CARTESIAN_POINT ( 'NONE',  ( -81.38852960328453889, 130.8367218251632096, 93.58049982365568553 ) ) ;
#9491 = ORIENTED_EDGE ( 'NONE', *, *, #8165, .T. ) ;
#9492 = CARTESIAN_POINT ( 'NONE',  ( -70.80479674663288847, 115.0153274550573315, 97.21790175797978861 ) ) ;
#9493 = EDGE_CURVE ( 'NONE', #7512, #7324, #7639, .T. ) ;
#9494 = CARTESIAN_POINT ( 'NONE',  ( -83.83175039881398050, 144.2252327523219151, 73.05012336014043228 ) ) ;
#9495 = PRESENTATION_LAYER_ASSIGNMENT (  '', '', ( #9006 ) ) ;
#9496 = CARTESIAN_POINT ( 'NONE',  ( -84.96093734970590106, 125.4811792615163597, 100.1881486381993938 ) ) ;
#9497 = CARTESIAN_POINT ( 'NONE',  ( -84.67220469769834779, 127.5241005404330110, 128.0429359659012221 ) ) ;
#9498 = ORIENTED_EDGE ( 'NONE', *, *, #9566, .T. ) ;
#9499 = DIRECTION ( 'NONE',  ( 1.000000000000000000, -0.000000000000000000, -0.000000000000000000 ) ) ;
#9500 = ORIENTED_EDGE ( 'NONE', *, *, #4995, .T. ) ;
#9501 = CARTESIAN_POINT ( 'NONE',  ( -88.70992557099573617, 103.9906239515331947, 135.1938496716562383 ) ) ;
#9502 = CARTESIAN_POINT ( 'NONE',  ( -80.14225477360911043, 122.0963522677868554, 163.5525310528377645 ) ) ;
#9503 = CARTESIAN_POINT ( 'NONE',  ( -79.11356141361457617, 149.6536947058308442, 64.97760528191680862 ) ) ;
#9504 = ORIENTED_EDGE ( 'NONE', *, *, #4353, .F. ) ;
#9505 = CARTESIAN_POINT ( 'NONE',  ( -84.78852960328464405, 104.4468056478177402, 91.96147921292704552 ) ) ;
#9506 = ADVANCED_FACE ( 'NONE', ( #3236 ), #942, .F. ) ;
#9507 = MECHANICAL_DESIGN_GEOMETRIC_PRESENTATION_REPRESENTATION (  '', ( #4773 ), #7411 ) ;
#9508 = VECTOR ( 'NONE', #2950, 1000.000000000000000 ) ;
#9509 = CARTESIAN_POINT ( 'NONE',  ( -70.42163127065882122, 64.47431465125433192, 96.59179498308002110 ) ) ;
#9510 = DIRECTION ( 'NONE',  ( 0.000000000000000000, 1.000000000000000000, 0.000000000000000000 ) ) ;
#9511 = CARTESIAN_POINT ( 'NONE',  ( -87.13879060588233472, 62.36157842806375839, 133.6631464968863554 ) ) ;
#9512 = ORIENTED_EDGE ( 'NONE', *, *, #5174, .T. ) ;
#9513 = AXIS2_PLACEMENT_3D ( 'NONE', #9082, #8348, #3661 ) ;
#9514 = CIRCLE ( 'NONE', #6637, 2.000000000000001776 ) ;
#9515 = VERTEX_POINT ( 'NONE', #2502 ) ;
#9516 = B_SPLINE_CURVE_WITH_KNOTS ( 'NONE', 2,
 ( #6907, #844, #2393 ),
 .UNSPECIFIED., .F., .F.,
 ( 3, 3 ),
 ( 0.000000000000000000, 0.1135429311087073484 ),
 .UNSPECIFIED. ) ;
#9517 = CARTESIAN_POINT ( 'NONE',  ( -74.78852960328464405, 86.94190798175786483, 111.9057407317052650 ) ) ;
#9518 = CARTESIAN_POINT ( 'NONE',  ( -79.87343877832468308, 131.0885146733122895, 164.1792005560609766 ) ) ;
#9519 = CARTESIAN_POINT ( 'NONE',  ( -87.37848393418981630, 107.3119079817578267, 131.5640869372338670 ) ) ;
#9520 = CARTESIAN_POINT ( 'NONE',  ( -77.88642852730015420, 87.44784369544065328, 61.28001597468926320 ) ) ;
#9521 = EDGE_LOOP ( 'NONE', ( #8411, #1932, #2606, #1375 ) ) ;
#9522 = ADVANCED_FACE ( 'NONE', ( #797 ), #6972, .F. ) ;
#9523 = EDGE_LOOP ( 'NONE', ( #5069, #5475, #7003, #4178 ) ) ;
#9524 = EDGE_CURVE ( 'NONE', #8049, #3479, #6161, .T. ) ;
#9525 = CIRCLE ( 'NONE', #6476, 3.000000000000002665 ) ;
#9526 = CARTESIAN_POINT ( 'NONE',  ( -71.33622426392773264, 114.3073493650413894, 133.6555441537237812 ) ) ;
#9527 = CARTESIAN_POINT ( 'NONE',  ( -70.78852960328462984, 111.8667509325086229, -157.5793358945792022 ) ) ;
#9528 = CYLINDRICAL_SURFACE ( 'NONE', #7099, 220.0000000000000568 ) ;
#9529 = CARTESIAN_POINT ( 'NONE',  ( -72.28852960328462984, 113.4087911130688724, 95.85320744544564775 ) ) ;
#9530 = CARTESIAN_POINT ( 'NONE',  ( -90.30620802840581973, 147.2130516844115107, 124.1601840227726825 ) ) ;
#9531 = CARTESIAN_POINT ( 'NONE',  ( -90.16852054046904641, 104.4468056478177402, 101.0816038471610199 ) ) ;
#9532 = ORIENTED_EDGE ( 'NONE', *, *, #2461, .T. ) ;
#9533 = ORIENTED_EDGE ( 'NONE', *, *, #664, .F. ) ;
#9534 = CARTESIAN_POINT ( 'NONE',  ( -89.04695331991020169, 62.40043354273429088, 93.21925893473824942 ) ) ;
#9535 = LINE ( 'NONE', #5887, #5002 ) ;
#9536 = CARTESIAN_POINT ( 'NONE',  ( -85.39343629354391396, 123.8711198328141307, 124.3839695820326909 ) ) ;
#9537 = CARTESIAN_POINT ( 'NONE',  ( -84.92489938268901994, 140.2385552751080411, 126.8934802430152189 ) ) ;
#9538 = CARTESIAN_POINT ( 'NONE',  ( -85.06159652750076816, 139.5299555731437522, 150.2112552334071438 ) ) ;
#9539 = EDGE_LOOP ( 'NONE', ( #4911, #4450, #7523, #8457 ) ) ;
#9540 = CARTESIAN_POINT ( 'NONE',  ( -88.77559710304701923, 105.3390759299314254, 113.5271888749585827 ) ) ;
#9541 = EDGE_LOOP ( 'NONE', ( #2814, #7255, #2011, #6109 ) ) ;
#9542 = CARTESIAN_POINT ( 'NONE',  ( -70.80604417515601767, 114.9877626580311869, 132.4611815098956527 ) ) ;
#9543 = CARTESIAN_POINT ( 'NONE',  ( -90.77093277354376255, 103.3119079817578267, 111.4708323586715011 ) ) ;
#9544 = DIRECTION ( 'NONE',  ( -0.000000000000000000, 0.000000000000000000, 1.000000000000000000 ) ) ;
#9545 = CARTESIAN_POINT ( 'NONE',  ( -84.79236261663507435, 126.7036932975199335, 127.5088637638147588 ) ) ;
#9546 = VERTEX_POINT ( 'NONE', #6807 ) ;
#9547 = DIRECTION ( 'NONE',  ( 0.000000000000000000, 0.000000000000000000, 1.000000000000000000 ) ) ;
#9548 = B_SPLINE_CURVE_WITH_KNOTS ( 'NONE', 2,
 ( #8691, #2638, #7240 ),
 .UNSPECIFIED., .F., .F.,
 ( 3, 3 ),
 ( 0.000000000000000000, 1.000000000000000000 ),
 .UNSPECIFIED. ) ;
#9549 = CARTESIAN_POINT ( 'NONE',  ( -87.53812116541983812, 105.3119079817578125, 131.5944656329874078 ) ) ;
#9550 = CARTESIAN_POINT ( 'NONE',  ( -85.03167484712272994, 152.8200262448463604, 76.66114453469137402 ) ) ;
#9551 = CARTESIAN_POINT ( 'NONE',  ( -81.24493319181870277, 148.5012105008544552, 66.12161377591807820 ) ) ;
#9552 = CARTESIAN_POINT ( 'NONE',  ( -72.28852960328462984, 114.0204415849168953, 95.50574073170528777 ) ) ;
#9553 = ORIENTED_EDGE ( 'NONE', *, *, #1023, .T. ) ;
#9554 = CARTESIAN_POINT ( 'NONE',  ( -72.06067437775442386, 113.7212671259730854, 95.65866193911324444 ) ) ;
#9555 = ORIENTED_EDGE ( 'NONE', *, *, #4112, .T. ) ;
#9556 = CARTESIAN_POINT ( 'NONE',  ( -70.78852960328462984, 74.34390786165346299, 74.56507861618020172 ) ) ;
#9557 = CARTESIAN_POINT ( 'NONE',  ( -85.06220043240686834, 144.3525773565147574, 150.2093269089298246 ) ) ;
#9558 = EDGE_LOOP ( 'NONE', ( #4963, #8303, #8290, #9627 ) ) ;
#9559 = CYLINDRICAL_SURFACE ( 'NONE', #3202, 7.000000000000006217 ) ;
#9560 = CARTESIAN_POINT ( 'NONE',  ( -71.78400708178054401, 113.5272753375891455, 96.33782403612761414 ) ) ;
#9561 = CARTESIAN_POINT ( 'NONE',  ( -84.01125047738246110, 112.4017958863734634, 104.1828651581073188 ) ) ;
#9562 = EDGE_LOOP ( 'NONE', ( #6850, #4943, #8606, #9705 ) ) ;
#9563 = CARTESIAN_POINT ( 'NONE',  ( -71.87729064181043270, 114.1180238861829963, 134.0597011213024530 ) ) ;
#9564 = CARTESIAN_POINT ( 'NONE',  ( -83.38852960328463837, 140.8309159640421910, 95.58049982365579922 ) ) ;
#9565 = DIRECTION ( 'NONE',  ( 1.000000000000000000, 0.000000000000000000, 0.000000000000000000 ) ) ;
#9566 = EDGE_CURVE ( 'NONE', #5831, #511, #3077, .T. ) ;
#9567 = CARTESIAN_POINT ( 'NONE',  ( -78.78852960328464405, 141.6583579391500223, 71.02214642643238562 ) ) ;
#9568 = CARTESIAN_POINT ( 'NONE',  ( -90.70412309117047300, 105.3119079817578125, 119.5895978723301312 ) ) ;
#9569 = VERTEX_POINT ( 'NONE', #9098 ) ;
#9570 = ORIENTED_EDGE ( 'NONE', *, *, #4665, .T. ) ;
#9571 = CARTESIAN_POINT ( 'NONE',  ( -88.66070395815292216, 103.3119079817578267, 135.8791374862808539 ) ) ;
#9572 = CARTESIAN_POINT ( 'NONE',  ( -89.86136389916846667, 120.9409641852838320, 128.2756369315335121 ) ) ;
#9573 = CARTESIAN_POINT ( 'NONE',  ( -85.23726182422235809, 143.8026846107320864, 77.36719632135084623 ) ) ;
#9574 = CARTESIAN_POINT ( 'NONE',  ( -69.06522064162170693, 59.04867213510571133, 113.4653704951720243 ) ) ;
#9575 = EDGE_CURVE ( 'NONE', #561, #2442, #8233, .T. ) ;
#9576 = CARTESIAN_POINT ( 'NONE',  ( -85.61679527047435556, 142.9910242131108760, 122.9040687487739802 ) ) ;
#9577 = CARTESIAN_POINT ( 'NONE',  ( -83.38852960328463837, 145.8309159640421626, 100.5804998236556855 ) ) ;
#9578 = LINE ( 'NONE', #2797, #5689 ) ;
#9579 = ORIENTED_EDGE ( 'NONE', *, *, #2979, .F. ) ;
#9580 = CARTESIAN_POINT ( 'NONE',  ( -90.78852960328464405, 151.6586802554030839, 155.9887145288563204 ) ) ;
#9581 = ORIENTED_EDGE ( 'NONE', *, *, #1004, .T. ) ;
#9582 = DIRECTION ( 'NONE',  ( 0.000000000000000000, -0.8898140419807341051, 0.4563233181571025310 ) ) ;
#9583 = PLANE ( 'NONE',  #4545 ) ;
#9584 = CARTESIAN_POINT ( 'NONE',  ( -84.77147648433181359, 126.8375978535047324, 127.6032054719032374 ) ) ;
#9585 = CARTESIAN_POINT ( 'NONE',  ( -85.01444165250234164, 125.2253917837393402, 100.4499809834891124 ) ) ;
#9586 = ORIENTED_EDGE ( 'NONE', *, *, #3229, .F. ) ;
#9587 = CARTESIAN_POINT ( 'NONE',  ( -70.78852960328462984, 87.44784369544065328, 61.28001597468926320 ) ) ;
#9588 = FACE_OUTER_BOUND ( 'NONE', #4845, .T. ) ;
#9589 = CARTESIAN_POINT ( 'NONE',  ( -88.55628611390892502, 156.1689938750669739, 106.0423732100727392 ) ) ;
#9590 = CARTESIAN_POINT ( 'NONE',  ( -74.78852960328464405, 74.23361130171382172, 74.74380805396205574 ) ) ;
#9591 = CARTESIAN_POINT ( 'NONE',  ( -88.95625834442820690, 130.2022219567616617, 134.2674401675768081 ) ) ;
#9592 = ORIENTED_EDGE ( 'NONE', *, *, #1772, .T. ) ;
#9593 = CARTESIAN_POINT ( 'NONE',  ( -71.58332005607742587, 113.6568865733087250, 96.34098517871733236 ) ) ;
#9594 = DIRECTION ( 'NONE',  ( 0.000000000000000000, 0.5370155350614602696, 0.8435723532114204337 ) ) ;
#9595 = CARTESIAN_POINT ( 'NONE',  ( -71.19840982001259988, 67.58142884866941813, 87.69843992197498039 ) ) ;
#9596 = ORIENTED_EDGE ( 'NONE', *, *, #755, .T. ) ;
#9597 = CARTESIAN_POINT ( 'NONE',  ( -89.45281547250644394, 142.5162077091872845, 131.2327511598772105 ) ) ;
#9598 = CARTESIAN_POINT ( 'NONE',  ( -78.44067300829226497, 147.6707728638870378, 62.98079737232821174 ) ) ;
#9599 = CARTESIAN_POINT ( 'NONE',  ( -70.78852960328462984, 141.0781728677007720, 163.0725428431005923 ) ) ;
#9600 = CARTESIAN_POINT ( 'NONE',  ( -85.81868390035072025, 122.7087111418085499, 121.2579283080850132 ) ) ;
#9601 = VECTOR ( 'NONE', #1307, 1000.000000000000000 ) ;
#9602 = CARTESIAN_POINT ( 'NONE',  ( -81.14150430150152715, 151.6565410512838525, 71.01385012182973355 ) ) ;
#9603 = CARTESIAN_POINT ( 'NONE',  ( -80.06169815154480318, 145.6737124187038148, 63.27039573510307946 ) ) ;
#9604 = ORIENTED_EDGE ( 'NONE', *, *, #6709, .T. ) ;
#9605 = ORIENTED_EDGE ( 'NONE', *, *, #7044, .T. ) ;
#9606 = CARTESIAN_POINT ( 'NONE',  ( -70.96577456740129719, 114.6465118473473552, 133.0991986899704216 ) ) ;
#9607 = CARTESIAN_POINT ( 'NONE',  ( -85.15191006870882973, 141.3389229715255055, 125.7512839622201284 ) ) ;
#9608 = CARTESIAN_POINT ( 'NONE',  ( -85.62019058924624915, 143.0034028131915420, 122.8846599824055801 ) ) ;
#9609 = CIRCLE ( 'NONE', #2349, 1.599999999999990319 ) ;
#9610 = CARTESIAN_POINT ( 'NONE',  ( -87.94596833817581683, 111.8012673248410636, 133.9424735148315904 ) ) ;
#9611 = CARTESIAN_POINT ( 'NONE',  ( -79.91805782999038854, 83.95481783800143205, 164.0759850384421554 ) ) ;
#9612 = CARTESIAN_POINT ( 'NONE',  ( -90.42514487866493766, 147.5746849204566331, 122.7544922153822995 ) ) ;
#9613 = CIRCLE ( 'NONE', #2351, 7.000000000000089706 ) ;
#9614 = ORIENTED_EDGE ( 'NONE', *, *, #8853, .F. ) ;
#9615 = VERTEX_POINT ( 'NONE', #2344 ) ;
#9616 = CARTESIAN_POINT ( 'NONE',  ( -70.78852960328462984, 151.6586802554030839, 155.9887145288563204 ) ) ;
#9617 = EDGE_CURVE ( 'NONE', #9647, #8550, #5326, .T. ) ;
#9618 = EDGE_CURVE ( 'NONE', #511, #6279, #5373, .T. ) ;
#9619 = CARTESIAN_POINT ( 'NONE',  ( -88.37431604091155180, 107.6293568147877409, 95.50674166600603598 ) ) ;
#9620 = CARTESIAN_POINT ( 'NONE',  ( -89.08900818288022094, 139.5333796016620909, 93.50908993503597344 ) ) ;
#9621 = DIRECTION ( 'NONE',  ( -1.000000000000000000, -0.000000000000000000, -0.000000000000000000 ) ) ;
#9622 = LINE ( 'NONE', #9769, #7720 ) ;
#9623 = CARTESIAN_POINT ( 'NONE',  ( -70.82431658325660351, 152.5976758402193241, 97.00547699426489601 ) ) ;
#9624 = FACE_OUTER_BOUND ( 'NONE', #3338, .T. ) ;
#9625 = ORIENTED_EDGE ( 'NONE', *, *, #8128, .F. ) ;
#9626 = CARTESIAN_POINT ( 'NONE',  ( -87.37848393418833837, 105.3119079817578267, 131.5640869372336113 ) ) ;
#9627 = ORIENTED_EDGE ( 'NONE', *, *, #4778, .T. ) ;
#9628 = EDGE_CURVE ( 'NONE', #9167, #7479, #3390, .T. ) ;
#9629 = VECTOR ( 'NONE', #2642, 1000.000000000000000 ) ;
#9630 = ADVANCED_FACE ( 'NONE', ( #9642 ), #2868, .F. ) ;
#9631 = CARTESIAN_POINT ( 'NONE',  ( -70.79870325209545001, 115.0773347714729056, 132.4694350323133847 ) ) ;
#9632 = DIRECTION ( 'NONE',  ( -1.000000000000000000, -0.000000000000000000, -0.000000000000000000 ) ) ;
#9633 = CARTESIAN_POINT ( 'NONE',  ( -89.18471943718259354, 126.2084753203578629, 132.9311181176756804 ) ) ;
#9634 = DIRECTION ( 'NONE',  ( 1.000000000000000000, 0.000000000000000000, 0.000000000000000000 ) ) ;
#9635 = ORIENTED_EDGE ( 'NONE', *, *, #4823, .F. ) ;
#9636 = CIRCLE ( 'NONE', #4422, 9.999999999999994671 ) ;
#9637 = DIRECTION ( 'NONE',  ( 0.000000000000000000, 0.000000000000000000, -1.000000000000000000 ) ) ;
#9638 = CARTESIAN_POINT ( 'NONE',  ( -88.36510862193753724, 106.0822151280462151, 134.3962487865480284 ) ) ;
#9639 = CARTESIAN_POINT ( 'NONE',  ( -87.86207169974990450, 155.7466208318041083, 128.3240475560677680 ) ) ;
#9640 = VERTEX_POINT ( 'NONE', #6315 ) ;
#9641 = CARTESIAN_POINT ( 'NONE',  ( -72.05908945068912885, 113.5230688678556277, 95.83234527604354014 ) ) ;
#9642 = FACE_OUTER_BOUND ( 'NONE', #5449, .T. ) ;
#9643 = CARTESIAN_POINT ( 'NONE',  ( -70.78852960328462984, 115.2569332580205810, 132.2760348314621694 ) ) ;
#9644 = CARTESIAN_POINT ( 'NONE',  ( -72.00051923034682488, 70.78986649000638920, 80.66828530553331689 ) ) ;
#9645 = CARTESIAN_POINT ( 'NONE',  ( -76.78852960328464405, 146.6084652770730088, 160.9385003127598566 ) ) ;
#9646 = AXIS2_PLACEMENT_3D ( 'NONE', #1017, #6190, #9237 ) ;
#9647 = VERTEX_POINT ( 'NONE', #8841 ) ;
#9648 = B_SPLINE_CURVE_WITH_KNOTS ( 'NONE', 3,
 ( #4919, #6482, #4994, #4276, #1867, #9488 ),
 .UNSPECIFIED., .F., .F.,
 ( 4, 2, 4 ),
 ( 0.000000000000000000, 0.003170033116156082201, 0.006340066232312164402 ),
 .UNSPECIFIED. ) ;
#9649 = FACE_OUTER_BOUND ( 'NONE', #590, .T. ) ;
#9650 = CARTESIAN_POINT ( 'NONE',  ( -80.00589230830209431, 97.07543392098769175, 63.14013552227638826 ) ) ;
#9651 = DIRECTION ( 'NONE',  ( 1.000000000000000000, -0.000000000000000000, -0.000000000000000000 ) ) ;
#9652 = AXIS2_PLACEMENT_3D ( 'NONE', #3676, #1799, #4609 ) ;
#9653 = EDGE_CURVE ( 'NONE', #4110, #8321, #2092, .T. ) ;
#9654 = CARTESIAN_POINT ( 'NONE',  ( -77.75206162900435913, 142.6756546292423593, 166.0329733674479371 ) ) ;
#9655 = ORIENTED_EDGE ( 'NONE', *, *, #8702, .F. ) ;
#9656 = ORIENTED_EDGE ( 'NONE', *, *, #1589, .F. ) ;
#9657 =( NAMED_UNIT ( * ) PLANE_ANGLE_UNIT ( ) SI_UNIT ( $, .RADIAN. ) );
#9658 = EDGE_CURVE ( 'NONE', #3036, #1042, #4301, .T. ) ;
#9659 = VERTEX_POINT ( 'NONE', #7869 ) ;
#9660 = EDGE_CURVE ( 'NONE', #1872, #7786, #3492, .T. ) ;
#9661 = CARTESIAN_POINT ( 'NONE',  ( -70.96000854343506603, 114.5831527463303416, 133.0584763803687451 ) ) ;
#9662 = ORIENTED_EDGE ( 'NONE', *, *, #3097, .T. ) ;
#9663 = CARTESIAN_POINT ( 'NONE',  ( -86.07034541230439117, 69.70567581591517126, 79.88395755907744444 ) ) ;
#9664 = CIRCLE ( 'NONE', #1280, 1.831554383945846354 ) ;
#9665 = ADVANCED_FACE ( 'NONE', ( #5533 ), #8561, .F. ) ;
#9666 = B_SPLINE_CURVE_WITH_KNOTS ( 'NONE', 3,
 ( #8617, #3243, #1100, #5483, #951, #4667 ),
 .UNSPECIFIED., .F., .F.,
 ( 4, 2, 4 ),
 ( 7.731168555119348289E-05, 0.0001892879792412742825, 0.0003012642729313551229 ),
 .UNSPECIFIED. ) ;
#9667 = CARTESIAN_POINT ( 'NONE',  ( -78.22460791665974966, 82.29495504304168207, 62.25961135929789947 ) ) ;
#9668 = CARTESIAN_POINT ( 'NONE',  ( -88.70992557100007048, 114.6331920119996823, 135.1938496716384748 ) ) ;
#9669 = VECTOR ( 'NONE', #3764, 1000.000000000000000 ) ;
#9670 = CARTESIAN_POINT ( 'NONE',  ( -87.37848393418833837, 105.3119079817578267, 131.5640869372336113 ) ) ;
#9671 = VECTOR ( 'NONE', #1327, 1000.000000000000000 ) ;
#9672 = B_SPLINE_CURVE_WITH_KNOTS ( 'NONE', 2,
 ( #6068, #5431, #5383 ),
 .UNSPECIFIED., .F., .F.,
 ( 3, 3 ),
 ( 0.000000000000000000, 1.000000000000000000 ),
 .UNSPECIFIED. ) ;
#9673 = ORIENTED_EDGE ( 'NONE', *, *, #5293, .F. ) ;
#9674 = VERTEX_POINT ( 'NONE', #7827 ) ;
#9675 = VECTOR ( 'NONE', #596, 1000.000000000000000 ) ;
#9676 = CARTESIAN_POINT ( 'NONE',  ( -70.78852960328462984, 152.3446421799375514, 132.7125267394741002 ) ) ;
#9677 = CARTESIAN_POINT ( 'NONE',  ( -84.30637968916310854, 131.2150879962096326, 97.36198361306523452 ) ) ;
#9678 = CARTESIAN_POINT ( 'NONE',  ( -89.02586842318427784, 138.6675378275234891, 93.14174297074464448 ) ) ;
#9679 = FACE_OUTER_BOUND ( 'NONE', #2453, .T. ) ;
#9680 = CARTESIAN_POINT ( 'NONE',  ( -73.28852960328462984, 111.3119079817578125, 113.5054217592787467 ) ) ;
#9681 = CARTESIAN_POINT ( 'NONE',  ( -70.96715357776857047, 152.5610626371243086, 96.58696785488170633 ) ) ;
#9682 = PLANE ( 'NONE',  #2698 ) ;
#9683 = VERTEX_POINT ( 'NONE', #2601 ) ;
#9684 = CARTESIAN_POINT ( 'NONE',  ( -70.78852960328462984, 115.2569332580205668, 97.44223240480897630 ) ) ;
#9685 = ORIENTED_EDGE ( 'NONE', *, *, #1489, .T. ) ;
#9686 = CARTESIAN_POINT ( 'NONE',  ( -90.78852960328464405, 141.5581117127231039, 70.92190020000548145 ) ) ;
#9687 = EDGE_CURVE ( 'NONE', #988, #5844, #349, .T. ) ;
#9688 = ORIENTED_EDGE ( 'NONE', *, *, #1919, .F. ) ;
#9689 = CARTESIAN_POINT ( 'NONE',  ( -90.76439286242901971, 85.11160474522918662, 115.8909056538748246 ) ) ;
#9690 = CARTESIAN_POINT ( 'NONE',  ( -78.78852960328464405, 113.3119079817578125, 91.96147921292704552 ) ) ;
#9691 = CARTESIAN_POINT ( 'NONE',  ( -87.74287412565993804, 155.6740879820357293, 129.2445950564728605 ) ) ;
#9692 = CARTESIAN_POINT ( 'NONE',  ( -81.07725242821653922, 151.6537387344913839, 71.32605884164466659 ) ) ;
#9693 = CARTESIAN_POINT ( 'NONE',  ( -89.56787545522848859, 122.7714931783897896, 130.4548678185481378 ) ) ;
#9694 = ORIENTED_EDGE ( 'NONE', *, *, #8892, .F. ) ;
#9695 = CARTESIAN_POINT ( 'NONE',  ( -71.84779555354742797, 113.5649904813261060, 95.98413951123761478 ) ) ;
#9696 = CARTESIAN_POINT ( 'NONE',  ( -76.78852960328464405, 141.9419079817567138, 157.0057407317053162 ) ) ;
#9697 = CARTESIAN_POINT ( 'NONE',  ( -92.78852960328464405, 141.9419079817567138, 152.0057407317052878 ) ) ;
#9698 = CARTESIAN_POINT ( 'NONE',  ( -85.56613995953726715, 142.8467866228449736, 123.2622809084315350 ) ) ;
#9699 = ORIENTED_EDGE ( 'NONE', *, *, #6239, .T. ) ;
#9700 = CARTESIAN_POINT ( 'NONE',  ( -70.78852960328462984, 151.6001136814605559, 156.2561519294438312 ) ) ;
#9701 = CARTESIAN_POINT ( 'NONE',  ( -83.38852960328463837, 120.3309159640421626, 100.5804998236556855 ) ) ;
#9702 = CARTESIAN_POINT ( 'NONE',  ( -85.84074178889747486, 122.6707919554360586, 121.0509207747539762 ) ) ;
#9703 = DIRECTION ( 'NONE',  ( 1.000000000000000000, 0.000000000000000000, 1.387778780781444413E-14 ) ) ;
#9704 = ORIENTED_EDGE ( 'NONE', *, *, #2968, .F. ) ;
#9705 = ORIENTED_EDGE ( 'NONE', *, *, #9474, .F. ) ;
#9706 = CARTESIAN_POINT ( 'NONE',  ( -81.00948804752839294, 76.81522552930591985, 65.53397849084534244 ) ) ;
#9707 = CARTESIAN_POINT ( 'NONE',  ( -70.93168480288956346, 114.7773220096088949, 133.0271625657434242 ) ) ;
#9708 = CARTESIAN_POINT ( 'NONE',  ( -88.66070395815292216, 103.3119079817578267, 135.8791374862808539 ) ) ;
#9709 = CARTESIAN_POINT ( 'NONE',  ( -83.40881406018611699, 153.0366410346466353, 149.1861435375983262 ) ) ;
#9710 = CARTESIAN_POINT ( 'NONE',  ( -88.00464331681267538, 113.4421928801160249, 133.8504725593110436 ) ) ;
#9711 = CARTESIAN_POINT ( 'NONE',  ( -79.70378761299802761, 76.23369657921759313, 160.6663014065381958 ) ) ;
#9712 = CARTESIAN_POINT ( 'NONE',  ( -87.59190451489601514, 105.3025575711849200, 131.6237236033912552 ) ) ;
#9713 = ORIENTED_EDGE ( 'NONE', *, *, #7471, .F. ) ;
#9714 = CARTESIAN_POINT ( 'NONE',  ( -90.77490458016183084, 114.8603397098666221, 111.7004525606433987 ) ) ;
#9715 = CARTESIAN_POINT ( 'NONE',  ( -76.78852960328464405, 86.94190798175786483, 118.5057407317052593 ) ) ;
#9716 = EDGE_CURVE ( 'NONE', #6633, #4251, #4856, .T. ) ;
#9717 = DIRECTION ( 'NONE',  ( 0.000000000000000000, 0.000000000000000000, -1.000000000000000000 ) ) ;
#9718 = CARTESIAN_POINT ( 'NONE',  ( -89.91643360851240629, 145.7412560948011730, 99.18037727939028514 ) ) ;
#9719 = DIRECTION ( 'NONE',  ( 0.000000000000000000, 0.000000000000000000, 1.000000000000000000 ) ) ;
#9720 = DIRECTION ( 'NONE',  ( 0.000000000000000000, -1.000000000000000000, -1.146924612216070881E-15 ) ) ;
#9721 = CARTESIAN_POINT ( 'NONE',  ( -71.78053481577283890, 114.1517168189374019, 95.71133321816931527 ) ) ;
#9722 = EDGE_LOOP ( 'NONE', ( #606, #9747, #9533 ) ) ;
#9723 = CARTESIAN_POINT ( 'NONE',  ( -88.77123190257178464, 107.3119079817575141, 113.5054217592787182 ) ) ;
#9724 = ORIENTED_EDGE ( 'NONE', *, *, #5959, .T. ) ;
#9725 = B_SPLINE_CURVE_WITH_KNOTS ( 'NONE', 3,
 ( #8540, #1784, #4787, #7805, #1024, #4092, #4042, #6294, #9346, #2579, #7097, #345, #6343, #9398, #5604, #9708 ),
 .UNSPECIFIED., .F., .F.,
 ( 4, 2, 2, 2, 2, 2, 2, 4 ),
 ( 0.000000000000000000, 0.0003307550849667873633, 0.0006615101699335747265, 0.001323020339867171137, 0.001984530509800767548, 0.002646040679734364392, 0.003969061019601566320, 0.005292081359468769550 ),
 .UNSPECIFIED. ) ;
#9726 = CARTESIAN_POINT ( 'NONE',  ( -79.63780834387094387, 150.6363734225708413, 160.4056073630693504 ) ) ;
#9727 = EDGE_LOOP ( 'NONE', ( #8756, #5145, #2841, #3622 ) ) ;
#9728 =( NAMED_UNIT ( * ) SI_UNIT ( $, .STERADIAN. ) SOLID_ANGLE_UNIT ( ) );
#9729 = CARTESIAN_POINT ( 'NONE',  ( -88.91694054485900267, 136.6467225528550102, 92.52208130965037469 ) ) ;
#9730 = CARTESIAN_POINT ( 'NONE',  ( -78.78852960328464405, 66.18236014593446725, 135.7156269189535465 ) ) ;
#9731 = CARTESIAN_POINT ( 'NONE',  ( -90.60858737445973077, 156.2012850134827602, 121.0295060615783314 ) ) ;
#9732 = ORIENTED_EDGE ( 'NONE', *, *, #1102, .F. ) ;
#9733 = CARTESIAN_POINT ( 'NONE',  ( -72.17230209602766422, 113.6148812377200841, 95.67284463157959351 ) ) ;
#9734 = CARTESIAN_POINT ( 'NONE',  ( -90.75268935703256545, 87.72097488514855002, 116.4094398782462605 ) ) ;
#9735 = CARTESIAN_POINT ( 'NONE',  ( -79.54694737391996284, 81.18286367849637486, 164.9321007310276741 ) ) ;
#9736 = EDGE_CURVE ( 'NONE', #8044, #1249, #682, .T. ) ;
#9737 = EDGE_CURVE ( 'NONE', #6355, #537, #8785, .T. ) ;
#9738 = CARTESIAN_POINT ( 'NONE',  ( -87.76788957009998171, 61.18631888008053465, 129.3508815411830142 ) ) ;
#9739 = CARTESIAN_POINT ( 'NONE',  ( -85.54201057546929121, 142.7755209088379047, 123.4283092348112234 ) ) ;
#9740 = VERTEX_POINT ( 'NONE', #6043 ) ;
#9741 = CARTESIAN_POINT ( 'NONE',  ( -84.34824361480478672, 132.1997316340952295, 129.3804906351605553 ) ) ;
#9742 = CARTESIAN_POINT ( 'NONE',  ( -70.79988127500413952, 115.0376181362571799, 132.4160722639038283 ) ) ;
#9743 = CYLINDRICAL_SURFACE ( 'NONE', #3976, 5.000000000000004441 ) ;
#9744 = CARTESIAN_POINT ( 'NONE',  ( -70.90482665952141872, 114.5848005722216243, 97.01306361434495784 ) ) ;
#9745 = CARTESIAN_POINT ( 'NONE',  ( -72.78852960328462984, 115.2569332580205952, 96.20574073170529061 ) ) ;
#9746 = VERTEX_POINT ( 'NONE', #3839 ) ;
#9747 = ORIENTED_EDGE ( 'NONE', *, *, #3275, .T. ) ;
#9748 = DIRECTION ( 'NONE',  ( 0.000000000000000000, 0.000000000000000000, -1.000000000000000000 ) ) ;
#9749 = CARTESIAN_POINT ( 'NONE',  ( -70.97586510934168302, 114.7128516084736702, 133.1281308113659065 ) ) ;
#9750 = CARTESIAN_POINT ( 'NONE',  ( -87.78852960328462984, 110.9293568147877664, 102.8454217592787501 ) ) ;
#9751 = VERTEX_POINT ( 'NONE', #8293 ) ;
#9752 = CARTESIAN_POINT ( 'NONE',  ( -85.43148873964864265, 141.9419079817567138, 149.0057407317052593 ) ) ;
#9753 = CARTESIAN_POINT ( 'NONE',  ( -90.84481806059014275, 115.3119079817578125, 115.4498907089974153 ) ) ;
#9754 = LINE ( 'NONE', #1497, #1738 ) ;
#9755 = CARTESIAN_POINT ( 'NONE',  ( -87.68638682466416867, 113.3313832619371482, 131.6623016740519745 ) ) ;
#9756 = PRODUCT_DEFINITION_CONTEXT ( 'detailed design', #1946, 'design' ) ;
#9757 = CARTESIAN_POINT ( 'NONE',  ( -77.74070303575304308, 140.8723463296477121, 166.0654737538021948 ) ) ;
#9758 = CARTESIAN_POINT ( 'NONE',  ( -90.24162503049464590, 146.9818350981110768, 124.8507117069527794 ) ) ;
#9759 = ORIENTED_EDGE ( 'NONE', *, *, #9379, .T. ) ;
#9760 = CARTESIAN_POINT ( 'NONE',  ( -88.98512682521972295, 128.1368792652619959, 92.90779284085510881 ) ) ;
#9761 = AXIS2_PLACEMENT_3D ( 'NONE', #209, #7527, #2207 ) ;
#9762 = DIRECTION ( 'NONE',  ( -1.000000000000000000, -0.000000000000000000, -0.000000000000000000 ) ) ;
#9763 = CARTESIAN_POINT ( 'NONE',  ( -89.75046856119516292, 63.13044114256098283, 129.1446840160917304 ) ) ;
#9764 = CARTESIAN_POINT ( 'NONE',  ( -81.71774884998377786, 75.54948084718128598, 67.30274256532385380 ) ) ;
#9765 = FACE_BOUND ( 'NONE', #5081, .T. ) ;
#9766 = CARTESIAN_POINT ( 'NONE',  ( -86.69593003848908097, 111.3119079817578267, 131.5054217592787325 ) ) ;
#9767 = CIRCLE ( 'NONE', #8012, 4.000000000000003553 ) ;
#9768 = LINE ( 'NONE', #5840, #6295 ) ;
#9769 = CARTESIAN_POINT ( 'NONE',  ( -90.78852960328464405, 97.20868902919958998, 61.93180555668922693 ) ) ;
#9770 = DIRECTION ( 'NONE',  ( 0.000000000000000000, 0.000000000000000000, 1.000000000000000000 ) ) ;
#9771 = CARTESIAN_POINT ( 'NONE',  ( -71.50243550346090160, 152.4984133611587538, 95.89472351590005417 ) ) ;
#9772 = ORIENTED_EDGE ( 'NONE', *, *, #6630, .F. ) ;
#9773 = CARTESIAN_POINT ( 'NONE',  ( -89.02265387472351676, 105.4085655782450601, 113.5906823408258788 ) ) ;
#9774 = ORIENTED_EDGE ( 'NONE', *, *, #2246, .F. ) ;
#9775 = CARTESIAN_POINT ( 'NONE',  ( -72.87991688120764877, 74.30745709344979844, 152.3869935179410220 ) ) ;
#9776 = VECTOR ( 'NONE', #3194, 1000.000000000000000 ) ;
#9777 = CARTESIAN_POINT ( 'NONE',  ( -87.31472829365448263, 67.48261224312511786, 142.1125619711538377 ) ) ;
#9778 = EDGE_CURVE ( 'NONE', #6408, #4358, #2467, .T. ) ;
#9779 = CARTESIAN_POINT ( 'NONE',  ( -81.56723965284828637, 77.74788271267615869, 160.0825049617343439 ) ) ;
#9780 = CARTESIAN_POINT ( 'NONE',  ( -89.69109284240133206, 61.24447508541003060, 129.5918557148832235 ) ) ;
#9781 = CARTESIAN_POINT ( 'NONE',  ( -80.59860036719787502, 151.5931239295073567, 157.3034801779954250 ) ) ;
#9782 = CARTESIAN_POINT ( 'NONE',  ( -84.78316171742515905, 126.4248853535458466, 99.35445767991100752 ) ) ;
#9783 = DIRECTION ( 'NONE',  ( 1.000000000000000000, -0.000000000000000000, -0.000000000000000000 ) ) ;
#9784 = CARTESIAN_POINT ( 'NONE',  ( -78.78852960328464405, 68.36474617724657321, 141.3992330477624364 ) ) ;
#9785 = CARTESIAN_POINT ( 'NONE',  ( -78.16733976996266620, 97.20868902919958998, 61.93180555668922693 ) ) ;
#9786 = AXIS2_PLACEMENT_3D ( 'NONE', #9745, #4546, #6795 ) ;
#9787 = CARTESIAN_POINT ( 'NONE',  ( -89.98970616760612984, 103.3119079817578267, 127.8078939665140439 ) ) ;
#9788 = EDGE_LOOP ( 'NONE', ( #6090, #2748, #4484, #5565 ) ) ;
#9789 = CARTESIAN_POINT ( 'NONE',  ( -71.08008567994178861, 114.2114479700502301, 96.77466751367991549 ) ) ;
#9790 = CARTESIAN_POINT ( 'NONE',  ( -90.78852828494783012, 89.94183834945006595, 113.3089963862529999 ) ) ;
#9791 = CARTESIAN_POINT ( 'NONE',  ( -89.76695412568726340, 121.2044390225086090, 98.00163850355551176 ) ) ;
#9792 =( BOUNDED_SURFACE ( )  B_SPLINE_SURFACE ( 3, 2, ( 
 ( #8917, #7416, #3682 ),
 ( #9102, #8270, #7631 ),
 ( #949, #8567, #5880 ),
 ( #8753, #6518, #7262 ),
 ( #9753, #1593, #4111 ),
 ( #938, #2486, #1728 ) ),
 .UNSPECIFIED., .F., .F., .T. ) 
 B_SPLINE_SURFACE_WITH_KNOTS ( ( 4, 2, 4 ),
 ( 3, 3 ),
 ( 0.04577487481943524894, 0.05799923020784438638, 0.07022358559625352381 ),
 ( 0.000000000000000000, 1.000000000000000000 ),
 .UNSPECIFIED. ) 
 GEOMETRIC_REPRESENTATION_ITEM ( )  RATIONAL_B_SPLINE_SURFACE ( (
 ( 1.000000000000000000, 0.7071067811865475727, 1.000000000000000000),
 ( 1.000000000000000000, 0.7071067811865475727, 1.000000000000000000),
 ( 1.000000000000000000, 0.7071067811865475727, 1.000000000000000000),
 ( 1.000000000000000000, 0.7071067811865475727, 1.000000000000000000),
 ( 1.000000000000000000, 0.7071067811865475727, 1.000000000000000000),
 ( 1.000000000000000000, 0.7071067811865475727, 1.000000000000000000) ) ) 
 REPRESENTATION_ITEM ( '' )  SURFACE ( )  );
#9793 = EDGE_LOOP ( 'NONE', ( #2788, #5116, #7799, #9064 ) ) ;
#9794 = CARTESIAN_POINT ( 'NONE',  ( -70.78852960328462984, 77.07419351998538559, 70.32121250181658922 ) ) ;
#9795 = AXIS2_PLACEMENT_3D ( 'NONE', #4625, #6870, #4672 ) ;
#9796 = CARTESIAN_POINT ( 'NONE',  ( -84.52459996016982302, 137.3372724299390484, 128.6684509309847897 ) ) ;
#9797 = CARTESIAN_POINT ( 'NONE',  ( -88.78852960328462984, 104.4468056478177402, 91.96147921292704552 ) ) ;
#9798 = EDGE_CURVE ( 'NONE', #8218, #4199, #1781, .T. ) ;
#9799 = CYLINDRICAL_SURFACE ( 'NONE', #3652, 2.000000000000001776 ) ;
#9800 = CARTESIAN_POINT ( 'NONE',  ( -70.78852960328462984, 115.2569332580205952, 133.5125265045658125 ) ) ;
#9801 = CARTESIAN_POINT ( 'NONE',  ( -85.81419601727370150, 122.7167219866621934, 121.2993645553173536 ) ) ;
#9802 = CARTESIAN_POINT ( 'NONE',  ( -76.78852960328464405, 83.02282474000649870, 161.6585930294566822 ) ) ;
#9803 = ORIENTED_EDGE ( 'NONE', *, *, #1464, .F. ) ;
#9804 = ORIENTED_EDGE ( 'NONE', *, *, #717, .T. ) ;
#9805 = CARTESIAN_POINT ( 'NONE',  ( -71.12312943296785761, 114.4374563353141667, 133.3798291914606295 ) ) ;
#9806 = ORIENTED_EDGE ( 'NONE', *, *, #7621, .F. ) ;
#9807 = DIRECTION ( 'NONE',  ( 1.000000000000000000, -0.000000000000000000, -0.000000000000000000 ) ) ;
#9808 = MECHANICAL_DESIGN_GEOMETRIC_PRESENTATION_REPRESENTATION (  '', ( #9006 ), #5520 ) ;
#9809 = EDGE_CURVE ( 'NONE', #3995, #1858, #8350, .T. ) ;
#9810 = DIRECTION ( 'NONE',  ( 0.000000000000000000, 0.9999999989727821337, 4.532588562673348580E-05 ) ) ;
#9811 = CARTESIAN_POINT ( 'NONE',  ( -88.13926834090439399, 113.4912092585341128, 132.0736646077081105 ) ) ;
#9812 = CARTESIAN_POINT ( 'NONE',  ( -88.99174170286812569, 113.3212618199998474, 115.4829135164342944 ) ) ;
#9813 = CARTESIAN_POINT ( 'NONE',  ( -74.78852960328464405, 69.28116841327191366, 77.27902731469588105 ) ) ;
#9814 = VERTEX_POINT ( 'NONE', #3058 ) ;
#9815 = AXIS2_PLACEMENT_3D ( 'NONE', #239, #7654, #6998 ) ;
#9816 = VECTOR ( 'NONE', #4933, 1000.000000000000227 ) ;
ENDSEC;
END-ISO-10303-21;
