ISO-10303-21;
HEADER;
FILE_DESCRIPTION (( 'STEP AP214' ),
    '1' );
FILE_NAME ('InnerChassis.STEP',
    '2026-09-02T17:57:03',
    ( '' ),
    ( '' ),
    'SwSTEP 2.0',
    'SolidWorks 2025',
    '' );
FILE_SCHEMA (( 'AUTOMOTIVE_DESIGN' ));
ENDSEC;

DATA;
#1 = DIRECTION ( 'NONE',  ( 0.000000000000000000, 0.000000000000000000, -1.000000000000000000 ) ) ;
#2 = ADVANCED_FACE ( 'NONE', ( #7573, #4564 ), #1296, .F. ) ;
#3 = CARTESIAN_POINT ( 'NONE',  ( 0.000000000000000000, 0.000000000000000000, 0.000000000000000000 ) ) ;
#4 = DIRECTION ( 'NONE',  ( 0.000000000000000000, 0.000000000000000000, -1.000000000000000000 ) ) ;
#5 = VERTEX_POINT ( 'NONE', #51 ) ;
#6 = LINE ( 'NONE', #1738, #4576 ) ;
#7 = ORIENTED_EDGE ( 'NONE', *, *, #5925, .F. ) ;
#8 = LINE ( 'NONE', #2519, #1605 ) ;
#9 = CARTESIAN_POINT ( 'NONE',  ( 0.000000000000000000, 116.0000000000011795, 0.000000000000000000 ) ) ;
#10 = ORIENTED_EDGE ( 'NONE', *, *, #4585, .T. ) ;
#11 = PLANE ( 'NONE',  #3976 ) ;
#12 = LINE ( 'NONE', #7576, #7415 ) ;
#14 = VERTEX_POINT ( 'NONE', #1950 ) ;
#13 = DIRECTION ( 'NONE',  ( -0.000000000000000000, 1.000000000000000000, -0.000000000000000000 ) ) ;
#15 = ORIENTED_EDGE ( 'NONE', *, *, #668, .T. ) ;
#16 = LINE ( 'NONE', #3762, #7449 ) ;
#17 = ORIENTED_EDGE ( 'NONE', *, *, #2943, .F. ) ;
#18 = EDGE_CURVE ( 'NONE', #7822, #2102, #126, .T. ) ;
#19 = ADVANCED_FACE ( 'NONE', ( #6300 ), #1372, .T. ) ;
#20 = ORIENTED_EDGE ( 'NONE', *, *, #1019, .T. ) ;
#21 = CARTESIAN_POINT ( 'NONE',  ( 43.75000000000000000, 41.00000000000001421, 77.00000000000000000 ) ) ;
#22 = CARTESIAN_POINT ( 'NONE',  ( 61.40999999999997527, 90.00000000000119371, 11.92158075373095905 ) ) ;
#23 = VECTOR ( 'NONE', #1322, 1000.000000000000000 ) ;
#24 = LINE ( 'NONE', #2540, #970 ) ;
#25 = DIRECTION ( 'NONE',  ( 0.000000000000000000, 0.000000000000000000, -1.000000000000000000 ) ) ;
#26 = DIRECTION ( 'NONE',  ( 0.2425356250363298882, 0.9701425001453326535, -0.000000000000000000 ) ) ;
#27 = CARTESIAN_POINT ( 'NONE',  ( 63.20000000000000284, 139.9999999999999716, 10.00000000000000178 ) ) ;
#28 = PLANE ( 'NONE',  #7110 ) ;
#29 = VERTEX_POINT ( 'NONE', #7608 ) ;
#30 = CIRCLE ( 'NONE', #7511, 6.000000000000000000 ) ;
#31 = CARTESIAN_POINT ( 'NONE',  ( 35.00000000000000000, 37.00000000000000711, 4.900000000000000355 ) ) ;
#32 = CARTESIAN_POINT ( 'NONE',  ( 0.7899999999999964828, 90.00000000000119371, 51.50000000000000000 ) ) ;
#33 = ADVANCED_FACE ( 'NONE', ( #1985, #4448 ), #825, .T. ) ;
#34 = EDGE_CURVE ( 'NONE', #7861, #2328, #7281, .T. ) ;
#35 = FACE_BOUND ( 'NONE', #676, .T. ) ;
#36 = CARTESIAN_POINT ( 'NONE',  ( 63.20000000000000284, 139.9999999999999716, 84.99999999999998579 ) ) ;
#37 = AXIS2_PLACEMENT_3D ( 'NONE', #4966, #480, #5577 ) ;
#38 = VECTOR ( 'NONE', #6152, 1000.000000000000000 ) ;
#39 = DIRECTION ( 'NONE',  ( -1.000000000000000000, 0.000000000000000000, 0.000000000000000000 ) ) ;
#40 = EDGE_LOOP ( 'NONE', ( #876, #7803, #6223, #4763 ) ) ;
#41 = AXIS2_PLACEMENT_3D ( 'NONE', #1342, #5767, #761 ) ;
#42 = CARTESIAN_POINT ( 'NONE',  ( 4.171450012410105046, 63.31419995036043247, 81.61366912310047894 ) ) ;
#43 = DIRECTION ( 'NONE',  ( 0.000000000000000000, 1.000000000000000000, 0.000000000000000000 ) ) ;
#44 = CARTESIAN_POINT ( 'NONE',  ( 64.25000000000005684, 57.00000000000106581, 12.00000000000000000 ) ) ;
#45 = CIRCLE ( 'NONE', #5687, 2.000000000000015543 ) ;
#46 = VECTOR ( 'NONE', #5457, 1000.000000000000000 ) ;
#47 = ORIENTED_EDGE ( 'NONE', *, *, #6635, .F. ) ;
#48 = DIRECTION ( 'NONE',  ( 0.8660254037844382635, 0.000000000000000000, -0.5000000000000006661 ) ) ;
#49 = PRODUCT ( 'InnerChassis', 'InnerChassis', '', ( #2600 ) ) ;
#50 = VERTEX_POINT ( 'NONE', #6925 ) ;
#51 = CARTESIAN_POINT ( 'NONE',  ( 8.590000000000014069, 88.00000000000119371, 81.07841924626904984 ) ) ;
#52 = EDGE_CURVE ( 'NONE', #493, #1630, #6998, .T. ) ;
#53 = CIRCLE ( 'NONE', #7533, 4.000000000000003553 ) ;
#54 = EDGE_CURVE ( 'NONE', #5502, #4329, #3794, .T. ) ;
#55 = CARTESIAN_POINT ( 'NONE',  ( 19.71966991411008863, 1.121320343559672139, 12.87867965644035806 ) ) ;
#56 = DIRECTION ( 'NONE',  ( 0.000000000000000000, -1.000000000000000000, -0.000000000000000000 ) ) ;
#58 = VERTEX_POINT ( 'NONE', #2640 ) ;
#57 = PLANE ( 'NONE',  #7820 ) ;
#59 = EDGE_LOOP ( 'NONE', ( #6991, #6424, #5052, #2363 ) ) ;
#60 = DIRECTION ( 'NONE',  ( -1.000000000000000000, 0.000000000000000000, 0.000000000000000000 ) ) ;
#61 = VECTOR ( 'NONE', #2888, 1000.000000000000000 ) ;
#62 = ORIENTED_EDGE ( 'NONE', *, *, #4682, .F. ) ;
#63 = ORIENTED_EDGE ( 'NONE', *, *, #3737, .F. ) ;
#64 = CARTESIAN_POINT ( 'NONE',  ( 67.01000000000000512, 90.00000000000119371, 8.688419246269049268 ) ) ;
#65 = VECTOR ( 'NONE', #6454, 1000.000000000000000 ) ;
#66 = CARTESIAN_POINT ( 'NONE',  ( 4.291009494848045058, 75.20527889746185224, 41.50000000000000000 ) ) ;
#67 = CARTESIAN_POINT ( 'NONE',  ( 0.000000000000000000, 80.00000000000109424, 83.99999999999998579 ) ) ;
#68 = DIRECTION ( 'NONE',  ( 0.000000000000000000, -1.000000000000000000, 0.000000000000000000 ) ) ;
#69 = FACE_OUTER_BOUND ( 'NONE', #8135, .T. ) ;
#70 = CARTESIAN_POINT ( 'NONE',  ( 0.000000000000000000, 0.000000000000000000, 13.00000000000000178 ) ) ;
#71 = AXIS2_PLACEMENT_3D ( 'NONE', #6157, #8009, #395 ) ;
#72 = EDGE_CURVE ( 'NONE', #5357, #7707, #3827, .T. ) ;
#73 = EDGE_CURVE ( 'NONE', #5368, #5060, #2429, .T. ) ;
#74 = LINE ( 'NONE', #5082, #1351 ) ;
#75 = EDGE_LOOP ( 'NONE', ( #6490, #4295 ) ) ;
#76 = DIRECTION ( 'NONE',  ( 0.8660254037844380415, 0.000000000000000000, -0.5000000000000009992 ) ) ;
#77 = AXIS2_PLACEMENT_3D ( 'NONE', #2414, #3153, #6940 ) ;
#78 = FACE_OUTER_BOUND ( 'NONE', #6499, .T. ) ;
#79 = DIRECTION ( 'NONE',  ( -0.000000000000000000, 1.000000000000000000, -0.000000000000000000 ) ) ;
#80 = CARTESIAN_POINT ( 'NONE',  ( 53.00000000000000000, 116.0000000000011795, 11.23316150746189201 ) ) ;
#81 = CARTESIAN_POINT ( 'NONE',  ( 35.00000000000000000, 21.00000000000000355, 4.900000000000000355 ) ) ;
#82 = CIRCLE ( 'NONE', #7563, 4.000000000000003553 ) ;
#83 = AXIS2_PLACEMENT_3D ( 'NONE', #4453, #1452, #4569 ) ;
#84 = VERTEX_POINT ( 'NONE', #5717 ) ;
#85 = EDGE_CURVE ( 'NONE', #6115, #3636, #94, .T. ) ;
#86 = DIRECTION ( 'NONE',  ( -0.000000000000000000, 1.000000000000000000, -0.000000000000000000 ) ) ;
#87 = VECTOR ( 'NONE', #2643, 1000.000000000000000 ) ;
#88 = DIRECTION ( 'NONE',  ( -1.208956363183466219E-15, 1.000000000000000000, 0.000000000000000000 ) ) ;
#89 = LINE ( 'NONE', #3208, #2723 ) ;
#90 = ORIENTED_EDGE ( 'NONE', *, *, #6247, .F. ) ;
#91 = FACE_OUTER_BOUND ( 'NONE', #7903, .T. ) ;
#92 = EDGE_CURVE ( 'NONE', #2749, #3457, #4525, .T. ) ;
#93 = EDGE_LOOP ( 'NONE', ( #5658, #2494, #7325, #6106 ) ) ;
#94 = LINE ( 'NONE', #7646, #3745 ) ;
#95 = AXIS2_PLACEMENT_3D ( 'NONE', #5941, #6604, #6484 ) ;
#96 = FACE_OUTER_BOUND ( 'NONE', #575, .T. ) ;
#97 = DIRECTION ( 'NONE',  ( 1.000000000000000000, 3.965082230804130220E-16, -0.000000000000000000 ) ) ;
#98 = CARTESIAN_POINT ( 'NONE',  ( 19.57713781576825696, 1.691448736927008589, 12.30855126307301894 ) ) ;
#99 = ORIENTED_EDGE ( 'NONE', *, *, #2717, .T. ) ;
#100 = DIRECTION ( 'NONE',  ( 1.000000000000000000, 0.000000000000000000, 0.000000000000000000 ) ) ;
#101 = ORIENTED_EDGE ( 'NONE', *, *, #2088, .T. ) ;
#102 = EDGE_CURVE ( 'NONE', #4332, #7641, #6414, .T. ) ;
#103 = EDGE_CURVE ( 'NONE', #1859, #1046, #4600, .T. ) ;
#104 = ORIENTED_EDGE ( 'NONE', *, *, #6645, .F. ) ;
#105 = DIRECTION ( 'NONE',  ( -0.000000000000000000, -0.000000000000000000, 1.000000000000000000 ) ) ;
#106 = LINE ( 'NONE', #7620, #4627 ) ;
#107 = DIRECTION ( 'NONE',  ( 1.000000000000000000, 0.000000000000000000, -0.000000000000000000 ) ) ;
#108 = CARTESIAN_POINT ( 'NONE',  ( 0.000000000000000000, 145.0000000000000000, 13.00000000000000178 ) ) ;
#109 = CARTESIAN_POINT ( 'NONE',  ( 6.999999999999969802, 82.00000000000117950, 18.00000000000001776 ) ) ;
#110 = PLANE ( 'NONE',  #200 ) ;
#111 = CARTESIAN_POINT ( 'NONE',  ( 6.999999999999970690, 83.40000000000109992, 46.50000000000000711 ) ) ;
#112 = ORIENTED_EDGE ( 'NONE', *, *, #2457, .F. ) ;
#113 = FACE_BOUND ( 'NONE', #6657, .T. ) ;
#114 = VECTOR ( 'NONE', #7283, 999.9999999999998863 ) ;
#115 = LINE ( 'NONE', #2626, #5673 ) ;
#116 = EDGE_CURVE ( 'NONE', #1949, #7495, #3488, .T. ) ;
#117 = PLANE ( 'NONE',  #5559 ) ;
#118 = CARTESIAN_POINT ( 'NONE',  ( 4.169211872669929875, 63.32315250932114736, 11.38454220042528497 ) ) ;
#119 = CARTESIAN_POINT ( 'NONE',  ( 70.00000000000000000, 134.9999999999999716, 13.00000000000000178 ) ) ;
#120 = ORIENTED_EDGE ( 'NONE', *, *, #6328, .F. ) ;
#121 = CARTESIAN_POINT ( 'NONE',  ( 5.749999999999907629, 57.00000000000114397, 81.00000000000000000 ) ) ;
#122 = CARTESIAN_POINT ( 'NONE',  ( 5.789999999999999147, 83.40000000000118519, 10.30500000000000149 ) ) ;
#123 = EDGE_LOOP ( 'NONE', ( #410, #3581, #2511, #3489 ) ) ;
#124 = CYLINDRICAL_SURFACE ( 'NONE', #7855, 14.05000000000000426 ) ;
#125 = ORIENTED_EDGE ( 'NONE', *, *, #2983, .F. ) ;
#126 = LINE ( 'NONE', #6962, #2293 ) ;
#127 = ADVANCED_FACE ( 'NONE', ( #5991, #6656, #7224 ), #2256, .T. ) ;
#128 = LINE ( 'NONE', #3290, #2797 ) ;
#129 = LINE ( 'NONE', #3834, #1114 ) ;
#130 = CARTESIAN_POINT ( 'NONE',  ( 69.20999999999997954, 82.00000000000117950, 41.50000000000000000 ) ) ;
#131 = VERTEX_POINT ( 'NONE', #1486 ) ;
#132 = CARTESIAN_POINT ( 'NONE',  ( 0.7899999999999964828, 90.00000000000119371, 41.49999999999999289 ) ) ;
#133 = EDGE_LOOP ( 'NONE', ( #6570, #7101, #1568, #3670 ) ) ;
#134 = EDGE_LOOP ( 'NONE', ( #6664, #6334, #6201, #5981, #3872, #1992, #1100, #2522 ) ) ;
#135 = DIRECTION ( 'NONE',  ( 0.000000000000000000, 0.000000000000000000, -1.000000000000000000 ) ) ;
#136 = CARTESIAN_POINT ( 'NONE',  ( 5.789999999999997371, 88.00000000000119371, 7.071838492538093490 ) ) ;
#137 = CARTESIAN_POINT ( 'NONE',  ( 5.789999999999997371, 90.00000000000119371, 7.071838492538093490 ) ) ;
#138 = CARTESIAN_POINT ( 'NONE',  ( 49.05000000000000426, 21.00000000000000355, 4.900000000000000355 ) ) ;
#139 = CARTESIAN_POINT ( 'NONE',  ( 61.40999999999998238, 88.00000000000119371, 84.31158075373093652 ) ) ;
#140 = ORIENTED_EDGE ( 'NONE', *, *, #6349, .T. ) ;
#141 = CYLINDRICAL_SURFACE ( 'NONE', #8032, 3.499999999999982236 ) ;
#142 = ORIENTED_EDGE ( 'NONE', *, *, #968, .F. ) ;
#143 = VECTOR ( 'NONE', #1943, 1000.000000000000000 ) ;
#144 = CARTESIAN_POINT ( 'NONE',  ( 49.05000000000000426, 21.00000000000000355, 12.00000000000000000 ) ) ;
#145 = EDGE_CURVE ( 'NONE', #2339, #7439, #4061, .T. ) ;
#146 = CARTESIAN_POINT ( 'NONE',  ( 69.20999999999999375, 90.00000000000117950, 90.00000000000000000 ) ) ;
#147 = LINE ( 'NONE', #2627, #1373 ) ;
#148 = DIRECTION ( 'NONE',  ( 0.000000000000000000, 0.000000000000000000, -1.000000000000000000 ) ) ;
#149 = VECTOR ( 'NONE', #949, 1000.000000000000000 ) ;
#150 = LINE ( 'NONE', #3202, #6047 ) ;
#151 = VERTEX_POINT ( 'NONE', #3402 ) ;
#152 = ORIENTED_EDGE ( 'NONE', *, *, #6241, .T. ) ;
#153 = VECTOR ( 'NONE', #7298, 999.9999999999998863 ) ;
#154 = FACE_OUTER_BOUND ( 'NONE', #7362, .T. ) ;
#155 = CARTESIAN_POINT ( 'NONE',  ( 69.20999999999999375, 90.00000000000117950, 41.50000000000000000 ) ) ;
#156 = EDGE_LOOP ( 'NONE', ( #2567, #497 ) ) ;
#157 = ADVANCED_FACE ( 'NONE', ( #7760 ), #4684, .F. ) ;
#158 = CARTESIAN_POINT ( 'NONE',  ( 39.00000000000000000, 57.00000000000000711, 79.20000000000000284 ) ) ;
#159 = VECTOR ( 'NONE', #4380, 1000.000000000000000 ) ;
#161 = ORIENTED_EDGE ( 'NONE', *, *, #7934, .F. ) ;
#160 = ADVANCED_FACE ( 'NONE', ( #3330 ), #5286, .F. ) ;
#162 = AXIS2_PLACEMENT_3D ( 'NONE', #2547, #4431, #6946 ) ;
#163 = ORIENTED_EDGE ( 'NONE', *, *, #2556, .T. ) ;
#164 = VERTEX_POINT ( 'NONE', #1567 ) ;
#165 = AXIS2_PLACEMENT_3D ( 'NONE', #7077, #2103, #5213 ) ;
#166 = CARTESIAN_POINT ( 'NONE',  ( 14.19999999999999929, 115.0000000000011795, 6.383419246269043335 ) ) ;
#167 = AXIS2_PLACEMENT_3D ( 'NONE', #2370, #4174, #7866 ) ;
#168 = DIRECTION ( 'NONE',  ( -0.000000000000000000, -0.000000000000000000, 1.000000000000000000 ) ) ;
#169 = CARTESIAN_POINT ( 'NONE',  ( 55.79999999999998295, 116.0000000000011795, 6.383419246269050440 ) ) ;
#170 = EDGE_LOOP ( 'NONE', ( #5740, #1440, #3997, #4293 ) ) ;
#171 =( BOUNDED_CURVE ( )  B_SPLINE_CURVE ( 3, ( #1391, #2621, #3271, #7168 ),
 .UNSPECIFIED., .F., .T. ) 
 B_SPLINE_CURVE_WITH_KNOTS ( ( 4, 4 ),
 ( 1.570796326794895226, 2.356194490192347057 ),
 .UNSPECIFIED. ) 
 CURVE ( )  GEOMETRIC_REPRESENTATION_ITEM ( )  RATIONAL_B_SPLINE_CURVE ( ( 1.000000000000000000, 0.9492530216741906779, 0.9492530216741906779, 1.000000000000000000 ) ) 
 REPRESENTATION_ITEM ( '' )  );
#172 = CARTESIAN_POINT ( 'NONE',  ( 57.99999999999999289, 118.0000000000011937, 80.00000000000000000 ) ) ;
#173 = ORIENTED_EDGE ( 'NONE', *, *, #6600, .T. ) ;
#174 = CIRCLE ( 'NONE', #4767, 2.000000000000001776 ) ;
#175 = EDGE_CURVE ( 'NONE', #2147, #3639, #1650, .T. ) ;
#176 = VECTOR ( 'NONE', #1945, 1000.000000000000000 ) ;
#177 = ORIENTED_EDGE ( 'NONE', *, *, #5173, .T. ) ;
#178 = LINE ( 'NONE', #7164, #4753 ) ;
#179 = LINE ( 'NONE', #3459, #1772 ) ;
#181 = ORIENTED_EDGE ( 'NONE', *, *, #1490, .T. ) ;
#180 = DIRECTION ( 'NONE',  ( -0.000000000000000000, -0.000000000000000000, 1.000000000000000000 ) ) ;
#182 = VECTOR ( 'NONE', #3343, 1000.000000000000000 ) ;
#183 = DIRECTION ( 'NONE',  ( -0.000000000000000000, -0.000000000000000000, 1.000000000000000000 ) ) ;
#184 = DIRECTION ( 'NONE',  ( 1.000000000000000000, 0.000000000000000000, 0.000000000000000000 ) ) ;
#185 = ORIENTED_EDGE ( 'NONE', *, *, #7348, .T. ) ;
#186 = AXIS2_PLACEMENT_3D ( 'NONE', #9, #664, #1914 ) ;
#187 = EDGE_LOOP ( 'NONE', ( #721, #7539, #6884, #7647 ) ) ;
#188 = AXIS2_PLACEMENT_3D ( 'NONE', #6381, #3256, #5760 ) ;
#189 = FACE_OUTER_BOUND ( 'NONE', #7860, .T. ) ;
#190 = DIRECTION ( 'NONE',  ( 1.000000000000000000, -0.000000000000000000, -0.000000000000000000 ) ) ;
#191 = DIRECTION ( 'NONE',  ( 3.043374519257558371E-17, 0.000000000000000000, 1.000000000000000000 ) ) ;
#192 = VECTOR ( 'NONE', #7844, 1000.000000000000114 ) ;
#193 = CARTESIAN_POINT ( 'NONE',  ( 2.691026168461775558, 69.23589532615386588, 9.492217447078825643 ) ) ;
#194 = DIRECTION ( 'NONE',  ( 1.000000000000000000, 0.000000000000000000, 0.000000000000000000 ) ) ;
#195 = VERTEX_POINT ( 'NONE', #5834 ) ;
#196 = EDGE_CURVE ( 'NONE', #4702, #3754, #6492, .T. ) ;
#197 = VECTOR ( 'NONE', #234, 1000.000000000000000 ) ;
#198 = ORIENTED_EDGE ( 'NONE', *, *, #8134, .T. ) ;
#199 = FACE_OUTER_BOUND ( 'NONE', #3939, .T. ) ;
#200 = AXIS2_PLACEMENT_3D ( 'NONE', #2738, #5193, #7667 ) ;
#201 = DIRECTION ( 'NONE',  ( 1.000000000000000000, 0.000000000000000000, 0.000000000000000000 ) ) ;
#202 = VECTOR ( 'NONE', #5696, 1000.000000000000000 ) ;
#203 = EDGE_LOOP ( 'NONE', ( #1215, #6802, #5083, #998 ) ) ;
#204 = CARTESIAN_POINT ( 'NONE',  ( 50.28033008588989361, 1.121320343559675692, 12.87867965644035095 ) ) ;
#205 = VERTEX_POINT ( 'NONE', #862 ) ;
#206 = CARTESIAN_POINT ( 'NONE',  ( 29.79999999999999716, 21.00000000000000355, 5.000000000000000000 ) ) ;
#207 = EDGE_CURVE ( 'NONE', #6446, #4993, #244, .T. ) ;
#208 = VECTOR ( 'NONE', #1751, 1000.000000000000000 ) ;
#209 = ADVANCED_FACE ( 'NONE', ( #2180 ), #2722, .F. ) ;
#210 = ADVANCED_FACE ( 'NONE', ( #4103 ), #2838, .F. ) ;
#211 = CARTESIAN_POINT ( 'NONE',  ( 35.00000000000000000, 81.58800596674575445, 5.999999999999982236 ) ) ;
#212 = ADVANCED_FACE ( 'NONE', ( #4641 ), #7724, .F. ) ;
#213 = EDGE_CURVE ( 'NONE', #3223, #1949, #7188, .T. ) ;
#214 = CARTESIAN_POINT ( 'NONE',  ( 67.01000000000001933, 90.00000000000119371, 84.31158075373095073 ) ) ;
#215 = DIRECTION ( 'NONE',  ( 1.000000000000000000, 0.000000000000000000, 0.000000000000000000 ) ) ;
#216 = ORIENTED_EDGE ( 'NONE', *, *, #3936, .F. ) ;
#217 = LINE ( 'NONE', #6384, #5749 ) ;
#218 = ORIENTED_EDGE ( 'NONE', *, *, #2985, .T. ) ;
#219 = ORIENTED_EDGE ( 'NONE', *, *, #7771, .F. ) ;
#220 = AXIS2_PLACEMENT_3D ( 'NONE', #1754, #4373, #6221 ) ;
#221 = VECTOR ( 'NONE', #2586, 1000.000000000000000 ) ;
#222 = DIRECTION ( 'NONE',  ( 1.000000000000000000, 0.000000000000000000, 0.000000000000000000 ) ) ;
#223 = DIRECTION ( 'NONE',  ( 0.000000000000000000, 0.000000000000000000, 1.000000000000000000 ) ) ;
#224 = DIRECTION ( 'NONE',  ( -1.000000000000000000, 0.000000000000000000, 0.000000000000000000 ) ) ;
#225 = ORIENTED_EDGE ( 'NONE', *, *, #2051, .T. ) ;
#226 = CARTESIAN_POINT ( 'NONE',  ( 17.00000000000001066, 116.0000000000011795, 88.23316150746192932 ) ) ;
#227 = EDGE_LOOP ( 'NONE', ( #5225, #4116, #152, #3487 ) ) ;
#228 = ORIENTED_EDGE ( 'NONE', *, *, #7911, .T. ) ;
#229 = PLANE ( 'NONE',  #4228 ) ;
#230 = PLANE ( 'NONE',  #5530 ) ;
#231 = EDGE_CURVE ( 'NONE', #1036, #6343, #324, .T. ) ;
#232 = DIRECTION ( 'NONE',  ( 0.8660254037844383745, 0.000000000000000000, -0.5000000000000003331 ) ) ;
#233 = DIRECTION ( 'NONE',  ( -1.000000000000000000, 0.000000000000000000, 0.000000000000000000 ) ) ;
#234 = DIRECTION ( 'NONE',  ( -0.000000000000000000, 1.000000000000000000, -0.000000000000000000 ) ) ;
#235 = CARTESIAN_POINT ( 'NONE',  ( 72.67500000000002558, 77.00000000000109424, 12.00000000000000000 ) ) ;
#236 = ORIENTED_EDGE ( 'NONE', *, *, #2297, .F. ) ;
#237 = LINE ( 'NONE', #5240, #5550 ) ;
#238 = CIRCLE ( 'NONE', #1309, 1.649999999999998579 ) ;
#239 = FACE_OUTER_BOUND ( 'NONE', #1524, .T. ) ;
#240 = EDGE_CURVE ( 'NONE', #2118, #5841, #3605, .T. ) ;
#241 = VERTEX_POINT ( 'NONE', #7316 ) ;
#242 = CARTESIAN_POINT ( 'NONE',  ( 69.99999999999998579, 145.0000000000000000, 80.00000000000000000 ) ) ;
#243 = EDGE_LOOP ( 'NONE', ( #1947, #7812 ) ) ;
#244 = LINE ( 'NONE', #206, #4258 ) ;
#245 = VECTOR ( 'NONE', #48, 1000.000000000000000 ) ;
#246 = FACE_OUTER_BOUND ( 'NONE', #6082, .T. ) ;
#247 = EDGE_CURVE ( 'NONE', #6961, #378, #4399, .T. ) ;
#248 = DIRECTION ( 'NONE',  ( 1.000000000000000000, 0.000000000000000000, 0.000000000000000000 ) ) ;
#249 = CARTESIAN_POINT ( 'NONE',  ( 19.18933982822018791, 3.242640687119316745, 81.00000000000000000 ) ) ;
#250 = DIRECTION ( 'NONE',  ( 1.000000000000000000, 0.000000000000000000, 0.000000000000000000 ) ) ;
#251 = EDGE_CURVE ( 'NONE', #3905, #3556, #1153, .T. ) ;
#252 = ORIENTED_EDGE ( 'NONE', *, *, #774, .T. ) ;
#253 = DIRECTION ( 'NONE',  ( 0.000000000000000000, 0.000000000000000000, -1.000000000000000000 ) ) ;
#254 = ORIENTED_EDGE ( 'NONE', *, *, #1066, .T. ) ;
#255 = ORIENTED_EDGE ( 'NONE', *, *, #6584, .T. ) ;
#256 = LINE ( 'NONE', #7661, #2544 ) ;
#257 = FACE_OUTER_BOUND ( 'NONE', #1969, .T. ) ;
#258 = DIRECTION ( 'NONE',  ( 0.4999999999999995004, -0.000000000000000000, 0.8660254037844390407 ) ) ;
#259 = VERTEX_POINT ( 'NONE', #5535 ) ;
#260 = EDGE_CURVE ( 'NONE', #4008, #4455, #7802, .T. ) ;
#261 = CARTESIAN_POINT ( 'NONE',  ( 35.00000000000000000, 57.00000000000000711, 78.00000000000000000 ) ) ;
#262 = ORIENTED_EDGE ( 'NONE', *, *, #6519, .F. ) ;
#263 = VERTEX_POINT ( 'NONE', #3695 ) ;
#264 = EDGE_CURVE ( 'NONE', #5285, #6240, #596, .T. ) ;
#265 = DIRECTION ( 'NONE',  ( 0.000000000000000000, 0.000000000000000000, 1.000000000000000000 ) ) ;
#266 = PLANE ( 'NONE',  #3049 ) ;
#267 = CARTESIAN_POINT ( 'NONE',  ( 67.01000000000000512, 88.00000000000119371, 11.92158075373095372 ) ) ;
#268 = DIRECTION ( 'NONE',  ( -1.000000000000000000, 0.000000000000000000, 0.000000000000000000 ) ) ;
#269 = CARTESIAN_POINT ( 'NONE',  ( 65.80856981554913432, 63.23427926219750361, 81.59787302305232970 ) ) ;
#270 = FACE_OUTER_BOUND ( 'NONE', #278, .T. ) ;
#271 = VERTEX_POINT ( 'NONE', #3001 ) ;
#272 = ADVANCED_FACE ( 'NONE', ( #1693 ), #5454, .F. ) ;
#273 = CARTESIAN_POINT ( 'NONE',  ( 22.00000000000000355, 118.0000000000011937, 3.000000000000000000 ) ) ;
#274 = VECTOR ( 'NONE', #2091, 1000.000000000000000 ) ;
#275 = CARTESIAN_POINT ( 'NONE',  ( 67.01000000000000512, 88.00000000000119371, 8.688419246269049268 ) ) ;
#276 = ORIENTED_EDGE ( 'NONE', *, *, #4566, .F. ) ;
#277 = CARTESIAN_POINT ( 'NONE',  ( 0.000000000000000000, 145.0000000000000000, 90.00000000000000000 ) ) ;
#278 = EDGE_LOOP ( 'NONE', ( #1337, #2238 ) ) ;
#279 = DIRECTION ( 'NONE',  ( 1.000000000000000000, 0.000000000000000000, 0.000000000000000000 ) ) ;
#280 = VECTOR ( 'NONE', #6924, 1000.000000000000000 ) ;
#281 = CARTESIAN_POINT ( 'NONE',  ( 53.00000000000000711, 115.0000000000011795, 6.400000000000002132 ) ) ;
#282 = DIRECTION ( 'NONE',  ( -0.000000000000000000, 1.000000000000000000, -0.000000000000000000 ) ) ;
#283 = DIRECTION ( 'NONE',  ( 1.000000000000000000, 0.000000000000000000, 0.000000000000000000 ) ) ;
#284 = DIRECTION ( 'NONE',  ( -1.000000000000000000, 0.000000000000000000, 0.000000000000000000 ) ) ;
#285 = VECTOR ( 'NONE', #3650, 1000.000000000000000 ) ;
#286 = AXIS2_PLACEMENT_3D ( 'NONE', #6365, #2010, #233 ) ;
#287 = ORIENTED_EDGE ( 'NONE', *, *, #4791, .F. ) ;
#288 = DIRECTION ( 'NONE',  ( 1.836970198721028701E-16, -1.000000000000000000, 0.000000000000000000 ) ) ;
#289 = ORIENTED_EDGE ( 'NONE', *, *, #5720, .T. ) ;
#290 = CARTESIAN_POINT ( 'NONE',  ( 0.7899999999999964828, 90.00000000000119371, 3.000000000000002665 ) ) ;
#291 = EDGE_CURVE ( 'NONE', #2115, #1243, #3565, .T. ) ;
#292 = VECTOR ( 'NONE', #3586, 1000.000000000000000 ) ;
#293 = AXIS2_PLACEMENT_3D ( 'NONE', #2163, #2410, #4913 ) ;
#294 = ORIENTED_EDGE ( 'NONE', *, *, #5593, .F. ) ;
#295 = PLANE ( 'NONE',  #6062 ) ;
#296 = CARTESIAN_POINT ( 'NONE',  ( 66.90767078078674501, 80.00000000000109424, 41.50000000000000000 ) ) ;
#297 = CARTESIAN_POINT ( 'NONE',  ( 8.590000000000001634, 90.00000000000119371, 8.688419246269045715 ) ) ;
#298 = EDGE_LOOP ( 'NONE', ( #7581, #520, #3335, #7179, #6774, #2024 ) ) ;
#299 = FACE_OUTER_BOUND ( 'NONE', #3225, .T. ) ;
#300 = CIRCLE ( 'NONE', #2020, 2.000000000000001776 ) ;
#301 = VERTEX_POINT ( 'NONE', #6030 ) ;
#302 = AXIS2_PLACEMENT_3D ( 'NONE', #3319, #3821, #1 ) ;
#303 = ORIENTED_EDGE ( 'NONE', *, *, #6641, .F. ) ;
#304 = CARTESIAN_POINT ( 'NONE',  ( 5.789999999999998259, 90.00000000000119371, 13.53816150746191127 ) ) ;
#305 = AXIS2_PLACEMENT_3D ( 'NONE', #6320, #2592, #3780 ) ;
#306 = DIRECTION ( 'NONE',  ( -1.000000000000000000, 0.000000000000000000, 0.000000000000000000 ) ) ;
#307 = EDGE_CURVE ( 'NONE', #7925, #2327, #6488, .T. ) ;
#308 = CARTESIAN_POINT ( 'NONE',  ( 14.19999999999999929, 116.0000000000011795, 6.383419246269043335 ) ) ;
#309 = CARTESIAN_POINT ( 'NONE',  ( 63.00000000000000000, 80.00000000000112266, 41.50000000000000000 ) ) ;
#310 = EDGE_CURVE ( 'NONE', #1881, #1285, #2950, .T. ) ;
#311 = EDGE_CURVE ( 'NONE', #1669, #3947, #7287, .T. ) ;
#312 =( NAMED_UNIT ( * ) SI_UNIT ( $, .STERADIAN. ) SOLID_ANGLE_UNIT ( ) );
#313 = DIRECTION ( 'NONE',  ( 0.000000000000000000, 0.000000000000000000, 1.000000000000000000 ) ) ;
#314 = VECTOR ( 'NONE', #3725, 1000.000000000000000 ) ;
#315 = ORIENTED_EDGE ( 'NONE', *, *, #6988, .F. ) ;
#316 = DIRECTION ( 'NONE',  ( -0.000000000000000000, -0.000000000000000000, 1.000000000000000000 ) ) ;
#317 = CIRCLE ( 'NONE', #2691, 11.04999999999999716 ) ;
#318 = CARTESIAN_POINT ( 'NONE',  ( 68.63376277381621549, 74.53505109526594197, 5.771540682418454971 ) ) ;
#319 = DIRECTION ( 'NONE',  ( -0.000000000000000000, 1.000000000000000000, -0.000000000000000000 ) ) ;
#320 = VERTEX_POINT ( 'NONE', #2957 ) ;
#321 = DIRECTION ( 'NONE',  ( 1.000000000000000000, -0.000000000000000000, -3.043374519257558371E-17 ) ) ;
#322 = VECTOR ( 'NONE', #4384, 1000.000000000000000 ) ;
#323 = EDGE_LOOP ( 'NONE', ( #707, #1164 ) ) ;
#324 = LINE ( 'NONE', #2218, #3216 ) ;
#325 = CARTESIAN_POINT ( 'NONE',  ( 2.379049338482479710E-15, 80.00000000000109424, 9.000000000000001776 ) ) ;
#326 = AXIS2_PLACEMENT_3D ( 'NONE', #2080, #5655, #1346 ) ;
#327 = DIRECTION ( 'NONE',  ( 0.000000000000000000, 1.000000000000000000, -0.000000000000000000 ) ) ;
#328 = ADVANCED_FACE ( 'NONE', ( #2346 ), #3612, .F. ) ;
#329 = CARTESIAN_POINT ( 'NONE',  ( 14.20000000000001528, 116.0000000000011795, 86.61658075373097176 ) ) ;
#330 = DIRECTION ( 'NONE',  ( 0.5000000000000019984, 0.000000000000000000, -0.8660254037844375974 ) ) ;
#331 = EDGE_LOOP ( 'NONE', ( #2397, #7049, #6248, #6676, #1203, #6633, #7271, #1133 ) ) ;
#332 = CARTESIAN_POINT ( 'NONE',  ( 8.590000000000014069, 90.00000000000119371, 84.31158075373095073 ) ) ;
#333 = VERTEX_POINT ( 'NONE', #7354 ) ;
#334 = CARTESIAN_POINT ( 'NONE',  ( 11.99999999999996803, 85.00000000000110845, 46.50000000000000711 ) ) ;
#335 = AXIS2_PLACEMENT_3D ( 'NONE', #2978, #6090, #6173 ) ;
#336 = ORIENTED_EDGE ( 'NONE', *, *, #5784, .T. ) ;
#337 = CARTESIAN_POINT ( 'NONE',  ( 52.99999999999999289, 115.0000000000011795, 4.766838492538104433 ) ) ;
#338 = FACE_OUTER_BOUND ( 'NONE', #5186, .T. ) ;
#339 = VECTOR ( 'NONE', #5590, 1000.000000000000000 ) ;
#340 = DIRECTION ( 'NONE',  ( 0.8660254037844389297, 0.000000000000000000, -0.4999999999999994449 ) ) ;
#341 = ORIENTED_EDGE ( 'NONE', *, *, #2831, .T. ) ;
#342 = CARTESIAN_POINT ( 'NONE',  ( 20.00000000000000355, 0.000000000000000000, 78.99999999999997158 ) ) ;
#343 = EDGE_CURVE ( 'NONE', #151, #4060, #1776, .T. ) ;
#344 = EDGE_LOOP ( 'NONE', ( #2516, #4734, #2404, #5319, #3946, #4964 ) ) ;
#345 = EDGE_CURVE ( 'NONE', #3499, #7065, #5609, .T. ) ;
#346 = APPLICATION_CONTEXT ( 'automotive_design' ) ;
#347 = ORIENTED_EDGE ( 'NONE', *, *, #6250, .F. ) ;
#348 = AXIS2_PLACEMENT_3D ( 'NONE', #5750, #1327, #2636 ) ;
#349 = LINE ( 'NONE', #4830, #6462 ) ;
#350 = LINE ( 'NONE', #7061, #2659 ) ;
#351 = EDGE_CURVE ( 'NONE', #8131, #3732, #2292, .T. ) ;
#352 = LINE ( 'NONE', #7096, #3203 ) ;
#353 = PLANE ( 'NONE',  #4006 ) ;
#354 = DIRECTION ( 'NONE',  ( -0.000000000000000000, -0.000000000000000000, -1.000000000000000000 ) ) ;
#355 = ORIENTED_EDGE ( 'NONE', *, *, #7609, .T. ) ;
#356 = CARTESIAN_POINT ( 'NONE',  ( 10.79000000000000092, 82.00000000000117950, 15.00000000000000178 ) ) ;
#357 = CARTESIAN_POINT ( 'NONE',  ( 26.25000000000000355, 41.00000000000001421, 13.00000000000000178 ) ) ;
#358 = FACE_OUTER_BOUND ( 'NONE', #388, .T. ) ;
#359 = EDGE_LOOP ( 'NONE', ( #7453, #6123, #8052, #3836 ) ) ;
#360 = LINE ( 'NONE', #931, #4843 ) ;
#361 = ORIENTED_EDGE ( 'NONE', *, *, #5267, .F. ) ;
#362 = CARTESIAN_POINT ( 'NONE',  ( 70.00000000000000000, 86.00000000000113687, 3.000000000000000000 ) ) ;
#363 = EDGE_CURVE ( 'NONE', #7210, #2857, #3516, .T. ) ;
#364 = DIRECTION ( 'NONE',  ( 0.000000000000000000, 0.000000000000000000, -1.000000000000000000 ) ) ;
#365 = CARTESIAN_POINT ( 'NONE',  ( 0.000000000000000000, 80.00000000000109424, 15.00000000000000000 ) ) ;
#366 = DIRECTION ( 'NONE',  ( 0.8660254037844359321, 0.000000000000000000, -0.5000000000000047740 ) ) ;
#367 = CARTESIAN_POINT ( 'NONE',  ( 61.82842050457063010, 76.17542139760720943, 0.000000000000000000 ) ) ;
#368 = ORIENTED_EDGE ( 'NONE', *, *, #5610, .T. ) ;
#369 = DIRECTION ( 'NONE',  ( -0.000000000000000000, 0.000000000000000000, -1.000000000000000000 ) ) ;
#370 = ORIENTED_EDGE ( 'NONE', *, *, #813, .F. ) ;
#371 = CARTESIAN_POINT ( 'NONE',  ( 50.19999999999999574, 116.0000000000011795, 86.61658075373094334 ) ) ;
#372 = EDGE_CURVE ( 'NONE', #4738, #3947, #2780, .T. ) ;
#373 = EDGE_CURVE ( 'NONE', #5357, #3532, #923, .T. ) ;
#374 = ORIENTED_EDGE ( 'NONE', *, *, #2688, .F. ) ;
#375 = DIRECTION ( 'NONE',  ( 1.000000000000000000, 0.000000000000000000, 0.000000000000000000 ) ) ;
#376 = DIRECTION ( 'NONE',  ( 1.000000000000000000, 3.965082230804130220E-16, -0.000000000000000000 ) ) ;
#378 = VERTEX_POINT ( 'NONE', #4796 ) ;
#377 = CYLINDRICAL_SURFACE ( 'NONE', #6776, 2.000000000000001776 ) ;
#379 = EDGE_LOOP ( 'NONE', ( #5699, #4563, #294, #1624 ) ) ;
#380 = DIRECTION ( 'NONE',  ( 0.000000000000000000, 0.000000000000000000, 1.000000000000000000 ) ) ;
#381 = VERTEX_POINT ( 'NONE', #6596 ) ;
#382 = DIRECTION ( 'NONE',  ( 0.000000000000000000, 0.000000000000000000, -1.000000000000000000 ) ) ;
#383 = CARTESIAN_POINT ( 'NONE',  ( 40.20000000000001705, 21.00000000000000355, 15.00000000000000000 ) ) ;
#384 = CARTESIAN_POINT ( 'NONE',  ( 69.99999999999998579, 145.0000000000000000, 93.00000000000000000 ) ) ;
#385 = DIRECTION ( 'NONE',  ( 1.000000000000000000, -1.301042606982604335E-16, -0.000000000000000000 ) ) ;
#386 = CARTESIAN_POINT ( 'NONE',  ( 67.35092964441800234, 69.40371857767307517, 83.58612346854889097 ) ) ;
#387 = LINE ( 'NONE', #5236, #5384 ) ;
#388 = EDGE_LOOP ( 'NONE', ( #1405, #6324, #6996, #5202 ) ) ;
#389 = EDGE_CURVE ( 'NONE', #7084, #6187, #4922, .T. ) ;
#390 = CARTESIAN_POINT ( 'NONE',  ( 68.60476139855065014, 74.41904559420378007, 5.896469694122771443 ) ) ;
#391 = CARTESIAN_POINT ( 'NONE',  ( 10.78999999999999737, 90.00000000000119371, 3.000000000000002665 ) ) ;
#392 = EDGE_LOOP ( 'NONE', ( #2813, #1060, #7565, #5946 ) ) ;
#393 = CARTESIAN_POINT ( 'NONE',  ( 14.19999999999999751, 116.0000000000011795, 9.616580753730955777 ) ) ;
#394 = ORIENTED_EDGE ( 'NONE', *, *, #2962, .T. ) ;
#395 = DIRECTION ( 'NONE',  ( 0.000000000000000000, 0.000000000000000000, -1.000000000000000000 ) ) ;
#396 = ORIENTED_EDGE ( 'NONE', *, *, #3869, .T. ) ;
#397 = CARTESIAN_POINT ( 'NONE',  ( 2.990000000000003766, 88.00000000000119371, 84.31158075373095073 ) ) ;
#398 = ORIENTED_EDGE ( 'NONE', *, *, #5230, .T. ) ;
#399 = AXIS2_PLACEMENT_3D ( 'NONE', #3279, #5051, #3904 ) ;
#400 = EDGE_CURVE ( 'NONE', #2369, #6439, #3475, .T. ) ;
#401 = MANIFOLD_SOLID_BREP ( 'Fillet43', #6233 ) ;
#402 = DIRECTION ( 'NONE',  ( 0.000000000000000000, 0.000000000000000000, -1.000000000000000000 ) ) ;
#403 = EDGE_CURVE ( 'NONE', #6198, #1690, #2823, .T. ) ;
#404 = PLANE ( 'NONE',  #3874 ) ;
#405 = CARTESIAN_POINT ( 'NONE',  ( 34.99999999999999289, 21.00000000000000355, 81.00000000000000000 ) ) ;
#406 = EDGE_CURVE ( 'NONE', #7865, #6865, #6231, .T. ) ;
#407 = EDGE_CURVE ( 'NONE', #6289, #1432, #6721, .T. ) ;
#408 = ORIENTED_EDGE ( 'NONE', *, *, #1428, .T. ) ;
#409 = LINE ( 'NONE', #2517, #3261 ) ;
#410 = ORIENTED_EDGE ( 'NONE', *, *, #3015, .T. ) ;
#411 = DIRECTION ( 'NONE',  ( -0.5000000000000019984, 0.000000000000000000, -0.8660254037844375974 ) ) ;
#412 = EDGE_LOOP ( 'NONE', ( #4857, #6673, #3002, #6839, #2612 ) ) ;
#413 = VECTOR ( 'NONE', #7673, 1000.000000000000000 ) ;
#414 = CARTESIAN_POINT ( 'NONE',  ( 58.00000000000000000, 118.0000000000011937, 3.000000000000000000 ) ) ;
#415 = CIRCLE ( 'NONE', #2669, 6.000000000000005329 ) ;
#416 = CARTESIAN_POINT ( 'NONE',  ( 27.89999999999999147, 41.00000000000001421, 78.00000000000000000 ) ) ;
#418 = VERTEX_POINT ( 'NONE', #3031 ) ;
#417 = PLANE ( 'NONE',  #2834 ) ;
#419 = ORIENTED_EDGE ( 'NONE', *, *, #3629, .T. ) ;
#420 = DIRECTION ( 'NONE',  ( 1.000000000000000000, 0.000000000000000000, 0.000000000000000000 ) ) ;
#421 = EDGE_LOOP ( 'NONE', ( #5228, #63, #5398, #2818 ) ) ;
#422 = ADVANCED_FACE ( 'NONE', ( #4341 ), #430, .F. ) ;
#423 = CIRCLE ( 'NONE', #3971, 1.599999999999988542 ) ;
#424 = FACE_OUTER_BOUND ( 'NONE', #7111, .T. ) ;
#425 = DIRECTION ( 'NONE',  ( 1.000000000000000000, 0.000000000000000000, 0.000000000000000000 ) ) ;
#426 = CARTESIAN_POINT ( 'NONE',  ( 40.00000000000000000, 37.00000000000000711, 4.900000000000000355 ) ) ;
#427 = DIRECTION ( 'NONE',  ( -0.000000000000000000, -1.000000000000000000, -0.000000000000000000 ) ) ;
#428 = CIRCLE ( 'NONE', #5549, 3.499999999999982236 ) ;
#429 = VECTOR ( 'NONE', #3434, 1000.000000000000000 ) ;
#430 = CYLINDRICAL_SURFACE ( 'NONE', #5576, 1.600000000000018074 ) ;
#431 = LINE ( 'NONE', #1055, #6985 ) ;
#432 = ORIENTED_EDGE ( 'NONE', *, *, #5320, .T. ) ;
#433 = VECTOR ( 'NONE', #6682, 1000.000000000000000 ) ;
#434 = DIRECTION ( 'NONE',  ( 0.000000000000000000, 0.000000000000000000, -1.000000000000000000 ) ) ;
#435 = CARTESIAN_POINT ( 'NONE',  ( 66.03631402770513148, 64.14525611082142120, 11.21349666826087876 ) ) ;
#436 = AXIS2_PLACEMENT_3D ( 'NONE', #4780, #7290, #6089 ) ;
#437 = EDGE_LOOP ( 'NONE', ( #7029, #396, #2555, #8006 ) ) ;
#438 = DIRECTION ( 'NONE',  ( -0.000000000000000000, 1.000000000000000000, -0.000000000000000000 ) ) ;
#439 = EDGE_CURVE ( 'NONE', #7865, #5496, #6104, .T. ) ;
#440 = ORIENTED_EDGE ( 'NONE', *, *, #291, .T. ) ;
#441 = DIRECTION ( 'NONE',  ( -1.000000000000000000, 0.000000000000000000, 0.000000000000000000 ) ) ;
#442 = ORIENTED_EDGE ( 'NONE', *, *, #2985, .F. ) ;
#443 = CIRCLE ( 'NONE', #188, 6.000000000000000888 ) ;
#444 = CARTESIAN_POINT ( 'NONE',  ( 64.20999999999999375, 83.40000000000118519, 10.30500000000000149 ) ) ;
#445 = ORIENTED_EDGE ( 'NONE', *, *, #2110, .F. ) ;
#446 = LINE ( 'NONE', #5499, #1768 ) ;
#447 = APPLICATION_CONTEXT ( 'automotive_design' ) ;
#448 = LINE ( 'NONE', #7888, #5166 ) ;
#449 = CYLINDRICAL_SURFACE ( 'NONE', #7435, 1.999999999999996669 ) ;
#450 = AXIS2_PLACEMENT_3D ( 'NONE', #2863, #2245, #6017 ) ;
#451 = EDGE_LOOP ( 'NONE', ( #7989, #5918 ) ) ;
#452 = DIRECTION ( 'NONE',  ( -1.000000000000000000, 0.000000000000000000, 0.000000000000000000 ) ) ;
#453 = AXIS2_PLACEMENT_3D ( 'NONE', #3, #3700, #659 ) ;
#454 = ORIENTED_EDGE ( 'NONE', *, *, #6902, .F. ) ;
#455 = DIRECTION ( 'NONE',  ( -1.000000000000000000, 0.000000000000000000, -0.000000000000000000 ) ) ;
#456 = EDGE_CURVE ( 'NONE', #3909, #4040, #1514, .T. ) ;
#457 = CIRCLE ( 'NONE', #1396, 5.000000000000004441 ) ;
#458 = EDGE_CURVE ( 'NONE', #4067, #5971, #4838, .T. ) ;
#459 = ORIENTED_EDGE ( 'NONE', *, *, #3936, .T. ) ;
#460 = CARTESIAN_POINT ( 'NONE',  ( 63.20000000000000284, 139.9999999999999716, 8.000000000000000000 ) ) ;
#461 = DIRECTION ( 'NONE',  ( -1.000000000000000000, -3.965082230804130713E-16, 0.000000000000000000 ) ) ;
#463 = ORIENTED_EDGE ( 'NONE', *, *, #3558, .T. ) ;
#462 = DIRECTION ( 'NONE',  ( 0.000000000000000000, 1.000000000000000000, 0.000000000000000000 ) ) ;
#464 = ORIENTED_EDGE ( 'NONE', *, *, #3737, .T. ) ;
#465 = DIRECTION ( 'NONE',  ( 1.000000000000000000, 0.000000000000000000, 0.000000000000000000 ) ) ;
#466 = CIRCLE ( 'NONE', #6107, 5.200000000000009948 ) ;
#467 = VECTOR ( 'NONE', #504, 1000.000000000000114 ) ;
#468 = EDGE_LOOP ( 'NONE', ( #2624, #7318, #1160, #1449, #6133, #3546, #5611 ) ) ;
#469 = VERTEX_POINT ( 'NONE', #605 ) ;
#470 = DIRECTION ( 'NONE',  ( 1.000000000000000000, 0.000000000000000000, 0.000000000000000000 ) ) ;
#471 = AXIS2_PLACEMENT_3D ( 'NONE', #405, #2801, #1494 ) ;
#472 = CARTESIAN_POINT ( 'NONE',  ( 14.20000000000001528, 116.0000000000011795, 83.38341924626902824 ) ) ;
#473 = CARTESIAN_POINT ( 'NONE',  ( 2.989999999999994440, 90.00000000000119371, 8.688419246269045715 ) ) ;
#474 = LINE ( 'NONE', #3553, #6101 ) ;
#475 = CARTESIAN_POINT ( 'NONE',  ( 59.20999999999999375, 82.00000000000117950, 78.00000000000001421 ) ) ;
#476 = CARTESIAN_POINT ( 'NONE',  ( 9.999999999999971578, 82.00000000000117950, 75.00000000000001421 ) ) ;
#477 = CIRCLE ( 'NONE', #6787, 2.999999999999999112 ) ;
#478 = EDGE_LOOP ( 'NONE', ( #6628, #4826, #2231, #4782, #1579 ) ) ;
#479 = EDGE_CURVE ( 'NONE', #2115, #1977, #3683, .T. ) ;
#480 = DIRECTION ( 'NONE',  ( 1.000000000000000000, 0.000000000000000000, -0.000000000000000000 ) ) ;
#481 = CARTESIAN_POINT ( 'NONE',  ( 68.61375980057520962, 74.45503920230190431, 5.858010318833204444 ) ) ;
#482 = ORIENTED_EDGE ( 'NONE', *, *, #3576, .T. ) ;
#483 = CARTESIAN_POINT ( 'NONE',  ( 5.789999999999999147, 83.40000000000118519, 10.30500000000000149 ) ) ;
#484 = ORIENTED_EDGE ( 'NONE', *, *, #2602, .T. ) ;
#485 = CARTESIAN_POINT ( 'NONE',  ( 17.00000000000001066, 115.0000000000011795, 81.76683849253807068 ) ) ;
#486 = ORIENTED_EDGE ( 'NONE', *, *, #6137, .T. ) ;
#487 = ORIENTED_EDGE ( 'NONE', *, *, #7003, .F. ) ;
#488 = CARTESIAN_POINT ( 'NONE',  ( 69.99999999999998579, 145.0000000000000000, 80.00000000000000000 ) ) ;
#489 = CARTESIAN_POINT ( 'NONE',  ( 69.99999999999998579, 145.0000000000000000, 88.00000000000000000 ) ) ;
#490 = EDGE_CURVE ( 'NONE', #3462, #2956, #3074, .T. ) ;
#491 = DIRECTION ( 'NONE',  ( -0.000000000000000000, -0.000000000000000000, 1.000000000000000000 ) ) ;
#492 = LINE ( 'NONE', #3574, #987 ) ;
#493 = VERTEX_POINT ( 'NONE', #516 ) ;
#494 = CARTESIAN_POINT ( 'NONE',  ( 0.000000000000000000, 145.0000000000000000, 13.00000000000000178 ) ) ;
#495 = ORIENTED_EDGE ( 'NONE', *, *, #2994, .F. ) ;
#496 = LINE ( 'NONE', #4898, #1212 ) ;
#497 = ORIENTED_EDGE ( 'NONE', *, *, #5995, .T. ) ;
#498 = VECTOR ( 'NONE', #904, 1000.000000000000114 ) ;
#499 = EDGE_CURVE ( 'NONE', #6916, #7927, #1719, .T. ) ;
#500 = VERTEX_POINT ( 'NONE', #7429 ) ;
#501 = EDGE_CURVE ( 'NONE', #1758, #3087, #7383, .T. ) ;
#502 = CARTESIAN_POINT ( 'NONE',  ( 12.00000000000000178, 115.0000000000011795, 13.00000000000000178 ) ) ;
#503 = DIRECTION ( 'NONE',  ( 0.000000000000000000, 0.000000000000000000, 1.000000000000000000 ) ) ;
#505 = ORIENTED_EDGE ( 'NONE', *, *, #1065, .F. ) ;
#504 = DIRECTION ( 'NONE',  ( 0.2425356250363298605, 0.9701425001453326535, -0.000000000000000000 ) ) ;
#506 = EDGE_LOOP ( 'NONE', ( #1921, #3146, #6095, #1600 ) ) ;
#507 = VECTOR ( 'NONE', #1161, 1000.000000000000000 ) ;
#508 = FACE_OUTER_BOUND ( 'NONE', #3677, .T. ) ;
#509 = VERTEX_POINT ( 'NONE', #7507 ) ;
#510 = VERTEX_POINT ( 'NONE', #3728 ) ;
#511 = DIRECTION ( 'NONE',  ( -0.000000000000000000, 1.000000000000000000, -0.000000000000000000 ) ) ;
#512 = FACE_OUTER_BOUND ( 'NONE', #8133, .T. ) ;
#513 = ADVANCED_FACE ( 'NONE', ( #4960 ), #2991, .F. ) ;
#514 = LINE ( 'NONE', #7425, #4124 ) ;
#515 = DIRECTION ( 'NONE',  ( -0.8660254037844384856, 0.000000000000000000, -0.5000000000000002220 ) ) ;
#516 = CARTESIAN_POINT ( 'NONE',  ( 69.20999999999999375, 90.00000000000112266, 51.50000000000000000 ) ) ;
#517 = EDGE_CURVE ( 'NONE', #4653, #1868, #6096, .T. ) ;
#518 = DIRECTION ( 'NONE',  ( -0.000000000000000000, -0.000000000000000000, -1.000000000000000000 ) ) ;
#519 = EDGE_CURVE ( 'NONE', #5019, #5418, #4302, .T. ) ;
#520 = ORIENTED_EDGE ( 'NONE', *, *, #5347, .F. ) ;
#521 = CARTESIAN_POINT ( 'NONE',  ( 50.20000000000000284, 116.0000000000011795, 6.383419246269049552 ) ) ;
#522 = CARTESIAN_POINT ( 'NONE',  ( 10.78999999999999382, 82.00000000000117950, 4.527864045000350224 ) ) ;
#523 = ORIENTED_EDGE ( 'NONE', *, *, #5271, .T. ) ;
#524 = FACE_OUTER_BOUND ( 'NONE', #3412, .T. ) ;
#525 = VERTEX_POINT ( 'NONE', #4875 ) ;
#526 = ADVANCED_FACE ( 'NONE', ( #555 ), #1275, .F. ) ;
#527 = ADVANCED_FACE ( 'NONE', ( #6146 ), #4257, .F. ) ;
#528 = CARTESIAN_POINT ( 'NONE',  ( 63.00000000000000000, 90.00000000000112266, 51.50000000000000000 ) ) ;
#529 = EDGE_LOOP ( 'NONE', ( #2979, #4378, #7528, #6153 ) ) ;
#530 = EDGE_LOOP ( 'NONE', ( #7969, #3401, #5511, #3799 ) ) ;
#531 = CARTESIAN_POINT ( 'NONE',  ( -2.682207064984406182E-14, 80.00000000000109424, 51.50000000000000711 ) ) ;
#532 = CARTESIAN_POINT ( 'NONE',  ( 69.20999999999999375, 90.00000000000117950, 3.000000000000002665 ) ) ;
#533 = CARTESIAN_POINT ( 'NONE',  ( 17.00000000000001066, 116.0000000000011795, 86.60000000000000853 ) ) ;
#534 = ORIENTED_EDGE ( 'NONE', *, *, #207, .F. ) ;
#535 = PLANE ( 'NONE',  #7338 ) ;
#536 = EDGE_LOOP ( 'NONE', ( #4437, #4349, #47, #7288, #6128, #6873, #4670, #2873, #8030 ) ) ;
#537 = PLANE ( 'NONE',  #7236 ) ;
#538 = ORIENTED_EDGE ( 'NONE', *, *, #2297, .T. ) ;
#539 = ORIENTED_EDGE ( 'NONE', *, *, #5925, .T. ) ;
#540 = DIRECTION ( 'NONE',  ( -0.000000000000000000, 0.000000000000000000, -1.000000000000000000 ) ) ;
#541 = FACE_OUTER_BOUND ( 'NONE', #1729, .T. ) ;
#543 = ORIENTED_EDGE ( 'NONE', *, *, #6941, .T. ) ;
#542 = CARTESIAN_POINT ( 'NONE',  ( 17.00000000000001066, 116.0000000000011795, 88.23316150746192932 ) ) ;
#544 = AXIS2_PLACEMENT_3D ( 'NONE', #2468, #1151, #6154 ) ;
#545 = ORIENTED_EDGE ( 'NONE', *, *, #7286, .F. ) ;
#546 = DIRECTION ( 'NONE',  ( 1.000000000000000000, 0.000000000000000000, 0.000000000000000000 ) ) ;
#547 = EDGE_LOOP ( 'NONE', ( #303, #6510, #5220, #2802 ) ) ;
#548 = EDGE_CURVE ( 'NONE', #50, #6692, #2417, .T. ) ;
#549 = VECTOR ( 'NONE', #1511, 1000.000000000000000 ) ;
#550 = ORIENTED_EDGE ( 'NONE', *, *, #2051, .F. ) ;
#551 = CARTESIAN_POINT ( 'NONE',  ( 60.18181818181817277, 40.72727272727331638, -26.72727272727328796 ) ) ;
#552 = DIRECTION ( 'NONE',  ( -0.000000000000000000, -0.000000000000000000, 1.000000000000000000 ) ) ;
#553 = LINE ( 'NONE', #426, #6752 ) ;
#554 = CARTESIAN_POINT ( 'NONE',  ( 47.65767078078673080, 3.000000000000000000, 78.00000000000000000 ) ) ;
#555 = FACE_OUTER_BOUND ( 'NONE', #2107, .T. ) ;
#556 = DIRECTION ( 'NONE',  ( -0.000000000000000000, 0.000000000000000000, 1.000000000000000000 ) ) ;
#557 = EDGE_CURVE ( 'NONE', #2302, #4642, #2459, .T. ) ;
#558 = CIRCLE ( 'NONE', #6461, 14.05000000000000071 ) ;
#559 = VECTOR ( 'NONE', #6239, 1000.000000000000000 ) ;
#560 = CARTESIAN_POINT ( 'NONE',  ( 18.82352941176473848, 4.705882352941121560, 81.00000000000000000 ) ) ;
#561 = EDGE_LOOP ( 'NONE', ( #7905, #4621, #5170, #3101, #8113, #6834, #7197 ) ) ;
#562 = EDGE_CURVE ( 'NONE', #3631, #6220, #5080, .T. ) ;
#563 = VECTOR ( 'NONE', #5104, 1000.000000000000000 ) ;
#564 = DIRECTION ( 'NONE',  ( 0.8660254037844379305, 0.000000000000000000, -0.5000000000000012212 ) ) ;
#565 = EDGE_CURVE ( 'NONE', #4353, #7065, #7551, .T. ) ;
#566 = AXIS2_PLACEMENT_3D ( 'NONE', #21, #105, #6179 ) ;
#567 = EDGE_CURVE ( 'NONE', #7530, #333, #7938, .T. ) ;
#568 = CARTESIAN_POINT ( 'NONE',  ( 30.99999999999999289, 21.00000000000000355, 78.00000000000000000 ) ) ;
#569 = VERTEX_POINT ( 'NONE', #764 ) ;
#570 = DIRECTION ( 'NONE',  ( 0.000000000000000000, 1.000000000000000000, 0.000000000000000000 ) ) ;
#571 = VECTOR ( 'NONE', #7631, 1000.000000000000000 ) ;
#572 = ORIENTED_EDGE ( 'NONE', *, *, #5369, .T. ) ;
#573 = AXIS2_PLACEMENT_3D ( 'NONE', #1861, #3660, #1244 ) ;
#574 = ORIENTED_EDGE ( 'NONE', *, *, #7142, .T. ) ;
#575 = EDGE_LOOP ( 'NONE', ( #523, #1441, #3315, #6966 ) ) ;
#576 = DIRECTION ( 'NONE',  ( 1.000000000000000000, 0.000000000000000000, 0.000000000000000000 ) ) ;
#577 = VECTOR ( 'NONE', #5554, 1000.000000000000000 ) ;
#578 = FACE_OUTER_BOUND ( 'NONE', #7680, .T. ) ;
#579 = DIRECTION ( 'NONE',  ( 0.000000000000000000, 0.000000000000000000, -1.000000000000000000 ) ) ;
#580 = ORIENTED_EDGE ( 'NONE', *, *, #1297, .F. ) ;
#581 = CARTESIAN_POINT ( 'NONE',  ( 39.99999999999999289, 37.00000000000000711, 88.09999999999999432 ) ) ;
#582 = EDGE_LOOP ( 'NONE', ( #2575, #3691, #7332, #6535 ) ) ;
#583 = LINE ( 'NONE', #8065, #936 ) ;
#584 = ORIENTED_EDGE ( 'NONE', *, *, #3263, .T. ) ;
#585 = AXIS2_PLACEMENT_3D ( 'NONE', #7156, #2880, #6078 ) ;
#586 = ORIENTED_EDGE ( 'NONE', *, *, #6908, .F. ) ;
#587 = EDGE_CURVE ( 'NONE', #4330, #1802, #4269, .T. ) ;
#588 = FACE_BOUND ( 'NONE', #5607, .T. ) ;
#589 = DIRECTION ( 'NONE',  ( 1.000000000000000000, 0.000000000000000000, 0.000000000000000000 ) ) ;
#591 = ORIENTED_EDGE ( 'NONE', *, *, #73, .F. ) ;
#590 = DIRECTION ( 'NONE',  ( -0.8660254037844384856, 0.000000000000000000, -0.5000000000000002220 ) ) ;
#592 = VECTOR ( 'NONE', #1535, 1000.000000000000000 ) ;
#593 = ORIENTED_EDGE ( 'NONE', *, *, #562, .T. ) ;
#594 = CYLINDRICAL_SURFACE ( 'NONE', #4294, 1.600000000000004086 ) ;
#595 = VERTEX_POINT ( 'NONE', #3809 ) ;
#596 = CIRCLE ( 'NONE', #8078, 1.649999999999991696 ) ;
#597 = VERTEX_POINT ( 'NONE', #6428 ) ;
#598 = CARTESIAN_POINT ( 'NONE',  ( 17.00000000000001066, 116.0000000000011795, 81.76683849253807068 ) ) ;
#599 = FACE_OUTER_BOUND ( 'NONE', #243, .T. ) ;
#600 = DIRECTION ( 'NONE',  ( -0.8660254037844382635, 0.000000000000000000, -0.5000000000000006661 ) ) ;
#601 = EDGE_CURVE ( 'NONE', #3129, #5019, #5192, .T. ) ;
#602 = VECTOR ( 'NONE', #7622, 1000.000000000000000 ) ;
#603 = DIRECTION ( 'NONE',  ( 0.000000000000000000, 0.000000000000000000, -1.000000000000000000 ) ) ;
#604 = ADVANCED_FACE ( 'NONE', ( #1932 ), #3154, .F. ) ;
#605 = CARTESIAN_POINT ( 'NONE',  ( 64.21000000000000796, 83.40000000000118519, 80.69499999999999318 ) ) ;
#606 = CARTESIAN_POINT ( 'NONE',  ( 69.99999999999998579, 134.9999999999999716, 80.00000000000000000 ) ) ;
#607 = CARTESIAN_POINT ( 'NONE',  ( 24.60000000000000142, 41.00000000000001421, 78.00000000000000000 ) ) ;
#608 = VERTEX_POINT ( 'NONE', #7705 ) ;
#609 = AXIS2_PLACEMENT_3D ( 'NONE', #7087, #6466, #839 ) ;
#610 = FACE_OUTER_BOUND ( 'NONE', #5557, .T. ) ;
#611 = EDGE_CURVE ( 'NONE', #1652, #2394, #3884, .T. ) ;
#612 = CARTESIAN_POINT ( 'NONE',  ( 34.99999999999999289, 37.00000000000000711, 83.50000000000000000 ) ) ;
#613 = DIRECTION ( 'NONE',  ( -0.000000000000000000, -0.000000000000000000, -1.000000000000000000 ) ) ;
#614 = CIRCLE ( 'NONE', #3767, 3.999999999999996447 ) ;
#615 = ORIENTED_EDGE ( 'NONE', *, *, #6453, .T. ) ;
#616 = PLANE ( 'NONE',  #2521 ) ;
#617 = VERTEX_POINT ( 'NONE', #4426 ) ;
#618 = ORIENTED_EDGE ( 'NONE', *, *, #7698, .F. ) ;
#619 = VECTOR ( 'NONE', #6232, 1000.000000000000000 ) ;
#620 = DIRECTION ( 'NONE',  ( -0.000000000000000000, -0.000000000000000000, 1.000000000000000000 ) ) ;
#621 = DIRECTION ( 'NONE',  ( 1.000000000000000000, 0.000000000000000000, 0.000000000000000000 ) ) ;
#622 = ORIENTED_EDGE ( 'NONE', *, *, #7301, .T. ) ;
#623 = DIRECTION ( 'NONE',  ( 0.000000000000000000, -0.000000000000000000, -1.000000000000000000 ) ) ;
#624 = CIRCLE ( 'NONE', #1684, 1.599999999999998090 ) ;
#626 = ORIENTED_EDGE ( 'NONE', *, *, #7727, .F. ) ;
#625 = EDGE_CURVE ( 'NONE', #2695, #5646, #2828, .T. ) ;
#627 = DIRECTION ( 'NONE',  ( 0.000000000000000000, 0.000000000000000000, 1.000000000000000000 ) ) ;
#628 = ORIENTED_EDGE ( 'NONE', *, *, #7966, .T. ) ;
#629 = EDGE_CURVE ( 'NONE', #4272, #3864, #683, .T. ) ;
#630 = VERTEX_POINT ( 'NONE', #3232 ) ;
#631 = CARTESIAN_POINT ( 'NONE',  ( 0.000000000000000000, 0.000000000000000000, 13.00000000000000178 ) ) ;
#632 = DIRECTION ( 'NONE',  ( -1.000000000000000000, -3.965082230804129727E-16, 0.000000000000000000 ) ) ;
#634 = EDGE_LOOP ( 'NONE', ( #2383, #3509, #6932, #1029, #3536 ) ) ;
#633 = CARTESIAN_POINT ( 'NONE',  ( 35.00000000000000000, 37.00000000000000711, 4.900000000000000355 ) ) ;
#635 = ORIENTED_EDGE ( 'NONE', *, *, #3778, .T. ) ;
#636 = CARTESIAN_POINT ( 'NONE',  ( 69.20999999999997954, 82.00000000000117950, 88.47213595499961514 ) ) ;
#637 = ORIENTED_EDGE ( 'NONE', *, *, #2962, .F. ) ;
#638 = EDGE_CURVE ( 'NONE', #6198, #7106, #1312, .T. ) ;
#639 = EDGE_CURVE ( 'NONE', #2277, #4889, #7665, .T. ) ;
#640 = ORIENTED_EDGE ( 'NONE', *, *, #403, .T. ) ;
#641 = CARTESIAN_POINT ( 'NONE',  ( 20.12121212121212110, -0.4848484848484705956, 14.48484848484850041 ) ) ;
#642 = CARTESIAN_POINT ( 'NONE',  ( 55.79999999999998295, 116.0000000000011795, 6.383419246269050440 ) ) ;
#643 = AXIS2_PLACEMENT_3D ( 'NONE', #6702, #2148, #6571 ) ;
#644 = DIRECTION ( 'NONE',  ( -0.000000000000000000, 1.000000000000000000, -0.000000000000000000 ) ) ;
#645 = DIRECTION ( 'NONE',  ( -1.000000000000000000, 0.000000000000000000, 0.000000000000000000 ) ) ;
#646 = CARTESIAN_POINT ( 'NONE',  ( 22.34232921921326920, 3.000000000000000000, 13.99999999999999822 ) ) ;
#647 = DIRECTION ( 'NONE',  ( 0.000000000000000000, 0.000000000000000000, 1.000000000000000000 ) ) ;
#648 = DIRECTION ( 'NONE',  ( 0.000000000000000000, 0.000000000000000000, 1.000000000000000000 ) ) ;
#649 = ORIENTED_EDGE ( 'NONE', *, *, #2312, .T. ) ;
#650 = VECTOR ( 'NONE', #452, 1000.000000000000000 ) ;
#651 = CARTESIAN_POINT ( 'NONE',  ( 34.99999999999999289, 21.00000000000000355, 78.00000000000000000 ) ) ;
#652 = DIRECTION ( 'NONE',  ( 1.000000000000000000, -0.000000000000000000, -0.000000000000000000 ) ) ;
#653 = DIRECTION ( 'NONE',  ( 0.000000000000000000, 0.000000000000000000, 1.000000000000000000 ) ) ;
#654 = CARTESIAN_POINT ( 'NONE',  ( 64.21000000000000796, 88.00000000000119371, 79.46183849253809228 ) ) ;
#655 = LINE ( 'NONE', #3245, #23 ) ;
#656 = ADVANCED_FACE ( 'NONE', ( #69, #3849 ), #5737, .F. ) ;
#657 = ORIENTED_EDGE ( 'NONE', *, *, #5003, .F. ) ;
#658 = CARTESIAN_POINT ( 'NONE',  ( 30.00000000000000355, 37.00000000000000711, 12.00000000000000000 ) ) ;
#659 = DIRECTION ( 'NONE',  ( 1.000000000000000000, 0.000000000000000000, 0.000000000000000000 ) ) ;
#660 = CARTESIAN_POINT ( 'NONE',  ( 35.00000000000000000, 21.00000000000000355, 12.00000000000000000 ) ) ;
#661 = ORIENTED_EDGE ( 'NONE', *, *, #3540, .T. ) ;
#662 = LINE ( 'NONE', #781, #2748 ) ;
#663 = ORIENTED_EDGE ( 'NONE', *, *, #5042, .F. ) ;
#664 = DIRECTION ( 'NONE',  ( 0.000000000000000000, -1.000000000000000000, 0.000000000000000000 ) ) ;
#665 = EDGE_CURVE ( 'NONE', #1036, #6572, #1966, .T. ) ;
#666 = EDGE_CURVE ( 'NONE', #5, #3457, #2620, .T. ) ;
#667 = CARTESIAN_POINT ( 'NONE',  ( 17.00000000000000000, 115.0000000000011795, 9.600000000000003197 ) ) ;
#668 = EDGE_CURVE ( 'NONE', #2911, #4036, #5307, .T. ) ;
#669 = ADVANCED_FACE ( 'NONE', ( #2655 ), #4545, .F. ) ;
#670 = CARTESIAN_POINT ( 'NONE',  ( 70.00000000000000000, 145.0000000000000000, 13.00000000000000178 ) ) ;
#672 = ORIENTED_EDGE ( 'NONE', *, *, #2672, .F. ) ;
#671 = LINE ( 'NONE', #5798, #4811 ) ;
#673 = ORIENTED_EDGE ( 'NONE', *, *, #625, .F. ) ;
#674 = DIRECTION ( 'NONE',  ( -1.000000000000000000, -0.000000000000000000, -0.000000000000000000 ) ) ;
#675 = ORIENTED_EDGE ( 'NONE', *, *, #587, .F. ) ;
#676 = EDGE_LOOP ( 'NONE', ( #1301, #7985 ) ) ;
#677 = LINE ( 'NONE', #5691, #7120 ) ;
#678 = LINE ( 'NONE', #8119, #1612 ) ;
#679 = VECTOR ( 'NONE', #3783, 1000.000000000000000 ) ;
#680 = DIRECTION ( 'NONE',  ( 0.000000000000000000, 1.000000000000000000, 0.000000000000000000 ) ) ;
#681 = LINE ( 'NONE', #6770, #2049 ) ;
#682 = EDGE_CURVE ( 'NONE', #5803, #5385, #3302, .T. ) ;
#683 = LINE ( 'NONE', #6393, #4800 ) ;
#684 = CARTESIAN_POINT ( 'NONE',  ( 14.20000000000001528, 115.0000000000011795, 83.38341924626902824 ) ) ;
#685 = FACE_OUTER_BOUND ( 'NONE', #7414, .T. ) ;
#686 = ORIENTED_EDGE ( 'NONE', *, *, #5753, .F. ) ;
#687 = VECTOR ( 'NONE', #4117, 1000.000000000000000 ) ;
#688 = DIRECTION ( 'NONE',  ( 1.000000000000000000, 0.000000000000000000, 0.000000000000000000 ) ) ;
#689 = DIRECTION ( 'NONE',  ( 1.000000000000000000, 0.000000000000000000, 0.000000000000000000 ) ) ;
#690 = CARTESIAN_POINT ( 'NONE',  ( 70.00000000000001421, 83.00000000000113687, 46.49999999999999289 ) ) ;
#691 = DIRECTION ( 'NONE',  ( 0.000000000000000000, 0.000000000000000000, -1.000000000000000000 ) ) ;
#692 = AXIS2_PLACEMENT_3D ( 'NONE', #7183, #316, #7835 ) ;
#693 = VECTOR ( 'NONE', #5007, 999.9999999999998863 ) ;
#694 = CARTESIAN_POINT ( 'NONE',  ( 5.790000000000008029, 83.40000000000118519, 80.69499999999999318 ) ) ;
#695 = ORIENTED_EDGE ( 'NONE', *, *, #175, .F. ) ;
#696 = AXIS2_PLACEMENT_3D ( 'NONE', #8023, #5508, #2400 ) ;
#697 = AXIS2_PLACEMENT_3D ( 'NONE', #7253, #7337, #7297 ) ;
#698 = CARTESIAN_POINT ( 'NONE',  ( 30.00000000000000355, 34.13021325036270071, 88.09999999999999432 ) ) ;
#699 = CYLINDRICAL_SURFACE ( 'NONE', #5050, 2.000000000000001776 ) ;
#700 = EDGE_CURVE ( 'NONE', #8088, #1465, #1638, .T. ) ;
#701 = CARTESIAN_POINT ( 'NONE',  ( 52.99999999999997868, 116.0000000000011795, 88.23316150746188669 ) ) ;
#702 = AXIS2_PLACEMENT_3D ( 'NONE', #2485, #6881, #6339 ) ;
#703 = VECTOR ( 'NONE', #1533, 1000.000000000000000 ) ;
#704 = EDGE_CURVE ( 'NONE', #5671, #7693, #7176, .T. ) ;
#705 = VERTEX_POINT ( 'NONE', #309 ) ;
#706 = DIRECTION ( 'NONE',  ( -1.000000000000000000, 0.000000000000000000, 0.000000000000000000 ) ) ;
#707 = ORIENTED_EDGE ( 'NONE', *, *, #4440, .T. ) ;
#708 = DIRECTION ( 'NONE',  ( -0.000000000000000000, 1.000000000000000000, -0.000000000000000000 ) ) ;
#709 = AXIS2_PLACEMENT_3D ( 'NONE', #6436, #1320, #7025 ) ;
#710 = CARTESIAN_POINT ( 'NONE',  ( 62.00000000000000711, 145.0000000000000000, 13.00000000000000178 ) ) ;
#711 = CARTESIAN_POINT ( 'NONE',  ( 50.19999999999999574, 115.0000000000011795, 86.61658075373094334 ) ) ;
#713 = VERTEX_POINT ( 'NONE', #6102 ) ;
#712 = CARTESIAN_POINT ( 'NONE',  ( 69.20999999999997954, 86.00000000000113687, 90.00000000000000000 ) ) ;
#714 = VERTEX_POINT ( 'NONE', #5978 ) ;
#715 = DIRECTION ( 'NONE',  ( -0.000000000000000000, -0.000000000000000000, 1.000000000000000000 ) ) ;
#716 = CIRCLE ( 'NONE', #8067, 6.000000000000005329 ) ;
#717 = ORIENTED_EDGE ( 'NONE', *, *, #400, .F. ) ;
#718 = EDGE_CURVE ( 'NONE', #6170, #6263, #6906, .T. ) ;
#719 = ADVANCED_FACE ( 'NONE', ( #7300 ), #353, .F. ) ;
#720 = EDGE_CURVE ( 'NONE', #6891, #7273, #1519, .T. ) ;
#721 = ORIENTED_EDGE ( 'NONE', *, *, #1525, .F. ) ;
#722 = DIRECTION ( 'NONE',  ( 0.000000000000000000, -1.000000000000000000, -0.000000000000000000 ) ) ;
#723 = AXIS2_PLACEMENT_3D ( 'NONE', #6836, #56, #3713 ) ;
#724 = DIRECTION ( 'NONE',  ( 0.000000000000000000, 0.000000000000000000, 1.000000000000000000 ) ) ;
#725 = DIRECTION ( 'NONE',  ( -0.5000000000000003331, 0.000000000000000000, 0.8660254037844385966 ) ) ;
#726 = CARTESIAN_POINT ( 'NONE',  ( 0.000000000000000000, 0.000000000000000000, 90.00000000000000000 ) ) ;
#727 = CARTESIAN_POINT ( 'NONE',  ( 26.24999999999999645, 41.00000000000001421, 80.00000000000000000 ) ) ;
#728 = FACE_OUTER_BOUND ( 'NONE', #1797, .T. ) ;
#729 = MECHANICAL_DESIGN_GEOMETRIC_PRESENTATION_REPRESENTATION (  '', ( #5709 ), #6764 ) ;
#730 = DIRECTION ( 'NONE',  ( 1.000000000000000000, 0.000000000000000000, 0.000000000000000000 ) ) ;
#731 = ORIENTED_EDGE ( 'NONE', *, *, #6866, .F. ) ;
#732 = CARTESIAN_POINT ( 'NONE',  ( 22.00000000000000355, 118.0000000000011937, 3.000000000000000000 ) ) ;
#733 = AXIS2_PLACEMENT_3D ( 'NONE', #6942, #7088, #1390 ) ;
#734 = DIRECTION ( 'NONE',  ( 0.000000000000000000, 1.000000000000000000, 0.000000000000000000 ) ) ;
#735 = CARTESIAN_POINT ( 'NONE',  ( 58.00000000000000000, 115.0000000000011795, 13.00000000000000178 ) ) ;
#736 = CYLINDRICAL_SURFACE ( 'NONE', #7645, 5.200000000000009948 ) ;
#737 = DIRECTION ( 'NONE',  ( 0.000000000000000000, 1.000000000000000000, -0.000000000000000000 ) ) ;
#738 = CIRCLE ( 'NONE', #4934, 1.600000000000004086 ) ;
#739 = EDGE_LOOP ( 'NONE', ( #7374, #8021, #810, #5097, #2198, #6373 ) ) ;
#740 = EDGE_CURVE ( 'NONE', #7376, #7208, #457, .T. ) ;
#741 = CARTESIAN_POINT ( 'NONE',  ( 63.00000000000002842, 82.00000000000117950, 74.99999999999998579 ) ) ;
#742 = VECTOR ( 'NONE', #7231, 1000.000000000000000 ) ;
#743 = DIRECTION ( 'NONE',  ( -0.8660254037844375974, 0.000000000000000000, -0.5000000000000019984 ) ) ;
#744 = ORIENTED_EDGE ( 'NONE', *, *, #4092, .F. ) ;
#745 = DIRECTION ( 'NONE',  ( 0.000000000000000000, 0.000000000000000000, -1.000000000000000000 ) ) ;
#746 = ORIENTED_EDGE ( 'NONE', *, *, #7966, .F. ) ;
#747 = DIRECTION ( 'NONE',  ( -0.000000000000000000, -0.000000000000000000, 1.000000000000000000 ) ) ;
#748 = AXIS2_PLACEMENT_3D ( 'NONE', #6689, #5617, #6978 ) ;
#749 = ORIENTED_EDGE ( 'NONE', *, *, #3014, .T. ) ;
#750 = CARTESIAN_POINT ( 'NONE',  ( 55.79999999999997584, 115.0000000000011795, 83.38341924626904245 ) ) ;
#751 = AXIS2_PLACEMENT_3D ( 'NONE', #2530, #3717, #546 ) ;
#752 = LINE ( 'NONE', #7456, #3337 ) ;
#753 = CARTESIAN_POINT ( 'NONE',  ( 29.74999999999999645, 41.00000000000001421, 12.00000000000000000 ) ) ;
#754 = VERTEX_POINT ( 'NONE', #4668 ) ;
#755 =( BOUNDED_CURVE ( )  B_SPLINE_CURVE ( 3, ( #1335, #6418, #98, #2031 ),
 .UNSPECIFIED., .F., .F. ) 
 B_SPLINE_CURVE_WITH_KNOTS ( ( 4, 4 ),
 ( 1.570796326794896336, 2.356194490192345281 ),
 .UNSPECIFIED. ) 
 CURVE ( )  GEOMETRIC_REPRESENTATION_ITEM ( )  RATIONAL_B_SPLINE_CURVE ( ( 1.000000000000000000, 0.9492530216741910110, 0.9492530216741910110, 1.000000000000000000 ) ) 
 REPRESENTATION_ITEM ( '' )  );
#756 = DIRECTION ( 'NONE',  ( 0.000000000000000000, 0.000000000000000000, 1.000000000000000000 ) ) ;
#757 = ORIENTED_EDGE ( 'NONE', *, *, #4300, .F. ) ;
#758 = ADVANCED_FACE ( 'NONE', ( #2824 ), #4213, .F. ) ;
#759 = VERTEX_POINT ( 'NONE', #2335 ) ;
#760 = CARTESIAN_POINT ( 'NONE',  ( 10.78999999999999737, 90.00000000000119371, 90.00000000000000000 ) ) ;
#761 = DIRECTION ( 'NONE',  ( -1.000000000000000000, 0.000000000000000000, 0.000000000000000000 ) ) ;
#762 = DIRECTION ( 'NONE',  ( -0.000000000000000000, -0.000000000000000000, -1.000000000000000000 ) ) ;
#763 = LINE ( 'NONE', #5769, #1523 ) ;
#764 = CARTESIAN_POINT ( 'NONE',  ( 10.79000000000000092, 90.00000000000119371, 78.00000000000001421 ) ) ;
#765 = DIRECTION ( 'NONE',  ( -0.4999999999999998335, 0.000000000000000000, -0.8660254037844388186 ) ) ;
#766 = ORIENTED_EDGE ( 'NONE', *, *, #6960, .T. ) ;
#767 = DIRECTION ( 'NONE',  ( -1.000000000000000000, 0.000000000000000000, 0.000000000000000000 ) ) ;
#768 = EDGE_LOOP ( 'NONE', ( #3395, #8033, #6134, #4638 ) ) ;
#769 = DIRECTION ( 'NONE',  ( -0.000000000000000000, 1.000000000000000000, -0.000000000000000000 ) ) ;
#770 = CIRCLE ( 'NONE', #1832, 2.000000000000000000 ) ;
#771 = DIRECTION ( 'NONE',  ( 1.000000000000000000, 0.000000000000000000, 0.000000000000000000 ) ) ;
#772 = LINE ( 'NONE', #1900, #6355 ) ;
#773 = CARTESIAN_POINT ( 'NONE',  ( 5.286962175078739889, 58.85215129968586467, 12.00000000000000533 ) ) ;
#774 = EDGE_CURVE ( 'NONE', #3678, #7723, #474, .T. ) ;
#775 = DIRECTION ( 'NONE',  ( -0.000000000000000000, 1.000000000000000000, -0.000000000000000000 ) ) ;
#776 = CIRCLE ( 'NONE', #1562, 1.599999999999988542 ) ;
#777 = VERTEX_POINT ( 'NONE', #1554 ) ;
#778 = CARTESIAN_POINT ( 'NONE',  ( 4.200177603019513484, 63.19928958792284135, 81.59100865130317004 ) ) ;
#779 = DIRECTION ( 'NONE',  ( 0.000000000000000000, -1.000000000000000000, 0.000000000000000000 ) ) ;
#780 = ORIENTED_EDGE ( 'NONE', *, *, #8014, .T. ) ;
#781 = CARTESIAN_POINT ( 'NONE',  ( 70.00000000000000000, 145.0000000000000000, 13.00000000000000178 ) ) ;
#782 = ORIENTED_EDGE ( 'NONE', *, *, #4833, .F. ) ;
#783 = CARTESIAN_POINT ( 'NONE',  ( 43.75000000000000711, 41.00000000000001421, 13.00000000000000178 ) ) ;
#784 = VERTEX_POINT ( 'NONE', #5315 ) ;
#785 = LINE ( 'NONE', #900, #7257 ) ;
#786 = DIRECTION ( 'NONE',  ( -0.000000000000000000, -0.000000000000000000, 1.000000000000000000 ) ) ;
#787 = CARTESIAN_POINT ( 'NONE',  ( 40.00000000000000000, 34.13021325036269360, 4.900000000000000355 ) ) ;
#788 = ORIENTED_EDGE ( 'NONE', *, *, #439, .F. ) ;
#789 = FACE_OUTER_BOUND ( 'NONE', #4160, .T. ) ;
#790 = ORIENTED_EDGE ( 'NONE', *, *, #363, .T. ) ;
#791 = ORIENTED_EDGE ( 'NONE', *, *, #406, .T. ) ;
#792 = DIRECTION ( 'NONE',  ( -0.000000000000000000, -0.000000000000000000, 1.000000000000000000 ) ) ;
#793 = LINE ( 'NONE', #3416, #3206 ) ;
#794 = CARTESIAN_POINT ( 'NONE',  ( 61.99999999999999289, 145.0000000000000000, 80.00000000000000000 ) ) ;
#795 = DIRECTION ( 'NONE',  ( 0.000000000000000000, 0.000000000000000000, 1.000000000000000000 ) ) ;
#796 = DIRECTION ( 'NONE',  ( 0.000000000000000000, 0.000000000000000000, 1.000000000000000000 ) ) ;
#797 = EDGE_CURVE ( 'NONE', #2475, #2893, #1680, .T. ) ;
#798 = VERTEX_POINT ( 'NONE', #4177 ) ;
#799 = CARTESIAN_POINT ( 'NONE',  ( 52.99999999999997868, 116.0000000000011795, 88.23316150746188669 ) ) ;
#800 = VERTEX_POINT ( 'NONE', #2291 ) ;
#801 = CIRCLE ( 'NONE', #2775, 2.000000000000000000 ) ;
#802 = CARTESIAN_POINT ( 'NONE',  ( 53.00000000000000000, 115.0000000000011795, 11.23316150746189201 ) ) ;
#803 = CYLINDRICAL_SURFACE ( 'NONE', #1604, 3.499999999999985789 ) ;
#804 = LINE ( 'NONE', #1282, #4248 ) ;
#805 = ADVANCED_FACE ( 'NONE', ( #1591, #3515, #1095, #4086 ), #2898, .F. ) ;
#806 = CARTESIAN_POINT ( 'NONE',  ( 2.685316983374998134, 69.25873206650094005, 9.481609887636853529 ) ) ;
#807 = VECTOR ( 'NONE', #1314, 1000.000000000000227 ) ;
#808 = EDGE_CURVE ( 'NONE', #2956, #6421, #3472, .T. ) ;
#809 = CARTESIAN_POINT ( 'NONE',  ( 8.590000000000014069, 90.00000000000119371, 81.07841924626904984 ) ) ;
#810 = ORIENTED_EDGE ( 'NONE', *, *, #6251, .T. ) ;
#811 = EDGE_CURVE ( 'NONE', #4018, #7731, #2942, .T. ) ;
#812 = EDGE_CURVE ( 'NONE', #3491, #2518, #2304, .T. ) ;
#813 = EDGE_CURVE ( 'NONE', #2369, #7312, #5483, .T. ) ;
#814 = EDGE_CURVE ( 'NONE', #7416, #4971, #922, .T. ) ;
#815 = ORIENTED_EDGE ( 'NONE', *, *, #2272, .T. ) ;
#816 = VECTOR ( 'NONE', #6520, 1000.000000000000000 ) ;
#817 = CARTESIAN_POINT ( 'NONE',  ( 1.912009404746864316, 72.35196238101352151, 85.24938500245613682 ) ) ;
#818 = AXIS2_PLACEMENT_3D ( 'NONE', #1321, #5704, #1149 ) ;
#819 = DIRECTION ( 'NONE',  ( 1.000000000000000000, 3.965082230804130220E-16, -0.000000000000000000 ) ) ;
#820 = ORIENTED_EDGE ( 'NONE', *, *, #260, .T. ) ;
#821 = FACE_OUTER_BOUND ( 'NONE', #5250, .T. ) ;
#822 = AXIS2_PLACEMENT_3D ( 'NONE', #873, #6540, #2696 ) ;
#823 = VERTEX_POINT ( 'NONE', #5036 ) ;
#824 = CIRCLE ( 'NONE', #4761, 3.499999999999992895 ) ;
#825 = PLANE ( 'NONE',  #186 ) ;
#826 = AXIS2_PLACEMENT_3D ( 'NONE', #2069, #4601, #3255 ) ;
#827 = LINE ( 'NONE', #6416, #1096 ) ;
#828 = VECTOR ( 'NONE', #6408, 1000.000000000000000 ) ;
#829 = CARTESIAN_POINT ( 'NONE',  ( 67.01000000000001933, 90.00000000000117950, 81.07841924626907826 ) ) ;
#830 = LINE ( 'NONE', #3951, #1136 ) ;
#831 = ORIENTED_EDGE ( 'NONE', *, *, #7098, .F. ) ;
#832 = CARTESIAN_POINT ( 'NONE',  ( 16.99999999999999645, 116.0000000000011795, 11.23316150746190800 ) ) ;
#833 = ORIENTED_EDGE ( 'NONE', *, *, #5424, .T. ) ;
#834 = VECTOR ( 'NONE', #5006, 1000.000000000000000 ) ;
#835 = ADVANCED_FACE ( 'NONE', ( #2541 ), #3682, .T. ) ;
#836 = VERTEX_POINT ( 'NONE', #7550 ) ;
#837 = CARTESIAN_POINT ( 'NONE',  ( 0.000000000000000000, 145.0000000000000000, 93.00000000000000000 ) ) ;
#838 = DIRECTION ( 'NONE',  ( -1.000000000000000000, 0.000000000000000000, 0.000000000000000000 ) ) ;
#839 = DIRECTION ( 'NONE',  ( -1.000000000000000000, 0.000000000000000000, 0.000000000000000000 ) ) ;
#840 = AXIS2_PLACEMENT_3D ( 'NONE', #2931, #2445, #1043 ) ;
#841 = EDGE_LOOP ( 'NONE', ( #4191, #3622, #6993, #4983 ) ) ;
#842 = DIRECTION ( 'NONE',  ( 0.000000000000000000, 0.000000000000000000, -1.000000000000000000 ) ) ;
#843 = VERTEX_POINT ( 'NONE', #3071 ) ;
#844 = VERTEX_POINT ( 'NONE', #6896 ) ;
#845 = DIRECTION ( 'NONE',  ( 0.000000000000000000, 0.000000000000000000, -1.000000000000000000 ) ) ;
#846 = DIRECTION ( 'NONE',  ( 0.000000000000000000, 0.000000000000000000, -1.000000000000000000 ) ) ;
#847 = EDGE_CURVE ( 'NONE', #4889, #1616, #3770, .T. ) ;
#848 = DIRECTION ( 'NONE',  ( -0.5000000000000046629, 0.000000000000000000, -0.8660254037844359321 ) ) ;
#849 = CARTESIAN_POINT ( 'NONE',  ( 64.20999999999999375, 83.40000000000118519, 10.30500000000000149 ) ) ;
#850 = CARTESIAN_POINT ( 'NONE',  ( -2.674999999999996714, 77.00000000000109424, 12.00000000000000000 ) ) ;
#851 = ORIENTED_EDGE ( 'NONE', *, *, #2398, .F. ) ;
#852 = EDGE_CURVE ( 'NONE', #4774, #6692, #2373, .T. ) ;
#853 = CIRCLE ( 'NONE', #5440, 2.000000000000001776 ) ;
#854 = EDGE_LOOP ( 'NONE', ( #7274, #482, #1295, #3139 ) ) ;
#855 = EDGE_CURVE ( 'NONE', #5455, #381, #7154, .T. ) ;
#856 = DIRECTION ( 'NONE',  ( 0.2425356250363299715, -0.9701425001453326535, -0.000000000000000000 ) ) ;
#857 = CARTESIAN_POINT ( 'NONE',  ( -3.078715288064818691E-14, 90.00000000000109424, 41.49999999999999289 ) ) ;
#858 = AXIS2_PLACEMENT_3D ( 'NONE', #4168, #6671, #5922 ) ;
#859 = ORIENTED_EDGE ( 'NONE', *, *, #5073, .T. ) ;
#860 = CARTESIAN_POINT ( 'NONE',  ( 5.789999999999999147, 83.40000000000118519, 8.305000000000001492 ) ) ;
#861 = ORIENTED_EDGE ( 'NONE', *, *, #6249, .T. ) ;
#862 = CARTESIAN_POINT ( 'NONE',  ( 70.00000000000000000, 80.00000000000117950, 92.78603811338845730 ) ) ;
#863 = VECTOR ( 'NONE', #2106, 1000.000000000000000 ) ;
#864 = DIRECTION ( 'NONE',  ( -0.000000000000000000, -0.000000000000000000, 1.000000000000000000 ) ) ;
#865 = CARTESIAN_POINT ( 'NONE',  ( 10.78999999999999737, 90.00000000000119371, 3.000000000000002665 ) ) ;
#866 = DIRECTION ( 'NONE',  ( -0.000000000000000000, -0.000000000000000000, -1.000000000000000000 ) ) ;
#867 = EDGE_CURVE ( 'NONE', #7731, #4717, #8121, .T. ) ;
#868 = ORIENTED_EDGE ( 'NONE', *, *, #4390, .T. ) ;
#869 = CARTESIAN_POINT ( 'NONE',  ( 63.00000000000000000, 80.00000000000112266, 41.50000000000000000 ) ) ;
#870 = VECTOR ( 'NONE', #7157, 999.9999999999998863 ) ;
#871 = ORIENTED_EDGE ( 'NONE', *, *, #7955, .F. ) ;
#872 = EDGE_LOOP ( 'NONE', ( #635, #2727, #6065, #4125, #649, #4468 ) ) ;
#873 = CARTESIAN_POINT ( 'NONE',  ( 30.00000000000000355, 37.00000000000000711, 4.900000000000000355 ) ) ;
#874 = DIRECTION ( 'NONE',  ( 1.000000000000000000, 0.000000000000000000, -0.000000000000000000 ) ) ;
#875 = DIRECTION ( 'NONE',  ( 1.000000000000000000, -0.000000000000000000, -0.000000000000000000 ) ) ;
#876 = ORIENTED_EDGE ( 'NONE', *, *, #1018, .F. ) ;
#877 = FACE_OUTER_BOUND ( 'NONE', #3624, .T. ) ;
#878 = VERTEX_POINT ( 'NONE', #4874 ) ;
#879 = EDGE_CURVE ( 'NONE', #7282, #1758, #853, .T. ) ;
#880 = ORIENTED_EDGE ( 'NONE', *, *, #501, .T. ) ;
#881 = FACE_OUTER_BOUND ( 'NONE', #6545, .T. ) ;
#882 = LINE ( 'NONE', #7094, #2004 ) ;
#883 = CARTESIAN_POINT ( 'NONE',  ( 25.24999999999999289, 57.00000000000110845, 81.00000000000000000 ) ) ;
#884 = CYLINDRICAL_SURFACE ( 'NONE', #286, 4.000000000000000000 ) ;
#885 = FILL_AREA_STYLE ('',( #7750 ) ) ;
#886 = CARTESIAN_POINT ( 'NONE',  ( 19.80000000000002558, 116.0000000000011795, 83.38341924626902824 ) ) ;
#887 = ORIENTED_EDGE ( 'NONE', *, *, #6645, .T. ) ;
#888 = VECTOR ( 'NONE', #7655, 1000.000000000000000 ) ;
#889 = DIRECTION ( 'NONE',  ( -0.4999999999999998335, 0.000000000000000000, -0.8660254037844387076 ) ) ;
#890 = VECTOR ( 'NONE', #5130, 1000.000000000000000 ) ;
#891 = ADVANCED_FACE ( 'NONE', ( #2498 ), #4425, .T. ) ;
#892 = CARTESIAN_POINT ( 'NONE',  ( 14.19999999999999929, 115.0000000000011795, 6.383419246269043335 ) ) ;
#893 = ORIENTED_EDGE ( 'NONE', *, *, #5053, .T. ) ;
#894 = CARTESIAN_POINT ( 'NONE',  ( 58.00000000000000000, 118.0000000000011937, 13.00000000000000178 ) ) ;
#895 = EDGE_CURVE ( 'NONE', #6174, #2598, #6312, .T. ) ;
#896 = ORIENTED_EDGE ( 'NONE', *, *, #407, .T. ) ;
#897 = DIRECTION ( 'NONE',  ( -0.000000000000000000, -0.000000000000000000, 1.000000000000000000 ) ) ;
#898 = ORIENTED_EDGE ( 'NONE', *, *, #6325, .F. ) ;
#899 = CYLINDRICAL_SURFACE ( 'NONE', #6730, 4.999999999999997335 ) ;
#900 = CARTESIAN_POINT ( 'NONE',  ( 17.00000000000000000, 115.0000000000011795, 6.399999999999998579 ) ) ;
#901 = FACE_OUTER_BOUND ( 'NONE', #5163, .T. ) ;
#902 = DIRECTION ( 'NONE',  ( -1.000000000000000000, 0.000000000000000000, 0.000000000000000000 ) ) ;
#903 = ORIENTED_EDGE ( 'NONE', *, *, #1474, .T. ) ;
#904 = DIRECTION ( 'NONE',  ( 0.8660254037844361541, 0.000000000000000000, 0.5000000000000042188 ) ) ;
#905 = ORIENTED_EDGE ( 'NONE', *, *, #8091, .T. ) ;
#906 = ADVANCED_FACE ( 'NONE', ( #4997 ), #1311, .F. ) ;
#907 = ADVANCED_FACE ( 'NONE', ( #1808 ), #6230, .F. ) ;
#908 = AXIS2_PLACEMENT_3D ( 'NONE', #2343, #6195, #1107 ) ;
#909 = EDGE_CURVE ( 'NONE', #2971, #6031, #3479, .T. ) ;
#910 = ORIENTED_EDGE ( 'NONE', *, *, #6999, .T. ) ;
#911 = LINE ( 'NONE', #2195, #1889 ) ;
#912 = CARTESIAN_POINT ( 'NONE',  ( 9.999999999999982236, 82.00000000000117950, 78.00000000000001421 ) ) ;
#913 = DIRECTION ( 'NONE',  ( -0.000000000000000000, 0.000000000000000000, -1.000000000000000000 ) ) ;
#914 = ORIENTED_EDGE ( 'NONE', *, *, #7585, .F. ) ;
#915 = DIRECTION ( 'NONE',  ( 1.000000000000000000, -0.000000000000000000, -0.000000000000000000 ) ) ;
#916 = ORIENTED_EDGE ( 'NONE', *, *, #1572, .T. ) ;
#917 = ORIENTED_EDGE ( 'NONE', *, *, #720, .F. ) ;
#918 = LINE ( 'NONE', #2706, #5401 ) ;
#919 = DIRECTION ( 'NONE',  ( 0.000000000000000000, 0.000000000000000000, 1.000000000000000000 ) ) ;
#920 = EDGE_CURVE ( 'NONE', #6175, #2339, #4959, .T. ) ;
#921 = DIRECTION ( 'NONE',  ( -0.8660254037844359321, 0.000000000000000000, 0.5000000000000046629 ) ) ;
#922 = LINE ( 'NONE', #966, #7034 ) ;
#923 = LINE ( 'NONE', #4178, #7553 ) ;
#924 = DIRECTION ( 'NONE',  ( 0.000000000000000000, -0.000000000000000000, 1.000000000000000000 ) ) ;
#925 = EDGE_LOOP ( 'NONE', ( #8028, #1822, #3802, #539 ) ) ;
#926 = EDGE_CURVE ( 'NONE', #4882, #5261, #3116, .T. ) ;
#927 = CARTESIAN_POINT ( 'NONE',  ( -1.836970198721030378E-15, 134.9999999999999716, 80.00000000000000000 ) ) ;
#928 = AXIS2_PLACEMENT_3D ( 'NONE', #476, #8087, #3647 ) ;
#929 = DIRECTION ( 'NONE',  ( 0.5000000000000003331, 0.000000000000000000, -0.8660254037844385966 ) ) ;
#930 = ORIENTED_EDGE ( 'NONE', *, *, #2628, .T. ) ;
#931 = CARTESIAN_POINT ( 'NONE',  ( 33.00000000000000000, 37.00000000000000711, 4.900000000000000355 ) ) ;
#932 = ORIENTED_EDGE ( 'NONE', *, *, #6866, .T. ) ;
#933 = DIRECTION ( 'NONE',  ( 0.000000000000000000, -1.000000000000000000, 0.000000000000000000 ) ) ;
#934 = EDGE_LOOP ( 'NONE', ( #2396, #6583, #8049, #1905, #3041, #6791 ) ) ;
#935 = AXIS2_PLACEMENT_3D ( 'NONE', #1281, #2664, #689 ) ;
#936 = VECTOR ( 'NONE', #1867, 1000.000000000000000 ) ;
#937 = CARTESIAN_POINT ( 'NONE',  ( 22.00000000000000355, 118.0000000000011937, 13.00000000000000178 ) ) ;
#938 = ORIENTED_EDGE ( 'NONE', *, *, #4903, .F. ) ;
#939 = EDGE_CURVE ( 'NONE', #3264, #7530, #681, .T. ) ;
#940 = DIRECTION ( 'NONE',  ( -0.000000000000000000, 1.000000000000000000, -0.000000000000000000 ) ) ;
#941 = EDGE_CURVE ( 'NONE', #3137, #5843, #6632, .T. ) ;
#942 = PLANE ( 'NONE',  #4129 ) ;
#943 = DIRECTION ( 'NONE',  ( 1.000000000000000000, 0.000000000000000000, 0.000000000000000000 ) ) ;
#944 = VECTOR ( 'NONE', #4297, 1000.000000000000000 ) ;
#945 = VECTOR ( 'NONE', #76, 1000.000000000000114 ) ;
#946 = ORIENTED_EDGE ( 'NONE', *, *, #6621, .F. ) ;
#947 = LINE ( 'NONE', #5914, #1558 ) ;
#948 = EDGE_LOOP ( 'NONE', ( #4361, #2934, #6075, #6785, #2692, #749, #7170, #7799, #6019, #5451, #442, #4494, #2546, #7726, #7579, #1497 ) ) ;
#949 = DIRECTION ( 'NONE',  ( -0.000000000000000000, 1.000000000000000000, -0.000000000000000000 ) ) ;
#950 = AXIS2_PLACEMENT_3D ( 'NONE', #3551, #7424, #425 ) ;
#951 = AXIS2_PLACEMENT_3D ( 'NONE', #6843, #722, #5732 ) ;
#952 = EDGE_LOOP ( 'NONE', ( #4840, #5728, #1602, #6155 ) ) ;
#953 = FACE_OUTER_BOUND ( 'NONE', #547, .T. ) ;
#954 = DIRECTION ( 'NONE',  ( 1.000000000000000000, 0.000000000000000000, 0.000000000000000000 ) ) ;
#955 = DIRECTION ( 'NONE',  ( 0.5000000000000013323, 0.000000000000000000, 0.8660254037844379305 ) ) ;
#956 = ORIENTED_EDGE ( 'NONE', *, *, #4020, .T. ) ;
#957 = DIRECTION ( 'NONE',  ( 0.000000000000000000, 0.000000000000000000, -1.000000000000000000 ) ) ;
#958 = AXIS2_PLACEMENT_3D ( 'NONE', #1450, #2758, #6452 ) ;
#959 = ORIENTED_EDGE ( 'NONE', *, *, #7035, .F. ) ;
#960 = AXIS2_PLACEMENT_3D ( 'NONE', #4594, #889, #5939 ) ;
#961 = ORIENTED_EDGE ( 'NONE', *, *, #2270, .T. ) ;
#962 = LINE ( 'NONE', #4130, #3313 ) ;
#963 = VECTOR ( 'NONE', #4554, 1000.000000000000000 ) ;
#964 = FACE_OUTER_BOUND ( 'NONE', #1475, .T. ) ;
#965 = CARTESIAN_POINT ( 'NONE',  ( 64.20999999999999375, 83.40000000000118519, 8.305000000000005045 ) ) ;
#966 = CARTESIAN_POINT ( 'NONE',  ( 52.54545454545463201, 10.18181818181873588, 89.18181818181872700 ) ) ;
#967 = CARTESIAN_POINT ( 'NONE',  ( 65.72641148119112131, 62.90564592476548000, 81.53409365287635069 ) ) ;
#968 = EDGE_CURVE ( 'NONE', #7974, #1257, #1182, .T. ) ;
#969 = DIRECTION ( 'NONE',  ( 0.000000000000000000, -1.000000000000000000, 0.000000000000000000 ) ) ;
#970 = VECTOR ( 'NONE', #7549, 1000.000000000000000 ) ;
#971 = ORIENTED_EDGE ( 'NONE', *, *, #5309, .F. ) ;
#972 = ADVANCED_FACE ( 'NONE', ( #4299, #3726, #2654 ), #2736, .F. ) ;
#973 = VECTOR ( 'NONE', #1530, 1000.000000000000000 ) ;
#974 = DIRECTION ( 'NONE',  ( -0.000000000000000000, 0.000000000000000000, -1.000000000000000000 ) ) ;
#975 = VECTOR ( 'NONE', #3449, 1000.000000000000000 ) ;
#976 = CARTESIAN_POINT ( 'NONE',  ( 64.71293717659814604, 58.85174870639355760, 11.99999999999999822 ) ) ;
#977 = FACE_OUTER_BOUND ( 'NONE', #6672, .T. ) ;
#978 = ORIENTED_EDGE ( 'NONE', *, *, #3228, .T. ) ;
#979 = LINE ( 'NONE', #3400, #3922 ) ;
#980 = EDGE_CURVE ( 'NONE', #5368, #6240, #5148, .T. ) ;
#981 = VECTOR ( 'NONE', #5810, 1000.000000000000000 ) ;
#982 = ORIENTED_EDGE ( 'NONE', *, *, #3236, .T. ) ;
#983 = DIRECTION ( 'NONE',  ( -0.000000000000000000, -0.000000000000000000, 1.000000000000000000 ) ) ;
#984 = ORIENTED_EDGE ( 'NONE', *, *, #291, .F. ) ;
#985 = LINE ( 'NONE', #937, #2021 ) ;
#986 = ORIENTED_EDGE ( 'NONE', *, *, #5485, .F. ) ;
#987 = VECTOR ( 'NONE', #4319, 1000.000000000000227 ) ;
#988 = EDGE_CURVE ( 'NONE', #2317, #2845, #3924, .T. ) ;
#989 = VECTOR ( 'NONE', #5520, 1000.000000000000000 ) ;
#990 = DIRECTION ( 'NONE',  ( -0.000000000000000000, 0.000000000000000000, 1.000000000000000000 ) ) ;
#991 = CARTESIAN_POINT ( 'NONE',  ( 2.999999999999998668, 134.9999999999999716, 80.00000000000000000 ) ) ;
#992 = DIRECTION ( 'NONE',  ( 1.000000000000000000, 3.965082230804129727E-16, -0.000000000000000000 ) ) ;
#993 = ORIENTED_EDGE ( 'NONE', *, *, #1786, .F. ) ;
#994 = DIRECTION ( 'NONE',  ( -0.000000000000000000, 1.000000000000000000, -0.000000000000000000 ) ) ;
#995 = ORIENTED_EDGE ( 'NONE', *, *, #3456, .T. ) ;
#996 = FACE_OUTER_BOUND ( 'NONE', #2149, .T. ) ;
#997 = VECTOR ( 'NONE', #420, 1000.000000000000000 ) ;
#998 = ORIENTED_EDGE ( 'NONE', *, *, #7105, .T. ) ;
#999 = DIRECTION ( 'NONE',  ( -0.8660254037844379305, 0.000000000000000000, 0.5000000000000011102 ) ) ;
#1000 = CARTESIAN_POINT ( 'NONE',  ( 0.000000000000000000, 145.0000000000000000, 4.999999999999995559 ) ) ;
#1001 = CIRCLE ( 'NONE', #7964, 3.499999999999992895 ) ;
#1003 = VERTEX_POINT ( 'NONE', #5809 ) ;
#1002 = CYLINDRICAL_SURFACE ( 'NONE', #3763, 4.000000000000000000 ) ;
#1004 = VERTEX_POINT ( 'NONE', #2000 ) ;
#1005 = DIRECTION ( 'NONE',  ( -0.000000000000000000, 1.000000000000000000, -0.000000000000000000 ) ) ;
#1006 = EDGE_CURVE ( 'NONE', #5060, #5368, #5185, .T. ) ;
#1007 = ORIENTED_EDGE ( 'NONE', *, *, #808, .T. ) ;
#1008 = ORIENTED_EDGE ( 'NONE', *, *, #8036, .F. ) ;
#1009 = VECTOR ( 'NONE', #7033, 1000.000000000000000 ) ;
#1010 = CARTESIAN_POINT ( 'NONE',  ( 59.20999999999999375, 90.00000000000117950, 3.000000000000002665 ) ) ;
#1011 = CARTESIAN_POINT ( 'NONE',  ( 69.20999999999999375, 90.00000000000117950, 90.00000000000000000 ) ) ;
#1012 = DIRECTION ( 'NONE',  ( -0.8660254037844387076, 0.000000000000000000, -0.4999999999999998890 ) ) ;
#1013 = DIRECTION ( 'NONE',  ( -8.673617379884028076E-17, -1.000000000000000000, 0.000000000000000000 ) ) ;
#1014 = CARTESIAN_POINT ( 'NONE',  ( 39.00000000000000711, 24.32264954516723776, 5.000000000000000000 ) ) ;
#1015 =( BOUNDED_CURVE ( )  B_SPLINE_CURVE ( 3, ( #7836, #6688, #7968, #1644 ),
 .UNSPECIFIED., .F., .T. ) 
 B_SPLINE_CURVE_WITH_KNOTS ( ( 4, 4 ),
 ( 3.595289441359187599, 4.444529702805839477 ),
 .UNSPECIFIED. ) 
 CURVE ( )  GEOMETRIC_REPRESENTATION_ITEM ( )  RATIONAL_B_SPLINE_CURVE ( ( 1.000000000000000000, 0.9407968634770915717, 0.9407968634770915717, 1.000000000000000000 ) ) 
 REPRESENTATION_ITEM ( '' )  );
#1016 = DIRECTION ( 'NONE',  ( 1.000000000000000000, -0.000000000000000000, -0.000000000000000000 ) ) ;
#1017 = ORIENTED_EDGE ( 'NONE', *, *, #1108, .F. ) ;
#1018 = EDGE_CURVE ( 'NONE', #1690, #6198, #2713, .T. ) ;
#1019 = EDGE_CURVE ( 'NONE', #4285, #6856, #2698, .T. ) ;
#1020 = LINE ( 'NONE', #5321, #3199 ) ;
#1021 = ADVANCED_FACE ( 'NONE', ( #5079 ), #5850, .T. ) ;
#1022 = EDGE_CURVE ( 'NONE', #2302, #3626, #7564, .T. ) ;
#1023 = DIRECTION ( 'NONE',  ( -0.000000000000000000, -0.000000000000000000, -1.000000000000000000 ) ) ;
#1024 = DIRECTION ( 'NONE',  ( -1.000000000000000000, 0.000000000000000000, 0.000000000000000000 ) ) ;
#1025 = VERTEX_POINT ( 'NONE', #3891 ) ;
#1026 = CARTESIAN_POINT ( 'NONE',  ( 61.40999999999997527, 88.00000000000119371, 8.688419246269049268 ) ) ;
#1027 = ORIENTED_EDGE ( 'NONE', *, *, #231, .F. ) ;
#1028 = DIRECTION ( 'NONE',  ( 0.000000000000000000, 0.000000000000000000, 1.000000000000000000 ) ) ;
#1029 = ORIENTED_EDGE ( 'NONE', *, *, #3897, .T. ) ;
#1030 = CARTESIAN_POINT ( 'NONE',  ( 64.21000000000002217, 88.00000000000119371, 85.92816150746190829 ) ) ;
#1031 = VERTEX_POINT ( 'NONE', #7124 ) ;
#1032 = DIRECTION ( 'NONE',  ( -0.000000000000000000, 1.000000000000000000, -0.000000000000000000 ) ) ;
#1033 = EDGE_CURVE ( 'NONE', #6167, #1670, #6354, .T. ) ;
#1034 = DIRECTION ( 'NONE',  ( -0.000000000000000000, -0.000000000000000000, 1.000000000000000000 ) ) ;
#1035 = CARTESIAN_POINT ( 'NONE',  ( 2.989999999999994440, 88.00000000000119371, 8.688419246269045715 ) ) ;
#1036 = VERTEX_POINT ( 'NONE', #4544 ) ;
#1037 = DIRECTION ( 'NONE',  ( 0.000000000000000000, 1.000000000000000000, 0.000000000000000000 ) ) ;
#1038 = ORIENTED_EDGE ( 'NONE', *, *, #1887, .F. ) ;
#1039 = CARTESIAN_POINT ( 'NONE',  ( 0.000000000000000000, 139.9999999999999716, 6.400000000000011902 ) ) ;
#1040 = VECTOR ( 'NONE', #5545, 1000.000000000000000 ) ;
#1041 = VERTEX_POINT ( 'NONE', #4613 ) ;
#1042 = DIRECTION ( 'NONE',  ( 0.5000000000000009992, 0.000000000000000000, 0.8660254037844380415 ) ) ;
#1043 = DIRECTION ( 'NONE',  ( -1.000000000000000000, 0.000000000000000000, 0.000000000000000000 ) ) ;
#1045 = VERTEX_POINT ( 'NONE', #4003 ) ;
#1044 = DIRECTION ( 'NONE',  ( -0.000000000000000000, -0.000000000000000000, 1.000000000000000000 ) ) ;
#1046 = VERTEX_POINT ( 'NONE', #137 ) ;
#1047 = CARTESIAN_POINT ( 'NONE',  ( 31.00000000000000000, 24.32264954516723776, 5.000000000000000000 ) ) ;
#1048 = EDGE_LOOP ( 'NONE', ( #6936, #2235, #7152, #4954 ) ) ;
#1049 = FACE_OUTER_BOUND ( 'NONE', #3743, .T. ) ;
#1050 = DIRECTION ( 'NONE',  ( 1.000000000000000000, -0.000000000000000000, -0.000000000000000000 ) ) ;
#1051 = DIRECTION ( 'NONE',  ( 0.000000000000000000, -0.000000000000000000, 1.000000000000000000 ) ) ;
#1052 = EDGE_CURVE ( 'NONE', #58, #2305, #7689, .T. ) ;
#1053 = DIRECTION ( 'NONE',  ( 0.000000000000000000, 0.000000000000000000, 1.000000000000000000 ) ) ;
#1054 = CARTESIAN_POINT ( 'NONE',  ( 66.84226598038704026, 67.36906392154914158, 82.70741344017433505 ) ) ;
#1055 = CARTESIAN_POINT ( 'NONE',  ( 9.999999999999982236, 82.00000000000117950, 78.00000000000001421 ) ) ;
#1056 = ORIENTED_EDGE ( 'NONE', *, *, #7143, .T. ) ;
#1057 = LINE ( 'NONE', #1687, #2913 ) ;
#1058 = DIRECTION ( 'NONE',  ( 0.000000000000000000, 0.000000000000000000, 1.000000000000000000 ) ) ;
#1059 = ADVANCED_FACE ( 'NONE', ( #3381 ), #6506, .F. ) ;
#1060 = ORIENTED_EDGE ( 'NONE', *, *, #1994, .F. ) ;
#1061 = EDGE_CURVE ( 'NONE', #1990, #1086, #1389, .T. ) ;
#1062 = EDGE_CURVE ( 'NONE', #271, #7495, #763, .T. ) ;
#1063 = DIRECTION ( 'NONE',  ( -1.000000000000000000, -0.000000000000000000, -0.000000000000000000 ) ) ;
#1064 = EDGE_LOOP ( 'NONE', ( #5936, #550, #101, #2181, #7881, #3178, #2923, #6507 ) ) ;
#1065 = EDGE_CURVE ( 'NONE', #7654, #3648, #1964, .T. ) ;
#1066 = EDGE_CURVE ( 'NONE', #3556, #3798, #6427, .T. ) ;
#1067 = DIRECTION ( 'NONE',  ( -3.965082230804130713E-16, 1.000000000000000000, 0.000000000000000000 ) ) ;
#1068 = ORIENTED_EDGE ( 'NONE', *, *, #1382, .F. ) ;
#1069 = DIRECTION ( 'NONE',  ( 1.000000000000000000, 0.000000000000000000, 0.000000000000000000 ) ) ;
#1070 = AXIS2_PLACEMENT_3D ( 'NONE', #2782, #1592, #6479 ) ;
#1071 = DIRECTION ( 'NONE',  ( -0.000000000000000000, -0.000000000000000000, -1.000000000000000000 ) ) ;
#1072 = CARTESIAN_POINT ( 'NONE',  ( 12.00000000000000178, 118.0000000000011937, 13.00000000000000178 ) ) ;
#1073 = DIRECTION ( 'NONE',  ( 0.000000000000000000, -0.000000000000000000, 1.000000000000000000 ) ) ;
#1074 = VERTEX_POINT ( 'NONE', #2078 ) ;
#1075 = LINE ( 'NONE', #7852, #5345 ) ;
#1076 = ORIENTED_EDGE ( 'NONE', *, *, #5239, .T. ) ;
#1077 = PLANE ( 'NONE',  #6327 ) ;
#1078 = VECTOR ( 'NONE', #5153, 1000.000000000000000 ) ;
#1079 = EDGE_LOOP ( 'NONE', ( #161, #4928, #6760, #2490 ) ) ;
#1080 = AXIS2_PLACEMENT_3D ( 'NONE', #612, #1939, #771 ) ;
#1081 = DIRECTION ( 'NONE',  ( 1.000000000000000000, 0.000000000000000000, 0.000000000000000000 ) ) ;
#1082 = AXIS2_PLACEMENT_3D ( 'NONE', #6318, #1970, #5741 ) ;
#1083 = DIRECTION ( 'NONE',  ( 0.000000000000000000, 0.000000000000000000, -1.000000000000000000 ) ) ;
#1085 = ORIENTED_EDGE ( 'NONE', *, *, #629, .F. ) ;
#1084 = DIRECTION ( 'NONE',  ( 0.000000000000000000, -1.000000000000000000, 0.000000000000000000 ) ) ;
#1086 = VERTEX_POINT ( 'NONE', #3301 ) ;
#1087 = CARTESIAN_POINT ( 'NONE',  ( 1.836970198721030378E-15, 134.9999999999999716, 3.000000000000000000 ) ) ;
#1088 = ORIENTED_EDGE ( 'NONE', *, *, #567, .T. ) ;
#1089 = EDGE_CURVE ( 'NONE', #2307, #4405, #5189, .T. ) ;
#1090 = VECTOR ( 'NONE', #1458, 1000.000000000000000 ) ;
#1091 = AXIS2_PLACEMENT_3D ( 'NONE', #3112, #5612, #8118 ) ;
#1092 = LINE ( 'NONE', #3596, #1757 ) ;
#1093 = CARTESIAN_POINT ( 'NONE',  ( 64.21000000000000796, 88.00000000000119371, 79.46183849253809228 ) ) ;
#1094 = LINE ( 'NONE', #384, #7016 ) ;
#1095 = FACE_BOUND ( 'NONE', #6046, .T. ) ;
#1096 = VECTOR ( 'NONE', #3913, 1000.000000000000000 ) ;
#1097 = CIRCLE ( 'NONE', #573, 6.000000000000005329 ) ;
#1098 = DIRECTION ( 'NONE',  ( 0.000000000000000000, 0.000000000000000000, -1.000000000000000000 ) ) ;
#1099 = LINE ( 'NONE', #6186, #3174 ) ;
#1100 = ORIENTED_EDGE ( 'NONE', *, *, #7771, .T. ) ;
#1101 = AXIS2_PLACEMENT_3D ( 'NONE', #5268, #1512, #7787 ) ;
#1102 = ADVANCED_FACE ( 'NONE', ( #1545 ), #417, .F. ) ;
#1103 = CARTESIAN_POINT ( 'NONE',  ( 17.00000000000000000, 116.0000000000011795, 8.000000000000000000 ) ) ;
#1104 = CARTESIAN_POINT ( 'NONE',  ( 68.38671664218107082, 73.54686656872537753, 6.758239469692171930 ) ) ;
#1105 = CIRCLE ( 'NONE', #1503, 1.600000000000004086 ) ;
#1106 = EDGE_LOOP ( 'NONE', ( #5752, #5474, #5815, #1132 ) ) ;
#1107 = DIRECTION ( 'NONE',  ( 0.000000000000000000, 0.000000000000000000, -1.000000000000000000 ) ) ;
#1108 = EDGE_CURVE ( 'NONE', #4004, #2804, #2154, .T. ) ;
#1109 = EDGE_LOOP ( 'NONE', ( #7372, #17, #3061, #3304 ) ) ;
#1110 = CARTESIAN_POINT ( 'NONE',  ( 68.61287171851796529, 74.45148687407289856, 87.13821194445061735 ) ) ;
#1111 = ORIENTED_EDGE ( 'NONE', *, *, #1474, .F. ) ;
#1112 = ADVANCED_FACE ( 'NONE', ( #6542 ), #5966, .F. ) ;
#1113 = ORIENTED_EDGE ( 'NONE', *, *, #54, .T. ) ;
#1114 = VECTOR ( 'NONE', #5679, 1000.000000000000000 ) ;
#1115 = DIRECTION ( 'NONE',  ( -1.000000000000000000, -3.965082230804129727E-16, 0.000000000000000000 ) ) ;
#1116 = ORIENTED_EDGE ( 'NONE', *, *, #6333, .T. ) ;
#1117 = DIRECTION ( 'NONE',  ( 0.000000000000000000, 0.000000000000000000, -1.000000000000000000 ) ) ;
#1118 = DIRECTION ( 'NONE',  ( 1.000000000000000000, 0.000000000000000000, 0.000000000000000000 ) ) ;
#1119 = FACE_OUTER_BOUND ( 'NONE', #2639, .T. ) ;
#1120 = AXIS2_PLACEMENT_3D ( 'NONE', #4190, #6070, #441 ) ;
#1121 = ORIENTED_EDGE ( 'NONE', *, *, #855, .T. ) ;
#1122 = LINE ( 'NONE', #2393, #4316 ) ;
#1123 = ORIENTED_EDGE ( 'NONE', *, *, #1510, .F. ) ;
#1124 = CYLINDRICAL_SURFACE ( 'NONE', #7243, 2.000000000000000000 ) ;
#1125 = VECTOR ( 'NONE', #6643, 1000.000000000000000 ) ;
#1126 = EDGE_LOOP ( 'NONE', ( #6344, #6616, #7223, #4104 ) ) ;
#1127 = LINE ( 'NONE', #4242, #292 ) ;
#1128 = EDGE_CURVE ( 'NONE', #3732, #1876, #6337, .T. ) ;
#1129 = EDGE_CURVE ( 'NONE', #1383, #7993, #6253, .T. ) ;
#1130 = DIRECTION ( 'NONE',  ( -0.000000000000000000, 0.000000000000000000, 1.000000000000000000 ) ) ;
#1132 = ORIENTED_EDGE ( 'NONE', *, *, #6833, .T. ) ;
#1131 = DIRECTION ( 'NONE',  ( 0.000000000000000000, -0.000000000000000000, 1.000000000000000000 ) ) ;
#1133 = ORIENTED_EDGE ( 'NONE', *, *, #1297, .T. ) ;
#1134 = DIRECTION ( 'NONE',  ( 0.000000000000000000, -1.000000000000000000, -0.000000000000000000 ) ) ;
#1135 = VECTOR ( 'NONE', #4042, 1000.000000000000000 ) ;
#1136 = VECTOR ( 'NONE', #7079, 1000.000000000000114 ) ;
#1137 = VERTEX_POINT ( 'NONE', #5886 ) ;
#1138 = ORIENTED_EDGE ( 'NONE', *, *, #895, .F. ) ;
#1139 = CARTESIAN_POINT ( 'NONE',  ( 22.00000000000002132, 118.0000000000011937, 80.00000000000000000 ) ) ;
#1140 = CYLINDRICAL_SURFACE ( 'NONE', #950, 4.999999999999997335 ) ;
#1141 = DIRECTION ( 'NONE',  ( -0.000000000000000000, -0.000000000000000000, 1.000000000000000000 ) ) ;
#1142 = DIRECTION ( 'NONE',  ( 1.000000000000000000, -0.000000000000000000, -0.000000000000000000 ) ) ;
#1143 = EDGE_CURVE ( 'NONE', #1725, #5591, #2319, .T. ) ;
#1144 = CARTESIAN_POINT ( 'NONE',  ( -3.078715288064818691E-14, 90.00000000000109424, 51.50000000000000711 ) ) ;
#1145 = PLANE ( 'NONE',  #1466 ) ;
#1146 = VECTOR ( 'NONE', #7184, 1000.000000000000000 ) ;
#1147 = VERTEX_POINT ( 'NONE', #297 ) ;
#1148 = CARTESIAN_POINT ( 'NONE',  ( 58.00000000000000000, 118.0000000000011937, 13.00000000000000178 ) ) ;
#1149 = DIRECTION ( 'NONE',  ( 0.000000000000000000, 0.000000000000000000, 1.000000000000000000 ) ) ;
#1150 = ORIENTED_EDGE ( 'NONE', *, *, #1818, .T. ) ;
#1151 = DIRECTION ( 'NONE',  ( 0.9701425001453327646, -0.2425356250363298605, 0.000000000000000000 ) ) ;
#1152 = EDGE_LOOP ( 'NONE', ( #887, #2657, #5786, #3485, #6814, #2281 ) ) ;
#1153 = LINE ( 'NONE', #1821, #7030 ) ;
#1154 = ORIENTED_EDGE ( 'NONE', *, *, #1347, .F. ) ;
#1155 = ORIENTED_EDGE ( 'NONE', *, *, #718, .F. ) ;
#1156 = DIRECTION ( 'NONE',  ( -0.8660254037844388186, 0.000000000000000000, -0.4999999999999996114 ) ) ;
#1157 = DIRECTION ( 'NONE',  ( 0.8660254037844388186, 0.000000000000000000, 0.4999999999999996669 ) ) ;
#1158 = EDGE_CURVE ( 'NONE', #6463, #7847, #2811, .T. ) ;
#1159 = DIRECTION ( 'NONE',  ( 0.000000000000000000, 0.000000000000000000, 1.000000000000000000 ) ) ;
#1160 = ORIENTED_EDGE ( 'NONE', *, *, #7600, .F. ) ;
#1161 = DIRECTION ( 'NONE',  ( -0.000000000000000000, 1.000000000000000000, -0.000000000000000000 ) ) ;
#1162 = VERTEX_POINT ( 'NONE', #5430 ) ;
#1163 = DIRECTION ( 'NONE',  ( -0.000000000000000000, -0.000000000000000000, -1.000000000000000000 ) ) ;
#1164 = ORIENTED_EDGE ( 'NONE', *, *, #5177, .T. ) ;
#1165 = VECTOR ( 'NONE', #4691, 1000.000000000000000 ) ;
#1166 = ORIENTED_EDGE ( 'NONE', *, *, #6797, .T. ) ;
#1167 = CARTESIAN_POINT ( 'NONE',  ( 66.90767078078674501, 80.00000000000112266, 15.00000000000000000 ) ) ;
#1168 = LINE ( 'NONE', #6709, #5949 ) ;
#1170 = ORIENTED_EDGE ( 'NONE', *, *, #5879, .T. ) ;
#1169 = CARTESIAN_POINT ( 'NONE',  ( 59.20999999999999375, 82.00000000000117950, 88.47213595499961514 ) ) ;
#1171 = EDGE_LOOP ( 'NONE', ( #1838, #4279, #2529, #4534 ) ) ;
#1172 = VECTOR ( 'NONE', #5580, 1000.000000000000000 ) ;
#1173 = CARTESIAN_POINT ( 'NONE',  ( 50.81066017177979433, 3.242640687119297205, 12.00000000000000000 ) ) ;
#1174 = ORIENTED_EDGE ( 'NONE', *, *, #1206, .F. ) ;
#1175 = EDGE_CURVE ( 'NONE', #3158, #630, #4781, .T. ) ;
#1176 = ADVANCED_FACE ( 'NONE', ( #3460 ), #1002, .F. ) ;
#1177 = EDGE_CURVE ( 'NONE', #2075, #6686, #7166, .T. ) ;
#1178 = EDGE_LOOP ( 'NONE', ( #2463, #1504, #1174, #6503 ) ) ;
#1179 = CARTESIAN_POINT ( 'NONE',  ( 70.00000000000000000, 86.00000000000113687, 9.000000000000001776 ) ) ;
#1180 = DIRECTION ( 'NONE',  ( -1.000000000000000000, 0.000000000000000000, 0.000000000000000000 ) ) ;
#1181 = DIRECTION ( 'NONE',  ( 0.000000000000000000, 0.000000000000000000, 1.000000000000000000 ) ) ;
#1182 = LINE ( 'NONE', #1223, #7295 ) ;
#1183 = DIRECTION ( 'NONE',  ( -0.000000000000000000, 1.000000000000000000, -0.000000000000000000 ) ) ;
#1184 = LINE ( 'NONE', #684, #6389 ) ;
#1185 = DIRECTION ( 'NONE',  ( 1.000000000000000000, 0.000000000000000000, 0.000000000000000000 ) ) ;
#1186 = ORIENTED_EDGE ( 'NONE', *, *, #1206, .T. ) ;
#1187 = DIRECTION ( 'NONE',  ( -1.000000000000000000, 0.000000000000000000, 0.000000000000000000 ) ) ;
#1188 = FACE_OUTER_BOUND ( 'NONE', #1731, .T. ) ;
#1189 = ORIENTED_EDGE ( 'NONE', *, *, #6029, .F. ) ;
#1190 = LINE ( 'NONE', #5624, #3005 ) ;
#1191 = ORIENTED_EDGE ( 'NONE', *, *, #3848, .F. ) ;
#1192 = EDGE_CURVE ( 'NONE', #5496, #6159, #4122, .T. ) ;
#1193 = DIRECTION ( 'NONE',  ( 0.000000000000000000, 1.000000000000000000, 0.000000000000000000 ) ) ;
#1194 = ORIENTED_EDGE ( 'NONE', *, *, #73, .T. ) ;
#1195 = ORIENTED_EDGE ( 'NONE', *, *, #7778, .T. ) ;
#1196 = DIRECTION ( 'NONE',  ( 0.000000000000000000, 0.000000000000000000, 1.000000000000000000 ) ) ;
#1197 =( LENGTH_UNIT ( ) NAMED_UNIT ( * ) SI_UNIT ( .MILLI., .METRE. ) );
#1198 = LINE ( 'NONE', #3008, #5581 ) ;
#1199 = ORIENTED_EDGE ( 'NONE', *, *, #5254, .F. ) ;
#1200 = CARTESIAN_POINT ( 'NONE',  ( 0.000000000000000000, 145.0000000000000000, 93.00000000000000000 ) ) ;
#1201 = ORIENTED_EDGE ( 'NONE', *, *, #6558, .T. ) ;
#1202 = FACE_OUTER_BOUND ( 'NONE', #5596, .T. ) ;
#1203 = ORIENTED_EDGE ( 'NONE', *, *, #1287, .F. ) ;
#1204 = CIRCLE ( 'NONE', #8027, 2.000000000000001776 ) ;
#1205 = ADVANCED_FACE ( 'NONE', ( #6005 ), #377, .F. ) ;
#1206 = EDGE_CURVE ( 'NONE', #2179, #4798, #5342, .T. ) ;
#1207 = ORIENTED_EDGE ( 'NONE', *, *, #1781, .T. ) ;
#1208 = DIRECTION ( 'NONE',  ( -1.734723475976807341E-16, 1.000000000000000000, 0.000000000000000000 ) ) ;
#1209 = DIRECTION ( 'NONE',  ( 0.2425356250363299437, -0.9701425001453326535, 2.404184242921309089E-16 ) ) ;
#1211 = ORIENTED_EDGE ( 'NONE', *, *, #2312, .F. ) ;
#1210 = CARTESIAN_POINT ( 'NONE',  ( 3.000000000000000000, 145.0000000000000000, 13.00000000000000178 ) ) ;
#1212 = VECTOR ( 'NONE', #6210, 1000.000000000000000 ) ;
#1213 = ORIENTED_EDGE ( 'NONE', *, *, #666, .F. ) ;
#1214 = LINE ( 'NONE', #7496, #5464 ) ;
#1215 = ORIENTED_EDGE ( 'NONE', *, *, #5329, .T. ) ;
#1216 = EDGE_CURVE ( 'NONE', #823, #1564, #2197, .T. ) ;
#1217 = VECTOR ( 'NONE', #6591, 1000.000000000000114 ) ;
#1218 = VECTOR ( 'NONE', #6478, 1000.000000000000000 ) ;
#1219 = ORIENTED_EDGE ( 'NONE', *, *, #6028, .F. ) ;
#1220 = PLANE ( 'NONE',  #1091 ) ;
#1221 = DIRECTION ( 'NONE',  ( -1.301042606982604335E-16, -1.000000000000000000, 0.000000000000000000 ) ) ;
#1222 = CARTESIAN_POINT ( 'NONE',  ( 64.21000000000002217, 88.00000000000119371, 85.92816150746190829 ) ) ;
#1223 = CARTESIAN_POINT ( 'NONE',  ( 19.80000000000002558, 116.0000000000011795, 86.61658075373097176 ) ) ;
#1224 = CARTESIAN_POINT ( 'NONE',  ( 50.19999999999999574, 116.0000000000011795, 86.61658075373094334 ) ) ;
#1225 = CARTESIAN_POINT ( 'NONE',  ( 0.000000000000000000, 116.0000000000011795, 0.000000000000000000 ) ) ;
#1226 = CIRCLE ( 'NONE', #6728, 1.599999999999998090 ) ;
#1227 = CIRCLE ( 'NONE', #1234, 1.649999999999995248 ) ;
#1228 = FACE_OUTER_BOUND ( 'NONE', #6875, .T. ) ;
#1229 = ORIENTED_EDGE ( 'NONE', *, *, #3251, .T. ) ;
#1230 = CARTESIAN_POINT ( 'NONE',  ( 12.00000000000001776, 118.0000000000011937, 90.00000000000000000 ) ) ;
#1231 = ADVANCED_FACE ( 'NONE', ( #7245 ), #7205, .F. ) ;
#1232 = AXIS2_PLACEMENT_3D ( 'NONE', #5380, #7897, #4202 ) ;
#1233 = DIRECTION ( 'NONE',  ( -1.000000000000000000, 0.000000000000000000, 0.000000000000000000 ) ) ;
#1234 = AXIS2_PLACEMENT_3D ( 'NONE', #4252, #6141, #470 ) ;
#1235 = CARTESIAN_POINT ( 'NONE',  ( 0.9525479968240909701, 76.19508527667792919, 3.370134229392780956 ) ) ;
#1236 = ADVANCED_FACE ( 'NONE', ( #4733 ), #5382, .T. ) ;
#1237 = ORIENTED_EDGE ( 'NONE', *, *, #3694, .F. ) ;
#1238 = DIRECTION ( 'NONE',  ( 0.000000000000000000, 0.000000000000000000, 1.000000000000000000 ) ) ;
#1239 = VECTOR ( 'NONE', #7748, 1000.000000000000000 ) ;
#1240 = EDGE_LOOP ( 'NONE', ( #1113, #3595, #2215, #930 ) ) ;
#1241 = EDGE_CURVE ( 'NONE', #6148, #5775, #3144, .T. ) ;
#1242 = AXIS2_PLACEMENT_3D ( 'NONE', #4400, #7637, #6290 ) ;
#1243 = VERTEX_POINT ( 'NONE', #1169 ) ;
#1244 = DIRECTION ( 'NONE',  ( 0.000000000000000000, 0.000000000000000000, 1.000000000000000000 ) ) ;
#1245 = VECTOR ( 'NONE', #3268, 1000.000000000000000 ) ;
#1246 = ADVANCED_FACE ( 'NONE', ( #2362 ), #6757, .F. ) ;
#1247 = DIRECTION ( 'NONE',  ( 3.965082230804130713E-16, -1.000000000000000000, -0.000000000000000000 ) ) ;
#1248 = CARTESIAN_POINT ( 'NONE',  ( 69.20999999999997954, 82.00000000000117950, 51.50000000000000000 ) ) ;
#1249 = ADVANCED_FACE ( 'NONE', ( #3635 ), #4863, .F. ) ;
#1250 = ORIENTED_EDGE ( 'NONE', *, *, #811, .T. ) ;
#1251 = PLANE ( 'NONE',  #6815 ) ;
#1252 = VECTOR ( 'NONE', #708, 1000.000000000000000 ) ;
#1253 = ORIENTED_EDGE ( 'NONE', *, *, #7880, .T. ) ;
#1254 = PLANE ( 'NONE',  #7638 ) ;
#1255 = ORIENTED_EDGE ( 'NONE', *, *, #6293, .F. ) ;
#1256 = VECTOR ( 'NONE', #168, 1000.000000000000000 ) ;
#1257 = VERTEX_POINT ( 'NONE', #542 ) ;
#1258 = VECTOR ( 'NONE', #8085, 1000.000000000000000 ) ;
#1259 = FACE_OUTER_BOUND ( 'NONE', #7323, .T. ) ;
#1260 = DIRECTION ( 'NONE',  ( -0.000000000000000000, -0.000000000000000000, -1.000000000000000000 ) ) ;
#1262 = ORIENTED_EDGE ( 'NONE', *, *, #6904, .F. ) ;
#1261 = LINE ( 'NONE', #7413, #5975 ) ;
#1263 = ORIENTED_EDGE ( 'NONE', *, *, #3473, .F. ) ;
#1264 = DIRECTION ( 'NONE',  ( 0.000000000000000000, 0.000000000000000000, 1.000000000000000000 ) ) ;
#1265 = ORIENTED_EDGE ( 'NONE', *, *, #2871, .F. ) ;
#1266 = VECTOR ( 'NONE', #5569, 1000.000000000000000 ) ;
#1267 = EDGE_LOOP ( 'NONE', ( #4902, #3518, #440, #2479, #4700 ) ) ;
#1268 = FACE_OUTER_BOUND ( 'NONE', #40, .T. ) ;
#1269 = DIRECTION ( 'NONE',  ( -0.000000000000000000, -0.000000000000000000, 1.000000000000000000 ) ) ;
#1270 = EDGE_CURVE ( 'NONE', #2317, #3264, #5025, .T. ) ;
#1271 = AXIS2_PLACEMENT_3D ( 'NONE', #7294, #1005, #6630 ) ;
#1272 = LINE ( 'NONE', #3846, #7541 ) ;
#1273 = VECTOR ( 'NONE', #2041, 1000.000000000000000 ) ;
#1274 = DIRECTION ( 'NONE',  ( 0.8660254037844392627, 0.000000000000000000, 0.4999999999999987232 ) ) ;
#1275 = PLANE ( 'NONE',  #1784 ) ;
#1276 = CARTESIAN_POINT ( 'NONE',  ( 34.99999999999999289, 21.00000000000000355, 78.00000000000000000 ) ) ;
#1277 = CARTESIAN_POINT ( 'NONE',  ( 63.20000000000000284, 139.9999999999999716, 10.00000000000000178 ) ) ;
#1278 = ORIENTED_EDGE ( 'NONE', *, *, #3262, .T. ) ;
#1279 = VECTOR ( 'NONE', #68, 1000.000000000000000 ) ;
#1280 = CARTESIAN_POINT ( 'NONE',  ( 52.99999999999998579, 118.0000000000011937, 86.59999999999999432 ) ) ;
#1281 = CARTESIAN_POINT ( 'NONE',  ( 35.00000000000000000, 57.00000000000000711, 79.20000000000000284 ) ) ;
#1282 = CARTESIAN_POINT ( 'NONE',  ( 55.79999999999998295, 116.0000000000011795, 9.616580753730952225 ) ) ;
#1283 = CARTESIAN_POINT ( 'NONE',  ( 62.00000000000000711, 134.9999999999999716, 13.00000000000000178 ) ) ;
#1284 = CARTESIAN_POINT ( 'NONE',  ( 70.00000000000000000, 134.9999999999999716, 13.00000000000000178 ) ) ;
#1285 = VERTEX_POINT ( 'NONE', #4949 ) ;
#1286 = ADVANCED_FACE ( 'NONE', ( #7369 ), #6267, .T. ) ;
#1287 = EDGE_CURVE ( 'NONE', #6317, #7386, #7988, .T. ) ;
#1288 = ADVANCED_FACE ( 'NONE', ( #3588 ), #7537, .F. ) ;
#1289 = AXIS2_PLACEMENT_3D ( 'NONE', #7640, #4521, #3908 ) ;
#1290 = LINE ( 'NONE', #658, #6069 ) ;
#1291 = DIRECTION ( 'NONE',  ( -0.000000000000000000, 1.000000000000000000, -0.000000000000000000 ) ) ;
#1292 = CARTESIAN_POINT ( 'NONE',  ( 65.40000000000001990, 85.00000000000115108, 46.49999999999999289 ) ) ;
#1293 = ORIENTED_EDGE ( 'NONE', *, *, #557, .F. ) ;
#1294 = CARTESIAN_POINT ( 'NONE',  ( 14.20000000000001528, 116.0000000000011795, 86.61658075373097176 ) ) ;
#1295 = ORIENTED_EDGE ( 'NONE', *, *, #1216, .T. ) ;
#1296 = PLANE ( 'NONE',  #2694 ) ;
#1297 = EDGE_CURVE ( 'NONE', #1616, #5069, #6132, .T. ) ;
#1298 = FACE_BOUND ( 'NONE', #5168, .T. ) ;
#1299 = CARTESIAN_POINT ( 'NONE',  ( 63.00000000000002842, 90.00000000000119371, 74.99999999999998579 ) ) ;
#1301 = ORIENTED_EDGE ( 'NONE', *, *, #4536, .F. ) ;
#1300 = FACE_OUTER_BOUND ( 'NONE', #412, .T. ) ;
#1302 = ORIENTED_EDGE ( 'NONE', *, *, #6746, .F. ) ;
#1303 = CARTESIAN_POINT ( 'NONE',  ( 19.80000000000002558, 116.0000000000011795, 83.38341924626902824 ) ) ;
#1304 = ORIENTED_EDGE ( 'NONE', *, *, #4172, .F. ) ;
#1305 = VECTOR ( 'NONE', #7694, 1000.000000000000000 ) ;
#1306 = ORIENTED_EDGE ( 'NONE', *, *, #1521, .T. ) ;
#1307 = FACE_OUTER_BOUND ( 'NONE', #5152, .T. ) ;
#1308 = CARTESIAN_POINT ( 'NONE',  ( 2.990000000000003766, 88.00000000000119371, 84.31158075373095073 ) ) ;
#1309 = AXIS2_PLACEMENT_3D ( 'NONE', #3676, #756, #3917 ) ;
#1310 = CARTESIAN_POINT ( 'NONE',  ( 3.000000000000000000, 145.0000000000000000, 88.00000000000000000 ) ) ;
#1311 = PLANE ( 'NONE',  #1925 ) ;
#1312 = LINE ( 'NONE', #3191, #1792 ) ;
#1313 = FACE_OUTER_BOUND ( 'NONE', #5682, .T. ) ;
#1314 = DIRECTION ( 'NONE',  ( -0.8660254037844390407, 0.000000000000000000, 0.4999999999999991673 ) ) ;
#1315 = EDGE_LOOP ( 'NONE', ( #3590, #6877, #4565, #2191 ) ) ;
#1316 = VECTOR ( 'NONE', #4359, 1000.000000000000000 ) ;
#1317 = DIRECTION ( 'NONE',  ( 1.208956363183466219E-15, -1.000000000000000000, -0.000000000000000000 ) ) ;
#1318 = EDGE_CURVE ( 'NONE', #4272, #798, #3019, .T. ) ;
#1319 = CARTESIAN_POINT ( 'NONE',  ( 9.999999999999971578, 82.00000000000117950, 75.00000000000001421 ) ) ;
#1320 = DIRECTION ( 'NONE',  ( 1.000000000000000000, -0.000000000000000000, -0.000000000000000000 ) ) ;
#1321 = CARTESIAN_POINT ( 'NONE',  ( 52.99999999999998579, 115.0000000000011795, 84.99999999999998579 ) ) ;
#1322 = DIRECTION ( 'NONE',  ( -0.000000000000000000, -1.000000000000000000, -0.000000000000000000 ) ) ;
#1323 = ORIENTED_EDGE ( 'NONE', *, *, #2368, .F. ) ;
#1324 = CARTESIAN_POINT ( 'NONE',  ( 1.615107031444773300, 73.53957187422192021, 86.23534304732184808 ) ) ;
#1325 = EDGE_CURVE ( 'NONE', #3182, #4604, #738, .T. ) ;
#1326 = CARTESIAN_POINT ( 'NONE',  ( 47.65767078078673791, 3.000000000000000888, 15.00000000000000000 ) ) ;
#1327 = DIRECTION ( 'NONE',  ( 0.000000000000000000, 1.000000000000000000, -0.000000000000000000 ) ) ;
#1328 = EDGE_CURVE ( 'NONE', #3462, #3994, #6218, .T. ) ;
#1329 = ORIENTED_EDGE ( 'NONE', *, *, #1589, .F. ) ;
#1330 = DIRECTION ( 'NONE',  ( -1.000000000000000000, 0.000000000000000000, -0.000000000000000000 ) ) ;
#1331 = ORIENTED_EDGE ( 'NONE', *, *, #5073, .F. ) ;
#1332 = DIRECTION ( 'NONE',  ( 0.000000000000000000, -0.000000000000000000, 1.000000000000000000 ) ) ;
#1333 = DIRECTION ( 'NONE',  ( -1.000000000000000000, 0.000000000000000000, 0.000000000000000000 ) ) ;
#1334 = CARTESIAN_POINT ( 'NONE',  ( 35.00000000000000000, 57.00000000000000711, 79.20000000000000284 ) ) ;
#1336 = EDGE_LOOP ( 'NONE', ( #2200, #1995 ) ) ;
#1335 = CARTESIAN_POINT ( 'NONE',  ( 19.18933982822018791, 3.242640687119316301, 12.00000000000000000 ) ) ;
#1337 = ORIENTED_EDGE ( 'NONE', *, *, #3390, .T. ) ;
#1338 = CARTESIAN_POINT ( 'NONE',  ( 40.19999999999999574, 21.00000000000000355, 81.00000000000000000 ) ) ;
#1339 = ORIENTED_EDGE ( 'NONE', *, *, #2368, .T. ) ;
#1340 = VERTEX_POINT ( 'NONE', #4987 ) ;
#1341 = FACE_OUTER_BOUND ( 'NONE', #8097, .T. ) ;
#1342 = CARTESIAN_POINT ( 'NONE',  ( 26.25000000000000355, 41.00000000000001421, 13.00000000000000178 ) ) ;
#1343 = AXIS2_PLACEMENT_3D ( 'NONE', #2246, #7100, #1472 ) ;
#1344 = PLANE ( 'NONE',  #7791 ) ;
#1345 = DIRECTION ( 'NONE',  ( 0.000000000000000000, -0.000000000000000000, 1.000000000000000000 ) ) ;
#1346 = DIRECTION ( 'NONE',  ( 1.000000000000000000, 0.000000000000000000, 0.000000000000000000 ) ) ;
#1347 = EDGE_CURVE ( 'NONE', #5476, #7834, #1261, .T. ) ;
#1348 = LINE ( 'NONE', #391, #3775 ) ;
#1349 = CARTESIAN_POINT ( 'NONE',  ( 10.78999999999999382, 86.00000000000110845, 9.000000000000001776 ) ) ;
#1350 = ORIENTED_EDGE ( 'NONE', *, *, #3628, .T. ) ;
#1351 = VECTOR ( 'NONE', #6432, 1000.000000000000000 ) ;
#1352 = CARTESIAN_POINT ( 'NONE',  ( 59.20999999999999375, 86.00000000000113687, 3.000000000000002665 ) ) ;
#1353 = EDGE_CURVE ( 'NONE', #3755, #4717, #1796, .T. ) ;
#1354 = DIRECTION ( 'NONE',  ( 0.000000000000000000, -1.000000000000000000, 0.000000000000000000 ) ) ;
#1355 = CARTESIAN_POINT ( 'NONE',  ( -1.836970198721030378E-15, 134.9999999999999716, 80.00000000000000000 ) ) ;
#1356 = CARTESIAN_POINT ( 'NONE',  ( 1.418710977973255183, 74.32515608810800245, 5.996086411678211547 ) ) ;
#1357 = VECTOR ( 'NONE', #3160, 1000.000000000000000 ) ;
#1358 = DIRECTION ( 'NONE',  ( 0.000000000000000000, 0.000000000000000000, -1.000000000000000000 ) ) ;
#1359 = ORIENTED_EDGE ( 'NONE', *, *, #1559, .T. ) ;
#1360 = EDGE_CURVE ( 'NONE', #3864, #7370, #3059, .T. ) ;
#1361 = CIRCLE ( 'NONE', #8051, 5.200000000000009948 ) ;
#1362 = DIRECTION ( 'NONE',  ( -1.341352320301033088E-16, 0.000000000000000000, 1.000000000000000000 ) ) ;
#1363 = ORIENTED_EDGE ( 'NONE', *, *, #8091, .F. ) ;
#1364 = ADVANCED_FACE ( 'NONE', ( #7457 ), #1836, .F. ) ;
#1365 = CARTESIAN_POINT ( 'NONE',  ( 50.20000000000000284, 116.0000000000011795, 9.616580753730946896 ) ) ;
#1366 = AXIS2_PLACEMENT_3D ( 'NONE', #1987, #2444, #4946 ) ;
#1367 = AXIS2_PLACEMENT_3D ( 'NONE', #7399, #2432, #1156 ) ;
#1368 = ORIENTED_EDGE ( 'NONE', *, *, #3339, .T. ) ;
#1369 = CARTESIAN_POINT ( 'NONE',  ( 50.60908934523128266, 2.436357380925230576, 12.00000000000000533 ) ) ;
#1370 = EDGE_CURVE ( 'NONE', #5864, #7406, #5588, .T. ) ;
#1371 = ORIENTED_EDGE ( 'NONE', *, *, #557, .T. ) ;
#1372 = PLANE ( 'NONE',  #2946 ) ;
#1373 = VECTOR ( 'NONE', #191, 1000.000000000000000 ) ;
#1374 = VERTEX_POINT ( 'NONE', #5644 ) ;
#1375 = DIRECTION ( 'NONE',  ( -1.000000000000000000, 0.000000000000000000, 0.000000000000000000 ) ) ;
#1376 = CARTESIAN_POINT ( 'NONE',  ( 0.5574863239654458402, 90.13937158099246005, 41.49999999999999289 ) ) ;
#1377 = CARTESIAN_POINT ( 'NONE',  ( 8.171579495429375228, 76.17542139760718101, 41.50000000000000000 ) ) ;
#1378 = ORIENTED_EDGE ( 'NONE', *, *, #812, .T. ) ;
#1379 = CARTESIAN_POINT ( 'NONE',  ( 0.000000000000000000, 86.00000000000110845, 9.000000000000001776 ) ) ;
#1380 = AXIS2_PLACEMENT_3D ( 'NONE', #4243, #2361, #5381 ) ;
#1381 = ORIENTED_EDGE ( 'NONE', *, *, #6855, .T. ) ;
#1382 = EDGE_CURVE ( 'NONE', #8131, #6539, #755, .T. ) ;
#1383 = VERTEX_POINT ( 'NONE', #2687 ) ;
#1384 = CARTESIAN_POINT ( 'NONE',  ( 30.00000000000000000, 37.00000000000000711, 81.00000000000000000 ) ) ;
#1385 = ADVANCED_FACE ( 'NONE', ( #3879 ), #1416, .F. ) ;
#1386 = VECTOR ( 'NONE', #5332, 1000.000000000000000 ) ;
#1387 = DIRECTION ( 'NONE',  ( 0.000000000000000000, 0.000000000000000000, 1.000000000000000000 ) ) ;
#1388 = DIRECTION ( 'NONE',  ( 0.000000000000000000, 0.000000000000000000, 1.000000000000000000 ) ) ;
#1389 = LINE ( 'NONE', #6392, #1279 ) ;
#1390 = DIRECTION ( 'NONE',  ( 0.000000000000000000, 0.000000000000000000, 1.000000000000000000 ) ) ;
#1391 = CARTESIAN_POINT ( 'NONE',  ( 50.81066017177981564, 3.242640687119321186, 81.00000000000000000 ) ) ;
#1392 = VERTEX_POINT ( 'NONE', #6965 ) ;
#1393 = CARTESIAN_POINT ( 'NONE',  ( 64.21000000000000796, 83.40000000000118519, 82.69499999999999318 ) ) ;
#1394 = EDGE_LOOP ( 'NONE', ( #893, #7071 ) ) ;
#1395 = CARTESIAN_POINT ( 'NONE',  ( 47.55833333333333002, 77.00000000000110845, 93.00000000000000000 ) ) ;
#1396 = AXIS2_PLACEMENT_3D ( 'NONE', #4133, #385, #1013 ) ;
#1397 = LINE ( 'NONE', #5004, #2399 ) ;
#1398 = EDGE_CURVE ( 'NONE', #1041, #6559, #4489, .T. ) ;
#1399 = ADVANCED_FACE ( 'NONE', ( #5724 ), #5106, .F. ) ;
#1400 = FACE_OUTER_BOUND ( 'NONE', #468, .T. ) ;
#1401 = DIRECTION ( 'NONE',  ( 1.000000000000000000, 0.000000000000000000, 0.000000000000000000 ) ) ;
#1402 = CYLINDRICAL_SURFACE ( 'NONE', #399, 3.499999999999982236 ) ;
#1403 = CIRCLE ( 'NONE', #6631, 2.000000000000001776 ) ;
#1404 = VECTOR ( 'NONE', #2403, 1000.000000000000000 ) ;
#1405 = ORIENTED_EDGE ( 'NONE', *, *, #4739, .T. ) ;
#1406 = CARTESIAN_POINT ( 'NONE',  ( 1.049210830629923485, 75.80315667748136832, 88.82566342520601665 ) ) ;
#1407 = DIRECTION ( 'NONE',  ( 0.000000000000000000, 0.000000000000000000, 1.000000000000000000 ) ) ;
#1408 = ORIENTED_EDGE ( 'NONE', *, *, #1175, .T. ) ;
#1409 = DIRECTION ( 'NONE',  ( 0.000000000000000000, 0.000000000000000000, -1.000000000000000000 ) ) ;
#1410 = ORIENTED_EDGE ( 'NONE', *, *, #5642, .T. ) ;
#1411 = DIRECTION ( 'NONE',  ( 0.000000000000000000, 0.000000000000000000, -1.000000000000000000 ) ) ;
#1412 = AXIS2_PLACEMENT_3D ( 'NONE', #7720, #2718, #2787 ) ;
#1413 = ADVANCED_FACE ( 'NONE', ( #7577 ), #4531, .F. ) ;
#1414 = LINE ( 'NONE', #7763, #2673 ) ;
#1415 = CARTESIAN_POINT ( 'NONE',  ( 10.78999999999999737, 90.00000000000119371, 3.000000000000002665 ) ) ;
#1416 = PLANE ( 'NONE',  #6638 ) ;
#1417 = ORIENTED_EDGE ( 'NONE', *, *, #7162, .T. ) ;
#1418 = FACE_OUTER_BOUND ( 'NONE', #7825, .T. ) ;
#1419 = EDGE_LOOP ( 'NONE', ( #315, #4227, #3348, #3538 ) ) ;
#1420 = ADVANCED_FACE ( 'NONE', ( #1300 ), #6382, .F. ) ;
#1421 = EDGE_LOOP ( 'NONE', ( #3081, #5573, #3438, #3525 ) ) ;
#1422 = DIRECTION ( 'NONE',  ( -0.000000000000000000, -0.000000000000000000, 1.000000000000000000 ) ) ;
#1423 = FACE_OUTER_BOUND ( 'NONE', #4205, .T. ) ;
#1424 = CARTESIAN_POINT ( 'NONE',  ( 27.90000000000000213, 41.00000000000001421, 5.000000000000000000 ) ) ;
#1425 = DIRECTION ( 'NONE',  ( -1.000000000000000000, -0.000000000000000000, -0.000000000000000000 ) ) ;
#1426 = EDGE_CURVE ( 'NONE', #1575, #7408, #830, .T. ) ;
#1427 = PLANE ( 'NONE',  #8089 ) ;
#1428 = EDGE_CURVE ( 'NONE', #4246, #5887, #4550, .T. ) ;
#1429 = ORIENTED_EDGE ( 'NONE', *, *, #3133, .F. ) ;
#1430 = EDGE_CURVE ( 'NONE', #1461, #7169, #1001, .T. ) ;
#1431 = CARTESIAN_POINT ( 'NONE',  ( 30.99999999999999289, 21.00000000000000355, 79.20000000000000284 ) ) ;
#1432 = VERTEX_POINT ( 'NONE', #4603 ) ;
#1433 = CARTESIAN_POINT ( 'NONE',  ( 63.00000000000000000, 90.00000000000112266, 41.50000000000000000 ) ) ;
#1434 = VECTOR ( 'NONE', #3995, 1000.000000000000000 ) ;
#1435 = CARTESIAN_POINT ( 'NONE',  ( 10.79000000000000092, 90.00000000000119371, 15.00000000000000178 ) ) ;
#1436 = LINE ( 'NONE', #4473, #2150 ) ;
#1437 = CARTESIAN_POINT ( 'NONE',  ( 8.590000000000014069, 88.00000000000119371, 81.07841924626904984 ) ) ;
#1438 = CARTESIAN_POINT ( 'NONE',  ( 70.00000000000000000, 139.9999999999999716, 8.000000000000000000 ) ) ;
#1439 = CIRCLE ( 'NONE', #6012, 5.000000000000004441 ) ;
#1440 = ORIENTED_EDGE ( 'NONE', *, *, #2633, .F. ) ;
#1441 = ORIENTED_EDGE ( 'NONE', *, *, #3069, .T. ) ;
#1442 = CARTESIAN_POINT ( 'NONE',  ( 2.688682722534327496, 69.24526910986362793, 83.51212943079769957 ) ) ;
#1443 = DIRECTION ( 'NONE',  ( 0.000000000000000000, 0.000000000000000000, 1.000000000000000000 ) ) ;
#1444 = VERTEX_POINT ( 'NONE', #787 ) ;
#1445 = CARTESIAN_POINT ( 'NONE',  ( 61.40999999999997527, 90.00000000000119371, 8.688419246269049268 ) ) ;
#1446 = EDGE_CURVE ( 'NONE', #7927, #2749, #3292, .T. ) ;
#1447 = ORIENTED_EDGE ( 'NONE', *, *, #7494, .F. ) ;
#1448 = ORIENTED_EDGE ( 'NONE', *, *, #2700, .F. ) ;
#1449 = ORIENTED_EDGE ( 'NONE', *, *, #774, .F. ) ;
#1450 = CARTESIAN_POINT ( 'NONE',  ( 52.99999999999997868, 116.0000000000011795, 88.23316150746188669 ) ) ;
#1451 = LINE ( 'NONE', #3950, #65 ) ;
#1452 = DIRECTION ( 'NONE',  ( -1.000000000000000000, 0.000000000000000000, -0.000000000000000000 ) ) ;
#1453 = ORIENTED_EDGE ( 'NONE', *, *, #5253, .F. ) ;
#1454 = CARTESIAN_POINT ( 'NONE',  ( 2.990000000000004210, 88.00000000000119371, 81.07841924626904984 ) ) ;
#1455 = EDGE_LOOP ( 'NONE', ( #1027, #4080, #5813, #62, #1958, #1557, #5863, #5295, #5031 ) ) ;
#1456 = EDGE_CURVE ( 'NONE', #3209, #4774, #671, .T. ) ;
#1457 = VERTEX_POINT ( 'NONE', #712 ) ;
#1458 = DIRECTION ( 'NONE',  ( 1.000000000000000000, -0.000000000000000000, -0.000000000000000000 ) ) ;
#1459 = DIRECTION ( 'NONE',  ( 0.000000000000000000, 0.000000000000000000, 1.000000000000000000 ) ) ;
#1460 = DIRECTION ( 'NONE',  ( -0.8660254037844392627, 0.000000000000000000, -0.4999999999999987232 ) ) ;
#1461 = VERTEX_POINT ( 'NONE', #753 ) ;
#1462 = DIRECTION ( 'NONE',  ( -0.000000000000000000, 0.000000000000000000, -1.000000000000000000 ) ) ;
#1463 = EDGE_CURVE ( 'NONE', #5963, #5913, #5839, .T. ) ;
#1464 = ORIENTED_EDGE ( 'NONE', *, *, #5320, .F. ) ;
#1465 = VERTEX_POINT ( 'NONE', #3219 ) ;
#1466 = AXIS2_PLACEMENT_3D ( 'NONE', #4215, #8002, #6147 ) ;
#1467 = CARTESIAN_POINT ( 'NONE',  ( 63.20000000000000284, 139.9999999999999716, 8.000000000000000000 ) ) ;
#1468 = FACE_BOUND ( 'NONE', #2247, .T. ) ;
#1469 = CARTESIAN_POINT ( 'NONE',  ( 3.000000000000000000, 139.9999999999999716, 9.599999999999988987 ) ) ;
#1470 = CARTESIAN_POINT ( 'NONE',  ( 1.393862699914245384, 74.42454920034404608, 5.890634871674006234 ) ) ;
#1471 = CIRCLE ( 'NONE', #2006, 2.000000000000001776 ) ;
#1472 = DIRECTION ( 'NONE',  ( -1.000000000000000000, 0.000000000000000000, 0.000000000000000000 ) ) ;
#1473 = ORIENTED_EDGE ( 'NONE', *, *, #2634, .T. ) ;
#1474 = EDGE_CURVE ( 'NONE', #2792, #418, #3257, .T. ) ;
#1475 = EDGE_LOOP ( 'NONE', ( #2739, #5001, #3077, #6623, #2958 ) ) ;
#1476 = CIRCLE ( 'NONE', #6576, 1.649999999999991696 ) ;
#1477 = DIRECTION ( 'NONE',  ( -1.000000000000000000, 0.000000000000000000, 0.000000000000000000 ) ) ;
#1478 = EDGE_CURVE ( 'NONE', #7856, #7006, #5215, .T. ) ;
#1479 = AXIS2_PLACEMENT_3D ( 'NONE', #1433, #3387, #4047 ) ;
#1480 = CARTESIAN_POINT ( 'NONE',  ( 19.80000000000002558, 116.0000000000011795, 86.61658075373097176 ) ) ;
#1481 = ORIENTED_EDGE ( 'NONE', *, *, #4152, .F. ) ;
#1482 = CARTESIAN_POINT ( 'NONE',  ( 70.00000000000000000, 80.00000000000117950, 51.50000000000000000 ) ) ;
#1483 = AXIS2_PLACEMENT_3D ( 'NONE', #8035, #552, #3068 ) ;
#1484 = ORIENTED_EDGE ( 'NONE', *, *, #310, .F. ) ;
#1485 = AXIS2_PLACEMENT_3D ( 'NONE', #5032, #7502, #1927 ) ;
#1486 = CARTESIAN_POINT ( 'NONE',  ( 0.000000000000000000, 139.9999999999999716, 9.599999999999988987 ) ) ;
#1487 = ORIENTED_EDGE ( 'NONE', *, *, #18, .T. ) ;
#1488 = VECTOR ( 'NONE', #4529, 1000.000000000000000 ) ;
#1489 = LINE ( 'NONE', #3990, #2142 ) ;
#1490 = EDGE_CURVE ( 'NONE', #844, #7058, #7730, .T. ) ;
#1491 = VECTOR ( 'NONE', #5012, 1000.000000000000000 ) ;
#1492 = ADVANCED_FACE ( 'NONE', ( #3177 ), #57, .F. ) ;
#1493 = LINE ( 'NONE', #214, #7027 ) ;
#1494 = DIRECTION ( 'NONE',  ( 1.000000000000000000, 0.000000000000000000, 0.000000000000000000 ) ) ;
#1495 = ORIENTED_EDGE ( 'NONE', *, *, #7830, .F. ) ;
#1496 = CARTESIAN_POINT ( 'NONE',  ( 3.000000000000000000, 139.9999999999999716, 84.99999999999998579 ) ) ;
#1497 = ORIENTED_EDGE ( 'NONE', *, *, #345, .T. ) ;
#1498 = AXIS2_PLACEMENT_3D ( 'NONE', #5821, #3902, #6404 ) ;
#1499 = ORIENTED_EDGE ( 'NONE', *, *, #5626, .F. ) ;
#1500 = DIRECTION ( 'NONE',  ( 0.000000000000000000, 0.000000000000000000, -1.000000000000000000 ) ) ;
#1501 = DIRECTION ( 'NONE',  ( -0.000000000000000000, -1.000000000000000000, -0.000000000000000000 ) ) ;
#1502 = DIRECTION ( 'NONE',  ( 1.000000000000000000, 0.000000000000000000, 0.000000000000000000 ) ) ;
#1503 = AXIS2_PLACEMENT_3D ( 'NONE', #6353, #3769, #6391 ) ;
#1504 = ORIENTED_EDGE ( 'NONE', *, *, #2831, .F. ) ;
#1505 = CARTESIAN_POINT ( 'NONE',  ( 60.00000000000004263, 82.00000000000117950, 18.00000000000000355 ) ) ;
#1506 = VERTEX_POINT ( 'NONE', #3495 ) ;
#1507 = EDGE_LOOP ( 'NONE', ( #4561, #5681, #7167, #1166 ) ) ;
#1508 = VECTOR ( 'NONE', #8060, 1000.000000000000000 ) ;
#1509 = DIRECTION ( 'NONE',  ( 1.000000000000000000, 0.000000000000000000, 0.000000000000000000 ) ) ;
#1510 = EDGE_CURVE ( 'NONE', #3209, #50, #7195, .T. ) ;
#1511 = DIRECTION ( 'NONE',  ( -0.000000000000000000, -0.000000000000000000, -1.000000000000000000 ) ) ;
#1512 = DIRECTION ( 'NONE',  ( -1.000000000000000000, 0.000000000000000000, 0.000000000000000000 ) ) ;
#1513 = ADVANCED_FACE ( 'NONE', ( #5912 ), #5997, .F. ) ;
#1514 = CIRCLE ( 'NONE', #4263, 1.599999999999997202 ) ;
#1515 = CARTESIAN_POINT ( 'NONE',  ( 1.382648088010536958, 74.46940764795887446, 5.842537443640935635 ) ) ;
#1516 = CARTESIAN_POINT ( 'NONE',  ( 20.00000000000000355, 0.000000000000000000, 12.00000000000000000 ) ) ;
#1517 = CARTESIAN_POINT ( 'NONE',  ( 64.20999999999999375, 88.00000000000119371, 13.53816150746191660 ) ) ;
#1518 = ORIENTED_EDGE ( 'NONE', *, *, #3848, .T. ) ;
#1519 = CIRCLE ( 'NONE', #5713, 6.000000000000005329 ) ;
#1520 = FACE_OUTER_BOUND ( 'NONE', #478, .T. ) ;
#1521 = EDGE_CURVE ( 'NONE', #469, #4430, #5597, .T. ) ;
#1522 = CARTESIAN_POINT ( 'NONE',  ( 48.00000000000000000, 118.0000000000011937, 3.000000000000000000 ) ) ;
#1523 = VECTOR ( 'NONE', #7053, 1000.000000000000000 ) ;
#1524 = EDGE_LOOP ( 'NONE', ( #4951, #4189, #5902, #408, #574, #4988, #4715, #6219, #2772 ) ) ;
#1525 = EDGE_CURVE ( 'NONE', #2277, #8114, #5417, .T. ) ;
#1526 = CARTESIAN_POINT ( 'NONE',  ( 10.79000000000000092, 82.00000000000117950, 78.00000000000001421 ) ) ;
#1527 = ORIENTED_EDGE ( 'NONE', *, *, #7346, .T. ) ;
#1528 = ADVANCED_FACE ( 'NONE', ( #5955 ), #5373, .T. ) ;
#1529 = ADVANCED_FACE ( 'NONE', ( #7114 ), #3374, .F. ) ;
#1530 = DIRECTION ( 'NONE',  ( -0.000000000000000000, -0.000000000000000000, 1.000000000000000000 ) ) ;
#1531 = ORIENTED_EDGE ( 'NONE', *, *, #8041, .F. ) ;
#1532 = VECTOR ( 'NONE', #3992, 1000.000000000000114 ) ;
#1533 = DIRECTION ( 'NONE',  ( 0.000000000000000000, -1.000000000000000000, 0.000000000000000000 ) ) ;
#1534 = CARTESIAN_POINT ( 'NONE',  ( 69.99999999999998579, 145.0000000000000000, 93.00000000000000000 ) ) ;
#1535 = DIRECTION ( 'NONE',  ( -0.8660254037844387076, 0.000000000000000000, -0.4999999999999999445 ) ) ;
#1536 = CARTESIAN_POINT ( 'NONE',  ( 0.7899999999999964828, 82.00000000000117950, 4.527864045000350224 ) ) ;
#1537 = ORIENTED_EDGE ( 'NONE', *, *, #7143, .F. ) ;
#1538 = CARTESIAN_POINT ( 'NONE',  ( 60.00000000000001421, 82.00000000000117950, 78.00000000000001421 ) ) ;
#1539 = CIRCLE ( 'NONE', #3634, 14.05000000000000071 ) ;
#1540 = ORIENTED_EDGE ( 'NONE', *, *, #1006, .F. ) ;
#1541 = EDGE_CURVE ( 'NONE', #1374, #1859, #4647, .T. ) ;
#1542 = ORIENTED_EDGE ( 'NONE', *, *, #372, .F. ) ;
#1543 = PLANE ( 'NONE',  #7907 ) ;
#1544 = DIRECTION ( 'NONE',  ( -0.000000000000000000, -0.000000000000000000, 1.000000000000000000 ) ) ;
#1545 = FACE_OUTER_BOUND ( 'NONE', #4943, .T. ) ;
#1546 = ORIENTED_EDGE ( 'NONE', *, *, #2817, .T. ) ;
#1547 = LINE ( 'NONE', #5968, #4663 ) ;
#1548 = EDGE_LOOP ( 'NONE', ( #1827, #5507 ) ) ;
#1549 = EDGE_CURVE ( 'NONE', #7199, #1935, #2325, .T. ) ;
#1550 = VERTEX_POINT ( 'NONE', #3450 ) ;
#1551 = DIRECTION ( 'NONE',  ( -0.000000000000000000, 0.000000000000000000, 1.000000000000000000 ) ) ;
#1552 = CARTESIAN_POINT ( 'NONE',  ( 59.20999999999999375, 90.00000000000117950, 3.000000000000002665 ) ) ;
#1553 = CARTESIAN_POINT ( 'NONE',  ( 35.00000000000000000, 21.00000000000000355, 15.00000000000000000 ) ) ;
#1554 = CARTESIAN_POINT ( 'NONE',  ( 9.999999999999991118, 82.00000000000117950, 15.00000000000000000 ) ) ;
#1555 = CARTESIAN_POINT ( 'NONE',  ( 68.52133228227181405, 74.08532912908820833, 86.75718664440340433 ) ) ;
#1556 = PLANE ( 'NONE',  #1070 ) ;
#1557 = ORIENTED_EDGE ( 'NONE', *, *, #4352, .T. ) ;
#1558 = VECTOR ( 'NONE', #2189, 1000.000000000000000 ) ;
#1559 = EDGE_CURVE ( 'NONE', #3532, #3954, #5874, .T. ) ;
#1560 = EDGE_CURVE ( 'NONE', #525, #4604, #7280, .T. ) ;
#1561 = FACE_OUTER_BOUND ( 'NONE', #3441, .T. ) ;
#1562 = AXIS2_PLACEMENT_3D ( 'NONE', #2720, #706, #6411 ) ;
#1563 = CARTESIAN_POINT ( 'NONE',  ( 60.00000000000004263, 82.00000000000117950, 18.00000000000000355 ) ) ;
#1564 = VERTEX_POINT ( 'NONE', #5294 ) ;
#1565 = LINE ( 'NONE', #1526, #7991 ) ;
#1566 = ORIENTED_EDGE ( 'NONE', *, *, #85, .F. ) ;
#1567 = CARTESIAN_POINT ( 'NONE',  ( 34.99999999999999289, 61.00000000000000711, 79.20000000000000284 ) ) ;
#1568 = ORIENTED_EDGE ( 'NONE', *, *, #4832, .F. ) ;
#1569 = DIRECTION ( 'NONE',  ( -1.000000000000000000, 0.000000000000000000, 0.000000000000000000 ) ) ;
#1570 = ORIENTED_EDGE ( 'NONE', *, *, #490, .F. ) ;
#1571 = DIRECTION ( 'NONE',  ( -0.000000000000000000, -0.000000000000000000, 1.000000000000000000 ) ) ;
#1572 = EDGE_CURVE ( 'NONE', #8114, #6317, #2760, .T. ) ;
#1573 = CARTESIAN_POINT ( 'NONE',  ( 55.79999999999998295, 115.0000000000011795, 9.616580753730952225 ) ) ;
#1574 = DIRECTION ( 'NONE',  ( 5.365409281204128410E-16, 0.000000000000000000, -1.000000000000000000 ) ) ;
#1575 = VERTEX_POINT ( 'NONE', #4113 ) ;
#1576 = LINE ( 'NONE', #3452, #114 ) ;
#1577 = ORIENTED_EDGE ( 'NONE', *, *, #1842, .F. ) ;
#1578 = CARTESIAN_POINT ( 'NONE',  ( 0.000000000000000000, 145.0000000000000000, 88.00000000000000000 ) ) ;
#1579 = ORIENTED_EDGE ( 'NONE', *, *, #1158, .F. ) ;
#1580 = CYLINDRICAL_SURFACE ( 'NONE', #5399, 1.600000000000002531 ) ;
#1581 = DIRECTION ( 'NONE',  ( 1.000000000000000000, 0.000000000000000000, 0.000000000000000000 ) ) ;
#1582 = CARTESIAN_POINT ( 'NONE',  ( 62.00000000000000711, 145.0000000000000000, 13.00000000000000178 ) ) ;
#1583 = VERTEX_POINT ( 'NONE', #6496 ) ;
#1584 = CARTESIAN_POINT ( 'NONE',  ( 5.789999999999999147, 83.40000000000118519, 8.305000000000001492 ) ) ;
#1585 = ORIENTED_EDGE ( 'NONE', *, *, #6781, .F. ) ;
#1586 = ORIENTED_EDGE ( 'NONE', *, *, #1678, .F. ) ;
#1587 = DIRECTION ( 'NONE',  ( 1.000000000000000000, 0.000000000000000000, 0.000000000000000000 ) ) ;
#1588 = DIRECTION ( 'NONE',  ( -0.000000000000000000, -0.000000000000000000, 1.000000000000000000 ) ) ;
#1589 = EDGE_CURVE ( 'NONE', #3678, #4332, #2263, .T. ) ;
#1590 = FACE_OUTER_BOUND ( 'NONE', #3804, .T. ) ;
#1591 = FACE_BOUND ( 'NONE', #298, .T. ) ;
#1592 = DIRECTION ( 'NONE',  ( 0.000000000000000000, 1.000000000000000000, 0.000000000000000000 ) ) ;
#1593 = EDGE_LOOP ( 'NONE', ( #1875, #6546, #1138, #5334 ) ) ;
#1594 = ADVANCED_FACE ( 'NONE', ( #4771 ), #2187, .F. ) ;
#1595 = ORIENTED_EDGE ( 'NONE', *, *, #720, .T. ) ;
#1596 = PLANE ( 'NONE',  #37 ) ;
#1597 = CARTESIAN_POINT ( 'NONE',  ( 67.30937802233528089, 69.23751208934207568, 9.491467432573712060 ) ) ;
#1598 = VECTOR ( 'NONE', #1817, 1000.000000000000000 ) ;
#1599 = DIRECTION ( 'NONE',  ( 0.4999999999999996114, -0.000000000000000000, 0.8660254037844388186 ) ) ;
#1600 = ORIENTED_EDGE ( 'NONE', *, *, #116, .T. ) ;
#1601 = CARTESIAN_POINT ( 'NONE',  ( 70.00000000000000000, 0.000000000000000000, 3.000000000000000000 ) ) ;
#1602 = ORIENTED_EDGE ( 'NONE', *, *, #7666, .F. ) ;
#1603 = CARTESIAN_POINT ( 'NONE',  ( 5.789999999999997371, 88.00000000000119371, 7.071838492538093490 ) ) ;
#1604 = AXIS2_PLACEMENT_3D ( 'NONE', #3310, #1588, #4012 ) ;
#1605 = VECTOR ( 'NONE', #3753, 1000.000000000000000 ) ;
#1606 = CARTESIAN_POINT ( 'NONE',  ( 62.00000000000000711, 145.0000000000000000, 3.000000000000000000 ) ) ;
#1607 = EDGE_LOOP ( 'NONE', ( #4154, #637, #276, #5408, #4570, #6581 ) ) ;
#1608 = EDGE_CURVE ( 'NONE', #823, #2034, #614, .T. ) ;
#1609 = DIRECTION ( 'NONE',  ( -1.000000000000000000, -0.000000000000000000, -0.000000000000000000 ) ) ;
#1610 = CARTESIAN_POINT ( 'NONE',  ( 61.40999999999997527, 88.00000000000119371, 11.92158075373095905 ) ) ;
#1611 = DIRECTION ( 'NONE',  ( -0.000000000000000000, 1.000000000000000000, -0.000000000000000000 ) ) ;
#1612 = VECTOR ( 'NONE', #1269, 1000.000000000000000 ) ;
#1613 = AXIS2_PLACEMENT_3D ( 'NONE', #3777, #8128, #2504 ) ;
#1614 = ORIENTED_EDGE ( 'NONE', *, *, #7809, .F. ) ;
#1615 = CARTESIAN_POINT ( 'NONE',  ( 3.000000000000000444, 144.5825756949558354, 3.000000000000000000 ) ) ;
#1616 = VERTEX_POINT ( 'NONE', #5249 ) ;
#1617 = DIRECTION ( 'NONE',  ( 0.000000000000000000, -0.000000000000000000, -1.000000000000000000 ) ) ;
#1618 = CIRCLE ( 'NONE', #3720, 5.199999999999996625 ) ;
#1619 = VECTOR ( 'NONE', #1634, 1000.000000000000000 ) ;
#1620 = VERTEX_POINT ( 'NONE', #6569 ) ;
#1621 = DIRECTION ( 'NONE',  ( 0.000000000000000000, 0.000000000000000000, -1.000000000000000000 ) ) ;
#1622 = PLANE ( 'NONE',  #5045 ) ;
#1624 = ORIENTED_EDGE ( 'NONE', *, *, #988, .F. ) ;
#1623 = DIRECTION ( 'NONE',  ( -0.000000000000000000, 1.000000000000000000, -0.000000000000000000 ) ) ;
#1625 = ORIENTED_EDGE ( 'NONE', *, *, #7403, .F. ) ;
#1626 = EDGE_CURVE ( 'NONE', #3909, #4036, #7765, .T. ) ;
#1627 = EDGE_CURVE ( 'NONE', #6196, #4609, #6534, .T. ) ;
#1628 = LINE ( 'NONE', #2329, #2309 ) ;
#1629 = CIRCLE ( 'NONE', #7133, 2.000000000000001776 ) ;
#1630 = VERTEX_POINT ( 'NONE', #1248 ) ;
#1631 = VECTOR ( 'NONE', #5993, 1000.000000000000114 ) ;
#1632 = ORIENTED_EDGE ( 'NONE', *, *, #6783, .T. ) ;
#1633 = ADVANCED_FACE ( 'NONE', ( #6790, #8061 ), #2391, .F. ) ;
#1634 = DIRECTION ( 'NONE',  ( 1.000000000000000000, 0.000000000000000000, 0.000000000000000000 ) ) ;
#1635 = VECTOR ( 'NONE', #7662, 1000.000000000000000 ) ;
#1636 = DIRECTION ( 'NONE',  ( -1.000000000000000000, 0.000000000000000000, 0.000000000000000000 ) ) ;
#1637 = DIRECTION ( 'NONE',  ( 1.000000000000000000, 0.000000000000000000, 0.000000000000000000 ) ) ;
#1638 = LINE ( 'NONE', #7831, #6915 ) ;
#1639 = CARTESIAN_POINT ( 'NONE',  ( 5.749999999999914735, 57.00000000000112266, 12.00000000000000000 ) ) ;
#1640 = VECTOR ( 'NONE', #1034, 1000.000000000000000 ) ;
#1641 = ORIENTED_EDGE ( 'NONE', *, *, #5309, .T. ) ;
#1642 = EDGE_CURVE ( 'NONE', #798, #7370, #4892, .T. ) ;
#1643 = DIRECTION ( 'NONE',  ( 1.000000000000000000, 0.000000000000000000, -0.000000000000000000 ) ) ;
#1644 = CARTESIAN_POINT ( 'NONE',  ( 70.00000000000000000, 80.00000000000117950, 0.2139618866115449713 ) ) ;
#1645 = LINE ( 'NONE', #7837, #1146 ) ;
#1646 = ORIENTED_EDGE ( 'NONE', *, *, #2632, .T. ) ;
#1647 = CARTESIAN_POINT ( 'NONE',  ( -1.836970198721030378E-15, 134.9999999999999716, 80.00000000000000000 ) ) ;
#1648 = VECTOR ( 'NONE', #5235, 1000.000000000000000 ) ;
#1649 = EDGE_LOOP ( 'NONE', ( #7472, #3172 ) ) ;
#1650 = LINE ( 'NONE', #362, #7794 ) ;
#1651 = ORIENTED_EDGE ( 'NONE', *, *, #1525, .T. ) ;
#1652 = VERTEX_POINT ( 'NONE', #3663 ) ;
#1653 = CARTESIAN_POINT ( 'NONE',  ( 6.999999999999970690, 82.00000000000117950, 41.49999999999999289 ) ) ;
#1654 = ORIENTED_EDGE ( 'NONE', *, *, #3937, .T. ) ;
#1655 = AXIS2_PLACEMENT_3D ( 'NONE', #646, #6356, #3270 ) ;
#1656 = FACE_OUTER_BOUND ( 'NONE', #7918, .T. ) ;
#1657 = DIRECTION ( 'NONE',  ( -0.000000000000000000, 1.000000000000000000, -0.000000000000000000 ) ) ;
#1658 = CARTESIAN_POINT ( 'NONE',  ( 34.99999999999999289, 56.99999999999999289, 15.00000000000000000 ) ) ;
#1659 = ORIENTED_EDGE ( 'NONE', *, *, #1382, .T. ) ;
#1660 = CARTESIAN_POINT ( 'NONE',  ( 70.00000000000000000, 0.000000000000000000, 0.000000000000000000 ) ) ;
#1661 = ORIENTED_EDGE ( 'NONE', *, *, #4182, .T. ) ;
#1662 = CYLINDRICAL_SURFACE ( 'NONE', #2250, 1.600000000000004086 ) ;
#1663 = AXIS2_PLACEMENT_3D ( 'NONE', #6883, #2488, #6931 ) ;
#1664 = ADVANCED_FACE ( 'NONE', ( #4233, #2434 ), #4936, .F. ) ;
#1665 = ORIENTED_EDGE ( 'NONE', *, *, #4970, .F. ) ;
#1666 = DIRECTION ( 'NONE',  ( 0.8660254037844380415, 0.000000000000000000, -0.5000000000000009992 ) ) ;
#1667 = FACE_BOUND ( 'NONE', #1607, .T. ) ;
#1669 = VERTEX_POINT ( 'NONE', #4854 ) ;
#1668 = CARTESIAN_POINT ( 'NONE',  ( 47.99999999999999289, 115.0000000000011795, 80.00000000000000000 ) ) ;
#1670 = VERTEX_POINT ( 'NONE', #6827 ) ;
#1671 = CARTESIAN_POINT ( 'NONE',  ( 59.20999999999999375, 86.00000000000112266, 90.00000000000000000 ) ) ;
#1672 = EDGE_LOOP ( 'NONE', ( #7488, #289, #4274, #177 ) ) ;
#1673 = AXIS2_PLACEMENT_3D ( 'NONE', #4331, #1134, #7460 ) ;
#1674 = CIRCLE ( 'NONE', #6930, 11.04999999999999716 ) ;
#1675 = EDGE_CURVE ( 'NONE', #3499, #5599, #4357, .T. ) ;
#1676 = LINE ( 'NONE', #6678, #7258 ) ;
#1677 = LINE ( 'NONE', #3680, #7000 ) ;
#1678 = EDGE_CURVE ( 'NONE', #7607, #2229, #2182, .T. ) ;
#1679 = DIRECTION ( 'NONE',  ( 1.000000000000000000, -0.000000000000000000, -0.000000000000000000 ) ) ;
#1680 = LINE ( 'NONE', #7214, #3224 ) ;
#1681 = EDGE_CURVE ( 'NONE', #6031, #2971, #3361, .T. ) ;
#1682 = ADVANCED_FACE ( 'NONE', ( #3091 ), #449, .F. ) ;
#1683 = DIRECTION ( 'NONE',  ( -0.2425356250363299160, 0.9701425001453327646, 0.000000000000000000 ) ) ;
#1684 = AXIS2_PLACEMENT_3D ( 'NONE', #6840, #6761, #5513 ) ;
#1685 = CARTESIAN_POINT ( 'NONE',  ( 34.99999999999999289, 21.00000000000000355, 88.09999999999999432 ) ) ;
#1686 = ORIENTED_EDGE ( 'NONE', *, *, #8103, .T. ) ;
#1687 = CARTESIAN_POINT ( 'NONE',  ( 0.000000000000000000, 145.0000000000000000, 3.000000000000000000 ) ) ;
#1688 = CARTESIAN_POINT ( 'NONE',  ( 64.25000000000005684, 57.00000000000106581, 12.00000000000000000 ) ) ;
#1689 = DIRECTION ( 'NONE',  ( -0.000000000000000000, 0.000000000000000000, 1.000000000000000000 ) ) ;
#1690 = VERTEX_POINT ( 'NONE', #3132 ) ;
#1691 = LINE ( 'NONE', #4309, #4185 ) ;
#1692 = ORIENTED_EDGE ( 'NONE', *, *, #3422, .F. ) ;
#1693 = FACE_OUTER_BOUND ( 'NONE', #4371, .T. ) ;
#1694 = ORIENTED_EDGE ( 'NONE', *, *, #2815, .F. ) ;
#1695 = CARTESIAN_POINT ( 'NONE',  ( 70.00000000000000000, 145.0000000000000000, 13.00000000000000178 ) ) ;
#1696 = VECTOR ( 'NONE', #994, 1000.000000000000000 ) ;
#1697 = DIRECTION ( 'NONE',  ( -0.000000000000000000, -0.000000000000000000, 1.000000000000000000 ) ) ;
#1698 = EDGE_CURVE ( 'NONE', #3840, #2277, #7402, .T. ) ;
#1699 = LINE ( 'NONE', #991, #1640 ) ;
#1700 = FACE_OUTER_BOUND ( 'NONE', #739, .T. ) ;
#1701 = VERTEX_POINT ( 'NONE', #5501 ) ;
#1702 = DIRECTION ( 'NONE',  ( 0.000000000000000000, -0.000000000000000000, -1.000000000000000000 ) ) ;
#1703 = ORIENTED_EDGE ( 'NONE', *, *, #6529, .F. ) ;
#1704 = CARTESIAN_POINT ( 'NONE',  ( 39.00000000000000000, 24.32264954516723066, 77.00000000000000000 ) ) ;
#1705 = VERTEX_POINT ( 'NONE', #8102 ) ;
#1706 = LINE ( 'NONE', #414, #6338 ) ;
#1707 = FACE_BOUND ( 'NONE', #3386, .T. ) ;
#1709 = ORIENTED_EDGE ( 'NONE', *, *, #103, .T. ) ;
#1708 = DIRECTION ( 'NONE',  ( 1.000000000000000000, 3.965082230804130713E-16, 0.000000000000000000 ) ) ;
#1710 = ORIENTED_EDGE ( 'NONE', *, *, #5528, .T. ) ;
#1711 = CARTESIAN_POINT ( 'NONE',  ( 5.790000000000008029, 88.00000000000119371, 84.69499999999999318 ) ) ;
#1712 = ORIENTED_EDGE ( 'NONE', *, *, #311, .T. ) ;
#1713 = EDGE_CURVE ( 'NONE', #1823, #3464, #4421, .T. ) ;
#1714 = CARTESIAN_POINT ( 'NONE',  ( 14.19999999999999751, 115.0000000000011795, 9.616580753730955777 ) ) ;
#1715 = CYLINDRICAL_SURFACE ( 'NONE', #6199, 11.05000000000000426 ) ;
#1716 = ADVANCED_FACE ( 'NONE', ( #1119 ), #2474, .F. ) ;
#1717 = DIRECTION ( 'NONE',  ( 0.000000000000000000, -0.000000000000000000, 1.000000000000000000 ) ) ;
#1718 = CARTESIAN_POINT ( 'NONE',  ( 37.00000000000000000, 37.00000000000000711, 88.09999999999999432 ) ) ;
#1719 = LINE ( 'NONE', #6057, #6237 ) ;
#1720 = ADVANCED_FACE ( 'NONE', ( #1700, #4196 ), #1826, .T. ) ;
#1721 = CARTESIAN_POINT ( 'NONE',  ( 48.00000000000000000, 115.0000000000011795, 13.00000000000000178 ) ) ;
#1722 = VERTEX_POINT ( 'NONE', #3621 ) ;
#1723 = CYLINDRICAL_SURFACE ( 'NONE', #7896, 3.499999999999992895 ) ;
#1724 = CARTESIAN_POINT ( 'NONE',  ( 67.29702827426814338, 69.18811309707362511, 9.514327790520303196 ) ) ;
#1725 = VERTEX_POINT ( 'NONE', #6122 ) ;
#1726 = DIRECTION ( 'NONE',  ( 0.000000000000000000, 1.000000000000000000, 0.000000000000000000 ) ) ;
#1727 = ORIENTED_EDGE ( 'NONE', *, *, #6772, .T. ) ;
#1728 = CARTESIAN_POINT ( 'NONE',  ( 68.81101036738786547, 75.24404146955251349, 88.00727783115696923 ) ) ;
#1729 = EDGE_LOOP ( 'NONE', ( #112, #1586, #419, #5951 ) ) ;
#1730 = EDGE_CURVE ( 'NONE', #500, #4281, #492, .T. ) ;
#1731 = EDGE_LOOP ( 'NONE', ( #5343, #978 ) ) ;
#1732 = CARTESIAN_POINT ( 'NONE',  ( 70.00000000000000000, 139.9999999999999716, 8.000000000000000000 ) ) ;
#1733 = VECTOR ( 'NONE', #5571, 1000.000000000000000 ) ;
#1734 = DIRECTION ( 'NONE',  ( 1.000000000000000000, 0.000000000000000000, 0.000000000000000000 ) ) ;
#1735 = CARTESIAN_POINT ( 'NONE',  ( 0.000000000000000000, 0.000000000000000000, 79.20000000000000284 ) ) ;
#1736 = DIRECTION ( 'NONE',  ( -0.000000000000000000, 1.000000000000000000, -0.000000000000000000 ) ) ;
#1737 = EDGE_LOOP ( 'NONE', ( #2928, #7118, #7824, #5142 ) ) ;
#1738 = CARTESIAN_POINT ( 'NONE',  ( 17.00000000000001066, 116.0000000000011795, 81.76683849253807068 ) ) ;
#1739 = VERTEX_POINT ( 'NONE', #533 ) ;
#1740 = CYLINDRICAL_SURFACE ( 'NONE', #4089, 11.04999999999999716 ) ;
#1741 = VECTOR ( 'NONE', #6041, 1000.000000000000000 ) ;
#1742 = UNCERTAINTY_MEASURE_WITH_UNIT (LENGTH_MEASURE( 1.000000000000000082E-05 ), #3393, 'distance_accuracy_value', 'NONE');
#1743 = EDGE_CURVE ( 'NONE', #1340, #259, #1198, .T. ) ;
#1744 = ORIENTED_EDGE ( 'NONE', *, *, #1478, .F. ) ;
#1745 = EDGE_CURVE ( 'NONE', #597, #2854, #6205, .T. ) ;
#1746 = EDGE_CURVE ( 'NONE', #1162, #4642, #1539, .T. ) ;
#1747 = AXIS2_PLACEMENT_3D ( 'NONE', #7513, #3857, #3124 ) ;
#1748 = CARTESIAN_POINT ( 'NONE',  ( 10.78999999999999737, 86.00000000000110845, 90.00000000000000000 ) ) ;
#1749 = AXIS2_PLACEMENT_3D ( 'NONE', #8005, #6603, #1058 ) ;
#1750 = FACE_OUTER_BOUND ( 'NONE', #3819, .T. ) ;
#1752 = ORIENTED_EDGE ( 'NONE', *, *, #7630, .F. ) ;
#1751 = DIRECTION ( 'NONE',  ( -0.000000000000000000, -0.000000000000000000, -1.000000000000000000 ) ) ;
#1753 = ORIENTED_EDGE ( 'NONE', *, *, #6763, .F. ) ;
#1754 = CARTESIAN_POINT ( 'NONE',  ( 34.99999999999999289, 57.00000000000000711, 79.20000000000000284 ) ) ;
#1755 = ORIENTED_EDGE ( 'NONE', *, *, #2693, .F. ) ;
#1756 = CIRCLE ( 'NONE', #696, 1.999999999999996669 ) ;
#1757 = VECTOR ( 'NONE', #3550, 1000.000000000000000 ) ;
#1758 = VERTEX_POINT ( 'NONE', #6957 ) ;
#1759 = LINE ( 'NONE', #4742, #5814 ) ;
#1760 = DIRECTION ( 'NONE',  ( -1.000000000000000000, 0.000000000000000000, 0.000000000000000000 ) ) ;
#1761 = LINE ( 'NONE', #4211, #3078 ) ;
#1762 = CARTESIAN_POINT ( 'NONE',  ( 9.999999999999969802, 90.00000000000119371, 18.00000000000000000 ) ) ;
#1763 = VECTOR ( 'NONE', #7454, 1000.000000000000000 ) ;
#1764 = CIRCLE ( 'NONE', #6879, 4.000000000000003553 ) ;
#1765 = CARTESIAN_POINT ( 'NONE',  ( 61.40999999999998238, 88.00000000000119371, 84.31158075373093652 ) ) ;
#1766 = DIRECTION ( 'NONE',  ( 0.000000000000000000, 0.000000000000000000, 1.000000000000000000 ) ) ;
#1767 = ORIENTED_EDGE ( 'NONE', *, *, #1713, .F. ) ;
#1768 = VECTOR ( 'NONE', #2506, 1000.000000000000000 ) ;
#1769 = EDGE_CURVE ( 'NONE', #8008, #759, #4162, .T. ) ;
#1770 = DIRECTION ( 'NONE',  ( 0.000000000000000000, 0.000000000000000000, -1.000000000000000000 ) ) ;
#1771 = CARTESIAN_POINT ( 'NONE',  ( 68.52220888882426664, 74.08883555529804710, 6.239380807579779642 ) ) ;
#1772 = VECTOR ( 'NONE', #1501, 1000.000000000000000 ) ;
#1773 = ORIENTED_EDGE ( 'NONE', *, *, #1825, .F. ) ;
#1774 = PLANE ( 'NONE',  #544 ) ;
#1775 = ORIENTED_EDGE ( 'NONE', *, *, #6282, .F. ) ;
#1776 = LINE ( 'NONE', #485, #2702 ) ;
#1777 = VERTEX_POINT ( 'NONE', #2515 ) ;
#1778 = ORIENTED_EDGE ( 'NONE', *, *, #7335, .F. ) ;
#1779 = VECTOR ( 'NONE', #3373, 1000.000000000000000 ) ;
#1780 = LINE ( 'NONE', #5629, #6736 ) ;
#1781 = EDGE_CURVE ( 'NONE', #7834, #7160, #3368, .T. ) ;
#1782 = CARTESIAN_POINT ( 'NONE',  ( 59.20999999999999375, 90.00000000000119371, 78.00000000000001421 ) ) ;
#1783 = CARTESIAN_POINT ( 'NONE',  ( 21.73395691220074966, 5.433489228050115472, 15.00000000000000000 ) ) ;
#1784 = AXIS2_PLACEMENT_3D ( 'NONE', #1765, #5521, #6771 ) ;
#1785 = ADVANCED_FACE ( 'NONE', ( #6329 ), #5790, .F. ) ;
#1786 = EDGE_CURVE ( 'NONE', #3986, #2606, #6371, .T. ) ;
#1787 = ORIENTED_EDGE ( 'NONE', *, *, #3167, .T. ) ;
#1788 = CARTESIAN_POINT ( 'NONE',  ( 0.7899999999999964828, 90.00000000000119371, 90.00000000000000000 ) ) ;
#1789 = ORIENTED_EDGE ( 'NONE', *, *, #3541, .T. ) ;
#1790 = CARTESIAN_POINT ( 'NONE',  ( 8.590000000000001634, 90.00000000000119371, 11.92158075373095372 ) ) ;
#1791 = ORIENTED_EDGE ( 'NONE', *, *, #6846, .F. ) ;
#1792 = VECTOR ( 'NONE', #183, 1000.000000000000000 ) ;
#1793 = EDGE_LOOP ( 'NONE', ( #3318, #6885, #2022, #1076 ) ) ;
#1794 = FACE_OUTER_BOUND ( 'NONE', #1315, .T. ) ;
#1795 = LINE ( 'NONE', #4121, #61 ) ;
#1797 = EDGE_LOOP ( 'NONE', ( #5853, #6554, #8010, #7582, #7293, #1111, #459 ) ) ;
#1796 = LINE ( 'NONE', #6801, #2450 ) ;
#1798 = VERTEX_POINT ( 'NONE', #155 ) ;
#1799 = DIRECTION ( 'NONE',  ( -0.2425356250363298882, -0.9701425001453326535, 0.000000000000000000 ) ) ;
#1800 = CIRCLE ( 'NONE', #4141, 1.600000000000002531 ) ;
#1801 = VECTOR ( 'NONE', #1084, 1000.000000000000000 ) ;
#1802 = VERTEX_POINT ( 'NONE', #6444 ) ;
#1803 = ORIENTED_EDGE ( 'NONE', *, *, #2159, .F. ) ;
#1804 = CARTESIAN_POINT ( 'NONE',  ( 64.20999999999999375, 83.40000000000118519, 8.305000000000005045 ) ) ;
#1805 = AXIS2_PLACEMENT_3D ( 'NONE', #2353, #2968, #4 ) ;
#1806 = LINE ( 'NONE', #6180, #944 ) ;
#1807 = DIRECTION ( 'NONE',  ( -9.912705577010326536E-16, -3.930469274259665525E-31, 1.000000000000000000 ) ) ;
#1808 = FACE_OUTER_BOUND ( 'NONE', #1106, .T. ) ;
#1809 = CARTESIAN_POINT ( 'NONE',  ( 14.19999999999999929, 116.0000000000011795, 6.383419246269043335 ) ) ;
#1810 = EDGE_CURVE ( 'NONE', #7208, #6686, #6920, .T. ) ;
#1811 = LINE ( 'NONE', #7385, #7754 ) ;
#1812 = ORIENTED_EDGE ( 'NONE', *, *, #3529, .T. ) ;
#1813 = DIRECTION ( 'NONE',  ( 1.000000000000000000, -1.734723475976808475E-15, -0.000000000000000000 ) ) ;
#1814 = AXIS2_PLACEMENT_3D ( 'NONE', #4247, #2449, #6886 ) ;
#1815 = CARTESIAN_POINT ( 'NONE',  ( 50.81066017177981564, 3.242640687119321186, 81.00000000000000000 ) ) ;
#1816 = ORIENTED_EDGE ( 'NONE', *, *, #2790, .T. ) ;
#1817 = DIRECTION ( 'NONE',  ( 1.000000000000000000, 0.000000000000000000, 0.000000000000000000 ) ) ;
#1818 = EDGE_CURVE ( 'NONE', #1465, #8079, #89, .T. ) ;
#1819 = ORIENTED_EDGE ( 'NONE', *, *, #3977, .T. ) ;
#1820 = ADVANCED_FACE ( 'NONE', ( #5712 ), #7070, .F. ) ;
#1821 = CARTESIAN_POINT ( 'NONE',  ( 61.99999999999999289, 145.0000000000000000, 80.00000000000000000 ) ) ;
#1822 = ORIENTED_EDGE ( 'NONE', *, *, #7278, .F. ) ;
#1823 = VERTEX_POINT ( 'NONE', #1909 ) ;
#1824 = DIRECTION ( 'NONE',  ( 0.000000000000000000, 0.000000000000000000, 1.000000000000000000 ) ) ;
#1825 = EDGE_CURVE ( 'NONE', #777, #3964, #477, .T. ) ;
#1826 = PLANE ( 'NONE',  #8098 ) ;
#1827 = ORIENTED_EDGE ( 'NONE', *, *, #389, .F. ) ;
#1828 = CARTESIAN_POINT ( 'NONE',  ( 48.00000000000000000, 115.0000000000011795, 13.00000000000000178 ) ) ;
#1829 = VERTEX_POINT ( 'NONE', #1946 ) ;
#1830 = LINE ( 'NONE', #3138, #4741 ) ;
#1831 = EDGE_LOOP ( 'NONE', ( #6136, #2268, #2891, #5585 ) ) ;
#1832 = AXIS2_PLACEMENT_3D ( 'NONE', #4280, #3010, #2970 ) ;
#1833 = ORIENTED_EDGE ( 'NONE', *, *, #2534, .F. ) ;
#1834 = LINE ( 'NONE', #5722, #2016 ) ;
#1835 = LINE ( 'NONE', #6964, #4260 ) ;
#1837 = VERTEX_POINT ( 'NONE', #5829 ) ;
#1836 = PLANE ( 'NONE',  #7161 ) ;
#1838 = ORIENTED_EDGE ( 'NONE', *, *, #3167, .F. ) ;
#1839 = VECTOR ( 'NONE', #5944, 1000.000000000000000 ) ;
#1840 = LINE ( 'NONE', #3022, #6928 ) ;
#1841 = ORIENTED_EDGE ( 'NONE', *, *, #3000, .T. ) ;
#1842 = EDGE_CURVE ( 'NONE', #4618, #7939, #4429, .T. ) ;
#1843 = ORIENTED_EDGE ( 'NONE', *, *, #5575, .T. ) ;
#1844 = DIRECTION ( 'NONE',  ( -1.000000000000000000, -0.000000000000000000, -9.912705577010326536E-16 ) ) ;
#1845 = CARTESIAN_POINT ( 'NONE',  ( 59.21000000000000796, 90.00000000000119371, 15.00000000000000533 ) ) ;
#1846 = CARTESIAN_POINT ( 'NONE',  ( 57.99999999999999289, 118.0000000000011937, 90.00000000000000000 ) ) ;
#1847 = CARTESIAN_POINT ( 'NONE',  ( 2.989999999999993996, 90.00000000000119371, 11.92158075373095549 ) ) ;
#1848 = EDGE_CURVE ( 'NONE', #3466, #7745, #6409, .T. ) ;
#1849 = DIRECTION ( 'NONE',  ( -0.000000000000000000, -0.000000000000000000, 1.000000000000000000 ) ) ;
#1850 = CARTESIAN_POINT ( 'NONE',  ( 22.75000000000001066, 41.00000000000001421, 80.00000000000000000 ) ) ;
#1851 = DIRECTION ( 'NONE',  ( -0.000000000000000000, -0.000000000000000000, -1.000000000000000000 ) ) ;
#1852 = ORIENTED_EDGE ( 'NONE', *, *, #2239, .F. ) ;
#1853 = CARTESIAN_POINT ( 'NONE',  ( 47.99999999999999289, 118.0000000000011937, 90.00000000000000000 ) ) ;
#1854 = EDGE_CURVE ( 'NONE', #6856, #3462, #4560, .T. ) ;
#1855 = DIRECTION ( 'NONE',  ( -1.000000000000000000, 0.000000000000000000, 0.000000000000000000 ) ) ;
#1856 = PLANE ( 'NONE',  #5396 ) ;
#1857 = ORIENTED_EDGE ( 'NONE', *, *, #6156, .F. ) ;
#1858 = CARTESIAN_POINT ( 'NONE',  ( 5.790000000000008029, 83.40000000000118519, 82.69499999999999318 ) ) ;
#1859 = VERTEX_POINT ( 'NONE', #3168 ) ;
#1860 = ORIENTED_EDGE ( 'NONE', *, *, #3155, .F. ) ;
#1861 = CARTESIAN_POINT ( 'NONE',  ( 0.000000000000000000, 81.58800596674578287, 87.00000000000002842 ) ) ;
#1862 = LINE ( 'NONE', #4356, #4136 ) ;
#1863 = DIRECTION ( 'NONE',  ( -1.000000000000000000, -1.301042606982604335E-16, 0.000000000000000000 ) ) ;
#1864 = ORIENTED_EDGE ( 'NONE', *, *, #4143, .T. ) ;
#1865 = CARTESIAN_POINT ( 'NONE',  ( 22.00000000000000355, 115.0000000000011795, 13.00000000000000178 ) ) ;
#1866 = ORIENTED_EDGE ( 'NONE', *, *, #1854, .F. ) ;
#1867 = DIRECTION ( 'NONE',  ( 1.000000000000000000, 3.965082230804129727E-16, -0.000000000000000000 ) ) ;
#1868 = VERTEX_POINT ( 'NONE', #3868 ) ;
#1869 = AXIS2_PLACEMENT_3D ( 'NONE', #3430, #4016, #5935 ) ;
#1870 = EDGE_CURVE ( 'NONE', #1977, #5357, #7443, .T. ) ;
#1871 = EDGE_LOOP ( 'NONE', ( #7353, #4945 ) ) ;
#1872 = FACE_OUTER_BOUND ( 'NONE', #1923, .T. ) ;
#1873 = LINE ( 'NONE', #3218, #8074 ) ;
#1875 = ORIENTED_EDGE ( 'NONE', *, *, #4937, .T. ) ;
#1874 = CARTESIAN_POINT ( 'NONE',  ( 10.78999999999999737, 82.00000000000117950, 3.000000000000002665 ) ) ;
#1876 = VERTEX_POINT ( 'NONE', #44 ) ;
#1877 = CARTESIAN_POINT ( 'NONE',  ( 3.000000000000000000, 139.9999999999999716, 84.99999999999998579 ) ) ;
#1878 = EDGE_LOOP ( 'NONE', ( #4760, #591, #6126, #2563 ) ) ;
#1879 = VECTOR ( 'NONE', #4552, 1000.000000000000000 ) ;
#1880 = VECTOR ( 'NONE', #4307, 1000.000000000000000 ) ;
#1881 = VERTEX_POINT ( 'NONE', #2560 ) ;
#1882 = CARTESIAN_POINT ( 'NONE',  ( 11.99999999999996803, 85.00000000000110845, 46.50000000000000711 ) ) ;
#1883 = CYLINDRICAL_SURFACE ( 'NONE', #3440, 2.999999999999999112 ) ;
#1884 = DIRECTION ( 'NONE',  ( 0.000000000000000000, 0.000000000000000000, -1.000000000000000000 ) ) ;
#1885 = CARTESIAN_POINT ( 'NONE',  ( 53.00000000000000000, 116.0000000000011795, 11.23316150746189201 ) ) ;
#1886 = DIRECTION ( 'NONE',  ( 1.000000000000000000, 0.000000000000000000, -0.000000000000000000 ) ) ;
#1887 = EDGE_CURVE ( 'NONE', #1739, #5476, #4556, .T. ) ;
#1888 = CARTESIAN_POINT ( 'NONE',  ( 34.99999999999999289, 21.00000000000000355, 88.09999999999999432 ) ) ;
#1889 = VECTOR ( 'NONE', #4286, 1000.000000000000000 ) ;
#1890 = ADVANCED_FACE ( 'NONE', ( #7567 ), #4444, .F. ) ;
#1891 = CIRCLE ( 'NONE', #7522, 2.999999999999992450 ) ;
#1892 = ADVANCED_FACE ( 'NONE', ( #3982 ), #2869, .T. ) ;
#1893 = CARTESIAN_POINT ( 'NONE',  ( 12.00000000000000178, 115.0000000000011795, 3.000000000000000000 ) ) ;
#1894 = EDGE_CURVE ( 'NONE', #4067, #1045, #4595, .T. ) ;
#1895 = VERTEX_POINT ( 'NONE', #2175 ) ;
#1896 = FACE_OUTER_BOUND ( 'NONE', #123, .T. ) ;
#1897 = VECTOR ( 'NONE', #1375, 1000.000000000000000 ) ;
#1898 = FACE_OUTER_BOUND ( 'NONE', #7486, .T. ) ;
#1899 = VECTOR ( 'NONE', #7357, 1000.000000000000000 ) ;
#1900 = CARTESIAN_POINT ( 'NONE',  ( 30.00000000000000355, 37.00000000000000711, 4.900000000000000355 ) ) ;
#1901 = PLANE ( 'NONE',  #6997 ) ;
#1902 = ORIENTED_EDGE ( 'NONE', *, *, #4833, .T. ) ;
#1903 = CARTESIAN_POINT ( 'NONE',  ( 55.79999999999998295, 116.0000000000011795, 9.616580753730952225 ) ) ;
#1904 = VECTOR ( 'NONE', #2965, 1000.000000000000000 ) ;
#1905 = ORIENTED_EDGE ( 'NONE', *, *, #5881, .F. ) ;
#1906 = EDGE_CURVE ( 'NONE', #6692, #5963, #7755, .T. ) ;
#1907 = LINE ( 'NONE', #5748, #4377 ) ;
#1908 = CIRCLE ( 'NONE', #6480, 1.600000000000018074 ) ;
#1909 = CARTESIAN_POINT ( 'NONE',  ( 6.999999999999969802, 90.00000000000119371, 74.99999999999998579 ) ) ;
#1910 = ORIENTED_EDGE ( 'NONE', *, *, #5669, .F. ) ;
#1911 = FACE_OUTER_BOUND ( 'NONE', #7538, .T. ) ;
#1912 = ORIENTED_EDGE ( 'NONE', *, *, #5729, .T. ) ;
#1913 = CARTESIAN_POINT ( 'NONE',  ( 34.99999999999999289, 21.00000000000000355, 81.00000000000000000 ) ) ;
#1914 = DIRECTION ( 'NONE',  ( 0.000000000000000000, -0.000000000000000000, -1.000000000000000000 ) ) ;
#1915 = VECTOR ( 'NONE', #491, 1000.000000000000000 ) ;
#1916 = VECTOR ( 'NONE', #933, 1000.000000000000000 ) ;
#1917 = DIRECTION ( 'NONE',  ( 0.000000000000000000, 0.000000000000000000, 1.000000000000000000 ) ) ;
#1918 = DIRECTION ( 'NONE',  ( -0.000000000000000000, 0.000000000000000000, -1.000000000000000000 ) ) ;
#1920 = ORIENTED_EDGE ( 'NONE', *, *, #3669, .T. ) ;
#1919 = DIRECTION ( 'NONE',  ( -0.000000000000000000, 1.000000000000000000, 0.000000000000000000 ) ) ;
#1921 = ORIENTED_EDGE ( 'NONE', *, *, #2438, .T. ) ;
#1922 = FACE_OUTER_BOUND ( 'NONE', #2201, .T. ) ;
#1923 = EDGE_LOOP ( 'NONE', ( #1293, #1692, #861, #5191 ) ) ;
#1924 = ADVANCED_FACE ( 'NONE', ( #239 ), #6557, .F. ) ;
#1925 = AXIS2_PLACEMENT_3D ( 'NONE', #7506, #3808, #3029 ) ;
#1926 = ORIENTED_EDGE ( 'NONE', *, *, #5041, .F. ) ;
#1927 = DIRECTION ( 'NONE',  ( 0.000000000000000000, 0.000000000000000000, 1.000000000000000000 ) ) ;
#1928 = FACE_OUTER_BOUND ( 'NONE', #6129, .T. ) ;
#1929 = AXIS2_PLACEMENT_3D ( 'NONE', #6357, #7018, #4504 ) ;
#1930 = CARTESIAN_POINT ( 'NONE',  ( 12.00000000000001776, 115.0000000000011795, 90.00000000000000000 ) ) ;
#1931 = CARTESIAN_POINT ( 'NONE',  ( 35.00000000000000000, 37.00000000000000711, 4.900000000000000355 ) ) ;
#1932 = FACE_OUTER_BOUND ( 'NONE', #134, .T. ) ;
#1933 = FACE_BOUND ( 'NONE', #5154, .T. ) ;
#1934 = DIRECTION ( 'NONE',  ( -0.000000000000000000, -1.000000000000000000, -0.000000000000000000 ) ) ;
#1935 = VERTEX_POINT ( 'NONE', #7267 ) ;
#1936 = CARTESIAN_POINT ( 'NONE',  ( 30.00000000000000355, 34.13021325036270071, 81.00000000000000000 ) ) ;
#1937 = EDGE_CURVE ( 'NONE', #14, #844, #7574, .T. ) ;
#1938 = ADVANCED_FACE ( 'NONE', ( #4023 ), #2751, .F. ) ;
#1939 = DIRECTION ( 'NONE',  ( 0.000000000000000000, 0.000000000000000000, 1.000000000000000000 ) ) ;
#1940 = EDGE_CURVE ( 'NONE', #2933, #1432, #6650, .T. ) ;
#1941 = CARTESIAN_POINT ( 'NONE',  ( 3.000000000000000000, 145.0000000000000000, 13.00000000000000178 ) ) ;
#1942 = CARTESIAN_POINT ( 'NONE',  ( 12.00000000000000178, 118.0000000000011937, 3.000000000000000000 ) ) ;
#1943 = DIRECTION ( 'NONE',  ( -0.000000000000000000, 1.000000000000000000, -0.000000000000000000 ) ) ;
#1944 = EDGE_LOOP ( 'NONE', ( #6383, #6007, #675, #3274 ) ) ;
#1945 = DIRECTION ( 'NONE',  ( -0.000000000000000000, -0.000000000000000000, 1.000000000000000000 ) ) ;
#1946 = CARTESIAN_POINT ( 'NONE',  ( 60.00000000000001421, 90.00000000000119371, 78.00000000000001421 ) ) ;
#1947 = ORIENTED_EDGE ( 'NONE', *, *, #2481, .T. ) ;
#1948 = DIRECTION ( 'NONE',  ( 0.000000000000000000, 0.000000000000000000, 1.000000000000000000 ) ) ;
#1949 = VERTEX_POINT ( 'NONE', #3362 ) ;
#1950 = CARTESIAN_POINT ( 'NONE',  ( 3.000000000000000000, 139.9999999999999716, 86.59999999999999432 ) ) ;
#1951 = ADVANCED_FACE ( 'NONE', ( #7219 ), #5901, .F. ) ;
#1952 = FACE_BOUND ( 'NONE', #1871, .T. ) ;
#1953 = DIRECTION ( 'NONE',  ( 0.000000000000000000, 0.000000000000000000, 1.000000000000000000 ) ) ;
#1955 = VERTEX_POINT ( 'NONE', #7798 ) ;
#1954 = DIRECTION ( 'NONE',  ( -0.000000000000000000, 1.000000000000000000, -0.000000000000000000 ) ) ;
#1956 = ORIENTED_EDGE ( 'NONE', *, *, #1870, .F. ) ;
#1957 = PLANE ( 'NONE',  #2613 ) ;
#1958 = ORIENTED_EDGE ( 'NONE', *, *, #926, .T. ) ;
#1959 = ORIENTED_EDGE ( 'NONE', *, *, #1842, .T. ) ;
#1960 = DIRECTION ( 'NONE',  ( 0.000000000000000000, -1.000000000000000000, 0.000000000000000000 ) ) ;
#1961 = CARTESIAN_POINT ( 'NONE',  ( 3.000000000000000000, 139.9999999999999716, 8.000000000000000000 ) ) ;
#1962 = VECTOR ( 'NONE', #6026, 1000.000000000000000 ) ;
#1963 = CARTESIAN_POINT ( 'NONE',  ( 61.40999999999997527, 88.00000000000119371, 11.92158075373095905 ) ) ;
#1964 = LINE ( 'NONE', #1424, #5719 ) ;
#1965 = EDGE_CURVE ( 'NONE', #6606, #7084, #4677, .T. ) ;
#1966 = LINE ( 'NONE', #109, #1273 ) ;
#1967 = CARTESIAN_POINT ( 'NONE',  ( 34.99999999999999289, 61.00000000000000000, 15.00000000000000000 ) ) ;
#1968 = CARTESIAN_POINT ( 'NONE',  ( 16.99999999999999645, 116.0000000000011795, 11.23316150746190800 ) ) ;
#1969 = EDGE_LOOP ( 'NONE', ( #5875, #2255, #1651, #916 ) ) ;
#1970 = DIRECTION ( 'NONE',  ( -1.000000000000000000, 0.000000000000000000, 0.000000000000000000 ) ) ;
#1971 = EDGE_CURVE ( 'NONE', #7939, #301, #1645, .T. ) ;
#1972 = DIRECTION ( 'NONE',  ( -0.000000000000000000, 1.000000000000000000, -0.000000000000000000 ) ) ;
#1973 = CARTESIAN_POINT ( 'NONE',  ( 69.20999999999997954, 82.00000000000117950, 51.50000000000000000 ) ) ;
#1974 = DIRECTION ( 'NONE',  ( -1.000000000000000000, -0.000000000000000000, -0.000000000000000000 ) ) ;
#1975 = ADVANCED_FACE ( 'NONE', ( #977 ), #3437, .F. ) ;
#1976 = CARTESIAN_POINT ( 'NONE',  ( 61.99999999999999289, 145.0000000000000000, 80.00000000000000000 ) ) ;
#1977 = VERTEX_POINT ( 'NONE', #6521 ) ;
#1978 = CARTESIAN_POINT ( 'NONE',  ( 1.479345885546997419, 74.08261645781300331, 86.75451160487993718 ) ) ;
#1979 = LINE ( 'NONE', #7524, #6483 ) ;
#1980 = DIRECTION ( 'NONE',  ( -0.000000000000000000, -1.000000000000000000, -0.000000000000000000 ) ) ;
#1981 = VERTEX_POINT ( 'NONE', #4636 ) ;
#1982 = CARTESIAN_POINT ( 'NONE',  ( 34.99999999999999289, 21.00000000000000355, 88.09999999999999432 ) ) ;
#1984 = EDGE_LOOP ( 'NONE', ( #757, #3528, #917, #3060, #5011, #545, #3656, #717, #7709, #1833, #2032, #1199 ) ) ;
#1983 = EDGE_CURVE ( 'NONE', #7476, #4004, #7701, .T. ) ;
#1985 = FACE_OUTER_BOUND ( 'NONE', #7461, .T. ) ;
#1986 = ORIENTED_EDGE ( 'NONE', *, *, #3685, .F. ) ;
#1987 = CARTESIAN_POINT ( 'NONE',  ( 35.00000000000000000, 21.00000000000000355, 4.900000000000000355 ) ) ;
#1988 = DIRECTION ( 'NONE',  ( -0.8660254037844392627, 0.000000000000000000, 0.4999999999999987232 ) ) ;
#1989 = DIRECTION ( 'NONE',  ( 0.000000000000000000, 0.000000000000000000, -1.000000000000000000 ) ) ;
#1990 = VERTEX_POINT ( 'NONE', #1522 ) ;
#1991 = CARTESIAN_POINT ( 'NONE',  ( 50.19999999999999574, 116.0000000000011795, 83.38341924626902824 ) ) ;
#1992 = ORIENTED_EDGE ( 'NONE', *, *, #1698, .F. ) ;
#1993 = ADVANCED_FACE ( 'NONE', ( #358 ), #5361, .F. ) ;
#1994 = EDGE_CURVE ( 'NONE', #4939, #151, #2833, .T. ) ;
#1995 = ORIENTED_EDGE ( 'NONE', *, *, #5610, .F. ) ;
#1996 = CARTESIAN_POINT ( 'NONE',  ( 49.99999999999997868, 0.000000000000000000, 78.99999999999997158 ) ) ;
#1997 = DIRECTION ( 'NONE',  ( 1.000000000000000000, -0.000000000000000000, -0.000000000000000000 ) ) ;
#1998 = VECTOR ( 'NONE', #2747, 1000.000000000000000 ) ;
#1999 = CARTESIAN_POINT ( 'NONE',  ( 0.000000000000000000, 0.000000000000000000, 15.00000000000000000 ) ) ;
#2000 = CARTESIAN_POINT ( 'NONE',  ( 0.000000000000000000, 81.58800596674575445, 0.000000000000000000 ) ) ;
#2001 = CARTESIAN_POINT ( 'NONE',  ( -3.370319896183551767E-14, 85.00000000000110845, 46.50000000000000711 ) ) ;
#2002 = DIRECTION ( 'NONE',  ( 0.8660254037844382635, 0.000000000000000000, 0.5000000000000005551 ) ) ;
#2003 = DIRECTION ( 'NONE',  ( -0.000000000000000000, -0.000000000000000000, -1.000000000000000000 ) ) ;
#2004 = VECTOR ( 'NONE', #2709, 1000.000000000000000 ) ;
#2005 = EDGE_LOOP ( 'NONE', ( #1694, #5263, #3180, #5195, #3297, #7284 ) ) ;
#2006 = AXIS2_PLACEMENT_3D ( 'NONE', #5397, #2338, #4839 ) ;
#2007 = DIRECTION ( 'NONE',  ( -1.000000000000000000, -3.965082230804130713E-16, 6.162975822039158233E-31 ) ) ;
#2008 = DIRECTION ( 'NONE',  ( 1.000000000000000000, -0.000000000000000000, -0.000000000000000000 ) ) ;
#2009 = LINE ( 'NONE', #735, #963 ) ;
#2010 = DIRECTION ( 'NONE',  ( 0.000000000000000000, 0.000000000000000000, -1.000000000000000000 ) ) ;
#2011 = CIRCLE ( 'NONE', #3851, 1.599999999999988542 ) ;
#2012 = AXIS2_PLACEMENT_3D ( 'NONE', #651, #3159, #1509 ) ;
#2013 = DIRECTION ( 'NONE',  ( -1.000000000000000000, 0.000000000000000000, 0.000000000000000000 ) ) ;
#2014 = ORIENTED_EDGE ( 'NONE', *, *, #7180, .T. ) ;
#2015 = EDGE_CURVE ( 'NONE', #6805, #2364, #2251, .T. ) ;
#2016 = VECTOR ( 'NONE', #1208, 1000.000000000000000 ) ;
#2017 = VECTOR ( 'NONE', #5907, 1000.000000000000000 ) ;
#2018 = CARTESIAN_POINT ( 'NONE',  ( 2.706925117682665416, 69.17229952927030467, 83.47838843420940691 ) ) ;
#2019 = DIRECTION ( 'NONE',  ( -0.000000000000000000, 1.000000000000000000, -0.000000000000000000 ) ) ;
#2020 = AXIS2_PLACEMENT_3D ( 'NONE', #3217, #8070, #5678 ) ;
#2021 = VECTOR ( 'NONE', #3490, 1000.000000000000000 ) ;
#2022 = ORIENTED_EDGE ( 'NONE', *, *, #1541, .F. ) ;
#2023 = CARTESIAN_POINT ( 'NONE',  ( 2.990000000000003766, 88.00000000000119371, 84.31158075373095073 ) ) ;
#2024 = ORIENTED_EDGE ( 'NONE', *, *, #5784, .F. ) ;
#2025 = DIRECTION ( 'NONE',  ( -0.000000000000000000, -1.000000000000000000, -0.000000000000000000 ) ) ;
#2026 = CIRCLE ( 'NONE', #7400, 4.000000000000000000 ) ;
#2027 = LINE ( 'NONE', #2798, #1488 ) ;
#2028 = ADVANCED_FACE ( 'NONE', ( #7311, #6852 ), #5403, .T. ) ;
#2029 = EDGE_CURVE ( 'NONE', #195, #1074, #1674, .T. ) ;
#2030 = LINE ( 'NONE', #5797, #7797 ) ;
#2031 = CARTESIAN_POINT ( 'NONE',  ( 19.71966991411008863, 1.121320343559672139, 12.87867965644035806 ) ) ;
#2032 = ORIENTED_EDGE ( 'NONE', *, *, #6453, .F. ) ;
#2033 = CARTESIAN_POINT ( 'NONE',  ( 53.00000000000000711, 116.0000000000011795, 6.400000000000002132 ) ) ;
#2034 = VERTEX_POINT ( 'NONE', #1967 ) ;
#2035 = VECTOR ( 'NONE', #4153, 1000.000000000000000 ) ;
#2036 = ORIENTED_EDGE ( 'NONE', *, *, #5642, .F. ) ;
#2037 = VECTOR ( 'NONE', #6044, 1000.000000000000000 ) ;
#2038 = LINE ( 'NONE', #2152, #1090 ) ;
#2039 = LINE ( 'NONE', #6311, #7409 ) ;
#2040 = DIRECTION ( 'NONE',  ( 1.000000000000000000, 0.000000000000000000, 0.000000000000000000 ) ) ;
#2041 = DIRECTION ( 'NONE',  ( 3.043374519257558371E-17, 0.000000000000000000, 1.000000000000000000 ) ) ;
#2042 = DIRECTION ( 'NONE',  ( -0.000000000000000000, -0.000000000000000000, -1.000000000000000000 ) ) ;
#2043 = VECTOR ( 'NONE', #1098, 1000.000000000000000 ) ;
#2044 = EDGE_LOOP ( 'NONE', ( #4907, #932, #1359, #5328, #125, #7452, #5027, #7240 ) ) ;
#2045 = LINE ( 'NONE', #4507, #2527 ) ;
#2046 = ORIENTED_EDGE ( 'NONE', *, *, #6833, .F. ) ;
#2047 = FACE_OUTER_BOUND ( 'NONE', #3024, .T. ) ;
#2048 = AXIS2_PLACEMENT_3D ( 'NONE', #1480, #1599, #3397 ) ;
#2049 = VECTOR ( 'NONE', #6848, 1000.000000000000000 ) ;
#2050 = CARTESIAN_POINT ( 'NONE',  ( 6.999999999999969802, 82.00000000000117950, 18.00000000000001776 ) ) ;
#2051 = EDGE_CURVE ( 'NONE', #6958, #2083, #7826, .T. ) ;
#2052 = CARTESIAN_POINT ( 'NONE',  ( 61.40999999999997527, 88.00000000000119371, 8.688419246269049268 ) ) ;
#2053 = CARTESIAN_POINT ( 'NONE',  ( 2.257274024500782961, 70.97090390199784338, 8.626083599417082581 ) ) ;
#2054 = CARTESIAN_POINT ( 'NONE',  ( 27.75757575757566187, -31.03030303030304538, 47.96969696969693331 ) ) ;
#2055 = AXIS2_PLACEMENT_3D ( 'NONE', #4171, #7904, #7992 ) ;
#2056 = AXIS2_PLACEMENT_3D ( 'NONE', #633, #3104, #5603 ) ;
#2057 = VERTEX_POINT ( 'NONE', #2460 ) ;
#2058 = CARTESIAN_POINT ( 'NONE',  ( 4.193642122194278343, 63.22543151122375349, 81.59613293580301274 ) ) ;
#2059 = AXIS2_PLACEMENT_3D ( 'NONE', #4159, #2881, #6663 ) ;
#2060 = EDGE_CURVE ( 'NONE', #164, #6165, #3773, .T. ) ;
#2061 = DIRECTION ( 'NONE',  ( 0.000000000000000000, 1.000000000000000000, 0.000000000000000000 ) ) ;
#2062 = ADVANCED_FACE ( 'NONE', ( #4186 ), #3156, .F. ) ;
#2063 = VERTEX_POINT ( 'NONE', #5656 ) ;
#2064 = CARTESIAN_POINT ( 'NONE',  ( 46.05000000000000426, 21.00000000000000355, 4.900000000000000355 ) ) ;
#2065 = ORIENTED_EDGE ( 'NONE', *, *, #7196, .F. ) ;
#2066 = EDGE_LOOP ( 'NONE', ( #1263, #3549, #3169, #1255 ) ) ;
#2067 = VECTOR ( 'NONE', #2097, 1000.000000000000227 ) ;
#2068 = EDGE_CURVE ( 'NONE', #1701, #151, #1184, .T. ) ;
#2069 = CARTESIAN_POINT ( 'NONE',  ( 64.20999999999999375, 88.00000000000119371, 10.30500000000000149 ) ) ;
#2070 = DIRECTION ( 'NONE',  ( 1.000000000000000000, 0.000000000000000000, 0.000000000000000000 ) ) ;
#2071 = DIRECTION ( 'NONE',  ( 1.000000000000000000, 0.000000000000000000, 1.734723475976807094E-15 ) ) ;
#2072 = ORIENTED_EDGE ( 'NONE', *, *, #1270, .F. ) ;
#2073 = LINE ( 'NONE', #3839, #7983 ) ;
#2074 = ORIENTED_EDGE ( 'NONE', *, *, #812, .F. ) ;
#2075 = VERTEX_POINT ( 'NONE', #6023 ) ;
#2076 = CARTESIAN_POINT ( 'NONE',  ( 17.00000000000000000, 115.0000000000011795, 8.000000000000000000 ) ) ;
#2077 = CARTESIAN_POINT ( 'NONE',  ( 67.01000000000000512, 90.00000000000119371, 8.688419246269049268 ) ) ;
#2079 = VERTEX_POINT ( 'NONE', #27 ) ;
#2078 = CARTESIAN_POINT ( 'NONE',  ( 23.94999999999999929, 21.00000000000000355, 88.09999999999999432 ) ) ;
#2080 = CARTESIAN_POINT ( 'NONE',  ( 34.99999999999999289, 21.00000000000000355, 81.00000000000000000 ) ) ;
#2081 = DIRECTION ( 'NONE',  ( 1.000000000000000000, 0.000000000000000000, 0.000000000000000000 ) ) ;
#2082 = ORIENTED_EDGE ( 'NONE', *, *, #7498, .F. ) ;
#2083 = VERTEX_POINT ( 'NONE', #5697 ) ;
#2084 = ADVANCED_FACE ( 'NONE', ( #1313 ), #3118, .T. ) ;
#2085 = CARTESIAN_POINT ( 'NONE',  ( 3.000000000000000000, 145.0000000000000000, 3.000000000000000000 ) ) ;
#2086 = AXIS2_PLACEMENT_3D ( 'NONE', #6345, #715, #3222 ) ;
#2087 = DIRECTION ( 'NONE',  ( 0.000000000000000000, 0.000000000000000000, -1.000000000000000000 ) ) ;
#2088 = EDGE_CURVE ( 'NONE', #6958, #1383, #8124, .T. ) ;
#2089 = DIRECTION ( 'NONE',  ( 1.000000000000000000, 0.000000000000000000, 0.000000000000000000 ) ) ;
#2090 = CARTESIAN_POINT ( 'NONE',  ( 4.197925685169784593, 63.20829725932169652, 11.40722806123731026 ) ) ;
#2091 = DIRECTION ( 'NONE',  ( -0.000000000000000000, 1.000000000000000000, -0.000000000000000000 ) ) ;
#2092 = AXIS2_PLACEMENT_3D ( 'NONE', #3524, #3985, #7270 ) ;
#2093 = ORIENTED_EDGE ( 'NONE', *, *, #479, .T. ) ;
#2094 = EDGE_CURVE ( 'NONE', #1652, #4653, #6898, .T. ) ;
#2095 = ORIENTED_EDGE ( 'NONE', *, *, #1430, .T. ) ;
#2096 = PLANE ( 'NONE',  #960 ) ;
#2097 = DIRECTION ( 'NONE',  ( 0.8660254037844383745, 0.000000000000000000, -0.5000000000000003331 ) ) ;
#2098 = ORIENTED_EDGE ( 'NONE', *, *, #4791, .T. ) ;
#2099 = CARTESIAN_POINT ( 'NONE',  ( 34.99999999999999289, 21.00000000000000355, 77.00000000000000000 ) ) ;
#2100 = ORIENTED_EDGE ( 'NONE', *, *, #7209, .F. ) ;
#2101 = DIRECTION ( 'NONE',  ( -0.000000000000000000, -0.000000000000000000, 1.000000000000000000 ) ) ;
#2102 = VERTEX_POINT ( 'NONE', #6185 ) ;
#2103 = DIRECTION ( 'NONE',  ( 0.000000000000000000, -1.000000000000000000, 0.000000000000000000 ) ) ;
#2104 = B_SPLINE_CURVE_WITH_KNOTS ( 'NONE', 3,
 ( #1688, #976, #2832, #7350, #4842, #6022, #4145, #3436, #4184, #435, #7388, #2341, #2952, #3560, #1724, #1597, #4219, #6731, #2380, #5940, #3481, #1104, #1771, #2867, #390, #481, #2996, #318, #4265, #5322, #3520 ),
 .UNSPECIFIED., .F., .F.,
 ( 4, 1, 1, 2, 2, 1, 1, 1, 1, 1, 1, 2, 2, 1, 1, 1, 1, 1, 1, 2, 2, 1, 4 ),
 ( 0.000000000000000000, 0.2164057263220575122, 0.2434564421123152356, 0.2468377815860972324, 0.2502191210598792570, 0.2569818000074418074, 0.2705071579025665751, 0.3246085894830657015, 0.4328114526440658416, 0.4869128842245650235, 0.4936755631721271853, 0.4970569026459072948, 0.5004382421196874597, 0.5139636000148055661, 0.5410143158050398915, 0.6492171789659739733, 0.7033186105464417359, 0.7303693263366755062, 0.7438946842317917252, 0.7472760237055705579, 0.7506573631793493906, 0.7574200421269083883, 0.8656229052878552377 ),
 .UNSPECIFIED. ) ;
#2105 = LINE ( 'NONE', #329, #7676 ) ;
#2106 = DIRECTION ( 'NONE',  ( -1.000000000000000000, -0.000000000000000000, -0.000000000000000000 ) ) ;
#2107 = EDGE_LOOP ( 'NONE', ( #2208, #2188, #6880, #3148 ) ) ;
#2108 = DIRECTION ( 'NONE',  ( 0.000000000000000000, 0.000000000000000000, 1.000000000000000000 ) ) ;
#2109 = EDGE_LOOP ( 'NONE', ( #6034, #6888, #6828, #1654 ) ) ;
#2110 = EDGE_CURVE ( 'NONE', #569, #1550, #1348, .T. ) ;
#2111 = ORIENTED_EDGE ( 'NONE', *, *, #92, .T. ) ;
#2112 = LINE ( 'NONE', #837, #3575 ) ;
#2113 = LINE ( 'NONE', #4612, #5563 ) ;
#2114 = CARTESIAN_POINT ( 'NONE',  ( 0.000000000000000000, 80.00000000000109424, 15.00000000000000000 ) ) ;
#2115 = VERTEX_POINT ( 'NONE', #4962 ) ;
#2116 = DIRECTION ( 'NONE',  ( 1.000000000000000000, 0.000000000000000000, 0.000000000000000000 ) ) ;
#2117 = ORIENTED_EDGE ( 'NONE', *, *, #1965, .F. ) ;
#2118 = VERTEX_POINT ( 'NONE', #2501 ) ;
#2119 = VECTOR ( 'NONE', #7260, 1000.000000000000000 ) ;
#2120 = DIRECTION ( 'NONE',  ( 0.000000000000000000, 1.000000000000000000, -0.000000000000000000 ) ) ;
#2121 = CARTESIAN_POINT ( 'NONE',  ( 35.00000000000000000, 21.00000000000000355, 4.900000000000000355 ) ) ;
#2122 = EDGE_CURVE ( 'NONE', #469, #1802, #2543, .T. ) ;
#2123 = CARTESIAN_POINT ( 'NONE',  ( 5.749999999999907629, 57.00000000000114397, 81.00000000000000000 ) ) ;
#2124 = CARTESIAN_POINT ( 'NONE',  ( 2.649070355581976788, 69.40371857767303254, 9.413876531451133900 ) ) ;
#2125 = EDGE_CURVE ( 'NONE', #4455, #4008, #1800, .T. ) ;
#2126 = ADVANCED_FACE ( 'NONE', ( #1933, #5570 ), #4427, .T. ) ;
#2127 = SURFACE_STYLE_FILL_AREA ( #885 ) ;
#2128 = AXIS2_PLACEMENT_3D ( 'NONE', #5337, #7854, #7815 ) ;
#2129 = CARTESIAN_POINT ( 'NONE',  ( 0.7899999999999964828, 82.00000000000117950, 4.527864045000350224 ) ) ;
#2130 = ORIENTED_EDGE ( 'NONE', *, *, #5178, .F. ) ;
#2131 = ORIENTED_EDGE ( 'NONE', *, *, #7067, .F. ) ;
#2132 = VECTOR ( 'NONE', #190, 1000.000000000000000 ) ;
#2133 = LINE ( 'NONE', #4674, #816 ) ;
#2134 = DIRECTION ( 'NONE',  ( -0.000000000000000000, 1.000000000000000000, -0.000000000000000000 ) ) ;
#2135 = ADVANCED_FACE ( 'NONE', ( #3810 ), #4342, .F. ) ;
#2136 = ORIENTED_EDGE ( 'NONE', *, *, #3372, .F. ) ;
#2137 = FACE_OUTER_BOUND ( 'NONE', #536, .T. ) ;
#2138 = AXIS2_PLACEMENT_3D ( 'NONE', #5847, #1500, #2809 ) ;
#2139 = VERTEX_POINT ( 'NONE', #7508 ) ;
#2140 = DIRECTION ( 'NONE',  ( -0.000000000000000000, -0.000000000000000000, 1.000000000000000000 ) ) ;
#2141 = DIRECTION ( 'NONE',  ( -0.000000000000000000, 1.000000000000000000, -0.000000000000000000 ) ) ;
#2142 = VECTOR ( 'NONE', #864, 1000.000000000000000 ) ;
#2143 = DIRECTION ( 'NONE',  ( -0.000000000000000000, -0.000000000000000000, 1.000000000000000000 ) ) ;
#2144 = AXIS2_PLACEMENT_3D ( 'NONE', #1732, #4812, #6202 ) ;
#2145 = CARTESIAN_POINT ( 'NONE',  ( 55.79999999999998295, 116.0000000000011795, 6.383419246269050440 ) ) ;
#2146 = CARTESIAN_POINT ( 'NONE',  ( 11.99999999999996803, 83.40000000000109992, 46.50000000000000711 ) ) ;
#2147 = VERTEX_POINT ( 'NONE', #5150 ) ;
#2148 = DIRECTION ( 'NONE',  ( -0.000000000000000000, 0.000000000000000000, 1.000000000000000000 ) ) ;
#2149 = EDGE_LOOP ( 'NONE', ( #6987, #5619, #15, #4415 ) ) ;
#2150 = VECTOR ( 'NONE', #79, 1000.000000000000000 ) ;
#2151 = ORIENTED_EDGE ( 'NONE', *, *, #7639, .T. ) ;
#2152 = CARTESIAN_POINT ( 'NONE',  ( 58.00000000000000000, 115.0000000000011795, 3.000000000000000000 ) ) ;
#2153 = FACE_BOUND ( 'NONE', #6271, .T. ) ;
#2154 = LINE ( 'NONE', #4204, #7040 ) ;
#2155 = VECTOR ( 'NONE', #762, 1000.000000000000000 ) ;
#2156 = ORIENTED_EDGE ( 'NONE', *, *, #5686, .F. ) ;
#2157 = EDGE_CURVE ( 'NONE', #1895, #6196, #3850, .T. ) ;
#2158 = EDGE_LOOP ( 'NONE', ( #4237, #2714, #3750, #5561 ) ) ;
#2159 = EDGE_CURVE ( 'NONE', #2339, #8011, #4010, .T. ) ;
#2160 = AXIS2_PLACEMENT_3D ( 'NONE', #7804, #7109, #7272 ) ;
#2161 = ORIENTED_EDGE ( 'NONE', *, *, #5178, .T. ) ;
#2162 = AXIS2_PLACEMENT_3D ( 'NONE', #1334, #1918, #589 ) ;
#2163 = CARTESIAN_POINT ( 'NONE',  ( 31.00000000000000000, 21.00000000000000355, 13.79999999999999893 ) ) ;
#2164 = DIRECTION ( 'NONE',  ( 1.000000000000000000, 0.000000000000000000, -0.000000000000000000 ) ) ;
#2165 = CARTESIAN_POINT ( 'NONE',  ( 69.03074897015221723, 88.49231275746308256, 41.50000000000000000 ) ) ;
#2166 = VECTOR ( 'NONE', #7972, 1000.000000000000000 ) ;
#2167 = DIRECTION ( 'NONE',  ( -0.000000000000000000, -0.000000000000000000, -1.000000000000000000 ) ) ;
#2168 =( GEOMETRIC_REPRESENTATION_CONTEXT ( 3 ) GLOBAL_UNCERTAINTY_ASSIGNED_CONTEXT ( ( #2973 ) ) GLOBAL_UNIT_ASSIGNED_CONTEXT ( ( #1197, #7445, #2513 ) ) REPRESENTATION_CONTEXT ( 'NONE', 'WORKASPACE' ) );
#2169 = ORIENTED_EDGE ( 'NONE', *, *, #4821, .T. ) ;
#2170 = ADVANCED_FACE ( 'NONE', ( #877 ), #3893, .F. ) ;
#2171 = AXIS2_PLACEMENT_3D ( 'NONE', #7961, #4746, #7341 ) ;
#2172 = ADVANCED_FACE ( 'NONE', ( #5260 ), #1427, .F. ) ;
#2173 = CYLINDRICAL_SURFACE ( 'NONE', #692, 14.05000000000000071 ) ;
#2174 = CIRCLE ( 'NONE', #6500, 2.999999999999992450 ) ;
#2175 = CARTESIAN_POINT ( 'NONE',  ( 61.40999999999998238, 88.00000000000119371, 84.31158075373093652 ) ) ;
#2176 = VECTOR ( 'NONE', #1460, 1000.000000000000114 ) ;
#2177 = ORIENTED_EDGE ( 'NONE', *, *, #7391, .F. ) ;
#2178 = DIRECTION ( 'NONE',  ( -0.000000000000000000, 1.000000000000000000, -0.000000000000000000 ) ) ;
#2179 = VERTEX_POINT ( 'NONE', #2701 ) ;
#2180 = FACE_OUTER_BOUND ( 'NONE', #3652, .T. ) ;
#2181 = ORIENTED_EDGE ( 'NONE', *, *, #1129, .T. ) ;
#2182 = CIRCLE ( 'NONE', #1805, 2.000000000000001776 ) ;
#2183 = LINE ( 'NONE', #281, #3073 ) ;
#2184 = EDGE_LOOP ( 'NONE', ( #3961, #5825, #7484, #5904, #6178, #3641 ) ) ;
#2185 = CARTESIAN_POINT ( 'NONE',  ( 57.99999999999999289, 115.0000000000011795, 90.00000000000000000 ) ) ;
#2186 = CARTESIAN_POINT ( 'NONE',  ( 3.000000000000000000, 145.0000000000000000, 80.00000000000000000 ) ) ;
#2187 = PLANE ( 'NONE',  #5318 ) ;
#2188 = ORIENTED_EDGE ( 'NONE', *, *, #7237, .F. ) ;
#2189 = DIRECTION ( 'NONE',  ( -0.000000000000000000, 1.000000000000000000, -0.000000000000000000 ) ) ;
#2190 = AXIS2_PLACEMENT_3D ( 'NONE', #7146, #1024, #4056 ) ;
#2191 = ORIENTED_EDGE ( 'NONE', *, *, #6203, .F. ) ;
#2192 = DIRECTION ( 'NONE',  ( 0.000000000000000000, -1.000000000000000000, 0.000000000000000000 ) ) ;
#2193 = EDGE_CURVE ( 'NONE', #4787, #2079, #1403, .T. ) ;
#2194 = VERTEX_POINT ( 'NONE', #3234 ) ;
#2195 = CARTESIAN_POINT ( 'NONE',  ( 59.20999999999999375, 82.00000000000117950, 4.527864045000375093 ) ) ;
#2196 = FACE_OUTER_BOUND ( 'NONE', #6563, .T. ) ;
#2197 = LINE ( 'NONE', #7859, #3352 ) ;
#2198 = ORIENTED_EDGE ( 'NONE', *, *, #5626, .T. ) ;
#2199 = CARTESIAN_POINT ( 'NONE',  ( 22.75000000000001066, 41.00000000000001421, 13.00000000000000178 ) ) ;
#2200 = ORIENTED_EDGE ( 'NONE', *, *, #6491, .F. ) ;
#2201 = EDGE_LOOP ( 'NONE', ( #4740, #181, #8108, #3003 ) ) ;
#2202 = LINE ( 'NONE', #5155, #2265 ) ;
#2203 = CARTESIAN_POINT ( 'NONE',  ( 67.01000000000000512, 90.00000000000119371, 11.92158075373095372 ) ) ;
#2204 = LINE ( 'NONE', #1469, #1239 ) ;
#2205 = DIRECTION ( 'NONE',  ( -0.8660254037844384856, 0.000000000000000000, 0.5000000000000002220 ) ) ;
#2206 = DIRECTION ( 'NONE',  ( 0.000000000000000000, 0.000000000000000000, 1.000000000000000000 ) ) ;
#2207 = CARTESIAN_POINT ( 'NONE',  ( 47.65767078078673080, 3.000000000000000000, 13.99999999999999822 ) ) ;
#2208 = ORIENTED_EDGE ( 'NONE', *, *, #1730, .T. ) ;
#2209 = VECTOR ( 'NONE', #2267, 1000.000000000000114 ) ;
#2210 = ADVANCED_FACE ( 'NONE', ( #728 ), #110, .F. ) ;
#2211 = FACE_OUTER_BOUND ( 'NONE', #4140, .T. ) ;
#2212 = CYLINDRICAL_SURFACE ( 'NONE', #1749, 1.599999999999997202 ) ;
#2213 = VECTOR ( 'NONE', #7757, 1000.000000000000000 ) ;
#2214 = CARTESIAN_POINT ( 'NONE',  ( 0.000000000000000000, 0.000000000000000000, 14.00000000000003020 ) ) ;
#2215 = ORIENTED_EDGE ( 'NONE', *, *, #7911, .F. ) ;
#2216 = CARTESIAN_POINT ( 'NONE',  ( 30.00000000000000355, 34.13021325036270071, 81.00000000000000000 ) ) ;
#2217 = ORIENTED_EDGE ( 'NONE', *, *, #3263, .F. ) ;
#2218 = CARTESIAN_POINT ( 'NONE',  ( 6.999999999999968914, 90.00000000000109424, 51.50000000000000000 ) ) ;
#2219 = ORIENTED_EDGE ( 'NONE', *, *, #5388, .T. ) ;
#2220 = DIRECTION ( 'NONE',  ( -1.000000000000000000, -3.965082230804129727E-16, 0.000000000000000000 ) ) ;
#2221 = ORIENTED_EDGE ( 'NONE', *, *, #3251, .F. ) ;
#2222 = CARTESIAN_POINT ( 'NONE',  ( 3.000000000000001332, 134.9999999999999716, 3.000000000000000000 ) ) ;
#2223 = DIRECTION ( 'NONE',  ( 1.000000000000000000, 0.000000000000000000, -0.000000000000000000 ) ) ;
#2224 = CARTESIAN_POINT ( 'NONE',  ( 0.000000000000000000, 3.000000000000000000, 15.00000000000000000 ) ) ;
#2225 = ADVANCED_FACE ( 'NONE', ( #7706 ), #7742, .F. ) ;
#2226 = ORIENTED_EDGE ( 'NONE', *, *, #6486, .F. ) ;
#2227 = DIRECTION ( 'NONE',  ( 0.000000000000000000, -0.000000000000000000, -1.000000000000000000 ) ) ;
#2228 = EDGE_CURVE ( 'NONE', #4353, #7416, #171, .T. ) ;
#2229 = VERTEX_POINT ( 'NONE', #7055 ) ;
#2230 = LINE ( 'NONE', #4693, #3707 ) ;
#2231 = ORIENTED_EDGE ( 'NONE', *, *, #5039, .T. ) ;
#2232 = CARTESIAN_POINT ( 'NONE',  ( 0.000000000000000000, 3.242640687119317633, 78.00000000000000000 ) ) ;
#2233 = CARTESIAN_POINT ( 'NONE',  ( 22.00000000000002132, 118.0000000000011937, 80.00000000000000000 ) ) ;
#2235 = ORIENTED_EDGE ( 'NONE', *, *, #6621, .T. ) ;
#2234 = DIRECTION ( 'NONE',  ( 0.8660254037844380415, 0.000000000000000000, -0.5000000000000013323 ) ) ;
#2236 = ORIENTED_EDGE ( 'NONE', *, *, #7105, .F. ) ;
#2237 = CARTESIAN_POINT ( 'NONE',  ( 19.80000000000000071, 115.0000000000011795, 6.383419246269044223 ) ) ;
#2238 = ORIENTED_EDGE ( 'NONE', *, *, #2796, .T. ) ;
#2239 = EDGE_CURVE ( 'NONE', #3087, #714, #5718, .T. ) ;
#2240 = ORIENTED_EDGE ( 'NONE', *, *, #941, .T. ) ;
#2241 = PLANE ( 'NONE',  #3852 ) ;
#2242 = LINE ( 'NONE', #6476, #3433 ) ;
#2243 = CARTESIAN_POINT ( 'NONE',  ( 55.79999999999998295, 115.0000000000011795, 6.383419246269050440 ) ) ;
#2244 = CARTESIAN_POINT ( 'NONE',  ( 0.000000000000000000, 86.00000000000110845, 83.99999999999998579 ) ) ;
#2245 = DIRECTION ( 'NONE',  ( -0.000000000000000000, 0.000000000000000000, 1.000000000000000000 ) ) ;
#2246 = CARTESIAN_POINT ( 'NONE',  ( 43.75000000000000711, 41.00000000000001421, 13.00000000000000178 ) ) ;
#2247 = EDGE_LOOP ( 'NONE', ( #6659, #6648 ) ) ;
#2248 = PLANE ( 'NONE',  #7781 ) ;
#2249 = CARTESIAN_POINT ( 'NONE',  ( 47.24999999999998579, 41.00000000000001421, 13.00000000000000178 ) ) ;
#2250 = AXIS2_PLACEMENT_3D ( 'NONE', #334, #2805, #4820 ) ;
#2251 = LINE ( 'NONE', #4146, #2462 ) ;
#2252 = ORIENTED_EDGE ( 'NONE', *, *, #3771, .T. ) ;
#2253 = DIRECTION ( 'NONE',  ( -1.000000000000000000, 0.000000000000000000, 0.000000000000000000 ) ) ;
#2254 = EDGE_CURVE ( 'NONE', #2034, #4808, #3098, .T. ) ;
#2255 = ORIENTED_EDGE ( 'NONE', *, *, #1698, .T. ) ;
#2256 = PLANE ( 'NONE',  #2160 ) ;
#2257 = VERTEX_POINT ( 'NONE', #7126 ) ;
#2258 = FACE_OUTER_BOUND ( 'NONE', #2877, .T. ) ;
#2259 = ORIENTED_EDGE ( 'NONE', *, *, #6242, .F. ) ;
#2260 = CARTESIAN_POINT ( 'NONE',  ( 59.21000000000000796, 82.00000000000117950, 15.00000000000000533 ) ) ;
#2261 = FACE_OUTER_BOUND ( 'NONE', #5773, .T. ) ;
#2262 = ADVANCED_FACE ( 'NONE', ( #7089 ), #2656, .F. ) ;
#2263 = LINE ( 'NONE', #1536, #7695 ) ;
#2264 = AXIS2_PLACEMENT_3D ( 'NONE', #5613, #4995, #3266 ) ;
#2265 = VECTOR ( 'NONE', #5196, 1000.000000000000000 ) ;
#2266 = ORIENTED_EDGE ( 'NONE', *, *, #7180, .F. ) ;
#2267 = DIRECTION ( 'NONE',  ( -0.8660254037844384856, 0.000000000000000000, 0.5000000000000002220 ) ) ;
#2268 = ORIENTED_EDGE ( 'NONE', *, *, #2457, .T. ) ;
#2269 = CARTESIAN_POINT ( 'NONE',  ( 14.20000000000001528, 116.0000000000011795, 83.38341924626902824 ) ) ;
#2270 = EDGE_CURVE ( 'NONE', #3280, #2392, #7039, .T. ) ;
#2271 = EDGE_CURVE ( 'NONE', #4993, #5992, #466, .T. ) ;
#2272 = EDGE_CURVE ( 'NONE', #5019, #6165, #82, .T. ) ;
#2273 = AXIS2_PLACEMENT_3D ( 'NONE', #3619, #1609, #2917 ) ;
#2274 = EDGE_CURVE ( 'NONE', #5546, #7865, #2174, .T. ) ;
#2275 = AXIS2_PLACEMENT_3D ( 'NONE', #8099, #4192, #3089 ) ;
#2276 = EDGE_CURVE ( 'NONE', #7439, #7366, #3346, .T. ) ;
#2277 = VERTEX_POINT ( 'NONE', #3591 ) ;
#2278 = PLANE ( 'NONE',  #7779 ) ;
#2279 = DIRECTION ( 'NONE',  ( 0.000000000000000000, 0.000000000000000000, 1.000000000000000000 ) ) ;
#2281 = ORIENTED_EDGE ( 'NONE', *, *, #1627, .T. ) ;
#2280 = DIRECTION ( 'NONE',  ( -0.000000000000000000, -0.000000000000000000, -1.000000000000000000 ) ) ;
#2282 = EDGE_LOOP ( 'NONE', ( #8017, #3016, #2359, #1518 ) ) ;
#2283 = CARTESIAN_POINT ( 'NONE',  ( 49.05000000000000426, 21.00000000000000355, 4.900000000000000355 ) ) ;
#2284 = CIRCLE ( 'NONE', #6878, 1.649999999999998579 ) ;
#2285 = ORIENTED_EDGE ( 'NONE', *, *, #7182, .F. ) ;
#2286 = AXIS2_PLACEMENT_3D ( 'NONE', #6602, #1643, #974 ) ;
#2287 = CARTESIAN_POINT ( 'NONE',  ( 63.00000000000000000, 80.00000000000112266, 51.50000000000000000 ) ) ;
#2288 = AXIS2_PLACEMENT_3D ( 'NONE', #3018, #4203, #1083 ) ;
#2289 = CARTESIAN_POINT ( 'NONE',  ( 35.00000000000000000, 21.00000000000000355, 12.00000000000000000 ) ) ;
#2290 = DIRECTION ( 'NONE',  ( -0.000000000000000000, -0.000000000000000000, -1.000000000000000000 ) ) ;
#2291 = CARTESIAN_POINT ( 'NONE',  ( 67.01000000000001933, 88.00000000000119371, 81.07841924626904984 ) ) ;
#2292 = LINE ( 'NONE', #1516, #4528 ) ;
#2293 = VECTOR ( 'NONE', #3912, 1000.000000000000000 ) ;
#2294 = LINE ( 'NONE', #1721, #1733 ) ;
#2295 = VECTOR ( 'NONE', #7764, 1000.000000000000114 ) ;
#2296 = ORIENTED_EDGE ( 'NONE', *, *, #5485, .T. ) ;
#2297 = EDGE_CURVE ( 'NONE', #4618, #7199, #1547, .T. ) ;
#2298 = AXIS2_PLACEMENT_3D ( 'NONE', #6184, #4998, #1886 ) ;
#2299 = CARTESIAN_POINT ( 'NONE',  ( 20.00000000000000355, 0.000000000000000000, 12.00000000000000000 ) ) ;
#2300 = CARTESIAN_POINT ( 'NONE',  ( 22.00000000000002132, 115.0000000000011795, 80.00000000000000000 ) ) ;
#2301 = DIRECTION ( 'NONE',  ( -1.000000000000000000, 0.000000000000000000, 0.000000000000000000 ) ) ;
#2302 = VERTEX_POINT ( 'NONE', #2283 ) ;
#2303 = DIRECTION ( 'NONE',  ( 0.000000000000000000, 0.000000000000000000, 1.000000000000000000 ) ) ;
#2304 = CIRCLE ( 'NONE', #2577, 11.05000000000000426 ) ;
#2305 = VERTEX_POINT ( 'NONE', #4828 ) ;
#2306 = CARTESIAN_POINT ( 'NONE',  ( 69.04745200317589138, 76.19508527667797182, 89.62986577060725324 ) ) ;
#2307 = VERTEX_POINT ( 'NONE', #2199 ) ;
#2308 = CARTESIAN_POINT ( 'NONE',  ( 1.836970198721030378E-15, 134.9999999999999716, 13.00000000000000178 ) ) ;
#2309 = VECTOR ( 'NONE', #6582, 1000.000000000000000 ) ;
#2310 = VECTOR ( 'NONE', #2990, 1000.000000000000000 ) ;
#2311 = CARTESIAN_POINT ( 'NONE',  ( 60.00000000000002842, 90.00000000000119371, 75.00000000000001421 ) ) ;
#2312 = EDGE_CURVE ( 'NONE', #7927, #5, #5475, .T. ) ;
#2313 = CARTESIAN_POINT ( 'NONE',  ( 50.19999999999999574, 116.0000000000011795, 83.38341924626902824 ) ) ;
#2314 = CARTESIAN_POINT ( 'NONE',  ( 34.99999999999999289, 37.00000000000000711, 88.09999999999999432 ) ) ;
#2315 = VERTEX_POINT ( 'NONE', #342 ) ;
#2316 = DIRECTION ( 'NONE',  ( -1.000000000000000000, 0.000000000000000000, -0.000000000000000000 ) ) ;
#2317 = VERTEX_POINT ( 'NONE', #6544 ) ;
#2318 = CARTESIAN_POINT ( 'NONE',  ( 2.989999999999994440, 88.00000000000119371, 8.688419246269045715 ) ) ;
#2319 = CIRCLE ( 'NONE', #6918, 1.599999999999988542 ) ;
#2320 = EDGE_CURVE ( 'NONE', #6711, #3765, #3351, .T. ) ;
#2321 = EDGE_LOOP ( 'NONE', ( #7046, #961 ) ) ;
#2322 = EDGE_CURVE ( 'NONE', #1031, #3648, #2707, .T. ) ;
#2323 = PLANE ( 'NONE',  #1232 ) ;
#2324 = CARTESIAN_POINT ( 'NONE',  ( 43.75000000000000711, 41.00000000000001421, 12.00000000000000000 ) ) ;
#2325 = CIRCLE ( 'NONE', #471, 14.05000000000000071 ) ;
#2327 = VERTEX_POINT ( 'NONE', #3419 ) ;
#2326 = CARTESIAN_POINT ( 'NONE',  ( 12.00000000000001776, 118.0000000000011937, 80.00000000000000000 ) ) ;
#2328 = VERTEX_POINT ( 'NONE', #7862 ) ;
#2329 = CARTESIAN_POINT ( 'NONE',  ( 10.78999999999999737, 82.00000000000117950, 3.000000000000002665 ) ) ;
#2330 = ORIENTED_EDGE ( 'NONE', *, *, #4020, .F. ) ;
#2331 = AXIS2_PLACEMENT_3D ( 'NONE', #1276, #1689, #4466 ) ;
#2332 = CYLINDRICAL_SURFACE ( 'NONE', #697, 1.600000000000004086 ) ;
#2333 = CARTESIAN_POINT ( 'NONE',  ( 69.20999999999999375, 90.00000000000117950, 3.000000000000002665 ) ) ;
#2334 = CARTESIAN_POINT ( 'NONE',  ( 3.000000000000000000, 144.5825756949558354, 90.00000000000000000 ) ) ;
#2335 = CARTESIAN_POINT ( 'NONE',  ( 20.94999999999999218, 21.00000000000000355, 88.09999999999999432 ) ) ;
#2336 = DIRECTION ( 'NONE',  ( 0.000000000000000000, 0.000000000000000000, 1.000000000000000000 ) ) ;
#2337 = EDGE_CURVE ( 'NONE', #6713, #4860, #3108, .T. ) ;
#2338 = DIRECTION ( 'NONE',  ( -0.000000000000000000, -1.000000000000000000, -0.000000000000000000 ) ) ;
#2339 = VERTEX_POINT ( 'NONE', #7248 ) ;
#2340 = DIRECTION ( 'NONE',  ( -0.4999999999999996669, 0.000000000000000000, -0.8660254037844388186 ) ) ;
#2341 = CARTESIAN_POINT ( 'NONE',  ( 66.84245778324044807, 67.36983113296294334, 10.29234926303814746 ) ) ;
#2342 = EDGE_LOOP ( 'NONE', ( #1150, #5126, #4026, #7668 ) ) ;
#2343 = CARTESIAN_POINT ( 'NONE',  ( 8.590000000000001634, 88.00000000000119371, 11.92158075373095372 ) ) ;
#2344 = ORIENTED_EDGE ( 'NONE', *, *, #6156, .T. ) ;
#2345 = EDGE_CURVE ( 'NONE', #843, #6830, #6049, .T. ) ;
#2346 = FACE_OUTER_BOUND ( 'NONE', #2044, .T. ) ;
#2347 = ORIENTED_EDGE ( 'NONE', *, *, #3027, .F. ) ;
#2348 = ORIENTED_EDGE ( 'NONE', *, *, #400, .T. ) ;
#2349 = FACE_OUTER_BOUND ( 'NONE', #3705, .T. ) ;
#2350 = VECTOR ( 'NONE', #7840, 1000.000000000000000 ) ;
#2351 = FACE_OUTER_BOUND ( 'NONE', #7853, .T. ) ;
#2352 = CARTESIAN_POINT ( 'NONE',  ( 4.171579495429374340, 76.17542139760718101, 51.50000000000000711 ) ) ;
#2353 = CARTESIAN_POINT ( 'NONE',  ( 63.20000000000000284, 139.9999999999999716, 84.99999999999998579 ) ) ;
#2354 = ORIENTED_EDGE ( 'NONE', *, *, #6566, .F. ) ;
#2355 = LINE ( 'NONE', #6829, #5757 ) ;
#2356 = VERTEX_POINT ( 'NONE', #1584 ) ;
#2357 = CARTESIAN_POINT ( 'NONE',  ( 6.999999999999970690, 86.60000000000110276, 46.50000000000000711 ) ) ;
#2358 = AXIS2_PLACEMENT_3D ( 'NONE', #3326, #2562, #5792 ) ;
#2359 = ORIENTED_EDGE ( 'NONE', *, *, #3131, .F. ) ;
#2360 = CARTESIAN_POINT ( 'NONE',  ( 52.99999999999997158, 116.0000000000011795, 81.76683849253807068 ) ) ;
#2361 = DIRECTION ( 'NONE',  ( -0.000000000000000000, 1.000000000000000000, -0.000000000000000000 ) ) ;
#2363 = ORIENTED_EDGE ( 'NONE', *, *, #7024, .F. ) ;
#2362 = FACE_OUTER_BOUND ( 'NONE', #4596, .T. ) ;
#2364 = VERTEX_POINT ( 'NONE', #6094 ) ;
#2365 = PLANE ( 'NONE',  #6637 ) ;
#2366 = EDGE_CURVE ( 'NONE', #5385, #5833, #7334, .T. ) ;
#2367 = ORIENTED_EDGE ( 'NONE', *, *, #3493, .F. ) ;
#2368 = EDGE_CURVE ( 'NONE', #6350, #6732, #4737, .T. ) ;
#2369 = VERTEX_POINT ( 'NONE', #1671 ) ;
#2370 = CARTESIAN_POINT ( 'NONE',  ( 58.00000000000000000, 118.0000000000011937, 13.00000000000000178 ) ) ;
#2371 = CARTESIAN_POINT ( 'NONE',  ( 16.99999999999999645, 115.0000000000011795, 4.766838492538091110 ) ) ;
#2372 = LINE ( 'NONE', #4873, #2812 ) ;
#2373 = LINE ( 'NONE', #5653, #4403 ) ;
#2374 = DIRECTION ( 'NONE',  ( -0.000000000000000000, -1.000000000000000000, -0.000000000000000000 ) ) ;
#2375 = CARTESIAN_POINT ( 'NONE',  ( 69.99999999999998579, 139.9999999999999716, 93.00000000000000000 ) ) ;
#2376 = EDGE_LOOP ( 'NONE', ( #4736, #3659, #6375, #2065, #6967, #6565 ) ) ;
#2377 = CARTESIAN_POINT ( 'NONE',  ( 0.9525565881974097371, 76.19508348306413836, 89.62986504559552259 ) ) ;
#2378 = EDGE_CURVE ( 'NONE', #7555, #509, #4933, .T. ) ;
#2379 = ADVANCED_FACE ( 'NONE', ( #299 ), #2365, .T. ) ;
#2380 = CARTESIAN_POINT ( 'NONE',  ( 67.43731018278531053, 69.74924073114218004, 9.248872675735672289 ) ) ;
#2381 = EDGE_LOOP ( 'NONE', ( #2520, #4777, #4584, #7598 ) ) ;
#2382 = DIRECTION ( 'NONE',  ( 0.000000000000000000, -0.000000000000000000, 1.000000000000000000 ) ) ;
#2383 = ORIENTED_EDGE ( 'NONE', *, *, #2366, .T. ) ;
#2384 = DIRECTION ( 'NONE',  ( -0.000000000000000000, 1.000000000000000000, -0.000000000000000000 ) ) ;
#2385 = ORIENTED_EDGE ( 'NONE', *, *, #2015, .T. ) ;
#2386 = EDGE_LOOP ( 'NONE', ( #3697, #6410, #820, #3604 ) ) ;
#2387 = LINE ( 'NONE', #3615, #46 ) ;
#2388 = CIRCLE ( 'NONE', #6322, 14.05000000000000071 ) ;
#2389 = EDGE_CURVE ( 'NONE', #5913, #1575, #6009, .T. ) ;
#2390 = CARTESIAN_POINT ( 'NONE',  ( 8.590000000000001634, 88.00000000000119371, 11.92158075373095372 ) ) ;
#2391 = PLANE ( 'NONE',  #4284 ) ;
#2392 = VERTEX_POINT ( 'NONE', #1711 ) ;
#2393 = CARTESIAN_POINT ( 'NONE',  ( 8.590000000000014069, 90.00000000000119371, 81.07841924626904984 ) ) ;
#2394 = VERTEX_POINT ( 'NONE', #4866 ) ;
#2395 = DIRECTION ( 'NONE',  ( -5.365409281204129396E-16, 0.000000000000000000, 1.000000000000000000 ) ) ;
#2396 = ORIENTED_EDGE ( 'NONE', *, *, #3015, .F. ) ;
#2397 = ORIENTED_EDGE ( 'NONE', *, *, #7162, .F. ) ;
#2398 = EDGE_CURVE ( 'NONE', #7314, #5882, #1628, .T. ) ;
#2399 = VECTOR ( 'NONE', #1233, 1000.000000000000000 ) ;
#2400 = DIRECTION ( 'NONE',  ( 0.000000000000000000, 0.000000000000000000, 1.000000000000000000 ) ) ;
#2401 = VECTOR ( 'NONE', #1974, 1000.000000000000000 ) ;
#2402 = CARTESIAN_POINT ( 'NONE',  ( 17.00000000000001066, 116.0000000000011795, 88.23316150746192932 ) ) ;
#2404 = ORIENTED_EDGE ( 'NONE', *, *, #7239, .T. ) ;
#2403 = DIRECTION ( 'NONE',  ( -0.000000000000000000, -1.000000000000000000, -0.000000000000000000 ) ) ;
#2405 = ORIENTED_EDGE ( 'NONE', *, *, #3000, .F. ) ;
#2406 = FACE_OUTER_BOUND ( 'NONE', #187, .T. ) ;
#2407 = VERTEX_POINT ( 'NONE', #2855 ) ;
#2408 = CIRCLE ( 'NONE', #2264, 4.000000000000003553 ) ;
#2409 = ORIENTED_EDGE ( 'NONE', *, *, #3734, .T. ) ;
#2410 = DIRECTION ( 'NONE',  ( -1.000000000000000000, -1.734723475976807341E-16, 0.000000000000000000 ) ) ;
#2411 = DIRECTION ( 'NONE',  ( 0.000000000000000000, 0.000000000000000000, -1.000000000000000000 ) ) ;
#2412 = LINE ( 'NONE', #4915, #6084 ) ;
#2413 = EDGE_CURVE ( 'NONE', #608, #1564, #2814, .T. ) ;
#2414 = CARTESIAN_POINT ( 'NONE',  ( 35.00000000000000000, 21.00000000000000355, 4.900000000000000355 ) ) ;
#2415 = VECTOR ( 'NONE', #4144, 1000.000000000000000 ) ;
#2416 = ADVANCED_FACE ( 'NONE', ( #6714, #6675 ), #5305, .F. ) ;
#2417 = LINE ( 'NONE', #1809, #1258 ) ;
#2418 = CARTESIAN_POINT ( 'NONE',  ( 0.000000000000000000, 80.00000000000109424, 92.78603811338842888 ) ) ;
#2419 = VERTEX_POINT ( 'NONE', #3463 ) ;
#2420 = VECTOR ( 'NONE', #232, 1000.000000000000227 ) ;
#2421 = CARTESIAN_POINT ( 'NONE',  ( 29.79999999999999716, 21.00000000000000355, 81.00000000000000000 ) ) ;
#2422 = DIRECTION ( 'NONE',  ( -0.4999999999999992228, 0.000000000000000000, -0.8660254037844391517 ) ) ;
#2423 = AXIS2_PLACEMENT_3D ( 'NONE', #5519, #4339, #1717 ) ;
#2424 = ORIENTED_EDGE ( 'NONE', *, *, #7682, .F. ) ;
#2425 = DIRECTION ( 'NONE',  ( -1.000000000000000000, 0.000000000000000000, 0.000000000000000000 ) ) ;
#2426 = EDGE_LOOP ( 'NONE', ( #6690, #1350, #6269, #4558, #2151, #5252, #6586, #6467, #7336 ) ) ;
#2427 = DIRECTION ( 'NONE',  ( 1.000000000000000000, 3.965082230804130713E-16, 0.000000000000000000 ) ) ;
#2428 = ORIENTED_EDGE ( 'NONE', *, *, #3931, .T. ) ;
#2429 = CIRCLE ( 'NONE', #7544, 1.649999999999991696 ) ;
#2430 = ORIENTED_EDGE ( 'NONE', *, *, #6489, .F. ) ;
#2431 = AXIS2_PLACEMENT_3D ( 'NONE', #6800, #7612, #4488 ) ;
#2432 = DIRECTION ( 'NONE',  ( 0.4999999999999996114, 0.000000000000000000, -0.8660254037844388186 ) ) ;
#2433 = PLANE ( 'NONE',  #3476 ) ;
#2434 = FACE_OUTER_BOUND ( 'NONE', #5290, .T. ) ;
#2435 = AXIS2_PLACEMENT_3D ( 'NONE', #1144, #3646, #8039 ) ;
#2436 = ORIENTED_EDGE ( 'NONE', *, *, #682, .F. ) ;
#2437 = LINE ( 'NONE', #6792, #1040 ) ;
#2439 = ORIENTED_EDGE ( 'NONE', *, *, #2842, .T. ) ;
#2438 = EDGE_CURVE ( 'NONE', #7495, #2075, #5683, .T. ) ;
#2440 = CARTESIAN_POINT ( 'NONE',  ( 48.00000000000000000, 118.0000000000011937, 13.00000000000000178 ) ) ;
#2441 = EDGE_LOOP ( 'NONE', ( #7841, #993, #1219, #5379 ) ) ;
#2442 = AXIS2_PLACEMENT_3D ( 'NONE', #1885, #4916, #1274 ) ;
#2443 = ORIENTED_EDGE ( 'NONE', *, *, #6781, .T. ) ;
#2444 = DIRECTION ( 'NONE',  ( -0.000000000000000000, -0.000000000000000000, 1.000000000000000000 ) ) ;
#2445 = DIRECTION ( 'NONE',  ( -0.000000000000000000, -0.000000000000000000, 1.000000000000000000 ) ) ;
#2447 = VERTEX_POINT ( 'NONE', #3147 ) ;
#2446 = DIRECTION ( 'NONE',  ( -1.000000000000000000, -0.000000000000000000, -0.000000000000000000 ) ) ;
#2448 = EDGE_LOOP ( 'NONE', ( #3421, #1585, #104, #432 ) ) ;
#2449 = DIRECTION ( 'NONE',  ( 0.5000000000000012212, -0.000000000000000000, 0.8660254037844380415 ) ) ;
#2450 = VECTOR ( 'NONE', #3673, 1000.000000000000000 ) ;
#2451 = ORIENTED_EDGE ( 'NONE', *, *, #587, .T. ) ;
#2452 = EDGE_CURVE ( 'NONE', #5906, #6159, #1840, .T. ) ;
#2453 = ORIENTED_EDGE ( 'NONE', *, *, #1627, .F. ) ;
#2454 = CARTESIAN_POINT ( 'NONE',  ( -2.682207064984406182E-14, 80.00000000000109424, 41.49999999999999289 ) ) ;
#2455 = PLANE ( 'NONE',  #4094 ) ;
#2456 = DIRECTION ( 'NONE',  ( 0.000000000000000000, -0.000000000000000000, 1.000000000000000000 ) ) ;
#2457 = EDGE_CURVE ( 'NONE', #2229, #1285, #1214, .T. ) ;
#2458 = DIRECTION ( 'NONE',  ( -1.000000000000000000, 0.000000000000000000, 0.000000000000000000 ) ) ;
#2459 = LINE ( 'NONE', #138, #981 ) ;
#2460 = CARTESIAN_POINT ( 'NONE',  ( 20.95000000000000284, 21.00000000000000355, 12.00000000000000000 ) ) ;
#2461 = CARTESIAN_POINT ( 'NONE',  ( 19.57713781576825340, 1.691448736927015029, 80.69144873692698638 ) ) ;
#2462 = VECTOR ( 'NONE', #3522, 1000.000000000000000 ) ;
#2463 = ORIENTED_EDGE ( 'NONE', *, *, #3473, .T. ) ;
#2464 = CARTESIAN_POINT ( 'NONE',  ( -2.675000000000016254, 77.00000000000110845, 93.00000000000000000 ) ) ;
#2465 = DIRECTION ( 'NONE',  ( -0.000000000000000000, -0.000000000000000000, -1.000000000000000000 ) ) ;
#2466 = DIRECTION ( 'NONE',  ( -1.000000000000000000, 0.000000000000000000, 0.000000000000000000 ) ) ;
#2467 = EDGE_LOOP ( 'NONE', ( #3668, #7037, #4221, #2240 ) ) ;
#2468 = CARTESIAN_POINT ( 'NONE',  ( 66.90767078078674501, 80.00000000000109424, 13.99999999999999822 ) ) ;
#2469 = EDGE_CURVE ( 'NONE', #2606, #1045, #4952, .T. ) ;
#2470 = VERTEX_POINT ( 'NONE', #7540 ) ;
#2471 = ORIENTED_EDGE ( 'NONE', *, *, #6747, .F. ) ;
#2472 = DIRECTION ( 'NONE',  ( -1.000000000000000000, -3.965082230804129727E-16, 0.000000000000000000 ) ) ;
#2473 = SHAPE_DEFINITION_REPRESENTATION ( #4573, #4464 ) ;
#2474 = CYLINDRICAL_SURFACE ( 'NONE', #6266, 1.649999999999998579 ) ;
#2475 = VERTEX_POINT ( 'NONE', #4990 ) ;
#2476 = LINE ( 'NONE', #3791, #6149 ) ;
#2477 = ORIENTED_EDGE ( 'NONE', *, *, #852, .T. ) ;
#2478 = CARTESIAN_POINT ( 'NONE',  ( -3.409970718491595416E-14, 86.00000000000110845, 83.99999999999998579 ) ) ;
#2479 = ORIENTED_EDGE ( 'NONE', *, *, #3171, .T. ) ;
#2480 = ADVANCED_FACE ( 'NONE', ( #1922 ), #594, .F. ) ;
#2481 = EDGE_CURVE ( 'NONE', #2394, #1652, #3640, .T. ) ;
#2482 = CIRCLE ( 'NONE', #7069, 2.000000000000000000 ) ;
#2483 = EDGE_LOOP ( 'NONE', ( #2219, #5605 ) ) ;
#2484 = ADVANCED_FACE ( 'NONE', ( #508 ), #7373, .F. ) ;
#2485 = CARTESIAN_POINT ( 'NONE',  ( 0.000000000000000000, 0.000000000000000000, 81.00000000000000000 ) ) ;
#2486 = ADVANCED_FACE ( 'NONE', ( #3107 ), #6934, .F. ) ;
#2487 = LINE ( 'NONE', #1376, #2565 ) ;
#2489 = EDGE_LOOP ( 'NONE', ( #5538, #4527, #4476, #4660, #5362 ) ) ;
#2488 = DIRECTION ( 'NONE',  ( -0.000000000000000000, 1.000000000000000000, -0.000000000000000000 ) ) ;
#2490 = ORIENTED_EDGE ( 'NONE', *, *, #4536, .T. ) ;
#2491 = CIRCLE ( 'NONE', #5878, 1.599999999999997202 ) ;
#2492 = DIRECTION ( 'NONE',  ( 1.000000000000000000, 0.000000000000000000, 0.000000000000000000 ) ) ;
#2493 = ORIENTED_EDGE ( 'NONE', *, *, #1318, .F. ) ;
#2494 = ORIENTED_EDGE ( 'NONE', *, *, #3134, .F. ) ;
#2495 = LINE ( 'NONE', #64, #5272 ) ;
#2496 = CARTESIAN_POINT ( 'NONE',  ( 34.99999999999999289, 21.00000000000000355, 88.09999999999999432 ) ) ;
#2497 = DIRECTION ( 'NONE',  ( -0.8660254037844387076, 0.000000000000000000, 0.4999999999999997780 ) ) ;
#2498 = FACE_OUTER_BOUND ( 'NONE', #7772, .T. ) ;
#2499 = ADVANCED_FACE ( 'NONE', ( #5558 ), #3062, .F. ) ;
#2500 = DIRECTION ( 'NONE',  ( 0.000000000000000000, 0.000000000000000000, 1.000000000000000000 ) ) ;
#2501 = CARTESIAN_POINT ( 'NONE',  ( 34.99999999999999289, 61.00000000000000000, 13.79999999999999893 ) ) ;
#2502 = DIRECTION ( 'NONE',  ( -0.000000000000000000, 0.000000000000000000, 1.000000000000000000 ) ) ;
#2503 = ORIENTED_EDGE ( 'NONE', *, *, #2693, .T. ) ;
#2504 = DIRECTION ( 'NONE',  ( -0.000000000000000000, 0.000000000000000000, 1.000000000000000000 ) ) ;
#2505 = LINE ( 'NONE', #3276, #1357 ) ;
#2506 = DIRECTION ( 'NONE',  ( -1.000000000000000000, 0.000000000000000000, 0.000000000000000000 ) ) ;
#2507 = DIRECTION ( 'NONE',  ( -1.000000000000000000, 0.000000000000000000, 0.000000000000000000 ) ) ;
#2508 = ORIENTED_EDGE ( 'NONE', *, *, #7238, .T. ) ;
#2509 = LINE ( 'NONE', #4926, #1598 ) ;
#2510 = ORIENTED_EDGE ( 'NONE', *, *, #7083, .T. ) ;
#2511 = ORIENTED_EDGE ( 'NONE', *, *, #6909, .F. ) ;
#2512 = LINE ( 'NONE', #3281, #3317 ) ;
#2513 =( NAMED_UNIT ( * ) SI_UNIT ( $, .STERADIAN. ) SOLID_ANGLE_UNIT ( ) );
#2514 = EDGE_CURVE ( 'NONE', #1074, #195, #6400, .T. ) ;
#2515 = CARTESIAN_POINT ( 'NONE',  ( 5.790000000000008029, 83.40000000000118519, 80.69499999999999318 ) ) ;
#2516 = ORIENTED_EDGE ( 'NONE', *, *, #7498, .T. ) ;
#2517 = CARTESIAN_POINT ( 'NONE',  ( 22.00000000000002132, 118.0000000000011937, 80.00000000000000000 ) ) ;
#2518 = VERTEX_POINT ( 'NONE', #4416 ) ;
#2519 = CARTESIAN_POINT ( 'NONE',  ( 58.00000000000000000, 115.0000000000011795, 13.00000000000000178 ) ) ;
#2520 = ORIENTED_EDGE ( 'NONE', *, *, #611, .F. ) ;
#2521 = AXIS2_PLACEMENT_3D ( 'NONE', #8007, #3083, #2382 ) ;
#2522 = ORIENTED_EDGE ( 'NONE', *, *, #7653, .T. ) ;
#2523 = CARTESIAN_POINT ( 'NONE',  ( 43.75000000000000000, 41.00000000000001421, 81.00000000000000000 ) ) ;
#2524 = CARTESIAN_POINT ( 'NONE',  ( 37.00000000000000000, 37.00000000000000711, 83.50000000000000000 ) ) ;
#2526 = ORIENTED_EDGE ( 'NONE', *, *, #1446, .T. ) ;
#2525 = CARTESIAN_POINT ( 'NONE',  ( 0.7899999999999964828, 90.00000000000119371, 51.50000000000000711 ) ) ;
#2527 = VECTOR ( 'NONE', #3157, 1000.000000000000000 ) ;
#2528 = EDGE_CURVE ( 'NONE', #1876, #2572, #16, .T. ) ;
#2529 = ORIENTED_EDGE ( 'NONE', *, *, #3685, .T. ) ;
#2530 = CARTESIAN_POINT ( 'NONE',  ( 26.24999999999999645, 41.00000000000001421, 80.00000000000000000 ) ) ;
#2531 = ORIENTED_EDGE ( 'NONE', *, *, #1810, .F. ) ;
#2532 = EDGE_CURVE ( 'NONE', #6606, #2703, #624, .T. ) ;
#2533 = ADVANCED_FACE ( 'NONE', ( #2406 ), #6270, .F. ) ;
#2534 = EDGE_CURVE ( 'NONE', #6485, #1243, #8076, .T. ) ;
#2535 = VECTOR ( 'NONE', #3779, 1000.000000000000000 ) ;
#2536 = AXIS2_PLACEMENT_3D ( 'NONE', #357, #5360, #7876 ) ;
#2537 = ORIENTED_EDGE ( 'NONE', *, *, #2060, .T. ) ;
#2538 = CYLINDRICAL_SURFACE ( 'NONE', #1485, 2.000000000000001776 ) ;
#2539 = FACE_BOUND ( 'NONE', #1649, .T. ) ;
#2540 = CARTESIAN_POINT ( 'NONE',  ( 0.000000000000000000, 80.00000000000109424, 93.00000000000000000 ) ) ;
#2541 = FACE_OUTER_BOUND ( 'NONE', #323, .T. ) ;
#2542 = DIRECTION ( 'NONE',  ( -0.000000000000000000, 1.000000000000000000, -0.000000000000000000 ) ) ;
#2543 = LINE ( 'NONE', #3075, #221 ) ;
#2544 = VECTOR ( 'NONE', #222, 1000.000000000000000 ) ;
#2545 = CARTESIAN_POINT ( 'NONE',  ( 5.789999999999999147, 88.00000000000119371, 12.30500000000000149 ) ) ;
#2546 = ORIENTED_EDGE ( 'NONE', *, *, #5088, .F. ) ;
#2547 = CARTESIAN_POINT ( 'NONE',  ( 26.25000000000000355, 41.00000000000001421, 13.00000000000000178 ) ) ;
#2548 = CIRCLE ( 'NONE', #7526, 6.000000000000005329 ) ;
#2549 = CARTESIAN_POINT ( 'NONE',  ( 69.99999999999998579, 145.0000000000000000, 88.00000000000000000 ) ) ;
#2550 = VECTOR ( 'NONE', #3042, 1000.000000000000000 ) ;
#2551 = DIRECTION ( 'NONE',  ( -0.000000000000000000, 1.000000000000000000, -0.000000000000000000 ) ) ;
#2552 = LINE ( 'NONE', #5049, #6457 ) ;
#2553 = CARTESIAN_POINT ( 'NONE',  ( 19.80000000000002558, 115.0000000000011795, 83.38341924626902824 ) ) ;
#2554 = VECTOR ( 'NONE', #6014, 999.9999999999998863 ) ;
#2555 = ORIENTED_EDGE ( 'NONE', *, *, #3883, .F. ) ;
#2556 = EDGE_CURVE ( 'NONE', #2083, #5646, #5028, .T. ) ;
#2557 = LINE ( 'NONE', #6917, #3448 ) ;
#2558 = VECTOR ( 'NONE', #6182, 1000.000000000000000 ) ;
#2559 = APPLICATION_PROTOCOL_DEFINITION ( 'draft international standard', 'automotive_design', 1998, #346 ) ;
#2560 = CARTESIAN_POINT ( 'NONE',  ( 70.00000000000000000, 139.9999999999999716, 82.99999999999998579 ) ) ;
#2561 = ORIENTED_EDGE ( 'NONE', *, *, #85, .T. ) ;
#2562 = DIRECTION ( 'NONE',  ( -0.000000000000000000, -0.000000000000000000, 1.000000000000000000 ) ) ;
#2563 = ORIENTED_EDGE ( 'NONE', *, *, #5515, .T. ) ;
#2564 = CARTESIAN_POINT ( 'NONE',  ( 69.20999999999999375, 90.00000000000117950, 51.50000000000000000 ) ) ;
#2565 = VECTOR ( 'NONE', #1209, 1000.000000000000114 ) ;
#2566 = EDGE_CURVE ( 'NONE', #5803, #7776, #4909, .T. ) ;
#2567 = ORIENTED_EDGE ( 'NONE', *, *, #2193, .T. ) ;
#2568 = AXIS2_PLACEMENT_3D ( 'NONE', #5211, #2755, #5245 ) ;
#2569 = LINE ( 'NONE', #7575, #2926 ) ;
#2570 = PLANE ( 'NONE',  #723 ) ;
#2572 = VERTEX_POINT ( 'NONE', #1173 ) ;
#2571 = CARTESIAN_POINT ( 'NONE',  ( 8.590000000000014069, 88.00000000000119371, 81.07841924626904984 ) ) ;
#2573 = ORIENTED_EDGE ( 'NONE', *, *, #6532, .F. ) ;
#2574 = DIRECTION ( 'NONE',  ( -0.000000000000000000, -0.000000000000000000, 1.000000000000000000 ) ) ;
#2575 = ORIENTED_EDGE ( 'NONE', *, *, #4268, .F. ) ;
#2576 = EDGE_CURVE ( 'NONE', #3648, #1031, #238, .T. ) ;
#2577 = AXIS2_PLACEMENT_3D ( 'NONE', #6551, #5441, #4836 ) ;
#2578 = ADVANCED_FACE ( 'NONE', ( #1418 ), #5727, .F. ) ;
#2579 = ORIENTED_EDGE ( 'NONE', *, *, #704, .T. ) ;
#2580 = LINE ( 'NONE', #4460, #4506 ) ;
#2581 = CARTESIAN_POINT ( 'NONE',  ( 53.00000000000000711, 118.0000000000011937, 6.400000000000002132 ) ) ;
#2582 = AXIS2_PLACEMENT_3D ( 'NONE', #606, #4999, #3192 ) ;
#2583 = FACE_BOUND ( 'NONE', #75, .T. ) ;
#2584 = DIRECTION ( 'NONE',  ( -0.000000000000000000, 0.000000000000000000, 1.000000000000000000 ) ) ;
#2585 = DIRECTION ( 'NONE',  ( -1.000000000000000000, -3.965082230804130713E-16, 0.000000000000000000 ) ) ;
#2586 = DIRECTION ( 'NONE',  ( -0.000000000000000000, 1.000000000000000000, -0.000000000000000000 ) ) ;
#2587 = FACE_OUTER_BOUND ( 'NONE', #1421, .T. ) ;
#2588 = ORIENTED_EDGE ( 'NONE', *, *, #7239, .F. ) ;
#2589 = VECTOR ( 'NONE', #1611, 1000.000000000000000 ) ;
#2590 = CARTESIAN_POINT ( 'NONE',  ( 72.67499999999996874, 57.00000000000110845, 81.00000000000000000 ) ) ;
#2591 = DIRECTION ( 'NONE',  ( 0.000000000000000000, -1.000000000000000000, 0.000000000000000000 ) ) ;
#2592 = DIRECTION ( 'NONE',  ( -0.000000000000000000, -0.000000000000000000, -1.000000000000000000 ) ) ;
#2593 = CARTESIAN_POINT ( 'NONE',  ( 64.21000000000002217, 90.00000000000119371, 85.92816150746190829 ) ) ;
#2594 = ADVANCED_FACE ( 'NONE', ( #3294 ), #1957, .F. ) ;
#2595 = ADVANCED_FACE ( 'NONE', ( #789 ), #4571, .F. ) ;
#2596 = AXIS2_PLACEMENT_3D ( 'NONE', #1563, #319, #3483 ) ;
#2597 = LINE ( 'NONE', #7562, #143 ) ;
#2598 = VERTEX_POINT ( 'NONE', #6420 ) ;
#2599 = CARTESIAN_POINT ( 'NONE',  ( 3.593495196525536617, 65.62601921389877191, 82.14378895616302145 ) ) ;
#2600 = PRODUCT_CONTEXT ( 'NONE', #447, 'mechanical' ) ;
#2601 = DIRECTION ( 'NONE',  ( -0.000000000000000000, 1.000000000000000000, -0.000000000000000000 ) ) ;
#2602 = EDGE_CURVE ( 'NONE', #2857, #608, #5625, .T. ) ;
#2603 = ORIENTED_EDGE ( 'NONE', *, *, #3578, .T. ) ;
#2604 = LINE ( 'NONE', #7722, #3267 ) ;
#2605 = ORIENTED_EDGE ( 'NONE', *, *, #7142, .F. ) ;
#2606 = VERTEX_POINT ( 'NONE', #7580 ) ;
#2607 = CARTESIAN_POINT ( 'NONE',  ( 52.99999999999998579, 116.0000000000011795, 83.39999999999999147 ) ) ;
#2608 = CARTESIAN_POINT ( 'NONE',  ( 26.24999999999999645, 41.00000000000001421, 77.00000000000000000 ) ) ;
#2609 = CARTESIAN_POINT ( 'NONE',  ( 59.20999999999999375, 90.00000000000117950, 3.000000000000002665 ) ) ;
#2610 = ORIENTED_EDGE ( 'NONE', *, *, #2757, .T. ) ;
#2611 = LINE ( 'NONE', #172, #6674 ) ;
#2612 = ORIENTED_EDGE ( 'NONE', *, *, #3359, .T. ) ;
#2613 = AXIS2_PLACEMENT_3D ( 'NONE', #5763, #7732, #4605 ) ;
#2614 = EDGE_LOOP ( 'NONE', ( #1121, #2136, #1773, #5765 ) ) ;
#2615 = CYLINDRICAL_SURFACE ( 'NONE', #3442, 6.000000000000005329 ) ;
#2616 = CARTESIAN_POINT ( 'NONE',  ( 9.999999999999969802, 82.00000000000117950, 18.00000000000000000 ) ) ;
#2617 = VECTOR ( 'NONE', #2178, 1000.000000000000000 ) ;
#2618 = LINE ( 'NONE', #5113, #4253 ) ;
#2619 = DIRECTION ( 'NONE',  ( -0.000000000000000000, -0.000000000000000000, 1.000000000000000000 ) ) ;
#2620 = LINE ( 'NONE', #3892, #7427 ) ;
#2621 = CARTESIAN_POINT ( 'NONE',  ( 50.60908934523128977, 2.436357380925246119, 81.00000000000000000 ) ) ;
#2622 = EDGE_CURVE ( 'NONE', #6174, #7397, #217, .T. ) ;
#2623 = CARTESIAN_POINT ( 'NONE',  ( 3.000000000000001332, 134.9999999999999716, 13.00000000000000178 ) ) ;
#2624 = ORIENTED_EDGE ( 'NONE', *, *, #1825, .T. ) ;
#2625 = LINE ( 'NONE', #1936, #4096 ) ;
#2626 = CARTESIAN_POINT ( 'NONE',  ( 0.000000000000000000, 139.9999999999999716, 93.00000000000000000 ) ) ;
#2627 = CARTESIAN_POINT ( 'NONE',  ( 6.999999999999969802, 90.00000000000119371, 18.00000000000001776 ) ) ;
#2628 = EDGE_CURVE ( 'NONE', #6933, #5502, #7615, .T. ) ;
#2629 = CARTESIAN_POINT ( 'NONE',  ( 3.590617508854994533, 65.63752996458096334, 10.85299571337114699 ) ) ;
#2630 = LINE ( 'NONE', #2054, #6574 ) ;
#2631 = ORIENTED_EDGE ( 'NONE', *, *, #4553, .F. ) ;
#2632 = EDGE_CURVE ( 'NONE', #836, #5404, #2611, .T. ) ;
#2633 = EDGE_CURVE ( 'NONE', #5971, #2419, #7117, .T. ) ;
#2634 = EDGE_CURVE ( 'NONE', #5793, #7386, #6498, .T. ) ;
#2635 = CARTESIAN_POINT ( 'NONE',  ( 1.189119085988103564, 75.24352365604862314, 88.00652440274735966 ) ) ;
#2636 = DIRECTION ( 'NONE',  ( 0.000000000000000000, 0.000000000000000000, -1.000000000000000000 ) ) ;
#2637 = ORIENTED_EDGE ( 'NONE', *, *, #1730, .F. ) ;
#2638 = DIRECTION ( 'NONE',  ( -0.000000000000000000, 1.000000000000000000, -0.000000000000000000 ) ) ;
#2639 = EDGE_LOOP ( 'NONE', ( #7462, #3328, #5514, #505 ) ) ;
#2640 = CARTESIAN_POINT ( 'NONE',  ( 24.60000000000000142, 41.00000000000001421, 80.00000000000000000 ) ) ;
#2641 = CARTESIAN_POINT ( 'NONE',  ( 46.05000000000000426, 21.00000000000000355, 4.900000000000000355 ) ) ;
#2642 = CARTESIAN_POINT ( 'NONE',  ( 0.7899999999999964828, 82.00000000000117950, 41.49999999999999289 ) ) ;
#2643 = DIRECTION ( 'NONE',  ( -0.000000000000000000, -1.000000000000000000, -0.000000000000000000 ) ) ;
#2644 = EDGE_LOOP ( 'NONE', ( #782, #5109, #5791, #4313 ) ) ;
#2645 = LINE ( 'NONE', #2728, #6143 ) ;
#2646 = VERTEX_POINT ( 'NONE', #3953 ) ;
#2647 = CIRCLE ( 'NONE', #4082, 14.05000000000000071 ) ;
#2648 = EDGE_CURVE ( 'NONE', #5830, #5963, #7007, .T. ) ;
#2649 = ORIENTED_EDGE ( 'NONE', *, *, #1328, .T. ) ;
#2650 =( BOUNDED_CURVE ( )  B_SPLINE_CURVE ( 3, ( #7474, #2995, #8092, #6063 ),
 .UNSPECIFIED., .F., .F. ) 
 B_SPLINE_CURVE_WITH_KNOTS ( ( 4, 4 ),
 ( 4.980248257963554082, 5.829488893116447912 ),
 .UNSPECIFIED. ) 
 CURVE ( )  GEOMETRIC_REPRESENTATION_ITEM ( )  RATIONAL_B_SPLINE_CURVE ( ( 1.000000000000000000, 0.9407968121579115550, 0.9407968121579115550, 1.000000000000000000 ) ) 
 REPRESENTATION_ITEM ( '' )  );
#2651 = FACE_OUTER_BOUND ( 'NONE', #1152, .T. ) ;
#2652 = VECTOR ( 'NONE', #969, 1000.000000000000000 ) ;
#2653 = LINE ( 'NONE', #4996, #1245 ) ;
#2654 = FACE_OUTER_BOUND ( 'NONE', #7187, .T. ) ;
#2655 = FACE_OUTER_BOUND ( 'NONE', #59, .T. ) ;
#2656 = PLANE ( 'NONE',  #5974 ) ;
#2657 = ORIENTED_EDGE ( 'NONE', *, *, #7906, .T. ) ;
#2658 = CARTESIAN_POINT ( 'NONE',  ( 35.00000000000000000, 21.00000000000000355, 12.00000000000000000 ) ) ;
#2659 = VECTOR ( 'NONE', #3932, 1000.000000000000000 ) ;
#2660 = ORIENTED_EDGE ( 'NONE', *, *, #4438, .F. ) ;
#2661 = VECTOR ( 'NONE', #4548, 1000.000000000000000 ) ;
#2662 = CARTESIAN_POINT ( 'NONE',  ( 0.000000000000000000, 0.000000000000000000, 78.00000000000000000 ) ) ;
#2663 = EDGE_CURVE ( 'NONE', #4717, #2763, #2073, .T. ) ;
#2664 = DIRECTION ( 'NONE',  ( -0.000000000000000000, 0.000000000000000000, 1.000000000000000000 ) ) ;
#2665 = EDGE_CURVE ( 'NONE', #6732, #4971, #7081, .T. ) ;
#2666 = FACE_OUTER_BOUND ( 'NONE', #5764, .T. ) ;
#2667 = CARTESIAN_POINT ( 'NONE',  ( 4.273588518808853820, 62.90564592476545158, 11.46590634712363155 ) ) ;
#2668 = VECTOR ( 'NONE', #792, 1000.000000000000000 ) ;
#2669 = AXIS2_PLACEMENT_3D ( 'NONE', #3816, #2466, #7560 ) ;
#2670 = CARTESIAN_POINT ( 'NONE',  ( 35.00000000000000000, 21.00000000000000355, 12.00000000000000000 ) ) ;
#2671 = ORIENTED_EDGE ( 'NONE', *, *, #879, .T. ) ;
#2672 = EDGE_CURVE ( 'NONE', #617, #6116, #3336, .T. ) ;
#2673 = VECTOR ( 'NONE', #2143, 1000.000000000000000 ) ;
#2674 = ORIENTED_EDGE ( 'NONE', *, *, #1887, .T. ) ;
#2675 = CARTESIAN_POINT ( 'NONE',  ( 3.160995614769210871, 67.35601754092407134, 82.70277413166031977 ) ) ;
#2676 = CARTESIAN_POINT ( 'NONE',  ( 34.99999999999999289, 21.00000000000000355, 88.09999999999999432 ) ) ;
#2677 = VECTOR ( 'NONE', #940, 1000.000000000000000 ) ;
#2678 = VECTOR ( 'NONE', #3569, 1000.000000000000000 ) ;
#2679 = ORIENTED_EDGE ( 'NONE', *, *, #4059, .F. ) ;
#2680 = LINE ( 'NONE', #5169, #1839 ) ;
#2681 = ORIENTED_EDGE ( 'NONE', *, *, #5003, .T. ) ;
#2682 = EDGE_LOOP ( 'NONE', ( #3929, #4024, #185, #3675 ) ) ;
#2683 = AXIS2_PLACEMENT_3D ( 'NONE', #2941, #5439, #4958 ) ;
#2684 = VERTEX_POINT ( 'NONE', #832 ) ;
#2685 = FACE_BOUND ( 'NONE', #7614, .T. ) ;
#2686 = CARTESIAN_POINT ( 'NONE',  ( 17.00000000000001066, 118.0000000000011937, 83.39999999999997726 ) ) ;
#2687 = CARTESIAN_POINT ( 'NONE',  ( 30.99999999999999289, 24.32264954516723066, 79.20000000000000284 ) ) ;
#2688 = EDGE_CURVE ( 'NONE', #1670, #2147, #4041, .T. ) ;
#2689 = ORIENTED_EDGE ( 'NONE', *, *, #3778, .F. ) ;
#2690 = CARTESIAN_POINT ( 'NONE',  ( 22.00000000000000355, 118.0000000000011937, 13.00000000000000178 ) ) ;
#2691 = AXIS2_PLACEMENT_3D ( 'NONE', #3534, #3494, #5996 ) ;
#2692 = ORIENTED_EDGE ( 'NONE', *, *, #4972, .T. ) ;
#2693 = EDGE_CURVE ( 'NONE', #798, #2179, #2645, .T. ) ;
#2694 = AXIS2_PLACEMENT_3D ( 'NONE', #6449, #7532, #1332 ) ;
#2695 = VERTEX_POINT ( 'NONE', #1338 ) ;
#2696 = DIRECTION ( 'NONE',  ( 0.000000000000000000, 0.000000000000000000, -1.000000000000000000 ) ) ;
#2697 = DIRECTION ( 'NONE',  ( 0.000000000000000000, -1.000000000000000000, 0.000000000000000000 ) ) ;
#2698 = LINE ( 'NONE', #4578, #2176 ) ;
#2699 = CARTESIAN_POINT ( 'NONE',  ( 47.05882352941183200, -11.76470588235279990, 81.00000000000000000 ) ) ;
#2700 = EDGE_CURVE ( 'NONE', #7776, #7723, #3259, .T. ) ;
#2701 = CARTESIAN_POINT ( 'NONE',  ( 12.00000000000001776, 118.0000000000011937, 80.00000000000000000 ) ) ;
#2702 = VECTOR ( 'NONE', #5410, 1000.000000000000114 ) ;
#2703 = VERTEX_POINT ( 'NONE', #2033 ) ;
#2704 = ADVANCED_FACE ( 'NONE', ( #4533 ), #7047, .F. ) ;
#2705 = ORIENTED_EDGE ( 'NONE', *, *, #920, .F. ) ;
#2706 = CARTESIAN_POINT ( 'NONE',  ( 61.99999999999999289, 134.9999999999999716, 80.00000000000000000 ) ) ;
#2707 = CIRCLE ( 'NONE', #3482, 1.649999999999998579 ) ;
#2708 = VECTOR ( 'NONE', #6593, 1000.000000000000000 ) ;
#2709 = DIRECTION ( 'NONE',  ( 0.000000000000000000, 0.000000000000000000, 1.000000000000000000 ) ) ;
#2710 = LINE ( 'NONE', #7135, #2936 ) ;
#2711 = CARTESIAN_POINT ( 'NONE',  ( 3.157734019612953080, 67.36906392154908474, 10.29258655982565251 ) ) ;
#2712 = LINE ( 'NONE', #2553, #6188 ) ;
#2713 = CIRCLE ( 'NONE', #6377, 1.649999999999998579 ) ;
#2714 = ORIENTED_EDGE ( 'NONE', *, *, #2632, .F. ) ;
#2715 = CARTESIAN_POINT ( 'NONE',  ( 0.000000000000000000, 88.00000000000119371, 0.000000000000000000 ) ) ;
#2716 = VECTOR ( 'NONE', #6079, 1000.000000000000000 ) ;
#2717 = EDGE_CURVE ( 'NONE', #2034, #2118, #3580, .T. ) ;
#2718 = DIRECTION ( 'NONE',  ( -0.000000000000000000, -0.7071067811865475727, 0.7071067811865475727 ) ) ;
#2719 = ORIENTED_EDGE ( 'NONE', *, *, #1745, .T. ) ;
#2720 = CARTESIAN_POINT ( 'NONE',  ( 0.000000000000000000, 139.9999999999999716, 8.000000000000000000 ) ) ;
#2721 = ORIENTED_EDGE ( 'NONE', *, *, #1940, .F. ) ;
#2722 = CYLINDRICAL_SURFACE ( 'NONE', #5427, 5.200000000000009948 ) ;
#2723 = VECTOR ( 'NONE', #743, 999.9999999999998863 ) ;
#2724 = CARTESIAN_POINT ( 'NONE',  ( 61.99999999999999289, 144.5825756949558354, 90.00000000000000000 ) ) ;
#2725 = CARTESIAN_POINT ( 'NONE',  ( 60.00000000000001421, 82.00000000000117950, 15.00000000000001066 ) ) ;
#2726 = DIRECTION ( 'NONE',  ( 1.000000000000000000, 0.000000000000000000, -0.000000000000000000 ) ) ;
#2727 = ORIENTED_EDGE ( 'NONE', *, *, #2672, .T. ) ;
#2728 = CARTESIAN_POINT ( 'NONE',  ( 12.00000000000001776, 118.0000000000011937, 80.00000000000000000 ) ) ;
#2729 = ORIENTED_EDGE ( 'NONE', *, *, #5173, .F. ) ;
#2730 = EDGE_CURVE ( 'NONE', #6575, #4329, #1075, .T. ) ;
#2731 = EDGE_CURVE ( 'NONE', #3636, #595, #2883, .T. ) ;
#2732 = ADVANCED_FACE ( 'NONE', ( #7324 ), #6536, .T. ) ;
#2733 = ORIENTED_EDGE ( 'NONE', *, *, #5085, .T. ) ;
#2734 = DIRECTION ( 'NONE',  ( -0.000000000000000000, 1.000000000000000000, -0.000000000000000000 ) ) ;
#2735 = FACE_OUTER_BOUND ( 'NONE', #4206, .T. ) ;
#2736 = PLANE ( 'NONE',  #7684 ) ;
#2737 = ORIENTED_EDGE ( 'NONE', *, *, #1108, .T. ) ;
#2738 = CARTESIAN_POINT ( 'NONE',  ( 69.20999999999997954, 82.00000000000117950, 3.000000000000002665 ) ) ;
#2739 = ORIENTED_EDGE ( 'NONE', *, *, #6169, .F. ) ;
#2740 = ORIENTED_EDGE ( 'NONE', *, *, #1128, .T. ) ;
#2741 = DIRECTION ( 'NONE',  ( -0.000000000000000000, -0.000000000000000000, 1.000000000000000000 ) ) ;
#2742 = FACE_BOUND ( 'NONE', #1336, .T. ) ;
#2743 = ADVANCED_FACE ( 'NONE', ( #3411, #2762 ), #5376, .F. ) ;
#2744 = DIRECTION ( 'NONE',  ( 0.4999999999999998890, 0.000000000000000000, -0.8660254037844387076 ) ) ;
#2745 = FACE_OUTER_BOUND ( 'NONE', #3097, .T. ) ;
#2746 = CARTESIAN_POINT ( 'NONE',  ( 53.00000000000000711, 118.0000000000011937, 8.000000000000000000 ) ) ;
#2747 = DIRECTION ( 'NONE',  ( -0.000000000000000000, -0.000000000000000000, 1.000000000000000000 ) ) ;
#2748 = VECTOR ( 'NONE', #4446, 1000.000000000000000 ) ;
#2749 = VERTEX_POINT ( 'NONE', #332 ) ;
#2750 = CARTESIAN_POINT ( 'NONE',  ( -3.078715288064818691E-14, 90.00000000000109424, 41.49999999999999289 ) ) ;
#2751 = PLANE ( 'NONE',  #2048 ) ;
#2752 = ORIENTED_EDGE ( 'NONE', *, *, #1033, .F. ) ;
#2753 = LINE ( 'NONE', #894, #2350 ) ;
#2754 = VERTEX_POINT ( 'NONE', #1615 ) ;
#2755 = DIRECTION ( 'NONE',  ( -0.000000000000000000, -0.000000000000000000, 1.000000000000000000 ) ) ;
#2756 = LINE ( 'NONE', #5950, #6471 ) ;
#2757 = EDGE_CURVE ( 'NONE', #4481, #2392, #2846, .T. ) ;
#2758 = DIRECTION ( 'NONE',  ( -0.5000000000000006661, 0.000000000000000000, 0.8660254037844382635 ) ) ;
#2759 = CARTESIAN_POINT ( 'NONE',  ( 62.00000000000000711, 134.9999999999999716, 13.00000000000000178 ) ) ;
#2760 = LINE ( 'NONE', #7811, #870 ) ;
#2761 = ORIENTED_EDGE ( 'NONE', *, *, #6908, .T. ) ;
#2762 = FACE_OUTER_BOUND ( 'NONE', #1178, .T. ) ;
#2763 = VERTEX_POINT ( 'NONE', #7769 ) ;
#2764 = VERTEX_POINT ( 'NONE', #6665 ) ;
#2765 = CARTESIAN_POINT ( 'NONE',  ( 12.00000000000001776, 118.0000000000011937, 80.00000000000000000 ) ) ;
#2766 = DIRECTION ( 'NONE',  ( -0.8660254037844384856, 0.000000000000000000, 0.5000000000000002220 ) ) ;
#2767 = CARTESIAN_POINT ( 'NONE',  ( 64.25000000000005684, 57.00000000000106581, 12.00000000000000000 ) ) ;
#2768 = ORIENTED_EDGE ( 'NONE', *, *, #3883, .T. ) ;
#2769 = ADVANCED_FACE ( 'NONE', ( #7159, #5335 ), #3537, .F. ) ;
#2770 = EDGE_CURVE ( 'NONE', #777, #5455, #947, .T. ) ;
#2771 = CARTESIAN_POINT ( 'NONE',  ( 63.20000000000000284, 139.9999999999999716, 8.000000000000000000 ) ) ;
#2772 = ORIENTED_EDGE ( 'NONE', *, *, #6333, .F. ) ;
#2773 = EDGE_CURVE ( 'NONE', #1977, #1829, #5958, .T. ) ;
#2774 = ORIENTED_EDGE ( 'NONE', *, *, #909, .F. ) ;
#2775 = AXIS2_PLACEMENT_3D ( 'NONE', #483, #570, #5492 ) ;
#2776 = LINE ( 'NONE', #4703, #7115 ) ;
#2777 = LINE ( 'NONE', #6548, #2132 ) ;
#2778 = FACE_OUTER_BOUND ( 'NONE', #4372, .T. ) ;
#2779 = DIRECTION ( 'NONE',  ( 0.000000000000000000, 0.000000000000000000, 1.000000000000000000 ) ) ;
#2780 = LINE ( 'NONE', #7832, #197 ) ;
#2781 = VECTOR ( 'NONE', #5421, 1000.000000000000000 ) ;
#2782 = CARTESIAN_POINT ( 'NONE',  ( 64.21000000000000796, 83.40000000000118519, 82.69499999999999318 ) ) ;
#2783 = ORIENTED_EDGE ( 'NONE', *, *, #2337, .T. ) ;
#2784 = CIRCLE ( 'NONE', #7920, 2.000000000000001776 ) ;
#2785 = CARTESIAN_POINT ( 'NONE',  ( 19.80000000000000071, 116.0000000000011795, 6.383419246269044223 ) ) ;
#2786 = CIRCLE ( 'NONE', #2012, 5.199999999999996625 ) ;
#2787 = DIRECTION ( 'NONE',  ( -1.000000000000000000, 0.000000000000000000, -0.000000000000000000 ) ) ;
#2788 = EDGE_LOOP ( 'NONE', ( #3709, #7752 ) ) ;
#2789 = LINE ( 'NONE', #4680, #5222 ) ;
#2790 = EDGE_CURVE ( 'NONE', #2845, #8069, #4198, .T. ) ;
#2791 = VECTOR ( 'NONE', #6043, 1000.000000000000000 ) ;
#2792 = VERTEX_POINT ( 'NONE', #4115 ) ;
#2793 = CIRCLE ( 'NONE', #3721, 1.599999999999997202 ) ;
#2794 = DIRECTION ( 'NONE',  ( -0.000000000000000000, 1.000000000000000000, -0.000000000000000000 ) ) ;
#2795 = CARTESIAN_POINT ( 'NONE',  ( 5.749999999999907629, 57.00000000000114397, 81.00000000000000000 ) ) ;
#2796 = EDGE_CURVE ( 'NONE', #2356, #4738, #2482, .T. ) ;
#2797 = VECTOR ( 'NONE', #5135, 1000.000000000000000 ) ;
#2798 = CARTESIAN_POINT ( 'NONE',  ( 67.01000000000001933, 88.00000000000119371, 84.31158075373095073 ) ) ;
#2799 = VECTOR ( 'NONE', #6118, 1000.000000000000000 ) ;
#2800 = FACE_OUTER_BOUND ( 'NONE', #7150, .T. ) ;
#2801 = DIRECTION ( 'NONE',  ( 0.000000000000000000, 0.000000000000000000, 1.000000000000000000 ) ) ;
#2802 = ORIENTED_EDGE ( 'NONE', *, *, #2125, .T. ) ;
#2803 = CARTESIAN_POINT ( 'NONE',  ( 5.789999999999999147, 83.40000000000118519, 10.30500000000000149 ) ) ;
#2804 = VERTEX_POINT ( 'NONE', #2922 ) ;
#2805 = DIRECTION ( 'NONE',  ( -1.000000000000000000, -3.965082230804130220E-16, 6.162975822039157357E-31 ) ) ;
#2806 = VECTOR ( 'NONE', #3815, 1000.000000000000000 ) ;
#2807 = EDGE_CURVE ( 'NONE', #1257, #2837, #1576, .T. ) ;
#2808 = EDGE_LOOP ( 'NONE', ( #7759, #4726, #4102, #686 ) ) ;
#2809 = DIRECTION ( 'NONE',  ( -1.000000000000000000, 0.000000000000000000, 0.000000000000000000 ) ) ;
#2810 = CARTESIAN_POINT ( 'NONE',  ( 0.000000000000000000, 0.000000000000000000, 0.000000000000000000 ) ) ;
#2811 = LINE ( 'NONE', #1582, #1801 ) ;
#2812 = VECTOR ( 'NONE', #6847, 1000.000000000000227 ) ;
#2813 = ORIENTED_EDGE ( 'NONE', *, *, #2068, .T. ) ;
#2814 = LINE ( 'NONE', #1047, #6914 ) ;
#2815 = EDGE_CURVE ( 'NONE', #4128, #1583, #3497, .T. ) ;
#2816 = VERTEX_POINT ( 'NONE', #7198 ) ;
#2817 = EDGE_CURVE ( 'NONE', #2598, #3254, #5419, .T. ) ;
#2818 = ORIENTED_EDGE ( 'NONE', *, *, #4172, .T. ) ;
#2819 = VECTOR ( 'NONE', #3573, 1000.000000000000000 ) ;
#2820 = DIRECTION ( 'NONE',  ( 1.000000000000000000, 0.000000000000000000, 0.000000000000000000 ) ) ;
#2821 = FACE_OUTER_BOUND ( 'NONE', #451, .T. ) ;
#2822 = CARTESIAN_POINT ( 'NONE',  ( 64.25000000000008527, 57.00000000000112976, 81.00000000000000000 ) ) ;
#2823 = CIRCLE ( 'NONE', #450, 1.649999999999998579 ) ;
#2824 = FACE_OUTER_BOUND ( 'NONE', #529, .T. ) ;
#2825 = PLANE ( 'NONE',  #5663 ) ;
#2826 = ORIENTED_EDGE ( 'NONE', *, *, #7174, .T. ) ;
#2827 = PRODUCT_DEFINITION ( 'UNKNOWN', '', #7421, #4859 ) ;
#2828 = CIRCLE ( 'NONE', #326, 5.199999999999996625 ) ;
#2829 = FACE_OUTER_BOUND ( 'NONE', #3880, .T. ) ;
#2830 = EDGE_CURVE ( 'NONE', #2816, #7756, #4773, .T. ) ;
#2831 = EDGE_CURVE ( 'NONE', #4798, #7783, #409, .T. ) ;
#2832 = CARTESIAN_POINT ( 'NONE',  ( 65.22242806076104671, 60.88971224304508922, 11.83076455514913228 ) ) ;
#2833 = LINE ( 'NONE', #5987, #6511 ) ;
#2834 = AXIS2_PLACEMENT_3D ( 'NONE', #5258, #258, #340 ) ;
#2835 = ORIENTED_EDGE ( 'NONE', *, *, #363, .F. ) ;
#2836 = PLANE ( 'NONE',  #6953 ) ;
#2837 = VERTEX_POINT ( 'NONE', #1294 ) ;
#2838 = CYLINDRICAL_SURFACE ( 'NONE', #2568, 1.649999999999991696 ) ;
#2839 = DIRECTION ( 'NONE',  ( 0.8660254037844375974, 0.000000000000000000, -0.5000000000000019984 ) ) ;
#2840 = DIRECTION ( 'NONE',  ( 1.000000000000000000, 0.000000000000000000, 0.000000000000000000 ) ) ;
#2841 = EDGE_CURVE ( 'NONE', #3947, #1669, #770, .T. ) ;
#2842 = EDGE_CURVE ( 'NONE', #2646, #6715, #6208, .T. ) ;
#2843 = DIRECTION ( 'NONE',  ( -0.8660254037844384856, 0.000000000000000000, -0.5000000000000002220 ) ) ;
#2844 = DIRECTION ( 'NONE',  ( -0.000000000000000000, 0.000000000000000000, -1.000000000000000000 ) ) ;
#2845 = VERTEX_POINT ( 'NONE', #494 ) ;
#2846 = LINE ( 'NONE', #4068, #1696 ) ;
#2847 = EDGE_LOOP ( 'NONE', ( #7158, #7981 ) ) ;
#2848 = CARTESIAN_POINT ( 'NONE',  ( 55.79999999999997584, 116.0000000000011795, 86.61658075373094334 ) ) ;
#2849 = ORIENTED_EDGE ( 'NONE', *, *, #4440, .F. ) ;
#2850 = AXIS2_PLACEMENT_3D ( 'NONE', #3801, #8029, #2492 ) ;
#2851 = DIRECTION ( 'NONE',  ( 0.000000000000000000, 0.000000000000000000, -1.000000000000000000 ) ) ;
#2852 = CARTESIAN_POINT ( 'NONE',  ( 16.99999999999999645, 115.0000000000011795, 11.23316150746190800 ) ) ;
#2853 = CARTESIAN_POINT ( 'NONE',  ( 35.00000000000000000, 37.00000000000000711, 4.900000000000000355 ) ) ;
#2854 = VERTEX_POINT ( 'NONE', #1828 ) ;
#2855 = CARTESIAN_POINT ( 'NONE',  ( 64.21000000000000796, 90.00000000000119371, 79.46183849253809228 ) ) ;
#2856 = ORIENTED_EDGE ( 'NONE', *, *, #5329, .F. ) ;
#2857 = VERTEX_POINT ( 'NONE', #3094 ) ;
#2858 = PLANE ( 'NONE',  #3065 ) ;
#2859 = CARTESIAN_POINT ( 'NONE',  ( 63.00000000000002842, 90.00000000000119371, 18.00000000000002132 ) ) ;
#2860 = DIRECTION ( 'NONE',  ( 1.000000000000000000, 0.000000000000000000, 0.000000000000000000 ) ) ;
#2861 = ADVANCED_FACE ( 'NONE', ( #1911 ), #7529, .F. ) ;
#2862 = CARTESIAN_POINT ( 'NONE',  ( 2.989999999999993996, 88.00000000000119371, 11.92158075373095549 ) ) ;
#2863 = CARTESIAN_POINT ( 'NONE',  ( 43.75000000000000000, 41.00000000000001421, 78.00000000000000000 ) ) ;
#2864 = CARTESIAN_POINT ( 'NONE',  ( 0.000000000000000000, 139.9999999999999716, 86.59999999999999432 ) ) ;
#2865 = ORIENTED_EDGE ( 'NONE', *, *, #2910, .T. ) ;
#2866 = CARTESIAN_POINT ( 'NONE',  ( 20.94999999999999218, 21.00000000000000355, 88.09999999999999432 ) ) ;
#2867 = CARTESIAN_POINT ( 'NONE',  ( 68.58217100243480502, 74.32868400974034273, 5.992423959807588574 ) ) ;
#2868 = AXIS2_PLACEMENT_3D ( 'NONE', #7072, #7686, #745 ) ;
#2869 = PLANE ( 'NONE',  #1412 ) ;
#2870 = ORIENTED_EDGE ( 'NONE', *, *, #3906, .F. ) ;
#2871 = EDGE_CURVE ( 'NONE', #4939, #5684, #6, .T. ) ;
#2872 = LINE ( 'NONE', #7879, #2213 ) ;
#2873 = ORIENTED_EDGE ( 'NONE', *, *, #116, .F. ) ;
#2874 = EDGE_CURVE ( 'NONE', #3158, #320, #6922, .T. ) ;
#2875 = EDGE_CURVE ( 'NONE', #2475, #3040, #2437, .T. ) ;
#2876 = CARTESIAN_POINT ( 'NONE',  ( 69.99999999999998579, 134.9999999999999716, 80.00000000000000000 ) ) ;
#2877 = EDGE_LOOP ( 'NONE', ( #7116, #6701, #5930, #3324 ) ) ;
#2878 = FACE_OUTER_BOUND ( 'NONE', #5102, .T. ) ;
#2879 = DIRECTION ( 'NONE',  ( 0.000000000000000000, -0.000000000000000000, 1.000000000000000000 ) ) ;
#2880 = DIRECTION ( 'NONE',  ( 0.000000000000000000, -0.000000000000000000, -1.000000000000000000 ) ) ;
#2881 = DIRECTION ( 'NONE',  ( 0.000000000000000000, 1.000000000000000000, 0.000000000000000000 ) ) ;
#2882 = ORIENTED_EDGE ( 'NONE', *, *, #456, .F. ) ;
#2883 = LINE ( 'NONE', #5251, #498 ) ;
#2884 = ORIENTED_EDGE ( 'NONE', *, *, #7666, .T. ) ;
#2885 = FACE_OUTER_BOUND ( 'NONE', #392, .T. ) ;
#2886 = ORIENTED_EDGE ( 'NONE', *, *, #7348, .F. ) ;
#2887 = CARTESIAN_POINT ( 'NONE',  ( 61.40999999999997527, 90.00000000000117950, 8.688419246269049268 ) ) ;
#2888 = DIRECTION ( 'NONE',  ( 1.000000000000000000, 0.000000000000000000, 9.912705577010326536E-16 ) ) ;
#2890 = EDGE_LOOP ( 'NONE', ( #3693, #3186, #5411, #99 ) ) ;
#2889 = DIRECTION ( 'NONE',  ( 1.000000000000000000, 0.000000000000000000, 0.000000000000000000 ) ) ;
#2891 = ORIENTED_EDGE ( 'NONE', *, *, #3572, .T. ) ;
#2892 = DIRECTION ( 'NONE',  ( -0.000000000000000000, -0.000000000000000000, 1.000000000000000000 ) ) ;
#2893 = VERTEX_POINT ( 'NONE', #7405 ) ;
#2894 = ADVANCED_FACE ( 'NONE', ( #8063, #7448 ), #535, .T. ) ;
#2895 = DIRECTION ( 'NONE',  ( -1.000000000000000000, 0.000000000000000000, 0.000000000000000000 ) ) ;
#2896 = CARTESIAN_POINT ( 'NONE',  ( 30.00000000000000355, 34.13021325036269360, 4.900000000000000355 ) ) ;
#2897 = CARTESIAN_POINT ( 'NONE',  ( 2.989999999999994440, 88.00000000000119371, 8.688419246269045715 ) ) ;
#2898 = PLANE ( 'NONE',  #7807 ) ;
#2899 = CARTESIAN_POINT ( 'NONE',  ( 66.03657019138225337, 64.14628076552993718, 81.78674320360551064 ) ) ;
#2900 = CARTESIAN_POINT ( 'NONE',  ( 5.789999999999998259, 88.00000000000119371, 13.53816150746191127 ) ) ;
#2901 = ORIENTED_EDGE ( 'NONE', *, *, #4137, .T. ) ;
#2902 = VECTOR ( 'NONE', #354, 1000.000000000000000 ) ;
#2903 = EDGE_CURVE ( 'NONE', #7555, #6795, #2476, .T. ) ;
#2904 = CARTESIAN_POINT ( 'NONE',  ( 34.99999999999999289, 37.00000000000000711, 88.09999999999999432 ) ) ;
#2905 = CARTESIAN_POINT ( 'NONE',  ( 0.000000000000000000, 80.00000000000109424, 92.78603811338842888 ) ) ;
#2906 = VECTOR ( 'NONE', #6127, 1000.000000000000000 ) ;
#2907 = DIRECTION ( 'NONE',  ( 0.000000000000000000, -1.000000000000000000, 0.000000000000000000 ) ) ;
#2908 = VERTEX_POINT ( 'NONE', #3751 ) ;
#2909 = LINE ( 'NONE', #4759, #5488 ) ;
#2910 = EDGE_CURVE ( 'NONE', #5833, #5455, #3136, .T. ) ;
#2911 = VERTEX_POINT ( 'NONE', #7485 ) ;
#2912 = DIRECTION ( 'NONE',  ( -0.000000000000000000, -1.000000000000000000, -0.000000000000000000 ) ) ;
#2913 = VECTOR ( 'NONE', #6021, 1000.000000000000000 ) ;
#2914 = ORIENTED_EDGE ( 'NONE', *, *, #5273, .F. ) ;
#2915 = CARTESIAN_POINT ( 'NONE',  ( 39.00000000000000000, 57.00000000000000711, 78.00000000000000000 ) ) ;
#2916 = ORIENTED_EDGE ( 'NONE', *, *, #1061, .F. ) ;
#2917 = DIRECTION ( 'NONE',  ( 0.000000000000000000, 0.000000000000000000, 1.000000000000000000 ) ) ;
#2918 = FACE_OUTER_BOUND ( 'NONE', #4138, .T. ) ;
#2919 = DIRECTION ( 'NONE',  ( -0.000000000000000000, -0.000000000000000000, -1.000000000000000000 ) ) ;
#2920 = VECTOR ( 'NONE', #4175, 1000.000000000000000 ) ;
#2921 = ORIENTED_EDGE ( 'NONE', *, *, #6519, .T. ) ;
#2922 = CARTESIAN_POINT ( 'NONE',  ( 0.000000000000000000, 145.0000000000000000, 80.00000000000000000 ) ) ;
#2923 = ORIENTED_EDGE ( 'NONE', *, *, #7380, .T. ) ;
#2924 = DIRECTION ( 'NONE',  ( -0.8660254037844375974, 0.000000000000000000, 0.5000000000000019984 ) ) ;
#2925 = EDGE_CURVE ( 'NONE', #3457, #1025, #1122, .T. ) ;
#2926 = VECTOR ( 'NONE', #3711, 1000.000000000000000 ) ;
#2927 = VECTOR ( 'NONE', #1477, 1000.000000000000000 ) ;
#2928 = ORIENTED_EDGE ( 'NONE', *, *, #1713, .T. ) ;
#2929 = CYLINDRICAL_SURFACE ( 'NONE', #6734, 2.000000000000001776 ) ;
#2930 = EDGE_CURVE ( 'NONE', #301, #6093, #3703, .T. ) ;
#2931 = CARTESIAN_POINT ( 'NONE',  ( 34.99999999999999289, 56.99999999999999289, 13.79999999999999893 ) ) ;
#2933 = VERTEX_POINT ( 'NONE', #6164 ) ;
#2932 = CARTESIAN_POINT ( 'NONE',  ( 34.99999999999999289, 21.00000000000000355, 79.20000000000000284 ) ) ;
#2934 = ORIENTED_EDGE ( 'NONE', *, *, #2228, .T. ) ;
#2935 = DIRECTION ( 'NONE',  ( 0.000000000000000000, 0.000000000000000000, 1.000000000000000000 ) ) ;
#2936 = VECTOR ( 'NONE', #3354, 1000.000000000000000 ) ;
#2937 = EDGE_LOOP ( 'NONE', ( #5915, #3085, #1570, #2649 ) ) ;
#2938 = DIRECTION ( 'NONE',  ( -0.000000000000000000, 1.000000000000000000, -0.000000000000000000 ) ) ;
#2939 = VECTOR ( 'NONE', #644, 1000.000000000000000 ) ;
#2940 = DIRECTION ( 'NONE',  ( -0.8660254037844392627, 0.000000000000000000, 0.4999999999999987232 ) ) ;
#2941 = CARTESIAN_POINT ( 'NONE',  ( 70.00000000000000000, 81.58800596674578287, 87.00000000000002842 ) ) ;
#2942 = LINE ( 'NONE', #2862, #2310 ) ;
#2943 = EDGE_CURVE ( 'NONE', #1705, #2470, #7980, .T. ) ;
#2944 = CARTESIAN_POINT ( 'NONE',  ( 59.21000000000000796, 82.00000000000117950, 15.00000000000000533 ) ) ;
#2945 = EDGE_CURVE ( 'NONE', #320, #836, #2355, .T. ) ;
#2946 = AXIS2_PLACEMENT_3D ( 'NONE', #5100, #5676, #7074 ) ;
#2947 = CARTESIAN_POINT ( 'NONE',  ( 19.39091065476869957, 2.436357380925246563, 81.00000000000000000 ) ) ;
#2948 = AXIS2_PLACEMENT_3D ( 'NONE', #4401, #3207, #8101 ) ;
#2949 = ORIENTED_EDGE ( 'NONE', *, *, #372, .T. ) ;
#2950 = CIRCLE ( 'NONE', #71, 2.000000000000001776 ) ;
#2951 = CARTESIAN_POINT ( 'NONE',  ( 63.20000000000000284, 139.9999999999999716, 8.000000000000000000 ) ) ;
#2952 = CARTESIAN_POINT ( 'NONE',  ( 67.16051235571788425, 68.64204942287253175, 9.762779716337195879 ) ) ;
#2953 = ORIENTED_EDGE ( 'NONE', *, *, #5893, .F. ) ;
#2954 = DIRECTION ( 'NONE',  ( 1.000000000000000000, 0.000000000000000000, 0.000000000000000000 ) ) ;
#2955 = AXIS2_PLACEMENT_3D ( 'NONE', #2001, #4502, #7017 ) ;
#2956 = VERTEX_POINT ( 'NONE', #6874 ) ;
#2957 = CARTESIAN_POINT ( 'NONE',  ( 47.99999999999999289, 118.0000000000011937, 80.00000000000000000 ) ) ;
#2958 = ORIENTED_EDGE ( 'NONE', *, *, #7095, .F. ) ;
#2959 = ORIENTED_EDGE ( 'NONE', *, *, #2469, .F. ) ;
#2960 = DIRECTION ( 'NONE',  ( -1.000000000000000000, -0.000000000000000000, 0.000000000000000000 ) ) ;
#2961 = EDGE_LOOP ( 'NONE', ( #1775, #7971, #3760, #2117 ) ) ;
#2962 = EDGE_CURVE ( 'NONE', #5948, #3994, #4236, .T. ) ;
#2963 = AXIS2_PLACEMENT_3D ( 'NONE', #4658, #4005, #4582 ) ;
#2964 = AXIS2_PLACEMENT_3D ( 'NONE', #3269, #5736, #1502 ) ;
#2965 = DIRECTION ( 'NONE',  ( -0.000000000000000000, -1.000000000000000000, -0.000000000000000000 ) ) ;
#2966 = LINE ( 'NONE', #1782, #1386 ) ;
#2967 = ADVANCED_FACE ( 'NONE', ( #4896 ), #1251, .F. ) ;
#2968 = DIRECTION ( 'NONE',  ( 1.000000000000000000, 0.000000000000000000, 0.000000000000000000 ) ) ;
#2969 = VERTEX_POINT ( 'NONE', #5015 ) ;
#2970 = DIRECTION ( 'NONE',  ( 0.000000000000000000, 0.000000000000000000, 1.000000000000000000 ) ) ;
#2971 = VERTEX_POINT ( 'NONE', #2064 ) ;
#2972 = DIRECTION ( 'NONE',  ( 1.000000000000000000, 0.000000000000000000, 0.000000000000000000 ) ) ;
#2973 = UNCERTAINTY_MEASURE_WITH_UNIT (LENGTH_MEASURE( 1.000000000000000082E-05 ), #1197, 'distance_accuracy_value', 'NONE');
#2974 = ORIENTED_EDGE ( 'NONE', *, *, #1848, .T. ) ;
#2975 = CARTESIAN_POINT ( 'NONE',  ( 5.790000000000016911, 88.00000000000119371, 79.46183849253809228 ) ) ;
#2976 = LINE ( 'NONE', #5429, #5422 ) ;
#2977 = VECTOR ( 'NONE', #779, 1000.000000000000000 ) ;
#2979 = ORIENTED_EDGE ( 'NONE', *, *, #2663, .T. ) ;
#2978 = CARTESIAN_POINT ( 'NONE',  ( 0.000000000000000000, 0.000000000000000000, 80.00000000000000000 ) ) ;
#2980 = EDGE_LOOP ( 'NONE', ( #5387, #1910, #4886, #5634, #4764, #2266, #5349, #2531 ) ) ;
#2981 = CARTESIAN_POINT ( 'NONE',  ( 0.000000000000000000, 0.000000000000000000, 14.00000000000003020 ) ) ;
#2982 = ORIENTED_EDGE ( 'NONE', *, *, #373, .F. ) ;
#2983 = EDGE_CURVE ( 'NONE', #2063, #1506, #3871, .T. ) ;
#2984 = ADVANCED_FACE ( 'NONE', ( #91 ), #6447, .F. ) ;
#2985 = EDGE_CURVE ( 'NONE', #5793, #509, #4562, .T. ) ;
#2986 = ORIENTED_EDGE ( 'NONE', *, *, #2110, .T. ) ;
#2987 = LINE ( 'NONE', #3642, #7908 ) ;
#2988 = CARTESIAN_POINT ( 'NONE',  ( 39.99999999999999289, 37.00000000000000711, 88.09999999999999432 ) ) ;
#2989 = CARTESIAN_POINT ( 'NONE',  ( 0.000000000000000000, 88.00000000000119371, 0.000000000000000000 ) ) ;
#2990 = DIRECTION ( 'NONE',  ( -0.000000000000000000, 1.000000000000000000, -0.000000000000000000 ) ) ;
#2991 = PLANE ( 'NONE',  #2298 ) ;
#2992 = CARTESIAN_POINT ( 'NONE',  ( 19.71966991411008863, 1.121320343559675692, 80.12132034355964549 ) ) ;
#2993 = ORIENTED_EDGE ( 'NONE', *, *, #5708, .T. ) ;
#2994 = EDGE_CURVE ( 'NONE', #8011, #5887, #2604, .T. ) ;
#2995 = CARTESIAN_POINT ( 'NONE',  ( 0.4222842689656300941, 78.31086292413854721, 0.6775536747321141418 ) ) ;
#2996 = CARTESIAN_POINT ( 'NONE',  ( 68.61789696912569525, 74.47158787650386103, 5.840237973637583124 ) ) ;
#2997 = ORIENTED_EDGE ( 'NONE', *, *, #4390, .F. ) ;
#2998 = DIRECTION ( 'NONE',  ( -0.000000000000000000, 1.000000000000000000, -0.000000000000000000 ) ) ;
#2999 = ORIENTED_EDGE ( 'NONE', *, *, #403, .F. ) ;
#3000 = EDGE_CURVE ( 'NONE', #5476, #1739, #3388, .T. ) ;
#3001 = CARTESIAN_POINT ( 'NONE',  ( 69.99999999999998579, 86.00000000000113687, 90.00000000000000000 ) ) ;
#3002 = ORIENTED_EDGE ( 'NONE', *, *, #2452, .F. ) ;
#3003 = ORIENTED_EDGE ( 'NONE', *, *, #7699, .F. ) ;
#3004 = FACE_OUTER_BOUND ( 'NONE', #4364, .T. ) ;
#3005 = VECTOR ( 'NONE', #6691, 1000.000000000000000 ) ;
#3006 = CARTESIAN_POINT ( 'NONE',  ( 30.00000000000000355, 34.13021325036269360, 4.900000000000000355 ) ) ;
#3007 = CARTESIAN_POINT ( 'NONE',  ( 8.590000000000014069, 88.00000000000119371, 84.31158075373095073 ) ) ;
#3008 = CARTESIAN_POINT ( 'NONE',  ( 30.99999999999999289, 57.00000000000000711, 79.20000000000000284 ) ) ;
#3009 = ORIENTED_EDGE ( 'NONE', *, *, #4423, .T. ) ;
#3010 = DIRECTION ( 'NONE',  ( -0.000000000000000000, -1.000000000000000000, -0.000000000000000000 ) ) ;
#3011 = ORIENTED_EDGE ( 'NONE', *, *, #6971, .F. ) ;
#3012 = LINE ( 'NONE', #1790, #2906 ) ;
#3013 = ORIENTED_EDGE ( 'NONE', *, *, #2634, .F. ) ;
#3014 = EDGE_CURVE ( 'NONE', #2139, #2572, #4105, .T. ) ;
#3015 = EDGE_CURVE ( 'NONE', #6413, #6073, #7642, .T. ) ;
#3016 = ORIENTED_EDGE ( 'NONE', *, *, #1456, .F. ) ;
#3017 = CARTESIAN_POINT ( 'NONE',  ( 47.24999999999998579, 41.00000000000001421, 80.00000000000000000 ) ) ;
#3018 = CARTESIAN_POINT ( 'NONE',  ( 63.20000000000000284, 139.9999999999999716, 84.99999999999998579 ) ) ;
#3020 = ORIENTED_EDGE ( 'NONE', *, *, #4225, .F. ) ;
#3019 = LINE ( 'NONE', #5510, #6108 ) ;
#3021 = EDGE_LOOP ( 'NONE', ( #6803, #4593, #5855, #6753 ) ) ;
#3022 = CARTESIAN_POINT ( 'NONE',  ( 59.20999999999999375, 90.00000000000117950, 3.000000000000002665 ) ) ;
#3023 = ORIENTED_EDGE ( 'NONE', *, *, #1940, .T. ) ;
#3024 = EDGE_LOOP ( 'NONE', ( #580, #7232, #5092, #7216 ) ) ;
#3025 = DIRECTION ( 'NONE',  ( 0.000000000000000000, 0.000000000000000000, -1.000000000000000000 ) ) ;
#3026 = CARTESIAN_POINT ( 'NONE',  ( 39.00000000000000000, 56.99999999999999289, 13.79999999999999893 ) ) ;
#3027 = EDGE_CURVE ( 'NONE', #6116, #1583, #6374, .T. ) ;
#3028 = PLANE ( 'NONE',  #2423 ) ;
#3029 = DIRECTION ( 'NONE',  ( 0.000000000000000000, 0.000000000000000000, -1.000000000000000000 ) ) ;
#3030 = ADVANCED_FACE ( 'NONE', ( #3250 ), #5209, .F. ) ;
#3031 = CARTESIAN_POINT ( 'NONE',  ( 69.20999999999997954, 82.00000000000117950, 41.50000000000000000 ) ) ;
#3032 = CARTESIAN_POINT ( 'NONE',  ( 19.18933982822018791, 3.242640687119316745, 81.00000000000000000 ) ) ;
#3033 = ORIENTED_EDGE ( 'NONE', *, *, #2366, .F. ) ;
#3034 = LINE ( 'NONE', #2299, #5138 ) ;
#3035 = FACE_OUTER_BOUND ( 'NONE', #925, .T. ) ;
#3036 = ORIENTED_EDGE ( 'NONE', *, *, #5866, .F. ) ;
#3037 = FACE_OUTER_BOUND ( 'NONE', #1793, .T. ) ;
#3038 = ORIENTED_EDGE ( 'NONE', *, *, #7438, .T. ) ;
#3039 = DIRECTION ( 'NONE',  ( 1.000000000000000000, 0.000000000000000000, 0.000000000000000000 ) ) ;
#3040 = VERTEX_POINT ( 'NONE', #1482 ) ;
#3041 = ORIENTED_EDGE ( 'NONE', *, *, #4581, .F. ) ;
#3042 = DIRECTION ( 'NONE',  ( -0.000000000000000000, -0.000000000000000000, -1.000000000000000000 ) ) ;
#3043 = AXIS2_PLACEMENT_3D ( 'NONE', #1438, #194, #5781 ) ;
#3044 = EDGE_CURVE ( 'NONE', #131, #3989, #776, .T. ) ;
#3045 = CARTESIAN_POINT ( 'NONE',  ( 69.20999999999999375, 82.00000000000117950, 4.527864045000375093 ) ) ;
#3046 = DIRECTION ( 'NONE',  ( -1.000000000000000000, 0.000000000000000000, 0.000000000000000000 ) ) ;
#3047 = EDGE_LOOP ( 'NONE', ( #2882, #3696 ) ) ;
#3048 = DIRECTION ( 'NONE',  ( 0.4999999999999998335, 0.000000000000000000, -0.8660254037844388186 ) ) ;
#3049 = AXIS2_PLACEMENT_3D ( 'NONE', #3353, #4049, #7134 ) ;
#3050 = ORIENTED_EDGE ( 'NONE', *, *, #5568, .T. ) ;
#3051 = FACE_OUTER_BOUND ( 'NONE', #6526, .T. ) ;
#3052 = AXIS2_PLACEMENT_3D ( 'NONE', #1393, #5118, #7669 ) ;
#3053 = VERTEX_POINT ( 'NONE', #6298 ) ;
#3054 = ORIENTED_EDGE ( 'NONE', *, *, #4553, .T. ) ;
#3055 = AXIS2_PLACEMENT_3D ( 'NONE', #2496, #3887, #7548 ) ;
#3056 = CARTESIAN_POINT ( 'NONE',  ( 69.20999999999997954, 82.00000000000117950, 88.47213595499961514 ) ) ;
#3057 = AXIS2_PLACEMENT_3D ( 'NONE', #4551, #6434, #5857 ) ;
#3058 = DIRECTION ( 'NONE',  ( 0.000000000000000000, 0.000000000000000000, -1.000000000000000000 ) ) ;
#3060 = ORIENTED_EDGE ( 'NONE', *, *, #7609, .F. ) ;
#3059 = LINE ( 'NONE', #8072, #4543 ) ;
#3061 = ORIENTED_EDGE ( 'NONE', *, *, #6314, .F. ) ;
#3062 = PLANE ( 'NONE',  #7708 ) ;
#3063 = EDGE_LOOP ( 'NONE', ( #3366, #6798, #6458, #7990 ) ) ;
#3064 = CIRCLE ( 'NONE', #7648, 2.000000000000001776 ) ;
#3065 = AXIS2_PLACEMENT_3D ( 'NONE', #1010, #6766, #3025 ) ;
#3066 = EDGE_LOOP ( 'NONE', ( #1453, #6002 ) ) ;
#3067 = DIRECTION ( 'NONE',  ( 0.1740776559556955760, 0.6963106238227916300, -0.6963106238227916300 ) ) ;
#3068 = DIRECTION ( 'NONE',  ( 1.000000000000000000, 0.000000000000000000, 0.000000000000000000 ) ) ;
#3069 = EDGE_CURVE ( 'NONE', #7721, #6463, #662, .T. ) ;
#3070 = DIRECTION ( 'NONE',  ( 0.000000000000000000, -1.000000000000000000, 0.000000000000000000 ) ) ;
#3071 = CARTESIAN_POINT ( 'NONE',  ( 1.836970198721030378E-15, 134.9999999999999716, 3.000000000000000000 ) ) ;
#3072 = CIRCLE ( 'NONE', #5037, 5.200000000000009948 ) ;
#3073 = VECTOR ( 'NONE', #7846, 1000.000000000000000 ) ;
#3074 = LINE ( 'NONE', #7342, #5299 ) ;
#3075 = CARTESIAN_POINT ( 'NONE',  ( 64.21000000000000796, 83.40000000000118519, 80.69499999999999318 ) ) ;
#3076 = CARTESIAN_POINT ( 'NONE',  ( 43.75000000000000000, 41.00000000000001421, 80.00000000000000000 ) ) ;
#3077 = ORIENTED_EDGE ( 'NONE', *, *, #8103, .F. ) ;
#3078 = VECTOR ( 'NONE', #3644, 1000.000000000000000 ) ;
#3079 = CARTESIAN_POINT ( 'NONE',  ( 26.25000000000000355, 41.00000000000001421, 13.00000000000000178 ) ) ;
#3080 = DIRECTION ( 'NONE',  ( 0.000000000000000000, 1.000000000000000000, 0.000000000000000000 ) ) ;
#3081 = ORIENTED_EDGE ( 'NONE', *, *, #34, .F. ) ;
#3082 = ADVANCED_FACE ( 'NONE', ( #821, #6959 ), #5098, .T. ) ;
#3083 = DIRECTION ( 'NONE',  ( -0.000000000000000000, 1.000000000000000000, 0.000000000000000000 ) ) ;
#3084 = EDGE_LOOP ( 'NONE', ( #4657, #5326, #2493, #4991 ) ) ;
#3085 = ORIENTED_EDGE ( 'NONE', *, *, #808, .F. ) ;
#3086 = ADVANCED_FACE ( 'NONE', ( #7571 ), #124, .T. ) ;
#3087 = VERTEX_POINT ( 'NONE', #3170 ) ;
#3088 = VECTOR ( 'NONE', #7004, 1000.000000000000000 ) ;
#3089 = DIRECTION ( 'NONE',  ( 0.000000000000000000, 0.000000000000000000, -1.000000000000000000 ) ) ;
#3090 = CARTESIAN_POINT ( 'NONE',  ( 14.20000000000001528, 115.0000000000011795, 86.61658075373097176 ) ) ;
#3091 = FACE_OUTER_BOUND ( 'NONE', #5782, .T. ) ;
#3092 = AXIS2_PLACEMENT_3D ( 'NONE', #3657, #6784, #1067 ) ;
#3093 = ORIENTED_EDGE ( 'NONE', *, *, #6566, .T. ) ;
#3094 = CARTESIAN_POINT ( 'NONE',  ( 39.00000000000000711, 24.32264954516723776, 13.79999999999999893 ) ) ;
#3095 = ORIENTED_EDGE ( 'NONE', *, *, #5267, .T. ) ;
#3096 = FACE_OUTER_BOUND ( 'NONE', #1984, .T. ) ;
#3097 = EDGE_LOOP ( 'NONE', ( #6758, #7246, #4953, #2130 ) ) ;
#3098 = CIRCLE ( 'NONE', #3229, 3.999999999999996447 ) ;
#3099 = AXIS2_PLACEMENT_3D ( 'NONE', #3190, #7428, #6145 ) ;
#3100 = EDGE_CURVE ( 'NONE', #3755, #7948, #3210, .T. ) ;
#3101 = ORIENTED_EDGE ( 'NONE', *, *, #7286, .T. ) ;
#3102 = DIRECTION ( 'NONE',  ( 1.000000000000000000, 0.000000000000000000, 0.000000000000000000 ) ) ;
#3103 = CARTESIAN_POINT ( 'NONE',  ( 10.79000000000000092, 82.00000000000117950, 15.00000000000000178 ) ) ;
#3105 = ORIENTED_EDGE ( 'NONE', *, *, #3529, .F. ) ;
#3104 = DIRECTION ( 'NONE',  ( 0.000000000000000000, 0.000000000000000000, -1.000000000000000000 ) ) ;
#3106 = ORIENTED_EDGE ( 'NONE', *, *, #1022, .T. ) ;
#3107 = FACE_OUTER_BOUND ( 'NONE', #3761, .T. ) ;
#3108 = CIRCLE ( 'NONE', #1271, 1.600000000000001643 ) ;
#3109 = VECTOR ( 'NONE', #7045, 1000.000000000000227 ) ;
#3110 = ORIENTED_EDGE ( 'NONE', *, *, #567, .F. ) ;
#3111 = ORIENTED_EDGE ( 'NONE', *, *, #7095, .T. ) ;
#3112 = CARTESIAN_POINT ( 'NONE',  ( 39.00000000000000711, 21.00000000000000355, 13.79999999999999893 ) ) ;
#3113 = VECTOR ( 'NONE', #943, 1000.000000000000000 ) ;
#3114 = DIRECTION ( 'NONE',  ( -1.000000000000000000, 0.000000000000000000, 0.000000000000000000 ) ) ;
#3115 = DIRECTION ( 'NONE',  ( -0.000000000000000000, 1.000000000000000000, -0.000000000000000000 ) ) ;
#3116 = LINE ( 'NONE', #4256, #989 ) ;
#3117 = DIRECTION ( 'NONE',  ( -1.000000000000000000, -0.000000000000000000, -0.000000000000000000 ) ) ;
#3118 = PLANE ( 'NONE',  #5985 ) ;
#3119 = CARTESIAN_POINT ( 'NONE',  ( 22.00000000000002132, 115.0000000000011795, 90.00000000000000000 ) ) ;
#3120 = AXIS2_PLACEMENT_3D ( 'NONE', #4402, #7604, #7525 ) ;
#3121 = ORIENTED_EDGE ( 'NONE', *, *, #6396, .T. ) ;
#3122 = PLANE ( 'NONE',  #1613 ) ;
#3123 = EDGE_CURVE ( 'NONE', #5830, #5504, #5059, .T. ) ;
#3124 = DIRECTION ( 'NONE',  ( 0.000000000000000000, 0.000000000000000000, -1.000000000000000000 ) ) ;
#3125 = CARTESIAN_POINT ( 'NONE',  ( 1.366852939715517579, 74.53258824113895287, 5.774235471675353892 ) ) ;
#3126 = EDGE_LOOP ( 'NONE', ( #4062, #4216, #1843, #1339 ) ) ;
#3127 = CARTESIAN_POINT ( 'NONE',  ( 8.590000000000001634, 88.00000000000119371, 8.688419246269045715 ) ) ;
#3128 = VERTEX_POINT ( 'NONE', #3286 ) ;
#3129 = VERTEX_POINT ( 'NONE', #158 ) ;
#3130 = PLANE ( 'NONE',  #1367 ) ;
#3131 = EDGE_CURVE ( 'NONE', #2684, #3209, #2680, .T. ) ;
#3132 = CARTESIAN_POINT ( 'NONE',  ( 42.10000000000000142, 41.00000000000001421, 78.00000000000000000 ) ) ;
#3133 = EDGE_CURVE ( 'NONE', #7282, #714, #360, .T. ) ;
#3134 = EDGE_CURVE ( 'NONE', #2893, #5793, #2872, .T. ) ;
#3135 = VERTEX_POINT ( 'NONE', #5363 ) ;
#3136 = LINE ( 'NONE', #4980, #650 ) ;
#3137 = VERTEX_POINT ( 'NONE', #2216 ) ;
#3138 = CARTESIAN_POINT ( 'NONE',  ( 61.40999999999998238, 90.00000000000119371, 81.07841924626904984 ) ) ;
#3139 = ORIENTED_EDGE ( 'NONE', *, *, #2413, .F. ) ;
#3140 = VECTOR ( 'NONE', #4493, 1000.000000000000000 ) ;
#3141 = ORIENTED_EDGE ( 'NONE', *, *, #1089, .T. ) ;
#3142 = DIRECTION ( 'NONE',  ( 0.000000000000000000, 0.000000000000000000, 1.000000000000000000 ) ) ;
#3143 = PLANE ( 'NONE',  #5572 ) ;
#3145 = ORIENTED_EDGE ( 'NONE', *, *, #4729, .T. ) ;
#3144 = LINE ( 'NONE', #2525, #3890 ) ;
#3146 = ORIENTED_EDGE ( 'NONE', *, *, #4711, .F. ) ;
#3147 = CARTESIAN_POINT ( 'NONE',  ( 62.00000000000000711, 145.0000000000000000, 4.999999999999995559 ) ) ;
#3148 = ORIENTED_EDGE ( 'NONE', *, *, #8100, .T. ) ;
#3149 = ORIENTED_EDGE ( 'NONE', *, *, #7390, .F. ) ;
#3150 = DIRECTION ( 'NONE',  ( -0.000000000000000000, -1.000000000000000000, -0.000000000000000000 ) ) ;
#3151 = CARTESIAN_POINT ( 'NONE',  ( 0.000000000000000000, 145.0000000000000000, 4.999999999999995559 ) ) ;
#3152 = CARTESIAN_POINT ( 'NONE',  ( 10.78999999999999737, 86.00000000000112266, 3.000000000000002665 ) ) ;
#3153 = DIRECTION ( 'NONE',  ( -0.000000000000000000, -0.000000000000000000, 1.000000000000000000 ) ) ;
#3154 = PLANE ( 'NONE',  #1655 ) ;
#3155 = EDGE_CURVE ( 'NONE', #4758, #597, #2789, .T. ) ;
#3156 = CYLINDRICAL_SURFACE ( 'NONE', #748, 11.05000000000000426 ) ;
#3157 = DIRECTION ( 'NONE',  ( -0.000000000000000000, -0.000000000000000000, -1.000000000000000000 ) ) ;
#3158 = VERTEX_POINT ( 'NONE', #7926 ) ;
#3159 = DIRECTION ( 'NONE',  ( -0.000000000000000000, 0.000000000000000000, 1.000000000000000000 ) ) ;
#3160 = DIRECTION ( 'NONE',  ( 1.000000000000000000, -0.000000000000000000, -0.000000000000000000 ) ) ;
#3161 = DIRECTION ( 'NONE',  ( 1.000000000000000000, 0.000000000000000000, -0.000000000000000000 ) ) ;
#3162 = LINE ( 'NONE', #1283, #1880 ) ;
#3163 = LINE ( 'NONE', #6438, #679 ) ;
#3164 = EDGE_LOOP ( 'NONE', ( #2405, #3306, #1207, #4457 ) ) ;
#3165 = EDGE_CURVE ( 'NONE', #7314, #569, #7186, .T. ) ;
#3166 = PLANE ( 'NONE',  #302 ) ;
#3167 = EDGE_CURVE ( 'NONE', #195, #5579, #979, .T. ) ;
#3168 = CARTESIAN_POINT ( 'NONE',  ( 5.789999999999997371, 88.00000000000119371, 7.071838492538093490 ) ) ;
#3169 = ORIENTED_EDGE ( 'NONE', *, *, #1360, .F. ) ;
#3170 = CARTESIAN_POINT ( 'NONE',  ( 37.00000000000000711, 37.00000000000000711, 9.500000000000000000 ) ) ;
#3171 = EDGE_CURVE ( 'NONE', #1243, #2369, #5884, .T. ) ;
#3172 = ORIENTED_EDGE ( 'NONE', *, *, #4470, .T. ) ;
#3173 = DIRECTION ( 'NONE',  ( -1.000000000000000000, -0.000000000000000000, -0.000000000000000000 ) ) ;
#3174 = VECTOR ( 'NONE', #4877, 1000.000000000000114 ) ;
#3175 = CARTESIAN_POINT ( 'NONE',  ( 0.000000000000000000, 0.000000000000000000, 3.000000000000000000 ) ) ;
#3176 = CARTESIAN_POINT ( 'NONE',  ( 34.99999999999999289, 21.00000000000000355, 81.00000000000000000 ) ) ;
#3178 = ORIENTED_EDGE ( 'NONE', *, *, #6396, .F. ) ;
#3177 = FACE_OUTER_BOUND ( 'NONE', #6268, .T. ) ;
#3179 = VECTOR ( 'NONE', #5774, 1000.000000000000000 ) ;
#3180 = ORIENTED_EDGE ( 'NONE', *, *, #2925, .F. ) ;
#3181 = DIRECTION ( 'NONE',  ( 0.000000000000000000, 0.000000000000000000, -1.000000000000000000 ) ) ;
#3182 = VERTEX_POINT ( 'NONE', #3439 ) ;
#3183 = AXIS2_PLACEMENT_3D ( 'NONE', #3469, #919, #2164 ) ;
#3184 = EDGE_CURVE ( 'NONE', #4040, #3909, #2491, .T. ) ;
#3185 = AXIS2_PLACEMENT_3D ( 'NONE', #4434, #7475, #8093 ) ;
#3186 = ORIENTED_EDGE ( 'NONE', *, *, #4729, .F. ) ;
#3187 = CARTESIAN_POINT ( 'NONE',  ( -3.078715288064818691E-14, 90.00000000000109424, 51.50000000000000711 ) ) ;
#3188 = FACE_OUTER_BOUND ( 'NONE', #2614, .T. ) ;
#3189 = CARTESIAN_POINT ( 'NONE',  ( 64.20999999999999375, 88.00000000000119371, 8.305000000000005045 ) ) ;
#3190 = CARTESIAN_POINT ( 'NONE',  ( 34.99999999999999289, 21.00000000000000355, 81.00000000000000000 ) ) ;
#3191 = CARTESIAN_POINT ( 'NONE',  ( 45.39999999999999858, 41.00000000000001421, 77.00000000000000000 ) ) ;
#3192 = DIRECTION ( 'NONE',  ( 0.000000000000000000, -0.000000000000000000, 1.000000000000000000 ) ) ;
#3193 = VECTOR ( 'NONE', #3379, 1000.000000000000000 ) ;
#3194 = CARTESIAN_POINT ( 'NONE',  ( 64.21000000000000796, 90.00000000000119371, 79.46183849253809228 ) ) ;
#3195 = ORIENTED_EDGE ( 'NONE', *, *, #2874, .T. ) ;
#3196 = CARTESIAN_POINT ( 'NONE',  ( -2.675000000000016254, 77.00000000000109424, 81.00000000000001421 ) ) ;
#3197 = AXIS2_PLACEMENT_3D ( 'NONE', #2232, #6669, #2851 ) ;
#3198 = LINE ( 'NONE', #2050, #413 ) ;
#3199 = VECTOR ( 'NONE', #856, 1000.000000000000000 ) ;
#3200 = DIRECTION ( 'NONE',  ( 0.000000000000000000, 0.000000000000000000, -1.000000000000000000 ) ) ;
#3201 = CARTESIAN_POINT ( 'NONE',  ( 29.74999999999999645, 41.00000000000001421, 13.00000000000000178 ) ) ;
#3202 = CARTESIAN_POINT ( 'NONE',  ( 14.20000000000001528, 115.0000000000011795, 86.61658075373097176 ) ) ;
#3203 = VECTOR ( 'NONE', #4706, 1000.000000000000000 ) ;
#3204 = ORIENTED_EDGE ( 'NONE', *, *, #7024, .T. ) ;
#3205 = CARTESIAN_POINT ( 'NONE',  ( 0.9525565881974097371, 76.19508348306413836, 89.62986504559552259 ) ) ;
#3206 = VECTOR ( 'NONE', #5223, 1000.000000000000000 ) ;
#3207 = DIRECTION ( 'NONE',  ( 0.4999999999999987788, -0.000000000000000000, 0.8660254037844393737 ) ) ;
#3208 = CARTESIAN_POINT ( 'NONE',  ( 17.00000000000001066, 115.0000000000011795, 88.23316150746192932 ) ) ;
#3209 = VERTEX_POINT ( 'NONE', #393 ) ;
#3210 = LINE ( 'NONE', #5672, #245 ) ;
#3211 = ORIENTED_EDGE ( 'NONE', *, *, #5984, .T. ) ;
#3212 = CARTESIAN_POINT ( 'NONE',  ( 43.75000000000000711, 41.00000000000001421, 13.00000000000000178 ) ) ;
#3213 = AXIS2_PLACEMENT_3D ( 'NONE', #2608, #786, #5179 ) ;
#3214 = ORIENTED_EDGE ( 'NONE', *, *, #6772, .F. ) ;
#3215 = EDGE_CURVE ( 'NONE', #7398, #7314, #1565, .T. ) ;
#3216 = VECTOR ( 'NONE', #6609, 1000.000000000000000 ) ;
#3217 = CARTESIAN_POINT ( 'NONE',  ( 34.99999999999999289, 37.00000000000000711, 88.09999999999999432 ) ) ;
#3218 = CARTESIAN_POINT ( 'NONE',  ( 65.40000000000001990, 87.00000000000117950, 46.49999999999999289 ) ) ;
#3220 = EDGE_LOOP ( 'NONE', ( #6040, #7442, #5344, #2074 ) ) ;
#3219 = CARTESIAN_POINT ( 'NONE',  ( 17.00000000000001066, 115.0000000000011795, 88.23316150746192932 ) ) ;
#3221 = VERTEX_POINT ( 'NONE', #1647 ) ;
#3222 = DIRECTION ( 'NONE',  ( -1.000000000000000000, 0.000000000000000000, 0.000000000000000000 ) ) ;
#3223 = VERTEX_POINT ( 'NONE', #242 ) ;
#3224 = VECTOR ( 'NONE', #7256, 1000.000000000000000 ) ;
#3225 = EDGE_LOOP ( 'NONE', ( #1186, #5044, #5632, #2503 ) ) ;
#3226 = PLANE ( 'NONE',  #5543 ) ;
#3227 = DIRECTION ( 'NONE',  ( 0.000000000000000000, 0.000000000000000000, 1.000000000000000000 ) ) ;
#3228 = EDGE_CURVE ( 'NONE', #2229, #7607, #7075, .T. ) ;
#3229 = AXIS2_PLACEMENT_3D ( 'NONE', #5771, #2042, #3384 ) ;
#3230 = CARTESIAN_POINT ( 'NONE',  ( 0.7899999999999964828, 86.00000000000110845, 83.99999999999998579 ) ) ;
#3231 = DIRECTION ( 'NONE',  ( 0.000000000000000000, 0.000000000000000000, -1.000000000000000000 ) ) ;
#3232 = CARTESIAN_POINT ( 'NONE',  ( 47.99999999999999289, 115.0000000000011795, 90.00000000000000000 ) ) ;
#3233 = EDGE_CURVE ( 'NONE', #4758, #6220, #2753, .T. ) ;
#3234 = CARTESIAN_POINT ( 'NONE',  ( 40.20000000000001705, 21.00000000000000355, 12.00000000000000000 ) ) ;
#3235 = ADVANCED_FACE ( 'NONE', ( #4716, #2137 ), #2836, .F. ) ;
#3236 = EDGE_CURVE ( 'NONE', #7948, #2763, #2909, .T. ) ;
#3237 = DIRECTION ( 'NONE',  ( 0.000000000000000000, 0.000000000000000000, 1.000000000000000000 ) ) ;
#3238 = EDGE_LOOP ( 'NONE', ( #7994, #6629, #7147, #5208 ) ) ;
#3239 = AXIS2_PLACEMENT_3D ( 'NONE', #1377, #7692, #2071 ) ;
#3240 = LINE ( 'NONE', #1853, #8042 ) ;
#3241 = PLANE ( 'NONE',  #1747 ) ;
#3242 = CARTESIAN_POINT ( 'NONE',  ( 12.00000000000000178, 118.0000000000011937, 13.00000000000000178 ) ) ;
#3243 = CARTESIAN_POINT ( 'NONE',  ( 4.191430184450835483, 63.23427926219753203, 11.40212697694765964 ) ) ;
#3244 = AXIS2_PLACEMENT_3D ( 'NONE', #1225, #2907, #3729 ) ;
#3245 = CARTESIAN_POINT ( 'NONE',  ( 19.80000000000000071, 116.0000000000011795, 9.616580753730948672 ) ) ;
#3246 = ORIENTED_EDGE ( 'NONE', *, *, #3541, .F. ) ;
#3247 = DIRECTION ( 'NONE',  ( -0.000000000000000000, 1.000000000000000000, -0.000000000000000000 ) ) ;
#3248 = CARTESIAN_POINT ( 'NONE',  ( 17.00000000000001066, 118.0000000000011937, 84.99999999999998579 ) ) ;
#3249 = EDGE_LOOP ( 'NONE', ( #4459, #4549, #5310, #2740 ) ) ;
#3250 = FACE_OUTER_BOUND ( 'NONE', #1064, .T. ) ;
#3251 = EDGE_CURVE ( 'NONE', #2356, #1669, #7801, .T. ) ;
#3252 = EDGE_LOOP ( 'NONE', ( #287, #2169, #2095, #2886 ) ) ;
#3253 = ORIENTED_EDGE ( 'NONE', *, *, #5115, .T. ) ;
#3254 = VERTEX_POINT ( 'NONE', #1026 ) ;
#3255 = DIRECTION ( 'NONE',  ( 0.000000000000000000, 0.000000000000000000, 1.000000000000000000 ) ) ;
#3256 = DIRECTION ( 'NONE',  ( -1.000000000000000000, 0.000000000000000000, 0.000000000000000000 ) ) ;
#3257 = LINE ( 'NONE', #130, #4017 ) ;
#3258 = ORIENTED_EDGE ( 'NONE', *, *, #3044, .F. ) ;
#3259 = LINE ( 'NONE', #132, #888 ) ;
#3260 = EDGE_LOOP ( 'NONE', ( #7670, #6304, #4930, #7851, #7616, #5366 ) ) ;
#3261 = VECTOR ( 'NONE', #8018, 1000.000000000000000 ) ;
#3262 = EDGE_CURVE ( 'NONE', #2764, #6891, #5903, .T. ) ;
#3263 = EDGE_CURVE ( 'NONE', #3626, #2057, #4100, .T. ) ;
#3264 = VERTEX_POINT ( 'NONE', #3365 ) ;
#3265 = DIRECTION ( 'NONE',  ( 1.000000000000000000, 3.965082230804130713E-16, 0.000000000000000000 ) ) ;
#3266 = DIRECTION ( 'NONE',  ( 1.000000000000000000, 0.000000000000000000, 0.000000000000000000 ) ) ;
#3267 = VECTOR ( 'NONE', #7606, 1000.000000000000000 ) ;
#3268 = DIRECTION ( 'NONE',  ( -0.000000000000000000, 1.000000000000000000, -0.000000000000000000 ) ) ;
#3269 = CARTESIAN_POINT ( 'NONE',  ( 26.24999999999999645, 41.00000000000001421, 80.00000000000000000 ) ) ;
#3270 = DIRECTION ( 'NONE',  ( 0.2425356250363299437, -0.9701425001453326535, 0.000000000000000000 ) ) ;
#3271 = CARTESIAN_POINT ( 'NONE',  ( 50.42286218423173949, 1.691448736927009255, 80.69144873692697217 ) ) ;
#3272 = ORIENTED_EDGE ( 'NONE', *, *, #5893, .T. ) ;
#3273 = LINE ( 'NONE', #3928, #6193 ) ;
#3274 = ORIENTED_EDGE ( 'NONE', *, *, #5143, .F. ) ;
#3275 = DIRECTION ( 'NONE',  ( 1.000000000000000000, 0.000000000000000000, -9.912705577010326536E-16 ) ) ;
#3276 = CARTESIAN_POINT ( 'NONE',  ( 10.78999999999999737, 90.00000000000119371, 90.00000000000000000 ) ) ;
#3277 = LINE ( 'NONE', #3242, #4637 ) ;
#3278 = CARTESIAN_POINT ( 'NONE',  ( 2.703370594381397041, 69.18651762247537818, 9.515062761008751480 ) ) ;
#3279 = CARTESIAN_POINT ( 'NONE',  ( 43.75000000000000711, 41.00000000000001421, 13.00000000000000178 ) ) ;
#3280 = VERTEX_POINT ( 'NONE', #6654 ) ;
#3281 = CARTESIAN_POINT ( 'NONE',  ( 67.01000000000001933, 88.00000000000119371, 84.31158075373095073 ) ) ;
#3282 = EDGE_CURVE ( 'NONE', #6686, #3798, #1439, .T. ) ;
#3283 = DIRECTION ( 'NONE',  ( 1.000000000000000000, 0.000000000000000000, 0.000000000000000000 ) ) ;
#3284 = EDGE_CURVE ( 'NONE', #7169, #1461, #4704, .T. ) ;
#3285 = VERTEX_POINT ( 'NONE', #4845 ) ;
#3286 = CARTESIAN_POINT ( 'NONE',  ( 61.40999999999998238, 90.00000000000119371, 81.07841924626904984 ) ) ;
#3287 = ORIENTED_EDGE ( 'NONE', *, *, #1446, .F. ) ;
#3288 = CARTESIAN_POINT ( 'NONE',  ( 10.78999999999999737, 82.00000000000117950, 3.000000000000002665 ) ) ;
#3289 = EDGE_CURVE ( 'NONE', #617, #4128, #1691, .T. ) ;
#3290 = CARTESIAN_POINT ( 'NONE',  ( 0.7500000000000006661, 81.58800596674575445, -3.469446951953614189E-15 ) ) ;
#3291 = CARTESIAN_POINT ( 'NONE',  ( 0.7899999999999955946, 90.00000000000109424, 41.49999999999999289 ) ) ;
#3292 = LINE ( 'NONE', #6303, #5071 ) ;
#3293 = ORIENTED_EDGE ( 'NONE', *, *, #6853, .F. ) ;
#3294 = FACE_OUTER_BOUND ( 'NONE', #3530, .T. ) ;
#3295 = ORIENTED_EDGE ( 'NONE', *, *, #3327, .T. ) ;
#3296 = VECTOR ( 'NONE', #6952, 1000.000000000000000 ) ;
#3297 = ORIENTED_EDGE ( 'NONE', *, *, #5568, .F. ) ;
#3298 = CARTESIAN_POINT ( 'NONE',  ( 65.40000000000001990, 87.00000000000117950, 46.49999999999999289 ) ) ;
#3299 = AXIS2_PLACEMENT_3D ( 'NONE', #4303, #6773, #3602 ) ;
#3300 = CARTESIAN_POINT ( 'NONE',  ( 23.94999999999999929, 21.00000000000000355, 81.00000000000000000 ) ) ;
#3301 = CARTESIAN_POINT ( 'NONE',  ( 48.00000000000000000, 115.0000000000011795, 3.000000000000000000 ) ) ;
#3302 = LINE ( 'NONE', #6016, #1125 ) ;
#3303 = DIRECTION ( 'NONE',  ( 1.000000000000000000, 0.000000000000000000, 0.000000000000000000 ) ) ;
#3304 = ORIENTED_EDGE ( 'NONE', *, *, #7628, .T. ) ;
#3305 = AXIS2_PLACEMENT_3D ( 'NONE', #521, #2340, #4264 ) ;
#3306 = ORIENTED_EDGE ( 'NONE', *, *, #1347, .T. ) ;
#3307 = AXIS2_PLACEMENT_3D ( 'NONE', #2662, #1551, #4662 ) ;
#3308 = DIRECTION ( 'NONE',  ( 0.000000000000000000, 1.000000000000000000, 0.000000000000000000 ) ) ;
#3309 = EDGE_CURVE ( 'NONE', #5864, #7925, #6820, .T. ) ;
#3310 = CARTESIAN_POINT ( 'NONE',  ( 26.24999999999999645, 41.00000000000001421, 80.00000000000000000 ) ) ;
#3311 = DIRECTION ( 'NONE',  ( 0.000000000000000000, -1.000000000000000000, 0.000000000000000000 ) ) ;
#3312 = CARTESIAN_POINT ( 'NONE',  ( 4.124876664804052240, 63.50049334078468632, 11.34891557356211500 ) ) ;
#3313 = VECTOR ( 'NONE', #7957, 1000.000000000000000 ) ;
#3314 = DIRECTION ( 'NONE',  ( 1.000000000000000000, 0.000000000000000000, 0.000000000000000000 ) ) ;
#3315 = ORIENTED_EDGE ( 'NONE', *, *, #1158, .T. ) ;
#3316 = AXIS2_PLACEMENT_3D ( 'NONE', #4985, #7611, #3102 ) ;
#3317 = VECTOR ( 'NONE', #3247, 1000.000000000000000 ) ;
#3318 = ORIENTED_EDGE ( 'NONE', *, *, #5826, .T. ) ;
#3319 = CARTESIAN_POINT ( 'NONE',  ( 39.00000000000000000, 21.00000000000001421, 79.20000000000000284 ) ) ;
#3320 = ADVANCED_FACE ( 'NONE', ( #6112 ), #7437, .F. ) ;
#3321 = CARTESIAN_POINT ( 'NONE',  ( 2.999999999999999556, 144.5825756949558354, 90.00000000000000000 ) ) ;
#3322 = VECTOR ( 'NONE', #6477, 1000.000000000000000 ) ;
#3323 = AXIS2_PLACEMENT_3D ( 'NONE', #5660, #5777, #4432 ) ;
#3324 = ORIENTED_EDGE ( 'NONE', *, *, #3027, .T. ) ;
#3325 = ADVANCED_FACE ( 'NONE', ( #3037 ), #8095, .F. ) ;
#3326 = CARTESIAN_POINT ( 'NONE',  ( 35.00000000000000000, 37.00000000000000711, 4.900000000000000355 ) ) ;
#3328 = ORIENTED_EDGE ( 'NONE', *, *, #6150, .T. ) ;
#3327 = EDGE_CURVE ( 'NONE', #4673, #7312, #1190, .T. ) ;
#3329 = ADVANCED_FACE ( 'NONE', ( #8050 ), #7392, .F. ) ;
#3330 = FACE_OUTER_BOUND ( 'NONE', #6401, .T. ) ;
#3331 = CIRCLE ( 'NONE', #3988, 3.499999999999982236 ) ;
#3332 = DIRECTION ( 'NONE',  ( 0.000000000000000000, 0.000000000000000000, -1.000000000000000000 ) ) ;
#3333 = CARTESIAN_POINT ( 'NONE',  ( 70.00000000000000000, 80.00000000000112266, 11.99000000000000021 ) ) ;
#3334 = CARTESIAN_POINT ( 'NONE',  ( 16.99999999999999645, 115.0000000000011795, 4.766838492538091110 ) ) ;
#3335 = ORIENTED_EDGE ( 'NONE', *, *, #6015, .F. ) ;
#3336 = LINE ( 'NONE', #1454, #7465 ) ;
#3337 = VECTOR ( 'NONE', #4327, 1000.000000000000000 ) ;
#3338 = ORIENTED_EDGE ( 'NONE', *, *, #2270, .F. ) ;
#3339 = EDGE_CURVE ( 'NONE', #2804, #7768, #2509, .T. ) ;
#3340 = VECTOR ( 'NONE', #26, 1000.000000000000114 ) ;
#3341 = EDGE_LOOP ( 'NONE', ( #7410, #2679, #1189, #4151 ) ) ;
#3342 = CARTESIAN_POINT ( 'NONE',  ( 0.000000000000000000, 88.00000000000119371, 0.000000000000000000 ) ) ;
#3343 = DIRECTION ( 'NONE',  ( 0.000000000000000000, -1.000000000000000000, 0.000000000000000000 ) ) ;
#3344 = DIRECTION ( 'NONE',  ( -0.000000000000000000, 0.000000000000000000, 1.000000000000000000 ) ) ;
#3345 = ORIENTED_EDGE ( 'NONE', *, *, #980, .F. ) ;
#3346 = LINE ( 'NONE', #5852, #5062 ) ;
#3347 = AXIS2_PLACEMENT_3D ( 'NONE', #6811, #6183, #7467 ) ;
#3348 = ORIENTED_EDGE ( 'NONE', *, *, #519, .T. ) ;
#3349 = ORIENTED_EDGE ( 'NONE', *, *, #1456, .T. ) ;
#3350 = CARTESIAN_POINT ( 'NONE',  ( 49.04999999999999716, 21.00000000000000355, 88.09999999999999432 ) ) ;
#3351 = CIRCLE ( 'NONE', #5184, 5.000000000000004441 ) ;
#3352 = VECTOR ( 'NONE', #4697, 1000.000000000000000 ) ;
#3353 = CARTESIAN_POINT ( 'NONE',  ( 69.20999999999999375, 90.00000000000117950, 3.000000000000002665 ) ) ;
#3354 = DIRECTION ( 'NONE',  ( -0.000000000000000000, -0.000000000000000000, 1.000000000000000000 ) ) ;
#3355 = CARTESIAN_POINT ( 'NONE',  ( 4.211678545554474518, 63.15328581778298656, 11.41795696510632219 ) ) ;
#3356 = CARTESIAN_POINT ( 'NONE',  ( 22.44166666666667709, 77.00000000000109424, 12.00000000000000000 ) ) ;
#3357 = VECTOR ( 'NONE', #1623, 1000.000000000000000 ) ;
#3358 = EDGE_LOOP ( 'NONE', ( #2409, #7091 ) ) ;
#3359 = EDGE_CURVE ( 'NONE', #4524, #878, #7227, .T. ) ;
#3360 = PLANE ( 'NONE',  #7010 ) ;
#3361 = CIRCLE ( 'NONE', #6385, 11.05000000000000426 ) ;
#3362 = CARTESIAN_POINT ( 'NONE',  ( 69.99999999999998579, 134.9999999999999716, 80.00000000000000000 ) ) ;
#3363 = ORIENTED_EDGE ( 'NONE', *, *, #345, .F. ) ;
#3364 = B_SPLINE_CURVE_WITH_KNOTS ( 'NONE', 3,
 ( #1235, #3739, #6950, #3125, #5622, #1515, #3903, #1470, #1356, #3861, #4015, #6405, #2053, #5822, #2124, #806, #193, #3278, #3970, #4555, #2711, #2629, #5124, #3312, #118, #3243, #2090, #3355, #2667, #5860, #773, #4590 ),
 .UNSPECIFIED., .F., .F.,
 ( 4, 1, 2, 2, 1, 1, 1, 1, 1, 1, 1, 2, 2, 1, 1, 1, 1, 1, 1, 2, 2, 1, 1, 4 ),
 ( 0.1339972176808838233, 0.2422475654707567094, 0.2490132122076236243, 0.2507046238918406167, 0.2523960355760576091, 0.2557788589444915939, 0.2693101524182287543, 0.2963727393657018538, 0.3504979132606480530, 0.4587482610505402292, 0.4858108479980138839, 0.4993421414717501561, 0.5027249648401845850, 0.5061077882086190138, 0.5128734349454876495, 0.5669986088404403990, 0.6752489566303474522, 0.7293741305253009788, 0.7429054239990398045, 0.7496710707359084402, 0.7530538941043420920, 0.7564367174727756327, 0.7834993044202446244, 1.000000000000000000 ),
 .UNSPECIFIED. ) ;
#3365 = CARTESIAN_POINT ( 'NONE',  ( 3.000000000000000000, 145.0000000000000000, 4.999999999999995559 ) ) ;
#3366 = ORIENTED_EDGE ( 'NONE', *, *, #5177, .F. ) ;
#3367 = DIRECTION ( 'NONE',  ( 1.000000000000000000, 0.000000000000000000, 0.000000000000000000 ) ) ;
#3368 = CIRCLE ( 'NONE', #7967, 1.600000000000018074 ) ;
#3369 = ADVANCED_FACE ( 'NONE', ( #5533, #3563 ), #6066, .F. ) ;
#3370 = EDGE_CURVE ( 'NONE', #7641, #5833, #6733, .T. ) ;
#3371 = CARTESIAN_POINT ( 'NONE',  ( 35.00000000000000000, 37.00000000000000711, 4.900000000000000355 ) ) ;
#3372 = EDGE_CURVE ( 'NONE', #3964, #381, #3653, .T. ) ;
#3373 = DIRECTION ( 'NONE',  ( 0.000000000000000000, -1.000000000000000000, 0.000000000000000000 ) ) ;
#3374 = CYLINDRICAL_SURFACE ( 'NONE', #6110, 4.000000000000003553 ) ;
#3375 = ORIENTED_EDGE ( 'NONE', *, *, #7545, .F. ) ;
#3376 = CARTESIAN_POINT ( 'NONE',  ( 19.80000000000000071, 116.0000000000011795, 6.383419246269044223 ) ) ;
#3377 = EDGE_LOOP ( 'NONE', ( #4855, #5755, #661, #4127 ) ) ;
#3378 = ORIENTED_EDGE ( 'NONE', *, *, #6956, .F. ) ;
#3379 = DIRECTION ( 'NONE',  ( 0.000000000000000000, -1.000000000000000000, 0.000000000000000000 ) ) ;
#3380 = DIRECTION ( 'NONE',  ( 0.000000000000000000, 0.000000000000000000, 1.000000000000000000 ) ) ;
#3381 = FACE_OUTER_BOUND ( 'NONE', #1831, .T. ) ;
#3382 = ORIENTED_EDGE ( 'NONE', *, *, #6398, .T. ) ;
#3383 = AXIS2_PLACEMENT_3D ( 'NONE', #1496, #5070, #5108 ) ;
#3384 = DIRECTION ( 'NONE',  ( 1.000000000000000000, 0.000000000000000000, 0.000000000000000000 ) ) ;
#3385 = ORIENTED_EDGE ( 'NONE', *, *, #2060, .F. ) ;
#3386 = EDGE_LOOP ( 'NONE', ( #7592, #4979 ) ) ;
#3387 = DIRECTION ( 'NONE',  ( 0.000000000000000000, -0.000000000000000000, 1.000000000000000000 ) ) ;
#3388 = CIRCLE ( 'NONE', #2868, 1.600000000000018074 ) ;
#3389 = DIRECTION ( 'NONE',  ( 0.8660254037844387076, 0.000000000000000000, 0.4999999999999999445 ) ) ;
#3390 = EDGE_CURVE ( 'NONE', #4738, #2356, #801, .T. ) ;
#3391 = CARTESIAN_POINT ( 'NONE',  ( 34.99999999999999289, 57.00000000000000711, 79.20000000000000284 ) ) ;
#3392 = CARTESIAN_POINT ( 'NONE',  ( 3.000000000000000000, 139.9999999999999716, 84.99999999999998579 ) ) ;
#3393 =( LENGTH_UNIT ( ) NAMED_UNIT ( * ) SI_UNIT ( .MILLI., .METRE. ) );
#3394 = CARTESIAN_POINT ( 'NONE',  ( 47.55833333333339397, 77.00000000000108002, 0.000000000000000000 ) ) ;
#3395 = ORIENTED_EDGE ( 'NONE', *, *, #4092, .T. ) ;
#3396 = LINE ( 'NONE', #4634, #7766 ) ;
#3397 = DIRECTION ( 'NONE',  ( 0.8660254037844388186, 0.000000000000000000, -0.4999999999999996114 ) ) ;
#3398 = ADVANCED_FACE ( 'NONE', ( #4969, #4350 ), #616, .F. ) ;
#3399 = ORIENTED_EDGE ( 'NONE', *, *, #7697, .F. ) ;
#3400 = CARTESIAN_POINT ( 'NONE',  ( 46.04999999999999716, 21.00000000000000355, 88.09999999999999432 ) ) ;
#3401 = ORIENTED_EDGE ( 'NONE', *, *, #2994, .T. ) ;
#3402 = CARTESIAN_POINT ( 'NONE',  ( 17.00000000000001066, 115.0000000000011795, 81.76683849253807068 ) ) ;
#3403 = ORIENTED_EDGE ( 'NONE', *, *, #879, .F. ) ;
#3404 = CARTESIAN_POINT ( 'NONE',  ( 35.00000000000000000, 21.00000000000000355, 15.00000000000000000 ) ) ;
#3405 = ADVANCED_FACE ( 'NONE', ( #4267 ), #1774, .F. ) ;
#3406 = LINE ( 'NONE', #2641, #6347 ) ;
#3407 = DIRECTION ( 'NONE',  ( -3.965082230804129727E-16, 1.000000000000000000, 0.000000000000000000 ) ) ;
#3408 = DIRECTION ( 'NONE',  ( -0.8660254037844375974, 0.000000000000000000, -0.5000000000000019984 ) ) ;
#3409 = ADVANCED_FACE ( 'NONE', ( #524 ), #7477, .F. ) ;
#3410 = EDGE_LOOP ( 'NONE', ( #3927, #7073, #731, #5129, #7605, #984, #2093 ) ) ;
#3411 = FACE_BOUND ( 'NONE', #5477, .T. ) ;
#3412 = EDGE_LOOP ( 'NONE', ( #1537, #1789, #6838, #7389 ) ) ;
#3413 = LINE ( 'NONE', #2848, #6052 ) ;
#3414 = ORIENTED_EDGE ( 'NONE', *, *, #5515, .F. ) ;
#3415 = DIRECTION ( 'NONE',  ( 0.000000000000000000, -0.000000000000000000, 1.000000000000000000 ) ) ;
#3416 = CARTESIAN_POINT ( 'NONE',  ( 69.20999999999997954, 82.00000000000117950, 3.000000000000002665 ) ) ;
#3417 = DIRECTION ( 'NONE',  ( -1.000000000000000000, 0.000000000000000000, 0.000000000000000000 ) ) ;
#3418 = ORIENTED_EDGE ( 'NONE', *, *, #7093, .F. ) ;
#3419 = CARTESIAN_POINT ( 'NONE',  ( 40.00000000000000000, 37.00000000000000711, 12.00000000000000000 ) ) ;
#3420 = VERTEX_POINT ( 'NONE', #3742 ) ;
#3421 = ORIENTED_EDGE ( 'NONE', *, *, #7864, .T. ) ;
#3422 = EDGE_CURVE ( 'NONE', #1444, #2302, #7103, .T. ) ;
#3423 = CIRCLE ( 'NONE', #928, 3.000000000000002665 ) ;
#3424 = DIRECTION ( 'NONE',  ( -0.000000000000000000, -0.000000000000000000, 1.000000000000000000 ) ) ;
#3425 = DIRECTION ( 'NONE',  ( 1.000000000000000000, 0.000000000000000000, 0.000000000000000000 ) ) ;
#3426 = DIRECTION ( 'NONE',  ( -0.000000000000000000, -1.000000000000000000, -0.000000000000000000 ) ) ;
#3427 = DIRECTION ( 'NONE',  ( 0.000000000000000000, 1.000000000000000000, 0.000000000000000000 ) ) ;
#3428 = SURFACE_STYLE_USAGE ( .BOTH. , #7259 ) ;
#3429 = AXIS2_PLACEMENT_3D ( 'NONE', #6166, #4323, #7407 ) ;
#3430 = CARTESIAN_POINT ( 'NONE',  ( 3.000000000000000888, 139.9999999999999716, 4.999999999999995559 ) ) ;
#3431 = VERTEX_POINT ( 'NONE', #119 ) ;
#3432 = EDGE_CURVE ( 'NONE', #2315, #8026, #2630, .T. ) ;
#3433 = VECTOR ( 'NONE', #4624, 1000.000000000000227 ) ;
#3434 = DIRECTION ( 'NONE',  ( -1.000000000000000000, -0.000000000000000000, -0.000000000000000000 ) ) ;
#3435 = AXIS2_PLACEMENT_3D ( 'NONE', #7788, #6437, #148 ) ;
#3436 = CARTESIAN_POINT ( 'NONE',  ( 65.83040628556751983, 63.32162514227089645, 11.38484743618703554 ) ) ;
#3437 = PLANE ( 'NONE',  #5456 ) ;
#3438 = ORIENTED_EDGE ( 'NONE', *, *, #7561, .T. ) ;
#3439 = CARTESIAN_POINT ( 'NONE',  ( 52.99999999999998579, 118.0000000000011937, 83.39999999999999147 ) ) ;
#3440 = AXIS2_PLACEMENT_3D ( 'NONE', #2616, #3768, #724 ) ;
#3441 = EDGE_LOOP ( 'NONE', ( #2953, #584, #5927, #1302 ) ) ;
#3442 = AXIS2_PLACEMENT_3D ( 'NONE', #1179, #4955, #6937 ) ;
#3443 = CARTESIAN_POINT ( 'NONE',  ( 35.00000000000000000, 21.00000000000000355, 5.000000000000000000 ) ) ;
#3444 = ORIENTED_EDGE ( 'NONE', *, *, #7193, .T. ) ;
#3445 = LINE ( 'NONE', #760, #703 ) ;
#3446 = CIRCLE ( 'NONE', #4632, 3.499999999999985789 ) ;
#3447 = LINE ( 'NONE', #3006, #7914 ) ;
#3448 = VECTOR ( 'NONE', #1362, 1000.000000000000000 ) ;
#3449 = DIRECTION ( 'NONE',  ( -0.000000000000000000, -0.000000000000000000, -1.000000000000000000 ) ) ;
#3450 = CARTESIAN_POINT ( 'NONE',  ( 10.78999999999999737, 90.00000000000119371, 90.00000000000000000 ) ) ;
#3451 = ORIENTED_EDGE ( 'NONE', *, *, #5115, .F. ) ;
#3452 = CARTESIAN_POINT ( 'NONE',  ( 17.00000000000001066, 116.0000000000011795, 88.23316150746192932 ) ) ;
#3453 = ORIENTED_EDGE ( 'NONE', *, *, #7954, .F. ) ;
#3454 = FACE_OUTER_BOUND ( 'NONE', #1240, .T. ) ;
#3455 = CIRCLE ( 'NONE', #7785, 1.649999999999995248 ) ;
#3456 = EDGE_CURVE ( 'NONE', #4060, #8088, #2712, .T. ) ;
#3457 = VERTEX_POINT ( 'NONE', #809 ) ;
#3458 = CARTESIAN_POINT ( 'NONE',  ( 40.25000000000000711, 41.00000000000001421, 80.00000000000000000 ) ) ;
#3459 = CARTESIAN_POINT ( 'NONE',  ( 19.80000000000002558, 116.0000000000011795, 83.38341924626902824 ) ) ;
#3460 = FACE_OUTER_BOUND ( 'NONE', #2890, .T. ) ;
#3461 = AXIS2_PLACEMENT_3D ( 'NONE', #6275, #5078, #107 ) ;
#3462 = VERTEX_POINT ( 'NONE', #6323 ) ;
#3463 = CARTESIAN_POINT ( 'NONE',  ( 50.19999999999999574, 115.0000000000011795, 83.38341924626902824 ) ) ;
#3464 = VERTEX_POINT ( 'NONE', #7519 ) ;
#3465 = VECTOR ( 'NONE', #1411, 1000.000000000000000 ) ;
#3466 = VERTEX_POINT ( 'NONE', #1903 ) ;
#3467 = VECTOR ( 'NONE', #6036, 1000.000000000000000 ) ;
#3468 = PLANE ( 'NONE',  #167 ) ;
#3469 = CARTESIAN_POINT ( 'NONE',  ( 34.99999999999999289, 37.00000000000000711, 88.09999999999999432 ) ) ;
#3470 = EDGE_CURVE ( 'NONE', #3254, #6413, #4397, .T. ) ;
#3471 = CARTESIAN_POINT ( 'NONE',  ( 44.75000000000004263, 57.00000000000111555, 81.00000000000000000 ) ) ;
#3472 = LINE ( 'NONE', #5354, #6245 ) ;
#3473 = EDGE_CURVE ( 'NONE', #4270, #7783, #5125, .T. ) ;
#3474 = EDGE_CURVE ( 'NONE', #4642, #2057, #2647, .T. ) ;
#3475 = LINE ( 'NONE', #4135, #1648 ) ;
#3476 = AXIS2_PLACEMENT_3D ( 'NONE', #5589, #3787, #88 ) ;
#3477 = CARTESIAN_POINT ( 'NONE',  ( 70.00000000000000000, 139.9999999999999716, 4.999999999999995559 ) ) ;
#3478 = ORIENTED_EDGE ( 'NONE', *, *, #18, .F. ) ;
#3479 = CIRCLE ( 'NONE', #8083, 11.05000000000000426 ) ;
#3480 = DIRECTION ( 'NONE',  ( 1.000000000000000000, -0.000000000000000000, -0.000000000000000000 ) ) ;
#3481 = CARTESIAN_POINT ( 'NONE',  ( 68.09035983342855047, 72.36143933371519665, 7.743763215406177736 ) ) ;
#3482 = AXIS2_PLACEMENT_3D ( 'NONE', #5346, #380, #3507 ) ;
#3483 = DIRECTION ( 'NONE',  ( 0.000000000000000000, 0.000000000000000000, 1.000000000000000000 ) ) ;
#3484 = VECTOR ( 'NONE', #8112, 1000.000000000000000 ) ;
#3485 = ORIENTED_EDGE ( 'NONE', *, *, #7303, .T. ) ;
#3486 = CARTESIAN_POINT ( 'NONE',  ( 26.25000000000000355, 41.00000000000001421, 12.00000000000000000 ) ) ;
#3487 = ORIENTED_EDGE ( 'NONE', *, *, #5494, .T. ) ;
#3488 = LINE ( 'NONE', #2876, #973 ) ;
#3489 = ORIENTED_EDGE ( 'NONE', *, *, #3470, .T. ) ;
#3490 = DIRECTION ( 'NONE',  ( -0.000000000000000000, 1.000000000000000000, -0.000000000000000000 ) ) ;
#3491 = VERTEX_POINT ( 'NONE', #5823 ) ;
#3492 = CARTESIAN_POINT ( 'NONE',  ( 53.00000000000000000, 116.0000000000011795, 11.23316150746189201 ) ) ;
#3493 = EDGE_CURVE ( 'NONE', #4119, #6795, #4515, .T. ) ;
#3494 = DIRECTION ( 'NONE',  ( 0.000000000000000000, -0.000000000000000000, -1.000000000000000000 ) ) ;
#3495 = CARTESIAN_POINT ( 'NONE',  ( 65.70899050515195938, 75.20527889746188066, 51.50000000000000000 ) ) ;
#3496 = EDGE_LOOP ( 'NONE', ( #5132, #1056 ) ) ;
#3497 = LINE ( 'NONE', #7813, #1165 ) ;
#3498 = AXIS2_PLACEMENT_3D ( 'NONE', #1292, #819, #2061 ) ;
#3499 = VERTEX_POINT ( 'NONE', #5091 ) ;
#3500 = LINE ( 'NONE', #3539, #1741 ) ;
#3501 = ORIENTED_EDGE ( 'NONE', *, *, #1786, .T. ) ;
#3502 = DIRECTION ( 'NONE',  ( -1.000000000000000000, 0.000000000000000000, 0.000000000000000000 ) ) ;
#3503 = CARTESIAN_POINT ( 'NONE',  ( 70.00000000000000000, 90.00000000000112266, 41.50000000000000000 ) ) ;
#3505 = EDGE_LOOP ( 'NONE', ( #2330, #4344, #252, #1448, #8077 ) ) ;
#3504 = CARTESIAN_POINT ( 'NONE',  ( 61.99999999999999289, 145.0000000000000000, 90.00000000000000000 ) ) ;
#3506 = ORIENTED_EDGE ( 'NONE', *, *, #5388, .F. ) ;
#3507 = DIRECTION ( 'NONE',  ( 1.000000000000000000, 0.000000000000000000, 0.000000000000000000 ) ) ;
#3508 = ADVANCED_FACE ( 'NONE', ( #5664 ), #1402, .F. ) ;
#3509 = ORIENTED_EDGE ( 'NONE', *, *, #3370, .F. ) ;
#3510 = EDGE_CURVE ( 'NONE', #5967, #7626, #3163, .T. ) ;
#3511 = DIRECTION ( 'NONE',  ( -0.000000000000000000, 0.000000000000000000, -1.000000000000000000 ) ) ;
#3512 = FACE_OUTER_BOUND ( 'NONE', #4046, .T. ) ;
#3513 = EDGE_CURVE ( 'NONE', #2969, #1722, #2597, .T. ) ;
#3514 = LINE ( 'NONE', #2165, #2554 ) ;
#3515 = FACE_BOUND ( 'NONE', #5058, .T. ) ;
#3516 = LINE ( 'NONE', #1014, #3749 ) ;
#3517 = CARTESIAN_POINT ( 'NONE',  ( 5.789999999999999147, 83.40000000000118519, 10.30500000000000149 ) ) ;
#3518 = ORIENTED_EDGE ( 'NONE', *, *, #3937, .F. ) ;
#3519 = CARTESIAN_POINT ( 'NONE',  ( 3.000000000000000000, 139.9999999999999716, 9.599999999999988987 ) ) ;
#3520 = CARTESIAN_POINT ( 'NONE',  ( 69.04746271613926467, 76.19508670576493614, 3.370134366010263172 ) ) ;
#3521 = VECTOR ( 'NONE', #5503, 1000.000000000000000 ) ;
#3522 = DIRECTION ( 'NONE',  ( -0.000000000000000000, -0.000000000000000000, -1.000000000000000000 ) ) ;
#3523 = ORIENTED_EDGE ( 'NONE', *, *, #175, .T. ) ;
#3524 = CARTESIAN_POINT ( 'NONE',  ( 59.20999999999999375, 86.00000000000113687, 83.99999999999998579 ) ) ;
#3525 = ORIENTED_EDGE ( 'NONE', *, *, #4273, .F. ) ;
#3526 = ADVANCED_FACE ( 'NONE', ( #7597 ), #6287, .F. ) ;
#3527 = CARTESIAN_POINT ( 'NONE',  ( 59.20999999999999375, 82.00000000000117950, 3.000000000000002665 ) ) ;
#3528 = ORIENTED_EDGE ( 'NONE', *, *, #6677, .F. ) ;
#3529 = EDGE_CURVE ( 'NONE', #5145, #1575, #655, .T. ) ;
#3530 = EDGE_LOOP ( 'NONE', ( #4074, #3824, #1495, #3095 ) ) ;
#3531 = PLANE ( 'NONE',  #4512 ) ;
#3532 = VERTEX_POINT ( 'NONE', #3817 ) ;
#3533 = DIRECTION ( 'NONE',  ( -0.000000000000000000, -1.000000000000000000, -0.000000000000000000 ) ) ;
#3534 = CARTESIAN_POINT ( 'NONE',  ( 34.99999999999999289, 21.00000000000000355, 81.00000000000000000 ) ) ;
#3535 = DIRECTION ( 'NONE',  ( -0.000000000000000000, 0.000000000000000000, -1.000000000000000000 ) ) ;
#3536 = ORIENTED_EDGE ( 'NONE', *, *, #7873, .F. ) ;
#3537 = PLANE ( 'NONE',  #5094 ) ;
#3538 = ORIENTED_EDGE ( 'NONE', *, *, #3998, .F. ) ;
#3539 = CARTESIAN_POINT ( 'NONE',  ( 65.70899050515195938, 75.20527889746188066, 13.99999999999999822 ) ) ;
#3540 = EDGE_CURVE ( 'NONE', #7569, #6821, #4879, .T. ) ;
#3541 = EDGE_CURVE ( 'NONE', #1777, #3280, #6406, .T. ) ;
#3542 = ORIENTED_EDGE ( 'NONE', *, *, #519, .F. ) ;
#3543 = FACE_OUTER_BOUND ( 'NONE', #952, .T. ) ;
#3544 = CARTESIAN_POINT ( 'NONE',  ( 63.20000000000000284, 139.9999999999999716, 82.99999999999998579 ) ) ;
#3546 = ORIENTED_EDGE ( 'NONE', *, *, #102, .T. ) ;
#3545 = DIRECTION ( 'NONE',  ( 1.000000000000000000, 0.000000000000000000, 0.000000000000000000 ) ) ;
#3547 = ORIENTED_EDGE ( 'NONE', *, *, #3014, .F. ) ;
#3548 = DIRECTION ( 'NONE',  ( 0.000000000000000000, -1.000000000000000000, -0.000000000000000000 ) ) ;
#3549 = ORIENTED_EDGE ( 'NONE', *, *, #4583, .F. ) ;
#3550 = DIRECTION ( 'NONE',  ( 3.965082230804130713E-16, -1.000000000000000000, -0.000000000000000000 ) ) ;
#3551 = CARTESIAN_POINT ( 'NONE',  ( 35.00000000000000000, 37.00000000000000711, 4.900000000000000355 ) ) ;
#3552 = LINE ( 'NONE', #6055, #2558 ) ;
#3553 = CARTESIAN_POINT ( 'NONE',  ( 0.7899999999999964828, 82.00000000000117950, 3.000000000000002665 ) ) ;
#3554 = CARTESIAN_POINT ( 'NONE',  ( 66.40938249114500991, 65.63752996458096334, 82.14700428662888498 ) ) ;
#3555 = LINE ( 'NONE', #7917, #3955 ) ;
#3556 = VERTEX_POINT ( 'NONE', #1976 ) ;
#3557 = AXIS2_PLACEMENT_3D ( 'NONE', #1858, #6864, #1238 ) ;
#3558 = EDGE_CURVE ( 'NONE', #8079, #1701, #150, .T. ) ;
#3559 = PLANE ( 'NONE',  #3305 ) ;
#3560 = CARTESIAN_POINT ( 'NONE',  ( 67.27847825888348154, 69.11391303553492094, 9.548503947253013990 ) ) ;
#3561 = AXIS2_PLACEMENT_3D ( 'NONE', #2658, #6979, #4428 ) ;
#3562 = EDGE_LOOP ( 'NONE', ( #4208, #2156, #7331, #2561 ) ) ;
#3563 = FACE_OUTER_BOUND ( 'NONE', #1109, .T. ) ;
#3564 = VERTEX_POINT ( 'NONE', #5706 ) ;
#3565 = LINE ( 'NONE', #3527, #2166 ) ;
#3566 = VECTOR ( 'NONE', #1354, 1000.000000000000000 ) ;
#3567 = CIRCLE ( 'NONE', #4622, 1.600000000000004086 ) ;
#3568 = ORIENTED_EDGE ( 'NONE', *, *, #3943, .F. ) ;
#3569 = DIRECTION ( 'NONE',  ( 1.000000000000000000, -0.000000000000000000, -0.000000000000000000 ) ) ;
#3570 = ORIENTED_EDGE ( 'NONE', *, *, #3474, .T. ) ;
#3571 = CYLINDRICAL_SURFACE ( 'NONE', #4516, 2.000000000000001776 ) ;
#3572 = EDGE_CURVE ( 'NONE', #1285, #1881, #1204, .T. ) ;
#3573 = DIRECTION ( 'NONE',  ( -1.000000000000000000, -0.000000000000000000, -0.000000000000000000 ) ) ;
#3574 = CARTESIAN_POINT ( 'NONE',  ( 61.40999999999998238, 90.00000000000119371, 84.31158075373093652 ) ) ;
#3575 = VECTOR ( 'NONE', #5256, 1000.000000000000000 ) ;
#3576 = EDGE_CURVE ( 'NONE', #5841, #823, #3862, .T. ) ;
#3577 = VECTOR ( 'NONE', #3067, 1000.000000000000000 ) ;
#3578 = EDGE_CURVE ( 'NONE', #5684, #7974, #6553, .T. ) ;
#3579 = ORIENTED_EDGE ( 'NONE', *, *, #5053, .F. ) ;
#3580 = LINE ( 'NONE', #5999, #5481 ) ;
#3581 = ORIENTED_EDGE ( 'NONE', *, *, #7301, .F. ) ;
#3582 = CARTESIAN_POINT ( 'NONE',  ( 0.000000000000000000, 0.000000000000000000, 13.79999999999999893 ) ) ;
#3583 = AXIS2_PLACEMENT_3D ( 'NONE', #631, #3142, #5640 ) ;
#3584 = VECTOR ( 'NONE', #2220, 1000.000000000000000 ) ;
#3585 = ORIENTED_EDGE ( 'NONE', *, *, #6851, .F. ) ;
#3586 = DIRECTION ( 'NONE',  ( -0.000000000000000000, -0.000000000000000000, 1.000000000000000000 ) ) ;
#3587 = PLANE ( 'NONE',  #436 ) ;
#3589 = ORIENTED_EDGE ( 'NONE', *, *, #2717, .F. ) ;
#3588 = FACE_OUTER_BOUND ( 'NONE', #561, .T. ) ;
#3590 = ORIENTED_EDGE ( 'NONE', *, *, #3792, .F. ) ;
#3591 = CARTESIAN_POINT ( 'NONE',  ( 22.34232921921326920, 3.000000000000000000, 15.00000000000000000 ) ) ;
#3592 = CIRCLE ( 'NONE', #305, 1.649999999999995248 ) ;
#3593 = ORIENTED_EDGE ( 'NONE', *, *, #3792, .T. ) ;
#3594 = ADVANCED_FACE ( 'NONE', ( #6647 ), #1556, .T. ) ;
#3595 = ORIENTED_EDGE ( 'NONE', *, *, #2730, .F. ) ;
#3596 = CARTESIAN_POINT ( 'NONE',  ( -3.078715288064818691E-14, 90.00000000000109424, 41.49999999999999289 ) ) ;
#3597 = CIRCLE ( 'NONE', #1380, 1.600000000000004086 ) ;
#3598 = CARTESIAN_POINT ( 'NONE',  ( 35.00000000000000000, 21.00000000000000355, 4.900000000000000355 ) ) ;
#3599 = CARTESIAN_POINT ( 'NONE',  ( 17.00000000000001066, 118.0000000000011937, 86.60000000000000853 ) ) ;
#3600 = CARTESIAN_POINT ( 'NONE',  ( 64.20999999999999375, 88.00000000000119371, 7.071838492538090826 ) ) ;
#3601 = CARTESIAN_POINT ( 'NONE',  ( 6.999999999999970690, 85.00000000000110845, 46.50000000000000711 ) ) ;
#3602 = DIRECTION ( 'NONE',  ( -1.000000000000000000, 0.000000000000000000, 0.000000000000000000 ) ) ;
#3603 = AXIS2_PLACEMENT_3D ( 'NONE', #1415, #4065, #5911 ) ;
#3604 = ORIENTED_EDGE ( 'NONE', *, *, #6445, .F. ) ;
#3605 = CIRCLE ( 'NONE', #5436, 4.000000000000000000 ) ;
#3606 = CARTESIAN_POINT ( 'NONE',  ( 69.24067936336959406, 76.96271745347952731, 91.20414171693983008 ) ) ;
#3607 = CARTESIAN_POINT ( 'NONE',  ( 69.20999999999999375, 90.00000000000117950, 3.000000000000002665 ) ) ;
#3608 = ORIENTED_EDGE ( 'NONE', *, *, #1033, .T. ) ;
#3609 = CARTESIAN_POINT ( 'NONE',  ( 10.79000000000000092, 82.00000000000117950, 15.00000000000000178 ) ) ;
#3610 = ADVANCED_FACE ( 'NONE', ( #270 ), #2825, .T. ) ;
#3611 = ORIENTED_EDGE ( 'NONE', *, *, #988, .T. ) ;
#3612 = PLANE ( 'NONE',  #5175 ) ;
#3613 = ORIENTED_EDGE ( 'NONE', *, *, #8041, .T. ) ;
#3614 = ORIENTED_EDGE ( 'NONE', *, *, #562, .F. ) ;
#3615 = CARTESIAN_POINT ( 'NONE',  ( 63.00000000000000000, 80.00000000000112266, 41.50000000000000000 ) ) ;
#3616 = ORIENTED_EDGE ( 'NONE', *, *, #4868, .F. ) ;
#3617 = AXIS2_PLACEMENT_3D ( 'NONE', #6395, #765, #6468 ) ;
#3618 = AXIS2_PLACEMENT_3D ( 'NONE', #3835, #3797, #5180 ) ;
#3619 = CARTESIAN_POINT ( 'NONE',  ( 3.000000000000000000, 139.9999999999999716, 8.000000000000000000 ) ) ;
#3620 = LINE ( 'NONE', #6120, #1915 ) ;
#3621 = CARTESIAN_POINT ( 'NONE',  ( 64.20999999999999375, 88.00000000000119371, 12.30499999999999794 ) ) ;
#3622 = ORIENTED_EDGE ( 'NONE', *, *, #7839, .T. ) ;
#3623 = DIRECTION ( 'NONE',  ( 0.000000000000000000, -1.000000000000000000, 0.000000000000000000 ) ) ;
#3624 = EDGE_LOOP ( 'NONE', ( #6006, #2236, #1778, #1709 ) ) ;
#3625 = DIRECTION ( 'NONE',  ( -1.000000000000000000, 0.000000000000000000, 0.000000000000000000 ) ) ;
#3626 = VERTEX_POINT ( 'NONE', #4708 ) ;
#3627 = VECTOR ( 'NONE', #5761, 1000.000000000000000 ) ;
#3628 = EDGE_CURVE ( 'NONE', #7756, #3135, #5134, .T. ) ;
#3629 = EDGE_CURVE ( 'NONE', #7607, #1881, #387, .T. ) ;
#3630 = ADVANCED_FACE ( 'NONE', ( #5862 ), #4956, .T. ) ;
#3631 = VERTEX_POINT ( 'NONE', #5897 ) ;
#3632 = FACE_OUTER_BOUND ( 'NONE', #6260, .T. ) ;
#3633 = CARTESIAN_POINT ( 'NONE',  ( 17.00000000000001066, 118.0000000000011937, 84.99999999999998579 ) ) ;
#3634 = AXIS2_PLACEMENT_3D ( 'NONE', #660, #4479, #3788 ) ;
#3636 = VERTEX_POINT ( 'NONE', #4671 ) ;
#3635 = FACE_OUTER_BOUND ( 'NONE', #5491, .T. ) ;
#3637 = ORIENTED_EDGE ( 'NONE', *, *, #5423, .F. ) ;
#3638 = CARTESIAN_POINT ( 'NONE',  ( 29.79999999999999716, 21.00000000000000355, 77.00000000000000000 ) ) ;
#3639 = VERTEX_POINT ( 'NONE', #6517 ) ;
#3640 = CIRCLE ( 'NONE', #751, 3.499999999999985789 ) ;
#3641 = ORIENTED_EDGE ( 'NONE', *, *, #1818, .F. ) ;
#3642 = CARTESIAN_POINT ( 'NONE',  ( 52.99999999999998579, 115.0000000000011795, 83.39999999999999147 ) ) ;
#3643 = LINE ( 'NONE', #7254, #5144 ) ;
#3644 = DIRECTION ( 'NONE',  ( -0.000000000000000000, -0.000000000000000000, 1.000000000000000000 ) ) ;
#3645 = DIRECTION ( 'NONE',  ( -0.000000000000000000, -0.000000000000000000, 1.000000000000000000 ) ) ;
#3646 = DIRECTION ( 'NONE',  ( -9.912705577010326536E-16, -3.930469274259665525E-31, -1.000000000000000000 ) ) ;
#3647 = DIRECTION ( 'NONE',  ( 0.000000000000000000, 0.000000000000000000, 1.000000000000000000 ) ) ;
#3648 = VERTEX_POINT ( 'NONE', #6018 ) ;
#3649 = EDGE_CURVE ( 'NONE', #8114, #1616, #5203, .T. ) ;
#3650 = DIRECTION ( 'NONE',  ( -0.000000000000000000, 1.000000000000000000, -0.000000000000000000 ) ) ;
#3651 = LINE ( 'NONE', #7515, #38 ) ;
#3652 = EDGE_LOOP ( 'NONE', ( #534, #3716, #2161, #2733, #790, #484, #6706, #6307 ) ) ;
#3653 = LINE ( 'NONE', #6243, #6181 ) ;
#3654 = VECTOR ( 'NONE', #288, 1000.000000000000000 ) ;
#3655 = EDGE_CURVE ( 'NONE', #4329, #3896, #7751, .T. ) ;
#3656 = ORIENTED_EDGE ( 'NONE', *, *, #7438, .F. ) ;
#3657 = CARTESIAN_POINT ( 'NONE',  ( 63.00000000000000000, 90.00000000000112266, 41.50000000000000000 ) ) ;
#3658 = ORIENTED_EDGE ( 'NONE', *, *, #5826, .F. ) ;
#3659 = ORIENTED_EDGE ( 'NONE', *, *, #1675, .F. ) ;
#3660 = DIRECTION ( 'NONE',  ( -1.000000000000000000, 0.000000000000000000, 0.000000000000000000 ) ) ;
#3661 = AXIS2_PLACEMENT_3D ( 'NONE', #5754, #6331, #1330 ) ;
#3662 = CARTESIAN_POINT ( 'NONE',  ( 30.00000000000000355, 37.00000000000000711, 12.00000000000000000 ) ) ;
#3663 = CARTESIAN_POINT ( 'NONE',  ( 22.75000000000001066, 41.00000000000001421, 80.00000000000000000 ) ) ;
#3664 = EDGE_LOOP ( 'NONE', ( #1155, #8116, #6921, #6634 ) ) ;
#3665 = DIRECTION ( 'NONE',  ( -0.000000000000000000, -0.000000000000000000, -1.000000000000000000 ) ) ;
#3666 = ORIENTED_EDGE ( 'NONE', *, *, #6314, .T. ) ;
#3667 = DIRECTION ( 'NONE',  ( -1.734723475976808475E-15, -1.000000000000000000, 0.000000000000000000 ) ) ;
#3668 = ORIENTED_EDGE ( 'NONE', *, *, #5459, .F. ) ;
#3669 = EDGE_CURVE ( 'NONE', #2754, #3264, #4217, .T. ) ;
#3670 = ORIENTED_EDGE ( 'NONE', *, *, #3510, .T. ) ;
#3671 = DIRECTION ( 'NONE',  ( 1.000000000000000000, -1.734723475976808475E-15, -0.000000000000000000 ) ) ;
#3672 = CARTESIAN_POINT ( 'NONE',  ( 65.40000000000001990, 83.00000000000113687, 46.49999999999999289 ) ) ;
#3674 = ORIENTED_EDGE ( 'NONE', *, *, #6677, .T. ) ;
#3673 = DIRECTION ( 'NONE',  ( -0.000000000000000000, 1.000000000000000000, -0.000000000000000000 ) ) ;
#3675 = ORIENTED_EDGE ( 'NONE', *, *, #3284, .T. ) ;
#3676 = CARTESIAN_POINT ( 'NONE',  ( 26.25000000000000355, 41.00000000000001421, 15.00000000000000000 ) ) ;
#3677 = EDGE_LOOP ( 'NONE', ( #3385, #4572, #4454, #3451 ) ) ;
#3678 = VERTEX_POINT ( 'NONE', #2129 ) ;
#3679 = LINE ( 'NONE', #5562, #5023 ) ;
#3680 = CARTESIAN_POINT ( 'NONE',  ( 39.99999999999999289, 34.13021325036270071, 88.09999999999999432 ) ) ;
#3681 = FACE_BOUND ( 'NONE', #2321, .T. ) ;
#3682 = PLANE ( 'NONE',  #3347 ) ;
#3683 = LINE ( 'NONE', #475, #322 ) ;
#3684 = CARTESIAN_POINT ( 'NONE',  ( 30.99999999999999289, 24.32264954516723066, 77.00000000000000000 ) ) ;
#3685 = EDGE_CURVE ( 'NONE', #1074, #7450, #4630, .T. ) ;
#3686 = LINE ( 'NONE', #560, #6716 ) ;
#3687 = ORIENTED_EDGE ( 'NONE', *, *, #6707, .F. ) ;
#3688 = DIRECTION ( 'NONE',  ( -0.000000000000000000, 1.000000000000000000, -0.000000000000000000 ) ) ;
#3689 = DIRECTION ( 'NONE',  ( 1.000000000000000000, 0.000000000000000000, 0.000000000000000000 ) ) ;
#3690 = AXIS2_PLACEMENT_3D ( 'NONE', #3692, #1726, #4223 ) ;
#3691 = ORIENTED_EDGE ( 'NONE', *, *, #3719, .F. ) ;
#3692 = CARTESIAN_POINT ( 'NONE',  ( 12.00000000000000178, 115.0000000000011795, 13.00000000000000178 ) ) ;
#3693 = ORIENTED_EDGE ( 'NONE', *, *, #7568, .F. ) ;
#3694 = EDGE_CURVE ( 'NONE', #3754, #5923, #7138, .T. ) ;
#3695 = CARTESIAN_POINT ( 'NONE',  ( 70.00000000000000000, 80.00000000000117950, 0.2139618866115449713 ) ) ;
#3696 = ORIENTED_EDGE ( 'NONE', *, *, #3184, .F. ) ;
#3697 = ORIENTED_EDGE ( 'NONE', *, *, #5528, .F. ) ;
#3698 = CYLINDRICAL_SURFACE ( 'NONE', #4633, 6.000000000000005329 ) ;
#3699 = EDGE_LOOP ( 'NONE', ( #1577, #538, #7191, #7344 ) ) ;
#3700 = DIRECTION ( 'NONE',  ( 0.000000000000000000, 0.000000000000000000, 1.000000000000000000 ) ) ;
#3701 = DIRECTION ( 'NONE',  ( -0.000000000000000000, -0.000000000000000000, 1.000000000000000000 ) ) ;
#3702 = VERTEX_POINT ( 'NONE', #4592 ) ;
#3703 = LINE ( 'NONE', #581, #5351 ) ;
#3704 = AXIS2_PLACEMENT_3D ( 'NONE', #7212, #5976, #5352 ) ;
#3705 = EDGE_LOOP ( 'NONE', ( #218, #7618, #3793, #4532, #219, #2424, #8096, #3013 ) ) ;
#3706 = PLANE ( 'NONE',  #6857 ) ;
#3707 = VECTOR ( 'NONE', #5961, 1000.000000000000000 ) ;
#3708 = ORIENTED_EDGE ( 'NONE', *, *, #1192, .F. ) ;
#3709 = ORIENTED_EDGE ( 'NONE', *, *, #5730, .T. ) ;
#3710 = VECTOR ( 'NONE', #1387, 1000.000000000000000 ) ;
#3711 = DIRECTION ( 'NONE',  ( -0.000000000000000000, -1.000000000000000000, -0.000000000000000000 ) ) ;
#3712 = VECTOR ( 'NONE', #688, 1000.000000000000000 ) ;
#3713 = DIRECTION ( 'NONE',  ( 0.000000000000000000, 0.000000000000000000, -1.000000000000000000 ) ) ;
#3715 = VERTEX_POINT ( 'NONE', #2864 ) ;
#3714 = DIRECTION ( 'NONE',  ( 0.000000000000000000, 1.000000000000000000, 0.000000000000000000 ) ) ;
#3716 = ORIENTED_EDGE ( 'NONE', *, *, #6363, .F. ) ;
#3717 = DIRECTION ( 'NONE',  ( 0.000000000000000000, 0.000000000000000000, 1.000000000000000000 ) ) ;
#3718 = ORIENTED_EDGE ( 'NONE', *, *, #4480, .T. ) ;
#3719 = EDGE_CURVE ( 'NONE', #2328, #7861, #7504, .T. ) ;
#3720 = AXIS2_PLACEMENT_3D ( 'NONE', #4120, #7945, #7242 ) ;
#3721 = AXIS2_PLACEMENT_3D ( 'NONE', #5265, #3308, #265 ) ;
#3722 = ORIENTED_EDGE ( 'NONE', *, *, #7500, .T. ) ;
#3723 = DIRECTION ( 'NONE',  ( -0.8660254037844384856, 0.000000000000000000, -0.5000000000000002220 ) ) ;
#3724 = FACE_OUTER_BOUND ( 'NONE', #3699, .T. ) ;
#3725 = DIRECTION ( 'NONE',  ( -0.000000000000000000, 1.000000000000000000, -0.000000000000000000 ) ) ;
#3726 = FACE_BOUND ( 'NONE', #3916, .T. ) ;
#3727 = VECTOR ( 'NONE', #4518, 1000.000000000000000 ) ;
#3728 = CARTESIAN_POINT ( 'NONE',  ( 64.20999999999999375, 90.00000000000119371, 7.071838492538090826 ) ) ;
#3729 = DIRECTION ( 'NONE',  ( 0.000000000000000000, -0.000000000000000000, -1.000000000000000000 ) ) ;
#3730 = EDGE_CURVE ( 'NONE', #1981, #2754, #4750, .T. ) ;
#3731 = CARTESIAN_POINT ( 'NONE',  ( 0.7593208748859162638, 76.96271650045737545, 91.20414093691638868 ) ) ;
#3732 = VERTEX_POINT ( 'NONE', #1639 ) ;
#3733 = AXIS2_PLACEMENT_3D ( 'NONE', #4655, #1459, #874 ) ;
#3734 = EDGE_CURVE ( 'NONE', #7106, #3053, #5917, .T. ) ;
#3735 = EDGE_CURVE ( 'NONE', #3221, #2804, #3555, .T. ) ;
#3736 = LINE ( 'NONE', #146, #5262 ) ;
#3737 = EDGE_CURVE ( 'NONE', #2854, #1086, #2294, .T. ) ;
#3738 = ADVANCED_FACE ( 'NONE', ( #6234 ), #6854, .F. ) ;
#3739 = CARTESIAN_POINT ( 'NONE',  ( 1.049157869096100315, 75.80336852361662636, 4.173926578354952177 ) ) ;
#3740 = CIRCLE ( 'NONE', #2162, 4.000000000000003553 ) ;
#3741 = ORIENTED_EDGE ( 'NONE', *, *, #4538, .T. ) ;
#3742 = CARTESIAN_POINT ( 'NONE',  ( -2.682207064984406182E-14, 80.00000000000109424, 41.49999999999999289 ) ) ;
#3743 = EDGE_LOOP ( 'NONE', ( #2865, #5536, #3637, #6653 ) ) ;
#3744 = EDGE_LOOP ( 'NONE', ( #4661, #7489, #7206, #4093, #3110, #7518, #3952, #5497 ) ) ;
#3745 = VECTOR ( 'NONE', #2025, 1000.000000000000000 ) ;
#3746 = CARTESIAN_POINT ( 'NONE',  ( -3.409970718491595416E-14, 86.00000000000110845, 90.00000000000000000 ) ) ;
#3747 = LINE ( 'NONE', #532, #1508 ) ;
#3748 = CARTESIAN_POINT ( 'NONE',  ( 12.00000000000001776, 115.0000000000011795, 80.00000000000000000 ) ) ;
#3749 = VECTOR ( 'NONE', #5979, 1000.000000000000000 ) ;
#3750 = ORIENTED_EDGE ( 'NONE', *, *, #2945, .F. ) ;
#3751 = CARTESIAN_POINT ( 'NONE',  ( 12.00000000000000178, 115.0000000000011795, 13.00000000000000178 ) ) ;
#3752 = ORIENTED_EDGE ( 'NONE', *, *, #4903, .T. ) ;
#3753 = DIRECTION ( 'NONE',  ( 1.000000000000000000, -0.000000000000000000, -0.000000000000000000 ) ) ;
#3754 = VERTEX_POINT ( 'NONE', #6685 ) ;
#3755 = VERTEX_POINT ( 'NONE', #2900 ) ;
#3756 = ADVANCED_FACE ( 'NONE', ( #1228, #7430 ), #1145, .T. ) ;
#3757 = CARTESIAN_POINT ( 'NONE',  ( 69.20999999999997954, 86.00000000000113687, 83.99999999999998579 ) ) ;
#3758 = FACE_OUTER_BOUND ( 'NONE', #2282, .T. ) ;
#3760 = ORIENTED_EDGE ( 'NONE', *, *, #4710, .T. ) ;
#3759 = CARTESIAN_POINT ( 'NONE',  ( 50.20000000000000284, 116.0000000000011795, 6.383419246269049552 ) ) ;
#3761 = EDGE_LOOP ( 'NONE', ( #8064, #1191, #5889, #1812 ) ) ;
#3762 = CARTESIAN_POINT ( 'NONE',  ( 70.00000000000000000, 80.00000000000117950, 12.00000000000000000 ) ) ;
#3763 = AXIS2_PLACEMENT_3D ( 'NONE', #7291, #7947, #4825 ) ;
#3764 = ORIENTED_EDGE ( 'NONE', *, *, #4617, .T. ) ;
#3765 = VERTEX_POINT ( 'NONE', #2375 ) ;
#3766 = LINE ( 'NONE', #2454, #4628 ) ;
#3767 = AXIS2_PLACEMENT_3D ( 'NONE', #1658, #866, #250 ) ;
#3768 = DIRECTION ( 'NONE',  ( -0.000000000000000000, 1.000000000000000000, -0.000000000000000000 ) ) ;
#3769 = DIRECTION ( 'NONE',  ( -1.000000000000000000, 0.000000000000000000, 0.000000000000000000 ) ) ;
#3770 = LINE ( 'NONE', #554, #7943 ) ;
#3771 = EDGE_CURVE ( 'NONE', #759, #4618, #2388, .T. ) ;
#3772 = DIRECTION ( 'NONE',  ( -0.000000000000000000, -1.000000000000000000, -0.000000000000000000 ) ) ;
#3773 = LINE ( 'NONE', #6315, #7050 ) ;
#3774 = CARTESIAN_POINT ( 'NONE',  ( 23.94999999999999929, 21.00000000000000355, 4.900000000000000355 ) ) ;
#3775 = VECTOR ( 'NONE', #7923, 1000.000000000000000 ) ;
#3776 = EDGE_LOOP ( 'NONE', ( #7431, #2579, #4844, #5583 ) ) ;
#3777 = CARTESIAN_POINT ( 'NONE',  ( 57.99999999999999289, 118.0000000000011937, 80.00000000000000000 ) ) ;
#3778 = EDGE_CURVE ( 'NONE', #6386, #617, #1099, .T. ) ;
#3779 = DIRECTION ( 'NONE',  ( -0.000000000000000000, -0.000000000000000000, 1.000000000000000000 ) ) ;
#3780 = DIRECTION ( 'NONE',  ( 1.000000000000000000, 0.000000000000000000, 0.000000000000000000 ) ) ;
#3781 = DIRECTION ( 'NONE',  ( 0.000000000000000000, 0.000000000000000000, 1.000000000000000000 ) ) ;
#3782 = EDGE_CURVE ( 'NONE', #3040, #5793, #1811, .T. ) ;
#3783 = DIRECTION ( 'NONE',  ( -0.000000000000000000, 1.000000000000000000, -0.000000000000000000 ) ) ;
#3784 = ORIENTED_EDGE ( 'NONE', *, *, #2731, .F. ) ;
#3785 = CARTESIAN_POINT ( 'NONE',  ( 45.39999999999999858, 41.00000000000001421, 13.00000000000000178 ) ) ;
#3786 = EDGE_CURVE ( 'NONE', #7398, #3464, #431, .T. ) ;
#3787 = DIRECTION ( 'NONE',  ( 1.000000000000000000, 1.208956363183466219E-15, -0.000000000000000000 ) ) ;
#3788 = DIRECTION ( 'NONE',  ( -1.000000000000000000, 0.000000000000000000, 0.000000000000000000 ) ) ;
#3789 = EDGE_CURVE ( 'NONE', #6572, #7398, #3423, .T. ) ;
#3790 = EDGE_LOOP ( 'NONE', ( #6509, #4283, #4155, #7404, #7878, #3523, #956, #6786, #6419, #1661, #173, #3211, #1686, #4806, #5548, #2367 ) ) ;
#3791 = CARTESIAN_POINT ( 'NONE',  ( 70.00000000000000000, 0.000000000000000000, 3.000000000000000000 ) ) ;
#3793 = ORIENTED_EDGE ( 'NONE', *, *, #6846, .T. ) ;
#3792 = EDGE_CURVE ( 'NONE', #8026, #7770, #5788, .T. ) ;
#3794 = LINE ( 'NONE', #3873, #6086 ) ;
#3795 = CARTESIAN_POINT ( 'NONE',  ( 43.75000000000000711, 41.00000000000001421, 12.00000000000000000 ) ) ;
#3796 = CYLINDRICAL_SURFACE ( 'NONE', #3213, 1.649999999999995248 ) ;
#3798 = VERTEX_POINT ( 'NONE', #6105 ) ;
#3797 = DIRECTION ( 'NONE',  ( -1.000000000000000000, 0.000000000000000000, 0.000000000000000000 ) ) ;
#3799 = ORIENTED_EDGE ( 'NONE', *, *, #6137, .F. ) ;
#3800 = AXIS2_PLACEMENT_3D ( 'NONE', #1200, #3623, #623 ) ;
#3801 = CARTESIAN_POINT ( 'NONE',  ( 34.99999999999999289, 21.00000000000000355, 88.09999999999999432 ) ) ;
#3802 = ORIENTED_EDGE ( 'NONE', *, *, #1398, .F. ) ;
#3803 = EDGE_CURVE ( 'NONE', #1036, #6148, #5522, .T. ) ;
#3804 = EDGE_LOOP ( 'NONE', ( #8106, #1566, #5762, #4784 ) ) ;
#3805 = PLANE ( 'NONE',  #951 ) ;
#3806 = CARTESIAN_POINT ( 'NONE',  ( 52.99999999999997158, 116.0000000000011795, 81.76683849253807068 ) ) ;
#3807 = DIRECTION ( 'NONE',  ( -0.000000000000000000, -0.000000000000000000, 1.000000000000000000 ) ) ;
#3808 = DIRECTION ( 'NONE',  ( -0.9701425001453327646, 0.2425356250363299160, 0.000000000000000000 ) ) ;
#3809 = CARTESIAN_POINT ( 'NONE',  ( 55.79999999999997584, 115.0000000000011795, 83.38341924626904245 ) ) ;
#3810 = FACE_OUTER_BOUND ( 'NONE', #506, .T. ) ;
#3811 = DIRECTION ( 'NONE',  ( 0.000000000000000000, 0.000000000000000000, 1.000000000000000000 ) ) ;
#3812 = EDGE_LOOP ( 'NONE', ( #871, #6561 ) ) ;
#3813 = CARTESIAN_POINT ( 'NONE',  ( 53.00000000000000000, 115.0000000000011795, 11.23316150746189201 ) ) ;
#3814 = DIRECTION ( 'NONE',  ( 0.000000000000000000, 0.000000000000000000, 1.000000000000000000 ) ) ;
#3815 = DIRECTION ( 'NONE',  ( -1.301042606982604335E-16, 1.000000000000000000, -0.000000000000000000 ) ) ;
#3816 = CARTESIAN_POINT ( 'NONE',  ( 70.00000000000000000, 86.00000000000113687, 83.99999999999998579 ) ) ;
#3817 = CARTESIAN_POINT ( 'NONE',  ( 63.00000000000002842, 82.00000000000117950, 51.50000000000000000 ) ) ;
#3818 = ADVANCED_FACE ( 'NONE', ( #4343 ), #6813, .F. ) ;
#3819 = EDGE_LOOP ( 'NONE', ( #7393, #454, #6823, #464 ) ) ;
#3820 = EDGE_CURVE ( 'NONE', #5599, #4224, #6625, .T. ) ;
#3821 = DIRECTION ( 'NONE',  ( 1.000000000000000000, 0.000000000000000000, 0.000000000000000000 ) ) ;
#3822 = FACE_OUTER_BOUND ( 'NONE', #6346, .T. ) ;
#3823 = CARTESIAN_POINT ( 'NONE',  ( 48.00000000000000000, 118.0000000000011937, 13.00000000000000178 ) ) ;
#3824 = ORIENTED_EDGE ( 'NONE', *, *, #3919, .F. ) ;
#3825 = CARTESIAN_POINT ( 'NONE',  ( 16.99999999999999645, 116.0000000000011795, 4.766838492538091110 ) ) ;
#3826 = ORIENTED_EDGE ( 'NONE', *, *, #2452, .T. ) ;
#3827 = LINE ( 'NONE', #6336, #1252 ) ;
#3828 = VECTOR ( 'NONE', #775, 1000.000000000000000 ) ;
#3829 = ORIENTED_EDGE ( 'NONE', *, *, #5729, .F. ) ;
#3830 = EDGE_CURVE ( 'NONE', #5068, #7770, #3686, .T. ) ;
#3831 = DIRECTION ( 'NONE',  ( 0.000000000000000000, 0.000000000000000000, 1.000000000000000000 ) ) ;
#3832 = EDGE_CURVE ( 'NONE', #2392, #3280, #1471, .T. ) ;
#3833 = EDGE_CURVE ( 'NONE', #6093, #5072, #6578, .T. ) ;
#3834 = CARTESIAN_POINT ( 'NONE',  ( 3.000000000000000000, 139.9999999999999716, 86.59999999999999432 ) ) ;
#3836 = ORIENTED_EDGE ( 'NONE', *, *, #3069, .F. ) ;
#3835 = CARTESIAN_POINT ( 'NONE',  ( 50.20000000000000284, 116.0000000000011795, 9.616580753730946896 ) ) ;
#3837 = AXIS2_PLACEMENT_3D ( 'NONE', #2269, #411, #2924 ) ;
#3838 = ORIENTED_EDGE ( 'NONE', *, *, #3963, .F. ) ;
#3839 = CARTESIAN_POINT ( 'NONE',  ( 5.789999999999998259, 90.00000000000119371, 13.53816150746191127 ) ) ;
#3840 = VERTEX_POINT ( 'NONE', #6316 ) ;
#3841 = VECTOR ( 'NONE', #6151, 1000.000000000000000 ) ;
#3842 = CIRCLE ( 'NONE', #3185, 1.649999999999998579 ) ;
#3843 = ORIENTED_EDGE ( 'NONE', *, *, #6020, .T. ) ;
#3844 = FACE_BOUND ( 'NONE', #2005, .T. ) ;
#3845 = CARTESIAN_POINT ( 'NONE',  ( 3.000000000000000000, 145.0000000000000000, 80.00000000000000000 ) ) ;
#3846 = CARTESIAN_POINT ( 'NONE',  ( 61.40999999999998238, 88.00000000000119371, 81.07841924626904984 ) ) ;
#3847 = CARTESIAN_POINT ( 'NONE',  ( 35.00000000000000000, 21.00000000000000355, 4.900000000000000355 ) ) ;
#3848 = EDGE_CURVE ( 'NONE', #2684, #7408, #8125, .T. ) ;
#3849 = FACE_BOUND ( 'NONE', #3047, .T. ) ;
#3850 = LINE ( 'NONE', #139, #5445 ) ;
#3851 = AXIS2_PLACEMENT_3D ( 'NONE', #4210, #1760, #4793 ) ;
#3852 = AXIS2_PLACEMENT_3D ( 'NONE', #6636, #3511, #5390 ) ;
#3853 = PLANE ( 'NONE',  #5667 ) ;
#3854 = VERTEX_POINT ( 'NONE', #607 ) ;
#3855 = LINE ( 'NONE', #732, #5018 ) ;
#3856 = AXIS2_PLACEMENT_3D ( 'NONE', #2260, #1117, #7976 ) ;
#3857 = DIRECTION ( 'NONE',  ( 1.000000000000000000, 0.000000000000000000, 0.000000000000000000 ) ) ;
#3858 = CIRCLE ( 'NONE', #8053, 2.000000000000015543 ) ;
#3859 = ADVANCED_FACE ( 'NONE', ( #3895 ), #28, .F. ) ;
#3860 = LINE ( 'NONE', #1973, #834 ) ;
#3861 = CARTESIAN_POINT ( 'NONE',  ( 1.478667717728231024, 74.08532912908809465, 6.242813355596619651 ) ) ;
#3862 = LINE ( 'NONE', #6367, #6845 ) ;
#3863 = AXIS2_PLACEMENT_3D ( 'NONE', #1553, #7213, #1637 ) ;
#3864 = VERTEX_POINT ( 'NONE', #3119 ) ;
#3865 = CARTESIAN_POINT ( 'NONE',  ( 2.259671941062017630, 70.96131223575289937, 84.36818509809140210 ) ) ;
#3866 = AXIS2_PLACEMENT_3D ( 'NONE', #1999, #680, #4500 ) ;
#3867 = EDGE_CURVE ( 'NONE', #205, #1955, #7057, .T. ) ;
#3868 = CARTESIAN_POINT ( 'NONE',  ( 29.74999999999998224, 41.00000000000001421, 81.00000000000000000 ) ) ;
#3869 = EDGE_CURVE ( 'NONE', #6031, #3491, #6900, .T. ) ;
#3870 = ORIENTED_EDGE ( 'NONE', *, *, #1018, .T. ) ;
#3871 = LINE ( 'NONE', #5715, #4048 ) ;
#3872 = ORIENTED_EDGE ( 'NONE', *, *, #639, .F. ) ;
#3873 = CARTESIAN_POINT ( 'NONE',  ( 12.00000000000000178, 118.0000000000011937, 3.000000000000000000 ) ) ;
#3874 = AXIS2_PLACEMENT_3D ( 'NONE', #1610, #4158, #1157 ) ;
#3875 = ORIENTED_EDGE ( 'NONE', *, *, #3786, .T. ) ;
#3876 = VECTOR ( 'NONE', #3117, 1000.000000000000000 ) ;
#3877 = PLANE ( 'NONE',  #165 ) ;
#3878 = DIRECTION ( 'NONE',  ( 0.8660254037844380415, 0.000000000000000000, -0.5000000000000009992 ) ) ;
#3879 = FACE_OUTER_BOUND ( 'NONE', #4984, .T. ) ;
#3880 = EDGE_LOOP ( 'NONE', ( #140, #1527, #2439, #4864, #7716 ) ) ;
#3881 = DIRECTION ( 'NONE',  ( 0.8660254037844382635, 0.000000000000000000, -0.5000000000000006661 ) ) ;
#3882 = ORIENTED_EDGE ( 'NONE', *, *, #6282, .T. ) ;
#3883 = EDGE_CURVE ( 'NONE', #2518, #3491, #4220, .T. ) ;
#3884 = CIRCLE ( 'NONE', #5057, 3.499999999999985789 ) ;
#3885 = ORIENTED_EDGE ( 'NONE', *, *, #1971, .T. ) ;
#3886 = DIRECTION ( 'NONE',  ( 1.000000000000000000, 0.000000000000000000, 0.000000000000000000 ) ) ;
#3887 = DIRECTION ( 'NONE',  ( -0.000000000000000000, -0.000000000000000000, -1.000000000000000000 ) ) ;
#3888 = AXIS2_PLACEMENT_3D ( 'NONE', #5738, #5227, #2081 ) ;
#3889 = CARTESIAN_POINT ( 'NONE',  ( 64.20999999999999375, 90.00000000000119371, 7.071838492538090826 ) ) ;
#3890 = VECTOR ( 'NONE', #4370, 1000.000000000000000 ) ;
#3891 = CARTESIAN_POINT ( 'NONE',  ( 5.790000000000016911, 90.00000000000119371, 79.46183849253809228 ) ) ;
#3892 = CARTESIAN_POINT ( 'NONE',  ( 8.590000000000014069, 88.00000000000119371, 81.07841924626904984 ) ) ;
#3893 = PLANE ( 'NONE',  #3617 ) ;
#3894 = ORIENTED_EDGE ( 'NONE', *, *, #6988, .T. ) ;
#3895 = FACE_OUTER_BOUND ( 'NONE', #2109, .T. ) ;
#3896 = VERTEX_POINT ( 'NONE', #1893 ) ;
#3897 = EDGE_CURVE ( 'NONE', #4332, #7356, #30, .T. ) ;
#3898 = VECTOR ( 'NONE', #4278, 1000.000000000000114 ) ;
#3899 = CARTESIAN_POINT ( 'NONE',  ( 72.67499999999996874, 77.00000000000110845, 93.00000000000000000 ) ) ;
#3900 = DIRECTION ( 'NONE',  ( -2.312964634635740689E-15, -1.000000000000000000, 8.673617379884027583E-16 ) ) ;
#3901 = ADVANCED_FACE ( 'NONE', ( #685 ), #3853, .F. ) ;
#3902 = DIRECTION ( 'NONE',  ( 0.000000000000000000, 1.000000000000000000, 0.000000000000000000 ) ) ;
#3903 = CARTESIAN_POINT ( 'NONE',  ( 1.387128281482046921, 74.45148687407282750, 5.861788055549411069 ) ) ;
#3904 = DIRECTION ( 'NONE',  ( -1.000000000000000000, 0.000000000000000000, 0.000000000000000000 ) ) ;
#3905 = VERTEX_POINT ( 'NONE', #5739 ) ;
#3906 = EDGE_CURVE ( 'NONE', #2419, #3636, #3273, .T. ) ;
#3907 = LINE ( 'NONE', #7602, #828 ) ;
#3908 = DIRECTION ( 'NONE',  ( 0.000000000000000000, 0.000000000000000000, 1.000000000000000000 ) ) ;
#3909 = VERTEX_POINT ( 'NONE', #111 ) ;
#3910 = CARTESIAN_POINT ( 'NONE',  ( 50.81066017177979433, 3.242640687119297205, 12.00000000000000000 ) ) ;
#3911 = ORIENTED_EDGE ( 'NONE', *, *, #4134, .T. ) ;
#3912 = DIRECTION ( 'NONE',  ( 1.000000000000000000, 0.000000000000000000, 0.000000000000000000 ) ) ;
#3913 = DIRECTION ( 'NONE',  ( -0.000000000000000000, 1.000000000000000000, -0.000000000000000000 ) ) ;
#3914 = LINE ( 'NONE', #6568, #975 ) ;
#3915 = DIRECTION ( 'NONE',  ( -1.000000000000000000, 0.000000000000000000, 0.000000000000000000 ) ) ;
#3916 = EDGE_LOOP ( 'NONE', ( #2100, #4640, #5665, #7700 ) ) ;
#3917 = DIRECTION ( 'NONE',  ( 1.000000000000000000, 0.000000000000000000, 0.000000000000000000 ) ) ;
#3918 = ORIENTED_EDGE ( 'NONE', *, *, #5273, .T. ) ;
#3919 = EDGE_CURVE ( 'NONE', #6739, #6830, #6399, .T. ) ;
#3920 = ORIENTED_EDGE ( 'NONE', *, *, #3432, .F. ) ;
#3921 = DIRECTION ( 'NONE',  ( 0.000000000000000000, 0.000000000000000000, 1.000000000000000000 ) ) ;
#3922 = VECTOR ( 'NONE', #6560, 1000.000000000000000 ) ;
#3923 = DIRECTION ( 'NONE',  ( 0.000000000000000000, 1.000000000000000000, 0.000000000000000000 ) ) ;
#3924 = LINE ( 'NONE', #108, #602 ) ;
#3925 = CARTESIAN_POINT ( 'NONE',  ( 58.00000000000000000, 118.0000000000011937, 3.000000000000000000 ) ) ;
#3926 = CARTESIAN_POINT ( 'NONE',  ( 48.00000000000000000, 118.0000000000011937, 13.00000000000000178 ) ) ;
#3927 = ORIENTED_EDGE ( 'NONE', *, *, #1870, .T. ) ;
#3928 = CARTESIAN_POINT ( 'NONE',  ( 50.19999999999999574, 115.0000000000011795, 83.38341924626902824 ) ) ;
#3929 = ORIENTED_EDGE ( 'NONE', *, *, #4821, .F. ) ;
#3930 = PLANE ( 'NONE',  #3307 ) ;
#3931 = EDGE_CURVE ( 'NONE', #4430, #469, #5139, .T. ) ;
#3932 = DIRECTION ( 'NONE',  ( 0.000000000000000000, 1.000000000000000000, 0.000000000000000000 ) ) ;
#3933 = ADVANCED_FACE ( 'NONE', ( #2587 ), #141, .F. ) ;
#3934 = PLANE ( 'NONE',  #1498 ) ;
#3935 = CARTESIAN_POINT ( 'NONE',  ( 35.00000000000000000, 21.00000000000000355, 5.000000000000000000 ) ) ;
#3936 = EDGE_CURVE ( 'NONE', #2792, #5546, #2045, .T. ) ;
#3937 = EDGE_CURVE ( 'NONE', #2115, #4673, #7509, .T. ) ;
#3938 = DIRECTION ( 'NONE',  ( 1.000000000000000000, 0.000000000000000000, 0.000000000000000000 ) ) ;
#3939 = EDGE_LOOP ( 'NONE', ( #1546, #5210, #5707, #2884, #6097, #4911 ) ) ;
#3940 = ORIENTED_EDGE ( 'NONE', *, *, #2796, .F. ) ;
#3941 = CARTESIAN_POINT ( 'NONE',  ( 2.652353907668518751, 69.39058436932685936, 83.57989568738521768 ) ) ;
#3942 = DIRECTION ( 'NONE',  ( -0.000000000000000000, -1.000000000000000000, -0.000000000000000000 ) ) ;
#3943 = EDGE_CURVE ( 'NONE', #2079, #7569, #4386, .T. ) ;
#3944 = EDGE_LOOP ( 'NONE', ( #2721, #4751 ) ) ;
#3945 = DIRECTION ( 'NONE',  ( 1.000000000000000000, 0.000000000000000000, 0.000000000000000000 ) ) ;
#3946 = ORIENTED_EDGE ( 'NONE', *, *, #7956, .T. ) ;
#3947 = VERTEX_POINT ( 'NONE', #2545 ) ;
#3948 = ORIENTED_EDGE ( 'NONE', *, *, #1810, .T. ) ;
#3949 = FACE_OUTER_BOUND ( 'NONE', #4447, .T. ) ;
#3950 = CARTESIAN_POINT ( 'NONE',  ( 6.999999999999968914, 90.00000000000109424, 41.50000000000000000 ) ) ;
#3951 = CARTESIAN_POINT ( 'NONE',  ( 19.80000000000000071, 115.0000000000011795, 9.616580753730948672 ) ) ;
#3952 = ORIENTED_EDGE ( 'NONE', *, *, #3669, .F. ) ;
#3953 = CARTESIAN_POINT ( 'NONE',  ( 0.7899999999999964828, 86.00000000000112266, 90.00000000000000000 ) ) ;
#3954 = VERTEX_POINT ( 'NONE', #5043 ) ;
#3955 = VECTOR ( 'NONE', #6059, 1000.000000000000000 ) ;
#3956 = EDGE_LOOP ( 'NONE', ( #3940, #1229, #6297, #1542 ) ) ;
#3957 = LINE ( 'NONE', #7122, #7119 ) ;
#3958 = CIRCLE ( 'NONE', #2128, 1.600000000000004086 ) ;
#3959 = PLANE ( 'NONE',  #7671 ) ;
#3960 = CARTESIAN_POINT ( 'NONE',  ( 43.75000000000000711, 41.00000000000001421, 13.00000000000000178 ) ) ;
#3961 = ORIENTED_EDGE ( 'NONE', *, *, #700, .F. ) ;
#3962 = DIRECTION ( 'NONE',  ( 0.000000000000000000, 1.000000000000000000, -0.000000000000000000 ) ) ;
#3963 = EDGE_CURVE ( 'NONE', #2407, #3128, #6944, .T. ) ;
#3964 = VERTEX_POINT ( 'NONE', #5698 ) ;
#3965 = VECTOR ( 'NONE', #7921, 1000.000000000000000 ) ;
#3966 = ORIENTED_EDGE ( 'NONE', *, *, #6960, .F. ) ;
#3967 = CARTESIAN_POINT ( 'NONE',  ( 59.20999999999999375, 90.00000000000119371, 78.00000000000001421 ) ) ;
#3968 = CARTESIAN_POINT ( 'NONE',  ( 67.01000000000001933, 88.00000000000119371, 84.31158075373095073 ) ) ;
#3969 = DIRECTION ( 'NONE',  ( 1.000000000000000000, 0.000000000000000000, 0.000000000000000000 ) ) ;
#3970 = CARTESIAN_POINT ( 'NONE',  ( 2.721912587184809773, 69.11234965126169527, 9.549216463449022640 ) ) ;
#3971 = AXIS2_PLACEMENT_3D ( 'NONE', #1961, #3114, #3227 ) ;
#3972 = CARTESIAN_POINT ( 'NONE',  ( 22.44166666666664867, 57.00000000000108002, 12.00000000000000000 ) ) ;
#3973 = ORIENTED_EDGE ( 'NONE', *, *, #4617, .F. ) ;
#3974 = EDGE_CURVE ( 'NONE', #7210, #4808, #74, .T. ) ;
#3975 = ADVANCED_FACE ( 'NONE', ( #6620, #3454 ), #7200, .F. ) ;
#3976 = AXIS2_PLACEMENT_3D ( 'NONE', #3175, #4326, #4451 ) ;
#3977 = EDGE_CURVE ( 'NONE', #6386, #1025, #2230, .T. ) ;
#3978 = VECTOR ( 'NONE', #6825, 1000.000000000000000 ) ;
#3979 = EDGE_CURVE ( 'NONE', #3285, #4018, #5298, .T. ) ;
#3980 = ORIENTED_EDGE ( 'NONE', *, *, #8014, .F. ) ;
#3981 = LINE ( 'NONE', #356, #2927 ) ;
#3982 = FACE_OUTER_BOUND ( 'NONE', #6440, .T. ) ;
#3983 = VECTOR ( 'NONE', #7868, 1000.000000000000000 ) ;
#3984 = ORIENTED_EDGE ( 'NONE', *, *, #2663, .F. ) ;
#3985 = DIRECTION ( 'NONE',  ( -1.000000000000000000, -0.000000000000000000, -0.000000000000000000 ) ) ;
#3986 = VERTEX_POINT ( 'NONE', #799 ) ;
#3987 = CARTESIAN_POINT ( 'NONE',  ( 65.40000000000001990, 85.00000000000115108, 46.49999999999999289 ) ) ;
#3988 = AXIS2_PLACEMENT_3D ( 'NONE', #2324, #3058, #8071 ) ;
#3989 = VERTEX_POINT ( 'NONE', #1039 ) ;
#3990 = CARTESIAN_POINT ( 'NONE',  ( 47.99999999999999289, 118.0000000000011937, 80.00000000000000000 ) ) ;
#3991 = DIRECTION ( 'NONE',  ( 0.000000000000000000, 0.000000000000000000, -1.000000000000000000 ) ) ;
#3992 = DIRECTION ( 'NONE',  ( -0.8660254037844389297, 0.000000000000000000, -0.4999999999999995559 ) ) ;
#3993 = VECTOR ( 'NONE', #2794, 1000.000000000000000 ) ;
#3994 = VERTEX_POINT ( 'NONE', #7326 ) ;
#3995 = DIRECTION ( 'NONE',  ( -0.000000000000000000, -1.000000000000000000, -0.000000000000000000 ) ) ;
#3996 = VECTOR ( 'NONE', #1247, 1000.000000000000000 ) ;
#3997 = ORIENTED_EDGE ( 'NONE', *, *, #458, .F. ) ;
#3998 = EDGE_CURVE ( 'NONE', #7993, #5418, #7893, .T. ) ;
#3999 = PRESENTATION_LAYER_ASSIGNMENT (  '', '', ( #5709 ) ) ;
#4000 = ORIENTED_EDGE ( 'NONE', *, *, #52, .F. ) ;
#4001 = DIRECTION ( 'NONE',  ( -0.000000000000000000, 1.000000000000000000, -0.000000000000000000 ) ) ;
#4002 = CARTESIAN_POINT ( 'NONE',  ( 40.00000000000000000, 37.00000000000000711, 4.900000000000000355 ) ) ;
#4003 = CARTESIAN_POINT ( 'NONE',  ( 50.19999999999999574, 115.0000000000011795, 86.61658075373094334 ) ) ;
#4004 = VERTEX_POINT ( 'NONE', #1578 ) ;
#4005 = DIRECTION ( 'NONE',  ( 0.000000000000000000, 0.000000000000000000, -1.000000000000000000 ) ) ;
#4006 = AXIS2_PLACEMENT_3D ( 'NONE', #3600, #5393, #2205 ) ;
#4007 = ORIENTED_EDGE ( 'NONE', *, *, #3390, .F. ) ;
#4008 = VERTEX_POINT ( 'NONE', #4775 ) ;
#4009 = PLANE ( 'NONE',  #5264 ) ;
#4010 = CIRCLE ( 'NONE', #1929, 4.000000000000000000 ) ;
#4011 = AXIS2_PLACEMENT_3D ( 'NONE', #1874, #462, #5472 ) ;
#4012 = DIRECTION ( 'NONE',  ( 1.000000000000000000, 0.000000000000000000, 0.000000000000000000 ) ) ;
#4013 = EDGE_CURVE ( 'NONE', #2257, #1837, #3413, .T. ) ;
#4014 = PLANE ( 'NONE',  #6076 ) ;
#4015 = CARTESIAN_POINT ( 'NONE',  ( 1.614134755817134170, 73.54346097673249005, 6.761187656128179846 ) ) ;
#4016 = DIRECTION ( 'NONE',  ( 1.000000000000000000, 1.301042606982604335E-16, -0.000000000000000000 ) ) ;
#4017 = VECTOR ( 'NONE', #2726, 1000.000000000000000 ) ;
#4018 = VERTEX_POINT ( 'NONE', #7982 ) ;
#4019 = ADVANCED_FACE ( 'NONE', ( #5916 ), #6667, .F. ) ;
#4020 = EDGE_CURVE ( 'NONE', #3639, #5803, #7285, .T. ) ;
#4021 = CARTESIAN_POINT ( 'NONE',  ( 17.00000000000001066, 116.0000000000011795, 83.39999999999997726 ) ) ;
#4022 = VECTOR ( 'NONE', #2134, 1000.000000000000000 ) ;
#4023 = FACE_OUTER_BOUND ( 'NONE', #6923, .T. ) ;
#4024 = ORIENTED_EDGE ( 'NONE', *, *, #1089, .F. ) ;
#4025 = DIRECTION ( 'NONE',  ( 1.000000000000000000, -0.000000000000000000, -0.000000000000000000 ) ) ;
#4026 = ORIENTED_EDGE ( 'NONE', *, *, #2807, .F. ) ;
#4027 = CARTESIAN_POINT ( 'NONE',  ( 0.5574863239654458402, 90.13937158099246005, 51.50000000000000711 ) ) ;
#4028 = CARTESIAN_POINT ( 'NONE',  ( 34.99999999999999289, 57.00000000000000711, 78.00000000000000000 ) ) ;
#4029 = DIRECTION ( 'NONE',  ( -9.570888143320315641E-17, 1.000000000000000000, -0.000000000000000000 ) ) ;
#4030 = CARTESIAN_POINT ( 'NONE',  ( 70.00000000000000000, 139.9999999999999716, 0.000000000000000000 ) ) ;
#4031 = DIRECTION ( 'NONE',  ( -1.000000000000000000, -3.965082230804130220E-16, 6.162975822039157357E-31 ) ) ;
#4032 = ADVANCED_FACE ( 'NONE', ( #996 ), #1662, .F. ) ;
#4033 = ORIENTED_EDGE ( 'NONE', *, *, #6746, .T. ) ;
#4034 = CARTESIAN_POINT ( 'NONE',  ( 0.000000000000000000, 145.0000000000000000, 13.00000000000000178 ) ) ;
#4035 = ORIENTED_EDGE ( 'NONE', *, *, #4013, .F. ) ;
#4036 = VERTEX_POINT ( 'NONE', #4200 ) ;
#4037 = DIRECTION ( 'NONE',  ( -1.301042606982604335E-16, -1.000000000000000000, 0.000000000000000000 ) ) ;
#4038 = PLANE ( 'NONE',  #3733 ) ;
#4039 = DIRECTION ( 'NONE',  ( -0.000000000000000000, -0.000000000000000000, 1.000000000000000000 ) ) ;
#4040 = VERTEX_POINT ( 'NONE', #2357 ) ;
#4041 = CIRCLE ( 'NONE', #6008, 6.000000000000000000 ) ;
#4042 = DIRECTION ( 'NONE',  ( 0.000000000000000000, 0.000000000000000000, -1.000000000000000000 ) ) ;
#4043 = ORIENTED_EDGE ( 'NONE', *, *, #7954, .T. ) ;
#4044 = EDGE_CURVE ( 'NONE', #4604, #3182, #3958, .T. ) ;
#4045 = ADVANCED_FACE ( 'NONE', ( #4858 ), #1740, .F. ) ;
#4046 = EDGE_LOOP ( 'NONE', ( #780, #5716, #7441, #4517 ) ) ;
#4047 = DIRECTION ( 'NONE',  ( 1.000000000000000000, 0.000000000000000000, -0.000000000000000000 ) ) ;
#4048 = VECTOR ( 'NONE', #4523, 999.9999999999998863 ) ;
#4049 = DIRECTION ( 'NONE',  ( -1.000000000000000000, 1.734723475976808475E-15, 0.000000000000000000 ) ) ;
#4050 = CARTESIAN_POINT ( 'NONE',  ( 50.19999999999999574, 116.0000000000011795, 83.38341924626902824 ) ) ;
#4051 = DIRECTION ( 'NONE',  ( 0.000000000000000000, 0.000000000000000000, 1.000000000000000000 ) ) ;
#4052 = CARTESIAN_POINT ( 'NONE',  ( 68.08961338892308390, 72.35845355569330195, 85.25421405751809800 ) ) ;
#4053 = CARTESIAN_POINT ( 'NONE',  ( 47.55833333333339397, 57.00000000000108002, 12.00000000000000000 ) ) ;
#4054 = ORIENTED_EDGE ( 'NONE', *, *, #264, .F. ) ;
#4055 = FACE_OUTER_BOUND ( 'NONE', #5364, .T. ) ;
#4056 = DIRECTION ( 'NONE',  ( 0.000000000000000000, 0.000000000000000000, 1.000000000000000000 ) ) ;
#4057 = ORIENTED_EDGE ( 'NONE', *, *, #6328, .T. ) ;
#4058 = DIRECTION ( 'NONE',  ( -0.000000000000000000, 1.000000000000000000, -0.000000000000000000 ) ) ;
#4059 = EDGE_CURVE ( 'NONE', #1506, #784, #3500, .T. ) ;
#4060 = VERTEX_POINT ( 'NONE', #6001 ) ;
#4061 = LINE ( 'NONE', #4027, #192 ) ;
#4062 = ORIENTED_EDGE ( 'NONE', *, *, #2665, .T. ) ;
#4063 = LINE ( 'NONE', #1606, #7527 ) ;
#4064 = CARTESIAN_POINT ( 'NONE',  ( 67.01000000000001933, 88.00000000000119371, 81.07841924626904984 ) ) ;
#4065 = DIRECTION ( 'NONE',  ( -1.000000000000000000, 0.000000000000000000, -0.000000000000000000 ) ) ;
#4066 = CARTESIAN_POINT ( 'NONE',  ( 14.19999999999999751, 116.0000000000011795, 9.616580753730955777 ) ) ;
#4067 = VERTEX_POINT ( 'NONE', #371 ) ;
#4068 = CARTESIAN_POINT ( 'NONE',  ( 5.790000000000008029, 83.40000000000118519, 84.69499999999999318 ) ) ;
#4069 = ORIENTED_EDGE ( 'NONE', *, *, #3359, .F. ) ;
#4070 = DIRECTION ( 'NONE',  ( -0.000000000000000000, -1.000000000000000000, -0.000000000000000000 ) ) ;
#4071 = ADVANCED_FACE ( 'NONE', ( #2885 ), #5378, .F. ) ;
#4072 = ADVANCED_FACE ( 'NONE', ( #7942 ), #1077, .F. ) ;
#4073 = ADVANCED_FACE ( 'NONE', ( #5466 ), #3706, .F. ) ;
#4074 = ORIENTED_EDGE ( 'NONE', *, *, #2345, .T. ) ;
#4075 = CARTESIAN_POINT ( 'NONE',  ( 45.39999999999999858, 41.00000000000001421, 78.00000000000000000 ) ) ;
#4076 = DIRECTION ( 'NONE',  ( 1.000000000000000000, 0.000000000000000000, 0.000000000000000000 ) ) ;
#4077 = CARTESIAN_POINT ( 'NONE',  ( 5.790000000000012470, 88.00000000000119371, 85.92816150746190829 ) ) ;
#4078 = EDGE_LOOP ( 'NONE', ( #225, #3764, #3121, #3542, #815, #3253, #2997 ) ) ;
#4079 = DIRECTION ( 'NONE',  ( 0.000000000000000000, 0.000000000000000000, -1.000000000000000000 ) ) ;
#4080 = ORIENTED_EDGE ( 'NONE', *, *, #3803, .T. ) ;
#4081 = EDGE_LOOP ( 'NONE', ( #236, #6762, #5420, #6194 ) ) ;
#4082 = AXIS2_PLACEMENT_3D ( 'NONE', #2670, #7064, #2013 ) ;
#4083 = FACE_OUTER_BOUND ( 'NONE', #227, .T. ) ;
#4084 = LINE ( 'NONE', #5197, #6722 ) ;
#4085 = CARTESIAN_POINT ( 'NONE',  ( 52.99999999999999289, 116.0000000000011795, 4.766838492538104433 ) ) ;
#4086 = FACE_OUTER_BOUND ( 'NONE', #3249, .T. ) ;
#4087 = CARTESIAN_POINT ( 'NONE',  ( 65.87512333519590868, 63.50049334078470054, 81.65108442643784770 ) ) ;
#4088 = CIRCLE ( 'NONE', #6861, 14.05000000000000071 ) ;
#4089 = AXIS2_PLACEMENT_3D ( 'NONE', #7365, #4727, #7235 ) ;
#4090 = CARTESIAN_POINT ( 'NONE',  ( 22.44166666666664867, 77.00000000000108002, 0.000000000000000000 ) ) ;
#4091 = ORIENTED_EDGE ( 'NONE', *, *, #2272, .F. ) ;
#4092 = EDGE_CURVE ( 'NONE', #3128, #500, #1830, .T. ) ;
#4093 = ORIENTED_EDGE ( 'NONE', *, *, #7839, .F. ) ;
#4094 = AXIS2_PLACEMENT_3D ( 'NONE', #4499, #5112, #4422 ) ;
#4095 = DIRECTION ( 'NONE',  ( 1.000000000000000000, 0.000000000000000000, 0.000000000000000000 ) ) ;
#4096 = VECTOR ( 'NONE', #1317, 1000.000000000000000 ) ;
#4097 = FACE_OUTER_BOUND ( 'NONE', #7008, .T. ) ;
#4098 = DIRECTION ( 'NONE',  ( 1.000000000000000000, 0.000000000000000000, 9.912705577010326536E-16 ) ) ;
#4099 = ORIENTED_EDGE ( 'NONE', *, *, #5552, .T. ) ;
#4100 = LINE ( 'NONE', #7313, #1962 ) ;
#4101 = CIRCLE ( 'NONE', #5812, 2.000000000000001776 ) ;
#4102 = ORIENTED_EDGE ( 'NONE', *, *, #5143, .T. ) ;
#4103 = FACE_OUTER_BOUND ( 'NONE', #1878, .T. ) ;
#4104 = ORIENTED_EDGE ( 'NONE', *, *, #8036, .T. ) ;
#4105 =( BOUNDED_CURVE ( )  B_SPLINE_CURVE ( 3, ( #204, #7107, #1369, #3910 ),
 .UNSPECIFIED., .F., .T. ) 
 B_SPLINE_CURVE_WITH_KNOTS ( ( 4, 4 ),
 ( 0.7853981633974498333, 1.570796326794889453 ),
 .UNSPECIFIED. ) 
 CURVE ( )  GEOMETRIC_REPRESENTATION_ITEM ( )  RATIONAL_B_SPLINE_CURVE ( ( 1.000000000000000000, 0.9492530216741921212, 0.9492530216741921212, 1.000000000000000000 ) ) 
 REPRESENTATION_ITEM ( '' )  );
#4106 = DIRECTION ( 'NONE',  ( 0.5000000000000019984, 0.000000000000000000, 0.8660254037844375974 ) ) ;
#4107 = ORIENTED_EDGE ( 'NONE', *, *, #5480, .F. ) ;
#4108 = ADVANCED_FACE ( 'NONE', ( #1202 ), #1254, .F. ) ;
#4109 = AXIS2_PLACEMENT_3D ( 'NONE', #6364, #653, #3161 ) ;
#4110 = LINE ( 'NONE', #6613, #6213 ) ;
#4111 = EDGE_CURVE ( 'NONE', #878, #5496, #496, .T. ) ;
#4112 = DIRECTION ( 'NONE',  ( -1.000000000000000000, -0.000000000000000000, -0.000000000000000000 ) ) ;
#4113 = CARTESIAN_POINT ( 'NONE',  ( 19.80000000000000426, 115.0000000000011795, 9.616580753730948672 ) ) ;
#4114 = ORIENTED_EDGE ( 'NONE', *, *, #1325, .F. ) ;
#4115 = CARTESIAN_POINT ( 'NONE',  ( 63.00000000000000000, 82.00000000000117950, 41.50000000000000000 ) ) ;
#4116 = ORIENTED_EDGE ( 'NONE', *, *, #5785, .T. ) ;
#4117 = DIRECTION ( 'NONE',  ( 0.000000000000000000, 0.000000000000000000, -1.000000000000000000 ) ) ;
#4118 = ADVANCED_FACE ( 'NONE', ( #4282 ), #1124, .F. ) ;
#4119 = VERTEX_POINT ( 'NONE', #5505 ) ;
#4120 = CARTESIAN_POINT ( 'NONE',  ( 34.99999999999999289, 21.00000000000000355, 78.00000000000000000 ) ) ;
#4121 = CARTESIAN_POINT ( 'NONE',  ( 10.78999999999996007, 82.00000000000117950, 41.50000000000000711 ) ) ;
#4123 = ORIENTED_EDGE ( 'NONE', *, *, #5708, .F. ) ;
#4122 = LINE ( 'NONE', #5303, #4410 ) ;
#4124 = VECTOR ( 'NONE', #5565, 1000.000000000000000 ) ;
#4125 = ORIENTED_EDGE ( 'NONE', *, *, #499, .T. ) ;
#4126 = DIRECTION ( 'NONE',  ( -0.000000000000000000, -0.000000000000000000, 1.000000000000000000 ) ) ;
#4127 = ORIENTED_EDGE ( 'NONE', *, *, #6061, .F. ) ;
#4128 = VERTEX_POINT ( 'NONE', #5595 ) ;
#4129 = AXIS2_PLACEMENT_3D ( 'NONE', #3333, #3407, #5214 ) ;
#4130 = CARTESIAN_POINT ( 'NONE',  ( 67.01000000000000512, 88.00000000000119371, 11.92158075373095372 ) ) ;
#4131 = CARTESIAN_POINT ( 'NONE',  ( 64.20999999999999375, 90.00000000000119371, 13.53816150746191660 ) ) ;
#4132 = LINE ( 'NONE', #308, #2420 ) ;
#4133 = CARTESIAN_POINT ( 'NONE',  ( 2.999999999999999112, 139.9999999999999716, 88.00000000000000000 ) ) ;
#4134 = EDGE_CURVE ( 'NONE', #2893, #1798, #4408, .T. ) ;
#4135 = CARTESIAN_POINT ( 'NONE',  ( -3.409970718491595416E-14, 86.00000000000110845, 90.00000000000000000 ) ) ;
#4136 = VECTOR ( 'NONE', #6254, 1000.000000000000000 ) ;
#4137 = EDGE_CURVE ( 'NONE', #2854, #1620, #8, .T. ) ;
#4138 = EDGE_LOOP ( 'NONE', ( #2226, #896, #1201, #7944 ) ) ;
#4139 = CARTESIAN_POINT ( 'NONE',  ( 62.00000000000000711, 144.5825756949558354, 3.000000000000000000 ) ) ;
#4140 = EDGE_LOOP ( 'NONE', ( #6655, #5493, #3585, #7780 ) ) ;
#4141 = AXIS2_PLACEMENT_3D ( 'NONE', #7470, #5040, #7552 ) ;
#4142 = VECTOR ( 'NONE', #2619, 1000.000000000000000 ) ;
#4143 = EDGE_CURVE ( 'NONE', #5646, #2695, #5920, .T. ) ;
#4144 = DIRECTION ( 'NONE',  ( -0.000000000000000000, -0.000000000000000000, -1.000000000000000000 ) ) ;
#4145 = CARTESIAN_POINT ( 'NONE',  ( 65.80817424400304105, 63.23269697601305239, 11.40243846577952702 ) ) ;
#4146 = CARTESIAN_POINT ( 'NONE',  ( 32.99999999999999289, 37.00000000000000711, 88.09999999999999432 ) ) ;
#4147 = AXIS2_PLACEMENT_3D ( 'NONE', #5224, #5190, #7738 ) ;
#4148 = ORIENTED_EDGE ( 'NONE', *, *, #4439, .F. ) ;
#4149 = DIRECTION ( 'NONE',  ( 0.000000000000000000, 0.000000000000000000, 1.000000000000000000 ) ) ;
#4150 = ADVANCED_FACE ( 'NONE', ( #6259 ), #4238, .F. ) ;
#4151 = ORIENTED_EDGE ( 'NONE', *, *, #5164, .F. ) ;
#4152 = EDGE_CURVE ( 'NONE', #2763, #1147, #3012, .T. ) ;
#4153 = DIRECTION ( 'NONE',  ( 0.8660254037844388186, 0.000000000000000000, 0.4999999999999997224 ) ) ;
#4154 = ORIENTED_EDGE ( 'NONE', *, *, #7345, .F. ) ;
#4155 = ORIENTED_EDGE ( 'NONE', *, *, #4731, .F. ) ;
#4156 = DIRECTION ( 'NONE',  ( 0.8660254037844382635, 0.000000000000000000, 0.5000000000000004441 ) ) ;
#4157 = CYLINDRICAL_SURFACE ( 'NONE', #2273, 1.599999999999988542 ) ;
#4158 = DIRECTION ( 'NONE',  ( -0.4999999999999996669, 0.000000000000000000, 0.8660254037844388186 ) ) ;
#4159 = CARTESIAN_POINT ( 'NONE',  ( 64.21000000000000796, 83.40000000000118519, 82.69499999999999318 ) ) ;
#4160 = EDGE_LOOP ( 'NONE', ( #4197, #5731, #4925, #2510 ) ) ;
#4161 = DIRECTION ( 'NONE',  ( 0.000000000000000000, -1.000000000000000000, 0.000000000000000000 ) ) ;
#4162 = CIRCLE ( 'NONE', #5861, 14.05000000000000071 ) ;
#4163 = ORIENTED_EDGE ( 'NONE', *, *, #4961, .F. ) ;
#4164 = CARTESIAN_POINT ( 'NONE',  ( 12.00000000000000178, 118.0000000000011937, 13.00000000000000178 ) ) ;
#4165 = EDGE_LOOP ( 'NONE', ( #2768, #1378 ) ) ;
#4166 = PLANE ( 'NONE',  #4239 ) ;
#4167 = CARTESIAN_POINT ( 'NONE',  ( 40.00000000000000000, 37.00000000000000711, 4.900000000000000355 ) ) ;
#4169 = EDGE_LOOP ( 'NONE', ( #3141, #2098 ) ) ;
#4168 = CARTESIAN_POINT ( 'NONE',  ( 2.990000000000004210, 88.00000000000119371, 81.07841924626904984 ) ) ;
#4170 = EDGE_LOOP ( 'NONE', ( #4586, #7220, #572, #5216 ) ) ;
#4171 = CARTESIAN_POINT ( 'NONE',  ( 70.00000000000000000, 86.00000000000113687, 9.000000000000001776 ) ) ;
#4172 = EDGE_CURVE ( 'NONE', #597, #1990, #7451, .T. ) ;
#4173 = ORIENTED_EDGE ( 'NONE', *, *, #7182, .T. ) ;
#4174 = DIRECTION ( 'NONE',  ( -1.000000000000000000, 0.000000000000000000, 0.000000000000000000 ) ) ;
#4175 = DIRECTION ( 'NONE',  ( -1.000000000000000000, -3.965082230804129727E-16, 0.000000000000000000 ) ) ;
#4176 = DIRECTION ( 'NONE',  ( 0.000000000000000000, 1.000000000000000000, 0.000000000000000000 ) ) ;
#4177 = CARTESIAN_POINT ( 'NONE',  ( 12.00000000000001776, 115.0000000000011795, 80.00000000000000000 ) ) ;
#4178 = CARTESIAN_POINT ( 'NONE',  ( 63.00000000000002842, 82.00000000000117950, 18.00000000000002132 ) ) ;
#4179 = EDGE_LOOP ( 'NONE', ( #3687, #3403 ) ) ;
#4180 = ADVANCED_FACE ( 'NONE', ( #3051 ), #537, .F. ) ;
#4181 = CYLINDRICAL_SURFACE ( 'NONE', #8040, 2.000000000000001776 ) ;
#4182 = EDGE_CURVE ( 'NONE', #7356, #4524, #583, .T. ) ;
#4183 = ADVANCED_FACE ( 'NONE', ( #3096 ), #4362, .F. ) ;
#4184 = CARTESIAN_POINT ( 'NONE',  ( 65.87476879556039933, 63.49907518224248548, 11.34920785625335604 ) ) ;
#4185 = VECTOR ( 'NONE', #2998, 1000.000000000000000 ) ;
#4186 = FACE_OUTER_BOUND ( 'NONE', #437, .T. ) ;
#4187 = VERTEX_POINT ( 'NONE', #5490 ) ;
#4188 = DIRECTION ( 'NONE',  ( 0.4999999999999995004, 0.000000000000000000, -0.8660254037844389297 ) ) ;
#4189 = ORIENTED_EDGE ( 'NONE', *, *, #7600, .T. ) ;
#4190 = CARTESIAN_POINT ( 'NONE',  ( 35.00000000000000000, 37.00000000000000711, 12.00000000000000000 ) ) ;
#4191 = ORIENTED_EDGE ( 'NONE', *, *, #7390, .T. ) ;
#4192 = DIRECTION ( 'NONE',  ( -0.000000000000000000, 1.000000000000000000, -0.000000000000000000 ) ) ;
#4193 = CARTESIAN_POINT ( 'NONE',  ( 0.7899999999999964828, 90.00000000000119371, 90.00000000000000000 ) ) ;
#4194 = ADVANCED_FACE ( 'NONE', ( #4097 ), #4803, .F. ) ;
#4195 = PLANE ( 'NONE',  #4395 ) ;
#4196 = FACE_BOUND ( 'NONE', #7973, .T. ) ;
#4197 = ORIENTED_EDGE ( 'NONE', *, *, #1490, .F. ) ;
#4198 = LINE ( 'NONE', #4034, #3654 ) ;
#4199 = EDGE_LOOP ( 'NONE', ( #2921, #5468, #4848, #6224, #4414 ) ) ;
#4200 = CARTESIAN_POINT ( 'NONE',  ( -3.306878580490685589E-14, 83.40000000000109992, 46.50000000000000711 ) ) ;
#4201 = ORIENTED_EDGE ( 'NONE', *, *, #3919, .T. ) ;
#4202 = DIRECTION ( 'NONE',  ( 0.000000000000000000, -0.000000000000000000, 1.000000000000000000 ) ) ;
#4203 = DIRECTION ( 'NONE',  ( 1.000000000000000000, -0.000000000000000000, -0.000000000000000000 ) ) ;
#4205 = EDGE_LOOP ( 'NONE', ( #6071, #7688, #7520, #1250 ) ) ;
#4204 = CARTESIAN_POINT ( 'NONE',  ( 0.000000000000000000, 145.0000000000000000, 93.00000000000000000 ) ) ;
#4206 = EDGE_LOOP ( 'NONE', ( #336, #4819, #2131, #3444 ) ) ;
#4207 = DIRECTION ( 'NONE',  ( -0.000000000000000000, -0.000000000000000000, 1.000000000000000000 ) ) ;
#4208 = ORIENTED_EDGE ( 'NONE', *, *, #2731, .T. ) ;
#4209 = FACE_OUTER_BOUND ( 'NONE', #3063, .T. ) ;
#4210 = CARTESIAN_POINT ( 'NONE',  ( 0.000000000000000000, 139.9999999999999716, 8.000000000000000000 ) ) ;
#4211 = CARTESIAN_POINT ( 'NONE',  ( 66.90767078078674501, 80.00000000000109424, 13.99999999999999822 ) ) ;
#4212 = ADVANCED_FACE ( 'NONE', ( #6778 ), #2212, .F. ) ;
#4213 = PLANE ( 'NONE',  #2171 ) ;
#4214 = DIRECTION ( 'NONE',  ( -0.000000000000000000, -0.000000000000000000, 1.000000000000000000 ) ) ;
#4215 = CARTESIAN_POINT ( 'NONE',  ( 0.000000000000000000, 116.0000000000011795, 0.000000000000000000 ) ) ;
#4216 = ORIENTED_EDGE ( 'NONE', *, *, #6747, .T. ) ;
#4217 = CIRCLE ( 'NONE', #1869, 5.000000000000004441 ) ;
#4218 = DIRECTION ( 'NONE',  ( 0.000000000000000000, 0.000000000000000000, -1.000000000000000000 ) ) ;
#4219 = CARTESIAN_POINT ( 'NONE',  ( 67.31487420021615264, 69.25949680086560534, 9.481254173661826101 ) ) ;
#4220 = CIRCLE ( 'NONE', #3561, 11.05000000000000426 ) ;
#4221 = ORIENTED_EDGE ( 'NONE', *, *, #4439, .T. ) ;
#4222 = EDGE_CURVE ( 'NONE', #493, #5960, #4756, .T. ) ;
#4223 = DIRECTION ( 'NONE',  ( 0.000000000000000000, -0.000000000000000000, 1.000000000000000000 ) ) ;
#4224 = VERTEX_POINT ( 'NONE', #2905 ) ;
#4225 = EDGE_CURVE ( 'NONE', #2102, #263, #1015, .T. ) ;
#4226 = CARTESIAN_POINT ( 'NONE',  ( 68.63314706028447176, 74.53258824113903813, 87.22576452832464611 ) ) ;
#4227 = ORIENTED_EDGE ( 'NONE', *, *, #601, .T. ) ;
#4228 = AXIS2_PLACEMENT_3D ( 'NONE', #7060, #1587, #845 ) ;
#4229 = ORIENTED_EDGE ( 'NONE', *, *, #6905, .F. ) ;
#4230 = CARTESIAN_POINT ( 'NONE',  ( 8.590000000000001634, 88.00000000000119371, 8.688419246269045715 ) ) ;
#4231 = CARTESIAN_POINT ( 'NONE',  ( -2.682207064984406182E-14, 80.00000000000109424, 51.50000000000000711 ) ) ;
#4232 = CARTESIAN_POINT ( 'NONE',  ( 43.75000000000000000, 41.00000000000001421, 80.00000000000000000 ) ) ;
#4233 = FACE_BOUND ( 'NONE', #2847, .T. ) ;
#4234 = VECTOR ( 'NONE', #6464, 1000.000000000000227 ) ;
#4235 = EDGE_LOOP ( 'NONE', ( #7251, #4114 ) ) ;
#4236 = LINE ( 'NONE', #6124, #3521 ) ;
#4237 = ORIENTED_EDGE ( 'NONE', *, *, #4888, .T. ) ;
#4238 = CYLINDRICAL_SURFACE ( 'NONE', #3429, 1.649999999999998579 ) ;
#4239 = AXIS2_PLACEMENT_3D ( 'NONE', #2360, #4861, #7367 ) ;
#4240 = VECTOR ( 'NONE', #2141, 1000.000000000000000 ) ;
#4241 = ORIENTED_EDGE ( 'NONE', *, *, #7561, .F. ) ;
#4242 = CARTESIAN_POINT ( 'NONE',  ( 0.7899999999999964828, 82.00000000000117950, 3.000000000000002665 ) ) ;
#4243 = CARTESIAN_POINT ( 'NONE',  ( 52.99999999999998579, 116.0000000000011795, 84.99999999999998579 ) ) ;
#4245 = ORIENTED_EDGE ( 'NONE', *, *, #5085, .F. ) ;
#4244 = CARTESIAN_POINT ( 'NONE',  ( -1.836970198721030378E-15, 134.9999999999999716, 80.00000000000000000 ) ) ;
#4246 = VERTEX_POINT ( 'NONE', #7310 ) ;
#4247 = CARTESIAN_POINT ( 'NONE',  ( 19.80000000000000071, 116.0000000000011795, 9.616580753730948672 ) ) ;
#4248 = VECTOR ( 'NONE', #5661, 1000.000000000000227 ) ;
#4249 = ORIENTED_EDGE ( 'NONE', *, *, #1370, .F. ) ;
#4250 = EDGE_CURVE ( 'NONE', #1876, #2102, #2104, .T. ) ;
#4251 = ORIENTED_EDGE ( 'NONE', *, *, #3289, .F. ) ;
#4252 = CARTESIAN_POINT ( 'NONE',  ( 26.24999999999999645, 41.00000000000001421, 78.00000000000000000 ) ) ;
#4253 = VECTOR ( 'NONE', #3807, 1000.000000000000000 ) ;
#4254 = CARTESIAN_POINT ( 'NONE',  ( 50.20000000000000284, 115.0000000000011795, 9.616580753730946896 ) ) ;
#4255 = CARTESIAN_POINT ( 'NONE',  ( 5.790000000000008029, 83.40000000000118519, 82.69499999999999318 ) ) ;
#4256 = CARTESIAN_POINT ( 'NONE',  ( -3.078715288064818691E-14, 90.00000000000109424, 51.50000000000000711 ) ) ;
#4257 = PLANE ( 'NONE',  #2435 ) ;
#4258 = VECTOR ( 'NONE', #2101, 1000.000000000000000 ) ;
#4259 = DIRECTION ( 'NONE',  ( 1.000000000000000000, 0.000000000000000000, 0.000000000000000000 ) ) ;
#4260 = VECTOR ( 'NONE', #632, 1000.000000000000000 ) ;
#4261 = EDGE_LOOP ( 'NONE', ( #995, #1665, #5300, #6470 ) ) ;
#4262 = ADVANCED_FACE ( 'NONE', ( #5986, #7218 ), #5402, .T. ) ;
#4263 = AXIS2_PLACEMENT_3D ( 'NONE', #3601, #7962, #2336 ) ;
#4264 = DIRECTION ( 'NONE',  ( -0.8660254037844388186, 0.000000000000000000, 0.4999999999999996669 ) ) ;
#4265 = CARTESIAN_POINT ( 'NONE',  ( 68.81134262901031207, 75.24537051604227145, 4.990787834192709660 ) ) ;
#4266 = EDGE_LOOP ( 'NONE', ( #4724, #7734, #5029, #4719 ) ) ;
#4267 = FACE_OUTER_BOUND ( 'NONE', #331, .T. ) ;
#4268 = EDGE_CURVE ( 'NONE', #7861, #6842, #6651, .T. ) ;
#4269 = CIRCLE ( 'NONE', #6493, 2.000000000000001776 ) ;
#4270 = VERTEX_POINT ( 'NONE', #7922 ) ;
#4271 = DIRECTION ( 'NONE',  ( 0.000000000000000000, 0.000000000000000000, -1.000000000000000000 ) ) ;
#4272 = VERTEX_POINT ( 'NONE', #2300 ) ;
#4273 = EDGE_CURVE ( 'NONE', #2328, #1003, #6321, .T. ) ;
#4274 = ORIENTED_EDGE ( 'NONE', *, *, #251, .T. ) ;
#4275 = LINE ( 'NONE', #8012, #5409 ) ;
#4276 = AXIS2_PLACEMENT_3D ( 'NONE', #7901, #1708, #6710 ) ;
#4277 = CARTESIAN_POINT ( 'NONE',  ( 67.01000000000001933, 88.00000000000119371, 81.07841924626904984 ) ) ;
#4278 = DIRECTION ( 'NONE',  ( 0.2425356250363299437, -0.9701425001453326535, 0.000000000000000000 ) ) ;
#4279 = ORIENTED_EDGE ( 'NONE', *, *, #2029, .T. ) ;
#4280 = CARTESIAN_POINT ( 'NONE',  ( 5.789999999999999147, 88.00000000000119371, 10.30500000000000149 ) ) ;
#4281 = VERTEX_POINT ( 'NONE', #2593 ) ;
#4282 = FACE_OUTER_BOUND ( 'NONE', #3956, .T. ) ;
#4283 = ORIENTED_EDGE ( 'NONE', *, *, #3730, .T. ) ;
#4284 = AXIS2_PLACEMENT_3D ( 'NONE', #4978, #3046, #5541 ) ;
#4285 = VERTEX_POINT ( 'NONE', #80 ) ;
#4286 = DIRECTION ( 'NONE',  ( 1.000000000000000000, 3.965082230804129727E-16, -0.000000000000000000 ) ) ;
#4287 = ADVANCED_FACE ( 'NONE', ( #5090 ), #6818, .F. ) ;
#4288 = FACE_OUTER_BOUND ( 'NONE', #5444, .T. ) ;
#4290 = VERTEX_POINT ( 'NONE', #6911 ) ;
#4289 = CARTESIAN_POINT ( 'NONE',  ( 66.90767078078674501, 80.00000000000109424, 78.00000000000000000 ) ) ;
#4291 = ORIENTED_EDGE ( 'NONE', *, *, #2815, .T. ) ;
#4292 = DIRECTION ( 'NONE',  ( -0.000000000000000000, -0.000000000000000000, 1.000000000000000000 ) ) ;
#4293 = ORIENTED_EDGE ( 'NONE', *, *, #1894, .T. ) ;
#4294 = AXIS2_PLACEMENT_3D ( 'NONE', #1877, #674, #1264 ) ;
#4295 = ORIENTED_EDGE ( 'NONE', *, *, #6796, .T. ) ;
#4296 = DIRECTION ( 'NONE',  ( -0.000000000000000000, -0.000000000000000000, -1.000000000000000000 ) ) ;
#4297 = DIRECTION ( 'NONE',  ( -1.000000000000000000, -0.000000000000000000, -0.000000000000000000 ) ) ;
#4298 = FACE_OUTER_BOUND ( 'NONE', #872, .T. ) ;
#4299 = FACE_BOUND ( 'NONE', #2066, .T. ) ;
#4300 = EDGE_CURVE ( 'NONE', #1955, #271, #415, .T. ) ;
#4301 = ADVANCED_FACE ( 'NONE', ( #7596 ), #1856, .F. ) ;
#4302 = LINE ( 'NONE', #8001, #6899 ) ;
#4303 = CARTESIAN_POINT ( 'NONE',  ( 34.99999999999999289, 21.00000000000000355, 88.09999999999999432 ) ) ;
#4304 = ORIENTED_EDGE ( 'NONE', *, *, #2790, .F. ) ;
#4305 = B_SPLINE_CURVE_WITH_KNOTS ( 'NONE', 3,
 ( #121, #7681, #4477, #5127, #5666, #778, #2058, #42, #4559, #5787, #2599, #2675, #5055, #5093, #2018, #4441, #1442, #3941, #6441, #3865, #817, #1324, #1978, #6370, #6326, #7031, #5710, #2635, #1406, #3205 ),
 .UNSPECIFIED., .F., .F.,
 ( 4, 1, 1, 2, 2, 1, 1, 1, 1, 1, 1, 2, 2, 1, 1, 1, 1, 1, 2, 2, 1, 4 ),
 ( 0.000000000000000000, 0.2165912816351484860, 0.2436651918395429661, 0.2470494306150921582, 0.2504336693906412670, 0.2572021469417407058, 0.2707391020439380847, 0.3248869224527282662, 0.4331825632703073525, 0.4873303836790978671, 0.4940988612301964178, 0.4974831000057464148, 0.5008673387812963007, 0.5144042938834993972, 0.5414782040879061453, 0.6497738449055323606, 0.7039216653143460789, 0.7309955755187528270, 0.7445325306209567007, 0.7513010081720586930, 0.7580694857231606854, 0.8663651265407980029 ),
 .UNSPECIFIED. ) ;
#4306 = CARTESIAN_POINT ( 'NONE',  ( 46.04999999999999716, 21.00000000000000355, 81.00000000000000000 ) ) ;
#4307 = DIRECTION ( 'NONE',  ( -0.000000000000000000, -0.000000000000000000, -1.000000000000000000 ) ) ;
#4308 = ORIENTED_EDGE ( 'NONE', *, *, #3339, .F. ) ;
#4309 = CARTESIAN_POINT ( 'NONE',  ( 2.990000000000004210, 88.00000000000119371, 81.07841924626904984 ) ) ;
#4310 = VECTOR ( 'NONE', #5141, 1000.000000000000000 ) ;
#4311 = ORIENTED_EDGE ( 'NONE', *, *, #7237, .T. ) ;
#4312 = CARTESIAN_POINT ( 'NONE',  ( 43.75000000000000711, 41.00000000000001421, 15.00000000000000000 ) ) ;
#4313 = ORIENTED_EDGE ( 'NONE', *, *, #4044, .T. ) ;
#4314 = EDGE_LOOP ( 'NONE', ( #463, #2573, #4899, #6945 ) ) ;
#4315 = LINE ( 'NONE', #2308, #2550 ) ;
#4316 = VECTOR ( 'NONE', #5463, 999.9999999999998863 ) ;
#4317 = FACE_OUTER_BOUND ( 'NONE', #2441, .T. ) ;
#4318 = EDGE_CURVE ( 'NONE', #4281, #7933, #8130, .T. ) ;
#4319 = DIRECTION ( 'NONE',  ( 0.8660254037844382635, 0.000000000000000000, 0.5000000000000005551 ) ) ;
#4320 = ORIENTED_EDGE ( 'NONE', *, *, #2930, .T. ) ;
#4321 = CARTESIAN_POINT ( 'NONE',  ( 0.000000000000000000, 0.000000000000000000, 81.00000000000000000 ) ) ;
#4322 = EDGE_LOOP ( 'NONE', ( #3826, #938, #6024, #6867, #3214, #4865, #3295, #2993, #5690, #7269, #7890, #3911, #5677, #6305 ) ) ;
#4323 = DIRECTION ( 'NONE',  ( -0.000000000000000000, -0.000000000000000000, 1.000000000000000000 ) ) ;
#4324 = ORIENTED_EDGE ( 'NONE', *, *, #2378, .F. ) ;
#4325 = VERTEX_POINT ( 'NONE', #6285 ) ;
#4326 = DIRECTION ( 'NONE',  ( -1.000000000000000000, 0.000000000000000000, 0.000000000000000000 ) ) ;
#4327 = DIRECTION ( 'NONE',  ( -0.000000000000000000, -0.000000000000000000, -1.000000000000000000 ) ) ;
#4329 = VERTEX_POINT ( 'NONE', #1942 ) ;
#4328 = CARTESIAN_POINT ( 'NONE',  ( 67.01000000000001933, 88.00000000000119371, 81.07841924626904984 ) ) ;
#4330 = VERTEX_POINT ( 'NONE', #4967 ) ;
#4331 = CARTESIAN_POINT ( 'NONE',  ( 47.65767078078673080, 3.000000000000000000, 13.99999999999999822 ) ) ;
#4332 = VERTEX_POINT ( 'NONE', #522 ) ;
#4333 = EDGE_CURVE ( 'NONE', #6969, #2764, #8048, .T. ) ;
#4334 = EDGE_CURVE ( 'NONE', #1739, #7160, #3651, .T. ) ;
#4335 = ADVANCED_FACE ( 'NONE', ( #3035 ), #1901, .F. ) ;
#4336 = ORIENTED_EDGE ( 'NONE', *, *, #1328, .F. ) ;
#4337 = FACE_OUTER_BOUND ( 'NONE', #5870, .T. ) ;
#4338 = LINE ( 'NONE', #3151, #5021 ) ;
#4339 = DIRECTION ( 'NONE',  ( 0.000000000000000000, 1.000000000000000000, 0.000000000000000000 ) ) ;
#4340 = CARTESIAN_POINT ( 'NONE',  ( 4.291009494848045946, 75.20527889746185224, 13.99999999999999822 ) ) ;
#4341 = FACE_OUTER_BOUND ( 'NONE', #7965, .T. ) ;
#4342 = PLANE ( 'NONE',  #2582 ) ;
#4343 = FACE_OUTER_BOUND ( 'NONE', #1171, .T. ) ;
#4344 = ORIENTED_EDGE ( 'NONE', *, *, #7898, .T. ) ;
#4345 = CARTESIAN_POINT ( 'NONE',  ( 22.44166666666660603, 57.00000000000110845, 81.00000000000000000 ) ) ;
#4346 = LINE ( 'NONE', #6189, #5799 ) ;
#4347 = CARTESIAN_POINT ( 'NONE',  ( 64.21000000000002217, 90.00000000000119371, 85.92816150746190829 ) ) ;
#4348 = AXIS2_PLACEMENT_3D ( 'NONE', #1284, #737, #4436 ) ;
#4349 = ORIENTED_EDGE ( 'NONE', *, *, #2320, .T. ) ;
#4350 = FACE_OUTER_BOUND ( 'NONE', #3084, .T. ) ;
#4351 = ORIENTED_EDGE ( 'NONE', *, *, #2438, .F. ) ;
#4352 = EDGE_CURVE ( 'NONE', #5261, #7439, #4393, .T. ) ;
#4353 = VERTEX_POINT ( 'NONE', #1815 ) ;
#4354 = CARTESIAN_POINT ( 'NONE',  ( 50.20000000000000284, 116.0000000000011795, 9.616580753730946896 ) ) ;
#4355 = VECTOR ( 'NONE', #5657, 1000.000000000000000 ) ;
#4356 = CARTESIAN_POINT ( 'NONE',  ( 57.99999999999999289, 115.0000000000011795, 80.00000000000000000 ) ) ;
#4357 = LINE ( 'NONE', #6255, #339 ) ;
#4358 = ORIENTED_EDGE ( 'NONE', *, *, #7083, .F. ) ;
#4359 = DIRECTION ( 'NONE',  ( -0.000000000000000000, -0.000000000000000000, -1.000000000000000000 ) ) ;
#4360 = CIRCLE ( 'NONE', #4619, 6.000000000000005329 ) ;
#4361 = ORIENTED_EDGE ( 'NONE', *, *, #565, .F. ) ;
#4362 = CYLINDRICAL_SURFACE ( 'NONE', #5795, 6.000000000000005329 ) ;
#4363 = VECTOR ( 'NONE', #4514, 999.9999999999998863 ) ;
#4364 = EDGE_LOOP ( 'NONE', ( #5473, #4522, #1265, #5287 ) ) ;
#4365 = EDGE_CURVE ( 'NONE', #7847, #4119, #3162, .T. ) ;
#4366 = ORIENTED_EDGE ( 'NONE', *, *, #601, .F. ) ;
#4367 = PLANE ( 'NONE',  #702 ) ;
#4368 = VECTOR ( 'NONE', #5350, 1000.000000000000000 ) ;
#4369 = LINE ( 'NONE', #6882, #4526 ) ;
#4371 = EDGE_LOOP ( 'NONE', ( #7447, #2982, #7953, #6750, #4163, #216, #905, #5714 ) ) ;
#4370 = DIRECTION ( 'NONE',  ( 0.000000000000000000, 1.000000000000000000, -3.930469274259665525E-31 ) ) ;
#4372 = EDGE_LOOP ( 'NONE', ( #5725, #1744, #3036, #1007 ) ) ;
#4373 = DIRECTION ( 'NONE',  ( 0.000000000000000000, 0.000000000000000000, 1.000000000000000000 ) ) ;
#4374 = EDGE_LOOP ( 'NONE', ( #1194, #5465 ) ) ;
#4375 = ADVANCED_FACE ( 'NONE', ( #1188 ), #5662, .T. ) ;
#4376 = VECTOR ( 'NONE', #6494, 1000.000000000000000 ) ;
#4377 = VECTOR ( 'NONE', #6989, 1000.000000000000000 ) ;
#4378 = ORIENTED_EDGE ( 'NONE', *, *, #3236, .F. ) ;
#4379 = FACE_OUTER_BOUND ( 'NONE', #1944, .T. ) ;
#4380 = DIRECTION ( 'NONE',  ( -0.000000000000000000, -0.000000000000000000, 1.000000000000000000 ) ) ;
#4381 = LINE ( 'NONE', #5035, #2155 ) ;
#4382 = DIRECTION ( 'NONE',  ( -0.1740776559556955760, -0.6963106238227916300, -0.6963106238227916300 ) ) ;
#4383 = CIRCLE ( 'NONE', #3863, 5.200000000000009948 ) ;
#4384 = DIRECTION ( 'NONE',  ( 1.000000000000000000, 0.000000000000000000, 0.000000000000000000 ) ) ;
#4385 = DIRECTION ( 'NONE',  ( 1.000000000000000000, 0.000000000000000000, 0.000000000000000000 ) ) ;
#4386 = LINE ( 'NONE', #1277, #4355 ) ;
#4387 = EDGE_LOOP ( 'NONE', ( #2221, #4007, #2949, #6387 ) ) ;
#4388 = CIRCLE ( 'NONE', #840, 4.000000000000000000 ) ;
#4389 = PLANE ( 'NONE',  #1082 ) ;
#4390 = EDGE_CURVE ( 'NONE', #6958, #1340, #6190, .T. ) ;
#4391 = LINE ( 'NONE', #5047, #1879 ) ;
#4392 = PLANE ( 'NONE',  #4109 ) ;
#4393 = LINE ( 'NONE', #4924, #559 ) ;
#4394 = EDGE_CURVE ( 'NONE', #6158, #7654, #3842, .T. ) ;
#4395 = AXIS2_PLACEMENT_3D ( 'NONE', #1735, #4770, #2223 ) ;
#4396 = ORIENTED_EDGE ( 'NONE', *, *, #7697, .T. ) ;
#4397 = LINE ( 'NONE', #4557, #4735 ) ;
#4398 = ORIENTED_EDGE ( 'NONE', *, *, #4790, .F. ) ;
#4399 = CIRCLE ( 'NONE', #7420, 2.000000000000015543 ) ;
#4400 = CARTESIAN_POINT ( 'NONE',  ( 60.00000000000002842, 82.00000000000117950, 75.00000000000001421 ) ) ;
#4401 = CARTESIAN_POINT ( 'NONE',  ( 55.79999999999997584, 116.0000000000011795, 86.61658075373094334 ) ) ;
#4402 = CARTESIAN_POINT ( 'NONE',  ( 34.99999999999999289, 21.00000000000000355, 88.09999999999999432 ) ) ;
#4403 = VECTOR ( 'NONE', #5615, 1000.000000000000000 ) ;
#4404 = EDGE_CURVE ( 'NONE', #5060, #5285, #2552, .T. ) ;
#4405 = VERTEX_POINT ( 'NONE', #3201 ) ;
#4406 = DIRECTION ( 'NONE',  ( 0.8660254037844388186, 0.000000000000000000, 0.4999999999999996669 ) ) ;
#4407 = ORIENTED_EDGE ( 'NONE', *, *, #1769, .T. ) ;
#4408 = LINE ( 'NONE', #4942, #280 ) ;
#4409 = DIRECTION ( 'NONE',  ( 0.000000000000000000, 0.000000000000000000, -1.000000000000000000 ) ) ;
#4410 = VECTOR ( 'NONE', #7821, 1000.000000000000000 ) ;
#4411 = PLANE ( 'NONE',  #7009 ) ;
#4412 = CARTESIAN_POINT ( 'NONE',  ( 55.79999999999997584, 115.0000000000011795, 86.61658075373094334 ) ) ;
#4414 = ORIENTED_EDGE ( 'NONE', *, *, #2602, .F. ) ;
#4413 = CARTESIAN_POINT ( 'NONE',  ( 66.90767078078674501, 80.00000000000109424, 13.99999999999999822 ) ) ;
#4415 = ORIENTED_EDGE ( 'NONE', *, *, #1626, .F. ) ;
#4416 = CARTESIAN_POINT ( 'NONE',  ( 46.05000000000000426, 21.00000000000000355, 12.00000000000000000 ) ) ;
#4417 = VECTOR ( 'NONE', #1574, 1000.000000000000000 ) ;
#4418 = ORIENTED_EDGE ( 'NONE', *, *, #666, .T. ) ;
#4419 = ORIENTED_EDGE ( 'NONE', *, *, #3165, .T. ) ;
#4420 = CYLINDRICAL_SURFACE ( 'NONE', #566, 1.649999999999998579 ) ;
#4421 = CIRCLE ( 'NONE', #4944, 3.000000000000002665 ) ;
#4422 = DIRECTION ( 'NONE',  ( 1.000000000000000000, 0.000000000000000000, -0.000000000000000000 ) ) ;
#4423 = EDGE_CURVE ( 'NONE', #7822, #3732, #3364, .T. ) ;
#4424 = PLANE ( 'NONE',  #3866 ) ;
#4425 = CYLINDRICAL_SURFACE ( 'NONE', #77, 14.05000000000000071 ) ;
#4426 = CARTESIAN_POINT ( 'NONE',  ( 2.990000000000004210, 88.00000000000119371, 81.07841924626904984 ) ) ;
#4427 = PLANE ( 'NONE',  #6244 ) ;
#4428 = DIRECTION ( 'NONE',  ( -1.000000000000000000, 0.000000000000000000, 0.000000000000000000 ) ) ;
#4429 = CIRCLE ( 'NONE', #3120, 14.05000000000000071 ) ;
#4430 = VERTEX_POINT ( 'NONE', #7675 ) ;
#4431 = DIRECTION ( 'NONE',  ( -0.000000000000000000, -0.000000000000000000, 1.000000000000000000 ) ) ;
#4432 = DIRECTION ( 'NONE',  ( 0.000000000000000000, 0.000000000000000000, 1.000000000000000000 ) ) ;
#4433 = DIRECTION ( 'NONE',  ( 1.000000000000000000, 3.965082230804130713E-16, 0.000000000000000000 ) ) ;
#4434 = CARTESIAN_POINT ( 'NONE',  ( 26.25000000000000355, 41.00000000000001421, 13.00000000000000178 ) ) ;
#4435 = EDGE_CURVE ( 'NONE', #7721, #3135, #5744, .T. ) ;
#4436 = DIRECTION ( 'NONE',  ( 0.000000000000000000, 0.000000000000000000, 1.000000000000000000 ) ) ;
#4437 = ORIENTED_EDGE ( 'NONE', *, *, #7141, .F. ) ;
#4438 = EDGE_CURVE ( 'NONE', #5, #6386, #7714, .T. ) ;
#4439 = EDGE_CURVE ( 'NONE', #8008, #3137, #7097, .T. ) ;
#4440 = EDGE_CURVE ( 'NONE', #2969, #6972, #7767, .T. ) ;
#4441 = CARTESIAN_POINT ( 'NONE',  ( 2.694587649895359593, 69.22164940041952264, 83.50117809810400615 ) ) ;
#4442 = VECTOR ( 'NONE', #2108, 1000.000000000000000 ) ;
#4443 = CARTESIAN_POINT ( 'NONE',  ( 19.18933982822018791, 3.242640687119316301, 12.00000000000000000 ) ) ;
#4444 = CYLINDRICAL_SURFACE ( 'NONE', #1289, 2.000000000000001776 ) ;
#4445 = EDGE_LOOP ( 'NONE', ( #2783, #1710 ) ) ;
#4446 = DIRECTION ( 'NONE',  ( -1.000000000000000000, 0.000000000000000000, 0.000000000000000000 ) ) ;
#4447 = EDGE_LOOP ( 'NONE', ( #5107, #7108, #2588, #3501 ) ) ;
#4448 = FACE_BOUND ( 'NONE', #4681, .T. ) ;
#4449 = AXIS2_PLACEMENT_3D ( 'NONE', #3127, #4188, #7970 ) ;
#4450 = ADVANCED_FACE ( 'NONE', ( #7632 ), #884, .F. ) ;
#4451 = DIRECTION ( 'NONE',  ( 0.000000000000000000, 0.000000000000000000, 1.000000000000000000 ) ) ;
#4452 = LINE ( 'NONE', #6302, #3088 ) ;
#4454 = ORIENTED_EDGE ( 'NONE', *, *, #1743, .F. ) ;
#4453 = CARTESIAN_POINT ( 'NONE',  ( 22.00000000000002132, 118.0000000000011937, 80.00000000000000000 ) ) ;
#4455 = VERTEX_POINT ( 'NONE', #7026 ) ;
#4456 = CARTESIAN_POINT ( 'NONE',  ( 16.99999999999999645, 116.0000000000011795, 4.766838492538091110 ) ) ;
#4457 = ORIENTED_EDGE ( 'NONE', *, *, #4334, .F. ) ;
#4458 = ADVANCED_FACE ( 'NONE', ( #2745 ), #736, .F. ) ;
#4459 = ORIENTED_EDGE ( 'NONE', *, *, #2528, .T. ) ;
#4460 = CARTESIAN_POINT ( 'NONE',  ( 57.99999999999999289, 118.0000000000011937, 90.00000000000000000 ) ) ;
#4461 = CARTESIAN_POINT ( 'NONE',  ( 0.000000000000000000, 81.58800596674578287, 93.00000000000000000 ) ) ;
#4462 = LINE ( 'NONE', #3889, #7924 ) ;
#4463 = DIRECTION ( 'NONE',  ( -0.000000000000000000, -0.000000000000000000, 1.000000000000000000 ) ) ;
#4464 = ADVANCED_BREP_SHAPE_REPRESENTATION ( 'InnerChassis', ( #401, #453 ), #2168 ) ;
#4465 = CARTESIAN_POINT ( 'NONE',  ( 64.21000000000000796, 88.00000000000119371, 82.69499999999999318 ) ) ;
#4466 = DIRECTION ( 'NONE',  ( 1.000000000000000000, 0.000000000000000000, 0.000000000000000000 ) ) ;
#4467 = DIRECTION ( 'NONE',  ( 0.000000000000000000, 0.000000000000000000, -1.000000000000000000 ) ) ;
#4468 = ORIENTED_EDGE ( 'NONE', *, *, #4438, .T. ) ;
#4469 = FACE_BOUND ( 'NONE', #4179, .T. ) ;
#4470 = EDGE_CURVE ( 'NONE', #844, #14, #3567, .T. ) ;
#4471 = CARTESIAN_POINT ( 'NONE',  ( 0.000000000000000000, 145.0000000000000000, 93.00000000000000000 ) ) ;
#4472 = ADVANCED_FACE ( 'NONE', ( #5779 ), #5269, .T. ) ;
#4473 = CARTESIAN_POINT ( 'NONE',  ( 6.999999999999969802, 82.00000000000117950, 74.99999999999998579 ) ) ;
#4474 = CARTESIAN_POINT ( 'NONE',  ( 61.40999999999998238, 88.00000000000119371, 81.07841924626904984 ) ) ;
#4475 = DIRECTION ( 'NONE',  ( 0.000000000000000000, 0.000000000000000000, 1.000000000000000000 ) ) ;
#4476 = ORIENTED_EDGE ( 'NONE', *, *, #1066, .F. ) ;
#4477 = CARTESIAN_POINT ( 'NONE',  ( 4.778817568718118025, 60.88472972512837345, 81.16880728105159903 ) ) ;
#4478 = ADVANCED_FACE ( 'NONE', ( #7749 ), #4626, .T. ) ;
#4479 = DIRECTION ( 'NONE',  ( 0.000000000000000000, 0.000000000000000000, -1.000000000000000000 ) ) ;
#4480 = EDGE_CURVE ( 'NONE', #630, #4290, #3240, .T. ) ;
#4481 = VERTEX_POINT ( 'NONE', #5120 ) ;
#4482 = DIRECTION ( 'NONE',  ( -0.000000000000000000, -0.000000000000000000, -1.000000000000000000 ) ) ;
#4483 = ORIENTED_EDGE ( 'NONE', *, *, #231, .T. ) ;
#4484 = EDGE_LOOP ( 'NONE', ( #3741, #7678 ) ) ;
#4485 = AXIS2_PLACEMENT_3D ( 'NONE', #3477, #1016, #7715 ) ;
#4486 = ORIENTED_EDGE ( 'NONE', *, *, #7391, .T. ) ;
#4487 = DIRECTION ( 'NONE',  ( 0.000000000000000000, 0.000000000000000000, -1.000000000000000000 ) ) ;
#4488 = DIRECTION ( 'NONE',  ( 0.000000000000000000, 0.000000000000000000, -1.000000000000000000 ) ) ;
#4489 = LINE ( 'NONE', #5137, #3109 ) ;
#4490 = AXIS2_PLACEMENT_3D ( 'NONE', #7347, #4218, #1187 ) ;
#4491 = AXIS2_PLACEMENT_3D ( 'NONE', #7343, #3811, #7591 ) ;
#4492 = EDGE_LOOP ( 'NONE', ( #1816, #7082, #766, #3611 ) ) ;
#4493 = DIRECTION ( 'NONE',  ( -1.000000000000000000, -0.000000000000000000, -0.000000000000000000 ) ) ;
#4494 = ORIENTED_EDGE ( 'NONE', *, *, #3782, .F. ) ;
#4495 = CIRCLE ( 'NONE', #5805, 2.000000000000001776 ) ;
#4496 = CIRCLE ( 'NONE', #6200, 1.600000000000004086 ) ;
#4497 = ORIENTED_EDGE ( 'NONE', *, *, #5641, .F. ) ;
#4498 = DIRECTION ( 'NONE',  ( -0.000000000000000000, -0.000000000000000000, -1.000000000000000000 ) ) ;
#4499 = CARTESIAN_POINT ( 'NONE',  ( 26.24999999999999645, 41.00000000000001421, 80.00000000000000000 ) ) ;
#4500 = DIRECTION ( 'NONE',  ( 0.000000000000000000, -0.000000000000000000, 1.000000000000000000 ) ) ;
#4501 = DIRECTION ( 'NONE',  ( -1.000000000000000000, 0.000000000000000000, 0.000000000000000000 ) ) ;
#4502 = DIRECTION ( 'NONE',  ( -1.000000000000000000, -3.965082230804130713E-16, 6.162975822039158233E-31 ) ) ;
#4503 = EDGE_CURVE ( 'NONE', #3896, #2470, #6858, .T. ) ;
#4504 = DIRECTION ( 'NONE',  ( -1.000000000000000000, 0.000000000000000000, 1.734723475976807094E-15 ) ) ;
#4505 = AXIS2_PLACEMENT_3D ( 'NONE', #7959, #4831, #1180 ) ;
#4506 = VECTOR ( 'NONE', #6973, 1000.000000000000000 ) ;
#4507 = CARTESIAN_POINT ( 'NONE',  ( 63.00000000000002842, 82.00000000000117950, 18.00000000000002132 ) ) ;
#4508 = ORIENTED_EDGE ( 'NONE', *, *, #7059, .F. ) ;
#4509 = CARTESIAN_POINT ( 'NONE',  ( 64.20999999999999375, 90.00000000000119371, 13.53816150746191660 ) ) ;
#4510 = CIRCLE ( 'NONE', #6206, 3.499999999999989342 ) ;
#4511 = FACE_OUTER_BOUND ( 'NONE', #379, .T. ) ;
#4512 = AXIS2_PLACEMENT_3D ( 'NONE', #397, #5412, #4156 ) ;
#4513 = CARTESIAN_POINT ( 'NONE',  ( 0.000000000000000000, 86.00000000000110845, 90.00000000000000000 ) ) ;
#4514 = DIRECTION ( 'NONE',  ( -0.8660254037844375974, 0.000000000000000000, -0.5000000000000019984 ) ) ;
#4515 = LINE ( 'NONE', #7028, #3296 ) ;
#4516 = AXIS2_PLACEMENT_3D ( 'NONE', #6698, #1071, #5458 ) ;
#4517 = ORIENTED_EDGE ( 'NONE', *, *, #5952, .T. ) ;
#4518 = DIRECTION ( 'NONE',  ( 1.208956363183466219E-15, -1.000000000000000000, -0.000000000000000000 ) ) ;
#4519 = AXIS2_PLACEMENT_3D ( 'NONE', #5257, #1581, #5885 ) ;
#4520 = ADVANCED_FACE ( 'NONE', ( #1896 ), #4389, .F. ) ;
#4521 = DIRECTION ( 'NONE',  ( -0.000000000000000000, 1.000000000000000000, -0.000000000000000000 ) ) ;
#4522 = ORIENTED_EDGE ( 'NONE', *, *, #7468, .F. ) ;
#4523 = DIRECTION ( 'NONE',  ( -0.2425356250363298605, -0.9701425001453327646, 0.000000000000000000 ) ) ;
#4524 = VERTEX_POINT ( 'NONE', #1352 ) ;
#4525 = LINE ( 'NONE', #7038, #3465 ) ;
#4526 = VECTOR ( 'NONE', #1260, 1000.000000000000000 ) ;
#4527 = ORIENTED_EDGE ( 'NONE', *, *, #3282, .T. ) ;
#4528 = VECTOR ( 'NONE', #1683, 999.9999999999998863 ) ;
#4529 = DIRECTION ( 'NONE',  ( 0.000000000000000000, 0.000000000000000000, -1.000000000000000000 ) ) ;
#4530 = CARTESIAN_POINT ( 'NONE',  ( 22.00000000000002132, 118.0000000000011937, 90.00000000000000000 ) ) ;
#4531 = PLANE ( 'NONE',  #83 ) ;
#4532 = ORIENTED_EDGE ( 'NONE', *, *, #4976, .F. ) ;
#4533 = FACE_OUTER_BOUND ( 'NONE', #634, .T. ) ;
#4534 = ORIENTED_EDGE ( 'NONE', *, *, #7955, .T. ) ;
#4535 = PRODUCT_RELATED_PRODUCT_CATEGORY ( 'part', '', ( #49 ) ) ;
#4536 = EDGE_CURVE ( 'NONE', #4036, #2911, #4496, .T. ) ;
#4537 = VECTOR ( 'NONE', #3645, 1000.000000000000000 ) ;
#4538 = EDGE_CURVE ( 'NONE', #7654, #6158, #6862, .T. ) ;
#4539 = ORIENTED_EDGE ( 'NONE', *, *, #72, .F. ) ;
#4540 = ADVANCED_FACE ( 'NONE', ( #113, #6281, #4469 ), #6981, .T. ) ;
#4541 = CARTESIAN_POINT ( 'NONE',  ( 2.989999999999993996, 88.00000000000119371, 11.92158075373095549 ) ) ;
#4542 = CARTESIAN_POINT ( 'NONE',  ( 59.20999999999999375, 90.00000000000117950, 90.00000000000000000 ) ) ;
#4543 = VECTOR ( 'NONE', #2446, 1000.000000000000000 ) ;
#4544 = CARTESIAN_POINT ( 'NONE',  ( 6.999999999999972466, 82.00000000000117950, 51.50000000000000000 ) ) ;
#4545 = CYLINDRICAL_SURFACE ( 'NONE', #5582, 1.599999999999988542 ) ;
#4546 = CARTESIAN_POINT ( 'NONE',  ( 5.790000000000008029, 88.00000000000119371, 82.69499999999999318 ) ) ;
#4547 = ORIENTED_EDGE ( 'NONE', *, *, #499, .F. ) ;
#4548 = DIRECTION ( 'NONE',  ( -0.000000000000000000, 1.000000000000000000, -0.000000000000000000 ) ) ;
#4549 = ORIENTED_EDGE ( 'NONE', *, *, #6242, .T. ) ;
#4550 = CIRCLE ( 'NONE', #3239, 4.000000000000000000 ) ;
#4551 = CARTESIAN_POINT ( 'NONE',  ( 0.000000000000000000, 0.000000000000000000, 93.00000000000000000 ) ) ;
#4552 = DIRECTION ( 'NONE',  ( -0.000000000000000000, -1.000000000000000000, -0.000000000000000000 ) ) ;
#4553 = EDGE_CURVE ( 'NONE', #5072, #3137, #2625, .T. ) ;
#4554 = DIRECTION ( 'NONE',  ( -0.000000000000000000, -0.000000000000000000, -1.000000000000000000 ) ) ;
#4555 = CARTESIAN_POINT ( 'NONE',  ( 2.839826932828775519, 68.64069226868583939, 9.763352144933246990 ) ) ;
#4556 = CIRCLE ( 'NONE', #5201, 1.600000000000018074 ) ;
#4557 = CARTESIAN_POINT ( 'NONE',  ( 61.40999999999997527, 88.00000000000119371, 8.688419246269049268 ) ) ;
#4558 = ORIENTED_EDGE ( 'NONE', *, *, #5271, .F. ) ;
#4559 = CARTESIAN_POINT ( 'NONE',  ( 4.127166776625412759, 63.49133289349923359, 81.64919761573771950 ) ) ;
#4560 = LINE ( 'NONE', #1365, #4948 ) ;
#4561 = ORIENTED_EDGE ( 'NONE', *, *, #7382, .T. ) ;
#4562 = LINE ( 'NONE', #5831, #6415 ) ;
#4563 = ORIENTED_EDGE ( 'NONE', *, *, #939, .T. ) ;
#4564 = FACE_OUTER_BOUND ( 'NONE', #1126, .T. ) ;
#4565 = ORIENTED_EDGE ( 'NONE', *, *, #2228, .F. ) ;
#4566 = EDGE_CURVE ( 'NONE', #4698, #5948, #4965, .T. ) ;
#4567 = CYLINDRICAL_SURFACE ( 'NONE', #6594, 6.000000000000000000 ) ;
#4568 = LINE ( 'NONE', #7078, #592 ) ;
#4569 = DIRECTION ( 'NONE',  ( -0.000000000000000000, 0.000000000000000000, 1.000000000000000000 ) ) ;
#4570 = ORIENTED_EDGE ( 'NONE', *, *, #5854, .F. ) ;
#4571 = CYLINDRICAL_SURFACE ( 'NONE', #3383, 1.600000000000004086 ) ;
#4572 = ORIENTED_EDGE ( 'NONE', *, *, #6999, .F. ) ;
#4573 = PRODUCT_DEFINITION_SHAPE ( 'NONE', 'NONE',  #2827 ) ;
#4574 = ORIENTED_EDGE ( 'NONE', *, *, #6250, .T. ) ;
#4575 = CYLINDRICAL_SURFACE ( 'NONE', #2138, 4.000000000000000000 ) ;
#4576 = VECTOR ( 'NONE', #4406, 1000.000000000000114 ) ;
#4577 = CARTESIAN_POINT ( 'NONE',  ( 26.24999999999999645, 41.00000000000001421, 77.00000000000000000 ) ) ;
#4579 = ORIENTED_EDGE ( 'NONE', *, *, #4682, .T. ) ;
#4578 = CARTESIAN_POINT ( 'NONE',  ( 53.00000000000000000, 116.0000000000011795, 11.23316150746189201 ) ) ;
#4580 = CARTESIAN_POINT ( 'NONE',  ( 22.34232921921326920, 3.000000000000000000, 13.99999999999999822 ) ) ;
#4581 = EDGE_CURVE ( 'NONE', #5923, #7626, #5659, .T. ) ;
#4582 = DIRECTION ( 'NONE',  ( -1.000000000000000000, 0.000000000000000000, 0.000000000000000000 ) ) ;
#4583 = EDGE_CURVE ( 'NONE', #7370, #4270, #6361, .T. ) ;
#4584 = ORIENTED_EDGE ( 'NONE', *, *, #517, .T. ) ;
#4585 = EDGE_CURVE ( 'NONE', #2470, #5502, #3855, .T. ) ;
#4586 = ORIENTED_EDGE ( 'NONE', *, *, #2094, .F. ) ;
#4587 = DIRECTION ( 'NONE',  ( -1.301042606982604335E-16, 1.000000000000000000, -0.000000000000000000 ) ) ;
#4588 = FACE_OUTER_BOUND ( 'NONE', #2381, .T. ) ;
#4589 = CARTESIAN_POINT ( 'NONE',  ( 8.171579495429375228, 76.17542139760718101, 51.50000000000000000 ) ) ;
#4590 = CARTESIAN_POINT ( 'NONE',  ( 5.749999999999914735, 57.00000000000112266, 12.00000000000000000 ) ) ;
#4591 =( BOUNDED_CURVE ( )  B_SPLINE_CURVE ( 3, ( #4802, #6687, #3606, #7387 ),
 .UNSPECIFIED., .F., .F. ) 
 B_SPLINE_CURVE_WITH_KNOTS ( ( 4, 4 ),
 ( 1.838655604373751418, 2.687896239526650799 ),
 .UNSPECIFIED. ) 
 CURVE ( )  GEOMETRIC_REPRESENTATION_ITEM ( )  RATIONAL_B_SPLINE_CURVE ( ( 1.000000000000000000, 0.9407968121579109999, 0.9407968121579109999, 1.000000000000000000 ) ) 
 REPRESENTATION_ITEM ( '' )  );
#4592 = CARTESIAN_POINT ( 'NONE',  ( 63.00000000000002842, 90.00000000000119371, 18.00000000000002132 ) ) ;
#4593 = ORIENTED_EDGE ( 'NONE', *, *, #6203, .T. ) ;
#4594 = CARTESIAN_POINT ( 'NONE',  ( 5.790000000000016911, 88.00000000000119371, 79.46183849253809228 ) ) ;
#4595 = LINE ( 'NONE', #6652, #5602 ) ;
#4596 = EDGE_LOOP ( 'NONE', ( #5110, #5140, #7892, #4043 ) ) ;
#4597 = DIRECTION ( 'NONE',  ( -0.000000000000000000, -0.000000000000000000, 1.000000000000000000 ) ) ;
#4598 = ADVANCED_FACE ( 'NONE', ( #7512 ), #7895, .T. ) ;
#4599 = ORIENTED_EDGE ( 'NONE', *, *, #4365, .T. ) ;
#4600 = LINE ( 'NONE', #1603, #3993 ) ;
#4601 = DIRECTION ( 'NONE',  ( -0.000000000000000000, -1.000000000000000000, 0.000000000000000000 ) ) ;
#4602 = DIRECTION ( 'NONE',  ( 1.000000000000000000, 0.000000000000000000, 0.000000000000000000 ) ) ;
#4603 = CARTESIAN_POINT ( 'NONE',  ( 40.25000000000000711, 41.00000000000001421, 81.00000000000000000 ) ) ;
#4604 = VERTEX_POINT ( 'NONE', #1280 ) ;
#4605 = DIRECTION ( 'NONE',  ( 0.000000000000000000, -0.000000000000000000, 1.000000000000000000 ) ) ;
#4606 = ORIENTED_EDGE ( 'NONE', *, *, #2910, .F. ) ;
#4607 = VECTOR ( 'NONE', #8132, 1000.000000000000000 ) ;
#4608 = ADVANCED_FACE ( 'NONE', ( #610 ), #3122, .F. ) ;
#4609 = VERTEX_POINT ( 'NONE', #5002 ) ;
#4610 = FACE_OUTER_BOUND ( 'NONE', #841, .T. ) ;
#4611 = VECTOR ( 'NONE', #1934, 1000.000000000000000 ) ;
#4612 = CARTESIAN_POINT ( 'NONE',  ( 57.99999999999999289, 118.0000000000011937, 80.00000000000000000 ) ) ;
#4614 = ORIENTED_EDGE ( 'NONE', *, *, #814, .F. ) ;
#4613 = CARTESIAN_POINT ( 'NONE',  ( 64.21000000000000796, 88.00000000000119371, 79.46183849253809228 ) ) ;
#4615 = EDGE_LOOP ( 'NONE', ( #6407, #5806, #3589, #4884 ) ) ;
#4616 = DIRECTION ( 'NONE',  ( 0.000000000000000000, 0.000000000000000000, 1.000000000000000000 ) ) ;
#4617 = EDGE_CURVE ( 'NONE', #2083, #8022, #2786, .T. ) ;
#4618 = VERTEX_POINT ( 'NONE', #3350 ) ;
#4619 = AXIS2_PLACEMENT_3D ( 'NONE', #4923, #1813, #3900 ) ;
#4620 = EDGE_CURVE ( 'NONE', #5775, #6715, #6512, .T. ) ;
#4621 = ORIENTED_EDGE ( 'NONE', *, *, #3215, .T. ) ;
#4622 = AXIS2_PLACEMENT_3D ( 'NONE', #3392, #268, #2779 ) ;
#4623 = CARTESIAN_POINT ( 'NONE',  ( 61.40999999999997527, 88.00000000000119371, 11.92158075373095905 ) ) ;
#4624 = DIRECTION ( 'NONE',  ( 0.8660254037844382635, 0.000000000000000000, 0.5000000000000004441 ) ) ;
#4625 = CARTESIAN_POINT ( 'NONE',  ( 47.24999999999998579, 41.00000000000001421, 80.00000000000000000 ) ) ;
#4626 = CYLINDRICAL_SURFACE ( 'NONE', #7252, 14.05000000000000426 ) ;
#4627 = VECTOR ( 'NONE', #7464, 1000.000000000000000 ) ;
#4628 = VECTOR ( 'NONE', #1844, 1000.000000000000000 ) ;
#4629 = PRESENTATION_STYLE_ASSIGNMENT (( #3428 ) ) ;
#4630 = LINE ( 'NONE', #5980, #2902 ) ;
#4631 = ORIENTED_EDGE ( 'NONE', *, *, #3735, .F. ) ;
#4632 = AXIS2_PLACEMENT_3D ( 'NONE', #6216, #1917, #5022 ) ;
#4633 = AXIS2_PLACEMENT_3D ( 'NONE', #5498, #1069, #5586 ) ;
#4634 = CARTESIAN_POINT ( 'NONE',  ( 69.24999999999997158, 81.58800596674578287, 93.00000000000000000 ) ) ;
#4635 = ADVANCED_FACE ( 'NONE', ( #7172, #7211, #5816, #2047 ), #3930, .F. ) ;
#4636 = CARTESIAN_POINT ( 'NONE',  ( 62.00000000000000711, 144.5825756949558354, 3.000000000000000000 ) ) ;
#4637 = VECTOR ( 'NONE', #3311, 1000.000000000000000 ) ;
#4638 = ORIENTED_EDGE ( 'NONE', *, *, #7278, .T. ) ;
#4639 = CARTESIAN_POINT ( 'NONE',  ( 10.79000000000000092, 82.00000000000117950, 78.00000000000001421 ) ) ;
#4640 = ORIENTED_EDGE ( 'NONE', *, *, #4888, .F. ) ;
#4641 = FACE_OUTER_BOUND ( 'NONE', #4931, .T. ) ;
#4642 = VERTEX_POINT ( 'NONE', #144 ) ;
#4643 = VECTOR ( 'NONE', #3070, 1000.000000000000000 ) ;
#4644 = CARTESIAN_POINT ( 'NONE',  ( 19.80000000000000071, 116.0000000000011795, 9.616580753730948672 ) ) ;
#4645 = DIRECTION ( 'NONE',  ( -0.000000000000000000, -0.000000000000000000, 1.000000000000000000 ) ) ;
#4646 = CARTESIAN_POINT ( 'NONE',  ( 3.092329219213243441, 80.00000000000112266, 13.99999999999999822 ) ) ;
#4647 = LINE ( 'NONE', #5333, #1532 ) ;
#4648 = ORIENTED_EDGE ( 'NONE', *, *, #4134, .F. ) ;
#4649 = DIRECTION ( 'NONE',  ( 0.000000000000000000, -1.000000000000000000, 0.000000000000000000 ) ) ;
#4650 = VECTOR ( 'NONE', #7603, 1000.000000000000000 ) ;
#4651 = ORIENTED_EDGE ( 'NONE', *, *, #2841, .T. ) ;
#4652 = COLOUR_RGB ( '',0.7921568627450980005, 0.8196078431372548767, 0.9333333333333333481 ) ;
#4653 = VERTEX_POINT ( 'NONE', #6547 ) ;
#4654 = CARTESIAN_POINT ( 'NONE',  ( 53.00000000000000711, 116.0000000000011795, 8.000000000000000000 ) ) ;
#4655 = CARTESIAN_POINT ( 'NONE',  ( 0.000000000000000000, 0.000000000000000000, 15.00000000000000000 ) ) ;
#4656 = DIRECTION ( 'NONE',  ( 1.000000000000000000, 6.672013369141570147E-16, 0.000000000000000000 ) ) ;
#4657 = ORIENTED_EDGE ( 'NONE', *, *, #1360, .T. ) ;
#4658 = CARTESIAN_POINT ( 'NONE',  ( 35.00000000000000000, 37.00000000000000711, 9.500000000000000000 ) ) ;
#4659 = AXIS2_PLACEMENT_3D ( 'NONE', #5038, #2585, #7588 ) ;
#4660 = ORIENTED_EDGE ( 'NONE', *, *, #251, .F. ) ;
#4661 = ORIENTED_EDGE ( 'NONE', *, *, #5238, .F. ) ;
#4662 = DIRECTION ( 'NONE',  ( 1.000000000000000000, 0.000000000000000000, 0.000000000000000000 ) ) ;
#4663 = VECTOR ( 'NONE', #7823, 1000.000000000000000 ) ;
#4664 = AXIS2_PLACEMENT_3D ( 'NONE', #2609, #7613, #1989 ) ;
#4665 = DIRECTION ( 'NONE',  ( 0.000000000000000000, 0.000000000000000000, -1.000000000000000000 ) ) ;
#4666 = DIRECTION ( 'NONE',  ( -0.000000000000000000, -0.000000000000000000, -1.000000000000000000 ) ) ;
#4667 = EDGE_CURVE ( 'NONE', #7416, #8026, #5231, .T. ) ;
#4668 = CARTESIAN_POINT ( 'NONE',  ( 57.99999999999999289, 115.0000000000011795, 80.00000000000000000 ) ) ;
#4669 = CARTESIAN_POINT ( 'NONE',  ( 68.38586524418288093, 73.54346097673257532, 86.23881234387185657 ) ) ;
#4670 = ORIENTED_EDGE ( 'NONE', *, *, #1062, .T. ) ;
#4671 = CARTESIAN_POINT ( 'NONE',  ( 52.99999999999997158, 115.0000000000011795, 81.76683849253807068 ) ) ;
#4672 = VECTOR ( 'NONE', #5461, 999.9999999999998863 ) ;
#4673 = VERTEX_POINT ( 'NONE', #3967 ) ;
#4674 = CARTESIAN_POINT ( 'NONE',  ( 3.000000000000000000, 145.0000000000000000, 90.00000000000000000 ) ) ;
#4675 = VECTOR ( 'NONE', #3942, 1000.000000000000000 ) ;
#4676 = ADVANCED_FACE ( 'NONE', ( #881 ), #5776, .F. ) ;
#4677 = LINE ( 'NONE', #5241, #4022 ) ;
#4678 = ORIENTED_EDGE ( 'NONE', *, *, #196, .F. ) ;
#4679 = ADVANCED_FACE ( 'NONE', ( #4083 ), #6590, .T. ) ;
#4680 = CARTESIAN_POINT ( 'NONE',  ( 58.00000000000000000, 118.0000000000011937, 13.00000000000000178 ) ) ;
#4681 = EDGE_LOOP ( 'NONE', ( #7185, #3882 ) ) ;
#4682 = EDGE_CURVE ( 'NONE', #4882, #5775, #2776, .T. ) ;
#4683 = ADVANCED_FACE ( 'NONE', ( #189 ), #229, .F. ) ;
#4684 = PLANE ( 'NONE',  #6754 ) ;
#4685 = ORIENTED_EDGE ( 'NONE', *, *, #1781, .F. ) ;
#4686 = LINE ( 'NONE', #6564, #5278 ) ;
#4687 = LINE ( 'NONE', #750, #4376 ) ;
#4688 = DIRECTION ( 'NONE',  ( -0.000000000000000000, -0.000000000000000000, 1.000000000000000000 ) ) ;
#4689 = CARTESIAN_POINT ( 'NONE',  ( 64.21000000000002217, 88.00000000000119371, 85.92816150746190829 ) ) ;
#4690 = EDGE_LOOP ( 'NONE', ( #2856, #6048, #3658, #1481, #3984, #6246 ) ) ;
#4691 = DIRECTION ( 'NONE',  ( -1.341352320301035307E-16, 0.000000000000000000, 1.000000000000000000 ) ) ;
#4692 = ORIENTED_EDGE ( 'NONE', *, *, #6707, .T. ) ;
#4693 = CARTESIAN_POINT ( 'NONE',  ( 5.790000000000016911, 88.00000000000119371, 79.46183849253809228 ) ) ;
#4694 = ORIENTED_EDGE ( 'NONE', *, *, #1062, .F. ) ;
#4695 = CARTESIAN_POINT ( 'NONE',  ( 0.000000000000000000, 0.000000000000000000, -3.469446951953614189E-15 ) ) ;
#4696 = CARTESIAN_POINT ( 'NONE',  ( 26.25000000000000355, 41.00000000000001421, 5.000000000000000000 ) ) ;
#4697 = DIRECTION ( 'NONE',  ( 1.734723475976807341E-16, -1.000000000000000000, -0.000000000000000000 ) ) ;
#4698 = VERTEX_POINT ( 'NONE', #802 ) ;
#4699 = CARTESIAN_POINT ( 'NONE',  ( 8.590000000000014069, 88.00000000000119371, 84.31158075373095073 ) ) ;
#4700 = ORIENTED_EDGE ( 'NONE', *, *, #813, .T. ) ;
#4701 = ADVANCED_FACE ( 'NONE', ( #5931 ), #4009, .T. ) ;
#4702 = VERTEX_POINT ( 'NONE', #4623 ) ;
#4703 = CARTESIAN_POINT ( 'NONE',  ( -3.078715288064818691E-14, 90.00000000000109424, 51.50000000000000711 ) ) ;
#4704 = CIRCLE ( 'NONE', #7725, 3.499999999999992895 ) ;
#4705 = CARTESIAN_POINT ( 'NONE',  ( 4.171579495429374340, 76.17542139760718101, 41.49999999999999289 ) ) ;
#4706 = DIRECTION ( 'NONE',  ( 1.000000000000000000, 3.965082230804129727E-16, -0.000000000000000000 ) ) ;
#4707 = DIRECTION ( 'NONE',  ( -0.8660254037844388186, 0.000000000000000000, 0.4999999999999996669 ) ) ;
#4708 = CARTESIAN_POINT ( 'NONE',  ( 20.95000000000000284, 21.00000000000000355, 4.900000000000000355 ) ) ;
#4709 = ORIENTED_EDGE ( 'NONE', *, *, #7193, .F. ) ;
#4710 = EDGE_CURVE ( 'NONE', #6187, #7084, #2793, .T. ) ;
#4711 = EDGE_CURVE ( 'NONE', #3905, #2075, #918, .T. ) ;
#4712 = CARTESIAN_POINT ( 'NONE',  ( 9.999999999999991118, 90.00000000000119371, 15.00000000000000000 ) ) ;
#4713 = DIRECTION ( 'NONE',  ( -0.000000000000000000, -0.000000000000000000, 1.000000000000000000 ) ) ;
#4714 = DIRECTION ( 'NONE',  ( -0.000000000000000000, -1.000000000000000000, -0.000000000000000000 ) ) ;
#4715 = ORIENTED_EDGE ( 'NONE', *, *, #4976, .T. ) ;
#4716 = FACE_BOUND ( 'NONE', #5516, .T. ) ;
#4717 = VERTEX_POINT ( 'NONE', #304 ) ;
#4718 = CARTESIAN_POINT ( 'NONE',  ( 34.99999999999999289, 56.99999999999999289, 13.79999999999999893 ) ) ;
#4719 = ORIENTED_EDGE ( 'NONE', *, *, #548, .T. ) ;
#4720 = DIRECTION ( 'NONE',  ( 1.000000000000000000, 0.000000000000000000, 0.000000000000000000 ) ) ;
#4721 = LINE ( 'NONE', #3492, #1904 ) ;
#4722 = LINE ( 'NONE', #5460, #3467 ) ;
#4723 = CARTESIAN_POINT ( 'NONE',  ( 0.000000000000000000, 0.000000000000000000, 80.00000000000000000 ) ) ;
#4724 = ORIENTED_EDGE ( 'NONE', *, *, #1906, .T. ) ;
#4725 = CARTESIAN_POINT ( 'NONE',  ( 12.00000000000001776, 118.0000000000011937, 80.00000000000000000 ) ) ;
#4726 = ORIENTED_EDGE ( 'NONE', *, *, #3931, .F. ) ;
#4727 = DIRECTION ( 'NONE',  ( -0.000000000000000000, -0.000000000000000000, -1.000000000000000000 ) ) ;
#4728 = EDGE_LOOP ( 'NONE', ( #7121, #3593, #7129, #7814, #7261, #7076, #2285, #6735, #1791, #2752, #4099, #3009, #7979, #1659, #2681, #6368 ) ) ;
#4729 = EDGE_CURVE ( 'NONE', #4808, #6042, #2202, .T. ) ;
#4730 = CARTESIAN_POINT ( 'NONE',  ( 6.999999999999973355, 80.00000000000109424, 51.50000000000000000 ) ) ;
#4731 = EDGE_CURVE ( 'NONE', #6830, #2754, #7710, .T. ) ;
#4732 = LINE ( 'NONE', #7244, #7664 ) ;
#4734 = ORIENTED_EDGE ( 'NONE', *, *, #6028, .T. ) ;
#4733 = FACE_OUTER_BOUND ( 'NONE', #1394, .T. ) ;
#4735 = VECTOR ( 'NONE', #6913, 1000.000000000000000 ) ;
#4736 = ORIENTED_EDGE ( 'NONE', *, *, #3820, .F. ) ;
#4737 = LINE ( 'NONE', #2981, #997 ) ;
#4738 = VERTEX_POINT ( 'NONE', #7092 ) ;
#4739 = EDGE_CURVE ( 'NONE', #3702, #6865, #1891, .T. ) ;
#4740 = ORIENTED_EDGE ( 'NONE', *, *, #4470, .F. ) ;
#4741 = VECTOR ( 'NONE', #627, 1000.000000000000000 ) ;
#4742 = CARTESIAN_POINT ( 'NONE',  ( 29.74999999999999645, 41.00000000000001421, 13.00000000000000178 ) ) ;
#4743 = CARTESIAN_POINT ( 'NONE',  ( 23.94999999999999929, 21.00000000000000355, 4.900000000000000355 ) ) ;
#4744 = ADVANCED_FACE ( 'NONE', ( #5891 ), #7784, .F. ) ;
#4745 = CARTESIAN_POINT ( 'NONE',  ( 43.75000000000000000, 41.00000000000001421, 80.00000000000000000 ) ) ;
#4746 = DIRECTION ( 'NONE',  ( 0.5000000000000006661, 0.000000000000000000, 0.8660254037844382635 ) ) ;
#4747 = CARTESIAN_POINT ( 'NONE',  ( 65.22263939803974608, 60.89055759215995067, 81.16931092133006587 ) ) ;
#4748 = VECTOR ( 'NONE', #7378, 1000.000000000000000 ) ;
#4749 = VECTOR ( 'NONE', #3080, 1000.000000000000000 ) ;
#4750 = LINE ( 'NONE', #4139, #2119 ) ;
#4751 = ORIENTED_EDGE ( 'NONE', *, *, #6558, .F. ) ;
#4752 = ADVANCED_FACE ( 'NONE', ( #4792 ), #2332, .F. ) ;
#4753 = VECTOR ( 'NONE', #4037, 1000.000000000000000 ) ;
#4754 = DIRECTION ( 'NONE',  ( 1.000000000000000000, 0.000000000000000000, 0.000000000000000000 ) ) ;
#4755 = VECTOR ( 'NONE', #769, 1000.000000000000000 ) ;
#4756 = LINE ( 'NONE', #3607, #6335 ) ;
#4757 = DIRECTION ( 'NONE',  ( -0.000000000000000000, 0.7071067811865475727, 0.7071067811865475727 ) ) ;
#4758 = VERTEX_POINT ( 'NONE', #6053 ) ;
#4759 = CARTESIAN_POINT ( 'NONE',  ( 8.590000000000001634, 88.00000000000119371, 11.92158075373095372 ) ) ;
#4760 = ORIENTED_EDGE ( 'NONE', *, *, #4404, .F. ) ;
#4761 = AXIS2_PLACEMENT_3D ( 'NONE', #7995, #382, #2895 ) ;
#4762 = DIRECTION ( 'NONE',  ( -0.5000000000000004441, 0.000000000000000000, -0.8660254037844384856 ) ) ;
#4763 = ORIENTED_EDGE ( 'NONE', *, *, #638, .F. ) ;
#4764 = ORIENTED_EDGE ( 'NONE', *, *, #2320, .F. ) ;
#4765 = FACE_OUTER_BOUND ( 'NONE', #5998, .T. ) ;
#4766 = ADVANCED_FACE ( 'NONE', ( #424 ), #3468, .F. ) ;
#4767 = AXIS2_PLACEMENT_3D ( 'NONE', #5743, #3200, #7062 ) ;
#4768 = CARTESIAN_POINT ( 'NONE',  ( 64.20999999999999375, 88.00000000000119371, 7.071838492538090826 ) ) ;
#4769 = CIRCLE ( 'NONE', #2275, 1.600000000000004086 ) ;
#4770 = DIRECTION ( 'NONE',  ( 0.000000000000000000, -0.000000000000000000, 1.000000000000000000 ) ) ;
#4771 = FACE_OUTER_BOUND ( 'NONE', #203, .T. ) ;
#4772 = EDGE_LOOP ( 'NONE', ( #2826, #3382, #7418, #7459, #5453, #7838 ) ) ;
#4773 = LINE ( 'NONE', #1660, #6809 ) ;
#4774 = VERTEX_POINT ( 'NONE', #1714 ) ;
#4775 = CARTESIAN_POINT ( 'NONE',  ( 17.00000000000000000, 118.0000000000011937, 6.399999999999997691 ) ) ;
#4776 = VECTOR ( 'NONE', #3923, 1000.000000000000000 ) ;
#4777 = ORIENTED_EDGE ( 'NONE', *, *, #2094, .T. ) ;
#4778 = AXIS2_PLACEMENT_3D ( 'NONE', #783, #4409, #6376 ) ;
#4779 = CARTESIAN_POINT ( 'NONE',  ( 64.20999999999999375, 88.00000000000119371, 13.53816150746191660 ) ) ;
#4780 = CARTESIAN_POINT ( 'NONE',  ( 50.19999999999999574, 116.0000000000011795, 86.61658075373094334 ) ) ;
#4782 = ORIENTED_EDGE ( 'NONE', *, *, #4365, .F. ) ;
#4781 = LINE ( 'NONE', #1668, #7816 ) ;
#4783 = VECTOR ( 'NONE', #8111, 1000.000000000000000 ) ;
#4784 = ORIENTED_EDGE ( 'NONE', *, *, #2633, .T. ) ;
#4785 = ADVANCED_FACE ( 'NONE', ( #4209 ), #7423, .F. ) ;
#4786 = DIRECTION ( 'NONE',  ( -1.000000000000000000, 0.000000000000000000, -0.000000000000000000 ) ) ;
#4787 = VERTEX_POINT ( 'NONE', #5478 ) ;
#4788 = EDGE_CURVE ( 'NONE', #5462, #3420, #1092, .T. ) ;
#4789 = EDGE_CURVE ( 'NONE', #1046, #7225, #1676, .T. ) ;
#4790 = EDGE_CURVE ( 'NONE', #2063, #3040, #6098, .T. ) ;
#4791 = EDGE_CURVE ( 'NONE', #4405, #2307, #824, .T. ) ;
#4792 = FACE_OUTER_BOUND ( 'NONE', #2644, .T. ) ;
#4793 = DIRECTION ( 'NONE',  ( 0.000000000000000000, 0.000000000000000000, 1.000000000000000000 ) ) ;
#4794 = CARTESIAN_POINT ( 'NONE',  ( 5.790000000000008029, 83.40000000000118519, 82.69499999999999318 ) ) ;
#4795 = CARTESIAN_POINT ( 'NONE',  ( 0.000000000000000000, 0.000000000000000000, 12.00000000000000000 ) ) ;
#4796 = CARTESIAN_POINT ( 'NONE',  ( 70.00000000000001421, 87.00000000000117950, 46.49999999999999289 ) ) ;
#4797 = CARTESIAN_POINT ( 'NONE',  ( 17.00000000000001066, 115.0000000000011795, 84.99999999999998579 ) ) ;
#4798 = VERTEX_POINT ( 'NONE', #1139 ) ;
#4799 = VECTOR ( 'NONE', #465, 1000.000000000000000 ) ;
#4800 = VECTOR ( 'NONE', #5770, 1000.000000000000000 ) ;
#4801 = EDGE_CURVE ( 'NONE', #3854, #7610, #1227, .T. ) ;
#4802 = CARTESIAN_POINT ( 'NONE',  ( 70.00000000000000000, 80.00000000000117950, 92.78603811338845730 ) ) ;
#4803 = PLANE ( 'NONE',  #5531 ) ;
#4804 = DIRECTION ( 'NONE',  ( 1.000000000000000000, 0.000000000000000000, 0.000000000000000000 ) ) ;
#4805 = VECTOR ( 'NONE', #1345, 1000.000000000000000 ) ;
#4806 = ORIENTED_EDGE ( 'NONE', *, *, #7003, .T. ) ;
#4807 = DIRECTION ( 'NONE',  ( -1.000000000000000000, 0.000000000000000000, 0.000000000000000000 ) ) ;
#4808 = VERTEX_POINT ( 'NONE', #5437 ) ;
#4809 = CARTESIAN_POINT ( 'NONE',  ( 68.95084213090386527, 75.80336852361661215, 88.82607342164500608 ) ) ;
#4810 = ORIENTED_EDGE ( 'NONE', *, *, #4620, .T. ) ;
#4811 = VECTOR ( 'NONE', #7652, 1000.000000000000000 ) ;
#4812 = DIRECTION ( 'NONE',  ( 1.000000000000000000, 0.000000000000000000, 0.000000000000000000 ) ) ;
#4813 = CARTESIAN_POINT ( 'NONE',  ( 26.24999999999999645, 41.00000000000001421, 78.00000000000000000 ) ) ;
#4814 = CARTESIAN_POINT ( 'NONE',  ( 67.01000000000001933, 90.00000000000119371, 81.07841924626904984 ) ) ;
#4815 = DIRECTION ( 'NONE',  ( -1.000000000000000000, 0.000000000000000000, 0.000000000000000000 ) ) ;
#4816 = ORIENTED_EDGE ( 'NONE', *, *, #3897, .F. ) ;
#4817 = DIRECTION ( 'NONE',  ( -0.000000000000000000, 0.000000000000000000, 1.000000000000000000 ) ) ;
#4818 = AXIS2_PLACEMENT_3D ( 'NONE', #5206, #5280, #5323 ) ;
#4819 = ORIENTED_EDGE ( 'NONE', *, *, #6249, .F. ) ;
#4820 = DIRECTION ( 'NONE',  ( 0.000000000000000000, -1.000000000000000000, 0.000000000000000000 ) ) ;
#4821 = EDGE_CURVE ( 'NONE', #4405, #1461, #1759, .T. ) ;
#4822 = EDGE_LOOP ( 'NONE', ( #4867, #1088, #3149, #4849, #3608, #6779, #1170, #361, #4304 ) ) ;
#4823 = FACE_OUTER_BOUND ( 'NONE', #3562, .T. ) ;
#4824 = DIRECTION ( 'NONE',  ( 0.000000000000000000, 0.000000000000000000, -1.000000000000000000 ) ) ;
#4826 = ORIENTED_EDGE ( 'NONE', *, *, #5238, .T. ) ;
#4825 = DIRECTION ( 'NONE',  ( -1.000000000000000000, 0.000000000000000000, 0.000000000000000000 ) ) ;
#4827 = ORIENTED_EDGE ( 'NONE', *, *, #6412, .F. ) ;
#4828 = CARTESIAN_POINT ( 'NONE',  ( 27.89999999999999147, 41.00000000000001421, 80.00000000000000000 ) ) ;
#4829 = ORIENTED_EDGE ( 'NONE', *, *, #407, .F. ) ;
#4830 = CARTESIAN_POINT ( 'NONE',  ( 31.00000000000000000, 21.00000000000000355, 13.79999999999999893 ) ) ;
#4831 = DIRECTION ( 'NONE',  ( 0.000000000000000000, 0.000000000000000000, -1.000000000000000000 ) ) ;
#4832 = EDGE_CURVE ( 'NONE', #5967, #6174, #962, .T. ) ;
#4833 = EDGE_CURVE ( 'NONE', #6460, #3182, #2987, .T. ) ;
#4834 = AXIS2_PLACEMENT_3D ( 'NONE', #3376, #100, #253 ) ;
#4835 = CARTESIAN_POINT ( 'NONE',  ( 39.00000000000000711, 24.32264954516723776, 15.00000000000000000 ) ) ;
#4836 = DIRECTION ( 'NONE',  ( -1.000000000000000000, 0.000000000000000000, 0.000000000000000000 ) ) ;
#4837 = EDGE_CURVE ( 'NONE', #5841, #608, #349, .T. ) ;
#4838 = LINE ( 'NONE', #1224, #2043 ) ;
#4839 = DIRECTION ( 'NONE',  ( 0.000000000000000000, 0.000000000000000000, 1.000000000000000000 ) ) ;
#4840 = ORIENTED_EDGE ( 'NONE', *, *, #4581, .T. ) ;
#4841 = CYLINDRICAL_SURFACE ( 'NONE', #4490, 4.000000000000000000 ) ;
#4842 = CARTESIAN_POINT ( 'NONE',  ( 65.78798735429825228, 63.15194941719389021, 11.41821643188313296 ) ) ;
#4843 = VECTOR ( 'NONE', #7221, 1000.000000000000000 ) ;
#4844 = ORIENTED_EDGE ( 'NONE', *, *, #5730, .F. ) ;
#4845 = CARTESIAN_POINT ( 'NONE',  ( 2.989999999999994440, 88.00000000000119371, 8.688419246269045715 ) ) ;
#4846 = ORIENTED_EDGE ( 'NONE', *, *, #54, .F. ) ;
#4847 = DIRECTION ( 'NONE',  ( -1.000000000000000000, 0.000000000000000000, -0.000000000000000000 ) ) ;
#4848 = ORIENTED_EDGE ( 'NONE', *, *, #240, .T. ) ;
#4849 = ORIENTED_EDGE ( 'NONE', *, *, #7698, .T. ) ;
#4850 = DIRECTION ( 'NONE',  ( 0.000000000000000000, 5.551115123125782702E-15, -1.000000000000000000 ) ) ;
#4851 = DIRECTION ( 'NONE',  ( 0.000000000000000000, 0.000000000000000000, 1.000000000000000000 ) ) ;
#4852 = ADVANCED_FACE ( 'NONE', ( #6011 ), #2858, .F. ) ;
#4853 = CARTESIAN_POINT ( 'NONE',  ( 19.71966991411008863, 1.121320343559675692, 80.12132034355964549 ) ) ;
#4854 = CARTESIAN_POINT ( 'NONE',  ( 5.789999999999999147, 88.00000000000119371, 8.305000000000001492 ) ) ;
#4855 = ORIENTED_EDGE ( 'NONE', *, *, #5995, .F. ) ;
#4856 = DIRECTION ( 'NONE',  ( 1.000000000000000000, -0.000000000000000000, -0.000000000000000000 ) ) ;
#4857 = ORIENTED_EDGE ( 'NONE', *, *, #4111, .T. ) ;
#4858 = FACE_OUTER_BOUND ( 'NONE', #5383, .T. ) ;
#4859 = PRODUCT_DEFINITION_CONTEXT ( 'detailed design', #346, 'design' ) ;
#4860 = VERTEX_POINT ( 'NONE', #5517 ) ;
#4861 = DIRECTION ( 'NONE',  ( 0.5000000000000043299, 0.000000000000000000, -0.8660254037844362651 ) ) ;
#4862 = LINE ( 'NONE', #2402, #577 ) ;
#4864 = ORIENTED_EDGE ( 'NONE', *, *, #4620, .F. ) ;
#4863 = CYLINDRICAL_SURFACE ( 'NONE', #1663, 1.599999999999997202 ) ;
#4865 = ORIENTED_EDGE ( 'NONE', *, *, #7984, .F. ) ;
#4866 = CARTESIAN_POINT ( 'NONE',  ( 29.74999999999998224, 41.00000000000001421, 80.00000000000000000 ) ) ;
#4867 = ORIENTED_EDGE ( 'NONE', *, *, #5593, .T. ) ;
#4868 = EDGE_CURVE ( 'NONE', #6972, #7317, #8034, .T. ) ;
#4869 = ORIENTED_EDGE ( 'NONE', *, *, #1052, .T. ) ;
#4870 = DIRECTION ( 'NONE',  ( 0.000000000000000000, 0.000000000000000000, 1.000000000000000000 ) ) ;
#4871 = LINE ( 'NONE', #6639, #2920 ) ;
#4872 = ADVANCED_FACE ( 'NONE', ( #1049 ), #2241, .F. ) ;
#4873 = CARTESIAN_POINT ( 'NONE',  ( 2.990000000000003766, 88.00000000000119371, 84.31158075373095073 ) ) ;
#4874 = CARTESIAN_POINT ( 'NONE',  ( 59.20999999999999375, 82.00000000000117950, 4.527864045000375093 ) ) ;
#4875 = CARTESIAN_POINT ( 'NONE',  ( 52.99999999999998579, 116.0000000000011795, 86.59999999999999432 ) ) ;
#4876 = ADVANCED_FACE ( 'NONE', ( #7909 ), #6225, .F. ) ;
#4877 = DIRECTION ( 'NONE',  ( -0.8660254037844387076, 0.000000000000000000, 0.4999999999999998335 ) ) ;
#4878 = ORIENTED_EDGE ( 'NONE', *, *, #5088, .T. ) ;
#4879 = CIRCLE ( 'NONE', #3043, 2.000000000000001776 ) ;
#4880 = DIRECTION ( 'NONE',  ( 1.000000000000000000, 0.000000000000000000, 0.000000000000000000 ) ) ;
#4881 = DIRECTION ( 'NONE',  ( 1.000000000000000000, 0.000000000000000000, 0.000000000000000000 ) ) ;
#4882 = VERTEX_POINT ( 'NONE', #3187 ) ;
#4883 = DIRECTION ( 'NONE',  ( -0.000000000000000000, 0.000000000000000000, 1.000000000000000000 ) ) ;
#4884 = ORIENTED_EDGE ( 'NONE', *, *, #1608, .F. ) ;
#4885 = CARTESIAN_POINT ( 'NONE',  ( 68.58128902202675192, 74.32515608810807350, 87.00391358832177957 ) ) ;
#4886 = ORIENTED_EDGE ( 'NONE', *, *, #1983, .F. ) ;
#4887 = ADVANCED_FACE ( 'NONE', ( #1268 ), #4420, .F. ) ;
#4888 = EDGE_CURVE ( 'NONE', #4290, #5404, #2580, .T. ) ;
#4889 = VERTEX_POINT ( 'NONE', #5075 ) ;
#4890 = FACE_OUTER_BOUND ( 'NONE', #2376, .T. ) ;
#4891 = LINE ( 'NONE', #4814, #6893 ) ;
#4892 = LINE ( 'NONE', #3748, #2716 ) ;
#4893 = VECTOR ( 'NONE', #6130, 1000.000000000000000 ) ;
#4894 = AXIS2_PLACEMENT_3D ( 'NONE', #6717, #2938, #4870 ) ;
#4895 = ORIENTED_EDGE ( 'NONE', *, *, #1022, .F. ) ;
#4896 = FACE_OUTER_BOUND ( 'NONE', #7817, .T. ) ;
#4897 = ORIENTED_EDGE ( 'NONE', *, *, #941, .F. ) ;
#4898 = CARTESIAN_POINT ( 'NONE',  ( 59.20999999999999375, 82.00000000000117950, 3.000000000000002665 ) ) ;
#4899 = ORIENTED_EDGE ( 'NONE', *, *, #7758, .F. ) ;
#4900 = ADVANCED_FACE ( 'NONE', ( #4379 ), #2538, .F. ) ;
#4901 = AXIS2_PLACEMENT_3D ( 'NONE', #3404, #7012, #5766 ) ;
#4902 = ORIENTED_EDGE ( 'NONE', *, *, #3327, .F. ) ;
#4903 = EDGE_CURVE ( 'NONE', #6865, #6159, #6892, .T. ) ;
#4904 = CARTESIAN_POINT ( 'NONE',  ( 30.00000000000000000, 37.00000000000000711, 88.09999999999999432 ) ) ;
#4905 = CARTESIAN_POINT ( 'NONE',  ( 58.00000000000000000, 115.0000000000011795, 13.00000000000000178 ) ) ;
#4907 = ORIENTED_EDGE ( 'NONE', *, *, #52, .T. ) ;
#4906 = DIRECTION ( 'NONE',  ( 0.000000000000000000, 0.000000000000000000, 1.000000000000000000 ) ) ;
#4908 = ORIENTED_EDGE ( 'NONE', *, *, #5358, .T. ) ;
#4909 = LINE ( 'NONE', #7417, #7333 ) ;
#4910 = AXIS2_PLACEMENT_3D ( 'NONE', #4255, #6719, #2456 ) ;
#4911 = ORIENTED_EDGE ( 'NONE', *, *, #895, .T. ) ;
#4912 = ORIENTED_EDGE ( 'NONE', *, *, #2389, .T. ) ;
#4913 = DIRECTION ( 'NONE',  ( 1.734723475976807341E-16, -1.000000000000000000, 0.000000000000000000 ) ) ;
#4914 = PLANE ( 'NONE',  #5270 ) ;
#4915 = CARTESIAN_POINT ( 'NONE',  ( 5.790000000000012470, 88.00000000000119371, 85.92816150746190829 ) ) ;
#4916 = DIRECTION ( 'NONE',  ( -0.4999999999999987788, 0.000000000000000000, 0.8660254037844393737 ) ) ;
#4917 = CARTESIAN_POINT ( 'NONE',  ( 60.00000000000001421, 82.00000000000117950, 15.00000000000001066 ) ) ;
#4918 = CARTESIAN_POINT ( 'NONE',  ( 0.4222844243129231234, 78.31086230274935645, 92.32244615472463067 ) ) ;
#4919 = VECTOR ( 'NONE', #366, 1000.000000000000227 ) ;
#4920 = ORIENTED_EDGE ( 'NONE', *, *, #3233, .F. ) ;
#4921 = ADVANCED_FACE ( 'NONE', ( #1341 ), #2615, .F. ) ;
#4922 = CIRCLE ( 'NONE', #5832, 1.599999999999997202 ) ;
#4923 = CARTESIAN_POINT ( 'NONE',  ( 69.20999999999999375, 86.00000000000113687, 9.000000000000001776 ) ) ;
#4924 = CARTESIAN_POINT ( 'NONE',  ( -2.682207064984406182E-14, 80.00000000000109424, 51.50000000000000711 ) ) ;
#4925 = ORIENTED_EDGE ( 'NONE', *, *, #7699, .T. ) ;
#4926 = CARTESIAN_POINT ( 'NONE',  ( 0.000000000000000000, 145.0000000000000000, 80.00000000000000000 ) ) ;
#4927 = AXIS2_PLACEMENT_3D ( 'NONE', #1762, #7381, #5694 ) ;
#4928 = ORIENTED_EDGE ( 'NONE', *, *, #3184, .T. ) ;
#4929 = CARTESIAN_POINT ( 'NONE',  ( 17.00000000000000000, 118.0000000000011937, 8.000000000000000000 ) ) ;
#4930 = ORIENTED_EDGE ( 'NONE', *, *, #1463, .F. ) ;
#4931 = EDGE_LOOP ( 'NONE', ( #3973, #163, #1864, #7125 ) ) ;
#4932 = LINE ( 'NONE', #7444, #2799 ) ;
#4933 = CIRCLE ( 'NONE', #2055, 6.000000000000000000 ) ;
#4934 = AXIS2_PLACEMENT_3D ( 'NONE', #8025, #3714, #4906 ) ;
#4935 = ADVANCED_FACE ( 'NONE', ( #1307, #7583, #3844 ), #3805, .F. ) ;
#4936 = PLANE ( 'NONE',  #5856 ) ;
#4937 = EDGE_CURVE ( 'NONE', #7397, #510, #2495, .T. ) ;
#4938 = ADVANCED_FACE ( 'NONE', ( #7463 ), #3226, .T. ) ;
#4939 = VERTEX_POINT ( 'NONE', #598 ) ;
#4940 = DIRECTION ( 'NONE',  ( 0.000000000000000000, 1.000000000000000000, 0.000000000000000000 ) ) ;
#4941 = ORIENTED_EDGE ( 'NONE', *, *, #2807, .T. ) ;
#4942 = CARTESIAN_POINT ( 'NONE',  ( 63.00000000000000000, 90.00000000000112266, 41.50000000000000000 ) ) ;
#4943 = EDGE_LOOP ( 'NONE', ( #6497, #2046, #586, #2974 ) ) ;
#4944 = AXIS2_PLACEMENT_3D ( 'NONE', #6162, #8016, #7322 ) ;
#4945 = ORIENTED_EDGE ( 'NONE', *, *, #517, .F. ) ;
#4946 = DIRECTION ( 'NONE',  ( 1.000000000000000000, 0.000000000000000000, 0.000000000000000000 ) ) ;
#4947 = FACE_OUTER_BOUND ( 'NONE', #93, .T. ) ;
#4948 = VECTOR ( 'NONE', #5013, 1000.000000000000000 ) ;
#4950 = ORIENTED_EDGE ( 'NONE', *, *, #5292, .T. ) ;
#4949 = CARTESIAN_POINT ( 'NONE',  ( 70.00000000000000000, 139.9999999999999716, 87.00000000000000000 ) ) ;
#4951 = ORIENTED_EDGE ( 'NONE', *, *, #2700, .T. ) ;
#4952 = LINE ( 'NONE', #6804, #6125 ) ;
#4953 = ORIENTED_EDGE ( 'NONE', *, *, #2271, .T. ) ;
#4954 = ORIENTED_EDGE ( 'NONE', *, *, #5358, .F. ) ;
#4955 = DIRECTION ( 'NONE',  ( 1.000000000000000000, 3.965082230804129727E-16, -0.000000000000000000 ) ) ;
#4956 =( BOUNDED_SURFACE ( )  B_SPLINE_SURFACE ( 2, 3, ( 
 ( #5275, #3972, #4053, #7790 ),
 ( #850, #3356, #7178, #235 ),
 ( #5317, #4090, #3394, #6597 ) ),
 .UNSPECIFIED., .F., .F., .F. ) 
 B_SPLINE_SURFACE_WITH_KNOTS ( ( 3, 3 ),
 ( 4, 4 ),
 ( 0.000000000000000000, 1.000000000000000000 ),
 ( -0.07192500000000000282, 0.003425000000000000527 ),
 .UNSPECIFIED. ) 
 GEOMETRIC_REPRESENTATION_ITEM ( )  RATIONAL_B_SPLINE_SURFACE ( (
 ( 1.000000000000000000, 1.000000000000000000, 1.000000000000000000, 1.000000000000000000),
 ( 0.7071067811865475727, 0.7071067811865475727, 0.7071067811865475727, 0.7071067811865475727),
 ( 1.000000000000000000, 1.000000000000000000, 1.000000000000000000, 1.000000000000000000) ) ) 
 REPRESENTATION_ITEM ( '' )  SURFACE ( )  );
#4957 = PLANE ( 'NONE',  #8045 ) ;
#4958 = DIRECTION ( 'NONE',  ( 0.000000000000000000, 0.000000000000000000, 1.000000000000000000 ) ) ;
#4959 = LINE ( 'NONE', #4340, #4537 ) ;
#4960 = FACE_OUTER_BOUND ( 'NONE', #7296, .T. ) ;
#4961 = EDGE_CURVE ( 'NONE', #5546, #3702, #3679, .T. ) ;
#4962 = CARTESIAN_POINT ( 'NONE',  ( 59.20999999999999375, 82.00000000000117950, 78.00000000000001421 ) ) ;
#4963 = DIRECTION ( 'NONE',  ( 0.2425356250363299160, -0.9701425001453327646, 0.000000000000000000 ) ) ;
#4964 = ORIENTED_EDGE ( 'NONE', *, *, #7874, .T. ) ;
#4965 = LINE ( 'NONE', #3813, #5675 ) ;
#4966 = CARTESIAN_POINT ( 'NONE',  ( 12.00000000000000178, 118.0000000000011937, 13.00000000000000178 ) ) ;
#4967 = CARTESIAN_POINT ( 'NONE',  ( 64.21000000000000796, 88.00000000000119371, 84.69499999999999318 ) ) ;
#4968 = EDGE_LOOP ( 'NONE', ( #2428, #1306 ) ) ;
#4969 = FACE_BOUND ( 'NONE', #2184, .T. ) ;
#4970 = EDGE_CURVE ( 'NONE', #7974, #8088, #677, .T. ) ;
#4971 = VERTEX_POINT ( 'NONE', #1996 ) ;
#4972 = EDGE_CURVE ( 'NONE', #6732, #2139, #8080, .T. ) ;
#4973 = ORIENTED_EDGE ( 'NONE', *, *, #2648, .T. ) ;
#4974 = CARTESIAN_POINT ( 'NONE',  ( 42.10000000000001563, 41.00000000000001421, 15.00000000000000000 ) ) ;
#4975 = VECTOR ( 'NONE', #5405, 1000.000000000000000 ) ;
#4976 = EDGE_CURVE ( 'NONE', #5721, #3420, #3766, .T. ) ;
#4977 = PLANE ( 'NONE',  #2948 ) ;
#4978 = CARTESIAN_POINT ( 'NONE',  ( 70.00000000000000000, 0.000000000000000000, 3.000000000000000000 ) ) ;
#4979 = ORIENTED_EDGE ( 'NONE', *, *, #247, .F. ) ;
#4980 = CARTESIAN_POINT ( 'NONE',  ( 10.79000000000000092, 90.00000000000119371, 15.00000000000000178 ) ) ;
#4981 = EDGE_LOOP ( 'NONE', ( #746, #6703, #5431, #2637, #744, #3838 ) ) ;
#4982 = DIRECTION ( 'NONE',  ( 0.000000000000000000, 0.000000000000000000, 1.000000000000000000 ) ) ;
#4983 = ORIENTED_EDGE ( 'NONE', *, *, #6644, .T. ) ;
#4984 = EDGE_LOOP ( 'NONE', ( #3718, #6111, #6819, #1408 ) ) ;
#4985 = CARTESIAN_POINT ( 'NONE',  ( 43.75000000000000000, 41.00000000000001421, 80.00000000000000000 ) ) ;
#4986 = CARTESIAN_POINT ( 'NONE',  ( 2.989999999999993996, 90.00000000000119371, 11.92158075373095549 ) ) ;
#4988 = ORIENTED_EDGE ( 'NONE', *, *, #7653, .F. ) ;
#4987 = CARTESIAN_POINT ( 'NONE',  ( 30.99999999999999289, 57.00000000000000711, 78.00000000000000000 ) ) ;
#4989 = ORIENTED_EDGE ( 'NONE', *, *, #4972, .F. ) ;
#4990 = CARTESIAN_POINT ( 'NONE',  ( 70.00000000000000000, 90.00000000000112266, 51.50000000000000000 ) ) ;
#4991 = ORIENTED_EDGE ( 'NONE', *, *, #629, .T. ) ;
#4992 = ADVANCED_FACE ( 'NONE', ( #4337 ), #1220, .F. ) ;
#4993 = VERTEX_POINT ( 'NONE', #4994 ) ;
#4994 = CARTESIAN_POINT ( 'NONE',  ( 29.79999999999999716, 21.00000000000000355, 15.00000000000000000 ) ) ;
#4995 = DIRECTION ( 'NONE',  ( 0.000000000000000000, -0.000000000000000000, 1.000000000000000000 ) ) ;
#4996 = CARTESIAN_POINT ( 'NONE',  ( 61.40999999999998238, 88.00000000000119371, 81.07841924626904984 ) ) ;
#4997 = FACE_OUTER_BOUND ( 'NONE', #948, .T. ) ;
#4998 = DIRECTION ( 'NONE',  ( 0.000000000000000000, 0.000000000000000000, 1.000000000000000000 ) ) ;
#4999 = DIRECTION ( 'NONE',  ( 0.000000000000000000, 1.000000000000000000, 0.000000000000000000 ) ) ;
#5000 = DIRECTION ( 'NONE',  ( 0.8660254037844359321, 0.000000000000000000, -0.5000000000000047740 ) ) ;
#5001 = ORIENTED_EDGE ( 'NONE', *, *, #5654, .T. ) ;
#5002 = CARTESIAN_POINT ( 'NONE',  ( 67.01000000000001933, 88.00000000000119371, 84.31158075373095073 ) ) ;
#5003 = EDGE_CURVE ( 'NONE', #6539, #6350, #6273, .T. ) ;
#5004 = CARTESIAN_POINT ( 'NONE',  ( 69.99999999999998579, 134.9999999999999716, 80.00000000000000000 ) ) ;
#5005 = ADVANCED_FACE ( 'NONE', ( #246 ), #899, .T. ) ;
#5006 = DIRECTION ( 'NONE',  ( -1.000000000000000000, 0.000000000000000000, 0.000000000000000000 ) ) ;
#5007 = DIRECTION ( 'NONE',  ( 0.8660254037844375974, 0.000000000000000000, -0.5000000000000019984 ) ) ;
#5008 = ORIENTED_EDGE ( 'NONE', *, *, #926, .F. ) ;
#5009 = CARTESIAN_POINT ( 'NONE',  ( 59.20999999999999375, 86.00000000000113687, 9.000000000000001776 ) ) ;
#5010 = EDGE_LOOP ( 'NONE', ( #394, #4336, #1866, #4950 ) ) ;
#5011 = ORIENTED_EDGE ( 'NONE', *, *, #7346, .F. ) ;
#5012 = DIRECTION ( 'NONE',  ( -0.000000000000000000, -1.000000000000000000, -0.000000000000000000 ) ) ;
#5013 = DIRECTION ( 'NONE',  ( 0.000000000000000000, 0.000000000000000000, -1.000000000000000000 ) ) ;
#5014 = ORIENTED_EDGE ( 'NONE', *, *, #7500, .F. ) ;
#5015 = CARTESIAN_POINT ( 'NONE',  ( 64.20999999999999375, 83.40000000000118519, 12.30499999999999794 ) ) ;
#5016 = EDGE_LOOP ( 'NONE', ( #3020, #3478, #6091, #618, #7041, #7306 ) ) ;
#5017 = DIRECTION ( 'NONE',  ( -1.000000000000000000, 1.734723475976808475E-15, 0.000000000000000000 ) ) ;
#5018 = VECTOR ( 'NONE', #7627, 1000.000000000000000 ) ;
#5019 = VERTEX_POINT ( 'NONE', #2915 ) ;
#5020 = ADVANCED_FACE ( 'NONE', ( #4765 ), #7153, .F. ) ;
#5021 = VECTOR ( 'NONE', #6938, 1000.000000000000000 ) ;
#5022 = DIRECTION ( 'NONE',  ( 1.000000000000000000, 0.000000000000000000, 0.000000000000000000 ) ) ;
#5023 = VECTOR ( 'NONE', #6309, 1000.000000000000000 ) ;
#5024 = CARTESIAN_POINT ( 'NONE',  ( 27.90000000000000213, 41.00000000000001421, 13.00000000000000178 ) ) ;
#5026 = ORIENTED_EDGE ( 'NONE', *, *, #1478, .T. ) ;
#5025 = LINE ( 'NONE', #1210, #208 ) ;
#5027 = ORIENTED_EDGE ( 'NONE', *, *, #2875, .F. ) ;
#5028 = LINE ( 'NONE', #3638, #6530 ) ;
#5029 = ORIENTED_EDGE ( 'NONE', *, *, #7002, .F. ) ;
#5030 = AXIS2_PLACEMENT_3D ( 'NONE', #5367, #7762, #7884 ) ;
#5031 = ORIENTED_EDGE ( 'NONE', *, *, #7066, .T. ) ;
#5032 = CARTESIAN_POINT ( 'NONE',  ( 64.21000000000000796, 83.40000000000118519, 82.69499999999999318 ) ) ;
#5033 = DIRECTION ( 'NONE',  ( -1.000000000000000000, 1.301042606982604335E-16, 0.000000000000000000 ) ) ;
#5034 = EDGE_CURVE ( 'NONE', #493, #2475, #4686, .T. ) ;
#5035 = CARTESIAN_POINT ( 'NONE',  ( 22.75000000000001066, 41.00000000000001421, 13.00000000000000178 ) ) ;
#5036 = CARTESIAN_POINT ( 'NONE',  ( 30.99999999999999289, 56.99999999999999289, 15.00000000000000000 ) ) ;
#5037 = AXIS2_PLACEMENT_3D ( 'NONE', #5953, #8013, #1734 ) ;
#5038 = CARTESIAN_POINT ( 'NONE',  ( 6.999999999999968914, 90.00000000000109424, 51.50000000000000000 ) ) ;
#5039 = EDGE_CURVE ( 'NONE', #1981, #4119, #4063, .T. ) ;
#5040 = DIRECTION ( 'NONE',  ( 0.000000000000000000, 1.000000000000000000, 0.000000000000000000 ) ) ;
#5041 = EDGE_CURVE ( 'NONE', #1705, #6933, #985, .T. ) ;
#5042 = EDGE_CURVE ( 'NONE', #2703, #6187, #2183, .T. ) ;
#5043 = CARTESIAN_POINT ( 'NONE',  ( 63.00000000000000000, 80.00000000000112266, 51.50000000000000000 ) ) ;
#5044 = ORIENTED_EDGE ( 'NONE', *, *, #7494, .T. ) ;
#5045 = AXIS2_PLACEMENT_3D ( 'NONE', #3503, #461, #6626 ) ;
#5046 = DIRECTION ( 'NONE',  ( 0.000000000000000000, 0.000000000000000000, -1.000000000000000000 ) ) ;
#5047 = CARTESIAN_POINT ( 'NONE',  ( 55.79999999999997584, 116.0000000000011795, 83.38341924626904245 ) ) ;
#5048 = CARTESIAN_POINT ( 'NONE',  ( 30.99999999999999289, 24.32264954516723066, 78.00000000000000000 ) ) ;
#5049 = CARTESIAN_POINT ( 'NONE',  ( 42.10000000000001563, 41.00000000000001421, 5.000000000000000000 ) ) ;
#5050 = AXIS2_PLACEMENT_3D ( 'NONE', #6919, #1291, #7481 ) ;
#5051 = DIRECTION ( 'NONE',  ( -0.000000000000000000, -0.000000000000000000, -1.000000000000000000 ) ) ;
#5052 = ORIENTED_EDGE ( 'NONE', *, *, #5969, .T. ) ;
#5053 = EDGE_CURVE ( 'NONE', #6263, #6170, #3858, .T. ) ;
#5054 = AXIS2_PLACEMENT_3D ( 'NONE', #4929, #6693, #6114 ) ;
#5055 = CARTESIAN_POINT ( 'NONE',  ( 2.843302073252038209, 68.62679170699276199, 83.23070490848039071 ) ) ;
#5056 = CARTESIAN_POINT ( 'NONE',  ( 17.00000000000001066, 116.0000000000011795, 84.99999999999998579 ) ) ;
#5057 = AXIS2_PLACEMENT_3D ( 'NONE', #727, #6313, #6977 ) ;
#5058 = EDGE_LOOP ( 'NONE', ( #1703, #4241 ) ) ;
#5059 = LINE ( 'NONE', #3825, #890 ) ;
#5060 = VERTEX_POINT ( 'NONE', #6033 ) ;
#5061 = DIRECTION ( 'NONE',  ( -1.734723475976808475E-15, -1.000000000000000000, 0.000000000000000000 ) ) ;
#5062 = VECTOR ( 'NONE', #2892, 1000.000000000000000 ) ;
#5063 = AXIS2_PLACEMENT_3D ( 'NONE', #4077, #955, #2234 ) ;
#5064 = EDGE_LOOP ( 'NONE', ( #5308, #8003, #3204, #6619 ) ) ;
#5065 = FACE_BOUND ( 'NONE', #3944, .T. ) ;
#5066 = FACE_BOUND ( 'NONE', #934, .T. ) ;
#5068 = VERTEX_POINT ( 'NONE', #2795 ) ;
#5067 = CARTESIAN_POINT ( 'NONE',  ( 47.99999999999999289, 118.0000000000011937, 80.00000000000000000 ) ) ;
#5069 = VERTEX_POINT ( 'NONE', #6611 ) ;
#5070 = DIRECTION ( 'NONE',  ( -1.000000000000000000, -0.000000000000000000, -0.000000000000000000 ) ) ;
#5071 = VECTOR ( 'NONE', #1954, 1000.000000000000000 ) ;
#5072 = VERTEX_POINT ( 'NONE', #1384 ) ;
#5073 = EDGE_CURVE ( 'NONE', #1550, #6439, #3445, .T. ) ;
#5074 = ORIENTED_EDGE ( 'NONE', *, *, #5654, .F. ) ;
#5075 = CARTESIAN_POINT ( 'NONE',  ( 22.34232921921326920, 3.000000000000000000, 78.00000000000000000 ) ) ;
#5076 = AXIS2_PLACEMENT_3D ( 'NONE', #857, #7104, #4098 ) ;
#5077 = FACE_BOUND ( 'NONE', #7436, .T. ) ;
#5078 = DIRECTION ( 'NONE',  ( 0.000000000000000000, 0.000000000000000000, 1.000000000000000000 ) ) ;
#5079 = FACE_OUTER_BOUND ( 'NONE', #7894, .T. ) ;
#5080 = LINE ( 'NONE', #3925, #6622 ) ;
#5081 = DIRECTION ( 'NONE',  ( -0.000000000000000000, -0.000000000000000000, 1.000000000000000000 ) ) ;
#5082 = CARTESIAN_POINT ( 'NONE',  ( 39.00000000000000711, 21.00000000000000355, 15.00000000000000000 ) ) ;
#5083 = ORIENTED_EDGE ( 'NONE', *, *, #3979, .F. ) ;
#5084 = CARTESIAN_POINT ( 'NONE',  ( -3.370319896183551767E-14, 85.00000000000110845, 46.50000000000000711 ) ) ;
#5085 = EDGE_CURVE ( 'NONE', #5992, #7210, #7659, .T. ) ;
#5086 = EDGE_CURVE ( 'NONE', #1025, #4128, #5289, .T. ) ;
#5087 = LINE ( 'NONE', #7594, #3566 ) ;
#5088 = EDGE_CURVE ( 'NONE', #1955, #3040, #2756, .T. ) ;
#5089 = CARTESIAN_POINT ( 'NONE',  ( 60.00000000000001421, 90.00000000000119371, 15.00000000000001066 ) ) ;
#5090 = FACE_OUTER_BOUND ( 'NONE', #5801, .T. ) ;
#5091 = CARTESIAN_POINT ( 'NONE',  ( 69.04745200317589138, 76.19508527667797182, 89.62986577060725324 ) ) ;
#5092 = ORIENTED_EDGE ( 'NONE', *, *, #5425, .F. ) ;
#5093 = CARTESIAN_POINT ( 'NONE',  ( 2.725456565309534174, 69.09817373876279589, 83.44431796787803535 ) ) ;
#5094 = AXIS2_PLACEMENT_3D ( 'NONE', #7940, #4649, #1702 ) ;
#5095 = LINE ( 'NONE', #5540, #3996 ) ;
#5096 = DIRECTION ( 'NONE',  ( 0.000000000000000000, 1.000000000000000000, 0.000000000000000000 ) ) ;
#5097 = ORIENTED_EDGE ( 'NONE', *, *, #3100, .T. ) ;
#5098 = PLANE ( 'NONE',  #3661 ) ;
#5099 = ORIENTED_EDGE ( 'NONE', *, *, #2943, .T. ) ;
#5100 = CARTESIAN_POINT ( 'NONE',  ( 20.00000000000000355, 0.000000000000000000, 15.00000000000000000 ) ) ;
#5101 = VECTOR ( 'NONE', #5325, 1000.000000000000000 ) ;
#5102 = EDGE_LOOP ( 'NONE', ( #5194, #5377, #1755, #7234 ) ) ;
#5103 = EDGE_CURVE ( 'NONE', #509, #1670, #7190, .T. ) ;
#5104 = DIRECTION ( 'NONE',  ( -0.000000000000000000, 1.000000000000000000, -0.000000000000000000 ) ) ;
#5105 = CARTESIAN_POINT ( 'NONE',  ( 67.01000000000000512, 90.00000000000119371, 11.92158075373095372 ) ) ;
#5106 = PLANE ( 'NONE',  #3618 ) ;
#5107 = ORIENTED_EDGE ( 'NONE', *, *, #2469, .T. ) ;
#5108 = DIRECTION ( 'NONE',  ( 0.000000000000000000, 0.000000000000000000, 1.000000000000000000 ) ) ;
#5109 = ORIENTED_EDGE ( 'NONE', *, *, #5282, .F. ) ;
#5110 = ORIENTED_EDGE ( 'NONE', *, *, #4333, .T. ) ;
#5111 = CARTESIAN_POINT ( 'NONE',  ( 34.99999999999999289, 37.00000000000000711, 83.50000000000000000 ) ) ;
#5112 = DIRECTION ( 'NONE',  ( 0.000000000000000000, 0.000000000000000000, 1.000000000000000000 ) ) ;
#5113 = CARTESIAN_POINT ( 'NONE',  ( 40.19999999999999574, 21.00000000000000355, 77.00000000000000000 ) ) ;
#5114 = CARTESIAN_POINT ( 'NONE',  ( 45.39999999999999858, 41.00000000000001421, 5.000000000000000000 ) ) ;
#5115 = EDGE_CURVE ( 'NONE', #6165, #1340, #1764, .T. ) ;
#5116 = DIRECTION ( 'NONE',  ( 0.000000000000000000, 0.000000000000000000, 1.000000000000000000 ) ) ;
#5117 = DIRECTION ( 'NONE',  ( -0.5000000000000019984, 0.000000000000000000, 0.8660254037844375974 ) ) ;
#5118 = DIRECTION ( 'NONE',  ( 0.000000000000000000, 1.000000000000000000, 0.000000000000000000 ) ) ;
#5119 = VERTEX_POINT ( 'NONE', #1653 ) ;
#5120 = CARTESIAN_POINT ( 'NONE',  ( 5.790000000000008029, 83.40000000000118519, 84.69499999999999318 ) ) ;
#5121 = ADVANCED_FACE ( 'NONE', ( #2878 ), #5246, .F. ) ;
#5122 = DIRECTION ( 'NONE',  ( -1.000000000000000000, 0.000000000000000000, 0.000000000000000000 ) ) ;
#5123 = CARTESIAN_POINT ( 'NONE',  ( 22.00000000000000355, 118.0000000000011937, 13.00000000000000178 ) ) ;
#5124 = CARTESIAN_POINT ( 'NONE',  ( 3.963429808617738637, 64.14628076552996561, 11.21325679639448580 ) ) ;
#5125 = LINE ( 'NONE', #7634, #7371 ) ;
#5126 = ORIENTED_EDGE ( 'NONE', *, *, #5374, .F. ) ;
#5127 = CARTESIAN_POINT ( 'NONE',  ( 4.275737397231665682, 62.89705041107418282, 81.53250491262275546 ) ) ;
#5128 = DIRECTION ( 'NONE',  ( 0.000000000000000000, 0.000000000000000000, -1.000000000000000000 ) ) ;
#5129 = ORIENTED_EDGE ( 'NONE', *, *, #7403, .T. ) ;
#5130 = DIRECTION ( 'NONE',  ( 0.8660254037844387076, 0.000000000000000000, 0.4999999999999998335 ) ) ;
#5132 = ORIENTED_EDGE ( 'NONE', *, *, #6489, .T. ) ;
#5131 = ADVANCED_FACE ( 'NONE', ( #2258 ), #3531, .F. ) ;
#5133 = DIRECTION ( 'NONE',  ( -1.000000000000000000, 0.000000000000000000, 0.000000000000000000 ) ) ;
#5134 = CIRCLE ( 'NONE', #4485, 4.999999999999999112 ) ;
#5135 = DIRECTION ( 'NONE',  ( -1.000000000000000000, -0.000000000000000000, 0.000000000000000000 ) ) ;
#5136 = LINE ( 'NONE', #4646, #1256 ) ;
#5137 = CARTESIAN_POINT ( 'NONE',  ( 64.21000000000000796, 88.00000000000119371, 79.46183849253809228 ) ) ;
#5138 = VECTOR ( 'NONE', #434, 1000.000000000000000 ) ;
#5139 = CIRCLE ( 'NONE', #3052, 2.000000000000001776 ) ;
#5140 = ORIENTED_EDGE ( 'NONE', *, *, #6941, .F. ) ;
#5141 = DIRECTION ( 'NONE',  ( -0.000000000000000000, -0.000000000000000000, -1.000000000000000000 ) ) ;
#5142 = ORIENTED_EDGE ( 'NONE', *, *, #6905, .T. ) ;
#5143 = EDGE_CURVE ( 'NONE', #4430, #4330, #6658, .T. ) ;
#5144 = VECTOR ( 'NONE', #2940, 1000.000000000000114 ) ;
#5145 = VERTEX_POINT ( 'NONE', #4644 ) ;
#5146 = CARTESIAN_POINT ( 'NONE',  ( 19.50000000000000355, 3.242640687119314968, 12.00000000000000000 ) ) ;
#5147 = LINE ( 'NONE', #7052, #1635 ) ;
#5148 = LINE ( 'NONE', #5114, #4142 ) ;
#5149 = CARTESIAN_POINT ( 'NONE',  ( 39.00000000000000000, 57.00000000000000711, 78.00000000000000000 ) ) ;
#5150 = CARTESIAN_POINT ( 'NONE',  ( 0.000000000000000000, 86.00000000000110845, 3.000000000000000000 ) ) ;
#5151 = CIRCLE ( 'NONE', #3316, 3.499999999999989342 ) ;
#5152 = EDGE_LOOP ( 'NONE', ( #445, #2036, #1767, #3293, #5846, #4606, #3033, #2436, #7696, #1116, #6080, #4579, #4810, #1912 ) ) ;
#5153 = DIRECTION ( 'NONE',  ( -0.000000000000000000, -0.000000000000000000, 1.000000000000000000 ) ) ;
#5154 = EDGE_LOOP ( 'NONE', ( #3258, #7883 ) ) ;
#5155 = CARTESIAN_POINT ( 'NONE',  ( 39.00000000000000000, 56.99999999999999289, 13.79999999999999893 ) ) ;
#5156 = CIRCLE ( 'NONE', #6605, 4.000000000000000000 ) ;
#5157 = CYLINDRICAL_SURFACE ( 'NONE', #6191, 3.000000000000002665 ) ;
#5158 = AXIS2_PLACEMENT_3D ( 'NONE', #6074, #2960, #4850 ) ;
#5159 = FACE_OUTER_BOUND ( 'NONE', #2483, .T. ) ;
#5160 = CARTESIAN_POINT ( 'NONE',  ( 30.00000000000000355, 34.13021325036270071, 88.09999999999999432 ) ) ;
#5161 = DIRECTION ( 'NONE',  ( 0.000000000000000000, 0.000000000000000000, -1.000000000000000000 ) ) ;
#5162 = VECTOR ( 'NONE', #1679, 1000.000000000000000 ) ;
#5163 = EDGE_LOOP ( 'NONE', ( #4173, #3674, #4878, #4398, #1417, #3843, #5532, #5297 ) ) ;
#5164 = EDGE_CURVE ( 'NONE', #705, #3954, #2387, .T. ) ;
#5165 = CYLINDRICAL_SURFACE ( 'NONE', #1242, 3.000000000000002665 ) ;
#5166 = VECTOR ( 'NONE', #6614, 1000.000000000000000 ) ;
#5167 = DIRECTION ( 'NONE',  ( 0.000000000000000000, 0.000000000000000000, 1.000000000000000000 ) ) ;
#5168 = EDGE_LOOP ( 'NONE', ( #4358, #6832 ) ) ;
#5169 = CARTESIAN_POINT ( 'NONE',  ( 16.99999999999999645, 116.0000000000011795, 11.23316150746190800 ) ) ;
#5170 = ORIENTED_EDGE ( 'NONE', *, *, #2398, .T. ) ;
#5171 = ORIENTED_EDGE ( 'NONE', *, *, #1983, .T. ) ;
#5172 = CIRCLE ( 'NONE', #585, 11.04999999999999716 ) ;
#5173 = EDGE_CURVE ( 'NONE', #3556, #3223, #6252, .T. ) ;
#5174 = ADVANCED_FACE ( 'NONE', ( #4890 ), #3698, .T. ) ;
#5175 = AXIS2_PLACEMENT_3D ( 'NONE', #528, #4271, #4847 ) ;
#5176 = CARTESIAN_POINT ( 'NONE',  ( 53.00000000000000711, 116.0000000000011795, 9.599999999999997868 ) ) ;
#5177 = EDGE_CURVE ( 'NONE', #6972, #2969, #6601, .T. ) ;
#5178 = EDGE_CURVE ( 'NONE', #2194, #5992, #4275, .T. ) ;
#5179 = DIRECTION ( 'NONE',  ( 1.000000000000000000, 0.000000000000000000, 0.000000000000000000 ) ) ;
#5180 = DIRECTION ( 'NONE',  ( 0.000000000000000000, 0.000000000000000000, 1.000000000000000000 ) ) ;
#5181 = EDGE_LOOP ( 'NONE', ( #5183, #1237, #4678, #622 ) ) ;
#5182 = DIRECTION ( 'NONE',  ( -0.000000000000000000, -0.000000000000000000, 1.000000000000000000 ) ) ;
#5183 = ORIENTED_EDGE ( 'NONE', *, *, #5226, .T. ) ;
#5184 = AXIS2_PLACEMENT_3D ( 'NONE', #5434, #915, #2935 ) ;
#5185 = CIRCLE ( 'NONE', #6501, 1.649999999999991696 ) ;
#5186 = EDGE_LOOP ( 'NONE', ( #10, #6481, #1926, #5099 ) ) ;
#5187 = LINE ( 'NONE', #7085, #3193 ) ;
#5188 = LINE ( 'NONE', #2810, #4776 ) ;
#5189 = CIRCLE ( 'NONE', #609, 3.499999999999992895 ) ;
#5191 = ORIENTED_EDGE ( 'NONE', *, *, #1746, .T. ) ;
#5190 = DIRECTION ( 'NONE',  ( -1.000000000000000000, -0.000000000000000000, 0.000000000000000000 ) ) ;
#5192 = LINE ( 'NONE', #5149, #6769 ) ;
#5193 = DIRECTION ( 'NONE',  ( 0.000000000000000000, 1.000000000000000000, 0.000000000000000000 ) ) ;
#5194 = ORIENTED_EDGE ( 'NONE', *, *, #4583, .T. ) ;
#5195 = ORIENTED_EDGE ( 'NONE', *, *, #92, .F. ) ;
#5196 = DIRECTION ( 'NONE',  ( 0.000000000000000000, -0.000000000000000000, -1.000000000000000000 ) ) ;
#5197 = CARTESIAN_POINT ( 'NONE',  ( 52.99999999999999289, 116.0000000000011795, 4.766838492538104433 ) ) ;
#5198 = ADVANCED_FACE ( 'NONE', ( #2349 ), #6160, .T. ) ;
#5199 = CARTESIAN_POINT ( 'NONE',  ( 69.20999999999999375, 90.00000000000117950, 41.50000000000000000 ) ) ;
#5200 = CARTESIAN_POINT ( 'NONE',  ( 70.00000000000000000, 145.0000000000000000, 3.000000000000000000 ) ) ;
#5201 = AXIS2_PLACEMENT_3D ( 'NONE', #5056, #2019, #5128 ) ;
#5202 = ORIENTED_EDGE ( 'NONE', *, *, #4961, .T. ) ;
#5203 = LINE ( 'NONE', #2207, #1998 ) ;
#5204 = ORIENTED_EDGE ( 'NONE', *, *, #7426, .T. ) ;
#5205 = DIRECTION ( 'NONE',  ( 0.000000000000000000, 1.000000000000000000, -0.000000000000000000 ) ) ;
#5206 = CARTESIAN_POINT ( 'NONE',  ( 3.000000000000000000, 139.9999999999999716, 84.99999999999998579 ) ) ;
#5207 = ADVANCED_FACE ( 'NONE', ( #3004 ), #3130, .F. ) ;
#5208 = ORIENTED_EDGE ( 'NONE', *, *, #2576, .T. ) ;
#5209 = CYLINDRICAL_SURFACE ( 'NONE', #8127, 5.199999999999996625 ) ;
#5210 = ORIENTED_EDGE ( 'NONE', *, *, #6909, .T. ) ;
#5211 = CARTESIAN_POINT ( 'NONE',  ( 43.75000000000000711, 41.00000000000001421, 5.000000000000000000 ) ) ;
#5212 = EDGE_CURVE ( 'NONE', #4224, #6163, #1097, .T. ) ;
#5213 = DIRECTION ( 'NONE',  ( 0.000000000000000000, -0.000000000000000000, -1.000000000000000000 ) ) ;
#5214 = DIRECTION ( 'NONE',  ( -1.000000000000000000, -3.965082230804129727E-16, 0.000000000000000000 ) ) ;
#5215 = LINE ( 'NONE', #169, #87 ) ;
#5216 = ORIENTED_EDGE ( 'NONE', *, *, #6528, .T. ) ;
#5217 = DIRECTION ( 'NONE',  ( -0.000000000000000000, 1.000000000000000000, -0.000000000000000000 ) ) ;
#5218 = ORIENTED_EDGE ( 'NONE', *, *, #704, .F. ) ;
#5219 = AXIS2_PLACEMENT_3D ( 'NONE', #7233, #2316, #4817 ) ;
#5220 = ORIENTED_EDGE ( 'NONE', *, *, #6445, .T. ) ;
#5221 = CARTESIAN_POINT ( 'NONE',  ( 58.00000000000000000, 118.0000000000011937, 3.000000000000000000 ) ) ;
#5222 = VECTOR ( 'NONE', #2253, 1000.000000000000000 ) ;
#5223 = DIRECTION ( 'NONE',  ( -0.000000000000000000, -0.000000000000000000, 1.000000000000000000 ) ) ;
#5224 = CARTESIAN_POINT ( 'NONE',  ( 0.000000000000000000, 3.242640687119314968, 15.00000000000000000 ) ) ;
#5225 = ORIENTED_EDGE ( 'NONE', *, *, #6635, .T. ) ;
#5226 = EDGE_CURVE ( 'NONE', #6073, #5923, #4932, .T. ) ;
#5227 = DIRECTION ( 'NONE',  ( -0.000000000000000000, -0.000000000000000000, 1.000000000000000000 ) ) ;
#5228 = ORIENTED_EDGE ( 'NONE', *, *, #1061, .T. ) ;
#5229 = ORIENTED_EDGE ( 'NONE', *, *, #4503, .F. ) ;
#5230 = EDGE_CURVE ( 'NONE', #7768, #7376, #1780, .T. ) ;
#5231 = LINE ( 'NONE', #7827, #7899 ) ;
#5232 = FACE_OUTER_BOUND ( 'NONE', #2448, .T. ) ;
#5233 = CARTESIAN_POINT ( 'NONE',  ( 39.00000000000000000, 21.00000000000001421, 79.20000000000000284 ) ) ;
#5234 = DIRECTION ( 'NONE',  ( -0.000000000000000000, -0.000000000000000000, 1.000000000000000000 ) ) ;
#5235 = DIRECTION ( 'NONE',  ( -1.000000000000000000, -3.965082230804129727E-16, 0.000000000000000000 ) ) ;
#5236 = CARTESIAN_POINT ( 'NONE',  ( 63.20000000000000284, 139.9999999999999716, 82.99999999999998579 ) ) ;
#5237 = ORIENTED_EDGE ( 'NONE', *, *, #3513, .T. ) ;
#5238 = EDGE_CURVE ( 'NONE', #2447, #1981, #7394, .T. ) ;
#5239 = EDGE_CURVE ( 'NONE', #1374, #1147, #6788, .T. ) ;
#5240 = CARTESIAN_POINT ( 'NONE',  ( 69.20999999999999375, 90.00000000000117950, 90.00000000000000000 ) ) ;
#5241 = CARTESIAN_POINT ( 'NONE',  ( 53.00000000000000711, 115.0000000000011795, 9.599999999999997868 ) ) ;
#5242 = ORIENTED_EDGE ( 'NONE', *, *, #2088, .F. ) ;
#5243 = DIRECTION ( 'NONE',  ( -1.000000000000000000, -0.000000000000000000, -0.000000000000000000 ) ) ;
#5244 = EDGE_LOOP ( 'NONE', ( #4829, #3506, #6235, #3023 ) ) ;
#5245 = DIRECTION ( 'NONE',  ( 1.000000000000000000, 0.000000000000000000, 0.000000000000000000 ) ) ;
#5246 = PLANE ( 'NONE',  #5030 ) ;
#5247 = PLANE ( 'NONE',  #958 ) ;
#5248 = LINE ( 'NONE', #5873, #2295 ) ;
#5249 = CARTESIAN_POINT ( 'NONE',  ( 47.65767078078673080, 3.000000000000000000, 78.00000000000000000 ) ) ;
#5250 = EDGE_LOOP ( 'NONE', ( #5604, #6738 ) ) ;
#5251 = CARTESIAN_POINT ( 'NONE',  ( 52.99999999999997158, 115.0000000000011795, 81.76683849253807068 ) ) ;
#5252 = ORIENTED_EDGE ( 'NONE', *, *, #2903, .F. ) ;
#5253 = EDGE_CURVE ( 'NONE', #6821, #7569, #5688, .T. ) ;
#5254 = EDGE_CURVE ( 'NONE', #271, #1457, #6869, .T. ) ;
#5255 = ORIENTED_EDGE ( 'NONE', *, *, #501, .F. ) ;
#5256 = DIRECTION ( 'NONE',  ( 0.000000000000000000, -1.000000000000000000, 0.000000000000000000 ) ) ;
#5257 = CARTESIAN_POINT ( 'NONE',  ( 0.000000000000000000, 139.9999999999999716, 88.00000000000000000 ) ) ;
#5258 = CARTESIAN_POINT ( 'NONE',  ( 55.79999999999998295, 116.0000000000011795, 9.616580753730952225 ) ) ;
#5259 = ORIENTED_EDGE ( 'NONE', *, *, #6139, .T. ) ;
#5260 = FACE_OUTER_BOUND ( 'NONE', #2342, .T. ) ;
#5261 = VERTEX_POINT ( 'NONE', #531 ) ;
#5262 = VECTOR ( 'NONE', #652, 1000.000000000000000 ) ;
#5263 = ORIENTED_EDGE ( 'NONE', *, *, #5086, .F. ) ;
#5264 = AXIS2_PLACEMENT_3D ( 'NONE', #1467, #2820, #5311 ) ;
#5265 = CARTESIAN_POINT ( 'NONE',  ( 53.00000000000000711, 118.0000000000011937, 8.000000000000000000 ) ) ;
#5266 = CARTESIAN_POINT ( 'NONE',  ( 8.590000000000001634, 90.00000000000119371, 8.688419246269045715 ) ) ;
#5267 = EDGE_CURVE ( 'NONE', #8069, #843, #4315, .T. ) ;
#5268 = CARTESIAN_POINT ( 'NONE',  ( 0.000000000000000000, 139.9999999999999716, 84.99999999999998579 ) ) ;
#5269 = CYLINDRICAL_SURFACE ( 'NONE', #3435, 5.000000000000000000 ) ;
#5270 = AXIS2_PLACEMENT_3D ( 'NONE', #2988, #7996, #6767 ) ;
#5271 = EDGE_CURVE ( 'NONE', #3431, #7721, #7319, .T. ) ;
#5272 = VECTOR ( 'NONE', #3723, 1000.000000000000114 ) ;
#5273 = EDGE_CURVE ( 'NONE', #301, #6330, #5938, .T. ) ;
#5274 =( NAMED_UNIT ( * ) PLANE_ANGLE_UNIT ( ) SI_UNIT ( $, .RADIAN. ) );
#5275 = CARTESIAN_POINT ( 'NONE',  ( -2.674999999999996714, 57.00000000000108002, 12.00000000000000000 ) ) ;
#5276 = ORIENTED_EDGE ( 'NONE', *, *, #3977, .F. ) ;
#5277 = VECTOR ( 'NONE', #4029, 1000.000000000000000 ) ;
#5278 = VECTOR ( 'NONE', #3886, 1000.000000000000000 ) ;
#5279 = DIRECTION ( 'NONE',  ( 0.000000000000000000, 0.000000000000000000, 1.000000000000000000 ) ) ;
#5280 = DIRECTION ( 'NONE',  ( -1.000000000000000000, 0.000000000000000000, 0.000000000000000000 ) ) ;
#5281 = AXIS2_PLACEMENT_3D ( 'NONE', #4050, #848, #921 ) ;
#5282 = EDGE_CURVE ( 'NONE', #525, #6460, #4769, .T. ) ;
#5283 = EDGE_LOOP ( 'NONE', ( #2451, #6209 ) ) ;
#5284 = DIRECTION ( 'NONE',  ( 0.000000000000000000, 0.000000000000000000, -1.000000000000000000 ) ) ;
#5285 = VERTEX_POINT ( 'NONE', #4974 ) ;
#5286 = CYLINDRICAL_SURFACE ( 'NONE', #7929, 2.000000000000015543 ) ;
#5287 = ORIENTED_EDGE ( 'NONE', *, *, #1994, .T. ) ;
#5288 = CIRCLE ( 'NONE', #2683, 6.000000000000005329 ) ;
#5289 = LINE ( 'NONE', #7806, #1631 ) ;
#5290 = EDGE_LOOP ( 'NONE', ( #5645, #1920, #2072, #3966, #4201 ) ) ;
#5291 = DIRECTION ( 'NONE',  ( 0.000000000000000000, 1.000000000000000000, 0.000000000000000000 ) ) ;
#5292 = EDGE_CURVE ( 'NONE', #6856, #5948, #6697, .T. ) ;
#5293 = DIRECTION ( 'NONE',  ( 0.000000000000000000, 0.000000000000000000, -1.000000000000000000 ) ) ;
#5294 = CARTESIAN_POINT ( 'NONE',  ( 31.00000000000000000, 24.32264954516723776, 15.00000000000000000 ) ) ;
#5295 = ORIENTED_EDGE ( 'NONE', *, *, #2159, .T. ) ;
#5296 = DIRECTION ( 'NONE',  ( 0.000000000000000000, 0.000000000000000000, 1.000000000000000000 ) ) ;
#5297 = ORIENTED_EDGE ( 'NONE', *, *, #4352, .F. ) ;
#5298 = LINE ( 'NONE', #2318, #2781 ) ;
#5299 = VECTOR ( 'NONE', #6812, 1000.000000000000000 ) ;
#5300 = ORIENTED_EDGE ( 'NONE', *, *, #3578, .F. ) ;
#5301 = CARTESIAN_POINT ( 'NONE',  ( 64.21000000000002217, 88.00000000000119371, 85.92816150746190829 ) ) ;
#5302 = CARTESIAN_POINT ( 'NONE',  ( 50.49999999999998579, 1.121320343559672583, 12.87867965644035806 ) ) ;
#5303 = CARTESIAN_POINT ( 'NONE',  ( 59.21000000000000796, 82.00000000000117950, 15.00000000000000533 ) ) ;
#5304 = ORIENTED_EDGE ( 'NONE', *, *, #6325, .T. ) ;
#5305 = PLANE ( 'NONE',  #7951 ) ;
#5306 = ADVANCED_FACE ( 'NONE', ( #7566 ), #3166, .F. ) ;
#5307 = CIRCLE ( 'NONE', #2955, 1.600000000000004086 ) ;
#5308 = ORIENTED_EDGE ( 'NONE', *, *, #5945, .F. ) ;
#5309 = EDGE_CURVE ( 'NONE', #6330, #8008, #6955, .T. ) ;
#5310 = ORIENTED_EDGE ( 'NONE', *, *, #351, .T. ) ;
#5311 = DIRECTION ( 'NONE',  ( 0.000000000000000000, 0.000000000000000000, -1.000000000000000000 ) ) ;
#5312 = AXIS2_PLACEMENT_3D ( 'NONE', #3847, #3231, #4501 ) ;
#5313 = PLANE ( 'NONE',  #3704 ) ;
#5314 = LINE ( 'NONE', #7829, #3322 ) ;
#5315 = CARTESIAN_POINT ( 'NONE',  ( 65.70899050515195938, 75.20527889746188066, 41.50000000000000000 ) ) ;
#5316 = CARTESIAN_POINT ( 'NONE',  ( 67.74272597549924058, 70.97090390199797127, 84.37391640058297071 ) ) ;
#5317 = CARTESIAN_POINT ( 'NONE',  ( -2.674999999999996714, 77.00000000000108002, 0.000000000000000000 ) ) ;
#5318 = AXIS2_PLACEMENT_3D ( 'NONE', #1035, #6037, #7937 ) ;
#5319 = ORIENTED_EDGE ( 'NONE', *, *, #458, .T. ) ;
#5320 = EDGE_CURVE ( 'NONE', #4609, #7933, #2512, .T. ) ;
#5321 = CARTESIAN_POINT ( 'NONE',  ( 22.34232921921326920, 3.000000000000000000, 78.00000000000000000 ) ) ;
#5322 = CARTESIAN_POINT ( 'NONE',  ( 68.95096831879847343, 75.80387327519505902, 4.172914674348663588 ) ) ;
#5323 = DIRECTION ( 'NONE',  ( 0.000000000000000000, 0.000000000000000000, 1.000000000000000000 ) ) ;
#5324 = ORIENTED_EDGE ( 'NONE', *, *, #1743, .T. ) ;
#5325 = DIRECTION ( 'NONE',  ( -0.000000000000000000, 1.000000000000000000, -0.000000000000000000 ) ) ;
#5326 = ORIENTED_EDGE ( 'NONE', *, *, #1642, .F. ) ;
#5327 = DIRECTION ( 'NONE',  ( -0.8660254037844384856, 0.000000000000000000, 0.5000000000000004441 ) ) ;
#5328 = ORIENTED_EDGE ( 'NONE', *, *, #6029, .T. ) ;
#5329 = EDGE_CURVE ( 'NONE', #7225, #7731, #2557, .T. ) ;
#5330 = DIRECTION ( 'NONE',  ( 0.000000000000000000, -1.000000000000000000, 0.000000000000000000 ) ) ;
#5331 = LINE ( 'NONE', #4231, #7262 ) ;
#5332 = DIRECTION ( 'NONE',  ( 1.000000000000000000, 0.000000000000000000, 0.000000000000000000 ) ) ;
#5333 = CARTESIAN_POINT ( 'NONE',  ( 8.590000000000001634, 88.00000000000119371, 8.688419246269045715 ) ) ;
#5334 = ORIENTED_EDGE ( 'NONE', *, *, #2622, .T. ) ;
#5335 = FACE_OUTER_BOUND ( 'NONE', #7660, .T. ) ;
#5336 = ORIENTED_EDGE ( 'NONE', *, *, #4801, .T. ) ;
#5337 = CARTESIAN_POINT ( 'NONE',  ( 52.99999999999998579, 118.0000000000011937, 84.99999999999998579 ) ) ;
#5338 = ADVANCED_FACE ( 'NONE', ( #154 ), #5165, .F. ) ;
#5339 = ORIENTED_EDGE ( 'NONE', *, *, #5086, .T. ) ;
#5340 = CARTESIAN_POINT ( 'NONE',  ( -3.078715288064818691E-14, 90.00000000000109424, 41.49999999999999289 ) ) ;
#5341 = DIRECTION ( 'NONE',  ( 0.000000000000000000, 0.000000000000000000, 1.000000000000000000 ) ) ;
#5343 = ORIENTED_EDGE ( 'NONE', *, *, #1678, .T. ) ;
#5342 = LINE ( 'NONE', #2326, #7432 ) ;
#5344 = ORIENTED_EDGE ( 'NONE', *, *, #6587, .T. ) ;
#5345 = VECTOR ( 'NONE', #6081, 1000.000000000000000 ) ;
#5346 = CARTESIAN_POINT ( 'NONE',  ( 26.25000000000000355, 41.00000000000001421, 15.00000000000000000 ) ) ;
#5347 = EDGE_CURVE ( 'NONE', #4325, #7925, #1290, .T. ) ;
#5348 = ORIENTED_EDGE ( 'NONE', *, *, #6061, .T. ) ;
#5349 = ORIENTED_EDGE ( 'NONE', *, *, #3282, .F. ) ;
#5350 = DIRECTION ( 'NONE',  ( -0.000000000000000000, 1.000000000000000000, -0.000000000000000000 ) ) ;
#5351 = VECTOR ( 'NONE', #3665, 1000.000000000000000 ) ;
#5352 = DIRECTION ( 'NONE',  ( -1.000000000000000000, 0.000000000000000000, -0.000000000000000000 ) ) ;
#5353 = CARTESIAN_POINT ( 'NONE',  ( 64.25000000000008527, 57.00000000000112976, 81.00000000000000000 ) ) ;
#5354 = CARTESIAN_POINT ( 'NONE',  ( 52.99999999999999289, 116.0000000000011795, 4.766838492538104433 ) ) ;
#5355 = CARTESIAN_POINT ( 'NONE',  ( 65.80207431483017899, 63.20829725932173915, 81.59277193876265244 ) ) ;
#5356 = DIRECTION ( 'NONE',  ( 0.000000000000000000, 0.000000000000000000, 1.000000000000000000 ) ) ;
#5357 = VERTEX_POINT ( 'NONE', #741 ) ;
#5358 = EDGE_CURVE ( 'NONE', #7610, #2305, #7523, .T. ) ;
#5359 = FACE_BOUND ( 'NONE', #6765, .T. ) ;
#5360 = DIRECTION ( 'NONE',  ( 0.000000000000000000, 0.000000000000000000, -1.000000000000000000 ) ) ;
#5361 = CYLINDRICAL_SURFACE ( 'NONE', #2596, 2.999999999999992450 ) ;
#5362 = ORIENTED_EDGE ( 'NONE', *, *, #4711, .T. ) ;
#5363 = CARTESIAN_POINT ( 'NONE',  ( 70.00000000000000000, 145.0000000000000000, 4.999999999999995559 ) ) ;
#5364 = EDGE_LOOP ( 'NONE', ( #5339, #4251, #2689, #1819 ) ) ;
#5365 = DIRECTION ( 'NONE',  ( 0.000000000000000000, 1.000000000000000000, 0.000000000000000000 ) ) ;
#5366 = ORIENTED_EDGE ( 'NONE', *, *, #7842, .F. ) ;
#5367 = CARTESIAN_POINT ( 'NONE',  ( 12.00000000000001776, 118.0000000000011937, 80.00000000000000000 ) ) ;
#5368 = VERTEX_POINT ( 'NONE', #3785 ) ;
#5369 = EDGE_CURVE ( 'NONE', #2394, #1868, #1907, .T. ) ;
#5370 = LINE ( 'NONE', #4768, #2677 ) ;
#5371 = EDGE_CURVE ( 'NONE', #5068, #5599, #4305, .T. ) ;
#5372 = DIRECTION ( 'NONE',  ( -0.8660254037844384856, 0.000000000000000000, -0.5000000000000002220 ) ) ;
#5373 = PLANE ( 'NONE',  #5450 ) ;
#5374 = EDGE_CURVE ( 'NONE', #2837, #8079, #3907, .T. ) ;
#5375 = ORIENTED_EDGE ( 'NONE', *, *, #2532, .F. ) ;
#5376 = PLANE ( 'NONE',  #7719 ) ;
#5377 = ORIENTED_EDGE ( 'NONE', *, *, #6192, .F. ) ;
#5378 = PLANE ( 'NONE',  #3837 ) ;
#5379 = ORIENTED_EDGE ( 'NONE', *, *, #4013, .T. ) ;
#5380 = CARTESIAN_POINT ( 'NONE',  ( 0.000000000000000000, 145.0000000000000000, 3.000000000000000000 ) ) ;
#5381 = DIRECTION ( 'NONE',  ( 0.000000000000000000, 0.000000000000000000, -1.000000000000000000 ) ) ;
#5383 = EDGE_LOOP ( 'NONE', ( #6824, #1787, #1253, #1986 ) ) ;
#5382 = PLANE ( 'NONE',  #4276 ) ;
#5384 = VECTOR ( 'NONE', #7833, 1000.000000000000000 ) ;
#5385 = VERTEX_POINT ( 'NONE', #7102 ) ;
#5386 = CARTESIAN_POINT ( 'NONE',  ( 10.78999999999999737, 90.00000000000119371, 3.000000000000002665 ) ) ;
#5387 = ORIENTED_EDGE ( 'NONE', *, *, #740, .F. ) ;
#5388 = EDGE_CURVE ( 'NONE', #7080, #6289, #7130, .T. ) ;
#5389 = AXIS2_PLACEMENT_3D ( 'NONE', #6573, #6704, #2972 ) ;
#5390 = DIRECTION ( 'NONE',  ( -1.000000000000000000, 0.000000000000000000, 0.000000000000000000 ) ) ;
#5391 = DIRECTION ( 'NONE',  ( 1.000000000000000000, 0.000000000000000000, 0.000000000000000000 ) ) ;
#5392 = CARTESIAN_POINT ( 'NONE',  ( 49.04999999999999716, 21.00000000000000355, 81.00000000000000000 ) ) ;
#5393 = DIRECTION ( 'NONE',  ( -0.5000000000000003331, 0.000000000000000000, -0.8660254037844385966 ) ) ;
#5394 = CARTESIAN_POINT ( 'NONE',  ( 64.71303782492127254, 58.85215129968590730, 80.99999999999998579 ) ) ;
#5395 = CIRCLE ( 'NONE', #1080, 2.000000000000001776 ) ;
#5396 = AXIS2_PLACEMENT_3D ( 'NONE', #4474, #2507, #3781 ) ;
#5397 = CARTESIAN_POINT ( 'NONE',  ( 5.790000000000008029, 88.00000000000119371, 82.69499999999999318 ) ) ;
#5398 = ORIENTED_EDGE ( 'NONE', *, *, #1745, .F. ) ;
#5399 = AXIS2_PLACEMENT_3D ( 'NONE', #2076, #2734, #3921 ) ;
#5400 = LINE ( 'NONE', #6777, #3965 ) ;
#5401 = VECTOR ( 'NONE', #2741, 1000.000000000000000 ) ;
#5402 = PLANE ( 'NONE',  #2536 ) ;
#5403 = PLANE ( 'NONE',  #3244 ) ;
#5404 = VERTEX_POINT ( 'NONE', #7265 ) ;
#5405 = DIRECTION ( 'NONE',  ( 0.000000000000000000, -1.000000000000000000, 0.000000000000000000 ) ) ;
#5406 = ADVANCED_FACE ( 'NONE', ( #1520 ), #7875, .F. ) ;
#5407 = CIRCLE ( 'NONE', #5542, 2.000000000000001776 ) ;
#5408 = ORIENTED_EDGE ( 'NONE', *, *, #7570, .F. ) ;
#5409 = VECTOR ( 'NONE', #6740, 1000.000000000000000 ) ;
#5410 = DIRECTION ( 'NONE',  ( 0.8660254037844388186, 0.000000000000000000, 0.4999999999999996669 ) ) ;
#5411 = ORIENTED_EDGE ( 'NONE', *, *, #2254, .F. ) ;
#5412 = DIRECTION ( 'NONE',  ( -0.5000000000000005551, 0.000000000000000000, 0.8660254037844383745 ) ) ;
#5413 = EDGE_LOOP ( 'NONE', ( #5898, #6725 ) ) ;
#5414 = VECTOR ( 'NONE', #7887, 1000.000000000000000 ) ;
#5415 = LINE ( 'NONE', #4064, #5414 ) ;
#5416 = CARTESIAN_POINT ( 'NONE',  ( 0.7899999999999990363, 86.00000000000110845, 9.000000000000001776 ) ) ;
#5417 = LINE ( 'NONE', #2224, #3113 ) ;
#5418 = VERTEX_POINT ( 'NONE', #5865 ) ;
#5419 = LINE ( 'NONE', #7891, #2209 ) ;
#5420 = ORIENTED_EDGE ( 'NONE', *, *, #5459, .T. ) ;
#5421 = DIRECTION ( 'NONE',  ( -1.341352320301033088E-16, 0.000000000000000000, 1.000000000000000000 ) ) ;
#5422 = VECTOR ( 'NONE', #7368, 1000.000000000000227 ) ;
#5423 = EDGE_CURVE ( 'NONE', #7641, #777, #3981, .T. ) ;
#5424 = EDGE_CURVE ( 'NONE', #1392, #3221, #6649, .T. ) ;
#5425 = EDGE_CURVE ( 'NONE', #7366, #4889, #1020, .T. ) ;
#5426 = ORIENTED_EDGE ( 'NONE', *, *, #3833, .F. ) ;
#5427 = AXIS2_PLACEMENT_3D ( 'NONE', #3443, #2140, #3367 ) ;
#5428 = LINE ( 'NONE', #7289, #6871 ) ;
#5429 = CARTESIAN_POINT ( 'NONE',  ( 55.79999999999998295, 115.0000000000011795, 9.616580753730952225 ) ) ;
#5431 = ORIENTED_EDGE ( 'NONE', *, *, #4318, .F. ) ;
#5430 = CARTESIAN_POINT ( 'NONE',  ( 40.00000000000000000, 34.13021325036269360, 12.00000000000000000 ) ) ;
#5432 = AXIS2_PLACEMENT_3D ( 'NONE', #4232, #6744, #1118 ) ;
#5433 = ORIENTED_EDGE ( 'NONE', *, *, #5669, .T. ) ;
#5434 = CARTESIAN_POINT ( 'NONE',  ( 70.00000000000000000, 139.9999999999999716, 88.00000000000000000 ) ) ;
#5435 = ORIENTED_EDGE ( 'NONE', *, *, #7359, .T. ) ;
#5436 = AXIS2_PLACEMENT_3D ( 'NONE', #4718, #983, #7440 ) ;
#5437 = CARTESIAN_POINT ( 'NONE',  ( 39.00000000000000000, 56.99999999999999289, 15.00000000000000000 ) ) ;
#5438 = DIRECTION ( 'NONE',  ( 1.000000000000000000, 0.000000000000000000, 0.000000000000000000 ) ) ;
#5439 = DIRECTION ( 'NONE',  ( 1.000000000000000000, -0.000000000000000000, -0.000000000000000000 ) ) ;
#5440 = AXIS2_PLACEMENT_3D ( 'NONE', #1931, #25, #2458 ) ;
#5441 = DIRECTION ( 'NONE',  ( 0.000000000000000000, 0.000000000000000000, -1.000000000000000000 ) ) ;
#5442 = CARTESIAN_POINT ( 'NONE',  ( 40.25000000000000711, 41.00000000000001421, 80.00000000000000000 ) ) ;
#5443 = CARTESIAN_POINT ( 'NONE',  ( 10.79000000000004533, 82.00000000000117950, 51.49999999999999289 ) ) ;
#5444 = EDGE_LOOP ( 'NONE', ( #3093, #4035, #2082, #6280 ) ) ;
#5445 = VECTOR ( 'NONE', #2002, 1000.000000000000227 ) ;
#5446 = AXIS2_PLACEMENT_3D ( 'NONE', #4244, #1919, #1131 ) ;
#5447 = ADVANCED_FACE ( 'NONE', ( #2829 ), #2248, .F. ) ;
#5448 = DIRECTION ( 'NONE',  ( 1.000000000000000000, -0.000000000000000000, -0.000000000000000000 ) ) ;
#5449 = DIRECTION ( 'NONE',  ( 0.000000000000000000, 0.000000000000000000, -1.000000000000000000 ) ) ;
#5450 = AXIS2_PLACEMENT_3D ( 'NONE', #4723, #3535, #6615 ) ;
#5451 = ORIENTED_EDGE ( 'NONE', *, *, #7534, .F. ) ;
#5452 = CARTESIAN_POINT ( 'NONE',  ( 0.000000000000000000, 0.000000000000000000, 80.00000000000000000 ) ) ;
#5453 = ORIENTED_EDGE ( 'NONE', *, *, #7002, .T. ) ;
#5454 = PLANE ( 'NONE',  #3092 ) ;
#5455 = VERTEX_POINT ( 'NONE', #4712 ) ;
#5456 = AXIS2_PLACEMENT_3D ( 'NONE', #2214, #4757, #201 ) ;
#5457 = DIRECTION ( 'NONE',  ( 0.000000000000000000, 0.000000000000000000, 1.000000000000000000 ) ) ;
#5458 = DIRECTION ( 'NONE',  ( -1.000000000000000000, 0.000000000000000000, 0.000000000000000000 ) ) ;
#5459 = EDGE_CURVE ( 'NONE', #759, #5843, #7217, .T. ) ;
#5460 = CARTESIAN_POINT ( 'NONE',  ( 52.99999999999999289, 115.0000000000011795, 4.766838492538104433 ) ) ;
#5461 = DIRECTION ( 'NONE',  ( 0.8660254037844375974, 0.000000000000000000, -0.5000000000000019984 ) ) ;
#5462 = VERTEX_POINT ( 'NONE', #2750 ) ;
#5463 = DIRECTION ( 'NONE',  ( -0.8660254037844375974, 0.000000000000000000, -0.5000000000000019984 ) ) ;
#5464 = VECTOR ( 'NONE', #6306, 1000.000000000000000 ) ;
#5465 = ORIENTED_EDGE ( 'NONE', *, *, #1006, .T. ) ;
#5466 = FACE_OUTER_BOUND ( 'NONE', #4314, .T. ) ;
#5467 = ADVANCED_FACE ( 'NONE', ( #199, #5359 ), #3360, .T. ) ;
#5468 = ORIENTED_EDGE ( 'NONE', *, *, #7568, .T. ) ;
#5469 = ADVANCED_FACE ( 'NONE', ( #4055 ), #2096, .F. ) ;
#5470 = DIRECTION ( 'NONE',  ( 1.000000000000000000, -0.000000000000000000, -0.000000000000000000 ) ) ;
#5471 = CARTESIAN_POINT ( 'NONE',  ( 70.00000000000000000, 86.00000000000113687, 3.000000000000000000 ) ) ;
#5473 = ORIENTED_EDGE ( 'NONE', *, *, #343, .T. ) ;
#5472 = DIRECTION ( 'NONE',  ( 0.000000000000000000, -0.000000000000000000, 1.000000000000000000 ) ) ;
#5474 = ORIENTED_EDGE ( 'NONE', *, *, #5292, .F. ) ;
#5475 = LINE ( 'NONE', #4699, #1135 ) ;
#5476 = VERTEX_POINT ( 'NONE', #4021 ) ;
#5477 = EDGE_LOOP ( 'NONE', ( #914, #4685 ) ) ;
#5478 = CARTESIAN_POINT ( 'NONE',  ( 63.20000000000000284, 139.9999999999999716, 5.999999999999998224 ) ) ;
#5479 = CARTESIAN_POINT ( 'NONE',  ( 50.19999999999999574, 116.0000000000011795, 83.38341924626902824 ) ) ;
#5480 = EDGE_CURVE ( 'NONE', #5960, #1457, #237, .T. ) ;
#5481 = VECTOR ( 'NONE', #369, 1000.000000000000000 ) ;
#5482 = DIRECTION ( 'NONE',  ( 1.000000000000000000, 0.000000000000000000, 1.734723475976807094E-15 ) ) ;
#5483 = LINE ( 'NONE', #7999, #2708 ) ;
#5484 = DIRECTION ( 'NONE',  ( 0.000000000000000000, 0.000000000000000000, 1.000000000000000000 ) ) ;
#5485 = EDGE_CURVE ( 'NONE', #7208, #6969, #2133, .T. ) ;
#5486 = DIRECTION ( 'NONE',  ( -1.000000000000000000, 0.000000000000000000, 9.912705577010326536E-16 ) ) ;
#5487 = ORIENTED_EDGE ( 'NONE', *, *, #7521, .F. ) ;
#5488 = VECTOR ( 'NONE', #4058, 1000.000000000000000 ) ;
#5489 = FACE_OUTER_BOUND ( 'NONE', #3252, .T. ) ;
#5490 = CARTESIAN_POINT ( 'NONE',  ( 69.20999999999999375, 90.00000000000117950, 3.000000000000000000 ) ) ;
#5491 = EDGE_LOOP ( 'NONE', ( #663, #5375, #7656, #6038 ) ) ;
#5492 = DIRECTION ( 'NONE',  ( 0.000000000000000000, 0.000000000000000000, 1.000000000000000000 ) ) ;
#5493 = ORIENTED_EDGE ( 'NONE', *, *, #7628, .F. ) ;
#5494 = EDGE_CURVE ( 'NONE', #6163, #713, #3396, .T. ) ;
#5495 = CARTESIAN_POINT ( 'NONE',  ( 68.60613730008574862, 74.42454920034408872, 87.10936512832600442 ) ) ;
#5496 = VERTEX_POINT ( 'NONE', #5900 ) ;
#5497 = ORIENTED_EDGE ( 'NONE', *, *, #3730, .F. ) ;
#5498 = CARTESIAN_POINT ( 'NONE',  ( 34.99999999999999289, 81.58800596674578287, 87.00000000000002842 ) ) ;
#5499 = CARTESIAN_POINT ( 'NONE',  ( 20.00000000000000355, 0.000000000000000000, 78.99999999999997158 ) ) ;
#5500 = CARTESIAN_POINT ( 'NONE',  ( 67.01000000000001933, 90.00000000000119371, 84.31158075373095073 ) ) ;
#5501 = CARTESIAN_POINT ( 'NONE',  ( 14.20000000000001528, 115.0000000000011795, 83.38341924626902824 ) ) ;
#5502 = VERTEX_POINT ( 'NONE', #273 ) ;
#5503 = DIRECTION ( 'NONE',  ( 0.000000000000000000, 0.000000000000000000, -1.000000000000000000 ) ) ;
#5504 = VERTEX_POINT ( 'NONE', #2785 ) ;
#5505 = CARTESIAN_POINT ( 'NONE',  ( 62.00000000000000711, 134.9999999999999716, 3.000000000000000000 ) ) ;
#5506 = ORIENTED_EDGE ( 'NONE', *, *, #7758, .T. ) ;
#5507 = ORIENTED_EDGE ( 'NONE', *, *, #4710, .F. ) ;
#5508 = DIRECTION ( 'NONE',  ( -0.000000000000000000, -1.000000000000000000, 0.000000000000000000 ) ) ;
#5509 = CYLINDRICAL_SURFACE ( 'NONE', #2288, 2.000000000000001776 ) ;
#5511 = ORIENTED_EDGE ( 'NONE', *, *, #1428, .F. ) ;
#5510 = CARTESIAN_POINT ( 'NONE',  ( 12.00000000000001776, 115.0000000000011795, 80.00000000000000000 ) ) ;
#5512 = ORIENTED_EDGE ( 'NONE', *, *, #7736, .T. ) ;
#5513 = DIRECTION ( 'NONE',  ( 0.000000000000000000, 0.000000000000000000, -1.000000000000000000 ) ) ;
#5514 = ORIENTED_EDGE ( 'NONE', *, *, #2322, .T. ) ;
#5515 = EDGE_CURVE ( 'NONE', #6240, #5285, #1476, .T. ) ;
#5516 = EDGE_LOOP ( 'NONE', ( #1484, #8126 ) ) ;
#5517 = CARTESIAN_POINT ( 'NONE',  ( 17.00000000000000000, 116.0000000000011795, 6.399999999999997691 ) ) ;
#5518 = LINE ( 'NONE', #472, #153 ) ;
#5519 = CARTESIAN_POINT ( 'NONE',  ( 69.20999999999997954, 82.00000000000117950, 3.000000000000002665 ) ) ;
#5520 = DIRECTION ( 'NONE',  ( 3.965082230804130713E-16, -1.000000000000000000, -0.000000000000000000 ) ) ;
#5521 = DIRECTION ( 'NONE',  ( -0.5000000000000006661, 0.000000000000000000, 0.8660254037844383745 ) ) ;
#5522 = LINE ( 'NONE', #5443, #5524 ) ;
#5523 = ORIENTED_EDGE ( 'NONE', *, *, #3215, .F. ) ;
#5524 = VECTOR ( 'NONE', #5486, 1000.000000000000000 ) ;
#5525 = ADVANCED_FACE ( 'NONE', ( #1561 ), #2173, .T. ) ;
#5526 = DIRECTION ( 'NONE',  ( 0.000000000000000000, 0.000000000000000000, -1.000000000000000000 ) ) ;
#5527 = ADVANCED_FACE ( 'NONE', ( #2211 ), #1596, .F. ) ;
#5528 = EDGE_CURVE ( 'NONE', #4860, #6713, #5929, .T. ) ;
#5529 = DIRECTION ( 'NONE',  ( -0.8660254037844391517, 0.000000000000000000, 0.4999999999999992228 ) ) ;
#5530 = AXIS2_PLACEMENT_3D ( 'NONE', #3968, #3425, #846 ) ;
#5531 = AXIS2_PLACEMENT_3D ( 'NONE', #6064, #4881, #5449 ) ;
#5532 = ORIENTED_EDGE ( 'NONE', *, *, #2276, .F. ) ;
#5533 = FACE_BOUND ( 'NONE', #3260, .T. ) ;
#5534 = EDGE_LOOP ( 'NONE', ( #7478, #1487, #7885, #5556 ) ) ;
#5535 = CARTESIAN_POINT ( 'NONE',  ( 30.99999999999999289, 57.00000000000000711, 79.20000000000000284 ) ) ;
#5536 = ORIENTED_EDGE ( 'NONE', *, *, #2770, .F. ) ;
#5537 = AXIS2_PLACEMENT_3D ( 'NONE', #849, #7063, #5895 ) ;
#5538 = ORIENTED_EDGE ( 'NONE', *, *, #1177, .T. ) ;
#5539 = DIRECTION ( 'NONE',  ( 0.000000000000000000, 1.000000000000000000, 0.000000000000000000 ) ) ;
#5540 = CARTESIAN_POINT ( 'NONE',  ( 63.00000000000000000, 90.00000000000112266, 41.50000000000000000 ) ) ;
#5541 = DIRECTION ( 'NONE',  ( 0.000000000000000000, 0.000000000000000000, 1.000000000000000000 ) ) ;
#5542 = AXIS2_PLACEMENT_3D ( 'NONE', #6927, #5553, #6264 ) ;
#5543 = AXIS2_PLACEMENT_3D ( 'NONE', #5111, #6807, #7619 ) ;
#5544 = ORIENTED_EDGE ( 'NONE', *, *, #3833, .T. ) ;
#5545 = DIRECTION ( 'NONE',  ( 3.965082230804130713E-16, -1.000000000000000000, -0.000000000000000000 ) ) ;
#5546 = VERTEX_POINT ( 'NONE', #6859 ) ;
#5547 = DIRECTION ( 'NONE',  ( 0.000000000000000000, 0.000000000000000000, 1.000000000000000000 ) ) ;
#5548 = ORIENTED_EDGE ( 'NONE', *, *, #2903, .T. ) ;
#5549 = AXIS2_PLACEMENT_3D ( 'NONE', #3795, #4487, #1333 ) ;
#5550 = VECTOR ( 'NONE', #7753, 1000.000000000000000 ) ;
#5551 = ORIENTED_EDGE ( 'NONE', *, *, #3284, .F. ) ;
#5552 = EDGE_CURVE ( 'NONE', #6167, #7822, #2650, .T. ) ;
#5553 = DIRECTION ( 'NONE',  ( 0.000000000000000000, 1.000000000000000000, 0.000000000000000000 ) ) ;
#5554 = DIRECTION ( 'NONE',  ( -0.000000000000000000, -1.000000000000000000, -0.000000000000000000 ) ) ;
#5556 = ORIENTED_EDGE ( 'NONE', *, *, #1128, .F. ) ;
#5555 = DIRECTION ( 'NONE',  ( -1.000000000000000000, -0.000000000000000000, -0.000000000000000000 ) ) ;
#5557 = EDGE_LOOP ( 'NONE', ( #7644, #1008, #6612, #1646 ) ) ;
#5558 = FACE_OUTER_BOUND ( 'NONE', #4261, .T. ) ;
#5559 = AXIS2_PLACEMENT_3D ( 'NONE', #7674, #4433, #6983 ) ;
#5560 = ORIENTED_EDGE ( 'NONE', *, *, #2322, .F. ) ;
#5561 = ORIENTED_EDGE ( 'NONE', *, *, #6705, .T. ) ;
#5562 = CARTESIAN_POINT ( 'NONE',  ( 63.00000000000002842, 82.00000000000117950, 18.00000000000002132 ) ) ;
#5563 = VECTOR ( 'NONE', #2697, 1000.000000000000000 ) ;
#5564 = LINE ( 'NONE', #6390, #6585 ) ;
#5565 = DIRECTION ( 'NONE',  ( 0.000000000000000000, 0.000000000000000000, 1.000000000000000000 ) ) ;
#5566 = ADVANCED_FACE ( 'NONE', ( #5489 ), #1723, .F. ) ;
#5567 = DIRECTION ( 'NONE',  ( 0.8660254037844384856, 0.000000000000000000, 0.5000000000000002220 ) ) ;
#5568 = EDGE_CURVE ( 'NONE', #1137, #2749, #4346, .T. ) ;
#5569 = DIRECTION ( 'NONE',  ( -0.000000000000000000, 1.000000000000000000, -0.000000000000000000 ) ) ;
#5570 = FACE_OUTER_BOUND ( 'NONE', #4822, .T. ) ;
#5571 = DIRECTION ( 'NONE',  ( -0.000000000000000000, -0.000000000000000000, -1.000000000000000000 ) ) ;
#5572 = AXIS2_PLACEMENT_3D ( 'NONE', #5723, #5643, #7536 ) ;
#5573 = ORIENTED_EDGE ( 'NONE', *, *, #4268, .T. ) ;
#5574 = CARTESIAN_POINT ( 'NONE',  ( 12.00000000000000178, 115.0000000000011795, 3.000000000000000000 ) ) ;
#5575 = EDGE_CURVE ( 'NONE', #2315, #6350, #3034, .T. ) ;
#5576 = AXIS2_PLACEMENT_3D ( 'NONE', #6850, #1183, #2500 ) ;
#5577 = DIRECTION ( 'NONE',  ( -0.000000000000000000, 0.000000000000000000, -1.000000000000000000 ) ) ;
#5578 = CARTESIAN_POINT ( 'NONE',  ( -1.836970198721030378E-15, 134.9999999999999716, 90.00000000000000000 ) ) ;
#5579 = VERTEX_POINT ( 'NONE', #4306 ) ;
#5580 = DIRECTION ( 'NONE',  ( -0.000000000000000000, -0.000000000000000000, 1.000000000000000000 ) ) ;
#5581 = VECTOR ( 'NONE', #3701, 1000.000000000000000 ) ;
#5582 = AXIS2_PLACEMENT_3D ( 'NONE', #7054, #1425, #795 ) ;
#5583 = ORIENTED_EDGE ( 'NONE', *, *, #2015, .F. ) ;
#5584 = EDGE_LOOP ( 'NONE', ( #8044, #1368, #4574, #833 ) ) ;
#5585 = ORIENTED_EDGE ( 'NONE', *, *, #3629, .F. ) ;
#5586 = DIRECTION ( 'NONE',  ( 0.000000000000000000, 0.000000000000000000, -1.000000000000000000 ) ) ;
#5587 = AXIS2_PLACEMENT_3D ( 'NONE', #4546, #6429, #4616 ) ;
#5588 = CIRCLE ( 'NONE', #2056, 4.999999999999997335 ) ;
#5589 = CARTESIAN_POINT ( 'NONE',  ( 30.00000000000000355, 34.13021325036270071, 88.09999999999999432 ) ) ;
#5590 = DIRECTION ( 'NONE',  ( -1.000000000000000000, -0.000000000000000000, -0.000000000000000000 ) ) ;
#5591 = VERTEX_POINT ( 'NONE', #3519 ) ;
#5592 = DIRECTION ( 'NONE',  ( -0.000000000000000000, 0.000000000000000000, 1.000000000000000000 ) ) ;
#5594 = ORIENTED_EDGE ( 'NONE', *, *, #1325, .T. ) ;
#5593 = EDGE_CURVE ( 'NONE', #2845, #7530, #1057, .T. ) ;
#5595 = CARTESIAN_POINT ( 'NONE',  ( 2.990000000000004654, 90.00000000000119371, 81.07841924626904984 ) ) ;
#5596 = EDGE_LOOP ( 'NONE', ( #2477, #5648, #1123, #3349 ) ) ;
#5597 = CIRCLE ( 'NONE', #2059, 2.000000000000001776 ) ;
#5598 = ADVANCED_FACE ( 'NONE', ( #8004 ), #3559, .F. ) ;
#5599 = VERTEX_POINT ( 'NONE', #2377 ) ;
#5600 = FACE_OUTER_BOUND ( 'NONE', #3021, .T. ) ;
#5601 = LINE ( 'NONE', #4412, #7145 ) ;
#5602 = VECTOR ( 'NONE', #4714, 1000.000000000000000 ) ;
#5604 = ORIENTED_EDGE ( 'NONE', *, *, #3719, .T. ) ;
#5603 = DIRECTION ( 'NONE',  ( -1.000000000000000000, 0.000000000000000000, 0.000000000000000000 ) ) ;
#5605 = ORIENTED_EDGE ( 'NONE', *, *, #6486, .T. ) ;
#5606 = DIRECTION ( 'NONE',  ( -0.8660254037844382635, 0.000000000000000000, -0.5000000000000006661 ) ) ;
#5607 = EDGE_LOOP ( 'NONE', ( #2631, #5426, #3980, #8019, #1752, #4897 ) ) ;
#5608 = EDGE_CURVE ( 'NONE', #205, #3499, #4591, .T. ) ;
#5609 = B_SPLINE_CURVE_WITH_KNOTS ( 'NONE', 3,
 ( #2306, #4809, #1728, #4226, #7396, #6737, #1110, #5495, #4885, #1555, #4669, #4052, #5316, #7789, #386, #6552, #6646, #7137, #6684, #7916, #1054, #3554, #2899, #4087, #7870, #269, #5355, #7177, #967, #4747, #5394, #7302 ),
 .UNSPECIFIED., .F., .F.,
 ( 4, 1, 2, 2, 1, 1, 1, 1, 1, 1, 1, 2, 2, 1, 1, 1, 1, 1, 1, 2, 2, 1, 1, 4 ),
 ( 0.1339972176808796600, 0.2422475654706991721, 0.2490132122075628396, 0.2507046238917790548, 0.2523960355759952701, 0.2557788589444289773, 0.2693101524181644724, 0.2963727393656327425, 0.3504979132605683945, 0.4587482610504397540, 0.4858108479979077465, 0.4993421414716415763, 0.5027249648400757831, 0.5061077882085098789, 0.5128734349453781816, 0.5669986088403348168, 0.6752489566302471991, 0.7293741305252032792, 0.7429054239989424380, 0.7496710707358112957, 0.7530538941042463907, 0.7564367174726815968, 0.7834993044201604695, 1.000000000000000000 ),
 .UNSPECIFIED. ) ;
#5610 = EDGE_CURVE ( 'NONE', #5671, #6805, #2784, .T. ) ;
#5611 = ORIENTED_EDGE ( 'NONE', *, *, #5423, .T. ) ;
#5612 = DIRECTION ( 'NONE',  ( 1.000000000000000000, 1.734723475976807341E-16, 0.000000000000000000 ) ) ;
#5613 = CARTESIAN_POINT ( 'NONE',  ( 61.82842050457063010, 76.17542139760720943, 41.50000000000000000 ) ) ;
#5614 = CARTESIAN_POINT ( 'NONE',  ( 2.989999999999993996, 88.00000000000119371, 11.92158075373095549 ) ) ;
#5615 = DIRECTION ( 'NONE',  ( 5.365409281204128410E-16, 0.000000000000000000, -1.000000000000000000 ) ) ;
#5616 = DIRECTION ( 'NONE',  ( 0.8660254037844379305, 0.000000000000000000, -0.5000000000000012212 ) ) ;
#5617 = DIRECTION ( 'NONE',  ( -0.000000000000000000, -0.000000000000000000, 1.000000000000000000 ) ) ;
#5618 = DIRECTION ( 'NONE',  ( 1.000000000000000000, 0.000000000000000000, 0.000000000000000000 ) ) ;
#5619 = ORIENTED_EDGE ( 'NONE', *, *, #7934, .T. ) ;
#5620 = CARTESIAN_POINT ( 'NONE',  ( 47.55833333333333002, 57.00000000000110845, 81.00000000000000000 ) ) ;
#5621 = DIRECTION ( 'NONE',  ( 0.000000000000000000, -0.000000000000000000, 1.000000000000000000 ) ) ;
#5622 = CARTESIAN_POINT ( 'NONE',  ( 1.380095620357148167, 74.47961751857245360, 5.831538429549464553 ) ) ;
#5623 = ORIENTED_EDGE ( 'NONE', *, *, #5854, .T. ) ;
#5624 = CARTESIAN_POINT ( 'NONE',  ( 59.20999999999999375, 90.00000000000117950, 3.000000000000002665 ) ) ;
#5625 = CIRCLE ( 'NONE', #2086, 5.200000000000006395 ) ;
#5626 = EDGE_CURVE ( 'NONE', #7948, #1374, #5400, .T. ) ;
#5627 = ORIENTED_EDGE ( 'NONE', *, *, #7712, .F. ) ;
#5628 = EDGE_LOOP ( 'NONE', ( #1429, #2671, #880, #1262 ) ) ;
#5629 = CARTESIAN_POINT ( 'NONE',  ( 3.000000000000000000, 145.0000000000000000, 80.00000000000000000 ) ) ;
#5630 = VECTOR ( 'NONE', #1948, 1000.000000000000000 ) ;
#5631 = CARTESIAN_POINT ( 'NONE',  ( 0.000000000000000000, 88.00000000000119371, 0.000000000000000000 ) ) ;
#5632 = ORIENTED_EDGE ( 'NONE', *, *, #1318, .T. ) ;
#5633 = DIRECTION ( 'NONE',  ( -0.8660254037844387076, 0.000000000000000000, -0.4999999999999997780 ) ) ;
#5634 = ORIENTED_EDGE ( 'NONE', *, *, #5785, .F. ) ;
#5635 = CARTESIAN_POINT ( 'NONE',  ( 5.789999999999999147, 83.40000000000118519, 10.30500000000000149 ) ) ;
#5636 = ORIENTED_EDGE ( 'NONE', *, *, #5282, .T. ) ;
#5637 = ADVANCED_FACE ( 'NONE', ( #7308 ), #4181, .F. ) ;
#5638 = EDGE_LOOP ( 'NONE', ( #6901, #7800, #3378, #4033 ) ) ;
#5639 = ADVANCED_FACE ( 'NONE', ( #7433 ), #4841, .F. ) ;
#5640 = DIRECTION ( 'NONE',  ( 1.000000000000000000, 0.000000000000000000, -0.000000000000000000 ) ) ;
#5641 = EDGE_CURVE ( 'NONE', #1620, #4758, #8046, .T. ) ;
#5642 = EDGE_CURVE ( 'NONE', #3464, #569, #6729, .T. ) ;
#5643 = DIRECTION ( 'NONE',  ( -0.4999999999999998890, 0.000000000000000000, 0.8660254037844387076 ) ) ;
#5645 = ORIENTED_EDGE ( 'NONE', *, *, #4731, .T. ) ;
#5644 = CARTESIAN_POINT ( 'NONE',  ( 8.590000000000001634, 88.00000000000119371, 8.688419246269045715 ) ) ;
#5646 = VERTEX_POINT ( 'NONE', #2421 ) ;
#5647 = DIRECTION ( 'NONE',  ( -1.000000000000000000, -3.965082230804129727E-16, 0.000000000000000000 ) ) ;
#5648 = ORIENTED_EDGE ( 'NONE', *, *, #548, .F. ) ;
#5649 = EDGE_LOOP ( 'NONE', ( #6543, #5171, #2737, #4631, #543, #1278, #1595, #5435, #6912 ) ) ;
#5650 = DIRECTION ( 'NONE',  ( -1.000000000000000000, -3.965082230804130220E-16, 6.162975822039157357E-31 ) ) ;
#5651 = CARTESIAN_POINT ( 'NONE',  ( 39.99999999999999289, 37.00000000000000711, 81.00000000000000000 ) ) ;
#5652 = CARTESIAN_POINT ( 'NONE',  ( 33.00000000000000000, 37.00000000000000711, 4.900000000000000355 ) ) ;
#5653 = CARTESIAN_POINT ( 'NONE',  ( 14.19999999999999751, 115.0000000000011795, 9.616580753730955777 ) ) ;
#5654 = EDGE_CURVE ( 'NONE', #8109, #241, #4360, .T. ) ;
#5655 = DIRECTION ( 'NONE',  ( 0.000000000000000000, 0.000000000000000000, 1.000000000000000000 ) ) ;
#5656 = CARTESIAN_POINT ( 'NONE',  ( 66.90767078078674501, 80.00000000000112266, 51.50000000000000000 ) ) ;
#5657 = DIRECTION ( 'NONE',  ( 1.000000000000000000, -0.000000000000000000, -0.000000000000000000 ) ) ;
#5658 = ORIENTED_EDGE ( 'NONE', *, *, #3782, .T. ) ;
#5659 = LINE ( 'NONE', #4509, #945 ) ;
#5660 = CARTESIAN_POINT ( 'NONE',  ( 64.21000000000000796, 88.00000000000119371, 82.69499999999999318 ) ) ;
#5661 = DIRECTION ( 'NONE',  ( -0.8660254037844389297, 0.000000000000000000, 0.4999999999999994449 ) ) ;
#5662 = PLANE ( 'NONE',  #6723 ) ;
#5663 = AXIS2_PLACEMENT_3D ( 'NONE', #3517, #7871, #924 ) ;
#5664 = FACE_OUTER_BOUND ( 'NONE', #582, .T. ) ;
#5665 = ORIENTED_EDGE ( 'NONE', *, *, #4480, .F. ) ;
#5666 = CARTESIAN_POINT ( 'NONE',  ( 4.213911748748927266, 63.14435300500513648, 81.58031166213929453 ) ) ;
#5667 = AXIS2_PLACEMENT_3D ( 'NONE', #1431, #767, #3237 ) ;
#5668 = APPLICATION_PROTOCOL_DEFINITION ( 'draft international standard', 'automotive_design', 1998, #447 ) ;
#5669 = EDGE_CURVE ( 'NONE', #4004, #7376, #6982, .T. ) ;
#5670 = DIRECTION ( 'NONE',  ( 0.000000000000000000, 1.000000000000000000, 0.000000000000000000 ) ) ;
#5671 = VERTEX_POINT ( 'NONE', #6403 ) ;
#5672 = CARTESIAN_POINT ( 'NONE',  ( 5.789999999999998259, 88.00000000000119371, 13.53816150746191127 ) ) ;
#5673 = VECTOR ( 'NONE', #5122, 1000.000000000000000 ) ;
#5674 = EDGE_LOOP ( 'NONE', ( #7163, #6431, #5794, #4599 ) ) ;
#5675 = VECTOR ( 'NONE', #6903, 1000.000000000000114 ) ;
#5676 = DIRECTION ( 'NONE',  ( -0.9701425001453327646, -0.2425356250363299160, 0.000000000000000000 ) ) ;
#5677 = ORIENTED_EDGE ( 'NONE', *, *, #5685, .F. ) ;
#5678 = DIRECTION ( 'NONE',  ( 1.000000000000000000, 0.000000000000000000, 0.000000000000000000 ) ) ;
#5679 = DIRECTION ( 'NONE',  ( -1.000000000000000000, -0.000000000000000000, -0.000000000000000000 ) ) ;
#5681 = ORIENTED_EDGE ( 'NONE', *, *, #3470, .F. ) ;
#5680 = DIRECTION ( 'NONE',  ( 0.000000000000000000, 0.000000000000000000, -1.000000000000000000 ) ) ;
#5682 = EDGE_LOOP ( 'NONE', ( #7572, #3666, #6085, #228 ) ) ;
#5683 = LINE ( 'NONE', #6176, #7963 ) ;
#5684 = VERTEX_POINT ( 'NONE', #6362 ) ;
#5685 = EDGE_CURVE ( 'NONE', #4187, #1798, #6319, .T. ) ;
#5686 = EDGE_CURVE ( 'NONE', #29, #595, #4391, .T. ) ;
#5687 = AXIS2_PLACEMENT_3D ( 'NONE', #7112, #7043, #5291 ) ;
#5688 = CIRCLE ( 'NONE', #2144, 2.000000000000001776 ) ;
#5689 = ADVANCED_FACE ( 'NONE', ( #4511 ), #7023, .T. ) ;
#5690 = ORIENTED_EDGE ( 'NONE', *, *, #4222, .F. ) ;
#5691 = CARTESIAN_POINT ( 'NONE',  ( 19.80000000000002558, 116.0000000000011795, 86.61658075373097176 ) ) ;
#5692 = CARTESIAN_POINT ( 'NONE',  ( 67.01000000000000512, 88.00000000000119371, 8.688419246269049268 ) ) ;
#5693 = DIRECTION ( 'NONE',  ( -1.000000000000000000, -0.000000000000000000, -0.000000000000000000 ) ) ;
#5694 = DIRECTION ( 'NONE',  ( 0.000000000000000000, 0.000000000000000000, 1.000000000000000000 ) ) ;
#5695 = AXIS2_PLACEMENT_3D ( 'NONE', #2311, #327, #402 ) ;
#5696 = DIRECTION ( 'NONE',  ( -0.000000000000000000, -0.000000000000000000, 1.000000000000000000 ) ) ;
#5697 = CARTESIAN_POINT ( 'NONE',  ( 29.79999999999999716, 21.00000000000000355, 78.00000000000000000 ) ) ;
#5698 = CARTESIAN_POINT ( 'NONE',  ( 6.999999999999969802, 82.00000000000117950, 18.00000000000001776 ) ) ;
#5699 = ORIENTED_EDGE ( 'NONE', *, *, #1270, .T. ) ;
#5700 = AXIS2_PLACEMENT_3D ( 'NONE', #3230, #5693, #1884 ) ;
#5701 = CARTESIAN_POINT ( 'NONE',  ( 72.67499999999998295, 77.00000000000109424, 81.00000000000001421 ) ) ;
#5702 = PLANE ( 'NONE',  #6995 ) ;
#5703 = CARTESIAN_POINT ( 'NONE',  ( 2.999999999999998668, 134.9999999999999716, 90.00000000000000000 ) ) ;
#5704 = DIRECTION ( 'NONE',  ( -0.000000000000000000, 1.000000000000000000, -0.000000000000000000 ) ) ;
#5705 = AXIS2_PLACEMENT_3D ( 'NONE', #4905, #6131, #503 ) ;
#5706 = CARTESIAN_POINT ( 'NONE',  ( 0.7899999999999964828, 82.00000000000117950, 88.47213595499964356 ) ) ;
#5707 = ORIENTED_EDGE ( 'NONE', *, *, #196, .T. ) ;
#5708 = EDGE_CURVE ( 'NONE', #7312, #5960, #3736, .T. ) ;
#5709 = STYLED_ITEM ( 'NONE', ( #4629 ), #401 ) ;
#5710 = CARTESIAN_POINT ( 'NONE',  ( 1.367081308743695267, 74.53167476502622435, 87.22476457735643862 ) ) ;
#5711 = CARTESIAN_POINT ( 'NONE',  ( 1.836970198721030378E-15, 134.9999999999999716, 13.00000000000000178 ) ) ;
#5712 = FACE_OUTER_BOUND ( 'NONE', #4387, .T. ) ;
#5713 = AXIS2_PLACEMENT_3D ( 'NONE', #2244, #5934, #1053 ) ;
#5714 = ORIENTED_EDGE ( 'NONE', *, *, #5164, .T. ) ;
#5715 = CARTESIAN_POINT ( 'NONE',  ( 69.03074897015221723, 88.49231275746308256, 51.50000000000000000 ) ) ;
#5716 = ORIENTED_EDGE ( 'NONE', *, *, #2930, .F. ) ;
#5717 = CARTESIAN_POINT ( 'NONE',  ( 14.20000000000001528, 116.0000000000011795, 83.38341924626902824 ) ) ;
#5718 = CIRCLE ( 'NONE', #2963, 2.000000000000001776 ) ;
#5719 = VECTOR ( 'NONE', #4463, 1000.000000000000000 ) ;
#5720 = EDGE_CURVE ( 'NONE', #1949, #3905, #1397, .T. ) ;
#5721 = VERTEX_POINT ( 'NONE', #7558 ) ;
#5722 = CARTESIAN_POINT ( 'NONE',  ( 39.00000000000000711, 21.00000000000000355, 13.79999999999999893 ) ) ;
#5723 = CARTESIAN_POINT ( 'NONE',  ( 16.99999999999999645, 116.0000000000011795, 11.23316150746190800 ) ) ;
#5725 = ORIENTED_EDGE ( 'NONE', *, *, #8000, .T. ) ;
#5724 = FACE_OUTER_BOUND ( 'NONE', #5010, .T. ) ;
#5726 = ORIENTED_EDGE ( 'NONE', *, *, #3165, .F. ) ;
#5727 = PLANE ( 'NONE',  #4834 ) ;
#5728 = ORIENTED_EDGE ( 'NONE', *, *, #3510, .F. ) ;
#5729 = EDGE_CURVE ( 'NONE', #6715, #1550, #2505, .T. ) ;
#5730 = EDGE_CURVE ( 'NONE', #2364, #7693, #5395, .T. ) ;
#5731 = ORIENTED_EDGE ( 'NONE', *, *, #1937, .F. ) ;
#5732 = DIRECTION ( 'NONE',  ( 0.000000000000000000, 0.000000000000000000, -1.000000000000000000 ) ) ;
#5733 = AXIS2_PLACEMENT_3D ( 'NONE', #275, #929, #5867 ) ;
#5734 = CYLINDRICAL_SURFACE ( 'NONE', #41, 3.499999999999992895 ) ;
#5735 = PLANE ( 'NONE',  #3461 ) ;
#5736 = DIRECTION ( 'NONE',  ( -0.000000000000000000, -0.000000000000000000, -1.000000000000000000 ) ) ;
#5737 = PLANE ( 'NONE',  #4659 ) ;
#5738 = CARTESIAN_POINT ( 'NONE',  ( 43.75000000000000000, 41.00000000000001421, 80.00000000000000000 ) ) ;
#5739 = CARTESIAN_POINT ( 'NONE',  ( 61.99999999999999289, 134.9999999999999716, 80.00000000000000000 ) ) ;
#5740 = ORIENTED_EDGE ( 'NONE', *, *, #7727, .T. ) ;
#5741 = DIRECTION ( 'NONE',  ( 0.000000000000000000, 0.000000000000000000, 1.000000000000000000 ) ) ;
#5742 = DIRECTION ( 'NONE',  ( 0.000000000000000000, -0.000000000000000000, -1.000000000000000000 ) ) ;
#5743 = CARTESIAN_POINT ( 'NONE',  ( 35.00000000000000000, 37.00000000000000711, 9.500000000000000000 ) ) ;
#5744 = LINE ( 'NONE', #5200, #6058 ) ;
#5745 = ADVANCED_FACE ( 'NONE', ( #8129 ), #3241, .F. ) ;
#5746 = DIRECTION ( 'NONE',  ( 0.000000000000000000, 0.000000000000000000, -1.000000000000000000 ) ) ;
#5747 = ORIENTED_EDGE ( 'NONE', *, *, #2945, .T. ) ;
#5748 = CARTESIAN_POINT ( 'NONE',  ( 29.74999999999998224, 41.00000000000001421, 80.00000000000000000 ) ) ;
#5749 = VECTOR ( 'NONE', #5802, 1000.000000000000000 ) ;
#5750 = CARTESIAN_POINT ( 'NONE',  ( 60.00000000000002842, 82.00000000000117950, 75.00000000000001421 ) ) ;
#5751 = ADVANCED_FACE ( 'NONE', ( #1898 ), #6907, .F. ) ;
#5753 = EDGE_CURVE ( 'NONE', #1802, #4330, #7516, .T. ) ;
#5752 = ORIENTED_EDGE ( 'NONE', *, *, #4566, .T. ) ;
#5754 = CARTESIAN_POINT ( 'NONE',  ( 43.75000000000000711, 41.00000000000001421, 13.00000000000000178 ) ) ;
#5755 = ORIENTED_EDGE ( 'NONE', *, *, #3943, .T. ) ;
#5756 = ORIENTED_EDGE ( 'NONE', *, *, #3134, .T. ) ;
#5757 = VECTOR ( 'NONE', #4856, 1000.000000000000000 ) ;
#5758 = ORIENTED_EDGE ( 'NONE', *, *, #3262, .F. ) ;
#5759 = CARTESIAN_POINT ( 'NONE',  ( 61.40999999999998238, 88.00000000000119371, 81.07841924626904984 ) ) ;
#5760 = DIRECTION ( 'NONE',  ( 0.000000000000000000, 0.000000000000000000, 1.000000000000000000 ) ) ;
#5761 = DIRECTION ( 'NONE',  ( 0.8660254037844387076, 0.000000000000000000, 0.4999999999999998335 ) ) ;
#5762 = ORIENTED_EDGE ( 'NONE', *, *, #7956, .F. ) ;
#5763 = CARTESIAN_POINT ( 'NONE',  ( 1.836970198721030378E-15, 134.9999999999999716, 13.00000000000000178 ) ) ;
#5764 = EDGE_LOOP ( 'NONE', ( #6472, #5008, #1614, #7542 ) ) ;
#5765 = ORIENTED_EDGE ( 'NONE', *, *, #2770, .T. ) ;
#5766 = DIRECTION ( 'NONE',  ( 1.000000000000000000, 0.000000000000000000, 0.000000000000000000 ) ) ;
#5767 = DIRECTION ( 'NONE',  ( -0.000000000000000000, -0.000000000000000000, -1.000000000000000000 ) ) ;
#5768 = DIRECTION ( 'NONE',  ( -1.000000000000000000, -3.965082230804129727E-16, 0.000000000000000000 ) ) ;
#5769 = CARTESIAN_POINT ( 'NONE',  ( 69.99999999999998579, 145.0000000000000000, 90.00000000000000000 ) ) ;
#5770 = DIRECTION ( 'NONE',  ( -0.000000000000000000, -0.000000000000000000, 1.000000000000000000 ) ) ;
#5771 = CARTESIAN_POINT ( 'NONE',  ( 34.99999999999999289, 56.99999999999999289, 15.00000000000000000 ) ) ;
#5772 = EDGE_CURVE ( 'NONE', #3964, #5119, #3198, .T. ) ;
#5773 = EDGE_LOOP ( 'NONE', ( #910, #4396, #3894, #7056, #3613 ) ) ;
#5774 = DIRECTION ( 'NONE',  ( -0.000000000000000000, -0.000000000000000000, -1.000000000000000000 ) ) ;
#5775 = VERTEX_POINT ( 'NONE', #32 ) ;
#5776 = PLANE ( 'NONE',  #1479 ) ;
#5777 = DIRECTION ( 'NONE',  ( -0.000000000000000000, -1.000000000000000000, -0.000000000000000000 ) ) ;
#5778 = LINE ( 'NONE', #2052, #6741 ) ;
#5779 = FACE_OUTER_BOUND ( 'NONE', #3744, .T. ) ;
#5780 = ADVANCED_FACE ( 'NONE', ( #6948 ), #5157, .F. ) ;
#5781 = DIRECTION ( 'NONE',  ( 0.000000000000000000, 0.000000000000000000, -1.000000000000000000 ) ) ;
#5782 = EDGE_LOOP ( 'NONE', ( #3616, #2849, #5237, #898 ) ) ;
#5783 = ADVANCED_FACE ( 'NONE', ( #78 ), #5702, .F. ) ;
#5784 = EDGE_CURVE ( 'NONE', #2327, #1162, #5087, .T. ) ;
#5785 = EDGE_CURVE ( 'NONE', #3765, #7476, #115, .T. ) ;
#5786 = ORIENTED_EDGE ( 'NONE', *, *, #1398, .T. ) ;
#5787 = CARTESIAN_POINT ( 'NONE',  ( 3.965905733701680536, 64.13637706519415360, 81.78448605387298187 ) ) ;
#5788 =( BOUNDED_CURVE ( )  B_SPLINE_CURVE ( 3, ( #2992, #2461, #2947, #3032 ),
 .UNSPECIFIED., .F., .F. ) 
 B_SPLINE_CURVE_WITH_KNOTS ( ( 4, 4 ),
 ( 0.7853981633974499443, 1.570796326794896114 ),
 .UNSPECIFIED. ) 
 CURVE ( )  GEOMETRIC_REPRESENTATION_ITEM ( )  RATIONAL_B_SPLINE_CURVE ( ( 1.000000000000000000, 0.9492530216741914550, 0.9492530216741914550, 1.000000000000000000 ) ) 
 REPRESENTATION_ITEM ( '' )  );
#5789 = VECTOR ( 'NONE', #313, 1000.000000000000000 ) ;
#5790 = CYLINDRICAL_SURFACE ( 'NONE', #3498, 2.000000000000015543 ) ;
#5791 = ORIENTED_EDGE ( 'NONE', *, *, #1560, .T. ) ;
#5792 = DIRECTION ( 'NONE',  ( 1.000000000000000000, 0.000000000000000000, 0.000000000000000000 ) ) ;
#5793 = VERTEX_POINT ( 'NONE', #7629 ) ;
#5794 = ORIENTED_EDGE ( 'NONE', *, *, #5835, .F. ) ;
#5795 = AXIS2_PLACEMENT_3D ( 'NONE', #2478, #7487, #7266 ) ;
#5796 = DIRECTION ( 'NONE',  ( 1.000000000000000000, 3.965082230804129727E-16, -0.000000000000000000 ) ) ;
#5797 = CARTESIAN_POINT ( 'NONE',  ( 1.836970198721030378E-15, 134.9999999999999716, 13.00000000000000178 ) ) ;
#5798 = CARTESIAN_POINT ( 'NONE',  ( 14.19999999999999751, 116.0000000000011795, 9.616580753730955777 ) ) ;
#5799 = VECTOR ( 'NONE', #564, 1000.000000000000114 ) ;
#5800 = VECTOR ( 'NONE', #1023, 1000.000000000000000 ) ;
#5801 = EDGE_LOOP ( 'NONE', ( #5014, #1902, #5594, #7805 ) ) ;
#5802 = DIRECTION ( 'NONE',  ( -0.000000000000000000, 1.000000000000000000, -0.000000000000000000 ) ) ;
#5803 = VERTEX_POINT ( 'NONE', #7711 ) ;
#5804 = EDGE_CURVE ( 'NONE', #1583, #1137, #2242, .T. ) ;
#5805 = AXIS2_PLACEMENT_3D ( 'NONE', #7910, #5391, #8081 ) ;
#5806 = ORIENTED_EDGE ( 'NONE', *, *, #240, .F. ) ;
#5807 = FACE_OUTER_BOUND ( 'NONE', #5638, .T. ) ;
#5808 = CYLINDRICAL_SURFACE ( 'NONE', #6610, 1.649999999999995248 ) ;
#5809 = CARTESIAN_POINT ( 'NONE',  ( 40.25000000000002132, 41.00000000000001421, 12.00000000000000000 ) ) ;
#5810 = DIRECTION ( 'NONE',  ( -0.000000000000000000, -0.000000000000000000, 1.000000000000000000 ) ) ;
#5811 = DIRECTION ( 'NONE',  ( -0.000000000000000000, 0.000000000000000000, 1.000000000000000000 ) ) ;
#5812 = AXIS2_PLACEMENT_3D ( 'NONE', #3371, #5872, #7358 ) ;
#5813 = ORIENTED_EDGE ( 'NONE', *, *, #1241, .T. ) ;
#5814 = VECTOR ( 'NONE', #4296, 1000.000000000000000 ) ;
#5815 = ORIENTED_EDGE ( 'NONE', *, *, #1019, .F. ) ;
#5816 = FACE_BOUND ( 'NONE', #4078, .T. ) ;
#5817 = AXIS2_PLACEMENT_3D ( 'NONE', #4085, #2744, #1012 ) ;
#5818 = LINE ( 'NONE', #5266, #1217 ) ;
#5819 = AXIS2_PLACEMENT_3D ( 'NONE', #5983, #7144, #4095 ) ;
#5820 = ADVANCED_FACE ( 'NONE', ( #5232 ), #230, .F. ) ;
#5821 = CARTESIAN_POINT ( 'NONE',  ( 10.78999999999999737, 82.00000000000117950, 3.000000000000002665 ) ) ;
#5822 = CARTESIAN_POINT ( 'NONE',  ( 2.562982655274508748, 69.74806937890291181, 9.249453965365789898 ) ) ;
#5823 = CARTESIAN_POINT ( 'NONE',  ( 23.94999999999999929, 21.00000000000000355, 12.00000000000000000 ) ) ;
#5824 = AXIS2_PLACEMENT_3D ( 'NONE', #4167, #6172, #1130 ) ;
#5825 = ORIENTED_EDGE ( 'NONE', *, *, #3456, .F. ) ;
#5826 = EDGE_CURVE ( 'NONE', #1147, #1046, #5818, .T. ) ;
#5827 = CARTESIAN_POINT ( 'NONE',  ( 0.7899999999999964828, 90.00000000000119371, 3.000000000000002665 ) ) ;
#5828 = AXIS2_PLACEMENT_3D ( 'NONE', #7113, #283, #6533 ) ;
#5829 = CARTESIAN_POINT ( 'NONE',  ( 55.79999999999997584, 115.0000000000011795, 86.61658075373094334 ) ) ;
#5830 = VERTEX_POINT ( 'NONE', #6513 ) ;
#5831 = CARTESIAN_POINT ( 'NONE',  ( 70.00000000000000000, 80.00000000000117950, 15.00000000000000000 ) ) ;
#5832 = AXIS2_PLACEMENT_3D ( 'NONE', #2746, #6516, #2206 ) ;
#5833 = VERTEX_POINT ( 'NONE', #1435 ) ;
#5834 = CARTESIAN_POINT ( 'NONE',  ( 46.04999999999999716, 21.00000000000000355, 88.09999999999999432 ) ) ;
#5835 = EDGE_CURVE ( 'NONE', #7847, #3431, #2777, .T. ) ;
#5836 = AXIS2_PLACEMENT_3D ( 'NONE', #6897, #5484, #7469 ) ;
#5837 = LINE ( 'NONE', #2185, #1897 ) ;
#5838 = CARTESIAN_POINT ( 'NONE',  ( 47.24999999999998579, 41.00000000000001421, 13.00000000000000178 ) ) ;
#5839 = LINE ( 'NONE', #3334, #3627 ) ;
#5840 = ADVANCED_FACE ( 'NONE', ( #964 ), #266, .F. ) ;
#5841 = VERTEX_POINT ( 'NONE', #5932 ) ;
#5842 = DIRECTION ( 'NONE',  ( 1.000000000000000000, -0.000000000000000000, -0.000000000000000000 ) ) ;
#5843 = VERTEX_POINT ( 'NONE', #7786 ) ;
#5844 = VECTOR ( 'NONE', #7950, 1000.000000000000000 ) ;
#5845 = AXIS2_PLACEMENT_3D ( 'NONE', #6056, #7869, #3427 ) ;
#5846 = ORIENTED_EDGE ( 'NONE', *, *, #855, .F. ) ;
#5847 = CARTESIAN_POINT ( 'NONE',  ( 34.99999999999999289, 56.99999999999999289, 13.79999999999999893 ) ) ;
#5848 = CARTESIAN_POINT ( 'NONE',  ( 69.99999999999998579, 134.9999999999999716, 90.00000000000000000 ) ) ;
#5849 = AXIS2_PLACEMENT_3D ( 'NONE', #7704, #875, #7015 ) ;
#5850 = CYLINDRICAL_SURFACE ( 'NONE', #4147, 2.999999999999999112 ) ;
#5851 = ORIENTED_EDGE ( 'NONE', *, *, #2871, .T. ) ;
#5852 = CARTESIAN_POINT ( 'NONE',  ( 3.092329219213243441, 80.00000000000112266, 13.99999999999999822 ) ) ;
#5853 = ORIENTED_EDGE ( 'NONE', *, *, #2274, .T. ) ;
#5854 = EDGE_CURVE ( 'NONE', #7006, #7745, #882, .T. ) ;
#5855 = ORIENTED_EDGE ( 'NONE', *, *, #565, .T. ) ;
#5856 = AXIS2_PLACEMENT_3D ( 'NONE', #7483, #1863, #7978 ) ;
#5857 = DIRECTION ( 'NONE',  ( 1.000000000000000000, 0.000000000000000000, 0.000000000000000000 ) ) ;
#5858 = FACE_OUTER_BOUND ( 'NONE', #6027, .T. ) ;
#5859 = LINE ( 'NONE', #5233, #8059 ) ;
#5860 = CARTESIAN_POINT ( 'NONE',  ( 4.777360601960229936, 60.89055759215992225, 11.83068907866990216 ) ) ;
#5861 = AXIS2_PLACEMENT_3D ( 'NONE', #2676, #1443, #3283 ) ;
#5862 = FACE_OUTER_BOUND ( 'NONE', #5534, .T. ) ;
#5863 = ORIENTED_EDGE ( 'NONE', *, *, #145, .F. ) ;
#5864 = VERTEX_POINT ( 'NONE', #5892 ) ;
#5865 = CARTESIAN_POINT ( 'NONE',  ( 39.00000000000000000, 24.32264954516723066, 78.00000000000000000 ) ) ;
#5866 = EDGE_CURVE ( 'NONE', #2956, #7856, #4084, .T. ) ;
#5867 = DIRECTION ( 'NONE',  ( -0.8660254037844384856, 0.000000000000000000, -0.5000000000000002220 ) ) ;
#5868 = ORIENTED_EDGE ( 'NONE', *, *, #7585, .T. ) ;
#5869 = CARTESIAN_POINT ( 'NONE',  ( 61.99999999999999289, 139.9999999999999716, 88.00000000000000000 ) ) ;
#5870 = EDGE_LOOP ( 'NONE', ( #8075, #3145, #262, #2835 ) ) ;
#5871 = DIRECTION ( 'NONE',  ( -0.000000000000000000, -0.000000000000000000, 1.000000000000000000 ) ) ;
#5872 = DIRECTION ( 'NONE',  ( 0.000000000000000000, 0.000000000000000000, -1.000000000000000000 ) ) ;
#5873 = CARTESIAN_POINT ( 'NONE',  ( 52.99999999999997158, 116.0000000000011795, 81.76683849253807068 ) ) ;
#5874 = LINE ( 'NONE', #7850, #742 ) ;
#5875 = ORIENTED_EDGE ( 'NONE', *, *, #7682, .T. ) ;
#5876 = DIRECTION ( 'NONE',  ( -1.341352320301035307E-16, 0.000000000000000000, 1.000000000000000000 ) ) ;
#5877 = ORIENTED_EDGE ( 'NONE', *, *, #5253, .T. ) ;
#5878 = AXIS2_PLACEMENT_3D ( 'NONE', #7148, #321, #2303 ) ;
#5879 = EDGE_CURVE ( 'NONE', #2147, #843, #350, .T. ) ;
#5880 = ADVANCED_FACE ( 'NONE', ( #1468, #5858, #2742 ), #7747, .T. ) ;
#5881 = EDGE_CURVE ( 'NONE', #7626, #7397, #6435, .T. ) ;
#5882 = VERTEX_POINT ( 'NONE', #7828 ) ;
#5883 = LINE ( 'NONE', #5146, #7250 ) ;
#5884 = CIRCLE ( 'NONE', #2092, 6.000000000000005329 ) ;
#5885 = DIRECTION ( 'NONE',  ( 0.000000000000000000, 0.000000000000000000, -1.000000000000000000 ) ) ;
#5886 = CARTESIAN_POINT ( 'NONE',  ( 5.790000000000012470, 90.00000000000119371, 85.92816150746190829 ) ) ;
#5887 = VERTEX_POINT ( 'NONE', #4705 ) ;
#5888 = CARTESIAN_POINT ( 'NONE',  ( 35.00000000000000000, 21.00000000000000355, 15.00000000000000000 ) ) ;
#5889 = ORIENTED_EDGE ( 'NONE', *, *, #6398, .F. ) ;
#5890 = ORIENTED_EDGE ( 'NONE', *, *, #6902, .T. ) ;
#5891 = FACE_OUTER_BOUND ( 'NONE', #854, .T. ) ;
#5892 = CARTESIAN_POINT ( 'NONE',  ( 30.00000000000000355, 37.00000000000000711, 4.900000000000000355 ) ) ;
#5893 = EDGE_CURVE ( 'NONE', #3626, #5990, #4088, .T. ) ;
#5894 = DIRECTION ( 'NONE',  ( -9.912705577010326536E-16, -3.930469274259665525E-31, -1.000000000000000000 ) ) ;
#5895 = DIRECTION ( 'NONE',  ( 0.000000000000000000, 0.000000000000000000, 1.000000000000000000 ) ) ;
#5896 = DIRECTION ( 'NONE',  ( -0.000000000000000000, -0.000000000000000000, -1.000000000000000000 ) ) ;
#5897 = CARTESIAN_POINT ( 'NONE',  ( 58.00000000000000000, 115.0000000000011795, 3.000000000000000000 ) ) ;
#5898 = ORIENTED_EDGE ( 'NONE', *, *, #2125, .F. ) ;
#5899 = EDGE_CURVE ( 'NONE', #7707, #3702, #7173, .T. ) ;
#5900 = CARTESIAN_POINT ( 'NONE',  ( 59.21000000000000796, 82.00000000000117950, 15.00000000000000533 ) ) ;
#5901 = PLANE ( 'NONE',  #5733 ) ;
#5902 = ORIENTED_EDGE ( 'NONE', *, *, #7843, .T. ) ;
#5903 = LINE ( 'NONE', #277, #4975 ) ;
#5904 = ORIENTED_EDGE ( 'NONE', *, *, #2068, .F. ) ;
#5905 = CARTESIAN_POINT ( 'NONE',  ( 61.40999999999997527, 88.00000000000119371, 11.92158075373095905 ) ) ;
#5906 = VERTEX_POINT ( 'NONE', #1552 ) ;
#5907 = DIRECTION ( 'NONE',  ( 0.1740776559556955760, -0.6963106238227916300, 0.6963106238227916300 ) ) ;
#5908 = ADVANCED_FACE ( 'NONE', ( #4588 ), #803, .F. ) ;
#5909 = CARTESIAN_POINT ( 'NONE',  ( 12.00000000000000178, 118.0000000000011937, 13.00000000000000178 ) ) ;
#5910 = ADVANCED_FACE ( 'NONE', ( #2821 ), #5313, .T. ) ;
#5911 = DIRECTION ( 'NONE',  ( -0.000000000000000000, 0.000000000000000000, 1.000000000000000000 ) ) ;
#5912 = FACE_OUTER_BOUND ( 'NONE', #3776, .T. ) ;
#5913 = VERTEX_POINT ( 'NONE', #7867 ) ;
#5914 = CARTESIAN_POINT ( 'NONE',  ( 9.999999999999991118, 82.00000000000117950, 15.00000000000000000 ) ) ;
#5915 = ORIENTED_EDGE ( 'NONE', *, *, #7345, .T. ) ;
#5916 = FACE_OUTER_BOUND ( 'NONE', #4170, .T. ) ;
#5917 = CIRCLE ( 'NONE', #7633, 1.649999999999998579 ) ;
#5918 = ORIENTED_EDGE ( 'NONE', *, *, #6904, .T. ) ;
#5919 = FACE_OUTER_BOUND ( 'NONE', #4615, .T. ) ;
#5920 = CIRCLE ( 'NONE', #6450, 5.199999999999996625 ) ;
#5921 = FACE_OUTER_BOUND ( 'NONE', #2980, .T. ) ;
#5922 = DIRECTION ( 'NONE',  ( -1.341352320301035307E-16, 0.000000000000000000, 1.000000000000000000 ) ) ;
#5923 = VERTEX_POINT ( 'NONE', #4131 ) ;
#5924 = EDGE_CURVE ( 'NONE', #84, #4939, #5518, .T. ) ;
#5925 = EDGE_CURVE ( 'NONE', #1041, #2407, #6013, .T. ) ;
#5926 = CARTESIAN_POINT ( 'NONE',  ( 0.000000000000000000, 0.000000000000000000, 80.00000000000000000 ) ) ;
#5927 = ORIENTED_EDGE ( 'NONE', *, *, #6015, .T. ) ;
#5928 = ADVANCED_FACE ( 'NONE', ( #6054 ), #1715, .F. ) ;
#5929 = CIRCLE ( 'NONE', #6332, 1.600000000000001643 ) ;
#5930 = ORIENTED_EDGE ( 'NONE', *, *, #7230, .F. ) ;
#5931 = FACE_OUTER_BOUND ( 'NONE', #156, .T. ) ;
#5932 = CARTESIAN_POINT ( 'NONE',  ( 30.99999999999999289, 56.99999999999999289, 13.79999999999999893 ) ) ;
#5933 = DIRECTION ( 'NONE',  ( -0.000000000000000000, 0.000000000000000000, -1.000000000000000000 ) ) ;
#5934 = DIRECTION ( 'NONE',  ( 1.000000000000000000, -0.000000000000000000, -0.000000000000000000 ) ) ;
#5935 = DIRECTION ( 'NONE',  ( 8.673617379884028076E-17, -1.000000000000000000, 7.112366251504902776E-15 ) ) ;
#5936 = ORIENTED_EDGE ( 'NONE', *, *, #2556, .F. ) ;
#5937 = VECTOR ( 'NONE', #5796, 1000.000000000000000 ) ;
#5938 = CIRCLE ( 'NONE', #6872, 4.999999999999997335 ) ;
#5939 = DIRECTION ( 'NONE',  ( -0.8660254037844387076, 0.000000000000000000, 0.4999999999999998335 ) ) ;
#5940 = CARTESIAN_POINT ( 'NONE',  ( 67.74325839374355951, 70.97303357497520437, 8.624899804098605571 ) ) ;
#5941 = CARTESIAN_POINT ( 'NONE',  ( 43.75000000000000000, 41.00000000000001421, 81.00000000000000000 ) ) ;
#5942 = AXIS2_PLACEMENT_3D ( 'NONE', #2989, #4176, #1051 ) ;
#5943 = ORIENTED_EDGE ( 'NONE', *, *, #1848, .F. ) ;
#5944 = DIRECTION ( 'NONE',  ( -0.8660254037844387076, 0.000000000000000000, -0.4999999999999999445 ) ) ;
#5945 = EDGE_CURVE ( 'NONE', #1725, #3989, #1806, .T. ) ;
#5946 = ORIENTED_EDGE ( 'NONE', *, *, #6532, .T. ) ;
#5947 = CARTESIAN_POINT ( 'NONE',  ( 14.19999999999999929, 116.0000000000011795, 6.383419246269043335 ) ) ;
#5948 = VERTEX_POINT ( 'NONE', #4254 ) ;
#5949 = VECTOR ( 'NONE', #4824, 1000.000000000000000 ) ;
#5950 = CARTESIAN_POINT ( 'NONE',  ( 70.00000000000000000, 80.00000000000117950, 15.00000000000000000 ) ) ;
#5951 = ORIENTED_EDGE ( 'NONE', *, *, #310, .T. ) ;
#5952 = EDGE_CURVE ( 'NONE', #7939, #1935, #1677, .T. ) ;
#5953 = CARTESIAN_POINT ( 'NONE',  ( 35.00000000000000000, 21.00000000000000355, 12.00000000000000000 ) ) ;
#5954 = CARTESIAN_POINT ( 'NONE',  ( 0.9525479968240909701, 76.19508527667792919, 3.370134229392780956 ) ) ;
#5955 = FACE_OUTER_BOUND ( 'NONE', #1672, .T. ) ;
#5956 = VECTOR ( 'NONE', #5061, 1000.000000000000000 ) ;
#5957 = EDGE_LOOP ( 'NONE', ( #3050, #3287, #4547, #2508 ) ) ;
#5958 = LINE ( 'NONE', #1538, #6288 ) ;
#5959 = VECTOR ( 'NONE', #2070, 1000.000000000000000 ) ;
#5960 = VERTEX_POINT ( 'NONE', #1011 ) ;
#5961 = DIRECTION ( 'NONE',  ( -0.000000000000000000, 1.000000000000000000, -0.000000000000000000 ) ) ;
#5962 = VECTOR ( 'NONE', #4214, 1000.000000000000000 ) ;
#5963 = VERTEX_POINT ( 'NONE', #2371 ) ;
#5964 = CARTESIAN_POINT ( 'NONE',  ( 35.00000000000000000, 21.00000000000000355, 12.00000000000000000 ) ) ;
#5965 = LINE ( 'NONE', #2233, #182 ) ;
#5966 = PLANE ( 'NONE',  #858 ) ;
#5967 = VERTEX_POINT ( 'NONE', #6808 ) ;
#5968 = CARTESIAN_POINT ( 'NONE',  ( 49.04999999999999716, 21.00000000000000355, 88.09999999999999432 ) ) ;
#5969 = EDGE_CURVE ( 'NONE', #3989, #131, #2011, .T. ) ;
#5970 = VECTOR ( 'NONE', #5567, 1000.000000000000227 ) ;
#5971 = VERTEX_POINT ( 'NONE', #5479 ) ;
#5972 = ORIENTED_EDGE ( 'NONE', *, *, #6293, .T. ) ;
#5973 = DIRECTION ( 'NONE',  ( -0.8660254037844387076, 0.000000000000000000, 0.4999999999999997780 ) ) ;
#5974 = AXIS2_PLACEMENT_3D ( 'NONE', #3926, #6508, #1462 ) ;
#5975 = VECTOR ( 'NONE', #13, 1000.000000000000000 ) ;
#5976 = DIRECTION ( 'NONE',  ( 0.000000000000000000, 0.000000000000000000, -1.000000000000000000 ) ) ;
#5977 = FACE_OUTER_BOUND ( 'NONE', #133, .T. ) ;
#5978 = CARTESIAN_POINT ( 'NONE',  ( 33.00000000000000000, 37.00000000000000711, 9.500000000000000000 ) ) ;
#5979 = DIRECTION ( 'NONE',  ( 0.000000000000000000, 0.000000000000000000, -1.000000000000000000 ) ) ;
#5980 = CARTESIAN_POINT ( 'NONE',  ( 23.94999999999999929, 21.00000000000000355, 88.09999999999999432 ) ) ;
#5981 = ORIENTED_EDGE ( 'NONE', *, *, #5425, .T. ) ;
#5982 = ADVANCED_FACE ( 'NONE', ( #3512 ), #4914, .F. ) ;
#5983 = CARTESIAN_POINT ( 'NONE',  ( 43.75000000000000000, 41.00000000000001421, 80.00000000000000000 ) ) ;
#5984 = EDGE_CURVE ( 'NONE', #5906, #4187, #6718, .T. ) ;
#5985 = AXIS2_PLACEMENT_3D ( 'NONE', #70, #556, #4385 ) ;
#5986 = FACE_OUTER_BOUND ( 'NONE', #4169, .T. ) ;
#5987 = CARTESIAN_POINT ( 'NONE',  ( 17.00000000000001066, 116.0000000000011795, 81.76683849253807068 ) ) ;
#5988 = EDGE_LOOP ( 'NONE', ( #5204, #198, #3195, #5747 ) ) ;
#5989 = DIRECTION ( 'NONE',  ( 0.000000000000000000, 0.000000000000000000, -1.000000000000000000 ) ) ;
#5990 = VERTEX_POINT ( 'NONE', #2896 ) ;
#5991 = FACE_BOUND ( 'NONE', #7501, .T. ) ;
#5992 = VERTEX_POINT ( 'NONE', #383 ) ;
#5993 = DIRECTION ( 'NONE',  ( -0.8660254037844387076, 0.000000000000000000, 0.4999999999999998335 ) ) ;
#5994 = CARTESIAN_POINT ( 'NONE',  ( 47.24999999999998579, 41.00000000000001421, 12.00000000000000000 ) ) ;
#5995 = EDGE_CURVE ( 'NONE', #2079, #4787, #4495, .T. ) ;
#5996 = DIRECTION ( 'NONE',  ( 1.000000000000000000, 0.000000000000000000, 0.000000000000000000 ) ) ;
#5997 = CYLINDRICAL_SURFACE ( 'NONE', #7305, 2.000000000000001776 ) ;
#5998 = EDGE_LOOP ( 'NONE', ( #7863, #1464, #2453, #4311 ) ) ;
#5999 = CARTESIAN_POINT ( 'NONE',  ( 34.99999999999999289, 61.00000000000000000, 13.79999999999999893 ) ) ;
#6000 = ORIENTED_EDGE ( 'NONE', *, *, #3133, .T. ) ;
#6001 = CARTESIAN_POINT ( 'NONE',  ( 19.80000000000002558, 115.0000000000011795, 83.38341924626902824 ) ) ;
#6002 = ORIENTED_EDGE ( 'NONE', *, *, #3540, .F. ) ;
#6003 = DIRECTION ( 'NONE',  ( 0.000000000000000000, 0.000000000000000000, 1.000000000000000000 ) ) ;
#6004 = FACE_OUTER_BOUND ( 'NONE', #170, .T. ) ;
#6006 = ORIENTED_EDGE ( 'NONE', *, *, #4789, .T. ) ;
#6005 = FACE_OUTER_BOUND ( 'NONE', #5628, .T. ) ;
#6007 = ORIENTED_EDGE ( 'NONE', *, *, #2122, .T. ) ;
#6008 = AXIS2_PLACEMENT_3D ( 'NONE', #1379, #5842, #6968 ) ;
#6009 = LINE ( 'NONE', #2237, #5844 ) ;
#6010 = ORIENTED_EDGE ( 'NONE', *, *, #6296, .F. ) ;
#6011 = FACE_OUTER_BOUND ( 'NONE', #1267, .T. ) ;
#6012 = AXIS2_PLACEMENT_3D ( 'NONE', #5869, #5243, #6607 ) ;
#6013 = LINE ( 'NONE', #1093, #4748 ) ;
#6014 = DIRECTION ( 'NONE',  ( 0.2425356250363298605, 0.9701425001453327646, 0.000000000000000000 ) ) ;
#6015 = EDGE_CURVE ( 'NONE', #2057, #4325, #558, .T. ) ;
#6016 = CARTESIAN_POINT ( 'NONE',  ( 10.78999999999999737, 90.00000000000119371, 3.000000000000002665 ) ) ;
#6017 = DIRECTION ( 'NONE',  ( 1.000000000000000000, 0.000000000000000000, 0.000000000000000000 ) ) ;
#6018 = CARTESIAN_POINT ( 'NONE',  ( 27.90000000000000213, 41.00000000000001421, 15.00000000000000000 ) ) ;
#6019 = ORIENTED_EDGE ( 'NONE', *, *, #4225, .T. ) ;
#6020 = EDGE_CURVE ( 'NONE', #5069, #7366, #4871, .T. ) ;
#6021 = DIRECTION ( 'NONE',  ( -0.000000000000000000, -0.000000000000000000, -1.000000000000000000 ) ) ;
#6022 = CARTESIAN_POINT ( 'NONE',  ( 65.80173723040354616, 63.20694892161508704, 11.40749231081185577 ) ) ;
#6023 = CARTESIAN_POINT ( 'NONE',  ( 61.99999999999999289, 134.9999999999999716, 90.00000000000000000 ) ) ;
#6024 = ORIENTED_EDGE ( 'NONE', *, *, #4739, .F. ) ;
#6025 = ADVANCED_FACE ( 'NONE', ( #6680 ), #1140, .T. ) ;
#6026 = DIRECTION ( 'NONE',  ( -0.000000000000000000, -0.000000000000000000, 1.000000000000000000 ) ) ;
#6027 = EDGE_LOOP ( 'NONE', ( #3918, #1641, #4407, #2252, #1959, #3885 ) ) ;
#6028 = EDGE_CURVE ( 'NONE', #2257, #3986, #3643, .T. ) ;
#6029 = EDGE_CURVE ( 'NONE', #3954, #1506, #6868, .T. ) ;
#6030 = CARTESIAN_POINT ( 'NONE',  ( 39.99999999999999289, 37.00000000000000711, 88.09999999999999432 ) ) ;
#6031 = VERTEX_POINT ( 'NONE', #4743 ) ;
#6032 = EDGE_LOOP ( 'NONE', ( #2674, #1841 ) ) ;
#6033 = CARTESIAN_POINT ( 'NONE',  ( 42.10000000000001563, 41.00000000000001421, 13.00000000000000178 ) ) ;
#6034 = ORIENTED_EDGE ( 'NONE', *, *, #7984, .T. ) ;
#6035 = CARTESIAN_POINT ( 'NONE',  ( 3.000000000000001332, 134.9999999999999716, 13.00000000000000178 ) ) ;
#6036 = DIRECTION ( 'NONE',  ( 0.8660254037844387076, 0.000000000000000000, 0.4999999999999999445 ) ) ;
#6037 = DIRECTION ( 'NONE',  ( -1.000000000000000000, 0.000000000000000000, -1.341352320301033088E-16 ) ) ;
#6038 = ORIENTED_EDGE ( 'NONE', *, *, #389, .T. ) ;
#6039 = DIRECTION ( 'NONE',  ( -0.000000000000000000, 1.000000000000000000, -0.000000000000000000 ) ) ;
#6040 = ORIENTED_EDGE ( 'NONE', *, *, #3869, .F. ) ;
#6041 = DIRECTION ( 'NONE',  ( 0.000000000000000000, 0.000000000000000000, -1.000000000000000000 ) ) ;
#6042 = VERTEX_POINT ( 'NONE', #3026 ) ;
#6043 = DIRECTION ( 'NONE',  ( -1.000000000000000000, -0.000000000000000000, -9.912705577010326536E-16 ) ) ;
#6044 = DIRECTION ( 'NONE',  ( -1.000000000000000000, -3.965082230804129727E-16, 0.000000000000000000 ) ) ;
#6046 = EDGE_LOOP ( 'NONE', ( #5551, #7578 ) ) ;
#6045 = DIRECTION ( 'NONE',  ( 0.000000000000000000, 0.000000000000000000, 1.000000000000000000 ) ) ;
#6047 = VECTOR ( 'NONE', #5161, 1000.000000000000000 ) ;
#6048 = ORIENTED_EDGE ( 'NONE', *, *, #4789, .F. ) ;
#6049 = LINE ( 'NONE', #1087, #4799 ) ;
#6050 = ORIENTED_EDGE ( 'NONE', *, *, #740, .T. ) ;
#6051 = ADVANCED_FACE ( 'NONE', ( #512 ), #7339, .F. ) ;
#6052 = VECTOR ( 'NONE', #4070, 1000.000000000000000 ) ;
#6053 = CARTESIAN_POINT ( 'NONE',  ( 58.00000000000000000, 118.0000000000011937, 13.00000000000000178 ) ) ;
#6054 = FACE_OUTER_BOUND ( 'NONE', #3220, .T. ) ;
#6055 = CARTESIAN_POINT ( 'NONE',  ( 0.000000000000000000, 80.00000000000109424, 15.00000000000000000 ) ) ;
#6056 = CARTESIAN_POINT ( 'NONE',  ( 65.40000000000001990, 85.00000000000115108, 46.49999999999999289 ) ) ;
#6057 = CARTESIAN_POINT ( 'NONE',  ( 5.790000000000012470, 88.00000000000119371, 85.92816150746190829 ) ) ;
#6058 = VECTOR ( 'NONE', #6515, 1000.000000000000000 ) ;
#6059 = DIRECTION ( 'NONE',  ( 1.836970198721028701E-16, 1.000000000000000000, -0.000000000000000000 ) ) ;
#6060 = ORIENTED_EDGE ( 'NONE', *, *, #7843, .F. ) ;
#6061 = EDGE_CURVE ( 'NONE', #4787, #6821, #5564, .T. ) ;
#6062 = AXIS2_PLACEMENT_3D ( 'NONE', #4695, #135, #7203 ) ;
#6063 = CARTESIAN_POINT ( 'NONE',  ( 0.9525479968240909701, 76.19508527667792919, 3.370134229392780956 ) ) ;
#6064 = CARTESIAN_POINT ( 'NONE',  ( 8.590000000000014069, 88.00000000000119371, 84.31158075373095073 ) ) ;
#6065 = ORIENTED_EDGE ( 'NONE', *, *, #7230, .T. ) ;
#6066 = PLANE ( 'NONE',  #3690 ) ;
#6067 = ADVANCED_FACE ( 'NONE', ( #7584 ), #5734, .F. ) ;
#6068 = ORIENTED_EDGE ( 'NONE', *, *, #1681, .F. ) ;
#6069 = VECTOR ( 'NONE', #86, 1000.000000000000000 ) ;
#6070 = DIRECTION ( 'NONE',  ( 0.000000000000000000, 0.000000000000000000, -1.000000000000000000 ) ) ;
#6071 = ORIENTED_EDGE ( 'NONE', *, *, #867, .T. ) ;
#6072 = EDGE_CURVE ( 'NONE', #5591, #1725, #423, .T. ) ;
#6073 = VERTEX_POINT ( 'NONE', #22 ) ;
#6074 = CARTESIAN_POINT ( 'NONE',  ( 62.00000000000000711, 139.9999999999999716, 4.999999999999995559 ) ) ;
#6075 = ORIENTED_EDGE ( 'NONE', *, *, #814, .T. ) ;
#6076 = AXIS2_PLACEMENT_3D ( 'NONE', #267, #3969, #6514 ) ;
#6077 = CARTESIAN_POINT ( 'NONE',  ( 49.99999999999997868, 0.000000000000000000, 14.00000000000003020 ) ) ;
#6078 = DIRECTION ( 'NONE',  ( 1.000000000000000000, 0.000000000000000000, 0.000000000000000000 ) ) ;
#6079 = DIRECTION ( 'NONE',  ( -0.000000000000000000, -0.000000000000000000, 1.000000000000000000 ) ) ;
#6080 = ORIENTED_EDGE ( 'NONE', *, *, #7809, .T. ) ;
#6081 = DIRECTION ( 'NONE',  ( -0.000000000000000000, -0.000000000000000000, -1.000000000000000000 ) ) ;
#6082 = EDGE_LOOP ( 'NONE', ( #5544, #7131, #2914, #4320 ) ) ;
#6083 = DIRECTION ( 'NONE',  ( 0.000000000000000000, 0.000000000000000000, -1.000000000000000000 ) ) ;
#6084 = VECTOR ( 'NONE', #3115, 1000.000000000000000 ) ;
#6085 = ORIENTED_EDGE ( 'NONE', *, *, #5041, .T. ) ;
#6086 = VECTOR ( 'NONE', #3173, 1000.000000000000000 ) ;
#6087 = LINE ( 'NONE', #5340, #2791 ) ;
#6088 = ADVANCED_FACE ( 'NONE', ( #3188 ), #1883, .F. ) ;
#6089 = DIRECTION ( 'NONE',  ( 0.000000000000000000, 0.000000000000000000, 1.000000000000000000 ) ) ;
#6091 = ORIENTED_EDGE ( 'NONE', *, *, #5552, .F. ) ;
#6090 = DIRECTION ( 'NONE',  ( -0.000000000000000000, 0.000000000000000000, -1.000000000000000000 ) ) ;
#6092 = CIRCLE ( 'NONE', #6618, 14.05000000000000071 ) ;
#6093 = VERTEX_POINT ( 'NONE', #5651 ) ;
#6094 = CARTESIAN_POINT ( 'NONE',  ( 32.99999999999999289, 37.00000000000000711, 83.50000000000000000 ) ) ;
#6095 = ORIENTED_EDGE ( 'NONE', *, *, #5720, .F. ) ;
#6096 = CIRCLE ( 'NONE', #5836, 3.499999999999985789 ) ;
#6097 = ORIENTED_EDGE ( 'NONE', *, *, #4832, .T. ) ;
#6098 = LINE ( 'NONE', #2287, #1619 ) ;
#6099 = DIRECTION ( 'NONE',  ( -0.000000000000000000, -0.000000000000000000, 1.000000000000000000 ) ) ;
#6100 = LINE ( 'NONE', #1846, #4643 ) ;
#6101 = VECTOR ( 'NONE', #6720, 1000.000000000000000 ) ;
#6102 = CARTESIAN_POINT ( 'NONE',  ( 69.99999999999998579, 81.58800596674578287, 93.00000000000000000 ) ) ;
#6103 = ADVANCED_FACE ( 'NONE', ( #3724 ), #6227, .T. ) ;
#6104 = LINE ( 'NONE', #2944, #3876 ) ;
#6105 = CARTESIAN_POINT ( 'NONE',  ( 61.99999999999999289, 145.0000000000000000, 88.00000000000000000 ) ) ;
#6106 = ORIENTED_EDGE ( 'NONE', *, *, #2875, .T. ) ;
#6107 = AXIS2_PLACEMENT_3D ( 'NONE', #5888, #796, #3303 ) ;
#6108 = VECTOR ( 'NONE', #5555, 1000.000000000000000 ) ;
#6109 = CARTESIAN_POINT ( 'NONE',  ( 10.79000000000000092, 90.00000000000119371, 78.00000000000001421 ) ) ;
#6110 = AXIS2_PLACEMENT_3D ( 'NONE', #367, #2844, #284 ) ;
#6111 = ORIENTED_EDGE ( 'NONE', *, *, #6705, .F. ) ;
#6112 = FACE_OUTER_BOUND ( 'NONE', #5584, .T. ) ;
#6113 = ORIENTED_EDGE ( 'NONE', *, *, #2925, .T. ) ;
#6114 = DIRECTION ( 'NONE',  ( 0.000000000000000000, 0.000000000000000000, 1.000000000000000000 ) ) ;
#6115 = VERTEX_POINT ( 'NONE', #3806 ) ;
#6116 = VERTEX_POINT ( 'NONE', #1308 ) ;
#6117 = VECTOR ( 'NONE', #1980, 1000.000000000000000 ) ;
#6118 = DIRECTION ( 'NONE',  ( 0.8660254037844388186, 0.000000000000000000, 0.4999999999999997224 ) ) ;
#6119 = CARTESIAN_POINT ( 'NONE',  ( 17.00000000000000000, 115.0000000000011795, 8.000000000000000000 ) ) ;
#6120 = CARTESIAN_POINT ( 'NONE',  ( 57.99999999999999289, 115.0000000000011795, 80.00000000000000000 ) ) ;
#6121 = ADVANCED_FACE ( 'NONE', ( #2539, #1928 ), #4957, .F. ) ;
#6122 = CARTESIAN_POINT ( 'NONE',  ( 3.000000000000000000, 139.9999999999999716, 6.400000000000011902 ) ) ;
#6123 = ORIENTED_EDGE ( 'NONE', *, *, #6168, .T. ) ;
#6124 = CARTESIAN_POINT ( 'NONE',  ( 50.20000000000000284, 115.0000000000011795, 9.616580753730946896 ) ) ;
#6125 = VECTOR ( 'NONE', #5606, 1000.000000000000000 ) ;
#6126 = ORIENTED_EDGE ( 'NONE', *, *, #980, .T. ) ;
#6127 = DIRECTION ( 'NONE',  ( 0.000000000000000000, 0.000000000000000000, -1.000000000000000000 ) ) ;
#6128 = ORIENTED_EDGE ( 'NONE', *, *, #3867, .T. ) ;
#6129 = EDGE_LOOP ( 'NONE', ( #398, #6050, #2296, #3453, #347 ) ) ;
#6130 = DIRECTION ( 'NONE',  ( 1.000000000000000000, 0.000000000000000000, 0.000000000000000000 ) ) ;
#6131 = DIRECTION ( 'NONE',  ( 0.000000000000000000, 1.000000000000000000, -0.000000000000000000 ) ) ;
#6133 = ORIENTED_EDGE ( 'NONE', *, *, #1589, .T. ) ;
#6132 = LINE ( 'NONE', #4289, #467 ) ;
#6134 = ORIENTED_EDGE ( 'NONE', *, *, #7303, .F. ) ;
#6135 = DIRECTION ( 'NONE',  ( -0.000000000000000000, -0.000000000000000000, 1.000000000000000000 ) ) ;
#6136 = ORIENTED_EDGE ( 'NONE', *, *, #3228, .F. ) ;
#6137 = EDGE_CURVE ( 'NONE', #6343, #4246, #106, .T. ) ;
#6138 = ADVANCED_FACE ( 'NONE', ( #599, #5077 ), #2455, .T. ) ;
#6139 = EDGE_CURVE ( 'NONE', #784, #705, #2408, .T. ) ;
#6140 = ORIENTED_EDGE ( 'NONE', *, *, #6956, .T. ) ;
#6141 = DIRECTION ( 'NONE',  ( -0.000000000000000000, 0.000000000000000000, 1.000000000000000000 ) ) ;
#6142 = DIRECTION ( 'NONE',  ( -0.000000000000000000, -0.000000000000000000, -1.000000000000000000 ) ) ;
#6143 = VECTOR ( 'NONE', #5217, 1000.000000000000000 ) ;
#6144 = LINE ( 'NONE', #2897, #433 ) ;
#6145 = DIRECTION ( 'NONE',  ( 1.000000000000000000, 0.000000000000000000, 0.000000000000000000 ) ) ;
#6146 = FACE_OUTER_BOUND ( 'NONE', #1455, .T. ) ;
#6147 = DIRECTION ( 'NONE',  ( 0.000000000000000000, -0.000000000000000000, -1.000000000000000000 ) ) ;
#6148 = VERTEX_POINT ( 'NONE', #6274 ) ;
#6149 = VECTOR ( 'NONE', #4940, 1000.000000000000000 ) ;
#6150 = EDGE_CURVE ( 'NONE', #6158, #1031, #678, .T. ) ;
#6151 = DIRECTION ( 'NONE',  ( 1.000000000000000000, -0.000000000000000000, -0.000000000000000000 ) ) ;
#6152 = DIRECTION ( 'NONE',  ( -0.000000000000000000, 1.000000000000000000, -0.000000000000000000 ) ) ;
#6153 = ORIENTED_EDGE ( 'NONE', *, *, #1353, .T. ) ;
#6154 = DIRECTION ( 'NONE',  ( 0.2425356250363298327, 0.9701425001453326535, 0.000000000000000000 ) ) ;
#6155 = ORIENTED_EDGE ( 'NONE', *, *, #3694, .T. ) ;
#6156 = EDGE_CURVE ( 'NONE', #7856, #3466, #6310, .T. ) ;
#6157 = CARTESIAN_POINT ( 'NONE',  ( 70.00000000000000000, 139.9999999999999716, 84.99999999999998579 ) ) ;
#6158 = VERTEX_POINT ( 'NONE', #6352 ) ;
#6159 = VERTEX_POINT ( 'NONE', #1845 ) ;
#6160 = PLANE ( 'NONE',  #6348 ) ;
#6161 = CARTESIAN_POINT ( 'NONE',  ( 19.80000000000002558, 116.0000000000011795, 86.61658075373097176 ) ) ;
#6162 = CARTESIAN_POINT ( 'NONE',  ( 9.999999999999971578, 90.00000000000119371, 75.00000000000001421 ) ) ;
#6163 = VERTEX_POINT ( 'NONE', #4461 ) ;
#6164 = CARTESIAN_POINT ( 'NONE',  ( 47.24999999999998579, 41.00000000000001421, 81.00000000000000000 ) ) ;
#6165 = VERTEX_POINT ( 'NONE', #7503 ) ;
#6166 = CARTESIAN_POINT ( 'NONE',  ( 43.75000000000000000, 41.00000000000001421, 77.00000000000000000 ) ) ;
#6167 = VERTEX_POINT ( 'NONE', #7013 ) ;
#6168 = EDGE_CURVE ( 'NONE', #3135, #2447, #4338, .T. ) ;
#6169 = EDGE_CURVE ( 'NONE', #8109, #418, #6844, .T. ) ;
#6170 = VERTEX_POINT ( 'NONE', #6894 ) ;
#6171 = CYLINDRICAL_SURFACE ( 'NONE', #1366, 14.05000000000000071 ) ;
#6172 = DIRECTION ( 'NONE',  ( -1.000000000000000000, 0.000000000000000000, -0.000000000000000000 ) ) ;
#6174 = VERTEX_POINT ( 'NONE', #5692 ) ;
#6173 = DIRECTION ( 'NONE',  ( -1.000000000000000000, 0.000000000000000000, 0.000000000000000000 ) ) ;
#6175 = VERTEX_POINT ( 'NONE', #66 ) ;
#6176 = CARTESIAN_POINT ( 'NONE',  ( 69.99999999999998579, 134.9999999999999716, 90.00000000000000000 ) ) ;
#6177 = ORIENTED_EDGE ( 'NONE', *, *, #2254, .T. ) ;
#6178 = ORIENTED_EDGE ( 'NONE', *, *, #3558, .F. ) ;
#6179 = DIRECTION ( 'NONE',  ( 1.000000000000000000, 0.000000000000000000, 0.000000000000000000 ) ) ;
#6180 = CARTESIAN_POINT ( 'NONE',  ( 3.000000000000000000, 139.9999999999999716, 6.400000000000011902 ) ) ;
#6181 = VECTOR ( 'NONE', #438, 1000.000000000000000 ) ;
#6182 = DIRECTION ( 'NONE',  ( 0.000000000000000000, -0.000000000000000000, 1.000000000000000000 ) ) ;
#6183 = DIRECTION ( 'NONE',  ( 0.000000000000000000, 1.000000000000000000, 0.000000000000000000 ) ) ;
#6184 = CARTESIAN_POINT ( 'NONE',  ( 10.79000000000000092, 82.00000000000117950, 78.00000000000001421 ) ) ;
#6185 = CARTESIAN_POINT ( 'NONE',  ( 69.04746271613926467, 76.19508670576493614, 3.370134366010263172 ) ) ;
#6186 = CARTESIAN_POINT ( 'NONE',  ( 5.790000000000016911, 88.00000000000119371, 79.46183849253809228 ) ) ;
#6187 = VERTEX_POINT ( 'NONE', #2581 ) ;
#6188 = VECTOR ( 'NONE', #4475, 1000.000000000000000 ) ;
#6189 = CARTESIAN_POINT ( 'NONE',  ( 5.790000000000012470, 90.00000000000119371, 85.92816150746190829 ) ) ;
#6190 = LINE ( 'NONE', #568, #4749 ) ;
#6191 = AXIS2_PLACEMENT_3D ( 'NONE', #1319, #1972, #3814 ) ;
#6192 = EDGE_CURVE ( 'NONE', #2179, #4270, #7773, .T. ) ;
#6193 = VECTOR ( 'NONE', #5000, 1000.000000000000227 ) ;
#6194 = ORIENTED_EDGE ( 'NONE', *, *, #7630, .T. ) ;
#6195 = DIRECTION ( 'NONE',  ( 1.000000000000000000, 0.000000000000000000, 0.000000000000000000 ) ) ;
#6196 = VERTEX_POINT ( 'NONE', #5301 ) ;
#6197 = ADVANCED_FACE ( 'NONE', ( #4610 ), #295, .T. ) ;
#6198 = VERTEX_POINT ( 'NONE', #4075 ) ;
#6199 = AXIS2_PLACEMENT_3D ( 'NONE', #3598, #6099, #5438 ) ;
#6200 = AXIS2_PLACEMENT_3D ( 'NONE', #5084, #2007, #8090 ) ;
#6201 = ORIENTED_EDGE ( 'NONE', *, *, #2276, .T. ) ;
#6202 = DIRECTION ( 'NONE',  ( 0.000000000000000000, 0.000000000000000000, -1.000000000000000000 ) ) ;
#6203 = EDGE_CURVE ( 'NONE', #7770, #4353, #256, .T. ) ;
#6204 = LINE ( 'NONE', #6826, #4650 ) ;
#6205 = LINE ( 'NONE', #3823, #2977 ) ;
#6206 = AXIS2_PLACEMENT_3D ( 'NONE', #2523, #3831, #248 ) ;
#6207 = EDGE_LOOP ( 'NONE', ( #7739, #5560 ) ) ;
#6208 = LINE ( 'NONE', #1788, #6291 ) ;
#6209 = ORIENTED_EDGE ( 'NONE', *, *, #5753, .T. ) ;
#6210 = DIRECTION ( 'NONE',  ( -0.000000000000000000, -0.000000000000000000, 1.000000000000000000 ) ) ;
#6211 = ORIENTED_EDGE ( 'NONE', *, *, #1177, .F. ) ;
#6212 = ADVANCED_FACE ( 'NONE', ( #2651, #7702 ), #1543, .T. ) ;
#6213 = VECTOR ( 'NONE', #3533, 1000.000000000000000 ) ;
#6214 = VECTOR ( 'NONE', #1115, 1000.000000000000000 ) ;
#6215 = ORIENTED_EDGE ( 'NONE', *, *, #6853, .T. ) ;
#6216 = CARTESIAN_POINT ( 'NONE',  ( 26.24999999999999645, 41.00000000000001421, 81.00000000000000000 ) ) ;
#6217 = DIRECTION ( 'NONE',  ( 1.000000000000000000, 0.000000000000000000, 0.000000000000000000 ) ) ;
#6219 = ORIENTED_EDGE ( 'NONE', *, *, #4788, .F. ) ;
#6218 = LINE ( 'NONE', #3759, #1404 ) ;
#6220 = VERTEX_POINT ( 'NONE', #5221 ) ;
#6221 = DIRECTION ( 'NONE',  ( 1.000000000000000000, 0.000000000000000000, 0.000000000000000000 ) ) ;
#6222 = VECTOR ( 'NONE', #2497, 1000.000000000000227 ) ;
#6223 = ORIENTED_EDGE ( 'NONE', *, *, #3734, .F. ) ;
#6224 = ORIENTED_EDGE ( 'NONE', *, *, #4837, .T. ) ;
#6225 = CYLINDRICAL_SURFACE ( 'NONE', #6340, 1.600000000000004086 ) ;
#6226 = VECTOR ( 'NONE', #5372, 1000.000000000000114 ) ;
#6227 = CYLINDRICAL_SURFACE ( 'NONE', #3055, 14.05000000000000426 ) ;
#6228 = ADVANCED_FACE ( 'NONE', ( #953 ), #1580, .F. ) ;
#6229 = LINE ( 'NONE', #136, #6222 ) ;
#6230 = PLANE ( 'NONE',  #2442 ) ;
#6231 = LINE ( 'NONE', #4917, #1266 ) ;
#6232 = DIRECTION ( 'NONE',  ( -0.000000000000000000, -0.000000000000000000, 1.000000000000000000 ) ) ;
#6233 = CLOSED_SHELL ( 'NONE', ( #2480, #669, #1059, #5637, #1785, #4032, #4450, #2984, #2062, #5525, #891, #1513, #4045, #6103, #4478, #5908, #8031, #212, #4887, #7744, #4900, #4785, #3409, #4118, #4458, #6051, #1716, #3933, #5566, #4287, #3738, #6743, #4212, #1249, #6228, #422, #4752, #6422, #5783, #1288, #2210, #7796, #1420, #127, #972, #7793, #5198, #6951, #5447, #7782, #7222, #4180, #5840, #7349, #2894, #4635, #7482, #805, #4262, #3082, #4072, #6067, #3508, #7264, #7395, #210, #209, #4992, #1176, #6262, #4744, #19, #906, #6197, #1633, #2126, #5689, #6474, #3235, #2861, #4679, #7658, #4852, #2704, #4935, #1364, #5820, #5020, #526, #4301, #4335, #4520, #719, #1951, #7032, #6423, #7915, #1112, #5469, #1492, #4194, #1231, #5131, #1594, #2170, #3325, #3329, #758, #7315, #6212, #5467, #7127, #1720, #1890, #1682, #8068, #1820, #3594, #835, #7099, #3610, #6549, #4019, #2225, #3030, #5306, #5751, #2484, #3901, #4150, #7455, #6138, #6889, #7997, #4598, #3630, #604, #2533, #3405, #5880, #5005, #8123, #3086, #5982, #3818, #6849, #4540, #6025, #7499, #6502, #6292, #5928, #1205, #4938, #5910, #272, #328, #4676, #7599, #527, #656, #1924, #6926, #5639, #1529, #4876, #160, #1236, #4183, #4921, #5174, #6640, #6121, #1246, #3320, #2135, #5745, #1528, #4608, #2, #1385, #2416, #1286, #2743, #1413, #3398, #5121, #2379, #5406, #3526, #6451, #2594, #1664, #2732, #5527, #3369, #7490, #3975, #2084, #2769, #2262, #7601, #4766, #6555, #513, #5780, #6088, #4872, #6726, #1993, #5338, #3859, #6394, #4701, #7543, #4375, #6727, #2595, #7419, #4472, #6695, #7617, #6430, #6970, #7590, #6589, #8056, #3756, #2499, #5207, #4071, #4073, #2172, #1938, #2028, #2578, #2967, #157, #4108, #7741, #2486, #33, #1399, #907, #1102, #4683, #7042, #5598, #1892, #1975, #6379, #1021 ) ) ;
#6234 = FACE_OUTER_BOUND ( 'NONE', #3164, .T. ) ;
#6235 = ORIENTED_EDGE ( 'NONE', *, *, #6442, .T. ) ;
#6236 = CARTESIAN_POINT ( 'NONE',  ( 47.55833333333332291, 77.00000000000109424, 81.00000000000001421 ) ) ;
#6237 = VECTOR ( 'NONE', #5616, 1000.000000000000114 ) ;
#6238 = CARTESIAN_POINT ( 'NONE',  ( 0.000000000000000000, 145.0000000000000000, 3.000000000000000000 ) ) ;
#6239 = DIRECTION ( 'NONE',  ( 1.000000000000000000, 0.000000000000000000, -9.912705577010326536E-16 ) ) ;
#6240 = VERTEX_POINT ( 'NONE', #7735 ) ;
#6241 = EDGE_CURVE ( 'NONE', #7476, #6163, #2112, .T. ) ;
#6242 = EDGE_CURVE ( 'NONE', #2572, #8131, #5883, .T. ) ;
#6243 = CARTESIAN_POINT ( 'NONE',  ( 6.999999999999969802, 82.00000000000117950, 18.00000000000001776 ) ) ;
#6244 = AXIS2_PLACEMENT_3D ( 'NONE', #8086, #2301, #6943 ) ;
#6245 = VECTOR ( 'NONE', #427, 1000.000000000000000 ) ;
#6246 = ORIENTED_EDGE ( 'NONE', *, *, #867, .F. ) ;
#6247 = EDGE_CURVE ( 'NONE', #1086, #3631, #2038, .T. ) ;
#6248 = ORIENTED_EDGE ( 'NONE', *, *, #4059, .T. ) ;
#6249 = EDGE_CURVE ( 'NONE', #1444, #1162, #3957, .T. ) ;
#6250 = EDGE_CURVE ( 'NONE', #7768, #1392, #178, .T. ) ;
#6251 = EDGE_CURVE ( 'NONE', #4018, #3755, #6577, .T. ) ;
#6252 = LINE ( 'NONE', #488, #2678 ) ;
#6253 = CIRCLE ( 'NONE', #7958, 5.199999999999996625 ) ;
#6254 = DIRECTION ( 'NONE',  ( -1.000000000000000000, 0.000000000000000000, 0.000000000000000000 ) ) ;
#6255 = CARTESIAN_POINT ( 'NONE',  ( 69.04614445236299503, 76.19513233895796134, 89.63000266819453543 ) ) ;
#6256 = ORIENTED_EDGE ( 'NONE', *, *, #4404, .T. ) ;
#6257 = CARTESIAN_POINT ( 'NONE',  ( 16.99999999999999645, 116.0000000000011795, 4.766838492538091110 ) ) ;
#6258 = EDGE_LOOP ( 'NONE', ( #3363, #7249, #7733, #959 ) ) ;
#6259 = FACE_OUTER_BOUND ( 'NONE', #7510, .T. ) ;
#6260 = EDGE_LOOP ( 'NONE', ( #3568, #6696, #5348, #5877 ) ) ;
#6261 = VECTOR ( 'NONE', #4031, 1000.000000000000000 ) ;
#6262 = ADVANCED_FACE ( 'NONE', ( #5919 ), #4575, .F. ) ;
#6263 = VERTEX_POINT ( 'NONE', #3298 ) ;
#6264 = DIRECTION ( 'NONE',  ( 0.000000000000000000, 0.000000000000000000, 1.000000000000000000 ) ) ;
#6265 = FACE_OUTER_BOUND ( 'NONE', #4322, .T. ) ;
#6266 = AXIS2_PLACEMENT_3D ( 'NONE', #6870, #7446, #621 ) ;
#6268 = EDGE_LOOP ( 'NONE', ( #6113, #5276, #2660, #4418 ) ) ;
#6267 = PLANE ( 'NONE',  #335 ) ;
#6269 = ORIENTED_EDGE ( 'NONE', *, *, #4435, .F. ) ;
#6270 = PLANE ( 'NONE',  #1673 ) ;
#6271 = EDGE_LOOP ( 'NONE', ( #7717, #7036, #6177, #6608, #4245, #7202, #831 ) ) ;
#6272 = ORIENTED_EDGE ( 'NONE', *, *, #3155, .T. ) ;
#6273 = LINE ( 'NONE', #641, #2017 ) ;
#6274 = CARTESIAN_POINT ( 'NONE',  ( 0.7899999999999964828, 82.00000000000117950, 51.50000000000000711 ) ) ;
#6275 = CARTESIAN_POINT ( 'NONE',  ( 0.000000000000000000, 0.000000000000000000, 12.00000000000000000 ) ) ;
#6276 = CARTESIAN_POINT ( 'NONE',  ( 35.00000000000000000, 21.00000000000000355, 4.900000000000000355 ) ) ;
#6277 = DIRECTION ( 'NONE',  ( 0.000000000000000000, -0.000000000000000000, -1.000000000000000000 ) ) ;
#6278 = DIRECTION ( 'NONE',  ( 0.8660254037844375974, 0.000000000000000000, -0.5000000000000019984 ) ) ;
#6279 = CARTESIAN_POINT ( 'NONE',  ( 59.20999999999999375, 82.00000000000117950, 78.00000000000001421 ) ) ;
#6280 = ORIENTED_EDGE ( 'NONE', *, *, #5686, .T. ) ;
#6281 = FACE_OUTER_BOUND ( 'NONE', #6782, .T. ) ;
#6282 = EDGE_CURVE ( 'NONE', #2703, #6606, #1226, .T. ) ;
#6283 = CARTESIAN_POINT ( 'NONE',  ( 69.20999999999999375, 90.00000000000117950, 3.000000000000002665 ) ) ;
#6284 = FACE_BOUND ( 'NONE', #3358, .T. ) ;
#6285 = CARTESIAN_POINT ( 'NONE',  ( 30.00000000000000355, 34.13021325036269360, 12.00000000000000000 ) ) ;
#6286 = B_SPLINE_CURVE_WITH_KNOTS ( 'NONE', 3,
 ( #2822, #3471, #883, #2123 ),
 .UNSPECIFIED., .F., .F.,
 ( 4, 4 ),
 ( 0.000000000000000000, 1.000000000000000000 ),
 .UNSPECIFIED. ) ;
#6287 = PLANE ( 'NONE',  #4348 ) ;
#6288 = VECTOR ( 'NONE', #6039, 1000.000000000000000 ) ;
#6289 = VERTEX_POINT ( 'NONE', #3458 ) ;
#6290 = DIRECTION ( 'NONE',  ( 0.000000000000000000, 0.000000000000000000, 1.000000000000000000 ) ) ;
#6291 = VECTOR ( 'NONE', #6749, 1000.000000000000000 ) ;
#6292 = ADVANCED_FACE ( 'NONE', ( #5807 ), #7818, .F. ) ;
#6293 = EDGE_CURVE ( 'NONE', #7783, #3864, #5187, .T. ) ;
#6294 = CARTESIAN_POINT ( 'NONE',  ( 19.80000000000002558, 115.0000000000011795, 86.61658075373097176 ) ) ;
#6295 = CARTESIAN_POINT ( 'NONE',  ( 55.79999999999998295, 116.0000000000011795, 9.616580753730952225 ) ) ;
#6296 = EDGE_CURVE ( 'NONE', #878, #8109, #911, .T. ) ;
#6297 = ORIENTED_EDGE ( 'NONE', *, *, #2841, .F. ) ;
#6298 = CARTESIAN_POINT ( 'NONE',  ( 42.10000000000000142, 41.00000000000001421, 80.00000000000000000 ) ) ;
#6299 = ORIENTED_EDGE ( 'NONE', *, *, #5641, .T. ) ;
#6300 = FACE_OUTER_BOUND ( 'NONE', #4728, .T. ) ;
#6301 = DIRECTION ( 'NONE',  ( -1.000000000000000000, 0.000000000000000000, 0.000000000000000000 ) ) ;
#6302 = CARTESIAN_POINT ( 'NONE',  ( 70.00000000000000000, 134.9999999999999716, 13.00000000000000178 ) ) ;
#6304 = ORIENTED_EDGE ( 'NONE', *, *, #2389, .F. ) ;
#6303 = CARTESIAN_POINT ( 'NONE',  ( 8.590000000000014069, 88.00000000000119371, 84.31158075373095073 ) ) ;
#6305 = ORIENTED_EDGE ( 'NONE', *, *, #5984, .F. ) ;
#6306 = DIRECTION ( 'NONE',  ( 1.000000000000000000, -0.000000000000000000, -0.000000000000000000 ) ) ;
#6307 = ORIENTED_EDGE ( 'NONE', *, *, #7098, .T. ) ;
#6308 = ORIENTED_EDGE ( 'NONE', *, *, #3372, .T. ) ;
#6309 = DIRECTION ( 'NONE',  ( -0.000000000000000000, 1.000000000000000000, -0.000000000000000000 ) ) ;
#6310 = LINE ( 'NONE', #642, #3710 ) ;
#6311 = CARTESIAN_POINT ( 'NONE',  ( 52.99999999999997868, 116.0000000000011795, 88.23316150746188669 ) ) ;
#6312 = LINE ( 'NONE', #8084, #6372 ) ;
#6313 = DIRECTION ( 'NONE',  ( 0.000000000000000000, 0.000000000000000000, 1.000000000000000000 ) ) ;
#6314 = EDGE_CURVE ( 'NONE', #2908, #1705, #6708, .T. ) ;
#6315 = CARTESIAN_POINT ( 'NONE',  ( 34.99999999999999289, 61.00000000000000711, 78.00000000000000000 ) ) ;
#6316 = CARTESIAN_POINT ( 'NONE',  ( 3.092329219213246549, 80.00000000000110845, 15.00000000000000000 ) ) ;
#6317 = VERTEX_POINT ( 'NONE', #1167 ) ;
#6318 = CARTESIAN_POINT ( 'NONE',  ( 61.40999999999997527, 88.00000000000119371, 8.688419246269049268 ) ) ;
#6319 = LINE ( 'NONE', #6283, #2535 ) ;
#6320 = CARTESIAN_POINT ( 'NONE',  ( 26.24999999999999645, 41.00000000000001421, 80.00000000000000000 ) ) ;
#6321 = LINE ( 'NONE', #7434, #7384 ) ;
#6322 = AXIS2_PLACEMENT_3D ( 'NONE', #1685, #7304, #4259 ) ;
#6323 = CARTESIAN_POINT ( 'NONE',  ( 50.20000000000000284, 116.0000000000011795, 6.383419246269049552 ) ) ;
#6324 = ORIENTED_EDGE ( 'NONE', *, *, #406, .F. ) ;
#6325 = EDGE_CURVE ( 'NONE', #7317, #1722, #1756, .T. ) ;
#6326 = CARTESIAN_POINT ( 'NONE',  ( 1.396603020596014266, 74.41358791761695102, 87.09761622585490670 ) ) ;
#6327 = AXIS2_PLACEMENT_3D ( 'NONE', #3582, #6083, #455 ) ;
#6328 = EDGE_CURVE ( 'NONE', #6220, #1990, #1706, .T. ) ;
#6329 = FACE_OUTER_BOUND ( 'NONE', #3664, .T. ) ;
#6330 = VERTEX_POINT ( 'NONE', #4904 ) ;
#6331 = DIRECTION ( 'NONE',  ( 0.000000000000000000, 0.000000000000000000, -1.000000000000000000 ) ) ;
#6332 = AXIS2_PLACEMENT_3D ( 'NONE', #1103, #3688, #1770 ) ;
#6333 = EDGE_CURVE ( 'NONE', #7776, #5462, #6087, .T. ) ;
#6334 = ORIENTED_EDGE ( 'NONE', *, *, #145, .T. ) ;
#6335 = VECTOR ( 'NONE', #4713, 1000.000000000000000 ) ;
#6336 = CARTESIAN_POINT ( 'NONE',  ( 63.00000000000002842, 82.00000000000117950, 74.99999999999998579 ) ) ;
#6337 = B_SPLINE_CURVE_WITH_KNOTS ( 'NONE', 3,
 ( #7330, #7775, #6580, #2767 ),
 .UNSPECIFIED., .F., .F.,
 ( 4, 4 ),
 ( 0.000000000000000000, 1.000000000000000000 ),
 .UNSPECIFIED. ) ;
#6338 = VECTOR ( 'NONE', #3502, 1000.000000000000000 ) ;
#6339 = DIRECTION ( 'NONE',  ( 1.000000000000000000, 0.000000000000000000, 0.000000000000000000 ) ) ;
#6340 = AXIS2_PLACEMENT_3D ( 'NONE', #1882, #5650, #1960 ) ;
#6341 = LINE ( 'NONE', #711, #4783 ) ;
#6343 = VERTEX_POINT ( 'NONE', #4730 ) ;
#6342 = DIRECTION ( 'NONE',  ( 0.000000000000000000, 0.000000000000000000, -1.000000000000000000 ) ) ;
#6344 = ORIENTED_EDGE ( 'NONE', *, *, #6681, .T. ) ;
#6345 = CARTESIAN_POINT ( 'NONE',  ( 35.00000000000000000, 21.00000000000000355, 13.79999999999999893 ) ) ;
#6346 = EDGE_LOOP ( 'NONE', ( #3054, #4148, #971, #1195 ) ) ;
#6347 = VECTOR ( 'NONE', #4645, 1000.000000000000000 ) ;
#6348 = AXIS2_PLACEMENT_3D ( 'NONE', #8058, #7975, #2472 ) ;
#6349 = EDGE_CURVE ( 'NONE', #6148, #3564, #1127, .T. ) ;
#6350 = VERTEX_POINT ( 'NONE', #7411 ) ;
#6351 = DIRECTION ( 'NONE',  ( -1.000000000000000000, -0.000000000000000000, -0.000000000000000000 ) ) ;
#6352 = CARTESIAN_POINT ( 'NONE',  ( 24.60000000000000497, 41.00000000000001421, 13.00000000000000178 ) ) ;
#6353 = CARTESIAN_POINT ( 'NONE',  ( 0.000000000000000000, 139.9999999999999716, 84.99999999999998579 ) ) ;
#6354 = LINE ( 'NONE', #2114, #4805 ) ;
#6355 = VECTOR ( 'NONE', #2551, 1000.000000000000000 ) ;
#6356 = DIRECTION ( 'NONE',  ( -0.9701425001453326535, -0.2425356250363299437, 0.000000000000000000 ) ) ;
#6357 = CARTESIAN_POINT ( 'NONE',  ( 8.171579495429375228, 76.17542139760718101, 51.50000000000000000 ) ) ;
#6358 = CARTESIAN_POINT ( 'NONE',  ( 70.00000000000000000, 80.00000000000117950, 3.000000000000000000 ) ) ;
#6359 = VERTEX_POINT ( 'NONE', #7857 ) ;
#6360 = VECTOR ( 'NONE', #5768, 1000.000000000000000 ) ;
#6361 = LINE ( 'NONE', #1230, #4755 ) ;
#6362 = CARTESIAN_POINT ( 'NONE',  ( 19.80000000000002558, 116.0000000000011795, 83.38341924626902824 ) ) ;
#6363 = EDGE_CURVE ( 'NONE', #2194, #6446, #1361, .T. ) ;
#6364 = CARTESIAN_POINT ( 'NONE',  ( 43.75000000000000000, 41.00000000000001421, 80.00000000000000000 ) ) ;
#6365 = CARTESIAN_POINT ( 'NONE',  ( 8.171579495429375228, 76.17542139760718101, 0.000000000000000000 ) ) ;
#6366 = CIRCLE ( 'NONE', #6759, 6.000000000000000000 ) ;
#6367 = CARTESIAN_POINT ( 'NONE',  ( 30.99999999999999289, 56.99999999999999289, 15.00000000000000000 ) ) ;
#6368 = ORIENTED_EDGE ( 'NONE', *, *, #5575, .F. ) ;
#6369 = VECTOR ( 'NONE', #1849, 1000.000000000000000 ) ;
#6370 = CARTESIAN_POINT ( 'NONE',  ( 1.423881831752214833, 74.30447267299217629, 86.98262445850313895 ) ) ;
#6371 = LINE ( 'NONE', #701, #4675 ) ;
#6372 = VECTOR ( 'NONE', #515, 1000.000000000000114 ) ;
#6373 = ORIENTED_EDGE ( 'NONE', *, *, #1541, .T. ) ;
#6374 = LINE ( 'NONE', #2023, #7201 ) ;
#6375 = ORIENTED_EDGE ( 'NONE', *, *, #5608, .F. ) ;
#6376 = DIRECTION ( 'NONE',  ( -1.000000000000000000, 0.000000000000000000, 0.000000000000000000 ) ) ;
#6377 = AXIS2_PLACEMENT_3D ( 'NONE', #7587, #2584, #7663 ) ;
#6378 = ORIENTED_EDGE ( 'NONE', *, *, #7898, .F. ) ;
#6379 = ADVANCED_FACE ( 'NONE', ( #1794 ), #6799, .T. ) ;
#6380 = FACE_OUTER_BOUND ( 'NONE', #5016, .T. ) ;
#6381 = CARTESIAN_POINT ( 'NONE',  ( 0.000000000000000000, 81.58800596674575445, 5.999999999999982236 ) ) ;
#6382 = PLANE ( 'NONE',  #4664 ) ;
#6383 = ORIENTED_EDGE ( 'NONE', *, *, #1521, .F. ) ;
#6384 = CARTESIAN_POINT ( 'NONE',  ( 67.01000000000000512, 88.00000000000119371, 8.688419246269049268 ) ) ;
#6385 = AXIS2_PLACEMENT_3D ( 'NONE', #6745, #579, #4815 ) ;
#6386 = VERTEX_POINT ( 'NONE', #2975 ) ;
#6387 = ORIENTED_EDGE ( 'NONE', *, *, #311, .F. ) ;
#6388 = DIRECTION ( 'NONE',  ( 0.000000000000000000, 1.000000000000000000, 0.000000000000000000 ) ) ;
#6389 = VECTOR ( 'NONE', #6278, 999.9999999999998863 ) ;
#6390 = CARTESIAN_POINT ( 'NONE',  ( 63.20000000000000284, 139.9999999999999716, 5.999999999999998224 ) ) ;
#6391 = DIRECTION ( 'NONE',  ( 0.000000000000000000, 0.000000000000000000, 1.000000000000000000 ) ) ;
#6392 = CARTESIAN_POINT ( 'NONE',  ( 48.00000000000000000, 118.0000000000011937, 3.000000000000000000 ) ) ;
#6393 = CARTESIAN_POINT ( 'NONE',  ( 22.00000000000002132, 115.0000000000011795, 80.00000000000000000 ) ) ;
#6394 = ADVANCED_FACE ( 'NONE', ( #3632 ), #2929, .F. ) ;
#6395 = CARTESIAN_POINT ( 'NONE',  ( 5.789999999999997371, 88.00000000000119371, 7.071838492538093490 ) ) ;
#6396 = EDGE_CURVE ( 'NONE', #8022, #5418, #1618, .T. ) ;
#6397 = ORIENTED_EDGE ( 'NONE', *, *, #3309, .T. ) ;
#6398 = EDGE_CURVE ( 'NONE', #5145, #2684, #5428, .T. ) ;
#6399 = LINE ( 'NONE', #2623, #3179 ) ;
#6400 = CIRCLE ( 'NONE', #2850, 11.04999999999999716 ) ;
#6401 = EDGE_LOOP ( 'NONE', ( #5487, #3579, #5512, #7020 ) ) ;
#6402 = CARTESIAN_POINT ( 'NONE',  ( 22.44166666666660603, 77.00000000000109424, 81.00000000000001421 ) ) ;
#6403 = CARTESIAN_POINT ( 'NONE',  ( 37.00000000000000000, 37.00000000000000711, 88.09999999999999432 ) ) ;
#6404 = DIRECTION ( 'NONE',  ( 0.000000000000000000, -0.000000000000000000, 1.000000000000000000 ) ) ;
#6405 = CARTESIAN_POINT ( 'NONE',  ( 1.910386611076954289, 72.35845355569313142, 7.745785942481957065 ) ) ;
#6406 = LINE ( 'NONE', #694, #3828 ) ;
#6407 = ORIENTED_EDGE ( 'NONE', *, *, #3576, .F. ) ;
#6408 = DIRECTION ( 'NONE',  ( -0.000000000000000000, -1.000000000000000000, -0.000000000000000000 ) ) ;
#6409 = LINE ( 'NONE', #6295, #6117 ) ;
#6410 = ORIENTED_EDGE ( 'NONE', *, *, #6641, .T. ) ;
#6411 = DIRECTION ( 'NONE',  ( 0.000000000000000000, 0.000000000000000000, 1.000000000000000000 ) ) ;
#6412 = EDGE_CURVE ( 'NONE', #7693, #2364, #3064, .T. ) ;
#6413 = VERTEX_POINT ( 'NONE', #2887 ) ;
#6414 = LINE ( 'NONE', #3288, #6890 ) ;
#6415 = VECTOR ( 'NONE', #1409, 1000.000000000000000 ) ;
#6416 = CARTESIAN_POINT ( 'NONE',  ( 59.20999999999999375, 90.00000000000117950, 3.000000000000002665 ) ) ;
#6417 = LINE ( 'NONE', #7691, #5959 ) ;
#6418 = CARTESIAN_POINT ( 'NONE',  ( 19.39091065476869957, 2.436357380925243010, 11.99999999999999822 ) ) ;
#6419 = ORIENTED_EDGE ( 'NONE', *, *, #7873, .T. ) ;
#6420 = CARTESIAN_POINT ( 'NONE',  ( 64.20999999999999375, 88.00000000000119371, 7.071838492538090826 ) ) ;
#6421 = VERTEX_POINT ( 'NONE', #337 ) ;
#6422 = ADVANCED_FACE ( 'NONE', ( #7986 ), #2323, .T. ) ;
#6423 = ADVANCED_FACE ( 'NONE', ( #3543 ), #2278, .F. ) ;
#6424 = ORIENTED_EDGE ( 'NONE', *, *, #5945, .T. ) ;
#6425 = DIRECTION ( 'NONE',  ( -1.000000000000000000, -0.000000000000000000, 0.000000000000000000 ) ) ;
#6426 = DIRECTION ( 'NONE',  ( 1.000000000000000000, -0.000000000000000000, -0.000000000000000000 ) ) ;
#6427 = LINE ( 'NONE', #794, #7952 ) ;
#6428 = CARTESIAN_POINT ( 'NONE',  ( 48.00000000000000000, 118.0000000000011937, 13.00000000000000178 ) ) ;
#6429 = DIRECTION ( 'NONE',  ( -0.000000000000000000, -1.000000000000000000, -0.000000000000000000 ) ) ;
#6430 = ADVANCED_FACE ( 'NONE', ( #4823 ), #4166, .F. ) ;
#6431 = ORIENTED_EDGE ( 'NONE', *, *, #7639, .F. ) ;
#6432 = DIRECTION ( 'NONE',  ( -1.734723475976807341E-16, 1.000000000000000000, 0.000000000000000000 ) ) ;
#6433 = ORIENTED_EDGE ( 'NONE', *, *, #1463, .T. ) ;
#6434 = DIRECTION ( 'NONE',  ( -0.000000000000000000, 0.000000000000000000, 1.000000000000000000 ) ) ;
#6435 = LINE ( 'NONE', #2203, #7636 ) ;
#6436 = CARTESIAN_POINT ( 'NONE',  ( 70.00000000000000000, 81.58800596674575445, 5.999999999999982236 ) ) ;
#6437 = DIRECTION ( 'NONE',  ( 1.000000000000000000, 0.000000000000000000, 0.000000000000000000 ) ) ;
#6438 = CARTESIAN_POINT ( 'NONE',  ( 67.01000000000000512, 88.00000000000119371, 11.92158075373095372 ) ) ;
#6439 = VERTEX_POINT ( 'NONE', #1748 ) ;
#6440 = EDGE_LOOP ( 'NONE', ( #4614, #7930, #3920, #2471 ) ) ;
#6441 = CARTESIAN_POINT ( 'NONE',  ( 2.566071183472952821, 69.73571526610915328, 83.74440538427566594 ) ) ;
#6442 = EDGE_CURVE ( 'NONE', #7080, #2933, #6755, .T. ) ;
#6443 = AXIS2_PLACEMENT_3D ( 'NONE', #81, #5746, #39 ) ;
#6444 = CARTESIAN_POINT ( 'NONE',  ( 64.21000000000000796, 88.00000000000119371, 80.69499999999999318 ) ) ;
#6445 = EDGE_CURVE ( 'NONE', #6713, #4455, #7491, .T. ) ;
#6446 = VERTEX_POINT ( 'NONE', #7535 ) ;
#6447 = CYLINDRICAL_SURFACE ( 'NONE', #2358, 2.000000000000001776 ) ;
#6448 = ORIENTED_EDGE ( 'NONE', *, *, #4152, .T. ) ;
#6449 = CARTESIAN_POINT ( 'NONE',  ( 57.99999999999999289, 115.0000000000011795, 80.00000000000000000 ) ) ;
#6450 = AXIS2_PLACEMENT_3D ( 'NONE', #1913, #4982, #8107 ) ;
#6451 = ADVANCED_FACE ( 'NONE', ( #96 ), #4411, .F. ) ;
#6452 = DIRECTION ( 'NONE',  ( 0.8660254037844382635, 0.000000000000000000, 0.5000000000000006661 ) ) ;
#6453 = EDGE_CURVE ( 'NONE', #1457, #6485, #2548, .T. ) ;
#6454 = DIRECTION ( 'NONE',  ( 3.965082230804130713E-16, -1.000000000000000000, -0.000000000000000000 ) ) ;
#6455 = CARTESIAN_POINT ( 'NONE',  ( 3.000000000000000000, 139.9999999999999716, 83.39999999999999147 ) ) ;
#6456 = AXIS2_PLACEMENT_3D ( 'NONE', #6238, #734, #5621 ) ;
#6457 = VECTOR ( 'NONE', #6860, 1000.000000000000000 ) ;
#6458 = ORIENTED_EDGE ( 'NONE', *, *, #6584, .F. ) ;
#6459 = CARTESIAN_POINT ( 'NONE',  ( 49.99999999999997868, 0.000000000000000000, 15.00000000000000000 ) ) ;
#6460 = VERTEX_POINT ( 'NONE', #2607 ) ;
#6461 = AXIS2_PLACEMENT_3D ( 'NONE', #2289, #2411, #1636 ) ;
#6462 = VECTOR ( 'NONE', #7377, 1000.000000000000000 ) ;
#6463 = VERTEX_POINT ( 'NONE', #710 ) ;
#6464 = DIRECTION ( 'NONE',  ( 0.8660254037844384856, 0.000000000000000000, 0.5000000000000002220 ) ) ;
#6465 = DIRECTION ( 'NONE',  ( 1.000000000000000000, 0.000000000000000000, 0.000000000000000000 ) ) ;
#6466 = DIRECTION ( 'NONE',  ( 0.000000000000000000, 0.000000000000000000, -1.000000000000000000 ) ) ;
#6467 = ORIENTED_EDGE ( 'NONE', *, *, #7534, .T. ) ;
#6468 = DIRECTION ( 'NONE',  ( -0.8660254037844387076, 0.000000000000000000, 0.4999999999999997780 ) ) ;
#6469 = AXIS2_PLACEMENT_3D ( 'NONE', #6119, #1032, #4851 ) ;
#6470 = ORIENTED_EDGE ( 'NONE', *, *, #7468, .T. ) ;
#6471 = VECTOR ( 'NONE', #364, 1000.000000000000000 ) ;
#6472 = ORIENTED_EDGE ( 'NONE', *, *, #6816, .T. ) ;
#6473 = CARTESIAN_POINT ( 'NONE',  ( 0.7899999999999964828, 90.00000000000119371, 3.000000000000002665 ) ) ;
#6474 = ADVANCED_FACE ( 'NONE', ( #1298, #7001 ), #11, .T. ) ;
#6475 = CIRCLE ( 'NONE', #709, 6.000000000000000888 ) ;
#6476 = CARTESIAN_POINT ( 'NONE',  ( 2.990000000000003766, 90.00000000000119371, 84.31158075373095073 ) ) ;
#6477 = DIRECTION ( 'NONE',  ( 0.000000000000000000, -1.000000000000000000, 0.000000000000000000 ) ) ;
#6478 = DIRECTION ( 'NONE',  ( -0.000000000000000000, -0.000000000000000000, -1.000000000000000000 ) ) ;
#6479 = DIRECTION ( 'NONE',  ( 0.000000000000000000, -0.000000000000000000, 1.000000000000000000 ) ) ;
#6480 = AXIS2_PLACEMENT_3D ( 'NONE', #3633, #7987, #2279 ) ;
#6481 = ORIENTED_EDGE ( 'NONE', *, *, #2628, .F. ) ;
#6482 = DIRECTION ( 'NONE',  ( 0.000000000000000000, 0.000000000000000000, -1.000000000000000000 ) ) ;
#6483 = VECTOR ( 'NONE', #43, 1000.000000000000000 ) ;
#6484 = DIRECTION ( 'NONE',  ( 1.000000000000000000, 0.000000000000000000, 0.000000000000000000 ) ) ;
#6485 = VERTEX_POINT ( 'NONE', #3056 ) ;
#6486 = EDGE_CURVE ( 'NONE', #6289, #7080, #5151, .T. ) ;
#6487 = CARTESIAN_POINT ( 'NONE',  ( 63.20000000000000284, 139.9999999999999716, 84.99999999999998579 ) ) ;
#6488 = CIRCLE ( 'NONE', #1120, 4.999999999999997335 ) ;
#6490 = ORIENTED_EDGE ( 'NONE', *, *, #6363, .T. ) ;
#6489 = EDGE_CURVE ( 'NONE', #4481, #1777, #5407, .T. ) ;
#6491 = EDGE_CURVE ( 'NONE', #6805, #5671, #300, .T. ) ;
#6492 = LINE ( 'NONE', #5905, #2035 ) ;
#6493 = AXIS2_PLACEMENT_3D ( 'NONE', #4465, #3772, #5116 ) ;
#6494 = DIRECTION ( 'NONE',  ( 0.000000000000000000, 0.000000000000000000, 1.000000000000000000 ) ) ;
#6495 = LINE ( 'NONE', #865, #1779 ) ;
#6496 = CARTESIAN_POINT ( 'NONE',  ( 2.990000000000003766, 90.00000000000119371, 84.31158075373095073 ) ) ;
#6497 = ORIENTED_EDGE ( 'NONE', *, *, #7570, .T. ) ;
#6498 = LINE ( 'NONE', #869, #3140 ) ;
#6499 = EDGE_LOOP ( 'NONE', ( #1017, #5433, #7090, #4308 ) ) ;
#6500 = AXIS2_PLACEMENT_3D ( 'NONE', #1505, #3962, #842 ) ;
#6501 = AXIS2_PLACEMENT_3D ( 'NONE', #3960, #180, #224 ) ;
#6502 = ADVANCED_FACE ( 'NONE', ( #1872 ), #6171, .T. ) ;
#6503 = ORIENTED_EDGE ( 'NONE', *, *, #6192, .T. ) ;
#6504 = DIRECTION ( 'NONE',  ( 0.000000000000000000, 0.000000000000000000, -1.000000000000000000 ) ) ;
#6505 = CARTESIAN_POINT ( 'NONE',  ( 0.000000000000000000, 139.9999999999999716, 93.00000000000000000 ) ) ;
#6506 = CYLINDRICAL_SURFACE ( 'NONE', #5849, 2.000000000000001776 ) ;
#6507 = ORIENTED_EDGE ( 'NONE', *, *, #625, .T. ) ;
#6508 = DIRECTION ( 'NONE',  ( 1.000000000000000000, 0.000000000000000000, -0.000000000000000000 ) ) ;
#6509 = ORIENTED_EDGE ( 'NONE', *, *, #5039, .F. ) ;
#6510 = ORIENTED_EDGE ( 'NONE', *, *, #2337, .F. ) ;
#6511 = VECTOR ( 'NONE', #7877, 1000.000000000000000 ) ;
#6512 = LINE ( 'NONE', #6473, #6588 ) ;
#6513 = CARTESIAN_POINT ( 'NONE',  ( 16.99999999999999645, 116.0000000000011795, 4.766838492538091110 ) ) ;
#6514 = DIRECTION ( 'NONE',  ( 0.000000000000000000, 0.000000000000000000, -1.000000000000000000 ) ) ;
#6515 = DIRECTION ( 'NONE',  ( -0.000000000000000000, -0.000000000000000000, -1.000000000000000000 ) ) ;
#6516 = DIRECTION ( 'NONE',  ( 0.000000000000000000, 1.000000000000000000, 0.000000000000000000 ) ) ;
#6517 = CARTESIAN_POINT ( 'NONE',  ( 0.7899999999999964828, 86.00000000000110845, 3.000000000000002665 ) ) ;
#6518 = EDGE_LOOP ( 'NONE', ( #628, #7, #7635, #2443 ) ) ;
#6519 = EDGE_CURVE ( 'NONE', #2857, #6042, #1834, .T. ) ;
#6520 = DIRECTION ( 'NONE',  ( -1.301042606982604335E-16, -1.000000000000000000, 0.000000000000000000 ) ) ;
#6521 = CARTESIAN_POINT ( 'NONE',  ( 60.00000000000001421, 82.00000000000117950, 78.00000000000001421 ) ) ;
#6522 = EDGE_LOOP ( 'NONE', ( #6841, #4709, #4249, #6397 ) ) ;
#6523 = DIRECTION ( 'NONE',  ( 1.000000000000000000, 0.000000000000000000, 0.000000000000000000 ) ) ;
#6524 = EDGE_LOOP ( 'NONE', ( #3414, #4054 ) ) ;
#6525 = DIRECTION ( 'NONE',  ( 1.000000000000000000, 3.965082230804130220E-16, -0.000000000000000000 ) ) ;
#6526 = EDGE_LOOP ( 'NONE', ( #6793, #615, #1625, #4000, #6666 ) ) ;
#6527 = CARTESIAN_POINT ( 'NONE',  ( 64.21000000000000796, 83.40000000000118519, 84.69499999999999318 ) ) ;
#6528 = EDGE_CURVE ( 'NONE', #1868, #4653, #3446, .T. ) ;
#6529 = EDGE_CURVE ( 'NONE', #1003, #6842, #428, .T. ) ;
#6530 = VECTOR ( 'NONE', #6135, 1000.000000000000000 ) ;
#6531 = DIRECTION ( 'NONE',  ( 1.000000000000000000, 0.000000000000000000, 0.000000000000000000 ) ) ;
#6532 = EDGE_CURVE ( 'NONE', #84, #1701, #2569, .T. ) ;
#6533 = DIRECTION ( 'NONE',  ( 0.000000000000000000, 0.000000000000000000, -1.000000000000000000 ) ) ;
#6534 = LINE ( 'NONE', #4689, #4672 ) ;
#6535 = ORIENTED_EDGE ( 'NONE', *, *, #6529, .T. ) ;
#6536 = PLANE ( 'NONE',  #643 ) ;
#6537 = EDGE_LOOP ( 'NONE', ( #2916, #120, #3614, #90 ) ) ;
#6538 = AXIS2_PLACEMENT_3D ( 'NONE', #5452, #4883, #2954 ) ;
#6539 = VERTEX_POINT ( 'NONE', #55 ) ;
#6540 = DIRECTION ( 'NONE',  ( 1.000000000000000000, 0.000000000000000000, 0.000000000000000000 ) ) ;
#6541 = FACE_OUTER_BOUND ( 'NONE', #3238, .T. ) ;
#6542 = FACE_OUTER_BOUND ( 'NONE', #6935, .T. ) ;
#6543 = ORIENTED_EDGE ( 'NONE', *, *, #6241, .F. ) ;
#6544 = CARTESIAN_POINT ( 'NONE',  ( 3.000000000000000000, 145.0000000000000000, 13.00000000000000178 ) ) ;
#6545 = EDGE_LOOP ( 'NONE', ( #1363, #903, #3111, #4648, #5756, #1473, #3418, #5259 ) ) ;
#6546 = ORIENTED_EDGE ( 'NONE', *, *, #6797, .F. ) ;
#6547 = CARTESIAN_POINT ( 'NONE',  ( 22.75000000000001066, 41.00000000000001421, 81.00000000000000000 ) ) ;
#6548 = CARTESIAN_POINT ( 'NONE',  ( 70.00000000000000000, 134.9999999999999716, 13.00000000000000178 ) ) ;
#6549 = ADVANCED_FACE ( 'NONE', ( #588, #5065, #1952, #5600 ), #4367, .T. ) ;
#6550 = PLANE ( 'NONE',  #5281 ) ;
#6551 = CARTESIAN_POINT ( 'NONE',  ( 35.00000000000000000, 21.00000000000000355, 12.00000000000000000 ) ) ;
#6552 = CARTESIAN_POINT ( 'NONE',  ( 67.31468301662502540, 69.25873206650101110, 83.51839011236319266 ) ) ;
#6553 = LINE ( 'NONE', #886, #5789 ) ;
#6554 = ORIENTED_EDGE ( 'NONE', *, *, #439, .T. ) ;
#6555 = ADVANCED_FACE ( 'NONE', ( #1259 ), #6963, .T. ) ;
#6556 = CARTESIAN_POINT ( 'NONE',  ( 43.75000000000000711, 41.00000000000001421, 15.00000000000000000 ) ) ;
#6557 = PLANE ( 'NONE',  #5076 ) ;
#6558 = EDGE_CURVE ( 'NONE', #1432, #2933, #4510, .T. ) ;
#6559 = VERTEX_POINT ( 'NONE', #5759 ) ;
#6560 = DIRECTION ( 'NONE',  ( -0.000000000000000000, -0.000000000000000000, -1.000000000000000000 ) ) ;
#6561 = ORIENTED_EDGE ( 'NONE', *, *, #7880, .F. ) ;
#6562 = CARTESIAN_POINT ( 'NONE',  ( 69.99999999999998579, 145.0000000000000000, 80.00000000000000000 ) ) ;
#6563 = EDGE_LOOP ( 'NONE', ( #946, #7327, #4908, #8117 ) ) ;
#6564 = CARTESIAN_POINT ( 'NONE',  ( 63.00000000000000000, 90.00000000000112266, 51.50000000000000000 ) ) ;
#6565 = ORIENTED_EDGE ( 'NONE', *, *, #5212, .F. ) ;
#6566 = EDGE_CURVE ( 'NONE', #595, #1837, #4687, .T. ) ;
#6567 = CARTESIAN_POINT ( 'NONE',  ( 70.00000000000000000, 134.9999999999999716, 3.000000000000000000 ) ) ;
#6568 = CARTESIAN_POINT ( 'NONE',  ( 30.00000000000000000, 37.00000000000000711, 88.09999999999999432 ) ) ;
#6569 = CARTESIAN_POINT ( 'NONE',  ( 58.00000000000000000, 115.0000000000011795, 13.00000000000000178 ) ) ;
#6570 = ORIENTED_EDGE ( 'NONE', *, *, #5881, .T. ) ;
#6571 = DIRECTION ( 'NONE',  ( 1.000000000000000000, 0.000000000000000000, 0.000000000000000000 ) ) ;
#6572 = VERTEX_POINT ( 'NONE', #7649 ) ;
#6573 = CARTESIAN_POINT ( 'NONE',  ( 26.24999999999999645, 41.00000000000001421, 80.00000000000000000 ) ) ;
#6574 = VECTOR ( 'NONE', #7677, 1000.000000000000000 ) ;
#6575 = VERTEX_POINT ( 'NONE', #5909 ) ;
#6576 = AXIS2_PLACEMENT_3D ( 'NONE', #6556, #5279, #7795 ) ;
#6577 = LINE ( 'NONE', #4541, #4234 ) ;
#6578 = CIRCLE ( 'NONE', #4491, 4.999999999999997335 ) ;
#6579 = LINE ( 'NONE', #5302, #7021 ) ;
#6580 = CARTESIAN_POINT ( 'NONE',  ( 44.74999999999998579, 57.00000000000107292, 12.00000000000000000 ) ) ;
#6581 = ORIENTED_EDGE ( 'NONE', *, *, #8000, .F. ) ;
#6582 = DIRECTION ( 'NONE',  ( -0.000000000000000000, -0.000000000000000000, 1.000000000000000000 ) ) ;
#6583 = ORIENTED_EDGE ( 'NONE', *, *, #7382, .F. ) ;
#6584 = EDGE_CURVE ( 'NONE', #1722, #7317, #7128, .T. ) ;
#6585 = VECTOR ( 'NONE', #1997, 1000.000000000000000 ) ;
#6586 = ORIENTED_EDGE ( 'NONE', *, *, #2378, .T. ) ;
#6587 = EDGE_CURVE ( 'NONE', #2971, #2518, #3406, .T. ) ;
#6588 = VECTOR ( 'NONE', #3424, 1000.000000000000000 ) ;
#6589 = ADVANCED_FACE ( 'NONE', ( #3949 ), #5247, .F. ) ;
#6590 = PLANE ( 'NONE',  #3057 ) ;
#6591 = DIRECTION ( 'NONE',  ( -0.8660254037844389297, 0.000000000000000000, -0.4999999999999995559 ) ) ;
#6592 = CARTESIAN_POINT ( 'NONE',  ( 53.00000000000000711, 118.0000000000011937, 9.599999999999997868 ) ) ;
#6593 = DIRECTION ( 'NONE',  ( -0.000000000000000000, 1.000000000000000000, -0.000000000000000000 ) ) ;
#6594 = AXIS2_PLACEMENT_3D ( 'NONE', #211, #6531, #3332 ) ;
#6595 = AXIS2_PLACEMENT_3D ( 'NONE', #1030, #4106, #2839 ) ;
#6596 = CARTESIAN_POINT ( 'NONE',  ( 6.999999999999969802, 90.00000000000119371, 18.00000000000001776 ) ) ;
#6597 = CARTESIAN_POINT ( 'NONE',  ( 72.67500000000001137, 77.00000000000108002, 0.000000000000000000 ) ) ;
#6598 = ORIENTED_EDGE ( 'NONE', *, *, #4334, .T. ) ;
#6599 = VECTOR ( 'NONE', #2879, 1000.000000000000000 ) ;
#6600 = EDGE_CURVE ( 'NONE', #4524, #5906, #827, .T. ) ;
#6601 = CIRCLE ( 'NONE', #7263, 1.999999999999996669 ) ;
#6602 = CARTESIAN_POINT ( 'NONE',  ( 62.00000000000000711, 145.0000000000000000, 13.00000000000000178 ) ) ;
#6603 = DIRECTION ( 'NONE',  ( -0.000000000000000000, 1.000000000000000000, -0.000000000000000000 ) ) ;
#6604 = DIRECTION ( 'NONE',  ( 0.000000000000000000, 0.000000000000000000, 1.000000000000000000 ) ) ;
#6605 = AXIS2_PLACEMENT_3D ( 'NONE', #6810, #1807, #5482 ) ;
#6606 = VERTEX_POINT ( 'NONE', #5176 ) ;
#6607 = DIRECTION ( 'NONE',  ( 0.000000000000000000, 0.000000000000000000, -1.000000000000000000 ) ) ;
#6608 = ORIENTED_EDGE ( 'NONE', *, *, #3974, .F. ) ;
#6609 = DIRECTION ( 'NONE',  ( 3.965082230804130713E-16, -1.000000000000000000, -0.000000000000000000 ) ) ;
#6610 = AXIS2_PLACEMENT_3D ( 'NONE', #4577, #1544, #954 ) ;
#6611 = CARTESIAN_POINT ( 'NONE',  ( 66.90767078078674501, 80.00000000000112266, 78.00000000000000000 ) ) ;
#6612 = ORIENTED_EDGE ( 'NONE', *, *, #7426, .F. ) ;
#6613 = CARTESIAN_POINT ( 'NONE',  ( 19.80000000000000071, 116.0000000000011795, 6.383419246269044223 ) ) ;
#6614 = DIRECTION ( 'NONE',  ( -1.000000000000000000, -3.965082230804130220E-16, 6.162975822039157357E-31 ) ) ;
#6615 = DIRECTION ( 'NONE',  ( -1.000000000000000000, 0.000000000000000000, 0.000000000000000000 ) ) ;
#6616 = ORIENTED_EDGE ( 'NONE', *, *, #1175, .F. ) ;
#6617 = DIRECTION ( 'NONE',  ( 0.000000000000000000, 1.000000000000000000, 0.000000000000000000 ) ) ;
#6618 = AXIS2_PLACEMENT_3D ( 'NONE', #3176, #1953, #6217 ) ;
#6619 = ORIENTED_EDGE ( 'NONE', *, *, #3044, .T. ) ;
#6620 = FACE_BOUND ( 'NONE', #5413, .T. ) ;
#6621 = EDGE_CURVE ( 'NONE', #3854, #58, #1414, .T. ) ;
#6622 = VECTOR ( 'NONE', #2542, 1000.000000000000000 ) ;
#6623 = ORIENTED_EDGE ( 'NONE', *, *, #5685, .T. ) ;
#6624 = DIRECTION ( 'NONE',  ( 0.000000000000000000, 0.000000000000000000, 1.000000000000000000 ) ) ;
#6625 =( BOUNDED_CURVE ( )  B_SPLINE_CURVE ( 3, ( #8043, #3731, #4918, #2418 ),
 .UNSPECIFIED., .F., .T. ) 
 B_SPLINE_CURVE_WITH_KNOTS ( ( 4, 4 ),
 ( 0.4536961201999146764, 1.302937049216026821 ),
 .UNSPECIFIED. ) 
 CURVE ( )  GEOMETRIC_REPRESENTATION_ITEM ( )  RATIONAL_B_SPLINE_CURVE ( ( 1.000000000000000000, 0.9407967718031536863, 0.9407967718031536863, 1.000000000000000000 ) ) 
 REPRESENTATION_ITEM ( '' )  );
#6626 = DIRECTION ( 'NONE',  ( 3.965082230804130713E-16, -1.000000000000000000, 0.000000000000000000 ) ) ;
#6628 = ORIENTED_EDGE ( 'NONE', *, *, #7740, .T. ) ;
#6627 = CARTESIAN_POINT ( 'NONE',  ( 3.000000000000000000, 139.9999999999999716, 8.000000000000000000 ) ) ;
#6629 = ORIENTED_EDGE ( 'NONE', *, *, #4538, .F. ) ;
#6630 = DIRECTION ( 'NONE',  ( 0.000000000000000000, 0.000000000000000000, -1.000000000000000000 ) ) ;
#6631 = AXIS2_PLACEMENT_3D ( 'NONE', #2771, #2116, #7777 ) ;
#6632 = CIRCLE ( 'NONE', #3099, 14.05000000000000071 ) ;
#6633 = ORIENTED_EDGE ( 'NONE', *, *, #1572, .F. ) ;
#6634 = ORIENTED_EDGE ( 'NONE', *, *, #7736, .F. ) ;
#6635 = EDGE_CURVE ( 'NONE', #713, #3765, #7155, .T. ) ;
#6636 = CARTESIAN_POINT ( 'NONE',  ( 10.79000000000000092, 82.00000000000117950, 15.00000000000000178 ) ) ;
#6637 = AXIS2_PLACEMENT_3D ( 'NONE', #5926, #4079, #4786 ) ;
#6638 = AXIS2_PLACEMENT_3D ( 'NONE', #5067, #215, #5680 ) ;
#6639 = CARTESIAN_POINT ( 'NONE',  ( -3.172065784643347405E-14, 80.00000000000109424, 78.00000000000000000 ) ) ;
#6640 = ADVANCED_FACE ( 'NONE', ( #6380 ), #4567, .T. ) ;
#6641 = EDGE_CURVE ( 'NONE', #4860, #4008, #785, .T. ) ;
#6642 = CARTESIAN_POINT ( 'NONE',  ( 0.000000000000000000, 139.9999999999999716, 83.39999999999999147 ) ) ;
#6643 = DIRECTION ( 'NONE',  ( 1.000000000000000000, -0.000000000000000000, -0.000000000000000000 ) ) ;
#6644 = EDGE_CURVE ( 'NONE', #2816, #1004, #128, .T. ) ;
#6645 = EDGE_CURVE ( 'NONE', #4609, #800, #2027, .T. ) ;
#6646 = CARTESIAN_POINT ( 'NONE',  ( 67.30897383153822489, 69.23589532615390851, 83.50778255292122765 ) ) ;
#6647 = FACE_OUTER_BOUND ( 'NONE', #4968, .T. ) ;
#6648 = ORIENTED_EDGE ( 'NONE', *, *, #2029, .F. ) ;
#6649 = LINE ( 'NONE', #927, #429 ) ;
#6650 = CIRCLE ( 'NONE', #95, 3.499999999999989342 ) ;
#6651 = LINE ( 'NONE', #2249, #5800 ) ;
#6652 = CARTESIAN_POINT ( 'NONE',  ( 50.19999999999999574, 116.0000000000011795, 86.61658075373094334 ) ) ;
#6653 = ORIENTED_EDGE ( 'NONE', *, *, #3370, .T. ) ;
#6654 = CARTESIAN_POINT ( 'NONE',  ( 5.790000000000008029, 88.00000000000119371, 80.69499999999999318 ) ) ;
#6655 = ORIENTED_EDGE ( 'NONE', *, *, #3655, .T. ) ;
#6656 = FACE_BOUND ( 'NONE', #6537, .T. ) ;
#6657 = EDGE_LOOP ( 'NONE', ( #2774, #6068 ) ) ;
#6658 = LINE ( 'NONE', #6527, #4240 ) ;
#6659 = ORIENTED_EDGE ( 'NONE', *, *, #2514, .F. ) ;
#6660 = CARTESIAN_POINT ( 'NONE',  ( 17.00000000000000000, 116.0000000000011795, 9.600000000000003197 ) ) ;
#6661 = EDGE_CURVE ( 'NONE', #378, #6961, #45, .T. ) ;
#6662 = CARTESIAN_POINT ( 'NONE',  ( 40.19999999999999574, 21.00000000000000355, 78.00000000000000000 ) ) ;
#6663 = DIRECTION ( 'NONE',  ( 0.000000000000000000, 0.000000000000000000, 1.000000000000000000 ) ) ;
#6664 = ORIENTED_EDGE ( 'NONE', *, *, #920, .T. ) ;
#6665 = CARTESIAN_POINT ( 'NONE',  ( 0.000000000000000000, 134.9999999999999716, 90.00000000000000000 ) ) ;
#6666 = ORIENTED_EDGE ( 'NONE', *, *, #4222, .T. ) ;
#6667 = CYLINDRICAL_SURFACE ( 'NONE', #5389, 3.499999999999985789 ) ;
#6668 = ORIENTED_EDGE ( 'NONE', *, *, #968, .T. ) ;
#6669 = DIRECTION ( 'NONE',  ( 1.000000000000000000, 0.000000000000000000, 0.000000000000000000 ) ) ;
#6670 = LINE ( 'NONE', #3672, #6887 ) ;
#6672 = EDGE_LOOP ( 'NONE', ( #657, #4486, #4989, #1323 ) ) ;
#6671 = DIRECTION ( 'NONE',  ( -1.000000000000000000, 0.000000000000000000, -1.341352320301035307E-16 ) ) ;
#6673 = ORIENTED_EDGE ( 'NONE', *, *, #1192, .T. ) ;
#6674 = VECTOR ( 'NONE', #5182, 1000.000000000000000 ) ;
#6675 = FACE_OUTER_BOUND ( 'NONE', #2158, .T. ) ;
#6676 = ORIENTED_EDGE ( 'NONE', *, *, #7093, .T. ) ;
#6677 = EDGE_CURVE ( 'NONE', #7273, #1955, #7808, .T. ) ;
#6678 = CARTESIAN_POINT ( 'NONE',  ( 5.789999999999997371, 90.00000000000119371, 7.071838492538093490 ) ) ;
#6679 = AXIS2_PLACEMENT_3D ( 'NONE', #6487, #6523, #5284 ) ;
#6680 = FACE_OUTER_BOUND ( 'NONE', #6522, .T. ) ;
#6681 = EDGE_CURVE ( 'NONE', #6359, #630, #5837, .T. ) ;
#6682 = DIRECTION ( 'NONE',  ( -0.000000000000000000, 1.000000000000000000, -0.000000000000000000 ) ) ;
#6683 = DIRECTION ( 'NONE',  ( 1.000000000000000000, 0.000000000000000000, -0.000000000000000000 ) ) ;
#6684 = CARTESIAN_POINT ( 'NONE',  ( 67.27808741281518223, 69.11234965126176633, 83.45078353655102887 ) ) ;
#6685 = CARTESIAN_POINT ( 'NONE',  ( 64.20999999999999375, 88.00000000000119371, 13.53816150746191660 ) ) ;
#6686 = VERTEX_POINT ( 'NONE', #2724 ) ;
#6687 = CARTESIAN_POINT ( 'NONE',  ( 69.57771573103437390, 78.31086292413858985, 92.32244632526791861 ) ) ;
#6688 = CARTESIAN_POINT ( 'NONE',  ( 69.24067966635952587, 76.96271866543914086, 1.795857291103598818 ) ) ;
#6689 = CARTESIAN_POINT ( 'NONE',  ( 35.00000000000000000, 21.00000000000000355, 4.900000000000000355 ) ) ;
#6690 = ORIENTED_EDGE ( 'NONE', *, *, #2830, .T. ) ;
#6691 = DIRECTION ( 'NONE',  ( -0.000000000000000000, -0.000000000000000000, 1.000000000000000000 ) ) ;
#6692 = VERTEX_POINT ( 'NONE', #166 ) ;
#6693 = DIRECTION ( 'NONE',  ( 0.000000000000000000, 1.000000000000000000, 0.000000000000000000 ) ) ;
#6694 = ORIENTED_EDGE ( 'NONE', *, *, #5924, .T. ) ;
#6695 = ADVANCED_FACE ( 'NONE', ( #7728, #2685 ), #3877, .T. ) ;
#6696 = ORIENTED_EDGE ( 'NONE', *, *, #2193, .F. ) ;
#6697 = LINE ( 'NONE', #4354, #1491 ) ;
#6698 = CARTESIAN_POINT ( 'NONE',  ( 34.99999999999999289, 37.00000000000000711, 88.09999999999999432 ) ) ;
#6699 = LINE ( 'NONE', #4277, #6226 ) ;
#6700 = DIRECTION ( 'NONE',  ( 0.000000000000000000, 1.000000000000000000, 0.000000000000000000 ) ) ;
#6701 = ORIENTED_EDGE ( 'NONE', *, *, #7238, .F. ) ;
#6702 = CARTESIAN_POINT ( 'NONE',  ( 0.000000000000000000, 0.000000000000000000, 13.00000000000000178 ) ) ;
#6703 = ORIENTED_EDGE ( 'NONE', *, *, #7864, .F. ) ;
#6704 = DIRECTION ( 'NONE',  ( -0.000000000000000000, -0.000000000000000000, 1.000000000000000000 ) ) ;
#6705 = EDGE_CURVE ( 'NONE', #320, #4290, #1489, .T. ) ;
#6706 = ORIENTED_EDGE ( 'NONE', *, *, #2413, .T. ) ;
#6707 = EDGE_CURVE ( 'NONE', #1758, #7282, #4101, .T. ) ;
#6708 = LINE ( 'NONE', #502, #4893 ) ;
#6709 = CARTESIAN_POINT ( 'NONE',  ( 70.00000000000000000, 80.00000000000117950, 3.000000000000000000 ) ) ;
#6711 = VERTEX_POINT ( 'NONE', #489 ) ;
#6710 = DIRECTION ( 'NONE',  ( -3.965082230804130713E-16, 1.000000000000000000, 0.000000000000000000 ) ) ;
#6712 = AXIS2_PLACEMENT_3D ( 'NONE', #4797, #6724, #1766 ) ;
#6713 = VERTEX_POINT ( 'NONE', #6660 ) ;
#6714 = FACE_BOUND ( 'NONE', #4235, .T. ) ;
#6715 = VERTEX_POINT ( 'NONE', #4193 ) ;
#6716 = VECTOR ( 'NONE', #4963, 999.9999999999998863 ) ;
#6717 = CARTESIAN_POINT ( 'NONE',  ( 64.20999999999999375, 83.40000000000118519, 10.30500000000000149 ) ) ;
#6718 = LINE ( 'NONE', #2333, #7643 ) ;
#6719 = DIRECTION ( 'NONE',  ( 0.000000000000000000, 1.000000000000000000, 0.000000000000000000 ) ) ;
#6720 = DIRECTION ( 'NONE',  ( -0.000000000000000000, -0.000000000000000000, 1.000000000000000000 ) ) ;
#6721 = LINE ( 'NONE', #5442, #6369 ) ;
#6722 = VECTOR ( 'NONE', #3389, 1000.000000000000000 ) ;
#6723 = AXIS2_PLACEMENT_3D ( 'NONE', #36, #3689, #691 ) ;
#6724 = DIRECTION ( 'NONE',  ( -0.000000000000000000, 1.000000000000000000, -0.000000000000000000 ) ) ;
#6725 = ORIENTED_EDGE ( 'NONE', *, *, #260, .F. ) ;
#6726 = ADVANCED_FACE ( 'NONE', ( #2351 ), #7192, .F. ) ;
#6727 = ADVANCED_FACE ( 'NONE', ( #7935 ), #4157, .F. ) ;
#6728 = AXIS2_PLACEMENT_3D ( 'NONE', #4654, #4001, #6504 ) ;
#6729 = LINE ( 'NONE', #6109, #3841 ) ;
#6730 = AXIS2_PLACEMENT_3D ( 'NONE', #7932, #4498, #1569 ) ;
#6731 = CARTESIAN_POINT ( 'NONE',  ( 67.35115129924346888, 69.40460519697492714, 9.413454926146892277 ) ) ;
#6732 = VERTEX_POINT ( 'NONE', #6077 ) ;
#6733 = LINE ( 'NONE', #3609, #4607 ) ;
#6734 = AXIS2_PLACEMENT_3D ( 'NONE', #460, #5470, #1621 ) ;
#6735 = ORIENTED_EDGE ( 'NONE', *, *, #6816, .F. ) ;
#6736 = VECTOR ( 'NONE', #620, 1000.000000000000000 ) ;
#6737 = CARTESIAN_POINT ( 'NONE',  ( 68.61735191198947348, 74.46940764795894552, 87.15746255635910700 ) ) ;
#6738 = ORIENTED_EDGE ( 'NONE', *, *, #34, .T. ) ;
#6739 = VERTEX_POINT ( 'NONE', #6035 ) ;
#6740 = DIRECTION ( 'NONE',  ( -0.000000000000000000, -0.000000000000000000, 1.000000000000000000 ) ) ;
#6741 = VECTOR ( 'NONE', #7514, 1000.000000000000000 ) ;
#6742 = LINE ( 'NONE', #365, #6599 ) ;
#6743 = ADVANCED_FACE ( 'NONE', ( #7277 ), #7228, .F. ) ;
#6744 = DIRECTION ( 'NONE',  ( -0.000000000000000000, -0.000000000000000000, 1.000000000000000000 ) ) ;
#6745 = CARTESIAN_POINT ( 'NONE',  ( 35.00000000000000000, 21.00000000000000355, 4.900000000000000355 ) ) ;
#6746 = EDGE_CURVE ( 'NONE', #5990, #4325, #3447, .T. ) ;
#6747 = EDGE_CURVE ( 'NONE', #4971, #2315, #446, .T. ) ;
#6748 = EDGE_LOOP ( 'NONE', ( #495, #1803, #2705, #2605 ) ) ;
#6749 = DIRECTION ( 'NONE',  ( -0.000000000000000000, 1.000000000000000000, -0.000000000000000000 ) ) ;
#6750 = ORIENTED_EDGE ( 'NONE', *, *, #5899, .T. ) ;
#6751 = DIRECTION ( 'NONE',  ( -1.000000000000000000, 0.000000000000000000, -5.365409281204129396E-16 ) ) ;
#6752 = VECTOR ( 'NONE', #1141, 1000.000000000000000 ) ;
#6753 = ORIENTED_EDGE ( 'NONE', *, *, #7035, .T. ) ;
#6754 = AXIS2_PLACEMENT_3D ( 'NONE', #5947, #4762, #5327 ) ;
#6755 = LINE ( 'NONE', #3017, #1763 ) ;
#6756 = PLANE ( 'NONE',  #5705 ) ;
#6758 = ORIENTED_EDGE ( 'NONE', *, *, #6796, .F. ) ;
#6757 = PLANE ( 'NONE',  #5446 ) ;
#6759 = AXIS2_PLACEMENT_3D ( 'NONE', #5416, #4112, #6789 ) ;
#6760 = ORIENTED_EDGE ( 'NONE', *, *, #1626, .T. ) ;
#6761 = DIRECTION ( 'NONE',  ( -0.000000000000000000, 1.000000000000000000, -0.000000000000000000 ) ) ;
#6762 = ORIENTED_EDGE ( 'NONE', *, *, #3771, .F. ) ;
#6763 = EDGE_CURVE ( 'NONE', #5504, #5913, #4110, .T. ) ;
#6764 =( GEOMETRIC_REPRESENTATION_CONTEXT ( 3 ) GLOBAL_UNCERTAINTY_ASSIGNED_CONTEXT ( ( #1742 ) ) GLOBAL_UNIT_ASSIGNED_CONTEXT ( ( #3393, #5274, #312 ) ) REPRESENTATION_CONTEXT ( 'NONE', 'WORKASPACE' ) );
#6765 = EDGE_LOOP ( 'NONE', ( #255, #5304 ) ) ;
#6766 = DIRECTION ( 'NONE',  ( 1.000000000000000000, 0.000000000000000000, 0.000000000000000000 ) ) ;
#6767 = DIRECTION ( 'NONE',  ( 0.000000000000000000, 0.000000000000000000, 1.000000000000000000 ) ) ;
#6768 = CARTESIAN_POINT ( 'NONE',  ( 45.39999999999999858, 41.00000000000001421, 80.00000000000000000 ) ) ;
#6769 = VECTOR ( 'NONE', #6277, 1000.000000000000000 ) ;
#6770 = CARTESIAN_POINT ( 'NONE',  ( 0.000000000000000000, 145.0000000000000000, 4.999999999999995559 ) ) ;
#6771 = DIRECTION ( 'NONE',  ( 0.8660254037844382635, 0.000000000000000000, 0.5000000000000005551 ) ) ;
#6772 = EDGE_CURVE ( 'NONE', #1829, #7707, #7657, .T. ) ;
#6773 = DIRECTION ( 'NONE',  ( -0.000000000000000000, -0.000000000000000000, -1.000000000000000000 ) ) ;
#6774 = ORIENTED_EDGE ( 'NONE', *, *, #1746, .F. ) ;
#6775 = VECTOR ( 'NONE', #4207, 1000.000000000000000 ) ;
#6776 = AXIS2_PLACEMENT_3D ( 'NONE', #2853, #1044, #3545 ) ;
#6777 = CARTESIAN_POINT ( 'NONE',  ( 8.590000000000001634, 88.00000000000119371, 11.92158075373095372 ) ) ;
#6778 = FACE_OUTER_BOUND ( 'NONE', #2961, .T. ) ;
#6779 = ORIENTED_EDGE ( 'NONE', *, *, #2688, .T. ) ;
#6780 = DIRECTION ( 'NONE',  ( 0.000000000000000000, 0.000000000000000000, -1.000000000000000000 ) ) ;
#6781 = EDGE_CURVE ( 'NONE', #800, #7845, #5415, .T. ) ;
#6782 = EDGE_LOOP ( 'NONE', ( #7292, #6863, #7687, #3106, #3272, #6140 ) ) ;
#6783 = EDGE_CURVE ( 'NONE', #7610, #3854, #3455, .T. ) ;
#6784 = DIRECTION ( 'NONE',  ( 1.000000000000000000, 3.965082230804130713E-16, -0.000000000000000000 ) ) ;
#6785 = ORIENTED_EDGE ( 'NONE', *, *, #2665, .F. ) ;
#6786 = ORIENTED_EDGE ( 'NONE', *, *, #682, .T. ) ;
#6787 = AXIS2_PLACEMENT_3D ( 'NONE', #6992, #5096, #1407 ) ;
#6788 = LINE ( 'NONE', #4230, #1899 ) ;
#6789 = DIRECTION ( 'NONE',  ( 0.000000000000000000, 0.000000000000000000, -1.000000000000000000 ) ) ;
#6790 = FACE_BOUND ( 'NONE', #3066, .T. ) ;
#6791 = ORIENTED_EDGE ( 'NONE', *, *, #5226, .F. ) ;
#6792 = CARTESIAN_POINT ( 'NONE',  ( 70.00000000000000000, 90.00000000000112266, 51.50000000000000000 ) ) ;
#6793 = ORIENTED_EDGE ( 'NONE', *, *, #5480, .T. ) ;
#6794 = DIRECTION ( 'NONE',  ( -0.000000000000000000, 1.000000000000000000, -0.000000000000000000 ) ) ;
#6795 = VERTEX_POINT ( 'NONE', #6567 ) ;
#6796 = EDGE_CURVE ( 'NONE', #6446, #2194, #3072, .T. ) ;
#6797 = EDGE_CURVE ( 'NONE', #2598, #510, #5370, .T. ) ;
#6798 = ORIENTED_EDGE ( 'NONE', *, *, #4868, .T. ) ;
#6799 = CYLINDRICAL_SURFACE ( 'NONE', #3197, 3.000000000000002665 ) ;
#6800 = CARTESIAN_POINT ( 'NONE',  ( 55.79999999999997584, 116.0000000000011795, 83.38341924626904245 ) ) ;
#6802 = ORIENTED_EDGE ( 'NONE', *, *, #811, .F. ) ;
#6801 = CARTESIAN_POINT ( 'NONE',  ( 5.789999999999998259, 88.00000000000119371, 13.53816150746191127 ) ) ;
#6803 = ORIENTED_EDGE ( 'NONE', *, *, #3830, .T. ) ;
#6804 = CARTESIAN_POINT ( 'NONE',  ( 52.99999999999997868, 115.0000000000011795, 88.23316150746188669 ) ) ;
#6805 = VERTEX_POINT ( 'NONE', #7320 ) ;
#6806 = ORIENTED_EDGE ( 'NONE', *, *, #3655, .F. ) ;
#6807 = DIRECTION ( 'NONE',  ( 0.000000000000000000, 0.000000000000000000, 1.000000000000000000 ) ) ;
#6808 = CARTESIAN_POINT ( 'NONE',  ( 67.01000000000000512, 88.00000000000119371, 11.92158075373095372 ) ) ;
#6809 = VECTOR ( 'NONE', #1037, 1000.000000000000000 ) ;
#6810 = CARTESIAN_POINT ( 'NONE',  ( 8.171579495429375228, 76.17542139760718101, 41.50000000000000000 ) ) ;
#6811 = CARTESIAN_POINT ( 'NONE',  ( 64.20999999999999375, 83.40000000000118519, 10.30500000000000149 ) ) ;
#6812 = DIRECTION ( 'NONE',  ( 0.8660254037844388186, 0.000000000000000000, -0.4999999999999997224 ) ) ;
#6813 = CYLINDRICAL_SURFACE ( 'NONE', #3299, 11.04999999999999716 ) ;
#6814 = ORIENTED_EDGE ( 'NONE', *, *, #2157, .T. ) ;
#6815 = AXIS2_PLACEMENT_3D ( 'NONE', #6257, #3048, #5633 ) ;
#6816 = EDGE_CURVE ( 'NONE', #3420, #5261, #5331, .T. ) ;
#6817 = DIRECTION ( 'NONE',  ( 0.000000000000000000, 0.000000000000000000, 1.000000000000000000 ) ) ;
#6818 = CYLINDRICAL_SURFACE ( 'NONE', #818, 1.600000000000004086 ) ;
#6819 = ORIENTED_EDGE ( 'NONE', *, *, #2874, .F. ) ;
#6820 = LINE ( 'NONE', #7352, #1172 ) ;
#6821 = VERTEX_POINT ( 'NONE', #7848 ) ;
#6822 = CARTESIAN_POINT ( 'NONE',  ( 70.00000000000001421, 85.00000000000115108, 46.49999999999999289 ) ) ;
#6823 = ORIENTED_EDGE ( 'NONE', *, *, #4137, .F. ) ;
#6824 = ORIENTED_EDGE ( 'NONE', *, *, #2514, .T. ) ;
#6825 = DIRECTION ( 'NONE',  ( -0.000000000000000000, 1.000000000000000000, -0.000000000000000000 ) ) ;
#6826 = CARTESIAN_POINT ( 'NONE',  ( 61.40999999999998238, 88.00000000000119371, 84.31158075373093652 ) ) ;
#6827 = CARTESIAN_POINT ( 'NONE',  ( 0.000000000000000000, 80.00000000000109424, 9.000000000000001776 ) ) ;
#6828 = ORIENTED_EDGE ( 'NONE', *, *, #479, .F. ) ;
#6829 = CARTESIAN_POINT ( 'NONE',  ( 57.99999999999999289, 118.0000000000011937, 80.00000000000000000 ) ) ;
#6830 = VERTEX_POINT ( 'NONE', #2222 ) ;
#6831 = CARTESIAN_POINT ( 'NONE',  ( 69.20999999999999375, 90.00000000000117950, 3.000000000000002665 ) ) ;
#6832 = ORIENTED_EDGE ( 'NONE', *, *, #7307, .F. ) ;
#6833 = EDGE_CURVE ( 'NONE', #4285, #4698, #4721, .T. ) ;
#6834 = ORIENTED_EDGE ( 'NONE', *, *, #3803, .F. ) ;
#6835 = DIRECTION ( 'NONE',  ( -2.312964634635740689E-15, -1.000000000000000000, 0.000000000000000000 ) ) ;
#6836 = CARTESIAN_POINT ( 'NONE',  ( 69.20999999999999375, 90.00000000000117950, 3.000000000000002665 ) ) ;
#6838 = ORIENTED_EDGE ( 'NONE', *, *, #3832, .F. ) ;
#6837 = DIRECTION ( 'NONE',  ( 0.5000000000000003331, 0.000000000000000000, -0.8660254037844385966 ) ) ;
#6839 = ORIENTED_EDGE ( 'NONE', *, *, #6600, .F. ) ;
#6840 = CARTESIAN_POINT ( 'NONE',  ( 53.00000000000000711, 116.0000000000011795, 8.000000000000000000 ) ) ;
#6841 = ORIENTED_EDGE ( 'NONE', *, *, #307, .T. ) ;
#6842 = VERTEX_POINT ( 'NONE', #5994 ) ;
#6843 = CARTESIAN_POINT ( 'NONE',  ( 10.78999999999999737, 90.00000000000119371, 3.000000000000002665 ) ) ;
#6844 = LINE ( 'NONE', #6974, #159 ) ;
#6845 = VECTOR ( 'NONE', #5356, 1000.000000000000000 ) ;
#6846 = EDGE_CURVE ( 'NONE', #1670, #3420, #6742, .T. ) ;
#6847 = DIRECTION ( 'NONE',  ( 0.8660254037844382635, 0.000000000000000000, 0.5000000000000004441 ) ) ;
#6848 = DIRECTION ( 'NONE',  ( -1.000000000000000000, -0.000000000000000000, -0.000000000000000000 ) ) ;
#6849 = ADVANCED_FACE ( 'NONE', ( #1656 ), #3571, .F. ) ;
#6850 = CARTESIAN_POINT ( 'NONE',  ( 17.00000000000001066, 115.0000000000011795, 84.99999999999998579 ) ) ;
#6851 = EDGE_CURVE ( 'NONE', #6575, #2908, #3277, .T. ) ;
#6852 = FACE_BOUND ( 'NONE', #4445, .T. ) ;
#6853 = EDGE_CURVE ( 'NONE', #381, #1823, #147, .T. ) ;
#6854 = CYLINDRICAL_SURFACE ( 'NONE', #6712, 1.600000000000018074 ) ;
#6855 = EDGE_CURVE ( 'NONE', #2305, #58, #3592, .T. ) ;
#6856 = VERTEX_POINT ( 'NONE', #7595 ) ;
#6857 = AXIS2_PLACEMENT_3D ( 'NONE', #8020, #3625, #6876 ) ;
#6858 = LINE ( 'NONE', #5574, #3712 ) ;
#6859 = CARTESIAN_POINT ( 'NONE',  ( 63.00000000000002842, 82.00000000000117950, 18.00000000000002132 ) ) ;
#6860 = DIRECTION ( 'NONE',  ( -0.000000000000000000, -0.000000000000000000, 1.000000000000000000 ) ) ;
#6861 = AXIS2_PLACEMENT_3D ( 'NONE', #2121, #2087, #306 ) ;
#6862 = CIRCLE ( 'NONE', #162, 1.649999999999998579 ) ;
#6863 = ORIENTED_EDGE ( 'NONE', *, *, #7067, .T. ) ;
#6864 = DIRECTION ( 'NONE',  ( -0.000000000000000000, 1.000000000000000000, -0.000000000000000000 ) ) ;
#6865 = VERTEX_POINT ( 'NONE', #5089 ) ;
#6866 = EDGE_CURVE ( 'NONE', #1630, #3532, #3860, .T. ) ;
#6867 = ORIENTED_EDGE ( 'NONE', *, *, #5899, .F. ) ;
#6868 = CIRCLE ( 'NONE', #4505, 4.000000000000003553 ) ;
#6869 = LINE ( 'NONE', #3746, #6214 ) ;
#6870 = CARTESIAN_POINT ( 'NONE',  ( 26.25000000000000355, 41.00000000000001421, 5.000000000000000000 ) ) ;
#6871 = VECTOR ( 'NONE', #999, 1000.000000000000114 ) ;
#6872 = AXIS2_PLACEMENT_3D ( 'NONE', #7480, #1196, #576 ) ;
#6873 = ORIENTED_EDGE ( 'NONE', *, *, #4300, .T. ) ;
#6874 = CARTESIAN_POINT ( 'NONE',  ( 52.99999999999999289, 116.0000000000011795, 4.766838492538104433 ) ) ;
#6875 = EDGE_LOOP ( 'NONE', ( #2603, #6668, #4941, #5506, #6694, #5851 ) ) ;
#6876 = DIRECTION ( 'NONE',  ( 0.000000000000000000, 0.000000000000000000, 1.000000000000000000 ) ) ;
#6877 = ORIENTED_EDGE ( 'NONE', *, *, #4667, .F. ) ;
#6878 = AXIS2_PLACEMENT_3D ( 'NONE', #4745, #4666, #2860 ) ;
#6879 = AXIS2_PLACEMENT_3D ( 'NONE', #4028, #7276, #4720 ) ;
#6880 = ORIENTED_EDGE ( 'NONE', *, *, #2157, .F. ) ;
#6881 = DIRECTION ( 'NONE',  ( -0.000000000000000000, 0.000000000000000000, 1.000000000000000000 ) ) ;
#6882 = CARTESIAN_POINT ( 'NONE',  ( 62.00000000000000711, 145.0000000000000000, 13.00000000000000178 ) ) ;
#6884 = ORIENTED_EDGE ( 'NONE', *, *, #847, .T. ) ;
#6883 = CARTESIAN_POINT ( 'NONE',  ( 53.00000000000000711, 115.0000000000011795, 8.000000000000000000 ) ) ;
#6885 = ORIENTED_EDGE ( 'NONE', *, *, #103, .F. ) ;
#6886 = DIRECTION ( 'NONE',  ( 0.8660254037844379305, 0.000000000000000000, -0.5000000000000011102 ) ) ;
#6887 = VECTOR ( 'NONE', #376, 1000.000000000000000 ) ;
#6888 = ORIENTED_EDGE ( 'NONE', *, *, #2773, .F. ) ;
#6889 = ADVANCED_FACE ( 'NONE', ( #5159, #6284 ), #4392, .T. ) ;
#6890 = VECTOR ( 'NONE', #5871, 1000.000000000000000 ) ;
#6891 = VERTEX_POINT ( 'NONE', #4513 ) ;
#6892 = LINE ( 'NONE', #7547, #8047 ) ;
#6893 = VECTOR ( 'NONE', #2843, 1000.000000000000114 ) ;
#6894 = CARTESIAN_POINT ( 'NONE',  ( 65.40000000000001990, 83.00000000000113687, 46.49999999999999289 ) ) ;
#6895 = FACE_OUTER_BOUND ( 'NONE', #4165, .T. ) ;
#6896 = CARTESIAN_POINT ( 'NONE',  ( 3.000000000000000000, 139.9999999999999716, 83.39999999999999147 ) ) ;
#6897 = CARTESIAN_POINT ( 'NONE',  ( 26.24999999999999645, 41.00000000000001421, 81.00000000000000000 ) ) ;
#6898 = LINE ( 'NONE', #1850, #7309 ) ;
#6899 = VECTOR ( 'NONE', #2374, 1000.000000000000000 ) ;
#6900 = LINE ( 'NONE', #3774, #1078 ) ;
#6901 = ORIENTED_EDGE ( 'NONE', *, *, #5347, .T. ) ;
#6902 = EDGE_CURVE ( 'NONE', #1620, #3631, #2009, .T. ) ;
#6903 = DIRECTION ( 'NONE',  ( -0.8660254037844392627, 0.000000000000000000, -0.4999999999999987232 ) ) ;
#6904 = EDGE_CURVE ( 'NONE', #714, #3087, #174, .T. ) ;
#6905 = EDGE_CURVE ( 'NONE', #6572, #1823, #1436, .T. ) ;
#6906 = CIRCLE ( 'NONE', #5845, 2.000000000000015543 ) ;
#6907 = CYLINDRICAL_SURFACE ( 'NONE', #935, 4.000000000000003553 ) ;
#6908 = EDGE_CURVE ( 'NONE', #3466, #4285, #804, .T. ) ;
#6909 = EDGE_CURVE ( 'NONE', #3254, #4702, #5778, .T. ) ;
#6910 = CARTESIAN_POINT ( 'NONE',  ( 5.790000000000012470, 88.00000000000119371, 85.92816150746190829 ) ) ;
#6911 = CARTESIAN_POINT ( 'NONE',  ( 47.99999999999999289, 118.0000000000011937, 90.00000000000000000 ) ) ;
#6912 = ORIENTED_EDGE ( 'NONE', *, *, #5212, .T. ) ;
#6913 = DIRECTION ( 'NONE',  ( -0.000000000000000000, 1.000000000000000000, -0.000000000000000000 ) ) ;
#6914 = VECTOR ( 'NONE', #4126, 1000.000000000000000 ) ;
#6915 = VECTOR ( 'NONE', #4707, 1000.000000000000114 ) ;
#6916 = VERTEX_POINT ( 'NONE', #6910 ) ;
#6917 = CARTESIAN_POINT ( 'NONE',  ( 2.989999999999994440, 90.00000000000119371, 8.688419246269045715 ) ) ;
#6918 = AXIS2_PLACEMENT_3D ( 'NONE', #6627, #3417, #6045 ) ;
#6919 = CARTESIAN_POINT ( 'NONE',  ( 5.790000000000008029, 83.40000000000118519, 82.69499999999999318 ) ) ;
#6920 = LINE ( 'NONE', #3321, #1009 ) ;
#6921 = ORIENTED_EDGE ( 'NONE', *, *, #247, .T. ) ;
#6922 = LINE ( 'NONE', #8105, #507 ) ;
#6923 = EDGE_LOOP ( 'NONE', ( #7048, #3375, #142, #8055 ) ) ;
#6924 = DIRECTION ( 'NONE',  ( -1.000000000000000000, -0.000000000000000000, -0.000000000000000000 ) ) ;
#6925 = CARTESIAN_POINT ( 'NONE',  ( 14.19999999999999929, 116.0000000000011795, 6.383419246269043335 ) ) ;
#6926 = ADVANCED_FACE ( 'NONE', ( #35, #2666 ), #117, .F. ) ;
#6927 = CARTESIAN_POINT ( 'NONE',  ( 5.790000000000008029, 83.40000000000118519, 82.69499999999999318 ) ) ;
#6928 = VECTOR ( 'NONE', #2574, 1000.000000000000000 ) ;
#6929 = FACE_OUTER_BOUND ( 'NONE', #1048, .T. ) ;
#6930 = AXIS2_PLACEMENT_3D ( 'NONE', #1888, #647, #4804 ) ;
#6932 = ORIENTED_EDGE ( 'NONE', *, *, #102, .F. ) ;
#6931 = DIRECTION ( 'NONE',  ( 0.000000000000000000, 0.000000000000000000, 1.000000000000000000 ) ) ;
#6933 = VERTEX_POINT ( 'NONE', #5123 ) ;
#6934 = PLANE ( 'NONE',  #1814 ) ;
#6935 = EDGE_LOOP ( 'NONE', ( #4291, #2347, #672, #7941 ) ) ;
#6936 = ORIENTED_EDGE ( 'NONE', *, *, #4801, .F. ) ;
#6937 = DIRECTION ( 'NONE',  ( 0.000000000000000000, 1.000000000000000000, 0.000000000000000000 ) ) ;
#6938 = DIRECTION ( 'NONE',  ( -1.000000000000000000, -0.000000000000000000, -0.000000000000000000 ) ) ;
#6939 = LINE ( 'NONE', #6975, #6360 ) ;
#6940 = DIRECTION ( 'NONE',  ( 1.000000000000000000, 0.000000000000000000, 0.000000000000000000 ) ) ;
#6941 = EDGE_CURVE ( 'NONE', #3221, #2764, #6949, .T. ) ;
#6942 = CARTESIAN_POINT ( 'NONE',  ( 0.000000000000000000, 139.9999999999999716, 4.999999999999995559 ) ) ;
#6943 = DIRECTION ( 'NONE',  ( 0.000000000000000000, 0.000000000000000000, 1.000000000000000000 ) ) ;
#6944 = LINE ( 'NONE', #3194, #807 ) ;
#6945 = ORIENTED_EDGE ( 'NONE', *, *, #5374, .T. ) ;
#6946 = DIRECTION ( 'NONE',  ( -1.000000000000000000, 0.000000000000000000, 0.000000000000000000 ) ) ;
#6947 = EDGE_CURVE ( 'NONE', #263, #2816, #6475, .T. ) ;
#6948 = FACE_OUTER_BOUND ( 'NONE', #1737, .T. ) ;
#6949 = LINE ( 'NONE', #1355, #571 ) ;
#6950 = CARTESIAN_POINT ( 'NONE',  ( 1.188989632612132308, 75.24404146955251349, 4.992722168842973041 ) ) ;
#6951 = ADVANCED_FACE ( 'NONE', ( #1400 ), #3934, .F. ) ;
#6952 = DIRECTION ( 'NONE',  ( 1.000000000000000000, -0.000000000000000000, -0.000000000000000000 ) ) ;
#6953 = AXIS2_PLACEMENT_3D ( 'NONE', #1601, #4807, #4149 ) ;
#6954 = ORIENTED_EDGE ( 'NONE', *, *, #5103, .F. ) ;
#6955 = LINE ( 'NONE', #698, #3727 ) ;
#6956 = EDGE_CURVE ( 'NONE', #5990, #5864, #772, .T. ) ;
#6957 = CARTESIAN_POINT ( 'NONE',  ( 37.00000000000000711, 37.00000000000000711, 4.900000000000000355 ) ) ;
#6958 = VERTEX_POINT ( 'NONE', #5048 ) ;
#6959 = FACE_BOUND ( 'NONE', #4374, .T. ) ;
#6961 = VERTEX_POINT ( 'NONE', #690 ) ;
#6960 = EDGE_CURVE ( 'NONE', #6739, #2317, #7559, .T. ) ;
#6962 = CARTESIAN_POINT ( 'NONE',  ( 0.9538555476370065289, 76.19513233895790449, 3.369997331805478336 ) ) ;
#6963 = PLANE ( 'NONE',  #3583 ) ;
#6964 = CARTESIAN_POINT ( 'NONE',  ( -3.172065784643347405E-14, 80.00000000000109424, 15.00000000000000000 ) ) ;
#6966 = ORIENTED_EDGE ( 'NONE', *, *, #5835, .T. ) ;
#6965 = CARTESIAN_POINT ( 'NONE',  ( 2.999999999999998668, 134.9999999999999716, 80.00000000000000000 ) ) ;
#6967 = ORIENTED_EDGE ( 'NONE', *, *, #5494, .F. ) ;
#6968 = DIRECTION ( 'NONE',  ( 0.000000000000000000, 0.000000000000000000, 1.000000000000000000 ) ) ;
#6969 = VERTEX_POINT ( 'NONE', #5703 ) ;
#6970 = ADVANCED_FACE ( 'NONE', ( #1590 ), #6550, .F. ) ;
#6971 = EDGE_CURVE ( 'NONE', #1690, #3053, #2710, .T. ) ;
#6972 = VERTEX_POINT ( 'NONE', #965 ) ;
#6973 = DIRECTION ( 'NONE',  ( 1.000000000000000000, -0.000000000000000000, -0.000000000000000000 ) ) ;
#6974 = CARTESIAN_POINT ( 'NONE',  ( 69.20999999999997954, 82.00000000000117950, 3.000000000000002665 ) ) ;
#6975 = CARTESIAN_POINT ( 'NONE',  ( 10.78999999999999737, 82.00000000000117950, 88.47213595499964356 ) ) ;
#6976 = DIRECTION ( 'NONE',  ( -0.000000000000000000, -0.000000000000000000, 1.000000000000000000 ) ) ;
#6977 = DIRECTION ( 'NONE',  ( 1.000000000000000000, 0.000000000000000000, 0.000000000000000000 ) ) ;
#6978 = DIRECTION ( 'NONE',  ( 1.000000000000000000, 0.000000000000000000, 0.000000000000000000 ) ) ;
#6979 = DIRECTION ( 'NONE',  ( 0.000000000000000000, 0.000000000000000000, -1.000000000000000000 ) ) ;
#6980 = ORIENTED_EDGE ( 'NONE', *, *, #264, .T. ) ;
#6981 = PLANE ( 'NONE',  #7517 ) ;
#6982 = LINE ( 'NONE', #2549, #7241 ) ;
#6983 = DIRECTION ( 'NONE',  ( -3.965082230804130713E-16, 1.000000000000000000, 0.000000000000000000 ) ) ;
#6984 = DIRECTION ( 'NONE',  ( -1.000000000000000000, 0.000000000000000000, 0.000000000000000000 ) ) ;
#6985 = VECTOR ( 'NONE', #7471, 1000.000000000000000 ) ;
#6986 = CARTESIAN_POINT ( 'NONE',  ( 70.00000000000000000, 139.9999999999999716, 84.99999999999998579 ) ) ;
#6987 = ORIENTED_EDGE ( 'NONE', *, *, #456, .T. ) ;
#6988 = EDGE_CURVE ( 'NONE', #3129, #7993, #5859, .T. ) ;
#6989 = DIRECTION ( 'NONE',  ( -0.000000000000000000, -0.000000000000000000, 1.000000000000000000 ) ) ;
#6990 = VECTOR ( 'NONE', #1163, 1000.000000000000000 ) ;
#6991 = ORIENTED_EDGE ( 'NONE', *, *, #1143, .F. ) ;
#6992 = CARTESIAN_POINT ( 'NONE',  ( 9.999999999999969802, 82.00000000000117950, 18.00000000000000000 ) ) ;
#6993 = ORIENTED_EDGE ( 'NONE', *, *, #2830, .F. ) ;
#6994 = DIRECTION ( 'NONE',  ( -1.000000000000000000, 0.000000000000000000, 0.000000000000000000 ) ) ;
#6995 = AXIS2_PLACEMENT_3D ( 'NONE', #4471, #2591, #5742 ) ;
#6996 = ORIENTED_EDGE ( 'NONE', *, *, #2274, .F. ) ;
#6997 = AXIS2_PLACEMENT_3D ( 'NONE', #654, #2422, #5529 ) ;
#6998 = LINE ( 'NONE', #2564, #5956 ) ;
#6999 = EDGE_CURVE ( 'NONE', #259, #164, #53, .T. ) ;
#7000 = VECTOR ( 'NONE', #6142, 1000.000000000000000 ) ;
#7001 = FACE_OUTER_BOUND ( 'NONE', #5649, .T. ) ;
#7002 = EDGE_CURVE ( 'NONE', #50, #5830, #4132, .T. ) ;
#7003 = EDGE_CURVE ( 'NONE', #241, #7555, #352, .T. ) ;
#7004 = DIRECTION ( 'NONE',  ( -0.000000000000000000, -0.000000000000000000, -1.000000000000000000 ) ) ;
#7005 = CARTESIAN_POINT ( 'NONE',  ( 26.25000000000000355, 41.00000000000001421, 12.00000000000000000 ) ) ;
#7006 = VERTEX_POINT ( 'NONE', #2243 ) ;
#7007 = LINE ( 'NONE', #4456, #1305 ) ;
#7008 = EDGE_LOOP ( 'NONE', ( #2111, #1213, #1211, #2526 ) ) ;
#7009 = AXIS2_PLACEMENT_3D ( 'NONE', #8110, #540, #6301 ) ;
#7010 = AXIS2_PLACEMENT_3D ( 'NONE', #2715, #5205, #7718 ) ;
#7011 = ORIENTED_EDGE ( 'NONE', *, *, #5772, .F. ) ;
#7012 = DIRECTION ( 'NONE',  ( 0.000000000000000000, 0.000000000000000000, 1.000000000000000000 ) ) ;
#7013 = CARTESIAN_POINT ( 'NONE',  ( 0.000000000000000000, 80.00000000000109424, 0.2139618866115675089 ) ) ;
#7014 = LINE ( 'NONE', #1963, #2939 ) ;
#7015 = DIRECTION ( 'NONE',  ( 0.000000000000000000, 0.000000000000000000, -1.000000000000000000 ) ) ;
#7016 = VECTOR ( 'NONE', #2290, 1000.000000000000000 ) ;
#7017 = DIRECTION ( 'NONE',  ( 3.965082230804129727E-16, -1.000000000000000000, 0.000000000000000000 ) ) ;
#7018 = DIRECTION ( 'NONE',  ( -9.912705577010326536E-16, -3.930469274259665525E-31, -1.000000000000000000 ) ) ;
#7019 = CARTESIAN_POINT ( 'NONE',  ( 59.20999999999999375, 82.00000000000117950, 78.00000000000001421 ) ) ;
#7020 = ORIENTED_EDGE ( 'NONE', *, *, #6661, .T. ) ;
#7021 = VECTOR ( 'NONE', #6426, 1000.000000000000000 ) ;
#7022 = CARTESIAN_POINT ( 'NONE',  ( 22.44166666666660603, 77.00000000000110845, 93.00000000000000000 ) ) ;
#7023 = PLANE ( 'NONE',  #6456 ) ;
#7024 = EDGE_CURVE ( 'NONE', #5591, #131, #2204, .T. ) ;
#7025 = DIRECTION ( 'NONE',  ( 0.000000000000000000, 0.000000000000000000, 1.000000000000000000 ) ) ;
#7026 = CARTESIAN_POINT ( 'NONE',  ( 17.00000000000000000, 118.0000000000011937, 9.600000000000003197 ) ) ;
#7027 = VECTOR ( 'NONE', #3991, 1000.000000000000000 ) ;
#7028 = CARTESIAN_POINT ( 'NONE',  ( 70.00000000000000000, 134.9999999999999716, 3.000000000000000000 ) ) ;
#7029 = ORIENTED_EDGE ( 'NONE', *, *, #909, .T. ) ;
#7030 = VECTOR ( 'NONE', #2384, 1000.000000000000000 ) ;
#7031 = CARTESIAN_POINT ( 'NONE',  ( 1.388281390087933831, 74.44687443964929230, 87.13305151275729088 ) ) ;
#7032 = ADVANCED_FACE ( 'NONE', ( #5977 ), #4014, .F. ) ;
#7033 = DIRECTION ( 'NONE',  ( 1.000000000000000000, 0.000000000000000000, 0.000000000000000000 ) ) ;
#7034 = VECTOR ( 'NONE', #4382, 1000.000000000000000 ) ;
#7035 = EDGE_CURVE ( 'NONE', #7065, #5068, #6286, .T. ) ;
#7036 = ORIENTED_EDGE ( 'NONE', *, *, #1608, .T. ) ;
#7037 = ORIENTED_EDGE ( 'NONE', *, *, #1769, .F. ) ;
#7038 = CARTESIAN_POINT ( 'NONE',  ( 8.590000000000014069, 90.00000000000119371, 84.31158075373095073 ) ) ;
#7039 = CIRCLE ( 'NONE', #5587, 2.000000000000001776 ) ;
#7040 = VECTOR ( 'NONE', #2280, 1000.000000000000000 ) ;
#7041 = ORIENTED_EDGE ( 'NONE', *, *, #6644, .F. ) ;
#7042 = ADVANCED_FACE ( 'NONE', ( #2778 ), #7255, .F. ) ;
#7043 = DIRECTION ( 'NONE',  ( 1.000000000000000000, 3.965082230804130713E-16, 0.000000000000000000 ) ) ;
#7044 = CARTESIAN_POINT ( 'NONE',  ( -3.078715288064818691E-14, 90.00000000000109424, 51.50000000000000711 ) ) ;
#7045 = DIRECTION ( 'NONE',  ( -0.8660254037844390407, 0.000000000000000000, 0.4999999999999991673 ) ) ;
#7046 = ORIENTED_EDGE ( 'NONE', *, *, #3832, .T. ) ;
#7047 = PLANE ( 'NONE',  #5219 ) ;
#7048 = ORIENTED_EDGE ( 'NONE', *, *, #700, .T. ) ;
#7049 = ORIENTED_EDGE ( 'NONE', *, *, #2983, .T. ) ;
#7050 = VECTOR ( 'NONE', #7589, 1000.000000000000000 ) ;
#7051 = DIRECTION ( 'NONE',  ( 0.000000000000000000, 1.000000000000000000, 0.000000000000000000 ) ) ;
#7052 = CARTESIAN_POINT ( 'NONE',  ( 50.20000000000000284, 115.0000000000011795, 6.383419246269049552 ) ) ;
#7053 = DIRECTION ( 'NONE',  ( -9.570888143320315641E-17, 1.000000000000000000, -0.000000000000000000 ) ) ;
#7054 = CARTESIAN_POINT ( 'NONE',  ( 3.000000000000000000, 139.9999999999999716, 8.000000000000000000 ) ) ;
#7055 = CARTESIAN_POINT ( 'NONE',  ( 63.20000000000000284, 139.9999999999999716, 87.00000000000000000 ) ) ;
#7056 = ORIENTED_EDGE ( 'NONE', *, *, #1129, .F. ) ;
#7057 = LINE ( 'NONE', #6358, #7761 ) ;
#7058 = VERTEX_POINT ( 'NONE', #6642 ) ;
#7059 = EDGE_CURVE ( 'NONE', #3053, #7106, #2284, .T. ) ;
#7060 = CARTESIAN_POINT ( 'NONE',  ( 55.79999999999998295, 116.0000000000011795, 6.383419246269050440 ) ) ;
#7061 = CARTESIAN_POINT ( 'NONE',  ( 0.000000000000000000, 0.000000000000000000, 3.000000000000000000 ) ) ;
#7062 = DIRECTION ( 'NONE',  ( -1.000000000000000000, 0.000000000000000000, 0.000000000000000000 ) ) ;
#7063 = DIRECTION ( 'NONE',  ( 0.000000000000000000, 1.000000000000000000, 0.000000000000000000 ) ) ;
#7064 = DIRECTION ( 'NONE',  ( 0.000000000000000000, 0.000000000000000000, -1.000000000000000000 ) ) ;
#7065 = VERTEX_POINT ( 'NONE', #5353 ) ;
#7066 = EDGE_CURVE ( 'NONE', #8011, #6343, #2026, .T. ) ;
#7067 = EDGE_CURVE ( 'NONE', #7406, #1444, #5314, .T. ) ;
#7068 = CARTESIAN_POINT ( 'NONE',  ( 27.89999999999999147, 41.00000000000001421, 77.00000000000000000 ) ) ;
#7069 = AXIS2_PLACEMENT_3D ( 'NONE', #2803, #6617, #5296 ) ;
#7070 = CYLINDRICAL_SURFACE ( 'NONE', #7171, 2.000000000000000000 ) ;
#7071 = ORIENTED_EDGE ( 'NONE', *, *, #718, .T. ) ;
#7072 = CARTESIAN_POINT ( 'NONE',  ( 17.00000000000001066, 116.0000000000011795, 84.99999999999998579 ) ) ;
#7073 = ORIENTED_EDGE ( 'NONE', *, *, #373, .T. ) ;
#7074 = DIRECTION ( 'NONE',  ( 0.000000000000000000, -0.000000000000000000, 1.000000000000000000 ) ) ;
#7075 = CIRCLE ( 'NONE', #6679, 2.000000000000001776 ) ;
#7076 = ORIENTED_EDGE ( 'NONE', *, *, #7359, .F. ) ;
#7077 = CARTESIAN_POINT ( 'NONE',  ( 0.000000000000000000, 116.0000000000011795, 0.000000000000000000 ) ) ;
#7078 = CARTESIAN_POINT ( 'NONE',  ( 16.99999999999999645, 115.0000000000011795, 11.23316150746190800 ) ) ;
#7079 = DIRECTION ( 'NONE',  ( -0.8660254037844379305, 0.000000000000000000, 0.5000000000000011102 ) ) ;
#7080 = VERTEX_POINT ( 'NONE', #4625 ) ;
#7081 = LINE ( 'NONE', #6459, #4442 ) ;
#7082 = ORIENTED_EDGE ( 'NONE', *, *, #7830, .T. ) ;
#7083 = EDGE_CURVE ( 'NONE', #3715, #7058, #7919, .T. ) ;
#7084 = VERTEX_POINT ( 'NONE', #6592 ) ;
#7085 = CARTESIAN_POINT ( 'NONE',  ( 22.00000000000002132, 118.0000000000011937, 90.00000000000000000 ) ) ;
#7086 = FACE_BOUND ( 'NONE', #6524, .T. ) ;
#7087 = CARTESIAN_POINT ( 'NONE',  ( 26.25000000000000355, 41.00000000000001421, 13.00000000000000178 ) ) ;
#7088 = DIRECTION ( 'NONE',  ( -1.000000000000000000, 0.000000000000000000, 0.000000000000000000 ) ) ;
#7089 = FACE_OUTER_BOUND ( 'NONE', #421, .T. ) ;
#7090 = ORIENTED_EDGE ( 'NONE', *, *, #5230, .F. ) ;
#7091 = ORIENTED_EDGE ( 'NONE', *, *, #7059, .T. ) ;
#7092 = CARTESIAN_POINT ( 'NONE',  ( 5.789999999999999147, 83.40000000000118519, 12.30500000000000149 ) ) ;
#7093 = EDGE_CURVE ( 'NONE', #784, #7386, #3514, .T. ) ;
#7094 = CARTESIAN_POINT ( 'NONE',  ( 55.79999999999998295, 115.0000000000011795, 6.383419246269050440 ) ) ;
#7095 = EDGE_CURVE ( 'NONE', #418, #1798, #7175, .T. ) ;
#7096 = CARTESIAN_POINT ( 'NONE',  ( 70.00000000000000000, 86.00000000000113687, 3.000000000000000000 ) ) ;
#7097 = LINE ( 'NONE', #5160, #1218 ) ;
#7098 = EDGE_CURVE ( 'NONE', #1564, #4993, #4383, .T. ) ;
#7099 = ADVANCED_FACE ( 'NONE', ( #7912 ), #7998, .T. ) ;
#7100 = DIRECTION ( 'NONE',  ( 0.000000000000000000, 0.000000000000000000, -1.000000000000000000 ) ) ;
#7101 = ORIENTED_EDGE ( 'NONE', *, *, #2622, .F. ) ;
#7102 = CARTESIAN_POINT ( 'NONE',  ( 10.78999999999999737, 90.00000000000119371, 3.000000000000000000 ) ) ;
#7103 = CIRCLE ( 'NONE', #6443, 14.05000000000000071 ) ;
#7104 = DIRECTION ( 'NONE',  ( -9.912705577010326536E-16, -3.930469274259665525E-31, 1.000000000000000000 ) ) ;
#7105 = EDGE_CURVE ( 'NONE', #3285, #7225, #6144, .T. ) ;
#7106 = VERTEX_POINT ( 'NONE', #6768 ) ;
#7107 = CARTESIAN_POINT ( 'NONE',  ( 50.42286218423173239, 1.691448736927007035, 12.30855126307302605 ) ) ;
#7108 = ORIENTED_EDGE ( 'NONE', *, *, #1894, .F. ) ;
#7109 = DIRECTION ( 'NONE',  ( 0.000000000000000000, 0.000000000000000000, 1.000000000000000000 ) ) ;
#7110 = AXIS2_PLACEMENT_3D ( 'NONE', #6279, #2502, #5618 ) ;
#7111 = EDGE_LOOP ( 'NONE', ( #593, #4920, #4497, #5890 ) ) ;
#7112 = CARTESIAN_POINT ( 'NONE',  ( 70.00000000000001421, 85.00000000000115108, 46.49999999999999289 ) ) ;
#7113 = CARTESIAN_POINT ( 'NONE',  ( 0.7899999999999964828, 90.00000000000119371, 3.000000000000002665 ) ) ;
#7114 = FACE_OUTER_BOUND ( 'NONE', #3341, .T. ) ;
#7115 = VECTOR ( 'NONE', #3275, 1000.000000000000000 ) ;
#7116 = ORIENTED_EDGE ( 'NONE', *, *, #5804, .T. ) ;
#7117 = LINE ( 'NONE', #1991, #1434 ) ;
#7118 = ORIENTED_EDGE ( 'NONE', *, *, #3786, .F. ) ;
#7119 = VECTOR ( 'NONE', #1422, 1000.000000000000000 ) ;
#7120 = VECTOR ( 'NONE', #3150, 1000.000000000000000 ) ;
#7121 = ORIENTED_EDGE ( 'NONE', *, *, #3432, .T. ) ;
#7122 = CARTESIAN_POINT ( 'NONE',  ( 40.00000000000000000, 34.13021325036269360, 4.900000000000000355 ) ) ;
#7123 = CYLINDRICAL_SURFACE ( 'NONE', #4519, 5.000000000000004441 ) ;
#7124 = CARTESIAN_POINT ( 'NONE',  ( 24.60000000000000497, 41.00000000000001421, 15.00000000000000000 ) ) ;
#7125 = ORIENTED_EDGE ( 'NONE', *, *, #7380, .F. ) ;
#7126 = CARTESIAN_POINT ( 'NONE',  ( 55.79999999999997584, 116.0000000000011795, 86.61658075373094334 ) ) ;
#7127 = ADVANCED_FACE ( 'NONE', ( #4298, #3681 ), #7960, .T. ) ;
#7128 = CIRCLE ( 'NONE', #826, 1.999999999999996669 ) ;
#7129 = ORIENTED_EDGE ( 'NONE', *, *, #3830, .F. ) ;
#7130 = CIRCLE ( 'NONE', #5819, 3.499999999999989342 ) ;
#7131 = ORIENTED_EDGE ( 'NONE', *, *, #7778, .F. ) ;
#7132 = DIRECTION ( 'NONE',  ( 0.000000000000000000, 0.000000000000000000, -1.000000000000000000 ) ) ;
#7133 = AXIS2_PLACEMENT_3D ( 'NONE', #4794, #7466, #1181 ) ;
#7134 = DIRECTION ( 'NONE',  ( -1.734723475976808475E-15, -1.000000000000000000, 0.000000000000000000 ) ) ;
#7135 = CARTESIAN_POINT ( 'NONE',  ( 42.10000000000000142, 41.00000000000001421, 77.00000000000000000 ) ) ;
#7136 = CARTESIAN_POINT ( 'NONE',  ( 34.99999999999999289, 21.00000000000000355, 88.09999999999999432 ) ) ;
#7137 = CARTESIAN_POINT ( 'NONE',  ( 67.29662940561857454, 69.18651762247540660, 83.48493723899129293 ) ) ;
#7138 = LINE ( 'NONE', #1517, #274 ) ;
#7139 = AXIS2_PLACEMENT_3D ( 'NONE', #4696, #7737, #6465 ) ;
#7140 = ORIENTED_EDGE ( 'NONE', *, *, #5866, .T. ) ;
#7141 = EDGE_CURVE ( 'NONE', #6711, #3223, #1094, .T. ) ;
#7142 = EDGE_CURVE ( 'NONE', #5887, #6175, #5156, .T. ) ;
#7143 = EDGE_CURVE ( 'NONE', #1777, #4481, #1629, .T. ) ;
#7144 = DIRECTION ( 'NONE',  ( 0.000000000000000000, 0.000000000000000000, 1.000000000000000000 ) ) ;
#7145 = VECTOR ( 'NONE', #1988, 1000.000000000000114 ) ;
#7146 = CARTESIAN_POINT ( 'NONE',  ( 0.000000000000000000, 139.9999999999999716, 88.00000000000000000 ) ) ;
#7147 = ORIENTED_EDGE ( 'NONE', *, *, #1065, .T. ) ;
#7148 = CARTESIAN_POINT ( 'NONE',  ( 6.999999999999970690, 85.00000000000110845, 46.50000000000000711 ) ) ;
#7149 = AXIS2_PLACEMENT_3D ( 'NONE', #7151, #897, #279 ) ;
#7150 = EDGE_LOOP ( 'NONE', ( #851, #4419, #2986, #859, #3038 ) ) ;
#7151 = CARTESIAN_POINT ( 'NONE',  ( 34.99999999999999289, 21.00000000000000355, 77.00000000000000000 ) ) ;
#7152 = ORIENTED_EDGE ( 'NONE', *, *, #6855, .F. ) ;
#7153 = PLANE ( 'NONE',  #6595 ) ;
#7154 = CIRCLE ( 'NONE', #4927, 2.999999999999999112 ) ;
#7155 = LINE ( 'NONE', #1534, #5277 ) ;
#7156 = CARTESIAN_POINT ( 'NONE',  ( 34.99999999999999289, 21.00000000000000355, 81.00000000000000000 ) ) ;
#7157 = DIRECTION ( 'NONE',  ( 0.2425356250363298605, 0.9701425001453327646, -0.000000000000000000 ) ) ;
#7158 = ORIENTED_EDGE ( 'NONE', *, *, #6072, .T. ) ;
#7159 = FACE_BOUND ( 'NONE', #1548, .T. ) ;
#7160 = VERTEX_POINT ( 'NONE', #3599 ) ;
#7161 = AXIS2_PLACEMENT_3D ( 'NONE', #4328, #6837, #590 ) ;
#7162 = EDGE_CURVE ( 'NONE', #2063, #5069, #1761, .T. ) ;
#7163 = ORIENTED_EDGE ( 'NONE', *, *, #3493, .T. ) ;
#7164 = CARTESIAN_POINT ( 'NONE',  ( 3.000000000000000000, 145.0000000000000000, 80.00000000000000000 ) ) ;
#7165 = CYLINDRICAL_SURFACE ( 'NONE', #7139, 1.649999999999998579 ) ;
#7166 = LINE ( 'NONE', #3504, #3357 ) ;
#7167 = ORIENTED_EDGE ( 'NONE', *, *, #2817, .F. ) ;
#7168 = CARTESIAN_POINT ( 'NONE',  ( 50.28033008588990072, 1.121320343559668808, 80.12132034355964549 ) ) ;
#7169 = VERTEX_POINT ( 'NONE', #8082 ) ;
#7170 = ORIENTED_EDGE ( 'NONE', *, *, #2528, .F. ) ;
#7171 = AXIS2_PLACEMENT_3D ( 'NONE', #122, #2601, #7683 ) ;
#7172 = FACE_BOUND ( 'NONE', #7792, .T. ) ;
#7173 = LINE ( 'NONE', #2859, #549 ) ;
#7174 = EDGE_CURVE ( 'NONE', #5504, #5145, #514, .T. ) ;
#7175 = LINE ( 'NONE', #5199, #3983 ) ;
#7176 = LINE ( 'NONE', #1718, #7557 ) ;
#7177 = CARTESIAN_POINT ( 'NONE',  ( 65.78832145444550861, 63.15328581778298656, 81.58204303489364406 ) ) ;
#7178 = CARTESIAN_POINT ( 'NONE',  ( 47.55833333333335133, 77.00000000000109424, 12.00000000000000000 ) ) ;
#7179 = ORIENTED_EDGE ( 'NONE', *, *, #3474, .F. ) ;
#7180 = EDGE_CURVE ( 'NONE', #3798, #6711, #7299, .T. ) ;
#7181 = VECTOR ( 'NONE', #5647, 1000.000000000000000 ) ;
#7182 = EDGE_CURVE ( 'NONE', #5261, #7273, #3552, .T. ) ;
#7183 = CARTESIAN_POINT ( 'NONE',  ( 35.00000000000000000, 21.00000000000000355, 4.900000000000000355 ) ) ;
#7184 = DIRECTION ( 'NONE',  ( -0.000000000000000000, 1.000000000000000000, -0.000000000000000000 ) ) ;
#7185 = ORIENTED_EDGE ( 'NONE', *, *, #2532, .T. ) ;
#7186 = LINE ( 'NONE', #4639, #5101 ) ;
#7187 = EDGE_LOOP ( 'NONE', ( #986, #3948, #6211, #4351, #4694, #8062, #4107, #4123, #370, #2348, #1331, #3829, #7872, #355, #5758, #7743 ) ) ;
#7188 = LINE ( 'NONE', #6562, #1916 ) ;
#7189 = ORIENTED_EDGE ( 'NONE', *, *, #3123, .F. ) ;
#7190 = LINE ( 'NONE', #325, #3584 ) ;
#7191 = ORIENTED_EDGE ( 'NONE', *, *, #1549, .T. ) ;
#7192 = PLANE ( 'NONE',  #3856 ) ;
#7193 = EDGE_CURVE ( 'NONE', #7406, #2327, #553, .T. ) ;
#7194 = PLANE ( 'NONE',  #5828 ) ;
#7195 = LINE ( 'NONE', #4066, #4417 ) ;
#7196 = EDGE_CURVE ( 'NONE', #713, #205, #5288, .T. ) ;
#7197 = ORIENTED_EDGE ( 'NONE', *, *, #665, .T. ) ;
#7198 = CARTESIAN_POINT ( 'NONE',  ( 70.00000000000000000, 81.58800596674575445, 0.000000000000000000 ) ) ;
#7199 = VERTEX_POINT ( 'NONE', #5392 ) ;
#7200 = PLANE ( 'NONE',  #7375 ) ;
#7201 = VECTOR ( 'NONE', #2638, 1000.000000000000000 ) ;
#7202 = ORIENTED_EDGE ( 'NONE', *, *, #2271, .F. ) ;
#7203 = DIRECTION ( 'NONE',  ( -1.000000000000000000, 0.000000000000000000, 0.000000000000000000 ) ) ;
#7204 = CARTESIAN_POINT ( 'NONE',  ( 50.28033008588990072, 1.121320343559668808, 80.12132034355964549 ) ) ;
#7205 = PLANE ( 'NONE',  #5063 ) ;
#7206 = ORIENTED_EDGE ( 'NONE', *, *, #3628, .F. ) ;
#7207 = CARTESIAN_POINT ( 'NONE',  ( 57.99999999999999289, 118.0000000000011937, 80.00000000000000000 ) ) ;
#7208 = VERTEX_POINT ( 'NONE', #2334 ) ;
#7209 = EDGE_CURVE ( 'NONE', #5404, #6359, #6100, .T. ) ;
#7210 = VERTEX_POINT ( 'NONE', #4835 ) ;
#7211 = FACE_BOUND ( 'NONE', #7497, .T. ) ;
#7212 = CARTESIAN_POINT ( 'NONE',  ( 35.00000000000000000, 37.00000000000000711, 9.500000000000000000 ) ) ;
#7213 = DIRECTION ( 'NONE',  ( 0.000000000000000000, 0.000000000000000000, 1.000000000000000000 ) ) ;
#7214 = CARTESIAN_POINT ( 'NONE',  ( 70.00000000000000000, 90.00000000000112266, 41.50000000000000000 ) ) ;
#7215 = CARTESIAN_POINT ( 'NONE',  ( 12.00000000000000178, 118.0000000000011937, 3.000000000000000000 ) ) ;
#7216 = ORIENTED_EDGE ( 'NONE', *, *, #6020, .F. ) ;
#7217 = LINE ( 'NONE', #2866, #2415 ) ;
#7218 = FACE_BOUND ( 'NONE', #4484, .T. ) ;
#7219 = FACE_OUTER_BOUND ( 'NONE', #1593, .T. ) ;
#7220 = ORIENTED_EDGE ( 'NONE', *, *, #2481, .F. ) ;
#7221 = DIRECTION ( 'NONE',  ( -0.000000000000000000, -0.000000000000000000, 1.000000000000000000 ) ) ;
#7222 = ADVANCED_FACE ( 'NONE', ( #7340 ), #3028, .F. ) ;
#7223 = ORIENTED_EDGE ( 'NONE', *, *, #8134, .F. ) ;
#7224 = FACE_OUTER_BOUND ( 'NONE', #3790, .T. ) ;
#7225 = VERTEX_POINT ( 'NONE', #473 ) ;
#7226 = CARTESIAN_POINT ( 'NONE',  ( 65.40000000000001990, 85.00000000000115108, 46.49999999999999289 ) ) ;
#7227 = CIRCLE ( 'NONE', #7886, 6.000000000000000000 ) ;
#7228 = CYLINDRICAL_SURFACE ( 'NONE', #6469, 1.600000000000002531 ) ;
#7229 = LINE ( 'NONE', #7279, #7275 ) ;
#7230 = EDGE_CURVE ( 'NONE', #6116, #6916, #2372, .T. ) ;
#7231 = DIRECTION ( 'NONE',  ( 3.965082230804130713E-16, -1.000000000000000000, -0.000000000000000000 ) ) ;
#7232 = ORIENTED_EDGE ( 'NONE', *, *, #847, .F. ) ;
#7233 = CARTESIAN_POINT ( 'NONE',  ( 10.78999999999999737, 90.00000000000119371, 3.000000000000002665 ) ) ;
#7234 = ORIENTED_EDGE ( 'NONE', *, *, #1642, .T. ) ;
#7235 = DIRECTION ( 'NONE',  ( -1.000000000000000000, 0.000000000000000000, 0.000000000000000000 ) ) ;
#7236 = AXIS2_PLACEMENT_3D ( 'NONE', #6831, #5017, #3667 ) ;
#7237 = EDGE_CURVE ( 'NONE', #6196, #4281, #8037, .T. ) ;
#7238 = EDGE_CURVE ( 'NONE', #6916, #1137, #2412, .T. ) ;
#7239 = EDGE_CURVE ( 'NONE', #3986, #4067, #2039, .T. ) ;
#7240 = ORIENTED_EDGE ( 'NONE', *, *, #5034, .F. ) ;
#7241 = VECTOR ( 'NONE', #2008, 1000.000000000000000 ) ;
#7242 = DIRECTION ( 'NONE',  ( 1.000000000000000000, 0.000000000000000000, 0.000000000000000000 ) ) ;
#7243 = AXIS2_PLACEMENT_3D ( 'NONE', #5635, #6794, #5547 ) ;
#7244 = CARTESIAN_POINT ( 'NONE',  ( 55.79999999999997584, 116.0000000000011795, 83.38341924626904245 ) ) ;
#7246 = ORIENTED_EDGE ( 'NONE', *, *, #207, .T. ) ;
#7245 = FACE_OUTER_BOUND ( 'NONE', #5957, .T. ) ;
#7247 = ORIENTED_EDGE ( 'NONE', *, *, #4143, .F. ) ;
#7248 = CARTESIAN_POINT ( 'NONE',  ( 4.291009494848045946, 75.20527889746185224, 51.50000000000000000 ) ) ;
#7249 = ORIENTED_EDGE ( 'NONE', *, *, #1675, .T. ) ;
#7250 = VECTOR ( 'NONE', #6425, 1000.000000000000000 ) ;
#7251 = ORIENTED_EDGE ( 'NONE', *, *, #4044, .F. ) ;
#7252 = AXIS2_PLACEMENT_3D ( 'NONE', #7136, #2167, #6984 ) ;
#7253 = CARTESIAN_POINT ( 'NONE',  ( 52.99999999999998579, 115.0000000000011795, 84.99999999999998579 ) ) ;
#7254 = CARTESIAN_POINT ( 'NONE',  ( 55.79999999999997584, 116.0000000000011795, 86.61658075373094334 ) ) ;
#7255 = PLANE ( 'NONE',  #5817 ) ;
#7256 = DIRECTION ( 'NONE',  ( -0.000000000000000000, -0.000000000000000000, -1.000000000000000000 ) ) ;
#7257 = VECTOR ( 'NONE', #282, 1000.000000000000000 ) ;
#7258 = VECTOR ( 'NONE', #5973, 1000.000000000000227 ) ;
#7259 = SURFACE_SIDE_STYLE ('',( #2127 ) ) ;
#7260 = DIRECTION ( 'NONE',  ( -1.000000000000000000, -0.000000000000000000, -0.000000000000000000 ) ) ;
#7261 = ORIENTED_EDGE ( 'NONE', *, *, #3820, .T. ) ;
#7262 = VECTOR ( 'NONE', #1697, 1000.000000000000000 ) ;
#7263 = AXIS2_PLACEMENT_3D ( 'NONE', #444, #5539, #1824 ) ;
#7264 = ADVANCED_FACE ( 'NONE', ( #7621 ), #4424, .F. ) ;
#7265 = CARTESIAN_POINT ( 'NONE',  ( 57.99999999999999289, 118.0000000000011937, 90.00000000000000000 ) ) ;
#7266 = DIRECTION ( 'NONE',  ( 3.965082230804123317E-16, -1.000000000000000000, 0.000000000000000000 ) ) ;
#7267 = CARTESIAN_POINT ( 'NONE',  ( 39.99999999999999289, 34.13021325036270071, 81.00000000000000000 ) ) ;
#7268 = CIRCLE ( 'NONE', #5700, 6.000000000000005329 ) ;
#7269 = ORIENTED_EDGE ( 'NONE', *, *, #5034, .T. ) ;
#7270 = DIRECTION ( 'NONE',  ( 0.000000000000000000, 0.000000000000000000, -1.000000000000000000 ) ) ;
#7271 = ORIENTED_EDGE ( 'NONE', *, *, #3649, .T. ) ;
#7272 = DIRECTION ( 'NONE',  ( 1.000000000000000000, 0.000000000000000000, -0.000000000000000000 ) ) ;
#7273 = VERTEX_POINT ( 'NONE', #67 ) ;
#7274 = ORIENTED_EDGE ( 'NONE', *, *, #4837, .F. ) ;
#7275 = VECTOR ( 'NONE', #1657, 1000.000000000000000 ) ;
#7276 = DIRECTION ( 'NONE',  ( -0.000000000000000000, 0.000000000000000000, 1.000000000000000000 ) ) ;
#7277 = FACE_OUTER_BOUND ( 'NONE', #2386, .T. ) ;
#7278 = EDGE_CURVE ( 'NONE', #6559, #3128, #2653, .T. ) ;
#7279 = CARTESIAN_POINT ( 'NONE',  ( 39.99999999999999289, 37.00000000000000711, 81.00000000000000000 ) ) ;
#7280 = LINE ( 'NONE', #7889, #2589 ) ;
#7281 = CIRCLE ( 'NONE', #4778, 3.499999999999982236 ) ;
#7282 = VERTEX_POINT ( 'NONE', #5652 ) ;
#7283 = DIRECTION ( 'NONE',  ( -0.8660254037844375974, 0.000000000000000000, -0.5000000000000019984 ) ) ;
#7284 = ORIENTED_EDGE ( 'NONE', *, *, #5804, .F. ) ;
#7285 = LINE ( 'NONE', #290, #149 ) ;
#7286 = EDGE_CURVE ( 'NONE', #5882, #3564, #6939, .T. ) ;
#7287 = CIRCLE ( 'NONE', #7679, 2.000000000000000000 ) ;
#7288 = ORIENTED_EDGE ( 'NONE', *, *, #7196, .T. ) ;
#7289 = CARTESIAN_POINT ( 'NONE',  ( 19.80000000000000071, 116.0000000000011795, 9.616580753730948672 ) ) ;
#7290 = DIRECTION ( 'NONE',  ( -1.000000000000000000, 0.000000000000000000, 0.000000000000000000 ) ) ;
#7292 = ORIENTED_EDGE ( 'NONE', *, *, #1370, .T. ) ;
#7291 = CARTESIAN_POINT ( 'NONE',  ( 34.99999999999999289, 56.99999999999999289, 13.79999999999999893 ) ) ;
#7293 = ORIENTED_EDGE ( 'NONE', *, *, #6169, .T. ) ;
#7294 = CARTESIAN_POINT ( 'NONE',  ( 17.00000000000000000, 116.0000000000011795, 8.000000000000000000 ) ) ;
#7295 = VECTOR ( 'NONE', #8038, 1000.000000000000114 ) ;
#7296 = EDGE_LOOP ( 'NONE', ( #1410, #5726, #5523, #3875 ) ) ;
#7297 = DIRECTION ( 'NONE',  ( 0.000000000000000000, 0.000000000000000000, 1.000000000000000000 ) ) ;
#7298 = DIRECTION ( 'NONE',  ( 0.8660254037844375974, 0.000000000000000000, -0.5000000000000019984 ) ) ;
#7299 = LINE ( 'NONE', #7379, #5162 ) ;
#7300 = FACE_OUTER_BOUND ( 'NONE', #1507, .T. ) ;
#7301 = EDGE_CURVE ( 'NONE', #4702, #6073, #7014, .T. ) ;
#7302 = CARTESIAN_POINT ( 'NONE',  ( 64.25000000000008527, 57.00000000000112976, 81.00000000000000000 ) ) ;
#7303 = EDGE_CURVE ( 'NONE', #6559, #1895, #1272, .T. ) ;
#7304 = DIRECTION ( 'NONE',  ( 0.000000000000000000, 0.000000000000000000, 1.000000000000000000 ) ) ;
#7305 = AXIS2_PLACEMENT_3D ( 'NONE', #2314, #2919, #902 ) ;
#7306 = ORIENTED_EDGE ( 'NONE', *, *, #6947, .F. ) ;
#7307 = EDGE_CURVE ( 'NONE', #7058, #3715, #1105, .T. ) ;
#7308 = FACE_OUTER_BOUND ( 'NONE', #3377, .T. ) ;
#7309 = VECTOR ( 'NONE', #5081, 1000.000000000000000 ) ;
#7310 = CARTESIAN_POINT ( 'NONE',  ( 6.999999999999973355, 80.00000000000109424, 41.50000000000000000 ) ) ;
#7311 = FACE_OUTER_BOUND ( 'NONE', #4772, .T. ) ;
#7312 = VERTEX_POINT ( 'NONE', #4542 ) ;
#7313 = CARTESIAN_POINT ( 'NONE',  ( 20.95000000000000284, 21.00000000000000355, 4.900000000000000355 ) ) ;
#7314 = VERTEX_POINT ( 'NONE', #7505 ) ;
#7315 = ADVANCED_FACE ( 'NONE', ( #1423 ), #1344, .F. ) ;
#7316 = CARTESIAN_POINT ( 'NONE',  ( 69.20999999999997954, 86.00000000000112266, 3.000000000000002665 ) ) ;
#7317 = VERTEX_POINT ( 'NONE', #3189 ) ;
#7318 = ORIENTED_EDGE ( 'NONE', *, *, #5772, .T. ) ;
#7319 = LINE ( 'NONE', #1695, #3978 ) ;
#7320 = CARTESIAN_POINT ( 'NONE',  ( 32.99999999999999289, 37.00000000000000711, 88.09999999999999432 ) ) ;
#7321 = LINE ( 'NONE', #2313, #4919 ) ;
#7322 = DIRECTION ( 'NONE',  ( 0.000000000000000000, 0.000000000000000000, 1.000000000000000000 ) ) ;
#7323 = EDGE_LOOP ( 'NONE', ( #6272, #2719, #2901, #6299 ) ) ;
#7324 = FACE_OUTER_BOUND ( 'NONE', #4492, .T. ) ;
#7325 = ORIENTED_EDGE ( 'NONE', *, *, #797, .F. ) ;
#7326 = CARTESIAN_POINT ( 'NONE',  ( 50.20000000000000284, 115.0000000000011795, 6.383419246269049552 ) ) ;
#7327 = ORIENTED_EDGE ( 'NONE', *, *, #6783, .F. ) ;
#7328 = CARTESIAN_POINT ( 'NONE',  ( 34.99999999999999289, 37.00000000000000711, 83.50000000000000000 ) ) ;
#7329 = CARTESIAN_POINT ( 'NONE',  ( 70.00000000000000000, 139.9999999999999716, 10.00000000000000178 ) ) ;
#7331 = ORIENTED_EDGE ( 'NONE', *, *, #7874, .F. ) ;
#7330 = CARTESIAN_POINT ( 'NONE',  ( 5.749999999999914735, 57.00000000000112266, 12.00000000000000000 ) ) ;
#7332 = ORIENTED_EDGE ( 'NONE', *, *, #4273, .T. ) ;
#7333 = VECTOR ( 'NONE', #4292, 1000.000000000000000 ) ;
#7334 = LINE ( 'NONE', #5386, #6775 ) ;
#7335 = EDGE_CURVE ( 'NONE', #1859, #3285, #6229, .T. ) ;
#7336 = ORIENTED_EDGE ( 'NONE', *, *, #6947, .T. ) ;
#7337 = DIRECTION ( 'NONE',  ( -0.000000000000000000, 1.000000000000000000, -0.000000000000000000 ) ) ;
#7338 = AXIS2_PLACEMENT_3D ( 'NONE', #4321, #5592, #7363 ) ;
#7339 = CYLINDRICAL_SURFACE ( 'NONE', #1483, 1.649999999999991696 ) ;
#7340 = FACE_OUTER_BOUND ( 'NONE', #3410, .T. ) ;
#7341 = DIRECTION ( 'NONE',  ( 0.8660254037844382635, 0.000000000000000000, -0.5000000000000006661 ) ) ;
#7342 = CARTESIAN_POINT ( 'NONE',  ( 50.20000000000000284, 116.0000000000011795, 6.383419246269049552 ) ) ;
#7343 = CARTESIAN_POINT ( 'NONE',  ( 34.99999999999999289, 37.00000000000000711, 81.00000000000000000 ) ) ;
#7344 = ORIENTED_EDGE ( 'NONE', *, *, #5952, .F. ) ;
#7345 = EDGE_CURVE ( 'NONE', #3994, #6421, #5147, .T. ) ;
#7346 = EDGE_CURVE ( 'NONE', #3564, #2646, #7268, .T. ) ;
#7347 = CARTESIAN_POINT ( 'NONE',  ( 8.171579495429375228, 76.17542139760718101, 0.000000000000000000 ) ) ;
#7348 = EDGE_CURVE ( 'NONE', #2307, #7169, #4381, .T. ) ;
#7349 = ADVANCED_FACE ( 'NONE', ( #2583, #6895 ), #5735, .F. ) ;
#7350 = CARTESIAN_POINT ( 'NONE',  ( 65.72609081526285024, 62.90436326105238152, 11.46614443872566014 ) ) ;
#7351 = ORIENTED_EDGE ( 'NONE', *, *, #4182, .F. ) ;
#7352 = CARTESIAN_POINT ( 'NONE',  ( 30.00000000000000355, 37.00000000000000711, 4.900000000000000355 ) ) ;
#7353 = ORIENTED_EDGE ( 'NONE', *, *, #6528, .F. ) ;
#7354 = CARTESIAN_POINT ( 'NONE',  ( 0.000000000000000000, 139.9999999999999716, 0.000000000000000000 ) ) ;
#7355 = EDGE_LOOP ( 'NONE', ( #5627, #2354, #3784, #2870, #626, #2959 ) ) ;
#7356 = VERTEX_POINT ( 'NONE', #3152 ) ;
#7357 = DIRECTION ( 'NONE',  ( -0.000000000000000000, 1.000000000000000000, -0.000000000000000000 ) ) ;
#7358 = DIRECTION ( 'NONE',  ( -1.000000000000000000, 0.000000000000000000, 0.000000000000000000 ) ) ;
#7359 = EDGE_CURVE ( 'NONE', #7273, #4224, #24, .T. ) ;
#7360 = CYLINDRICAL_SURFACE ( 'NONE', #5432, 3.499999999999989342 ) ;
#7361 = CARTESIAN_POINT ( 'NONE',  ( 64.20999999999999375, 83.40000000000118519, 10.30500000000000149 ) ) ;
#7362 = EDGE_LOOP ( 'NONE', ( #1727, #4539, #1956, #8057 ) ) ;
#7363 = DIRECTION ( 'NONE',  ( 1.000000000000000000, 0.000000000000000000, 0.000000000000000000 ) ) ;
#7364 = ORIENTED_EDGE ( 'NONE', *, *, #7174, .F. ) ;
#7365 = CARTESIAN_POINT ( 'NONE',  ( 34.99999999999999289, 21.00000000000000355, 88.09999999999999432 ) ) ;
#7366 = VERTEX_POINT ( 'NONE', #7586 ) ;
#7367 = DIRECTION ( 'NONE',  ( -0.8660254037844361541, 0.000000000000000000, -0.5000000000000042188 ) ) ;
#7368 = DIRECTION ( 'NONE',  ( -0.8660254037844389297, 0.000000000000000000, 0.4999999999999994449 ) ) ;
#7370 = VERTEX_POINT ( 'NONE', #1930 ) ;
#7369 = FACE_OUTER_BOUND ( 'NONE', #5988, .T. ) ;
#7371 = VECTOR ( 'NONE', #3314, 1000.000000000000000 ) ;
#7372 = ORIENTED_EDGE ( 'NONE', *, *, #4503, .T. ) ;
#7373 = CYLINDRICAL_SURFACE ( 'NONE', #220, 4.000000000000003553 ) ;
#7374 = ORIENTED_EDGE ( 'NONE', *, *, #7335, .T. ) ;
#7375 = AXIS2_PLACEMENT_3D ( 'NONE', #4164, #2192, #1617 ) ;
#7376 = VERTEX_POINT ( 'NONE', #1310 ) ;
#7377 = DIRECTION ( 'NONE',  ( 1.734723475976807341E-16, -1.000000000000000000, -0.000000000000000000 ) ) ;
#7378 = DIRECTION ( 'NONE',  ( -0.000000000000000000, 1.000000000000000000, -0.000000000000000000 ) ) ;
#7379 = CARTESIAN_POINT ( 'NONE',  ( 69.99999999999998579, 145.0000000000000000, 88.00000000000000000 ) ) ;
#7380 = EDGE_CURVE ( 'NONE', #8022, #2695, #2618, .T. ) ;
#7381 = DIRECTION ( 'NONE',  ( 0.000000000000000000, 1.000000000000000000, 0.000000000000000000 ) ) ;
#7382 = EDGE_CURVE ( 'NONE', #510, #6413, #4462, .T. ) ;
#7383 = LINE ( 'NONE', #8122, #5962 ) ;
#7384 = VECTOR ( 'NONE', #613, 1000.000000000000000 ) ;
#7385 = CARTESIAN_POINT ( 'NONE',  ( 70.00000000000000000, 80.00000000000112266, 41.50000000000000000 ) ) ;
#7386 = VERTEX_POINT ( 'NONE', #296 ) ;
#7387 = CARTESIAN_POINT ( 'NONE',  ( 69.04745200317589138, 76.19508527667797182, 89.62986577060725324 ) ) ;
#7388 = CARTESIAN_POINT ( 'NONE',  ( 66.40934520765502214, 65.63738083062105488, 10.85307297114927749 ) ) ;
#7389 = ORIENTED_EDGE ( 'NONE', *, *, #2757, .F. ) ;
#7390 = EDGE_CURVE ( 'NONE', #1004, #333, #5188, .T. ) ;
#7391 = EDGE_CURVE ( 'NONE', #6539, #2139, #6579, .T. ) ;
#7392 = PLANE ( 'NONE',  #908 ) ;
#7393 = ORIENTED_EDGE ( 'NONE', *, *, #6247, .T. ) ;
#7394 = CIRCLE ( 'NONE', #5158, 5.000000000000000000 ) ;
#7395 = ADVANCED_FACE ( 'NONE', ( #6541 ), #7165, .F. ) ;
#7396 = CARTESIAN_POINT ( 'NONE',  ( 68.61990437964286116, 74.47961751857253887, 87.16846157045060295 ) ) ;
#7397 = VERTEX_POINT ( 'NONE', #2077 ) ;
#7398 = VERTEX_POINT ( 'NONE', #912 ) ;
#7399 = CARTESIAN_POINT ( 'NONE',  ( 17.00000000000001066, 116.0000000000011795, 81.76683849253807068 ) ) ;
#7400 = AXIS2_PLACEMENT_3D ( 'NONE', #4589, #5894, #7713 ) ;
#7401 = LINE ( 'NONE', #1072, #2819 ) ;
#7402 = LINE ( 'NONE', #1783, #3898 ) ;
#7403 = EDGE_CURVE ( 'NONE', #1630, #6485, #793, .T. ) ;
#7404 = ORIENTED_EDGE ( 'NONE', *, *, #2345, .F. ) ;
#7405 = CARTESIAN_POINT ( 'NONE',  ( 70.00000000000000000, 90.00000000000112266, 41.50000000000000000 ) ) ;
#7406 = VERTEX_POINT ( 'NONE', #4002 ) ;
#7407 = DIRECTION ( 'NONE',  ( 1.000000000000000000, 0.000000000000000000, 0.000000000000000000 ) ) ;
#7408 = VERTEX_POINT ( 'NONE', #2852 ) ;
#7409 = VECTOR ( 'NONE', #600, 1000.000000000000000 ) ;
#7410 = ORIENTED_EDGE ( 'NONE', *, *, #6139, .F. ) ;
#7411 = CARTESIAN_POINT ( 'NONE',  ( 20.00000000000000355, 0.000000000000000000, 14.00000000000003020 ) ) ;
#7412 = PLANE ( 'NONE',  #2431 ) ;
#7414 = EDGE_LOOP ( 'NONE', ( #868, #5324, #1531, #5242 ) ) ;
#7413 = CARTESIAN_POINT ( 'NONE',  ( 17.00000000000001066, 115.0000000000011795, 83.39999999999997726 ) ) ;
#7415 = VECTOR ( 'NONE', #3878, 1000.000000000000114 ) ;
#7416 = VERTEX_POINT ( 'NONE', #7204 ) ;
#7417 = CARTESIAN_POINT ( 'NONE',  ( 0.7899999999999964828, 90.00000000000119371, 3.000000000000002665 ) ) ;
#7418 = ORIENTED_EDGE ( 'NONE', *, *, #3131, .T. ) ;
#7419 = ADVANCED_FACE ( 'NONE', ( #5921 ), #7123, .T. ) ;
#7420 = AXIS2_PLACEMENT_3D ( 'NONE', #6822, #2427, #1193 ) ;
#7421 = PRODUCT_DEFINITION_FORMATION_WITH_SPECIFIED_SOURCE ( 'ANY', '', #49, .NOT_KNOWN. ) ;
#7422 = ORIENTED_EDGE ( 'NONE', *, *, #665, .F. ) ;
#7423 = CYLINDRICAL_SURFACE ( 'NONE', #4894, 1.999999999999996669 ) ;
#7424 = DIRECTION ( 'NONE',  ( -0.000000000000000000, -0.000000000000000000, 1.000000000000000000 ) ) ;
#7425 = CARTESIAN_POINT ( 'NONE',  ( 19.80000000000000071, 116.0000000000011795, 6.383419246269044223 ) ) ;
#7426 = EDGE_CURVE ( 'NONE', #836, #754, #2113, .T. ) ;
#7427 = VECTOR ( 'NONE', #7623, 1000.000000000000000 ) ;
#7428 = DIRECTION ( 'NONE',  ( 0.000000000000000000, 0.000000000000000000, 1.000000000000000000 ) ) ;
#7429 = CARTESIAN_POINT ( 'NONE',  ( 61.40999999999998238, 90.00000000000119371, 84.31158075373093652 ) ) ;
#7430 = FACE_BOUND ( 'NONE', #6032, .T. ) ;
#7431 = ORIENTED_EDGE ( 'NONE', *, *, #6491, .T. ) ;
#7432 = VECTOR ( 'NONE', #2889, 1000.000000000000000 ) ;
#7433 = FACE_OUTER_BOUND ( 'NONE', #6748, .T. ) ;
#7434 = CARTESIAN_POINT ( 'NONE',  ( 40.25000000000002132, 41.00000000000001421, 13.00000000000000178 ) ) ;
#7435 = AXIS2_PLACEMENT_3D ( 'NONE', #7361, #1736, #1159 ) ;
#7436 = EDGE_LOOP ( 'NONE', ( #1381, #4869 ) ) ;
#7437 = PLANE ( 'NONE',  #6538 ) ;
#7438 = EDGE_CURVE ( 'NONE', #6439, #5882, #716, .T. ) ;
#7439 = VERTEX_POINT ( 'NONE', #7703 ) ;
#7440 = DIRECTION ( 'NONE',  ( -1.000000000000000000, 0.000000000000000000, 0.000000000000000000 ) ) ;
#7441 = ORIENTED_EDGE ( 'NONE', *, *, #1971, .F. ) ;
#7442 = ORIENTED_EDGE ( 'NONE', *, *, #1681, .T. ) ;
#7443 = CIRCLE ( 'NONE', #348, 3.000000000000002665 ) ;
#7444 = CARTESIAN_POINT ( 'NONE',  ( 61.40999999999997527, 90.00000000000119371, 11.92158075373095905 ) ) ;
#7445 =( NAMED_UNIT ( * ) PLANE_ANGLE_UNIT ( ) SI_UNIT ( $, .RADIAN. ) );
#7446 = DIRECTION ( 'NONE',  ( -0.000000000000000000, -0.000000000000000000, 1.000000000000000000 ) ) ;
#7447 = ORIENTED_EDGE ( 'NONE', *, *, #1559, .F. ) ;
#7448 = FACE_OUTER_BOUND ( 'NONE', #3812, .T. ) ;
#7449 = VECTOR ( 'NONE', #1799, 1000.000000000000114 ) ;
#7450 = VERTEX_POINT ( 'NONE', #3300 ) ;
#7451 = LINE ( 'NONE', #2440, #6990 ) ;
#7452 = ORIENTED_EDGE ( 'NONE', *, *, #4790, .T. ) ;
#7453 = ORIENTED_EDGE ( 'NONE', *, *, #4435, .T. ) ;
#7454 = DIRECTION ( 'NONE',  ( -0.000000000000000000, -0.000000000000000000, 1.000000000000000000 ) ) ;
#7455 = ADVANCED_FACE ( 'NONE', ( #2196 ), #5808, .F. ) ;
#7456 = CARTESIAN_POINT ( 'NONE',  ( 12.00000000000000178, 115.0000000000011795, 13.00000000000000178 ) ) ;
#7458 = ORIENTED_EDGE ( 'NONE', *, *, #3233, .T. ) ;
#7457 = FACE_OUTER_BOUND ( 'NONE', #6518, .T. ) ;
#7459 = ORIENTED_EDGE ( 'NONE', *, *, #1510, .T. ) ;
#7460 = DIRECTION ( 'NONE',  ( 0.000000000000000000, 0.000000000000000000, -1.000000000000000000 ) ) ;
#7461 = EDGE_LOOP ( 'NONE', ( #7546, #7685, #7140, #2344, #2761, #20 ) ) ;
#7462 = ORIENTED_EDGE ( 'NONE', *, *, #4394, .F. ) ;
#7463 = FACE_OUTER_BOUND ( 'NONE', #2788, .T. ) ;
#7464 = DIRECTION ( 'NONE',  ( 0.000000000000000000, 0.000000000000000000, -1.000000000000000000 ) ) ;
#7465 = VECTOR ( 'NONE', #5876, 1000.000000000000000 ) ;
#7466 = DIRECTION ( 'NONE',  ( 0.000000000000000000, 1.000000000000000000, 0.000000000000000000 ) ) ;
#7467 = DIRECTION ( 'NONE',  ( 0.000000000000000000, -0.000000000000000000, 1.000000000000000000 ) ) ;
#7468 = EDGE_CURVE ( 'NONE', #5684, #4060, #179, .T. ) ;
#7469 = DIRECTION ( 'NONE',  ( 1.000000000000000000, 0.000000000000000000, 0.000000000000000000 ) ) ;
#7470 = CARTESIAN_POINT ( 'NONE',  ( 17.00000000000000000, 118.0000000000011937, 8.000000000000000000 ) ) ;
#7471 = DIRECTION ( 'NONE',  ( -0.000000000000000000, 1.000000000000000000, -0.000000000000000000 ) ) ;
#7472 = ORIENTED_EDGE ( 'NONE', *, *, #1937, .T. ) ;
#7473 = CARTESIAN_POINT ( 'NONE',  ( -2.675000000000016254, 57.00000000000110845, 81.00000000000000000 ) ) ;
#7474 = CARTESIAN_POINT ( 'NONE',  ( 0.000000000000000000, 80.00000000000109424, 0.2139618866115675089 ) ) ;
#7475 = DIRECTION ( 'NONE',  ( -0.000000000000000000, -0.000000000000000000, 1.000000000000000000 ) ) ;
#7476 = VERTEX_POINT ( 'NONE', #6505 ) ;
#7477 = CYLINDRICAL_SURFACE ( 'NONE', #3557, 2.000000000000001776 ) ;
#7478 = ORIENTED_EDGE ( 'NONE', *, *, #4423, .F. ) ;
#7479 = ORIENTED_EDGE ( 'NONE', *, *, #6763, .T. ) ;
#7480 = CARTESIAN_POINT ( 'NONE',  ( 34.99999999999999289, 37.00000000000000711, 88.09999999999999432 ) ) ;
#7481 = DIRECTION ( 'NONE',  ( 0.000000000000000000, 0.000000000000000000, 1.000000000000000000 ) ) ;
#7482 = ADVANCED_FACE ( 'NONE', ( #7774, #7086, #2153, #257 ), #4038, .T. ) ;
#7483 = CARTESIAN_POINT ( 'NONE',  ( 3.000000000000000000, 145.0000000000000000, 13.00000000000000178 ) ) ;
#7484 = ORIENTED_EDGE ( 'NONE', *, *, #343, .F. ) ;
#7485 = CARTESIAN_POINT ( 'NONE',  ( -3.433761211876417945E-14, 86.60000000000110276, 46.50000000000000711 ) ) ;
#7486 = EDGE_LOOP ( 'NONE', ( #3399, #2537, #4091, #4366 ) ) ;
#7487 = DIRECTION ( 'NONE',  ( -1.000000000000000000, -3.965082230804129727E-16, 0.000000000000000000 ) ) ;
#7488 = ORIENTED_EDGE ( 'NONE', *, *, #213, .T. ) ;
#7489 = ORIENTED_EDGE ( 'NONE', *, *, #6168, .F. ) ;
#7490 = ADVANCED_FACE ( 'NONE', ( #338 ), #3959, .F. ) ;
#7491 = LINE ( 'NONE', #667, #563 ) ;
#7492 = FACE_BOUND ( 'NONE', #4981, .T. ) ;
#7493 = ORIENTED_EDGE ( 'NONE', *, *, #4585, .F. ) ;
#7494 = EDGE_CURVE ( 'NONE', #4798, #4272, #5965, .T. ) ;
#7495 = VERTEX_POINT ( 'NONE', #5848 ) ;
#7496 = CARTESIAN_POINT ( 'NONE',  ( 63.20000000000000284, 139.9999999999999716, 87.00000000000000000 ) ) ;
#7497 = EDGE_LOOP ( 'NONE', ( #640, #3870 ) ) ;
#7498 = EDGE_CURVE ( 'NONE', #29, #2257, #4732, .T. ) ;
#7499 = ADVANCED_FACE ( 'NONE', ( #2735 ), #7900, .F. ) ;
#7500 = EDGE_CURVE ( 'NONE', #6460, #525, #3597, .T. ) ;
#7501 = EDGE_LOOP ( 'NONE', ( #5229, #6806, #4846, #7493 ) ) ;
#7502 = DIRECTION ( 'NONE',  ( -0.000000000000000000, 1.000000000000000000, -0.000000000000000000 ) ) ;
#7503 = CARTESIAN_POINT ( 'NONE',  ( 35.00000000000000000, 61.00000000000000711, 78.00000000000000000 ) ) ;
#7504 = CIRCLE ( 'NONE', #1343, 3.499999999999982236 ) ;
#7505 = CARTESIAN_POINT ( 'NONE',  ( 10.79000000000000092, 82.00000000000117950, 78.00000000000001421 ) ) ;
#7506 = CARTESIAN_POINT ( 'NONE',  ( 70.00000000000000000, 80.00000000000117950, 15.00000000000000000 ) ) ;
#7507 = CARTESIAN_POINT ( 'NONE',  ( 70.00000000000000000, 80.00000000000117950, 9.000000000000001776 ) ) ;
#7508 = CARTESIAN_POINT ( 'NONE',  ( 50.28033008588989361, 1.121320343559675692, 12.87867965644035095 ) ) ;
#7509 = LINE ( 'NONE', #7019, #2661 ) ;
#7510 = EDGE_LOOP ( 'NONE', ( #3011, #2999, #8073, #4508 ) ) ;
#7511 = AXIS2_PLACEMENT_3D ( 'NONE', #1349, #730, #648 ) ;
#7512 = FACE_OUTER_BOUND ( 'NONE', #6258, .T. ) ;
#7513 = CARTESIAN_POINT ( 'NONE',  ( 61.99999999999999289, 145.0000000000000000, 80.00000000000000000 ) ) ;
#7514 = DIRECTION ( 'NONE',  ( 0.000000000000000000, 0.000000000000000000, 1.000000000000000000 ) ) ;
#7515 = CARTESIAN_POINT ( 'NONE',  ( 17.00000000000001066, 115.0000000000011795, 86.60000000000000853 ) ) ;
#7516 = CIRCLE ( 'NONE', #3323, 2.000000000000001776 ) ;
#7517 = AXIS2_PLACEMENT_3D ( 'NONE', #31, #5046, #7556 ) ;
#7518 = ORIENTED_EDGE ( 'NONE', *, *, #939, .F. ) ;
#7519 = CARTESIAN_POINT ( 'NONE',  ( 9.999999999999982236, 90.00000000000119371, 78.00000000000001421 ) ) ;
#7520 = ORIENTED_EDGE ( 'NONE', *, *, #6251, .F. ) ;
#7521 = EDGE_CURVE ( 'NONE', #6170, #6961, #6670, .T. ) ;
#7522 = AXIS2_PLACEMENT_3D ( 'NONE', #7746, #2120, #7132 ) ;
#7523 = LINE ( 'NONE', #7068, #176 ) ;
#7524 = CARTESIAN_POINT ( 'NONE',  ( 30.99999999999999289, 21.00000000000000355, 79.20000000000000284 ) ) ;
#7525 = DIRECTION ( 'NONE',  ( 1.000000000000000000, 0.000000000000000000, 0.000000000000000000 ) ) ;
#7526 = AXIS2_PLACEMENT_3D ( 'NONE', #3757, #3671, #6835 ) ;
#7527 = VECTOR ( 'NONE', #5330, 1000.000000000000000 ) ;
#7528 = ORIENTED_EDGE ( 'NONE', *, *, #3100, .F. ) ;
#7529 = PLANE ( 'NONE',  #3800 ) ;
#7530 = VERTEX_POINT ( 'NONE', #1000 ) ;
#7531 = CARTESIAN_POINT ( 'NONE',  ( 14.19999999999999751, 116.0000000000011795, 9.616580753730955777 ) ) ;
#7532 = DIRECTION ( 'NONE',  ( 0.000000000000000000, 1.000000000000000000, 0.000000000000000000 ) ) ;
#7533 = AXIS2_PLACEMENT_3D ( 'NONE', #3391, #5933, #2089 ) ;
#7534 = EDGE_CURVE ( 'NONE', #509, #263, #1168, .T. ) ;
#7535 = CARTESIAN_POINT ( 'NONE',  ( 29.79999999999999716, 21.00000000000000355, 12.00000000000000000 ) ) ;
#7536 = DIRECTION ( 'NONE',  ( 0.8660254037844387076, 0.000000000000000000, 0.4999999999999998890 ) ) ;
#7538 = EDGE_LOOP ( 'NONE', ( #254, #2014, #7902, #2729 ) ) ;
#7537 = PLANE ( 'NONE',  #4011 ) ;
#7539 = ORIENTED_EDGE ( 'NONE', *, *, #639, .T. ) ;
#7540 = CARTESIAN_POINT ( 'NONE',  ( 22.00000000000000355, 115.0000000000011795, 3.000000000000000000 ) ) ;
#7541 = VECTOR ( 'NONE', #1388, 1000.000000000000000 ) ;
#7542 = ORIENTED_EDGE ( 'NONE', *, *, #4788, .T. ) ;
#7543 = ADVANCED_FACE ( 'NONE', ( #541 ), #5509, .F. ) ;
#7544 = AXIS2_PLACEMENT_3D ( 'NONE', #3212, #747, #5133 ) ;
#7545 = EDGE_CURVE ( 'NONE', #1257, #1465, #4862, .T. ) ;
#7546 = ORIENTED_EDGE ( 'NONE', *, *, #1854, .T. ) ;
#7547 = CARTESIAN_POINT ( 'NONE',  ( 59.21000000000000796, 90.00000000000119371, 15.00000000000000533 ) ) ;
#7548 = DIRECTION ( 'NONE',  ( -1.000000000000000000, 0.000000000000000000, 0.000000000000000000 ) ) ;
#7549 = DIRECTION ( 'NONE',  ( 0.000000000000000000, -0.000000000000000000, 1.000000000000000000 ) ) ;
#7550 = CARTESIAN_POINT ( 'NONE',  ( 57.99999999999999289, 118.0000000000011937, 80.00000000000000000 ) ) ;
#7551 = LINE ( 'NONE', #2699, #3340 ) ;
#7552 = DIRECTION ( 'NONE',  ( 0.000000000000000000, 0.000000000000000000, 1.000000000000000000 ) ) ;
#7553 = VECTOR ( 'NONE', #5896, 1000.000000000000000 ) ;
#7554 = DIRECTION ( 'NONE',  ( -1.000000000000000000, 0.000000000000000000, 0.000000000000000000 ) ) ;
#7555 = VERTEX_POINT ( 'NONE', #5471 ) ;
#7556 = DIRECTION ( 'NONE',  ( -1.000000000000000000, 0.000000000000000000, -0.000000000000000000 ) ) ;
#7557 = VECTOR ( 'NONE', #7913, 1000.000000000000000 ) ;
#7558 = CARTESIAN_POINT ( 'NONE',  ( 3.092329219213253211, 80.00000000000109424, 41.49999999999999289 ) ) ;
#7559 = LINE ( 'NONE', #1941, #2806 ) ;
#7560 = DIRECTION ( 'NONE',  ( 0.000000000000000000, 0.000000000000000000, 1.000000000000000000 ) ) ;
#7561 = EDGE_CURVE ( 'NONE', #6842, #1003, #3331, .T. ) ;
#7562 = CARTESIAN_POINT ( 'NONE',  ( 64.20999999999999375, 83.40000000000118519, 12.30499999999999794 ) ) ;
#7563 = AXIS2_PLACEMENT_3D ( 'NONE', #261, #5811, #184 ) ;
#7564 = CIRCLE ( 'NONE', #5312, 14.05000000000000071 ) ;
#7565 = ORIENTED_EDGE ( 'NONE', *, *, #5924, .F. ) ;
#7566 = FACE_OUTER_BOUND ( 'NONE', #1419, .T. ) ;
#7567 = FACE_OUTER_BOUND ( 'NONE', #2808, .T. ) ;
#7568 = EDGE_CURVE ( 'NONE', #6042, #2118, #4388, .T. ) ;
#7570 = EDGE_CURVE ( 'NONE', #7745, #4698, #2976, .T. ) ;
#7569 = VERTEX_POINT ( 'NONE', #7329 ) ;
#7571 = FACE_OUTER_BOUND ( 'NONE', #2467, .T. ) ;
#7572 = ORIENTED_EDGE ( 'NONE', *, *, #6851, .T. ) ;
#7573 = FACE_BOUND ( 'NONE', #7355, .T. ) ;
#7574 = CIRCLE ( 'NONE', #4818, 1.600000000000004086 ) ;
#7575 = CARTESIAN_POINT ( 'NONE',  ( 14.20000000000001528, 116.0000000000011795, 83.38341924626902824 ) ) ;
#7576 = CARTESIAN_POINT ( 'NONE',  ( 64.20999999999999375, 88.00000000000119371, 13.53816150746191660 ) ) ;
#7578 = ORIENTED_EDGE ( 'NONE', *, *, #1430, .F. ) ;
#7577 = FACE_OUTER_BOUND ( 'NONE', #8066, .T. ) ;
#7579 = ORIENTED_EDGE ( 'NONE', *, *, #5608, .T. ) ;
#7580 = CARTESIAN_POINT ( 'NONE',  ( 52.99999999999997868, 115.0000000000011795, 88.23316150746188669 ) ) ;
#7581 = ORIENTED_EDGE ( 'NONE', *, *, #307, .F. ) ;
#7582 = ORIENTED_EDGE ( 'NONE', *, *, #6296, .T. ) ;
#7583 = FACE_BOUND ( 'NONE', #4690, .T. ) ;
#7584 = FACE_OUTER_BOUND ( 'NONE', #2682, .T. ) ;
#7585 = EDGE_CURVE ( 'NONE', #7160, #7834, #1908, .T. ) ;
#7586 = CARTESIAN_POINT ( 'NONE',  ( 3.092329219213248770, 80.00000000000109424, 78.00000000000000000 ) ) ;
#7587 = CARTESIAN_POINT ( 'NONE',  ( 43.75000000000000000, 41.00000000000001421, 78.00000000000000000 ) ) ;
#7588 = DIRECTION ( 'NONE',  ( 3.965082230804130713E-16, -1.000000000000000000, 0.000000000000000000 ) ) ;
#7589 = DIRECTION ( 'NONE',  ( 0.000000000000000000, 0.000000000000000000, -1.000000000000000000 ) ) ;
#7590 = ADVANCED_FACE ( 'NONE', ( #6004 ), #3587, .F. ) ;
#7591 = DIRECTION ( 'NONE',  ( 1.000000000000000000, 0.000000000000000000, 0.000000000000000000 ) ) ;
#7592 = ORIENTED_EDGE ( 'NONE', *, *, #6661, .F. ) ;
#7593 = DIRECTION ( 'NONE',  ( -0.000000000000000000, 1.000000000000000000, -0.000000000000000000 ) ) ;
#7594 = CARTESIAN_POINT ( 'NONE',  ( 40.00000000000000000, 37.00000000000000711, 12.00000000000000000 ) ) ;
#7595 = CARTESIAN_POINT ( 'NONE',  ( 50.20000000000000284, 116.0000000000011795, 9.616580753730946896 ) ) ;
#7596 = FACE_OUTER_BOUND ( 'NONE', #768, .T. ) ;
#7597 = FACE_OUTER_BOUND ( 'NONE', #5674, .T. ) ;
#7598 = ORIENTED_EDGE ( 'NONE', *, *, #5369, .F. ) ;
#7599 = ADVANCED_FACE ( 'NONE', ( #1707, #4947 ), #1622, .F. ) ;
#7600 = EDGE_CURVE ( 'NONE', #7723, #5119, #1795, .T. ) ;
#7601 = ADVANCED_FACE ( 'NONE', ( #1667, #1750 ), #6756, .F. ) ;
#7602 = CARTESIAN_POINT ( 'NONE',  ( 14.20000000000001528, 116.0000000000011795, 86.61658075373097176 ) ) ;
#7603 = DIRECTION ( 'NONE',  ( -0.000000000000000000, 1.000000000000000000, -0.000000000000000000 ) ) ;
#7604 = DIRECTION ( 'NONE',  ( 0.000000000000000000, 0.000000000000000000, 1.000000000000000000 ) ) ;
#7605 = ORIENTED_EDGE ( 'NONE', *, *, #2534, .T. ) ;
#7606 = DIRECTION ( 'NONE',  ( 0.000000000000000000, 0.000000000000000000, -1.000000000000000000 ) ) ;
#7607 = VERTEX_POINT ( 'NONE', #3544 ) ;
#7608 = CARTESIAN_POINT ( 'NONE',  ( 55.79999999999997584, 116.0000000000011795, 83.38341924626904245 ) ) ;
#7609 = EDGE_CURVE ( 'NONE', #2646, #6891, #7946, .T. ) ;
#7610 = VERTEX_POINT ( 'NONE', #416 ) ;
#7611 = DIRECTION ( 'NONE',  ( 0.000000000000000000, 0.000000000000000000, 1.000000000000000000 ) ) ;
#7612 = DIRECTION ( 'NONE',  ( 1.000000000000000000, 0.000000000000000000, 0.000000000000000000 ) ) ;
#7613 = DIRECTION ( 'NONE',  ( 1.000000000000000000, 0.000000000000000000, 0.000000000000000000 ) ) ;
#7614 = EDGE_LOOP ( 'NONE', ( #5636, #3722 ) ) ;
#7615 = LINE ( 'NONE', #2690, #4310 ) ;
#7616 = ORIENTED_EDGE ( 'NONE', *, *, #852, .F. ) ;
#7617 = ADVANCED_FACE ( 'NONE', ( #4288 ), #7412, .F. ) ;
#7618 = ORIENTED_EDGE ( 'NONE', *, *, #5103, .T. ) ;
#7619 = DIRECTION ( 'NONE',  ( 1.000000000000000000, 0.000000000000000000, -0.000000000000000000 ) ) ;
#7620 = CARTESIAN_POINT ( 'NONE',  ( 6.999999999999973355, 80.00000000000109424, 51.50000000000000000 ) ) ;
#7621 = FACE_OUTER_BOUND ( 'NONE', #3126, .T. ) ;
#7622 = DIRECTION ( 'NONE',  ( -1.000000000000000000, -0.000000000000000000, -0.000000000000000000 ) ) ;
#7623 = DIRECTION ( 'NONE',  ( -0.000000000000000000, 1.000000000000000000, -0.000000000000000000 ) ) ;
#7624 = DIRECTION ( 'NONE',  ( 0.8660254037844375974, 0.000000000000000000, 0.5000000000000019984 ) ) ;
#7625 = CARTESIAN_POINT ( 'NONE',  ( 43.75000000000000711, 41.00000000000001421, 13.00000000000000178 ) ) ;
#7626 = VERTEX_POINT ( 'NONE', #5105 ) ;
#7627 = DIRECTION ( 'NONE',  ( -0.000000000000000000, 1.000000000000000000, -0.000000000000000000 ) ) ;
#7628 = EDGE_CURVE ( 'NONE', #2908, #3896, #752, .T. ) ;
#7629 = CARTESIAN_POINT ( 'NONE',  ( 70.00000000000000000, 80.00000000000117950, 41.50000000000000000 ) ) ;
#7630 = EDGE_CURVE ( 'NONE', #5843, #7199, #6092, .T. ) ;
#7631 = DIRECTION ( 'NONE',  ( -0.000000000000000000, -0.000000000000000000, 1.000000000000000000 ) ) ;
#7632 = FACE_OUTER_BOUND ( 'NONE', #530, .T. ) ;
#7633 = AXIS2_PLACEMENT_3D ( 'NONE', #3076, #1851, #1185 ) ;
#7634 = CARTESIAN_POINT ( 'NONE',  ( 12.00000000000001776, 118.0000000000011937, 90.00000000000000000 ) ) ;
#7635 = ORIENTED_EDGE ( 'NONE', *, *, #7906, .F. ) ;
#7636 = VECTOR ( 'NONE', #4665, 1000.000000000000000 ) ;
#7637 = DIRECTION ( 'NONE',  ( -0.000000000000000000, 1.000000000000000000, -0.000000000000000000 ) ) ;
#7638 = AXIS2_PLACEMENT_3D ( 'NONE', #7531, #6751, #2395 ) ;
#7639 = EDGE_CURVE ( 'NONE', #3431, #6795, #4452, .T. ) ;
#7640 = CARTESIAN_POINT ( 'NONE',  ( 64.21000000000000796, 83.40000000000118519, 82.69499999999999318 ) ) ;
#7641 = VERTEX_POINT ( 'NONE', #3103 ) ;
#7642 = LINE ( 'NONE', #1445, #5630 ) ;
#7643 = VECTOR ( 'NONE', #1050, 1000.000000000000000 ) ;
#7644 = ORIENTED_EDGE ( 'NONE', *, *, #7209, .T. ) ;
#7645 = AXIS2_PLACEMENT_3D ( 'NONE', #3935, #5234, #1401 ) ;
#7646 = CARTESIAN_POINT ( 'NONE',  ( 52.99999999999997158, 116.0000000000011795, 81.76683849253807068 ) ) ;
#7647 = ORIENTED_EDGE ( 'NONE', *, *, #3649, .F. ) ;
#7648 = AXIS2_PLACEMENT_3D ( 'NONE', #7328, #6624, #375 ) ;
#7649 = CARTESIAN_POINT ( 'NONE',  ( 6.999999999999969802, 82.00000000000117950, 74.99999999999998579 ) ) ;
#7650 = VECTOR ( 'NONE', #4587, 1000.000000000000000 ) ;
#7651 = PLANE ( 'NONE',  #3603 ) ;
#7652 = DIRECTION ( 'NONE',  ( -0.000000000000000000, -1.000000000000000000, -0.000000000000000000 ) ) ;
#7653 = EDGE_CURVE ( 'NONE', #5721, #6175, #2487, .T. ) ;
#7654 = VERTEX_POINT ( 'NONE', #5024 ) ;
#7655 = DIRECTION ( 'NONE',  ( 0.000000000000000000, -1.000000000000000000, -3.930469274259665525E-31 ) ) ;
#7656 = ORIENTED_EDGE ( 'NONE', *, *, #1965, .T. ) ;
#7657 = CIRCLE ( 'NONE', #5695, 3.000000000000002665 ) ;
#7658 = ADVANCED_FACE ( 'NONE', ( #6265, #5066, #7492 ), #2570, .F. ) ;
#7659 = CIRCLE ( 'NONE', #4901, 5.200000000000009948 ) ;
#7660 = EDGE_LOOP ( 'NONE', ( #4057, #1304, #1860, #7458 ) ) ;
#7661 = CARTESIAN_POINT ( 'NONE',  ( 0.000000000000000000, 3.242640687119317633, 81.00000000000000000 ) ) ;
#7662 = DIRECTION ( 'NONE',  ( 0.8660254037844388186, 0.000000000000000000, -0.4999999999999997224 ) ) ;
#7663 = DIRECTION ( 'NONE',  ( 1.000000000000000000, 0.000000000000000000, 0.000000000000000000 ) ) ;
#7664 = VECTOR ( 'NONE', #223, 1000.000000000000000 ) ;
#7665 = LINE ( 'NONE', #4580, #202 ) ;
#7666 = EDGE_CURVE ( 'NONE', #3754, #5967, #12, .T. ) ;
#7667 = DIRECTION ( 'NONE',  ( 0.000000000000000000, -0.000000000000000000, 1.000000000000000000 ) ) ;
#7668 = ORIENTED_EDGE ( 'NONE', *, *, #7545, .T. ) ;
#7669 = DIRECTION ( 'NONE',  ( 0.000000000000000000, 0.000000000000000000, 1.000000000000000000 ) ) ;
#7670 = ORIENTED_EDGE ( 'NONE', *, *, #1426, .F. ) ;
#7671 = AXIS2_PLACEMENT_3D ( 'NONE', #7858, #838, #3380 ) ;
#7672 = DIRECTION ( 'NONE',  ( -1.000000000000000000, -0.000000000000000000, -0.000000000000000000 ) ) ;
#7673 = DIRECTION ( 'NONE',  ( 3.043374519257558371E-17, 0.000000000000000000, 1.000000000000000000 ) ) ;
#7674 = CARTESIAN_POINT ( 'NONE',  ( -3.078715288064818691E-14, 90.00000000000109424, 51.50000000000000711 ) ) ;
#7675 = CARTESIAN_POINT ( 'NONE',  ( 64.21000000000000796, 83.40000000000118519, 84.69499999999999318 ) ) ;
#7676 = VECTOR ( 'NONE', #5293, 1000.000000000000000 ) ;
#7677 = DIRECTION ( 'NONE',  ( -0.1740776559556955760, 0.6963106238227916300, 0.6963106238227916300 ) ) ;
#7678 = ORIENTED_EDGE ( 'NONE', *, *, #4394, .T. ) ;
#7679 = AXIS2_PLACEMENT_3D ( 'NONE', #8054, #2912, #7928 ) ;
#7680 = EDGE_LOOP ( 'NONE', ( #3246, #2430, #2610, #3338 ) ) ;
#7681 = CARTESIAN_POINT ( 'NONE',  ( 5.287674026415164263, 58.84930389434016007, 81.00000000000001421 ) ) ;
#7682 = EDGE_CURVE ( 'NONE', #6317, #3840, #1835, .T. ) ;
#7683 = DIRECTION ( 'NONE',  ( 0.000000000000000000, 0.000000000000000000, 1.000000000000000000 ) ) ;
#7684 = AXIS2_PLACEMENT_3D ( 'NONE', #726, #3344, #2040 ) ;
#7685 = ORIENTED_EDGE ( 'NONE', *, *, #490, .T. ) ;
#7686 = DIRECTION ( 'NONE',  ( -0.000000000000000000, 1.000000000000000000, -0.000000000000000000 ) ) ;
#7687 = ORIENTED_EDGE ( 'NONE', *, *, #3422, .T. ) ;
#7688 = ORIENTED_EDGE ( 'NONE', *, *, #1353, .F. ) ;
#7689 = CIRCLE ( 'NONE', #2964, 1.649999999999995248 ) ;
#7690 = CARTESIAN_POINT ( 'NONE',  ( 70.00000000000000000, 80.00000000000112266, 83.99999999999998579 ) ) ;
#7691 = CARTESIAN_POINT ( 'NONE',  ( 0.000000000000000000, 139.9999999999999716, -3.469446951953614189E-15 ) ) ;
#7692 = DIRECTION ( 'NONE',  ( -9.912705577010326536E-16, -3.930469274259665525E-31, 1.000000000000000000 ) ) ;
#7693 = VERTEX_POINT ( 'NONE', #2524 ) ;
#7694 = DIRECTION ( 'NONE',  ( -0.000000000000000000, -1.000000000000000000, -0.000000000000000000 ) ) ;
#7695 = VECTOR ( 'NONE', #992, 1000.000000000000000 ) ;
#7696 = ORIENTED_EDGE ( 'NONE', *, *, #2566, .T. ) ;
#7697 = EDGE_CURVE ( 'NONE', #164, #3129, #3740, .T. ) ;
#7698 = EDGE_CURVE ( 'NONE', #1004, #6167, #443, .T. ) ;
#7699 = EDGE_CURVE ( 'NONE', #14, #3715, #129, .T. ) ;
#7700 = ORIENTED_EDGE ( 'NONE', *, *, #6681, .F. ) ;
#7701 = CIRCLE ( 'NONE', #2190, 5.000000000000004441 ) ;
#7702 = FACE_BOUND ( 'NONE', #5283, .T. ) ;
#7703 = CARTESIAN_POINT ( 'NONE',  ( 3.092329219213243441, 80.00000000000112266, 51.50000000000000711 ) ) ;
#7704 = CARTESIAN_POINT ( 'NONE',  ( 63.20000000000000284, 139.9999999999999716, 84.99999999999998579 ) ) ;
#7705 = CARTESIAN_POINT ( 'NONE',  ( 31.00000000000000000, 24.32264954516723776, 13.79999999999999893 ) ) ;
#7706 = FACE_OUTER_BOUND ( 'NONE', #5244, .T. ) ;
#7707 = VERTEX_POINT ( 'NONE', #1299 ) ;
#7708 = AXIS2_PLACEMENT_3D ( 'NONE', #1303, #8115, #3181 ) ;
#7709 = ORIENTED_EDGE ( 'NONE', *, *, #3171, .F. ) ;
#7710 = LINE ( 'NONE', #2085, #7650 ) ;
#7711 = CARTESIAN_POINT ( 'NONE',  ( 0.7899999999999964828, 90.00000000000119371, 3.000000000000002665 ) ) ;
#7712 = EDGE_CURVE ( 'NONE', #1837, #2606, #5601, .T. ) ;
#7713 = DIRECTION ( 'NONE',  ( -1.000000000000000000, 0.000000000000000000, 1.734723475976807094E-15 ) ) ;
#7714 = LINE ( 'NONE', #1437, #4363 ) ;
#7715 = DIRECTION ( 'NONE',  ( 0.000000000000000000, 0.000000000000000000, 1.000000000000000000 ) ) ;
#7716 = ORIENTED_EDGE ( 'NONE', *, *, #1241, .F. ) ;
#7717 = ORIENTED_EDGE ( 'NONE', *, *, #1216, .F. ) ;
#7718 = DIRECTION ( 'NONE',  ( 0.000000000000000000, 0.000000000000000000, 1.000000000000000000 ) ) ;
#7719 = AXIS2_PLACEMENT_3D ( 'NONE', #4725, #4161, #2227 ) ;
#7720 = CARTESIAN_POINT ( 'NONE',  ( 0.000000000000000000, 2.000000000000029310, 81.00000000000000000 ) ) ;
#7721 = VERTEX_POINT ( 'NONE', #670 ) ;
#7722 = CARTESIAN_POINT ( 'NONE',  ( 4.171579495429374340, 76.17542139760718101, 0.000000000000000000 ) ) ;
#7723 = VERTEX_POINT ( 'NONE', #2642 ) ;
#7724 = CYLINDRICAL_SURFACE ( 'NONE', #7149, 5.199999999999996625 ) ;
#7725 = AXIS2_PLACEMENT_3D ( 'NONE', #3486, #5989, #2425 ) ;
#7726 = ORIENTED_EDGE ( 'NONE', *, *, #3867, .F. ) ;
#7727 = EDGE_CURVE ( 'NONE', #1045, #2419, #6341, .T. ) ;
#7728 = FACE_OUTER_BOUND ( 'NONE', #344, .T. ) ;
#7729 = LINE ( 'NONE', #7044, #7931 ) ;
#7730 = LINE ( 'NONE', #6455, #863 ) ;
#7731 = VERTEX_POINT ( 'NONE', #4986 ) ;
#7732 = DIRECTION ( 'NONE',  ( 0.000000000000000000, 1.000000000000000000, 0.000000000000000000 ) ) ;
#7733 = ORIENTED_EDGE ( 'NONE', *, *, #5371, .F. ) ;
#7734 = ORIENTED_EDGE ( 'NONE', *, *, #2648, .F. ) ;
#7735 = CARTESIAN_POINT ( 'NONE',  ( 45.39999999999999858, 41.00000000000001421, 15.00000000000000000 ) ) ;
#7736 = EDGE_CURVE ( 'NONE', #6263, #378, #1873, .T. ) ;
#7737 = DIRECTION ( 'NONE',  ( -0.000000000000000000, -0.000000000000000000, 1.000000000000000000 ) ) ;
#7738 = DIRECTION ( 'NONE',  ( 0.000000000000000000, 0.000000000000000000, 1.000000000000000000 ) ) ;
#7739 = ORIENTED_EDGE ( 'NONE', *, *, #2576, .F. ) ;
#7740 = EDGE_CURVE ( 'NONE', #6463, #2447, #4369, .T. ) ;
#7741 = ADVANCED_FACE ( 'NONE', ( #3758 ), #3143, .F. ) ;
#7742 = CYLINDRICAL_SURFACE ( 'NONE', #3888, 3.499999999999989342 ) ;
#7743 = ORIENTED_EDGE ( 'NONE', *, *, #4333, .F. ) ;
#7744 = ADVANCED_FACE ( 'NONE', ( #6929 ), #3796, .F. ) ;
#7745 = VERTEX_POINT ( 'NONE', #1573 ) ;
#7746 = CARTESIAN_POINT ( 'NONE',  ( 60.00000000000004263, 90.00000000000119371, 18.00000000000000355 ) ) ;
#7747 = PLANE ( 'NONE',  #3183 ) ;
#7748 = DIRECTION ( 'NONE',  ( -1.000000000000000000, -0.000000000000000000, -0.000000000000000000 ) ) ;
#7749 = FACE_OUTER_BOUND ( 'NONE', #4081, .T. ) ;
#7750 = FILL_AREA_STYLE_COLOUR ( '', #4652 ) ;
#7751 = LINE ( 'NONE', #7215, #2652 ) ;
#7752 = ORIENTED_EDGE ( 'NONE', *, *, #6412, .T. ) ;
#7753 = DIRECTION ( 'NONE',  ( -1.734723475976808475E-15, -1.000000000000000000, 0.000000000000000000 ) ) ;
#7754 = VECTOR ( 'NONE', #518, 1000.000000000000000 ) ;
#7755 = LINE ( 'NONE', #892, #2067 ) ;
#7756 = VERTEX_POINT ( 'NONE', #4030 ) ;
#7757 = DIRECTION ( 'NONE',  ( 3.965082230804130713E-16, -1.000000000000000000, -0.000000000000000000 ) ) ;
#7758 = EDGE_CURVE ( 'NONE', #2837, #84, #2105, .T. ) ;
#7759 = ORIENTED_EDGE ( 'NONE', *, *, #2122, .F. ) ;
#7760 = FACE_OUTER_BOUND ( 'NONE', #4266, .T. ) ;
#7761 = VECTOR ( 'NONE', #4467, 1000.000000000000000 ) ;
#7762 = DIRECTION ( 'NONE',  ( 1.000000000000000000, 0.000000000000000000, 0.000000000000000000 ) ) ;
#7763 = CARTESIAN_POINT ( 'NONE',  ( 24.60000000000000142, 41.00000000000001421, 77.00000000000000000 ) ) ;
#7764 = DIRECTION ( 'NONE',  ( 0.8660254037844361541, 0.000000000000000000, 0.5000000000000042188 ) ) ;
#7765 = LINE ( 'NONE', #2146, #6261 ) ;
#7766 = VECTOR ( 'NONE', #3480, 1000.000000000000000 ) ;
#7767 = CIRCLE ( 'NONE', #5537, 1.999999999999996669 ) ;
#7768 = VERTEX_POINT ( 'NONE', #2186 ) ;
#7769 = CARTESIAN_POINT ( 'NONE',  ( 8.590000000000001634, 90.00000000000119371, 11.92158075373095372 ) ) ;
#7770 = VERTEX_POINT ( 'NONE', #249 ) ;
#7771 = EDGE_CURVE ( 'NONE', #3840, #5721, #5136, .T. ) ;
#7772 = EDGE_LOOP ( 'NONE', ( #2217, #4895, #1371, #3570 ) ) ;
#7773 = LINE ( 'NONE', #2765, #2668 ) ;
#7774 = FACE_BOUND ( 'NONE', #6207, .T. ) ;
#7775 = CARTESIAN_POINT ( 'NONE',  ( 25.24999999999997513, 57.00000000000107292, 12.00000000000000000 ) ) ;
#7776 = VERTEX_POINT ( 'NONE', #3291 ) ;
#7777 = DIRECTION ( 'NONE',  ( 0.000000000000000000, 0.000000000000000000, -1.000000000000000000 ) ) ;
#7778 = EDGE_CURVE ( 'NONE', #6330, #5072, #3914, .T. ) ;
#7779 = AXIS2_PLACEMENT_3D ( 'NONE', #4779, #1042, #1666 ) ;
#7780 = ORIENTED_EDGE ( 'NONE', *, *, #2730, .T. ) ;
#7781 = AXIS2_PLACEMENT_3D ( 'NONE', #5827, #4754, #6482 ) ;
#7782 = ADVANCED_FACE ( 'NONE', ( #7810 ), #7194, .F. ) ;
#7783 = VERTEX_POINT ( 'NONE', #4530 ) ;
#7784 = PLANE ( 'NONE',  #293 ) ;
#7785 = AXIS2_PLACEMENT_3D ( 'NONE', #4813, #990, #2840 ) ;
#7786 = CARTESIAN_POINT ( 'NONE',  ( 20.94999999999999218, 21.00000000000000355, 81.00000000000000000 ) ) ;
#7787 = DIRECTION ( 'NONE',  ( 0.000000000000000000, 0.000000000000000000, 1.000000000000000000 ) ) ;
#7788 = CARTESIAN_POINT ( 'NONE',  ( 0.000000000000000000, 139.9999999999999716, 4.999999999999995559 ) ) ;
#7789 = CARTESIAN_POINT ( 'NONE',  ( 67.43701734472550413, 69.74806937890299707, 83.75054603463425451 ) ) ;
#7790 = CARTESIAN_POINT ( 'NONE',  ( 72.67500000000001137, 57.00000000000108002, 12.00000000000000000 ) ) ;
#7791 = AXIS2_PLACEMENT_3D ( 'NONE', #5614, #725, #8120 ) ;
#7792 = EDGE_LOOP ( 'NONE', ( #1632, #5336 ) ) ;
#7793 = ADVANCED_FACE ( 'NONE', ( #901 ), #942, .T. ) ;
#7794 = VECTOR ( 'NONE', #7882, 1000.000000000000000 ) ;
#7795 = DIRECTION ( 'NONE',  ( 1.000000000000000000, 0.000000000000000000, 0.000000000000000000 ) ) ;
#7796 = ADVANCED_FACE ( 'NONE', ( #2800 ), #7651, .F. ) ;
#7797 = VECTOR ( 'NONE', #4602, 1000.000000000000000 ) ;
#7798 = CARTESIAN_POINT ( 'NONE',  ( 70.00000000000000000, 80.00000000000117950, 83.99999999999998579 ) ) ;
#7799 = ORIENTED_EDGE ( 'NONE', *, *, #4250, .T. ) ;
#7800 = ORIENTED_EDGE ( 'NONE', *, *, #3309, .F. ) ;
#7801 = LINE ( 'NONE', #860, #2617 ) ;
#7802 = CIRCLE ( 'NONE', #5054, 1.600000000000002531 ) ;
#7803 = ORIENTED_EDGE ( 'NONE', *, *, #6971, .T. ) ;
#7804 = CARTESIAN_POINT ( 'NONE',  ( 0.000000000000000000, 0.000000000000000000, 3.000000000000000000 ) ) ;
#7805 = ORIENTED_EDGE ( 'NONE', *, *, #1560, .F. ) ;
#7806 = CARTESIAN_POINT ( 'NONE',  ( 5.790000000000016911, 90.00000000000119371, 79.46183849253809228 ) ) ;
#7807 = AXIS2_PLACEMENT_3D ( 'NONE', #4795, #4051, #6683 ) ;
#7808 = LINE ( 'NONE', #7690, #5937 ) ;
#7809 = EDGE_CURVE ( 'NONE', #5462, #4882, #7729, .T. ) ;
#7810 = FACE_OUTER_BOUND ( 'NONE', #3505, .T. ) ;
#7811 = CARTESIAN_POINT ( 'NONE',  ( 44.14839602897583859, -11.03709900724380688, 15.00000000000000000 ) ) ;
#7812 = ORIENTED_EDGE ( 'NONE', *, *, #611, .T. ) ;
#7813 = CARTESIAN_POINT ( 'NONE',  ( 2.990000000000004210, 90.00000000000119371, 81.07841924626904984 ) ) ;
#7814 = ORIENTED_EDGE ( 'NONE', *, *, #5371, .T. ) ;
#7815 = DIRECTION ( 'NONE',  ( 0.000000000000000000, 0.000000000000000000, 1.000000000000000000 ) ) ;
#7816 = VECTOR ( 'NONE', #4039, 1000.000000000000000 ) ;
#7817 = EDGE_LOOP ( 'NONE', ( #6433, #1753, #7189, #4973 ) ) ;
#7818 = PLANE ( 'NONE',  #822 ) ;
#7819 = CARTESIAN_POINT ( 'NONE',  ( 10.78999999999999737, 86.00000000000110845, 83.99999999999998579 ) ) ;
#7820 = AXIS2_PLACEMENT_3D ( 'NONE', #2571, #330, #3408 ) ;
#7821 = DIRECTION ( 'NONE',  ( -0.000000000000000000, 1.000000000000000000, -0.000000000000000000 ) ) ;
#7822 = VERTEX_POINT ( 'NONE', #5954 ) ;
#7823 = DIRECTION ( 'NONE',  ( -0.000000000000000000, -0.000000000000000000, -1.000000000000000000 ) ) ;
#7824 = ORIENTED_EDGE ( 'NONE', *, *, #3789, .F. ) ;
#7825 = EDGE_LOOP ( 'NONE', ( #4912, #3105, #7364, #7479 ) ) ;
#7826 = CIRCLE ( 'NONE', #2331, 5.199999999999996625 ) ;
#7827 = CARTESIAN_POINT ( 'NONE',  ( 0.000000000000000000, 1.121320343559674360, 80.12132034355964549 ) ) ;
#7828 = CARTESIAN_POINT ( 'NONE',  ( 10.78999999999999737, 82.00000000000117950, 88.47213595499964356 ) ) ;
#7829 = CARTESIAN_POINT ( 'NONE',  ( 40.00000000000000000, 37.00000000000000711, 4.900000000000000355 ) ) ;
#7830 = EDGE_CURVE ( 'NONE', #8069, #6739, #2030, .T. ) ;
#7831 = CARTESIAN_POINT ( 'NONE',  ( 19.80000000000002558, 115.0000000000011795, 86.61658075373097176 ) ) ;
#7832 = CARTESIAN_POINT ( 'NONE',  ( 5.789999999999999147, 83.40000000000118519, 12.30500000000000149 ) ) ;
#7833 = DIRECTION ( 'NONE',  ( 1.000000000000000000, -0.000000000000000000, -0.000000000000000000 ) ) ;
#7834 = VERTEX_POINT ( 'NONE', #2686 ) ;
#7835 = DIRECTION ( 'NONE',  ( 1.000000000000000000, 0.000000000000000000, 0.000000000000000000 ) ) ;
#7836 = CARTESIAN_POINT ( 'NONE',  ( 69.04746271613926467, 76.19508670576493614, 3.370134366010263172 ) ) ;
#7837 = CARTESIAN_POINT ( 'NONE',  ( 39.99999999999999289, 37.00000000000000711, 88.09999999999999432 ) ) ;
#7838 = ORIENTED_EDGE ( 'NONE', *, *, #3123, .T. ) ;
#7839 = EDGE_CURVE ( 'NONE', #333, #7756, #6417, .T. ) ;
#7840 = DIRECTION ( 'NONE',  ( -0.000000000000000000, -0.000000000000000000, -1.000000000000000000 ) ) ;
#7841 = ORIENTED_EDGE ( 'NONE', *, *, #7712, .T. ) ;
#7842 = EDGE_CURVE ( 'NONE', #7408, #4774, #4568, .T. ) ;
#7843 = EDGE_CURVE ( 'NONE', #5119, #4246, #1451, .T. ) ;
#7844 = DIRECTION ( 'NONE',  ( -0.2425356250363299437, 0.9701425001453326535, 2.404184242921309089E-16 ) ) ;
#7845 = VERTEX_POINT ( 'NONE', #829 ) ;
#7846 = DIRECTION ( 'NONE',  ( -0.000000000000000000, 1.000000000000000000, -0.000000000000000000 ) ) ;
#7847 = VERTEX_POINT ( 'NONE', #2759 ) ;
#7848 = CARTESIAN_POINT ( 'NONE',  ( 70.00000000000000000, 139.9999999999999716, 5.999999999999998224 ) ) ;
#7849 = CARTESIAN_POINT ( 'NONE',  ( 39.00000000000000000, 24.32264954516723066, 79.20000000000000284 ) ) ;
#7850 = CARTESIAN_POINT ( 'NONE',  ( 63.00000000000000000, 90.00000000000112266, 51.50000000000000000 ) ) ;
#7851 = ORIENTED_EDGE ( 'NONE', *, *, #1906, .F. ) ;
#7852 = CARTESIAN_POINT ( 'NONE',  ( 12.00000000000000178, 118.0000000000011937, 13.00000000000000178 ) ) ;
#7853 = EDGE_LOOP ( 'NONE', ( #3752, #3708, #788, #791 ) ) ;
#7854 = DIRECTION ( 'NONE',  ( 0.000000000000000000, 1.000000000000000000, 0.000000000000000000 ) ) ;
#7855 = AXIS2_PLACEMENT_3D ( 'NONE', #1982, #4482, #6994 ) ;
#7856 = VERTEX_POINT ( 'NONE', #2145 ) ;
#7857 = CARTESIAN_POINT ( 'NONE',  ( 57.99999999999999289, 115.0000000000011795, 90.00000000000000000 ) ) ;
#7858 = CARTESIAN_POINT ( 'NONE',  ( 22.00000000000000355, 118.0000000000011937, 13.00000000000000178 ) ) ;
#7860 = EDGE_LOOP ( 'NONE', ( #5623, #5943, #1857, #5026 ) ) ;
#7859 = CARTESIAN_POINT ( 'NONE',  ( 31.00000000000000000, 21.00000000000000355, 15.00000000000000000 ) ) ;
#7861 = VERTEX_POINT ( 'NONE', #5838 ) ;
#7862 = CARTESIAN_POINT ( 'NONE',  ( 40.25000000000002132, 41.00000000000001421, 13.00000000000000178 ) ) ;
#7863 = ORIENTED_EDGE ( 'NONE', *, *, #4318, .T. ) ;
#7864 = EDGE_CURVE ( 'NONE', #7933, #7845, #1493, .T. ) ;
#7865 = VERTEX_POINT ( 'NONE', #2725 ) ;
#7866 = DIRECTION ( 'NONE',  ( 0.000000000000000000, 0.000000000000000000, 1.000000000000000000 ) ) ;
#7867 = CARTESIAN_POINT ( 'NONE',  ( 19.80000000000000071, 115.0000000000011795, 6.383419246269044223 ) ) ;
#7868 = DIRECTION ( 'NONE',  ( 1.734723475976808475E-15, 1.000000000000000000, 0.000000000000000000 ) ) ;
#7869 = DIRECTION ( 'NONE',  ( 1.000000000000000000, 3.965082230804130713E-16, 0.000000000000000000 ) ) ;
#7870 = CARTESIAN_POINT ( 'NONE',  ( 65.83078812733006657, 63.32315250932114736, 81.61545779957469904 ) ) ;
#7871 = DIRECTION ( 'NONE',  ( 0.000000000000000000, 1.000000000000000000, 0.000000000000000000 ) ) ;
#7872 = ORIENTED_EDGE ( 'NONE', *, *, #2842, .F. ) ;
#7873 = EDGE_CURVE ( 'NONE', #5385, #7356, #6495, .T. ) ;
#7874 = EDGE_CURVE ( 'NONE', #6115, #29, #5248, .T. ) ;
#7875 = PLANE ( 'NONE',  #2286 ) ;
#7876 = DIRECTION ( 'NONE',  ( -1.000000000000000000, 0.000000000000000000, -0.000000000000000000 ) ) ;
#7877 = DIRECTION ( 'NONE',  ( -0.000000000000000000, -1.000000000000000000, -0.000000000000000000 ) ) ;
#7878 = ORIENTED_EDGE ( 'NONE', *, *, #5879, .F. ) ;
#7879 = CARTESIAN_POINT ( 'NONE',  ( 70.00000000000000000, 90.00000000000112266, 41.50000000000000000 ) ) ;
#7880 = EDGE_CURVE ( 'NONE', #5579, #7450, #5172, .T. ) ;
#7881 = ORIENTED_EDGE ( 'NONE', *, *, #3998, .T. ) ;
#7882 = DIRECTION ( 'NONE',  ( 1.000000000000000000, 3.965082230804129727E-16, -0.000000000000000000 ) ) ;
#7883 = ORIENTED_EDGE ( 'NONE', *, *, #5969, .F. ) ;
#7884 = DIRECTION ( 'NONE',  ( 0.000000000000000000, 0.000000000000000000, -1.000000000000000000 ) ) ;
#7885 = ORIENTED_EDGE ( 'NONE', *, *, #4250, .F. ) ;
#7886 = AXIS2_PLACEMENT_3D ( 'NONE', #5009, #1063, #6780 ) ;
#7887 = DIRECTION ( 'NONE',  ( -0.000000000000000000, 1.000000000000000000, -0.000000000000000000 ) ) ;
#7888 = CARTESIAN_POINT ( 'NONE',  ( 11.99999999999996803, 86.60000000000110276, 46.50000000000000711 ) ) ;
#7889 = CARTESIAN_POINT ( 'NONE',  ( 52.99999999999998579, 115.0000000000011795, 86.59999999999999432 ) ) ;
#7890 = ORIENTED_EDGE ( 'NONE', *, *, #797, .T. ) ;
#7891 = CARTESIAN_POINT ( 'NONE',  ( 64.20999999999999375, 88.00000000000119371, 7.071838492538090826 ) ) ;
#7892 = ORIENTED_EDGE ( 'NONE', *, *, #5424, .F. ) ;
#7893 = LINE ( 'NONE', #1704, #687 ) ;
#7894 = EDGE_LOOP ( 'NONE', ( #3547, #2177, #1068, #2259 ) ) ;
#7895 =( BOUNDED_SURFACE ( )  B_SPLINE_SURFACE ( 2, 3, ( 
 ( #2464, #7022, #1395, #3899 ),
 ( #3196, #6402, #6236, #5701 ),
 ( #7473, #4345, #5620, #2590 ) ),
 .UNSPECIFIED., .F., .F., .F. ) 
 B_SPLINE_SURFACE_WITH_KNOTS ( ( 3, 3 ),
 ( 4, 4 ),
 ( 0.000000000000000000, 1.000000000000000000 ),
 ( -0.003425000000000003996, 0.07192499999999998894 ),
 .UNSPECIFIED. ) 
 GEOMETRIC_REPRESENTATION_ITEM ( )  RATIONAL_B_SPLINE_SURFACE ( (
 ( 1.000000000000000000, 1.000000000000000000, 1.000000000000000000, 1.000000000000000000),
 ( 0.7071067811865477948, 0.7071067811865477948, 0.7071067811865477948, 0.7071067811865477948),
 ( 1.000000000000000000, 1.000000000000000000, 1.000000000000000000, 1.000000000000000000) ) ) 
 REPRESENTATION_ITEM ( '' )  SURFACE ( )  );
#7896 = AXIS2_PLACEMENT_3D ( 'NONE', #3079, #2465, #1855 ) ;
#7897 = DIRECTION ( 'NONE',  ( 0.000000000000000000, 1.000000000000000000, 0.000000000000000000 ) ) ;
#7898 = EDGE_CURVE ( 'NONE', #3639, #3678, #6366, .T. ) ;
#7899 = VECTOR ( 'NONE', #7672, 1000.000000000000000 ) ;
#7900 = PLANE ( 'NONE',  #5824 ) ;
#7902 = ORIENTED_EDGE ( 'NONE', *, *, #7141, .T. ) ;
#7901 = CARTESIAN_POINT ( 'NONE',  ( 65.40000000000001990, 85.00000000000115108, 46.49999999999999289 ) ) ;
#7903 = EDGE_LOOP ( 'NONE', ( #4692, #6000, #1852, #5255 ) ) ;
#7904 = DIRECTION ( 'NONE',  ( -1.000000000000000000, 0.000000000000000000, 0.000000000000000000 ) ) ;
#7905 = ORIENTED_EDGE ( 'NONE', *, *, #3789, .T. ) ;
#7906 = EDGE_CURVE ( 'NONE', #800, #1041, #6699, .T. ) ;
#7907 = AXIS2_PLACEMENT_3D ( 'NONE', #3342, #7051, #3415 ) ;
#7908 = VECTOR ( 'NONE', #511, 1000.000000000000000 ) ;
#7909 = FACE_OUTER_BOUND ( 'NONE', #1079, .T. ) ;
#7910 = CARTESIAN_POINT ( 'NONE',  ( 63.20000000000000284, 139.9999999999999716, 8.000000000000000000 ) ) ;
#7911 = EDGE_CURVE ( 'NONE', #6933, #6575, #7401, .T. ) ;
#7912 = FACE_OUTER_BOUND ( 'NONE', #3496, .T. ) ;
#7913 = DIRECTION ( 'NONE',  ( -0.000000000000000000, -0.000000000000000000, -1.000000000000000000 ) ) ;
#7914 = VECTOR ( 'NONE', #1571, 1000.000000000000000 ) ;
#7915 = ADVANCED_FACE ( 'NONE', ( #8015 ), #404, .F. ) ;
#7916 = CARTESIAN_POINT ( 'NONE',  ( 67.16017306717120050, 68.64069226868588203, 83.23664785506674946 ) ) ;
#7917 = CARTESIAN_POINT ( 'NONE',  ( 0.000000000000000000, 145.0000000000000000, 80.00000000000000000 ) ) ;
#7918 = EDGE_LOOP ( 'NONE', ( #5218, #368, #2385, #4827 ) ) ;
#7919 = CIRCLE ( 'NONE', #1101, 1.600000000000004086 ) ;
#7920 = AXIS2_PLACEMENT_3D ( 'NONE', #2904, #6817, #4880 ) ;
#7921 = DIRECTION ( 'NONE',  ( 0.000000000000000000, 0.000000000000000000, -1.000000000000000000 ) ) ;
#7922 = CARTESIAN_POINT ( 'NONE',  ( 12.00000000000001776, 118.0000000000011937, 90.00000000000000000 ) ) ;
#7923 = DIRECTION ( 'NONE',  ( -0.000000000000000000, -0.000000000000000000, 1.000000000000000000 ) ) ;
#7924 = VECTOR ( 'NONE', #2766, 1000.000000000000114 ) ;
#7925 = VERTEX_POINT ( 'NONE', #3662 ) ;
#7926 = CARTESIAN_POINT ( 'NONE',  ( 47.99999999999999289, 115.0000000000011795, 80.00000000000000000 ) ) ;
#7927 = VERTEX_POINT ( 'NONE', #3007 ) ;
#7928 = DIRECTION ( 'NONE',  ( 0.000000000000000000, 0.000000000000000000, 1.000000000000000000 ) ) ;
#7929 = AXIS2_PLACEMENT_3D ( 'NONE', #3987, #6525, #5365 ) ;
#7930 = ORIENTED_EDGE ( 'NONE', *, *, #4667, .T. ) ;
#7931 = VECTOR ( 'NONE', #4688, 1000.000000000000000 ) ;
#7932 = CARTESIAN_POINT ( 'NONE',  ( 34.99999999999999289, 37.00000000000000711, 88.09999999999999432 ) ) ;
#7933 = VERTEX_POINT ( 'NONE', #5500 ) ;
#7934 = EDGE_CURVE ( 'NONE', #4040, #2911, #448, .T. ) ;
#7935 = FACE_OUTER_BOUND ( 'NONE', #5064, .T. ) ;
#7936 = CARTESIAN_POINT ( 'NONE',  ( 39.99999999999999289, 34.13021325036270071, 88.09999999999999432 ) ) ;
#7937 = DIRECTION ( 'NONE',  ( -1.341352320301033088E-16, 0.000000000000000000, 1.000000000000000000 ) ) ;
#7938 = CIRCLE ( 'NONE', #733, 4.999999999999999112 ) ;
#7939 = VERTEX_POINT ( 'NONE', #7936 ) ;
#7940 = CARTESIAN_POINT ( 'NONE',  ( 58.00000000000000000, 118.0000000000011937, 13.00000000000000178 ) ) ;
#7941 = ORIENTED_EDGE ( 'NONE', *, *, #3289, .T. ) ;
#7942 = FACE_OUTER_BOUND ( 'NONE', #4199, .T. ) ;
#7943 = VECTOR ( 'NONE', #1142, 1000.000000000000000 ) ;
#7944 = ORIENTED_EDGE ( 'NONE', *, *, #6442, .F. ) ;
#7945 = DIRECTION ( 'NONE',  ( -0.000000000000000000, 0.000000000000000000, 1.000000000000000000 ) ) ;
#7946 = LINE ( 'NONE', #8024, #2037 ) ;
#7948 = VERTEX_POINT ( 'NONE', #2390 ) ;
#7947 = DIRECTION ( 'NONE',  ( 0.000000000000000000, 0.000000000000000000, -1.000000000000000000 ) ) ;
#7949 = EDGE_LOOP ( 'NONE', ( #6448, #8094, #1499, #982 ) ) ;
#7950 = DIRECTION ( 'NONE',  ( 0.000000000000000000, 0.000000000000000000, 1.000000000000000000 ) ) ;
#7951 = AXIS2_PLACEMENT_3D ( 'NONE', #7207, #3548, #957 ) ;
#7952 = VECTOR ( 'NONE', #6976, 1000.000000000000000 ) ;
#7953 = ORIENTED_EDGE ( 'NONE', *, *, #72, .T. ) ;
#7954 = EDGE_CURVE ( 'NONE', #1392, #6969, #1699, .T. ) ;
#7955 = EDGE_CURVE ( 'NONE', #7450, #5579, #317, .T. ) ;
#7956 = EDGE_CURVE ( 'NONE', #5971, #6115, #7321, .T. ) ;
#7957 = DIRECTION ( 'NONE',  ( 0.000000000000000000, 0.000000000000000000, -1.000000000000000000 ) ) ;
#7958 = AXIS2_PLACEMENT_3D ( 'NONE', #2932, #913, #4656 ) ;
#7959 = CARTESIAN_POINT ( 'NONE',  ( 61.82842050457063010, 76.17542139760720943, 51.50000000000000000 ) ) ;
#7960 = PLANE ( 'NONE',  #5942 ) ;
#7961 = CARTESIAN_POINT ( 'NONE',  ( 5.789999999999998259, 88.00000000000119371, 13.53816150746191127 ) ) ;
#7962 = DIRECTION ( 'NONE',  ( 1.000000000000000000, -0.000000000000000000, -3.043374519257558371E-17 ) ) ;
#7963 = VECTOR ( 'NONE', #60, 1000.000000000000000 ) ;
#7964 = AXIS2_PLACEMENT_3D ( 'NONE', #7005, #6342, #3915 ) ;
#7965 = EDGE_LOOP ( 'NONE', ( #1154, #1038, #6598, #5868 ) ) ;
#7966 = EDGE_CURVE ( 'NONE', #7845, #2407, #4891, .T. ) ;
#7967 = AXIS2_PLACEMENT_3D ( 'NONE', #3248, #5670, #5167 ) ;
#7968 = CARTESIAN_POINT ( 'NONE',  ( 69.57771592858971133, 78.31086371435998217, 0.6775534578520182594 ) ) ;
#7969 = ORIENTED_EDGE ( 'NONE', *, *, #7066, .F. ) ;
#7970 = DIRECTION ( 'NONE',  ( -0.8660254037844389297, 0.000000000000000000, -0.4999999999999995004 ) ) ;
#7971 = ORIENTED_EDGE ( 'NONE', *, *, #5042, .T. ) ;
#7972 = DIRECTION ( 'NONE',  ( -0.000000000000000000, -0.000000000000000000, 1.000000000000000000 ) ) ;
#7973 = EDGE_LOOP ( 'NONE', ( #4651, #1712 ) ) ;
#7974 = VERTEX_POINT ( 'NONE', #6161 ) ;
#7975 = DIRECTION ( 'NONE',  ( -3.965082230804129727E-16, 1.000000000000000000, 0.000000000000000000 ) ) ;
#7976 = DIRECTION ( 'NONE',  ( -1.000000000000000000, 0.000000000000000000, -0.000000000000000000 ) ) ;
#7977 = CARTESIAN_POINT ( 'NONE',  ( 30.00000000000000355, 34.13021325036270071, 88.09999999999999432 ) ) ;
#7978 = DIRECTION ( 'NONE',  ( 1.301042606982604335E-16, -1.000000000000000000, 0.000000000000000000 ) ) ;
#7979 = ORIENTED_EDGE ( 'NONE', *, *, #351, .F. ) ;
#7980 = LINE ( 'NONE', #1865, #1316 ) ;
#7981 = ORIENTED_EDGE ( 'NONE', *, *, #1143, .T. ) ;
#7982 = CARTESIAN_POINT ( 'NONE',  ( 2.989999999999993996, 88.00000000000119371, 11.92158075373095549 ) ) ;
#7983 = VECTOR ( 'NONE', #3881, 1000.000000000000000 ) ;
#7984 = EDGE_CURVE ( 'NONE', #4673, #1829, #2966, .T. ) ;
#7985 = ORIENTED_EDGE ( 'NONE', *, *, #668, .F. ) ;
#7986 = FACE_OUTER_BOUND ( 'NONE', #359, .T. ) ;
#7987 = DIRECTION ( 'NONE',  ( 0.000000000000000000, 1.000000000000000000, 0.000000000000000000 ) ) ;
#7989 = ORIENTED_EDGE ( 'NONE', *, *, #2239, .T. ) ;
#7988 = LINE ( 'NONE', #4413, #3484 ) ;
#7990 = ORIENTED_EDGE ( 'NONE', *, *, #3513, .F. ) ;
#7991 = VECTOR ( 'NONE', #4025, 1000.000000000000000 ) ;
#7992 = DIRECTION ( 'NONE',  ( 0.000000000000000000, 0.000000000000000000, 1.000000000000000000 ) ) ;
#7993 = VERTEX_POINT ( 'NONE', #7849 ) ;
#7994 = ORIENTED_EDGE ( 'NONE', *, *, #6150, .F. ) ;
#7995 = CARTESIAN_POINT ( 'NONE',  ( 26.25000000000000355, 41.00000000000001421, 13.00000000000000178 ) ) ;
#7996 = DIRECTION ( 'NONE',  ( -1.000000000000000000, 0.000000000000000000, 0.000000000000000000 ) ) ;
#7997 = ADVANCED_FACE ( 'NONE', ( #2261 ), #4195, .F. ) ;
#7998 = PLANE ( 'NONE',  #4910 ) ;
#7999 = CARTESIAN_POINT ( 'NONE',  ( 59.20999999999999375, 90.00000000000117950, 90.00000000000000000 ) ) ;
#8000 = EDGE_CURVE ( 'NONE', #6421, #7006, #4722, .T. ) ;
#8001 = CARTESIAN_POINT ( 'NONE',  ( 39.00000000000000000, 21.00000000000001421, 78.00000000000000000 ) ) ;
#8002 = DIRECTION ( 'NONE',  ( 0.000000000000000000, -1.000000000000000000, 0.000000000000000000 ) ) ;
#8003 = ORIENTED_EDGE ( 'NONE', *, *, #6072, .F. ) ;
#8004 = FACE_OUTER_BOUND ( 'NONE', #2937, .T. ) ;
#8005 = CARTESIAN_POINT ( 'NONE',  ( 53.00000000000000711, 115.0000000000011795, 8.000000000000000000 ) ) ;
#8006 = ORIENTED_EDGE ( 'NONE', *, *, #6587, .F. ) ;
#8007 = CARTESIAN_POINT ( 'NONE',  ( 12.00000000000001776, 115.0000000000011795, 80.00000000000000000 ) ) ;
#8008 = VERTEX_POINT ( 'NONE', #7977 ) ;
#8009 = DIRECTION ( 'NONE',  ( 1.000000000000000000, 0.000000000000000000, 0.000000000000000000 ) ) ;
#8010 = ORIENTED_EDGE ( 'NONE', *, *, #4111, .F. ) ;
#8011 = VERTEX_POINT ( 'NONE', #2352 ) ;
#8012 = CARTESIAN_POINT ( 'NONE',  ( 40.20000000000001705, 21.00000000000000355, 5.000000000000000000 ) ) ;
#8013 = DIRECTION ( 'NONE',  ( 0.000000000000000000, 0.000000000000000000, 1.000000000000000000 ) ) ;
#8014 = EDGE_CURVE ( 'NONE', #1935, #6093, #7229, .T. ) ;
#8015 = FACE_OUTER_BOUND ( 'NONE', #5181, .T. ) ;
#8016 = DIRECTION ( 'NONE',  ( 0.000000000000000000, 1.000000000000000000, 0.000000000000000000 ) ) ;
#8017 = ORIENTED_EDGE ( 'NONE', *, *, #7842, .T. ) ;
#8018 = DIRECTION ( 'NONE',  ( -0.000000000000000000, -0.000000000000000000, 1.000000000000000000 ) ) ;
#8019 = ORIENTED_EDGE ( 'NONE', *, *, #1549, .F. ) ;
#8020 = CARTESIAN_POINT ( 'NONE',  ( 14.20000000000001528, 116.0000000000011795, 86.61658075373097176 ) ) ;
#8021 = ORIENTED_EDGE ( 'NONE', *, *, #3979, .T. ) ;
#8022 = VERTEX_POINT ( 'NONE', #6662 ) ;
#8023 = CARTESIAN_POINT ( 'NONE',  ( 64.20999999999999375, 88.00000000000119371, 10.30500000000000149 ) ) ;
#8024 = CARTESIAN_POINT ( 'NONE',  ( -3.409970718491595416E-14, 86.00000000000110845, 90.00000000000000000 ) ) ;
#8026 = VERTEX_POINT ( 'NONE', #4853 ) ;
#8025 = CARTESIAN_POINT ( 'NONE',  ( 52.99999999999998579, 118.0000000000011937, 84.99999999999998579 ) ) ;
#8027 = AXIS2_PLACEMENT_3D ( 'NONE', #6986, #3938, #1358 ) ;
#8028 = ORIENTED_EDGE ( 'NONE', *, *, #3963, .T. ) ;
#8029 = DIRECTION ( 'NONE',  ( 0.000000000000000000, 0.000000000000000000, 1.000000000000000000 ) ) ;
#8030 = ORIENTED_EDGE ( 'NONE', *, *, #213, .F. ) ;
#8031 = ADVANCED_FACE ( 'NONE', ( #2918 ), #7360, .F. ) ;
#8032 = AXIS2_PLACEMENT_3D ( 'NONE', #7625, #2003, #7554 ) ;
#8033 = ORIENTED_EDGE ( 'NONE', *, *, #8100, .F. ) ;
#8034 = LINE ( 'NONE', #1804, #4368 ) ;
#8035 = CARTESIAN_POINT ( 'NONE',  ( 43.75000000000000711, 41.00000000000001421, 5.000000000000000000 ) ) ;
#8036 = EDGE_CURVE ( 'NONE', #754, #6359, #3620, .T. ) ;
#8037 = LINE ( 'NONE', #1222, #314 ) ;
#8038 = DIRECTION ( 'NONE',  ( -0.8660254037844388186, 0.000000000000000000, 0.4999999999999996669 ) ) ;
#8039 = DIRECTION ( 'NONE',  ( -1.000000000000000000, 0.000000000000000000, 9.912705577010326536E-16 ) ) ;
#8040 = AXIS2_PLACEMENT_3D ( 'NONE', #2951, #5448, #5526 ) ;
#8041 = EDGE_CURVE ( 'NONE', #1383, #259, #1979, .T. ) ;
#8042 = VECTOR ( 'NONE', #7593, 1000.000000000000000 ) ;
#8043 = CARTESIAN_POINT ( 'NONE',  ( 0.9525565881974097371, 76.19508348306413836, 89.62986504559552259 ) ) ;
#8044 = ORIENTED_EDGE ( 'NONE', *, *, #3735, .T. ) ;
#8045 = AXIS2_PLACEMENT_3D ( 'NONE', #3845, #5033, #1221 ) ;
#8046 = LINE ( 'NONE', #1148, #285 ) ;
#8047 = VECTOR ( 'NONE', #6351, 1000.000000000000000 ) ;
#8048 = LINE ( 'NONE', #5578, #2401 ) ;
#8049 = ORIENTED_EDGE ( 'NONE', *, *, #4937, .F. ) ;
#8050 = FACE_OUTER_BOUND ( 'NONE', #7949, .T. ) ;
#8051 = AXIS2_PLACEMENT_3D ( 'NONE', #5964, #6003, #1081 ) ;
#8052 = ORIENTED_EDGE ( 'NONE', *, *, #7740, .F. ) ;
#8053 = AXIS2_PLACEMENT_3D ( 'NONE', #7226, #3265, #6388 ) ;
#8054 = CARTESIAN_POINT ( 'NONE',  ( 5.789999999999999147, 88.00000000000119371, 10.30500000000000149 ) ) ;
#8055 = ORIENTED_EDGE ( 'NONE', *, *, #4970, .T. ) ;
#8056 = ADVANCED_FACE ( 'NONE', ( #4317 ), #4977, .F. ) ;
#8057 = ORIENTED_EDGE ( 'NONE', *, *, #2773, .T. ) ;
#8058 = CARTESIAN_POINT ( 'NONE',  ( 70.00000000000000000, 80.00000000000112266, 11.99000000000000021 ) ) ;
#8059 = VECTOR ( 'NONE', #3426, 1000.000000000000000 ) ;
#8060 = DIRECTION ( 'NONE',  ( -1.734723475976808475E-15, -1.000000000000000000, 0.000000000000000000 ) ) ;
#8061 = FACE_OUTER_BOUND ( 'NONE', #2426, .T. ) ;
#8062 = ORIENTED_EDGE ( 'NONE', *, *, #5254, .T. ) ;
#8063 = FACE_BOUND ( 'NONE', #8104, .T. ) ;
#8064 = ORIENTED_EDGE ( 'NONE', *, *, #1426, .T. ) ;
#8065 = CARTESIAN_POINT ( 'NONE',  ( 70.00000000000000000, 86.00000000000113687, 3.000000000000000000 ) ) ;
#8066 = EDGE_LOOP ( 'NONE', ( #5972, #1085, #1447, #341 ) ) ;
#8067 = AXIS2_PLACEMENT_3D ( 'NONE', #7819, #4076, #5341 ) ;
#8068 = ADVANCED_FACE ( 'NONE', ( #578 ), #699, .F. ) ;
#8069 = VERTEX_POINT ( 'NONE', #5711 ) ;
#8070 = DIRECTION ( 'NONE',  ( 0.000000000000000000, 0.000000000000000000, 1.000000000000000000 ) ) ;
#8071 = DIRECTION ( 'NONE',  ( -1.000000000000000000, 0.000000000000000000, 0.000000000000000000 ) ) ;
#8073 = ORIENTED_EDGE ( 'NONE', *, *, #638, .T. ) ;
#8072 = CARTESIAN_POINT ( 'NONE',  ( 12.00000000000001776, 115.0000000000011795, 90.00000000000000000 ) ) ;
#8074 = VECTOR ( 'NONE', #97, 1000.000000000000000 ) ;
#8075 = ORIENTED_EDGE ( 'NONE', *, *, #3974, .T. ) ;
#8076 = LINE ( 'NONE', #636, #7181 ) ;
#8077 = ORIENTED_EDGE ( 'NONE', *, *, #2566, .F. ) ;
#8078 = AXIS2_PLACEMENT_3D ( 'NONE', #4312, #1028, #3039 ) ;
#8079 = VERTEX_POINT ( 'NONE', #3090 ) ;
#8080 = LINE ( 'NONE', #551, #3577 ) ;
#8081 = DIRECTION ( 'NONE',  ( 0.000000000000000000, 0.000000000000000000, -1.000000000000000000 ) ) ;
#8082 = CARTESIAN_POINT ( 'NONE',  ( 22.75000000000001066, 41.00000000000001421, 12.00000000000000000 ) ) ;
#8083 = AXIS2_PLACEMENT_3D ( 'NONE', #6276, #603, #645 ) ;
#8084 = CARTESIAN_POINT ( 'NONE',  ( 67.01000000000000512, 88.00000000000119371, 8.688419246269049268 ) ) ;
#8085 = DIRECTION ( 'NONE',  ( -0.000000000000000000, -1.000000000000000000, -0.000000000000000000 ) ) ;
#8086 = CARTESIAN_POINT ( 'NONE',  ( 0.000000000000000000, 0.000000000000000000, 3.000000000000000000 ) ) ;
#8087 = DIRECTION ( 'NONE',  ( 0.000000000000000000, 1.000000000000000000, 0.000000000000000000 ) ) ;
#8088 = VERTEX_POINT ( 'NONE', #6294 ) ;
#8089 = AXIS2_PLACEMENT_3D ( 'NONE', #226, #5117, #7624 ) ;
#8090 = DIRECTION ( 'NONE',  ( 3.965082230804129727E-16, -1.000000000000000000, 0.000000000000000000 ) ) ;
#8091 = EDGE_CURVE ( 'NONE', #2792, #705, #5095, .T. ) ;
#8092 = CARTESIAN_POINT ( 'NONE',  ( 0.7593206366303887345, 76.96271745347948467, 1.795858283060197680 ) ) ;
#8093 = DIRECTION ( 'NONE',  ( -1.000000000000000000, 0.000000000000000000, 0.000000000000000000 ) ) ;
#8094 = ORIENTED_EDGE ( 'NONE', *, *, #5239, .F. ) ;
#8095 = PLANE ( 'NONE',  #4449 ) ;
#8096 = ORIENTED_EDGE ( 'NONE', *, *, #1287, .T. ) ;
#8097 = EDGE_LOOP ( 'NONE', ( #6378, #695, #374, #6954, #4324, #487, #5074, #6010, #4069, #7351, #4816, #1329 ) ) ;
#8098 = AXIS2_PLACEMENT_3D ( 'NONE', #5631, #6700, #1073 ) ;
#8099 = CARTESIAN_POINT ( 'NONE',  ( 52.99999999999998579, 116.0000000000011795, 84.99999999999998579 ) ) ;
#8100 = EDGE_CURVE ( 'NONE', #1895, #500, #6204, .T. ) ;
#8101 = DIRECTION ( 'NONE',  ( 0.8660254037844392627, 0.000000000000000000, -0.4999999999999987232 ) ) ;
#8102 = CARTESIAN_POINT ( 'NONE',  ( 22.00000000000000355, 115.0000000000011795, 13.00000000000000178 ) ) ;
#8103 = EDGE_CURVE ( 'NONE', #4187, #241, #3747, .T. ) ;
#8104 = EDGE_LOOP ( 'NONE', ( #673, #7247 ) ) ;
#8105 = CARTESIAN_POINT ( 'NONE',  ( 47.99999999999999289, 118.0000000000011937, 80.00000000000000000 ) ) ;
#8106 = ORIENTED_EDGE ( 'NONE', *, *, #3906, .T. ) ;
#8107 = DIRECTION ( 'NONE',  ( 1.000000000000000000, 0.000000000000000000, 0.000000000000000000 ) ) ;
#8108 = ORIENTED_EDGE ( 'NONE', *, *, #7307, .T. ) ;
#8109 = VERTEX_POINT ( 'NONE', #3045 ) ;
#8110 = CARTESIAN_POINT ( 'NONE',  ( 0.000000000000000000, 0.000000000000000000, 13.00000000000000178 ) ) ;
#8111 = DIRECTION ( 'NONE',  ( 0.000000000000000000, 0.000000000000000000, -1.000000000000000000 ) ) ;
#8113 = ORIENTED_EDGE ( 'NONE', *, *, #6349, .F. ) ;
#8112 = DIRECTION ( 'NONE',  ( -0.000000000000000000, -0.000000000000000000, 1.000000000000000000 ) ) ;
#8114 = VERTEX_POINT ( 'NONE', #1326 ) ;
#8115 = DIRECTION ( 'NONE',  ( 1.000000000000000000, 0.000000000000000000, 0.000000000000000000 ) ) ;
#8116 = ORIENTED_EDGE ( 'NONE', *, *, #7521, .T. ) ;
#8117 = ORIENTED_EDGE ( 'NONE', *, *, #1052, .F. ) ;
#8118 = DIRECTION ( 'NONE',  ( -1.734723475976807341E-16, 1.000000000000000000, 0.000000000000000000 ) ) ;
#8119 = CARTESIAN_POINT ( 'NONE',  ( 24.60000000000000497, 41.00000000000001421, 5.000000000000000000 ) ) ;
#8120 = DIRECTION ( 'NONE',  ( 0.8660254037844384856, 0.000000000000000000, 0.5000000000000002220 ) ) ;
#8121 = LINE ( 'NONE', #1847, #5970 ) ;
#8122 = CARTESIAN_POINT ( 'NONE',  ( 37.00000000000000711, 37.00000000000000711, 4.900000000000000355 ) ) ;
#8123 = ADVANCED_FACE ( 'NONE', ( #3822 ), #2433, .F. ) ;
#8124 = LINE ( 'NONE', #3684, #619 ) ;
#8125 = LINE ( 'NONE', #1968, #4611 ) ;
#8126 = ORIENTED_EDGE ( 'NONE', *, *, #3572, .F. ) ;
#8127 = AXIS2_PLACEMENT_3D ( 'NONE', #2099, #4597, #3945 ) ;
#8128 = DIRECTION ( 'NONE',  ( -1.000000000000000000, 0.000000000000000000, -0.000000000000000000 ) ) ;
#8129 = FACE_OUTER_BOUND ( 'NONE', #2489, .T. ) ;
#8130 = LINE ( 'NONE', #4347, #693 ) ;
#8131 = VERTEX_POINT ( 'NONE', #4443 ) ;
#8132 = DIRECTION ( 'NONE',  ( -0.000000000000000000, 1.000000000000000000, -0.000000000000000000 ) ) ;
#8133 = EDGE_LOOP ( 'NONE', ( #1540, #6256, #6980, #3345 ) ) ;
#8134 = EDGE_CURVE ( 'NONE', #754, #3158, #1862, .T. ) ;
#8135 = EDGE_LOOP ( 'NONE', ( #6060, #7011, #6308, #6215, #4229, #7422, #4483, #486 ) ) ;
ENDSEC;
END-ISO-10303-21;
