ISO-10303-21;
HEADER;
FILE_DESCRIPTION (( 'STEP AP214' ),
    '1' );
FILE_NAME ('MiddleHeadCover.STEP',
    '2026-09-02T17:53:55',
    ( '' ),
    ( '' ),
    'SwSTEP 2.0',
    'SolidWorks 2025',
    '' );
FILE_SCHEMA (( 'AUTOMOTIVE_DESIGN' ));
ENDSEC;

DATA;
#1 = ORIENTED_EDGE ( 'NONE', *, *, #935, .F. ) ;
#2 = DIRECTION ( 'NONE',  ( 1.000000000000000000, 0.000000000000000000, 0.000000000000000000 ) ) ;
#3 = VERTEX_POINT ( 'NONE', #2485 ) ;
#4 = CYLINDRICAL_SURFACE ( 'NONE', #2572, 220.0000000000000568 ) ;
#5 = EDGE_CURVE ( 'NONE', #2283, #1091, #1593, .T. ) ;
#6 = VERTEX_POINT ( 'NONE', #218 ) ;
#7 = CARTESIAN_POINT ( 'NONE',  ( -10.78852960328463340, 127.2371891335146756, 161.1183240723489121 ) ) ;
#8 = EDGE_CURVE ( 'NONE', #2916, #964, #1877, .T. ) ;
#9 = DIRECTION ( 'NONE',  ( 0.000000000000000000, 0.8898174629840753802, 0.4563166472621654757 ) ) ;
#10 = CARTESIAN_POINT ( 'NONE',  ( -8.788529603284633396, 141.5581117127231039, 70.92190020000548145 ) ) ;
#11 = CARTESIAN_POINT ( 'NONE',  ( -6.788529603284633396, 149.7403731010893750, 82.25123299289124645 ) ) ;
#12 = CARTESIAN_POINT ( 'NONE',  ( -70.78852960328462984, 97.20908031448945508, 165.0794685023070372 ) ) ;
#13 = VERTEX_POINT ( 'NONE', #158 ) ;
#14 = PLANE ( 'NONE',  #321 ) ;
#15 = DIRECTION ( 'NONE',  ( 0.000000000000000000, 0.000000000000000000, -1.000000000000000000 ) ) ;
#16 = ORIENTED_EDGE ( 'NONE', *, *, #2185, .F. ) ;
#17 = CARTESIAN_POINT ( 'NONE',  ( -70.78852960328462984, 148.6291795245886078, 63.85083238814000595 ) ) ;
#18 = LINE ( 'NONE', #2795, #1105 ) ;
#19 = VERTEX_POINT ( 'NONE', #869 ) ;
#20 = LINE ( 'NONE', #1378, #2123 ) ;
#21 = CARTESIAN_POINT ( 'NONE',  ( -10.78852960328463340, 145.9009986262693985, 66.77950573931300937 ) ) ;
#22 = ADVANCED_FACE ( 'NONE', ( #1610 ), #2300, .F. ) ;
#23 = ADVANCED_FACE ( 'NONE', ( #632 ), #1571, .F. ) ;
#24 = LINE ( 'NONE', #1652, #2806 ) ;
#25 = DIRECTION ( 'NONE',  ( 1.000000000000000000, 0.000000000000000000, 0.000000000000000000 ) ) ;
#26 = VERTEX_POINT ( 'NONE', #881 ) ;
#27 = ADVANCED_FACE ( 'NONE', ( #420 ), #1811, .T. ) ;
#28 = CARTESIAN_POINT ( 'NONE',  ( -8.788529603284633396, 127.1682114851169842, 64.89507905005440591 ) ) ;
#29 = DIRECTION ( 'NONE',  ( 0.000000000000000000, -0.9977779156875834499, -0.06662755410595125327 ) ) ;
#30 = AXIS2_PLACEMENT_3D ( 'NONE', #2982, #876, #396 ) ;
#31 = AXIS2_PLACEMENT_3D ( 'NONE', #783, #2861, #1252 ) ;
#32 = VECTOR ( 'NONE', #2576, 1000.000000000000000 ) ;
#33 = ORIENTED_EDGE ( 'NONE', *, *, #1443, .T. ) ;
#34 = CYLINDRICAL_SURFACE ( 'NONE', #371, 6.999999999999840128 ) ;
#35 = CIRCLE ( 'NONE', #1431, 1.831554383945596776 ) ;
#36 = AXIS2_PLACEMENT_3D ( 'NONE', #2885, #1513, #2474 ) ;
#37 = CARTESIAN_POINT ( 'NONE',  ( -8.788529603284633396, 111.8667509325086229, 62.42066410542085464 ) ) ;
#38 = CIRCLE ( 'NONE', #1383, 9.999999999999980460 ) ;
#39 = ORIENTED_EDGE ( 'NONE', *, *, #1405, .T. ) ;
#40 = DIRECTION ( 'NONE',  ( -1.000000000000000000, -0.000000000000000000, -0.000000000000000000 ) ) ;
#41 = CARTESIAN_POINT ( 'NONE',  ( -8.788529603284633396, 78.63191675939015113, 158.8634014860263903 ) ) ;
#42 = AXIS2_PLACEMENT_3D ( 'NONE', #2171, #2437, #1266 ) ;
#43 = EDGE_CURVE ( 'NONE', #992, #298, #1063, .T. ) ;
#44 = LINE ( 'NONE', #1724, #2316 ) ;
#45 = DIRECTION ( 'NONE',  ( -1.000000000000000000, -0.000000000000000000, -0.000000000000000000 ) ) ;
#46 = ORIENTED_EDGE ( 'NONE', *, *, #1538, .T. ) ;
#47 = CYLINDRICAL_SURFACE ( 'NONE', #2908, 224.0000000000000853 ) ;
#48 = PLANE ( 'NONE',  #2865 ) ;
#49 = EDGE_CURVE ( 'NONE', #2156, #902, #2601, .T. ) ;
#50 = EDGE_LOOP ( 'NONE', ( #1871, #2054, #1295, #2312 ) ) ;
#51 = DIRECTION ( 'NONE',  ( 0.000000000000000000, 0.000000000000000000, -1.000000000000000000 ) ) ;
#52 = DIRECTION ( 'NONE',  ( -0.000000000000000000, -0.9976436369005328153, -0.06860884601768200974 ) ) ;
#53 = ORIENTED_EDGE ( 'NONE', *, *, #596, .T. ) ;
#54 = FACE_OUTER_BOUND ( 'NONE', #280, .T. ) ;
#55 = DIRECTION ( 'NONE',  ( 0.000000000000000000, 0.06662755410595500027, -0.9977779156875832278 ) ) ;
#56 = CARTESIAN_POINT ( 'NONE',  ( -6.788529603284636060, 149.0170144408929218, 78.12306362946532090 ) ) ;
#57 = DIRECTION ( 'NONE',  ( 1.000000000000000000, 0.000000000000000000, 0.000000000000000000 ) ) ;
#58 = ORIENTED_EDGE ( 'NONE', *, *, #2594, .T. ) ;
#59 = EDGE_CURVE ( 'NONE', #1788, #231, #413, .T. ) ;
#60 = CARTESIAN_POINT ( 'NONE',  ( -70.78852960328462984, 76.96010700514857206, 161.3554375617077596 ) ) ;
#61 = DIRECTION ( 'NONE',  ( 0.000000000000000000, 0.000000000000000000, -1.000000000000000000 ) ) ;
#62 = ORIENTED_EDGE ( 'NONE', *, *, #1067, .T. ) ;
#63 = EDGE_CURVE ( 'NONE', #450, #2757, #2322, .T. ) ;
#64 = ORIENTED_EDGE ( 'NONE', *, *, #1102, .T. ) ;
#65 = CARTESIAN_POINT ( 'NONE',  ( -8.788529603284633396, 83.02282474000649870, 161.6585930294566822 ) ) ;
#66 = CARTESIAN_POINT ( 'NONE',  ( -8.788529603284633396, 69.37240904636831829, 149.8967431383482278 ) ) ;
#67 = ORIENTED_EDGE ( 'NONE', *, *, #1621, .T. ) ;
#68 = DIRECTION ( 'NONE',  ( 0.000000000000000000, -0.9977779156875834499, -0.06662755410595107286 ) ) ;
#69 = ORIENTED_EDGE ( 'NONE', *, *, #1700, .F. ) ;
#70 = DIRECTION ( 'NONE',  ( -1.000000000000000000, -0.000000000000000000, -0.000000000000000000 ) ) ;
#71 = CARTESIAN_POINT ( 'NONE',  ( -6.788529603284635172, 151.7292068591862630, 98.46417366063518273 ) ) ;
#72 = LINE ( 'NONE', #2632, #2615 ) ;
#73 = CARTESIAN_POINT ( 'NONE',  ( -10.78852960328463340, 87.18169942950642337, 161.7402224981553331 ) ) ;
#74 = EDGE_LOOP ( 'NONE', ( #2701, #767, #1735, #176 ) ) ;
#75 = CIRCLE ( 'NONE', #2509, 6.999999999999950262 ) ;
#76 = ORIENTED_EDGE ( 'NONE', *, *, #862, .T. ) ;
#77 = CARTESIAN_POINT ( 'NONE',  ( -6.788529603284633396, 141.6583579391500223, 71.02214642643238562 ) ) ;
#78 = DIRECTION ( 'NONE',  ( 0.000000000000000000, -0.8435764274680948027, -0.5370091349503899325 ) ) ;
#79 = DIRECTION ( 'NONE',  ( 1.000000000000000000, 0.000000000000000000, 0.000000000000000000 ) ) ;
#80 = AXIS2_PLACEMENT_3D ( 'NONE', #1205, #2817, #257 ) ;
#81 = APPLICATION_CONTEXT ( 'automotive_design' ) ;
#82 = EDGE_LOOP ( 'NONE', ( #3012, #745, #1906, #1551 ) ) ;
#83 = VECTOR ( 'NONE', #78, 1000.000000000000000 ) ;
#84 = CARTESIAN_POINT ( 'NONE',  ( -70.78852960328462984, 141.0777968074843045, 63.93839838559994604 ) ) ;
#85 = FACE_OUTER_BOUND ( 'NONE', #648, .T. ) ;
#86 = AXIS2_PLACEMENT_3D ( 'NONE', #744, #238, #15 ) ;
#87 = DIRECTION ( 'NONE',  ( 0.000000000000000000, -0.9976431163436478844, 0.06861641503411926302 ) ) ;
#88 = AXIS2_PLACEMENT_3D ( 'NONE', #2520, #901, #1816 ) ;
#89 = CARTESIAN_POINT ( 'NONE',  ( -10.78852960328463340, 97.00880636688202685, 64.92513930375204723 ) ) ;
#90 = LINE ( 'NONE', #2409, #173 ) ;
#91 = ORIENTED_EDGE ( 'NONE', *, *, #842, .F. ) ;
#92 = ORIENTED_EDGE ( 'NONE', *, *, #1997, .T. ) ;
#93 = CARTESIAN_POINT ( 'NONE',  ( -8.788529603284633396, 78.63191675939015113, 158.8634014860263903 ) ) ;
#94 = CARTESIAN_POINT ( 'NONE',  ( -10.78852960328463340, 150.4395642644483360, 146.9488634284346062 ) ) ;
#95 = CARTESIAN_POINT ( 'NONE',  ( -6.788529603284633396, 96.94253981792466845, 161.0883588616568147 ) ) ;
#96 = ADVANCED_FACE ( 'NONE', ( #509 ), #47, .T. ) ;
#97 = ORIENTED_EDGE ( 'NONE', *, *, #1602, .F. ) ;
#98 = DIRECTION ( 'NONE',  ( 0.000000000000000000, 0.000000000000000000, 1.000000000000000000 ) ) ;
#99 = DIRECTION ( 'NONE',  ( -1.000000000000000000, -0.000000000000000000, -0.000000000000000000 ) ) ;
#100 = PLANE ( 'NONE',  #1524 ) ;
#101 = CARTESIAN_POINT ( 'NONE',  ( -6.788529603284633396, 150.4395642644483360, 146.9488634284346062 ) ) ;
#102 = CARTESIAN_POINT ( 'NONE',  ( -6.788529603284633396, 141.5581117127231039, 70.92190020000548145 ) ) ;
#103 = EDGE_LOOP ( 'NONE', ( #2967, #1800, #16, #145 ) ) ;
#104 = EDGE_LOOP ( 'NONE', ( #1185, #2132, #532, #1149 ) ) ;
#105 = CARTESIAN_POINT ( 'NONE',  ( -8.788529603284633396, 140.8723463296477121, 166.0654737538021948 ) ) ;
#106 = DIRECTION ( 'NONE',  ( 0.000000000000000000, 0.000000000000000000, -1.000000000000000000 ) ) ;
#107 = CARTESIAN_POINT ( 'NONE',  ( -10.78852960328463340, 96.94217881277607773, 65.92291721943962557 ) ) ;
#108 = ORIENTED_EDGE ( 'NONE', *, *, #2689, .F. ) ;
#109 = DIRECTION ( 'NONE',  ( 0.000000000000000000, 0.9976436369005328153, 0.06860884601768200974 ) ) ;
#110 = CARTESIAN_POINT ( 'NONE',  ( -8.788529603284633396, 148.6520442482434987, 71.31938675007729955 ) ) ;
#111 = DIRECTION ( 'NONE',  ( 0.000000000000000000, 0.5370091349503899325, -0.8435764274680948027 ) ) ;
#112 = EDGE_CURVE ( 'NONE', #1013, #1091, #1682, .T. ) ;
#113 = CARTESIAN_POINT ( 'NONE',  ( -10.78852960328463340, 154.0856182918941499, 106.2906200821180107 ) ) ;
#114 = EDGE_CURVE ( 'NONE', #2082, #2899, #2804, .T. ) ;
#115 = CARTESIAN_POINT ( 'NONE',  ( -8.788529603284633396, 97.00880636688192737, 64.92513930375204723 ) ) ;
#116 = ORIENTED_EDGE ( 'NONE', *, *, #2167, .T. ) ;
#117 = ORIENTED_EDGE ( 'NONE', *, *, #846, .F. ) ;
#118 = CARTESIAN_POINT ( 'NONE',  ( -10.78852960328463340, 127.2371891335146756, 161.1183240723489121 ) ) ;
#119 = DIRECTION ( 'NONE',  ( 1.000000000000000000, 0.000000000000000000, 0.000000000000000000 ) ) ;
#120 = DIRECTION ( 'NONE',  ( 0.000000000000000000, 0.000000000000000000, -1.000000000000000000 ) ) ;
#121 = ORIENTED_EDGE ( 'NONE', *, *, #2129, .F. ) ;
#122 = CARTESIAN_POINT ( 'NONE',  ( -70.78852960328462984, 141.0777968074843045, 63.93839838559994604 ) ) ;
#123 = VECTOR ( 'NONE', #385, 1000.000000000000000 ) ;
#124 = VERTEX_POINT ( 'NONE', #3021 ) ;
#125 = CARTESIAN_POINT ( 'NONE',  ( -70.78852960328462984, 75.69099094900481361, 154.6262465620114597 ) ) ;
#126 = VECTOR ( 'NONE', #1534, 1000.000000000000000 ) ;
#127 = AXIS2_PLACEMENT_3D ( 'NONE', #1134, #2041, #2975 ) ;
#128 = CARTESIAN_POINT ( 'NONE',  ( -70.78852960328462984, 76.17736285251156403, 160.5885394980261367 ) ) ;
#129 = CARTESIAN_POINT ( 'NONE',  ( -10.78852960328463340, 151.9527798341965479, 136.3476453026459296 ) ) ;
#130 = CIRCLE ( 'NONE', #1100, 220.0000000000000568 ) ;
#131 = ADVANCED_FACE ( 'NONE', ( #2364 ), #263, .F. ) ;
#132 = CARTESIAN_POINT ( 'NONE',  ( -10.78852960328463340, 146.5078591810289481, 65.97215273169965144 ) ) ;
#133 = ORIENTED_EDGE ( 'NONE', *, *, #1046, .T. ) ;
#134 = EDGE_CURVE ( 'NONE', #1085, #2862, #2351, .T. ) ;
#135 = ORIENTED_EDGE ( 'NONE', *, *, #2768, .F. ) ;
#136 = FACE_OUTER_BOUND ( 'NONE', #1850, .T. ) ;
#137 = CARTESIAN_POINT ( 'NONE',  ( -8.788529603284633396, 151.6583579292485240, 71.02214638096171484 ) ) ;
#138 = VERTEX_POINT ( 'NONE', #1887 ) ;
#139 = DIRECTION ( 'NONE',  ( 0.000000000000000000, 0.000000000000000000, -1.000000000000000000 ) ) ;
#140 = VERTEX_POINT ( 'NONE', #1667 ) ;
#141 = CARTESIAN_POINT ( 'NONE',  ( -70.78852960328462984, 146.6084652770729804, 160.9385003127598281 ) ) ;
#142 = DIRECTION ( 'NONE',  ( -1.000000000000000000, -0.000000000000000000, -0.000000000000000000 ) ) ;
#143 = SURFACE_STYLE_FILL_AREA ( #2453 ) ;
#144 = CARTESIAN_POINT ( 'NONE',  ( -10.78852960328463340, 145.8011076652951203, 160.3316458833206752 ) ) ;
#145 = ORIENTED_EDGE ( 'NONE', *, *, #1752, .T. ) ;
#146 = ORIENTED_EDGE ( 'NONE', *, *, #188, .F. ) ;
#147 = DIRECTION ( 'NONE',  ( 0.000000000000000000, 0.000000000000000000, -1.000000000000000000 ) ) ;
#148 =( NAMED_UNIT ( * ) SI_UNIT ( $, .STERADIAN. ) SOLID_ANGLE_UNIT ( ) );
#149 = EDGE_CURVE ( 'NONE', #1631, #2469, #2848, .T. ) ;
#150 = EDGE_LOOP ( 'NONE', ( #1219, #2790, #574, #1068 ) ) ;
#151 = DIRECTION ( 'NONE',  ( 1.000000000000000000, 0.000000000000000000, 0.000000000000000000 ) ) ;
#152 = EDGE_LOOP ( 'NONE', ( #1194, #805, #1784, #2265 ) ) ;
#153 = DIRECTION ( 'NONE',  ( -1.000000000000000000, -0.000000000000000000, -0.000000000000000000 ) ) ;
#154 = PLANE ( 'NONE',  #2464 ) ;
#155 = PLANE ( 'NONE',  #2713 ) ;
#156 = DIRECTION ( 'NONE',  ( 0.000000000000000000, 0.000000000000000000, -1.000000000000000000 ) ) ;
#157 = ORIENTED_EDGE ( 'NONE', *, *, #112, .F. ) ;
#158 = CARTESIAN_POINT ( 'NONE',  ( -70.78852960328462984, 86.78188868465922212, 162.7535580371800279 ) ) ;
#159 = CARTESIAN_POINT ( 'NONE',  ( -8.788529603284636949, 152.9769300519914168, 125.7166402391236772 ) ) ;
#160 = EDGE_CURVE ( 'NONE', #2341, #6, #2104, .T. ) ;
#161 = ORIENTED_EDGE ( 'NONE', *, *, #259, .F. ) ;
#162 = EDGE_CURVE ( 'NONE', #537, #1357, #989, .T. ) ;
#163 = LINE ( 'NONE', #2700, #657 ) ;
#164 = ORIENTED_EDGE ( 'NONE', *, *, #2936, .F. ) ;
#165 = CARTESIAN_POINT ( 'NONE',  ( -8.788529603284633396, 76.17736285251156403, 160.5885394980261367 ) ) ;
#166 = AXIS2_PLACEMENT_3D ( 'NONE', #2190, #1970, #833 ) ;
#167 = EDGE_CURVE ( 'NONE', #1875, #2883, #496, .T. ) ;
#168 = DIRECTION ( 'NONE',  ( 1.000000000000000000, 0.000000000000000000, 0.000000000000000000 ) ) ;
#169 = CIRCLE ( 'NONE', #1239, 6.000000000001476153 ) ;
#170 = AXIS2_PLACEMENT_3D ( 'NONE', #77, #1704, #2413 ) ;
#171 = CARTESIAN_POINT ( 'NONE',  ( -6.788529603284634284, 148.1254396968249694, 153.4015359248397772 ) ) ;
#172 = VECTOR ( 'NONE', #2828, 1000.000000000000000 ) ;
#173 = VECTOR ( 'NONE', #835, 1000.000000000000000 ) ;
#174 = ORIENTED_EDGE ( 'NONE', *, *, #391, .F. ) ;
#175 = AXIS2_PLACEMENT_3D ( 'NONE', #386, #2524, #890 ) ;
#176 = ORIENTED_EDGE ( 'NONE', *, *, #1714, .T. ) ;
#177 = CARTESIAN_POINT ( 'NONE',  ( -8.788529603284633396, 150.2097865193170776, 148.6377554893842330 ) ) ;
#178 = VECTOR ( 'NONE', #832, 1000.000000000000000 ) ;
#179 = DIRECTION ( 'NONE',  ( 0.000000000000000000, 0.000000000000000000, 1.000000000000000000 ) ) ;
#180 = ORIENTED_EDGE ( 'NONE', *, *, #1248, .T. ) ;
#181 = DIRECTION ( 'NONE',  ( 1.000000000000000000, 0.000000000000000000, 0.000000000000000000 ) ) ;
#182 = VERTEX_POINT ( 'NONE', #60 ) ;
#183 = CARTESIAN_POINT ( 'NONE',  ( -6.788529603284633396, 148.0284191830033365, 73.13305714180951611 ) ) ;
#184 = ORIENTED_EDGE ( 'NONE', *, *, #979, .T. ) ;
#185 = DIRECTION ( 'NONE',  ( 0.000000000000000000, 0.000000000000000000, -1.000000000000000000 ) ) ;
#186 = SURFACE_SIDE_STYLE ('',( #2279 ) ) ;
#187 = EDGE_CURVE ( 'NONE', #2469, #1363, #2808, .T. ) ;
#188 = EDGE_CURVE ( 'NONE', #957, #1646, #2077, .T. ) ;
#189 = DIRECTION ( 'NONE',  ( 1.000000000000000000, 0.000000000000000000, 0.000000000000000000 ) ) ;
#190 = CARTESIAN_POINT ( 'NONE',  ( -70.78852960328462984, 160.9621749614558439, 113.5053955802646186 ) ) ;
#191 = ORIENTED_EDGE ( 'NONE', *, *, #1833, .F. ) ;
#192 = CARTESIAN_POINT ( 'NONE',  ( -6.788529603284633396, 148.6520442482435271, 71.31938675007729955 ) ) ;
#193 = CARTESIAN_POINT ( 'NONE',  ( -70.78852960328462984, 69.37240904634411720, 149.8967431383712494 ) ) ;
#194 = ORIENTED_EDGE ( 'NONE', *, *, #673, .F. ) ;
#195 = CARTESIAN_POINT ( 'NONE',  ( -8.788529603284633396, 148.7294257510154978, 63.95107861456691722 ) ) ;
#196 = ORIENTED_EDGE ( 'NONE', *, *, #2763, .T. ) ;
#197 = CARTESIAN_POINT ( 'NONE',  ( -8.788529603284633396, 86.78188868465922212, 162.7535580371800279 ) ) ;
#198 = VERTEX_POINT ( 'NONE', #1212 ) ;
#199 = DIRECTION ( 'NONE',  ( 0.000000000000000000, 0.000000000000000000, -1.000000000000000000 ) ) ;
#200 = CARTESIAN_POINT ( 'NONE',  ( -6.788529603284633396, 148.5826689040892745, 151.1465387493659591 ) ) ;
#201 = CARTESIAN_POINT ( 'NONE',  ( -10.78852960328463340, 96.94217881277600668, 65.92291721943962557 ) ) ;
#202 = EDGE_CURVE ( 'NONE', #251, #2207, #466, .T. ) ;
#203 = ORIENTED_EDGE ( 'NONE', *, *, #976, .F. ) ;
#204 = B_SPLINE_CURVE_WITH_KNOTS ( 'NONE', 3,
 ( #1696, #125, #1280, #1954 ),
 .UNSPECIFIED., .F., .F.,
 ( 4, 4 ),
 ( 0.000000000000000000, 1.000000000000000000 ),
 .UNSPECIFIED. ) ;
#205 = CARTESIAN_POINT ( 'NONE',  ( -6.788529603284633396, 153.2871105545687271, 110.3101222739967398 ) ) ;
#206 = CARTESIAN_POINT ( 'NONE',  ( -70.78852960328462984, 72.33907925632304625, 155.2426427991871094 ) ) ;
#207 = ORIENTED_EDGE ( 'NONE', *, *, #2129, .T. ) ;
#208 = CARTESIAN_POINT ( 'NONE',  ( -70.78852960328462984, 151.6586802554135716, 155.9887145291139063 ) ) ;
#209 = ORIENTED_EDGE ( 'NONE', *, *, #43, .F. ) ;
#210 = CARTESIAN_POINT ( 'NONE',  ( -10.78852960328463340, 151.8128408909125824, 99.31205846557172379 ) ) ;
#211 = ORIENTED_EDGE ( 'NONE', *, *, #1810, .T. ) ;
#212 = CARTESIAN_POINT ( 'NONE',  ( -10.78852960328463340, 141.6583579391500223, 71.02214642643238562 ) ) ;
#213 = AXIS2_PLACEMENT_3D ( 'NONE', #2536, #142, #1352 ) ;
#214 = CARTESIAN_POINT ( 'NONE',  ( -6.788529603284635172, 152.2259914415311641, 119.6313321037246311 ) ) ;
#215 = CARTESIAN_POINT ( 'NONE',  ( -10.78852960328463340, 97.00880636688202685, 64.92513930375204723 ) ) ;
#216 = ORIENTED_EDGE ( 'NONE', *, *, #2220, .T. ) ;
#217 = VECTOR ( 'NONE', #701, 999.9999999999998863 ) ;
#218 = CARTESIAN_POINT ( 'NONE',  ( -70.78852960328462984, 146.5082198112068852, 161.0387472997413170 ) ) ;
#219 = LINE ( 'NONE', #633, #1056 ) ;
#220 = UNCERTAINTY_MEASURE_WITH_UNIT (LENGTH_MEASURE( 1.000000000000000082E-05 ), #1747, 'distance_accuracy_value', 'NONE');
#221 = ADVANCED_FACE ( 'NONE', ( #2396 ), #14, .T. ) ;
#222 = AXIS2_PLACEMENT_3D ( 'NONE', #2625, #2901, #810 ) ;
#223 = VECTOR ( 'NONE', #3022, 1000.000000000000000 ) ;
#224 = ADVANCED_FACE ( 'NONE', ( #2336 ), #2872, .T. ) ;
#225 = EDGE_LOOP ( 'NONE', ( #2600, #1661, #2206, #2636 ) ) ;
#226 = CIRCLE ( 'NONE', #1688, 220.0000000000000568 ) ;
#227 = CARTESIAN_POINT ( 'NONE',  ( -6.788529603284633396, 141.5581117127231039, 70.92190020000548145 ) ) ;
#228 = ORIENTED_EDGE ( 'NONE', *, *, #428, .T. ) ;
#229 = CARTESIAN_POINT ( 'NONE',  ( -8.788529603284633396, 126.9623622400146417, 61.90214970102342562 ) ) ;
#230 = AXIS2_PLACEMENT_3D ( 'NONE', #1505, #799, #1254 ) ;
#231 = VERTEX_POINT ( 'NONE', #7 ) ;
#232 = CARTESIAN_POINT ( 'NONE',  ( -8.788529603284633396, 79.92790140000782628, 69.46833313838935453 ) ) ;
#233 = DIRECTION ( 'NONE',  ( -1.000000000000000000, -0.000000000000000000, -0.000000000000000000 ) ) ;
#234 = CARTESIAN_POINT ( 'NONE',  ( -8.788529603284633396, 146.5078591810289481, 65.97215273169965144 ) ) ;
#235 = DIRECTION ( 'NONE',  ( 0.000000000000000000, 0.7071014164205455810, -0.7071121459118476782 ) ) ;
#236 = ORIENTED_EDGE ( 'NONE', *, *, #2724, .T. ) ;
#237 = CARTESIAN_POINT ( 'NONE',  ( -10.78852960328463340, 111.8688076255531314, 384.5904987380682769 ) ) ;
#238 = DIRECTION ( 'NONE',  ( -1.000000000000000000, -0.000000000000000000, -0.000000000000000000 ) ) ;
#239 = ORIENTED_EDGE ( 'NONE', *, *, #2276, .T. ) ;
#240 = DIRECTION ( 'NONE',  ( 0.000000000000000000, 0.000000000000000000, -1.000000000000000000 ) ) ;
#241 = ADVANCED_FACE ( 'NONE', ( #779 ), #1454, .F. ) ;
#242 = ORIENTED_EDGE ( 'NONE', *, *, #1133, .F. ) ;
#243 = LINE ( 'NONE', #2596, #2857 ) ;
#244 = DIRECTION ( 'NONE',  ( 0.000000000000000000, 0.000000000000000000, 1.000000000000000000 ) ) ;
#245 = FACE_OUTER_BOUND ( 'NONE', #1519, .T. ) ;
#246 = DIRECTION ( 'NONE',  ( 1.000000000000000000, 0.000000000000000000, 0.000000000000000000 ) ) ;
#247 = EDGE_LOOP ( 'NONE', ( #1227, #1945, #2211, #1107 ) ) ;
#248 = CARTESIAN_POINT ( 'NONE',  ( -8.788529603284633396, 76.95974397416121349, 65.65599012386208244 ) ) ;
#249 = LINE ( 'NONE', #1930, #1247 ) ;
#250 = PRODUCT_DEFINITION_CONTEXT ( 'detailed design', #81, 'design' ) ;
#251 = VERTEX_POINT ( 'NONE', #2624 ) ;
#252 = CARTESIAN_POINT ( 'NONE',  ( -6.788529603284633396, 127.1685802874970079, 162.1159677092494462 ) ) ;
#253 = CARTESIAN_POINT ( 'NONE',  ( -8.788529603284633396, 76.96010700514857206, 161.3554375617077596 ) ) ;
#254 = EDGE_CURVE ( 'NONE', #1933, #2965, #2264, .T. ) ;
#255 = PRODUCT_RELATED_PRODUCT_CATEGORY ( 'part', '', ( #2235 ) ) ;
#256 = ORIENTED_EDGE ( 'NONE', *, *, #837, .T. ) ;
#257 = DIRECTION ( 'NONE',  ( 0.000000000000000000, 0.7071014164207413133, -0.7071121459116519459 ) ) ;
#258 = CARTESIAN_POINT ( 'NONE',  ( -8.788529603284633396, 86.78188868465922212, 155.7535580371800279 ) ) ;
#259 = EDGE_CURVE ( 'NONE', #629, #1489, #515, .T. ) ;
#260 = CARTESIAN_POINT ( 'NONE',  ( -8.788529603284633396, 86.78188868465922212, 165.7535580371799995 ) ) ;
#261 = CARTESIAN_POINT ( 'NONE',  ( -70.78852960328462984, 148.6295562489418387, 163.1600515490035264 ) ) ;
#262 = ORIENTED_EDGE ( 'NONE', *, *, #1557, .T. ) ;
#263 = PLANE ( 'NONE',  #2711 ) ;
#264 = LINE ( 'NONE', #1200, #2961 ) ;
#265 = AXIS2_PLACEMENT_3D ( 'NONE', #1818, #2750, #1128 ) ;
#266 = AXIS2_PLACEMENT_3D ( 'NONE', #1015, #2188, #1743 ) ;
#267 = AXIS2_PLACEMENT_3D ( 'NONE', #1604, #2386, #1216 ) ;
#268 = ORIENTED_EDGE ( 'NONE', *, *, #1132, .T. ) ;
#269 = CARTESIAN_POINT ( 'NONE',  ( -10.78852960328463340, 141.6586802556908822, 155.9887903978152224 ) ) ;
#270 = CIRCLE ( 'NONE', #1732, 9.999999999999980460 ) ;
#271 = AXIS2_PLACEMENT_3D ( 'NONE', #1748, #1045, #309 ) ;
#272 = CARTESIAN_POINT ( 'NONE',  ( -8.788529603284633396, 111.8688076255531314, 384.5904987380682769 ) ) ;
#273 = ORIENTED_EDGE ( 'NONE', *, *, #167, .F. ) ;
#274 = CARTESIAN_POINT ( 'NONE',  ( -8.788529603284633396, 69.37240904636831829, 149.8967431383482278 ) ) ;
#275 = CARTESIAN_POINT ( 'NONE',  ( -6.788529603284633396, 87.18133347901684260, 65.27112763743961921 ) ) ;
#276 = VECTOR ( 'NONE', #153, 1000.000000000000000 ) ;
#277 = FACE_OUTER_BOUND ( 'NONE', #2193, .T. ) ;
#278 = ADVANCED_FACE ( 'NONE', ( #314 ), #286, .F. ) ;
#279 = DIRECTION ( 'NONE',  ( 0.000000000000000000, -0.7071014164207413133, 0.7071121459116519459 ) ) ;
#280 = EDGE_LOOP ( 'NONE', ( #211, #400, #436, #1570 ) ) ;
#281 = EDGE_CURVE ( 'NONE', #1717, #379, #1730, .T. ) ;
#282 = DIRECTION ( 'NONE',  ( 0.000000000000000000, -0.06663512414120680016, -0.9977774101625502823 ) ) ;
#283 = CARTESIAN_POINT ( 'NONE',  ( -70.78852960328462984, 126.9623622400146417, 61.90214970102342562 ) ) ;
#284 = ORIENTED_EDGE ( 'NONE', *, *, #2484, .F. ) ;
#285 = ORIENTED_EDGE ( 'NONE', *, *, #2803, .F. ) ;
#286 = CYLINDRICAL_SURFACE ( 'NONE', #267, 7.000000000000006217 ) ;
#287 = CARTESIAN_POINT ( 'NONE',  ( -10.78852960328463340, 151.9527798341965479, 136.3476453026459296 ) ) ;
#288 = CARTESIAN_POINT ( 'NONE',  ( -8.788529603284633396, 141.5584347898245881, 156.0890373847969101 ) ) ;
#289 = ORIENTED_EDGE ( 'NONE', *, *, #188, .T. ) ;
#290 = CARTESIAN_POINT ( 'NONE',  ( -8.788529603284631619, 72.33907925633191383, 155.2426427992047309 ) ) ;
#291 = DIRECTION ( 'NONE',  ( 0.000000000000000000, -0.9977779156875834499, -0.06662755410595125327 ) ) ;
#292 = CARTESIAN_POINT ( 'NONE',  ( -8.788529603284633396, 59.27489072857383690, 113.5057483459713836 ) ) ;
#293 = DIRECTION ( 'NONE',  ( 1.000000000000000000, 0.000000000000000000, 0.000000000000000000 ) ) ;
#294 = ORIENTED_EDGE ( 'NONE', *, *, #1248, .F. ) ;
#295 = EDGE_CURVE ( 'NONE', #1649, #453, #1006, .T. ) ;
#296 = CARTESIAN_POINT ( 'NONE',  ( -10.78852960328463340, 146.5082198112068852, 161.0387472997413170 ) ) ;
#297 = CARTESIAN_POINT ( 'NONE',  ( -70.78852960328462984, 151.7309120031469831, 85.26342517491579542 ) ) ;
#298 = VERTEX_POINT ( 'NONE', #2535 ) ;
#299 = ADVANCED_FACE ( 'NONE', ( #690 ), #602, .F. ) ;
#300 = ORIENTED_EDGE ( 'NONE', *, *, #1916, .F. ) ;
#301 = DIRECTION ( 'NONE',  ( 0.000000000000000000, 0.000000000000000000, -1.000000000000000000 ) ) ;
#302 = CYLINDRICAL_SURFACE ( 'NONE', #1583, 6.999999999999992006 ) ;
#303 = B_SPLINE_SURFACE_WITH_KNOTS ( 'NONE', 2, 1, ( 
 ( #2197, #562 ),
 ( #347, #811 ),
 ( #765, #1218 ) ),
 .UNSPECIFIED., .F., .F., .F.,
 ( 3, 3 ),
 ( 2, 2 ),
 ( 0.5015888165926497555, 0.5020556188137581533 ),
 ( 0.000000000000000000, 1.000000000000000000 ),
 .UNSPECIFIED. ) ;
#304 = ORIENTED_EDGE ( 'NONE', *, *, #1734, .T. ) ;
#305 = CARTESIAN_POINT ( 'NONE',  ( -8.788529603284633396, 141.6586802556908822, 155.9887903978152224 ) ) ;
#306 = DIRECTION ( 'NONE',  ( 0.000000000000000000, 0.000000000000000000, -1.000000000000000000 ) ) ;
#307 = CARTESIAN_POINT ( 'NONE',  ( -8.788529603284633396, 86.78188868465922212, 155.7535580371800279 ) ) ;
#308 = DIRECTION ( 'NONE',  ( 0.000000000000000000, 0.000000000000000000, 1.000000000000000000 ) ) ;
#309 = DIRECTION ( 'NONE',  ( 0.000000000000000000, 0.000000000000000000, -1.000000000000000000 ) ) ;
#310 = ADVANCED_FACE ( 'NONE', ( #2650 ), #1993, .T. ) ;
#311 = ORIENTED_EDGE ( 'NONE', *, *, #803, .F. ) ;
#312 = VECTOR ( 'NONE', #1795, 1000.000000000000000 ) ;
#313 = ORIENTED_EDGE ( 'NONE', *, *, #1956, .F. ) ;
#314 = FACE_OUTER_BOUND ( 'NONE', #104, .T. ) ;
#315 = CARTESIAN_POINT ( 'NONE',  ( -10.78852960328463340, 154.0856182918941499, 106.2906200821180107 ) ) ;
#316 = EDGE_CURVE ( 'NONE', #1817, #2627, #2195, .T. ) ;
#317 = DIRECTION ( 'NONE',  ( 0.000000000000000000, 0.000000000000000000, -1.000000000000000000 ) ) ;
#318 = VECTOR ( 'NONE', #9, 1000.000000000000114 ) ;
#319 = ORIENTED_EDGE ( 'NONE', *, *, #1133, .T. ) ;
#320 = VECTOR ( 'NONE', #2555, 1000.000000000000000 ) ;
#321 = AXIS2_PLACEMENT_3D ( 'NONE', #296, #2791, #2557 ) ;
#322 = CYLINDRICAL_SURFACE ( 'NONE', #31, 220.0000000000000853 ) ;
#323 = DIRECTION ( 'NONE',  ( 0.000000000000000000, 0.000000000000000000, -1.000000000000000000 ) ) ;
#324 = VECTOR ( 'NONE', #2599, 1000.000000000000000 ) ;
#325 = CARTESIAN_POINT ( 'NONE',  ( -70.78852960328462984, 151.6586802554135716, 155.9887145291139063 ) ) ;
#326 = AXIS2_PLACEMENT_3D ( 'NONE', #1629, #2605, #1203 ) ;
#327 = CARTESIAN_POINT ( 'NONE',  ( -10.78852960328463340, 151.2440370947211079, 141.6572865280419080 ) ) ;
#328 = AXIS2_PLACEMENT_3D ( 'NONE', #2166, #2210, #120 ) ;
#329 = DIRECTION ( 'NONE',  ( -1.000000000000000000, -0.000000000000000000, -0.000000000000000000 ) ) ;
#330 = EDGE_LOOP ( 'NONE', ( #1315, #1885, #2163, #2617 ) ) ;
#331 = VERTEX_POINT ( 'NONE', #105 ) ;
#332 = CARTESIAN_POINT ( 'NONE',  ( -10.78852960328463340, 150.0087189287853562, 143.4392803505966185 ) ) ;
#333 = LINE ( 'NONE', #2855, #815 ) ;
#334 = LINE ( 'NONE', #1052, #423 ) ;
#335 = VERTEX_POINT ( 'NONE', #1963 ) ;
#336 = ADVANCED_FACE ( 'NONE', ( #2932 ), #1036, .T. ) ;
#337 = DIRECTION ( 'NONE',  ( 0.000000000000000000, 0.000000000000000000, -1.000000000000000000 ) ) ;
#338 = ORIENTED_EDGE ( 'NONE', *, *, #1011, .T. ) ;
#339 = CARTESIAN_POINT ( 'NONE',  ( -6.788529603284633396, 141.6583579391500223, 71.02214642643238562 ) ) ;
#340 = CARTESIAN_POINT ( 'NONE',  ( -8.788529603284633396, 141.6583579391500223, 71.02214642643238562 ) ) ;
#341 = CARTESIAN_POINT ( 'NONE',  ( -70.78852960328462984, 69.37211971683422007, 77.11476058688803903 ) ) ;
#342 = DIRECTION ( 'NONE',  ( 0.000000000000000000, 0.9977774101625509484, -0.06663512414119440730 ) ) ;
#343 = EDGE_LOOP ( 'NONE', ( #2097, #564, #2603, #1337 ) ) ;
#344 = ORIENTED_EDGE ( 'NONE', *, *, #354, .F. ) ;
#345 = DIRECTION ( 'NONE',  ( 0.000000000000000000, -0.06662755410595108674, 0.9977779156875835609 ) ) ;
#346 = DIRECTION ( 'NONE',  ( 1.000000000000000000, 0.000000000000000000, 0.000000000000000000 ) ) ;
#347 = CARTESIAN_POINT ( 'NONE',  ( -8.788529603284633396, 72.33875400660066646, 71.76882889963489731 ) ) ;
#348 = ORIENTED_EDGE ( 'NONE', *, *, #2759, .T. ) ;
#349 = CARTESIAN_POINT ( 'NONE',  ( -70.78852960328462984, 140.8719475623819335, 60.94546903656900128 ) ) ;
#350 = CYLINDRICAL_SURFACE ( 'NONE', #422, 220.0000000000000568 ) ;
#351 = EDGE_CURVE ( 'NONE', #2853, #689, #2225, .T. ) ;
#352 = FACE_OUTER_BOUND ( 'NONE', #2802, .T. ) ;
#353 = CARTESIAN_POINT ( 'NONE',  ( -6.788529603284633396, 152.9298351875889921, 127.4901718588423734 ) ) ;
#354 = EDGE_CURVE ( 'NONE', #957, #1421, #1316, .T. ) ;
#355 = DIRECTION ( 'NONE',  ( 0.000000000000000000, 0.9977774101625509484, -0.06663512414119440730 ) ) ;
#356 = ORIENTED_EDGE ( 'NONE', *, *, #59, .F. ) ;
#357 = VERTEX_POINT ( 'NONE', #588 ) ;
#358 = DIRECTION ( 'NONE',  ( 1.000000000000000000, 0.000000000000000000, 0.000000000000000000 ) ) ;
#359 = LINE ( 'NONE', #1367, #320 ) ;
#360 = VECTOR ( 'NONE', #497, 1000.000000000000000 ) ;
#361 = VERTEX_POINT ( 'NONE', #2670 ) ;
#362 = DIRECTION ( 'NONE',  ( 0.000000000000000000, -0.9976431163436479954, 0.06861641503411743115 ) ) ;
#363 = VECTOR ( 'NONE', #1103, 1000.000000000000000 ) ;
#364 = ORIENTED_EDGE ( 'NONE', *, *, #896, .T. ) ;
#365 = DIRECTION ( 'NONE',  ( -1.000000000000000000, -0.000000000000000000, -0.000000000000000000 ) ) ;
#366 = AXIS2_PLACEMENT_3D ( 'NONE', #2797, #40, #1878 ) ;
#367 = VECTOR ( 'NONE', #2116, 1000.000000000000000 ) ;
#368 = EDGE_CURVE ( 'NONE', #231, #1890, #380, .T. ) ;
#369 = CARTESIAN_POINT ( 'NONE',  ( -10.78852960328463340, 148.6520442482435271, 71.31938675007729955 ) ) ;
#370 = FILL_AREA_STYLE_COLOUR ( '', #374 ) ;
#371 = AXIS2_PLACEMENT_3D ( 'NONE', #269, #1157, #1597 ) ;
#372 = VECTOR ( 'NONE', #2685, 999.9999999999998863 ) ;
#373 = ADVANCED_FACE ( 'NONE', ( #136 ), #2430, .T. ) ;
#374 = COLOUR_RGB ( '',0.7921568627450980005, 0.8196078431372548767, 0.9333333333333333481 ) ;
#375 = CYLINDRICAL_SURFACE ( 'NONE', #2515, 9.999999999999980460 ) ;
#376 = EDGE_CURVE ( 'NONE', #2635, #957, #1981, .T. ) ;
#377 = ORIENTED_EDGE ( 'NONE', *, *, #2498, .T. ) ;
#378 = VECTOR ( 'NONE', #2257, 1000.000000000000114 ) ;
#379 = VERTEX_POINT ( 'NONE', #2240 ) ;
#380 = LINE ( 'NONE', #118, #755 ) ;
#381 = ORIENTED_EDGE ( 'NONE', *, *, #520, .F. ) ;
#382 = CARTESIAN_POINT ( 'NONE',  ( -70.78852960328462984, 76.95974397416121349, 65.65599012386208244 ) ) ;
#383 = EDGE_LOOP ( 'NONE', ( #2158, #1305, #2712, #931 ) ) ;
#384 = PLANE ( 'NONE',  #571 ) ;
#385 = DIRECTION ( 'NONE',  ( -1.000000000000000000, -0.000000000000000000, -0.000000000000000000 ) ) ;
#386 = CARTESIAN_POINT ( 'NONE',  ( -8.788529603284633396, 141.5584347898245881, 156.0890373847969101 ) ) ;
#387 = CARTESIAN_POINT ( 'NONE',  ( -6.788529603284633396, 149.6343757869551325, 145.3969048728384905 ) ) ;
#388 = ORIENTED_EDGE ( 'NONE', *, *, #1740, .T. ) ;
#389 = DIRECTION ( 'NONE',  ( -1.000000000000000000, -0.000000000000000000, -0.000000000000000000 ) ) ;
#390 = CARTESIAN_POINT ( 'NONE',  ( -10.78852960328463340, 151.8128408909125824, 99.31205846557172379 ) ) ;
#391 = EDGE_CURVE ( 'NONE', #2695, #1649, #1336, .T. ) ;
#392 = ORIENTED_EDGE ( 'NONE', *, *, #1188, .F. ) ;
#393 = LINE ( 'NONE', #2044, #713 ) ;
#394 = VERTEX_POINT ( 'NONE', #2486 ) ;
#395 = FACE_OUTER_BOUND ( 'NONE', #737, .T. ) ;
#396 = DIRECTION ( 'NONE',  ( 0.000000000000000000, 0.000000000000000000, -1.000000000000000000 ) ) ;
#397 = CARTESIAN_POINT ( 'NONE',  ( -8.788529603284633396, 77.09259449248482099, 156.7205513881235106 ) ) ;
#398 = DIRECTION ( 'NONE',  ( 1.000000000000000000, 0.000000000000000000, 0.000000000000000000 ) ) ;
#399 = ORIENTED_EDGE ( 'NONE', *, *, #2607, .F. ) ;
#400 = ORIENTED_EDGE ( 'NONE', *, *, #728, .F. ) ;
#401 = CYLINDRICAL_SURFACE ( 'NONE', #416, 9.999999999999980460 ) ;
#402 = ORIENTED_EDGE ( 'NONE', *, *, #1318, .F. ) ;
#403 = EDGE_CURVE ( 'NONE', #1796, #1013, #1288, .T. ) ;
#404 = CARTESIAN_POINT ( 'NONE',  ( -6.788529603284633396, 87.18169942950642337, 161.7402224981553331 ) ) ;
#405 = EDGE_LOOP ( 'NONE', ( #133, #2755, #2494, #1764 ) ) ;
#406 = EDGE_CURVE ( 'NONE', #335, #1531, #1147, .T. ) ;
#407 = CARTESIAN_POINT ( 'NONE',  ( -10.78852960328463340, 147.6462943358793609, 71.40243277741603833 ) ) ;
#408 = EDGE_CURVE ( 'NONE', #2683, #830, #2006, .T. ) ;
#409 = ORIENTED_EDGE ( 'NONE', *, *, #1102, .F. ) ;
#410 = CARTESIAN_POINT ( 'NONE',  ( -8.788529603284633396, 86.78188868465922212, 155.7535580371800279 ) ) ;
#411 = DIRECTION ( 'NONE',  ( 0.000000000000000000, -0.9976436369005327043, -0.06860884601768253710 ) ) ;
#412 = CIRCLE ( 'NONE', #812, 2.999999999793334649 ) ;
#413 = CIRCLE ( 'NONE', #2422, 224.0000000000000853 ) ;
#414 = FACE_OUTER_BOUND ( 'NONE', #873, .T. ) ;
#415 = VECTOR ( 'NONE', #2604, 1000.000000000000000 ) ;
#416 = AXIS2_PLACEMENT_3D ( 'NONE', #1109, #1812, #2990 ) ;
#417 = CARTESIAN_POINT ( 'NONE',  ( -8.788529603284633396, 78.55005808952117263, 68.26162717872141172 ) ) ;
#418 = EDGE_LOOP ( 'NONE', ( #1495, #894, #1917, #2501 ) ) ;
#419 = VECTOR ( 'NONE', #1412, 1000.000000000000227 ) ;
#420 = FACE_OUTER_BOUND ( 'NONE', #2745, .T. ) ;
#421 = CARTESIAN_POINT ( 'NONE',  ( -8.788529603284633396, 69.37240904634411720, 149.8967431383712494 ) ) ;
#422 = AXIS2_PLACEMENT_3D ( 'NONE', #1472, #2213, #2657 ) ;
#423 = VECTOR ( 'NONE', #536, 1000.000000000000000 ) ;
#424 = VERTEX_POINT ( 'NONE', #646 ) ;
#425 = DIRECTION ( 'NONE',  ( -1.000000000000000000, -0.000000000000000000, -0.000000000000000000 ) ) ;
#426 = ORIENTED_EDGE ( 'NONE', *, *, #630, .F. ) ;
#427 = CARTESIAN_POINT ( 'NONE',  ( -10.78852960328463340, 150.0087189287853562, 143.4392803505966185 ) ) ;
#428 = EDGE_CURVE ( 'NONE', #2082, #857, #2814, .T. ) ;
#429 = ADVANCED_FACE ( 'NONE', ( #1092 ), #401, .T. ) ;
#430 = VERTEX_POINT ( 'NONE', #1345 ) ;
#431 = DIRECTION ( 'NONE',  ( 0.000000000000000000, 0.000000000000000000, -1.000000000000000000 ) ) ;
#432 = CARTESIAN_POINT ( 'NONE',  ( -8.788529603284633396, 78.63191675939015113, 158.8634014860263903 ) ) ;
#433 = EDGE_CURVE ( 'NONE', #361, #198, #2022, .T. ) ;
#434 = LINE ( 'NONE', #1089, #903 ) ;
#435 = DIRECTION ( 'NONE',  ( 0.000000000000000000, 0.9977779156875837829, 0.06662755410594693728 ) ) ;
#436 = ORIENTED_EDGE ( 'NONE', *, *, #1561, .F. ) ;
#437 = CARTESIAN_POINT ( 'NONE',  ( -8.788529603284633396, 86.78188868465922212, 155.7535580371800279 ) ) ;
#438 = CARTESIAN_POINT ( 'NONE',  ( -8.788529603284633396, 151.6586802554135716, 155.9887145291139063 ) ) ;
#439 = ORIENTED_EDGE ( 'NONE', *, *, #1576, .F. ) ;
#440 = CARTESIAN_POINT ( 'NONE',  ( -8.788529603284633396, 111.8667509325086229, -157.5793358945792022 ) ) ;
#441 = ORIENTED_EDGE ( 'NONE', *, *, #2241, .F. ) ;
#442 = DIRECTION ( 'NONE',  ( -1.000000000000000000, -0.000000000000000000, -0.000000000000000000 ) ) ;
#443 = ORIENTED_EDGE ( 'NONE', *, *, #433, .T. ) ;
#444 = DIRECTION ( 'NONE',  ( 0.000000000000000000, 0.000000000000000000, -1.000000000000000000 ) ) ;
#445 = CARTESIAN_POINT ( 'NONE',  ( -8.788529603284633396, 81.41179733515532746, 164.1893223118609626 ) ) ;
#446 = DIRECTION ( 'NONE',  ( 0.000000000000000000, 0.06662755410595498640, -0.9977779156875832278 ) ) ;
#447 = CARTESIAN_POINT ( 'NONE',  ( -6.788529603284634284, 151.5268669905080117, 131.1192180213414815 ) ) ;
#448 = ADVANCED_FACE ( 'NONE', ( #930 ), #2301, .F. ) ;
#449 = CARTESIAN_POINT ( 'NONE',  ( -8.788529603284633396, 141.6583579391500223, 71.02214642643238562 ) ) ;
#450 = VERTEX_POINT ( 'NONE', #2529 ) ;
#451 = ORIENTED_EDGE ( 'NONE', *, *, #1810, .F. ) ;
#452 = DIRECTION ( 'NONE',  ( 1.000000000000000000, 0.000000000000000000, 0.000000000000000000 ) ) ;
#453 = VERTEX_POINT ( 'NONE', #1594 ) ;
#454 = CARTESIAN_POINT ( 'NONE',  ( -10.78852960328463340, 111.8688076255531314, 160.5904987380681916 ) ) ;
#455 = VERTEX_POINT ( 'NONE', #3006 ) ;
#456 = DIRECTION ( 'NONE',  ( 0.000000000000000000, -0.06662755410594695116, 0.9977779156875838940 ) ) ;
#457 = ORIENTED_EDGE ( 'NONE', *, *, #1011, .F. ) ;
#458 = DIRECTION ( 'NONE',  ( -1.000000000000000000, -0.000000000000000000, -0.000000000000000000 ) ) ;
#459 = CARTESIAN_POINT ( 'NONE',  ( -10.78852960328463340, 141.0777968074843045, 63.93839838559994604 ) ) ;
#460 = VECTOR ( 'NONE', #1191, 1000.000000000000227 ) ;
#461 = DIRECTION ( 'NONE',  ( -1.000000000000000000, -0.000000000000000000, -0.000000000000000000 ) ) ;
#462 = DIRECTION ( 'NONE',  ( -1.000000000000000000, -0.000000000000000000, -0.000000000000000000 ) ) ;
#463 = ORIENTED_EDGE ( 'NONE', *, *, #2578, .T. ) ;
#464 = B_SPLINE_CURVE_WITH_KNOTS ( 'NONE', 3,
 ( #1037, #746, #315, #1245, #287, #2183, #1691, #94, #1904, #794 ),
 .UNSPECIFIED., .F., .F.,
 ( 4, 1, 2, 2, 1, 4 ),
 ( 0.000000000000000000, 0.4999999999999986677, 0.7499999999999980016, 0.8124999999999984457, 0.8749999999999990008, 1.000000000000000000 ),
 .UNSPECIFIED. ) ;
#465 = CIRCLE ( 'NONE', #1683, 220.0000000000000853 ) ;
#466 = CIRCLE ( 'NONE', #760, 220.0000000000000853 ) ;
#467 = EDGE_CURVE ( 'NONE', #556, #1890, #2568, .T. ) ;
#468 = CARTESIAN_POINT ( 'NONE',  ( -10.78852960328463340, 111.8688076255531314, 384.5904987380682769 ) ) ;
#469 = DIRECTION ( 'NONE',  ( 0.000000000000000000, 0.000000000000000000, -1.000000000000000000 ) ) ;
#470 = VECTOR ( 'NONE', #1223, 1000.000000000000227 ) ;
#471 = AXIS2_PLACEMENT_3D ( 'NONE', #2929, #2915, #1020 ) ;
#472 = ORIENTED_EDGE ( 'NONE', *, *, #1672, .T. ) ;
#473 = VECTOR ( 'NONE', #967, 1000.000000000000227 ) ;
#474 = LINE ( 'NONE', #1394, #2424 ) ;
#475 = ORIENTED_EDGE ( 'NONE', *, *, #1881, .T. ) ;
#476 = PLANE ( 'NONE',  #1540 ) ;
#477 = ORIENTED_EDGE ( 'NONE', *, *, #842, .T. ) ;
#478 = CYLINDRICAL_SURFACE ( 'NONE', #2561, 1.831554383945596776 ) ;
#479 = DIRECTION ( 'NONE',  ( 1.000000000000000000, 0.000000000000000000, 0.000000000000000000 ) ) ;
#480 = LINE ( 'NONE', #752, #460 ) ;
#481 = CARTESIAN_POINT ( 'NONE',  ( -10.78852960328463340, 145.9009986262699670, 66.77950573931244094 ) ) ;
#482 = EDGE_LOOP ( 'NONE', ( #2739, #2858, #580, #2715 ) ) ;
#483 = DIRECTION ( 'NONE',  ( -1.000000000000000000, -0.000000000000000000, -0.000000000000000000 ) ) ;
#484 = CARTESIAN_POINT ( 'NONE',  ( -8.788529603284633396, 150.4395642644483360, 146.9488634284346062 ) ) ;
#485 = EDGE_CURVE ( 'NONE', #2327, #424, #870, .T. ) ;
#486 = ORIENTED_EDGE ( 'NONE', *, *, #862, .F. ) ;
#487 = CARTESIAN_POINT ( 'NONE',  ( -70.78852960328462984, 75.69099094900481361, 154.6262465620114597 ) ) ;
#488 = FACE_OUTER_BOUND ( 'NONE', #2838, .T. ) ;
#489 = EDGE_CURVE ( 'NONE', #1614, #1687, #2127, .T. ) ;
#490 = ORIENTED_EDGE ( 'NONE', *, *, #2763, .F. ) ;
#491 = CARTESIAN_POINT ( 'NONE',  ( -10.78852960328463340, 145.9009986262699670, 66.77950573931244094 ) ) ;
#492 = LINE ( 'NONE', #41, #2134 ) ;
#493 = CARTESIAN_POINT ( 'NONE',  ( -6.788529603284632508, 148.0387812628735276, 73.17998648446852883 ) ) ;
#494 = DIRECTION ( 'NONE',  ( 0.000000000000000000, 0.000000000000000000, -1.000000000000000000 ) ) ;
#495 = ORIENTED_EDGE ( 'NONE', *, *, #134, .T. ) ;
#496 = LINE ( 'NONE', #756, #1783 ) ;
#497 = DIRECTION ( 'NONE',  ( 1.000000000000000000, 0.000000000000000000, 0.000000000000000000 ) ) ;
#498 = ORIENTED_EDGE ( 'NONE', *, *, #520, .T. ) ;
#499 = CARTESIAN_POINT ( 'NONE',  ( -8.788529603284633396, 87.44823992607120999, 165.7313321388055272 ) ) ;
#500 = DIRECTION ( 'NONE',  ( -1.000000000000000000, -0.000000000000000000, -0.000000000000000000 ) ) ;
#501 = ADVANCED_FACE ( 'NONE', ( #2266 ), #2284, .F. ) ;
#502 = ORIENTED_EDGE ( 'NONE', *, *, #2073, .F. ) ;
#503 = EDGE_CURVE ( 'NONE', #2830, #797, #661, .T. ) ;
#504 = PLANE ( 'NONE',  #80 ) ;
#505 = DIRECTION ( 'NONE',  ( 0.000000000000000000, -0.7071067811859602648, 0.7071067811871348807 ) ) ;
#506 = CARTESIAN_POINT ( 'NONE',  ( -6.788529603284633396, 111.8667509325086229, -157.5793358945792022 ) ) ;
#507 = CARTESIAN_POINT ( 'NONE',  ( -70.78852960328462984, 148.7298017148081897, 163.0598045620218386 ) ) ;
#508 = ORIENTED_EDGE ( 'NONE', *, *, #351, .T. ) ;
#509 = FACE_OUTER_BOUND ( 'NONE', #1609, .T. ) ;
#510 = DIRECTION ( 'NONE',  ( 0.000000000000000000, -0.06663512414119489302, -0.9977774101625510594 ) ) ;
#511 = AXIS2_PLACEMENT_3D ( 'NONE', #340, #2866, #2630 ) ;
#512 = CIRCLE ( 'NONE', #2219, 9.999999999999980460 ) ;
#513 = AXIS2_PLACEMENT_3D ( 'NONE', #1856, #2382, #1685 ) ;
#514 = ORIENTED_EDGE ( 'NONE', *, *, #433, .F. ) ;
#515 = LINE ( 'NONE', #2784, #2659 ) ;
#516 = DIRECTION ( 'NONE',  ( 1.000000000000000000, 0.000000000000000000, 0.000000000000000000 ) ) ;
#517 = VECTOR ( 'NONE', #2458, 1000.000000000000227 ) ;
#518 = CIRCLE ( 'NONE', #2326, 6.999999999999978684 ) ;
#519 = PLANE ( 'NONE',  #1741 ) ;
#520 = EDGE_CURVE ( 'NONE', #2635, #138, #219, .T. ) ;
#521 = VECTOR ( 'NONE', #2293, 1000.000000000000114 ) ;
#522 = EDGE_LOOP ( 'NONE', ( #2277, #319, #2416, #1702 ) ) ;
#523 = DIRECTION ( 'NONE',  ( 1.000000000000000000, 0.000000000000000000, 0.000000000000000000 ) ) ;
#524 = DIRECTION ( 'NONE',  ( 0.000000000000000000, 0.000000000000000000, -1.000000000000000000 ) ) ;
#525 = ADVANCED_FACE ( 'NONE', ( #1152 ), #1121, .T. ) ;
#526 = CIRCLE ( 'NONE', #1745, 9.999999999999980460 ) ;
#527 = DIRECTION ( 'NONE',  ( -1.000000000000000000, -0.000000000000000000, -0.000000000000000000 ) ) ;
#528 = CARTESIAN_POINT ( 'NONE',  ( -70.78852960328462984, 75.66880865701585890, 72.42048837184124466 ) ) ;
#529 = ORIENTED_EDGE ( 'NONE', *, *, #3000, .F. ) ;
#530 = CARTESIAN_POINT ( 'NONE',  ( -8.788529603284633396, 148.6523643092002942, 155.6914970079084526 ) ) ;
#531 = CARTESIAN_POINT ( 'NONE',  ( -8.788529603284633396, 126.9627537494441327, 165.1088986199510487 ) ) ;
#532 = ORIENTED_EDGE ( 'NONE', *, *, #1582, .T. ) ;
#533 = ORIENTED_EDGE ( 'NONE', *, *, #1643, .F. ) ;
#534 = CARTESIAN_POINT ( 'NONE',  ( -8.788529603284633396, 78.63294074932888122, 158.8651309012557249 ) ) ;
#535 = DIRECTION ( 'NONE',  ( 0.000000000000000000, 0.000000000000000000, -1.000000000000000000 ) ) ;
#536 = DIRECTION ( 'NONE',  ( 1.000000000000000000, 0.000000000000000000, 0.000000000000000000 ) ) ;
#537 = VERTEX_POINT ( 'NONE', #1826 ) ;
#538 = CARTESIAN_POINT ( 'NONE',  ( -8.788529603284633396, 111.8667509325086229, -157.5793358945792022 ) ) ;
#539 = CARTESIAN_POINT ( 'NONE',  ( -8.788529603284633396, 146.5082198112068852, 161.0387472997413170 ) ) ;
#540 = DIRECTION ( 'NONE',  ( 0.000000000000000000, 0.7071067811865474617, 0.7071067811865474617 ) ) ;
#541 = CARTESIAN_POINT ( 'NONE',  ( -10.78852960328463340, 146.5082198112068852, 161.0387472997413170 ) ) ;
#542 = EDGE_CURVE ( 'NONE', #1592, #1717, #665, .T. ) ;
#543 = LINE ( 'NONE', #2004, #2375 ) ;
#544 = EDGE_CURVE ( 'NONE', #991, #702, #1969, .T. ) ;
#545 = ORIENTED_EDGE ( 'NONE', *, *, #114, .F. ) ;
#546 = ORIENTED_EDGE ( 'NONE', *, *, #1961, .F. ) ;
#547 = DIRECTION ( 'NONE',  ( -1.000000000000000000, -0.000000000000000000, -0.000000000000000000 ) ) ;
#548 = CARTESIAN_POINT ( 'NONE',  ( -8.788529603284633396, 148.6291795245886078, 63.85083238814000595 ) ) ;
#549 = ORIENTED_EDGE ( 'NONE', *, *, #1387, .T. ) ;
#550 = CARTESIAN_POINT ( 'NONE',  ( -8.788529603284633396, 76.17700554785534450, 66.42289424807839282 ) ) ;
#551 = ORIENTED_EDGE ( 'NONE', *, *, #2313, .T. ) ;
#552 = LINE ( 'NONE', #539, #2668 ) ;
#553 = CARTESIAN_POINT ( 'NONE',  ( -70.78852960328462984, 150.4395642644483360, 146.9488634284346062 ) ) ;
#554 = FACE_OUTER_BOUND ( 'NONE', #103, .T. ) ;
#555 = DIRECTION ( 'NONE',  ( 0.000000000000000000, 0.9976431163436479954, -0.06861641503411743115 ) ) ;
#556 = VERTEX_POINT ( 'NONE', #2352 ) ;
#557 = ADVANCED_FACE ( 'NONE', ( #2136 ), #48, .T. ) ;
#558 = VECTOR ( 'NONE', #1207, 1000.000000000000227 ) ;
#559 = ORIENTED_EDGE ( 'NONE', *, *, #1502, .T. ) ;
#560 = DIRECTION ( 'NONE',  ( 0.000000000000000000, 0.000000000000000000, 1.000000000000000000 ) ) ;
#561 = LINE ( 'NONE', #1935, #415 ) ;
#562 = CARTESIAN_POINT ( 'NONE',  ( -70.78852960328462984, 69.37211971683422007, 77.11476058688803903 ) ) ;
#563 = AXIS2_PLACEMENT_3D ( 'NONE', #2854, #1851, #444 ) ;
#564 = ORIENTED_EDGE ( 'NONE', *, *, #2516, .F. ) ;
#565 = VECTOR ( 'NONE', #1964, 1000.000000000000000 ) ;
#566 = AXIS2_PLACEMENT_3D ( 'NONE', #2920, #358, #147 ) ;
#567 = CARTESIAN_POINT ( 'NONE',  ( -8.788529603284633396, 141.5584347898245881, 166.0890373847968817 ) ) ;
#568 = CARTESIAN_POINT ( 'NONE',  ( -10.78852960328463340, 111.8688076255531314, 384.5904987380682769 ) ) ;
#569 = CIRCLE ( 'NONE', #1246, 223.0000000000000568 ) ;
#570 = DIRECTION ( 'NONE',  ( 0.000000000000000000, 0.9976436369005328153, 0.06860884601768214852 ) ) ;
#571 = AXIS2_PLACEMENT_3D ( 'NONE', #672, #2748, #624 ) ;
#572 = CARTESIAN_POINT ( 'NONE',  ( -6.788529603284633396, 146.6081054074559518, 66.07239895812647035 ) ) ;
#573 = LINE ( 'NONE', #144, #2268 ) ;
#574 = ORIENTED_EDGE ( 'NONE', *, *, #1600, .F. ) ;
#575 = ORIENTED_EDGE ( 'NONE', *, *, #160, .F. ) ;
#576 = CARTESIAN_POINT ( 'NONE',  ( -10.78852960328463340, 148.3898187307340777, 74.86601893030962174 ) ) ;
#577 = EDGE_CURVE ( 'NONE', #1890, #2627, #249, .T. ) ;
#578 = FACE_OUTER_BOUND ( 'NONE', #2919, .T. ) ;
#579 = DIRECTION ( 'NONE',  ( 0.000000000000000000, -0.06860884601768200974, 0.9976436369005327043 ) ) ;
#580 = ORIENTED_EDGE ( 'NONE', *, *, #627, .F. ) ;
#581 = CARTESIAN_POINT ( 'NONE',  ( -8.788529603284633396, 97.00917494206585445, 162.0861362718193561 ) ) ;
#582 = ADVANCED_FACE ( 'NONE', ( #1900 ), #2040, .F. ) ;
#583 = CYLINDRICAL_SURFACE ( 'NONE', #230, 9.999999999999994671 ) ;
#584 = CARTESIAN_POINT ( 'NONE',  ( -70.78852960328462984, 151.2440370947211079, 141.6572865280419080 ) ) ;
#585 = LINE ( 'NONE', #1959, #1481 ) ;
#586 = ORIENTED_EDGE ( 'NONE', *, *, #1849, .F. ) ;
#587 = EDGE_LOOP ( 'NONE', ( #2150, #2986, #1666, #2499 ) ) ;
#588 = CARTESIAN_POINT ( 'NONE',  ( -70.78852960328462984, 87.24796103312279172, 64.27334972175202665 ) ) ;
#589 = CARTESIAN_POINT ( 'NONE',  ( -70.78852960328462984, 74.34390786165347720, 74.56507861618020172 ) ) ;
#590 = FACE_OUTER_BOUND ( 'NONE', #2653, .T. ) ;
#591 = VERTEX_POINT ( 'NONE', #2869 ) ;
#592 = CARTESIAN_POINT ( 'NONE',  ( -10.78852960328463340, 87.24833455364762358, 162.7379999083178745 ) ) ;
#593 = ORIENTED_EDGE ( 'NONE', *, *, #1772, .F. ) ;
#594 = CARTESIAN_POINT ( 'NONE',  ( -10.78852960328463340, 96.94253981792466845, 161.0883588616568147 ) ) ;
#595 = EDGE_CURVE ( 'NONE', #2334, #754, #1978, .T. ) ;
#596 = EDGE_CURVE ( 'NONE', #2871, #1204, #1880, .T. ) ;
#597 = CARTESIAN_POINT ( 'NONE',  ( -70.78852960328462984, 148.7294257510154978, 63.95107861456691722 ) ) ;
#598 = CYLINDRICAL_SURFACE ( 'NONE', #2764, 6.000000000001476153 ) ;
#599 = CARTESIAN_POINT ( 'NONE',  ( -70.78852960328462984, 74.34427841265440406, 152.4464197340858505 ) ) ;
#600 = ORIENTED_EDGE ( 'NONE', *, *, #1014, .T. ) ;
#601 = ORIENTED_EDGE ( 'NONE', *, *, #2241, .T. ) ;
#602 = PLANE ( 'NONE',  #1054 ) ;
#603 = CIRCLE ( 'NONE', #265, 224.0000000000000568 ) ;
#604 = ORIENTED_EDGE ( 'NONE', *, *, #975, .F. ) ;
#605 = LINE ( 'NONE', #2978, #2514 ) ;
#606 = CIRCLE ( 'NONE', #2318, 7.000000000000006217 ) ;
#607 = ORIENTED_EDGE ( 'NONE', *, *, #772, .T. ) ;
#608 = CARTESIAN_POINT ( 'NONE',  ( -10.78852960328463340, 127.2368279001510842, 65.89272216639804469 ) ) ;
#609 = B_SPLINE_CURVE_WITH_KNOTS ( 'NONE', 2,
 ( #2435, #290, #2655 ),
 .UNSPECIFIED., .F., .F.,
 ( 3, 3 ),
 ( 0.4979443789188927050, 0.4984111801041793965 ),
 .UNSPECIFIED. ) ;
#610 = AXIS2_PLACEMENT_3D ( 'NONE', #449, #462, #1514 ) ;
#611 = CARTESIAN_POINT ( 'NONE',  ( -10.78852960328463340, 127.2368279001510842, 65.89272216639804469 ) ) ;
#612 = CARTESIAN_POINT ( 'NONE',  ( -10.78852960328463340, 152.9298351875889921, 127.4901718588423734 ) ) ;
#613 = VECTOR ( 'NONE', #1897, 1000.000000000000114 ) ;
#614 = AXIS2_PLACEMENT_3D ( 'NONE', #1728, #1944, #2178 ) ;
#615 = CIRCLE ( 'NONE', #1339, 6.000000000000935252 ) ;
#616 = CARTESIAN_POINT ( 'NONE',  ( -6.788529603284632508, 148.4337892473651834, 151.8933772153480390 ) ) ;
#617 = ORIENTED_EDGE ( 'NONE', *, *, #2037, .F. ) ;
#618 = ORIENTED_EDGE ( 'NONE', *, *, #5, .T. ) ;
#619 = DIRECTION ( 'NONE',  ( -1.000000000000000000, -0.000000000000000000, -0.000000000000000000 ) ) ;
#620 = VECTOR ( 'NONE', #2902, 1000.000000000000000 ) ;
#621 = ORIENTED_EDGE ( 'NONE', *, *, #149, .F. ) ;
#622 = CARTESIAN_POINT ( 'NONE',  ( -8.788529603284633396, 141.0777968074843045, 63.93839838559994604 ) ) ;
#623 = ORIENTED_EDGE ( 'NONE', *, *, #1940, .T. ) ;
#624 = DIRECTION ( 'NONE',  ( 0.000000000000000000, 0.9976436369005327043, 0.06860884601768253710 ) ) ;
#625 = DIRECTION ( 'NONE',  ( 0.000000000000000000, 0.000000000000000000, -1.000000000000000000 ) ) ;
#626 = CARTESIAN_POINT ( 'NONE',  ( -8.788529603284633396, 74.34390786165347720, 74.56507861618020172 ) ) ;
#627 = EDGE_CURVE ( 'NONE', #778, #748, #776, .T. ) ;
#628 = CARTESIAN_POINT ( 'NONE',  ( -6.788529603284632508, 152.3090759417614777, 114.3291941495740218 ) ) ;
#629 = VERTEX_POINT ( 'NONE', #283 ) ;
#630 = EDGE_CURVE ( 'NONE', #198, #2830, #816, .T. ) ;
#631 = EDGE_CURVE ( 'NONE', #1763, #357, #730, .T. ) ;
#632 = FACE_OUTER_BOUND ( 'NONE', #1598, .T. ) ;
#633 = CARTESIAN_POINT ( 'NONE',  ( -8.788529603284633396, 146.6081054074559233, 66.07239895812648456 ) ) ;
#634 = ORIENTED_EDGE ( 'NONE', *, *, #2550, .F. ) ;
#635 = CARTESIAN_POINT ( 'NONE',  ( -10.78852960328463340, 111.8688076255531314, 384.5904987380682769 ) ) ;
#636 = ORIENTED_EDGE ( 'NONE', *, *, #2724, .F. ) ;
#637 = CARTESIAN_POINT ( 'NONE',  ( -6.788529603284633396, 148.3905240169370359, 152.1429731610229226 ) ) ;
#638 = APPLICATION_CONTEXT ( 'automotive_design' ) ;
#639 = EDGE_LOOP ( 'NONE', ( #1309, #2542, #2780, #2946 ) ) ;
#640 = CARTESIAN_POINT ( 'NONE',  ( -70.78852960328462984, 141.5584347898245881, 156.0890373847969101 ) ) ;
#641 =( NAMED_UNIT ( * ) PLANE_ANGLE_UNIT ( ) SI_UNIT ( $, .RADIAN. ) );
#642 = DIRECTION ( 'NONE',  ( 0.000000000000000000, 0.000000000000000000, -1.000000000000000000 ) ) ;
#643 = FACE_OUTER_BOUND ( 'NONE', #1911, .T. ) ;
#644 = ORIENTED_EDGE ( 'NONE', *, *, #1595, .F. ) ;
#645 = EDGE_LOOP ( 'NONE', ( #983, #943, #2816, #1376 ) ) ;
#646 = CARTESIAN_POINT ( 'NONE',  ( -70.78852960328462984, 78.55005808952117263, 68.26162717872141172 ) ) ;
#647 = EDGE_CURVE ( 'NONE', #1788, #556, #1656, .T. ) ;
#648 = EDGE_LOOP ( 'NONE', ( #2379, #174, #69, #2043, #617, #2198, #1937, #2556, #850, #1950, #2456, #426, #514, #2877, #2943, #1436, #502, #761, #2850, #242, #2289, #2019, #441, #886, #1307, #1047, #2595, #457, #356, #439, #1333, #273 ) ) ;
#649 = LINE ( 'NONE', #195, #126 ) ;
#650 = ORIENTED_EDGE ( 'NONE', *, *, #728, .T. ) ;
#651 = FACE_OUTER_BOUND ( 'NONE', #330, .T. ) ;
#652 = EDGE_CURVE ( 'NONE', #1415, #838, #2162, .T. ) ;
#653 = EDGE_LOOP ( 'NONE', ( #377, #381, #2587, #2667 ) ) ;
#654 = VECTOR ( 'NONE', #2972, 1000.000000000000227 ) ;
#655 = CARTESIAN_POINT ( 'NONE',  ( -8.788529603284633396, 126.9623622400146417, 61.90214970102342562 ) ) ;
#656 = CARTESIAN_POINT ( 'NONE',  ( -8.788529603284633396, 87.24833455364762358, 162.7379999083178745 ) ) ;
#657 = VECTOR ( 'NONE', #1084, 1000.000000000000000 ) ;
#658 = VECTOR ( 'NONE', #904, 1000.000000000000000 ) ;
#659 = CARTESIAN_POINT ( 'NONE',  ( -8.788529603284633396, 141.5581117127231039, 70.92190020000548145 ) ) ;
#660 = VECTOR ( 'NONE', #1230, 1000.000000000000227 ) ;
#661 = CIRCLE ( 'NONE', #2812, 6.999999999999992006 ) ;
#662 = DIRECTION ( 'NONE',  ( 1.000000000000000000, 0.000000000000000000, 0.000000000000000000 ) ) ;
#663 = VERTEX_POINT ( 'NONE', #1168 ) ;
#664 = CARTESIAN_POINT ( 'NONE',  ( -6.788529603284633396, 151.9432674413127984, 88.84515741522270105 ) ) ;
#665 = LINE ( 'NONE', #438, #223 ) ;
#666 = AXIS2_PLACEMENT_3D ( 'NONE', #1739, #2155, #1249 ) ;
#667 = AXIS2_PLACEMENT_3D ( 'NONE', #1996, #179, #2743 ) ;
#668 = ORIENTED_EDGE ( 'NONE', *, *, #406, .T. ) ;
#669 = EDGE_CURVE ( 'NONE', #1649, #1875, #264, .T. ) ;
#670 = FACE_OUTER_BOUND ( 'NONE', #1707, .T. ) ;
#671 = ORIENTED_EDGE ( 'NONE', *, *, #2554, .T. ) ;
#672 = CARTESIAN_POINT ( 'NONE',  ( -8.788529603284633396, 140.8723463296477121, 166.0654737538021948 ) ) ;
#673 = EDGE_CURVE ( 'NONE', #2283, #1592, #1516, .T. ) ;
#674 = ORIENTED_EDGE ( 'NONE', *, *, #2498, .F. ) ;
#675 = DIRECTION ( 'NONE',  ( 0.000000000000000000, 0.000000000000000000, 1.000000000000000000 ) ) ;
#676 = CARTESIAN_POINT ( 'NONE',  ( -70.78852960328462984, 152.9298351875889921, 127.4901718588423734 ) ) ;
#677 = FACE_OUTER_BOUND ( 'NONE', #343, .T. ) ;
#678 = CARTESIAN_POINT ( 'NONE',  ( -6.788529603284633396, 147.6466137665757401, 155.6084586094512758 ) ) ;
#679 = CYLINDRICAL_SURFACE ( 'NONE', #1532, 7.000000000000144773 ) ;
#680 = EDGE_LOOP ( 'NONE', ( #262, #1742, #2747, #348 ) ) ;
#681 = ORIENTED_EDGE ( 'NONE', *, *, #2860, .T. ) ;
#682 = CARTESIAN_POINT ( 'NONE',  ( -8.788529603284633396, 148.6520442482434987, 71.31938675007729955 ) ) ;
#683 = VERTEX_POINT ( 'NONE', #531 ) ;
#684 = CARTESIAN_POINT ( 'NONE',  ( -8.788529603284633396, 72.33875400660066646, 71.76882889963489731 ) ) ;
#685 = ORIENTED_EDGE ( 'NONE', *, *, #1506, .F. ) ;
#686 = DIRECTION ( 'NONE',  ( 0.000000000000000000, 0.000000000000000000, 1.000000000000000000 ) ) ;
#687 = ADVANCED_FACE ( 'NONE', ( #1776 ), #375, .T. ) ;
#688 = B_SPLINE_CURVE_WITH_KNOTS ( 'NONE', 2,
 ( #1746, #2660, #325 ),
 .UNSPECIFIED., .F., .F.,
 ( 3, 3 ),
 ( 0.4989215949451865084, 0.5010784046110073886 ),
 .UNSPECIFIED. ) ;
#689 = VERTEX_POINT ( 'NONE', #2882 ) ;
#690 = FACE_OUTER_BOUND ( 'NONE', #1396, .T. ) ;
#691 = DIRECTION ( 'NONE',  ( 0.000000000000000000, 0.000000000000000000, 1.000000000000000000 ) ) ;
#692 = DIRECTION ( 'NONE',  ( 0.000000000000000000, 0.000000000000000000, 1.000000000000000000 ) ) ;
#693 = ADVANCED_FACE ( 'NONE', ( #1494 ), #1078, .F. ) ;
#694 = EDGE_CURVE ( 'NONE', #797, #2291, #1257, .T. ) ;
#695 = PLANE ( 'NONE',  #1237 ) ;
#696 = DIRECTION ( 'NONE',  ( 0.000000000000000000, -0.9977779156875834499, -0.06662755410595107286 ) ) ;
#697 = ORIENTED_EDGE ( 'NONE', *, *, #2276, .F. ) ;
#698 = DIRECTION ( 'NONE',  ( 1.000000000000000000, 0.000000000000000000, 0.000000000000000000 ) ) ;
#699 = CARTESIAN_POINT ( 'NONE',  ( -8.788529603284631619, 153.3104512162808817, 113.5952919995022938 ) ) ;
#700 = ORIENTED_EDGE ( 'NONE', *, *, #1154, .F. ) ;
#701 = DIRECTION ( 'NONE',  ( -0.000000000000000000, -0.9976436369005328153, -0.06860884601768200974 ) ) ;
#702 = VERTEX_POINT ( 'NONE', #1990 ) ;
#703 = DIRECTION ( 'NONE',  ( -1.000000000000000000, -0.000000000000000000, -0.000000000000000000 ) ) ;
#704 = ORIENTED_EDGE ( 'NONE', *, *, #2759, .F. ) ;
#705 = CARTESIAN_POINT ( 'NONE',  ( -8.788529603284633396, 79.92790140000782628, 69.46833313838935453 ) ) ;
#706 = CARTESIAN_POINT ( 'NONE',  ( -8.788529603284633396, 97.00880636688192737, 64.92513930375204723 ) ) ;
#707 = VECTOR ( 'NONE', #87, 1000.000000000000227 ) ;
#708 = CARTESIAN_POINT ( 'NONE',  ( -6.788529603284634284, 151.1507010543299430, 92.51284946439095336 ) ) ;
#709 = EDGE_CURVE ( 'NONE', #2622, #2973, #960, .T. ) ;
#710 = CARTESIAN_POINT ( 'NONE',  ( -10.78852960328463340, 87.24833455364762358, 162.7379999083178745 ) ) ;
#711 = AXIS2_PLACEMENT_3D ( 'NONE', #538, #1986, #2904 ) ;
#712 = EDGE_LOOP ( 'NONE', ( #1114, #2549, #146, #2875 ) ) ;
#713 = VECTOR ( 'NONE', #2230, 1000.000000000000000 ) ;
#714 = DIRECTION ( 'NONE',  ( 0.000000000000000000, 0.000000000000000000, -1.000000000000000000 ) ) ;
#715 = CARTESIAN_POINT ( 'NONE',  ( -70.78852960328461563, 72.33907925633191383, 155.2426427992047309 ) ) ;
#716 = EDGE_CURVE ( 'NONE', #2809, #2074, #585, .T. ) ;
#717 = AXIS2_PLACEMENT_3D ( 'NONE', #2102, #2846, #494 ) ;
#718 = ORIENTED_EDGE ( 'NONE', *, *, #1883, .F. ) ;
#719 = CIRCLE ( 'NONE', #1690, 6.999999999999950262 ) ;
#720 = CARTESIAN_POINT ( 'NONE',  ( -8.788529603284633396, 79.92790140000782628, 69.46833313838935453 ) ) ;
#721 = CYLINDRICAL_SURFACE ( 'NONE', #326, 223.0000000000000853 ) ;
#722 = EDGE_LOOP ( 'NONE', ( #2495, #1331, #1469, #1373 ) ) ;
#723 = LINE ( 'NONE', #1650, #1144 ) ;
#724 = CYLINDRICAL_SURFACE ( 'NONE', #2130, 6.999999999999992006 ) ;
#725 = DIRECTION ( 'NONE',  ( -1.000000000000000000, -0.000000000000000000, -0.000000000000000000 ) ) ;
#726 = DIRECTION ( 'NONE',  ( 0.000000000000000000, -0.7071121459118476782, -0.7071014164205455810 ) ) ;
#727 = ORIENTED_EDGE ( 'NONE', *, *, #316, .F. ) ;
#728 = EDGE_CURVE ( 'NONE', #2156, #1136, #90, .T. ) ;
#729 = DIRECTION ( 'NONE',  ( -1.000000000000000000, -0.000000000000000000, -0.000000000000000000 ) ) ;
#730 = LINE ( 'NONE', #2337, #1684 ) ;
#731 = EDGE_CURVE ( 'NONE', #2579, #1085, #573, .T. ) ;
#732 = EDGE_CURVE ( 'NONE', #2074, #2304, #2912, .T. ) ;
#733 = EDGE_CURVE ( 'NONE', #335, #2145, #543, .T. ) ;
#734 = ORIENTED_EDGE ( 'NONE', *, *, #994, .T. ) ;
#735 = LINE ( 'NONE', #1658, #83 ) ;
#736 = DIRECTION ( 'NONE',  ( -1.000000000000000000, -0.000000000000000000, -0.000000000000000000 ) ) ;
#737 = EDGE_LOOP ( 'NONE', ( #1612, #1689, #1831, #1721 ) ) ;
#738 = CARTESIAN_POINT ( 'NONE',  ( -70.78852960328462984, 141.0781728677007720, 163.0725428431005923 ) ) ;
#739 = LINE ( 'NONE', #1908, #1642 ) ;
#740 = CARTESIAN_POINT ( 'NONE',  ( -8.788529603284633396, 81.41141280376652389, 62.82207159945092911 ) ) ;
#741 = DIRECTION ( 'NONE',  ( 0.000000000000000000, 0.7071014164205455810, -0.7071121459118476782 ) ) ;
#742 = ORIENTED_EDGE ( 'NONE', *, *, #1995, .T. ) ;
#743 = DIRECTION ( 'NONE',  ( 0.000000000000000000, 0.000000000000000000, -1.000000000000000000 ) ) ;
#744 = CARTESIAN_POINT ( 'NONE',  ( -8.788529603284633396, 111.8667509325086229, -157.5793358945792022 ) ) ;
#745 = ORIENTED_EDGE ( 'NONE', *, *, #2988, .F. ) ;
#746 = CARTESIAN_POINT ( 'NONE',  ( -10.78852960328463340, 151.7309120031469831, 85.26342517491579542 ) ) ;
#747 = DIRECTION ( 'NONE',  ( -1.000000000000000000, -0.000000000000000000, -0.000000000000000000 ) ) ;
#748 = VERTEX_POINT ( 'NONE', #1713 ) ;
#749 = LINE ( 'NONE', #1142, #1477 ) ;
#750 = ADVANCED_FACE ( 'NONE', ( #2426 ), #1238, .T. ) ;
#751 = DIRECTION ( 'NONE',  ( 1.000000000000000000, 0.000000000000000000, 0.000000000000000000 ) ) ;
#752 = CARTESIAN_POINT ( 'NONE',  ( -8.788529603284633396, 97.20908031448945508, 165.0794685023070372 ) ) ;
#753 = DIRECTION ( 'NONE',  ( 0.000000000000000000, 0.8435764274703242416, 0.5370091349468878450 ) ) ;
#754 = VERTEX_POINT ( 'NONE', #2682 ) ;
#755 = VECTOR ( 'NONE', #2697, 1000.000000000000000 ) ;
#756 = CARTESIAN_POINT ( 'NONE',  ( -10.78852960328463340, 87.24833455364762358, 162.7379999083178745 ) ) ;
#757 = DIRECTION ( 'NONE',  ( -0.000000000000000000, -0.9977774101625509484, 0.06663512414119497629 ) ) ;
#758 = CIRCLE ( 'NONE', #1574, 10.00000000000000178 ) ;
#759 = CIRCLE ( 'NONE', #1974, 6.000000000000005329 ) ;
#760 = AXIS2_PLACEMENT_3D ( 'NONE', #2148, #1167, #1450 ) ;
#761 = ORIENTED_EDGE ( 'NONE', *, *, #1224, .F. ) ;
#762 = CARTESIAN_POINT ( 'NONE',  ( -70.78852960328462984, 97.20908031448945508, 165.0794685023070372 ) ) ;
#763 = AXIS2_PLACEMENT_3D ( 'NONE', #2934, #2296, #2526 ) ;
#764 = VECTOR ( 'NONE', #1751, 1000.000000000000000 ) ;
#765 = CARTESIAN_POINT ( 'NONE',  ( -8.788529603284633396, 76.17700555088902092, 66.42289425025036564 ) ) ;
#766 = VECTOR ( 'NONE', #1192, 1000.000000000000000 ) ;
#767 = ORIENTED_EDGE ( 'NONE', *, *, #351, .F. ) ;
#768 = DIRECTION ( 'NONE',  ( -1.000000000000000000, -0.000000000000000000, -0.000000000000000000 ) ) ;
#769 = LINE ( 'NONE', #1987, #1388 ) ;
#770 = AXIS2_PLACEMENT_3D ( 'NONE', #1113, #442, #2733 ) ;
#771 = ADVANCED_FACE ( 'NONE', ( #1510 ), #1033, .F. ) ;
#772 = EDGE_CURVE ( 'NONE', #920, #1415, #518, .T. ) ;
#773 = PLANE ( 'NONE',  #166 ) ;
#774 = LINE ( 'NONE', #2362, #859 ) ;
#775 = B_SPLINE_SURFACE_WITH_KNOTS ( 'NONE', 3, 1, ( 
 ( #2030, #1581 ),
 ( #1098, #2046 ),
 ( #1771, #637 ),
 ( #874, #858 ),
 ( #427, #1552 ),
 ( #887, #1832 ),
 ( #1087, #2013 ),
 ( #2994, #1349 ),
 ( #2274, #2290 ),
 ( #1126, #2490 ),
 ( #210, #2949 ),
 ( #2061, #1565 ),
 ( #1322, #2502 ),
 ( #2001, #2767 ),
 ( #1362, #2939 ),
 ( #2305, #183 ),
 ( #407, #845 ) ),
 .UNSPECIFIED., .F., .F., .F.,
 ( 4, 2, 1, 2, 2, 2, 1, 1, 2, 4 ),
 ( 2, 2 ),
 ( 0.000000000000000000, 0.06249999999999952816, 0.1249999999999990563, 0.2499999999999991118, 0.4999999999999991118, 0.6249999999999991118, 0.7499999999999992228, 0.8749999999999992228, 0.9374999999999995559, 1.000000000000000000 ),
 ( 0.000000000000000000, 1.000000000000000000 ),
 .UNSPECIFIED. ) ;
#776 = LINE ( 'NONE', #2383, #1733 ) ;
#777 = ORIENTED_EDGE ( 'NONE', *, *, #1674, .F. ) ;
#778 = VERTEX_POINT ( 'NONE', #2646 ) ;
#779 = FACE_OUTER_BOUND ( 'NONE', #875, .T. ) ;
#780 = CARTESIAN_POINT ( 'NONE',  ( -8.788529603284633396, 78.63294074932888122, 158.8651309012557249 ) ) ;
#781 = DIRECTION ( 'NONE',  ( 0.000000000000000000, 0.000000000000000000, -1.000000000000000000 ) ) ;
#782 = ORIENTED_EDGE ( 'NONE', *, *, #2988, .T. ) ;
#783 = CARTESIAN_POINT ( 'NONE',  ( -8.788529603284633396, 111.8688076255531314, 384.5904987380682769 ) ) ;
#784 = ORIENTED_EDGE ( 'NONE', *, *, #1561, .T. ) ;
#785 = DIRECTION ( 'NONE',  ( 0.000000000000000000, 0.7071014164207413133, -0.7071121459116519459 ) ) ;
#786 = DIRECTION ( 'NONE',  ( -1.000000000000000000, -0.000000000000000000, -0.000000000000000000 ) ) ;
#787 = LINE ( 'NONE', #2234, #2867 ) ;
#788 = EDGE_CURVE ( 'NONE', #298, #748, #2613, .T. ) ;
#789 = ADVANCED_BREP_SHAPE_REPRESENTATION ( 'MiddleHeadCover', ( #2335, #2299, #667 ), #1693 ) ;
#790 = DIRECTION ( 'NONE',  ( 0.000000000000000000, 0.06662755410595126715, -0.9977779156875835609 ) ) ;
#791 = EDGE_LOOP ( 'NONE', ( #968, #1039, #529, #443 ) ) ;
#792 = ORIENTED_EDGE ( 'NONE', *, *, #43, .T. ) ;
#793 = CARTESIAN_POINT ( 'NONE',  ( -10.78852960328463340, 151.2219915394815644, 92.28381171295797003 ) ) ;
#794 = CARTESIAN_POINT ( 'NONE',  ( -10.78852960328463340, 148.6523643092002942, 155.6914970079084526 ) ) ;
#795 = CARTESIAN_POINT ( 'NONE',  ( -8.788529603284633396, 127.1685802874970079, 162.1159677092494462 ) ) ;
#796 = B_SPLINE_SURFACE_WITH_KNOTS ( 'NONE', 3, 1, ( 
 ( #1447, #2393 ),
 ( #1300, #1509 ),
 ( #113, #801 ),
 ( #612, #353 ),
 ( #129, #1522 ),
 ( #1282, #2941 ),
 ( #327, #2216 ),
 ( #1256, #101 ),
 ( #2191, #1031 ),
 ( #1236, #2693 ) ),
 .UNSPECIFIED., .F., .F., .F.,
 ( 4, 1, 2, 2, 1, 4 ),
 ( 2, 2 ),
 ( 0.000000000000000000, 0.4999999999999986677, 0.7499999999999980016, 0.8124999999999984457, 0.8749999999999990008, 1.000000000000000000 ),
 ( 0.000000000000000000, 1.000000000000000000 ),
 .UNSPECIFIED. ) ;
#797 = VERTEX_POINT ( 'NONE', #132 ) ;
#798 = LINE ( 'NONE', #1722, #2807 ) ;
#799 = DIRECTION ( 'NONE',  ( -1.000000000000000000, -0.000000000000000000, -0.000000000000000000 ) ) ;
#800 = DIRECTION ( 'NONE',  ( -1.000000000000000000, -0.000000000000000000, -0.000000000000000000 ) ) ;
#801 = CARTESIAN_POINT ( 'NONE',  ( -6.788529603284633396, 154.0856182918941499, 106.2906200821180107 ) ) ;
#802 = EDGE_CURVE ( 'NONE', #1357, #424, #2714, .T. ) ;
#803 = EDGE_CURVE ( 'NONE', #2370, #1511, #822, .T. ) ;
#804 = CARTESIAN_POINT ( 'NONE',  ( -6.788529603284633396, 141.6586802556908822, 155.9887903978152224 ) ) ;
#805 = ORIENTED_EDGE ( 'NONE', *, *, #1712, .F. ) ;
#806 = AXIS2_PLACEMENT_3D ( 'NONE', #410, #1115, #889 ) ;
#807 = EDGE_CURVE ( 'NONE', #1204, #591, #2454, .T. ) ;
#808 = ORIENTED_EDGE ( 'NONE', *, *, #788, .F. ) ;
#809 = CARTESIAN_POINT ( 'NONE',  ( -8.788529603284633396, 97.20868902919968946, 61.93180555668925535 ) ) ;
#810 = DIRECTION ( 'NONE',  ( 0.000000000000000000, -0.9976431163436478844, 0.06861641503411926302 ) ) ;
#811 = CARTESIAN_POINT ( 'NONE',  ( -70.78852960328462984, 72.33875400660066646, 71.76882889963489731 ) ) ;
#812 = AXIS2_PLACEMENT_3D ( 'NONE', #1095, #181, #899 ) ;
#813 = VECTOR ( 'NONE', #389, 1000.000000000000000 ) ;
#814 = VERTEX_POINT ( 'NONE', #599 ) ;
#815 = VECTOR ( 'NONE', #547, 1000.000000000000000 ) ;
#816 = CIRCLE ( 'NONE', #1786, 6.999999999999992006 ) ;
#817 = CARTESIAN_POINT ( 'NONE',  ( -70.78852960328462984, 141.5581117127231039, 70.92190020000548145 ) ) ;
#818 = DIRECTION ( 'NONE',  ( -1.000000000000000000, -0.000000000000000000, -0.000000000000000000 ) ) ;
#819 = VECTOR ( 'NONE', #1398, 1000.000000000000000 ) ;
#820 = CARTESIAN_POINT ( 'NONE',  ( -6.788529603284633396, 141.0781728677007720, 163.0725428431005923 ) ) ;
#821 = CIRCLE ( 'NONE', #666, 5.999999999999977796 ) ;
#822 = LINE ( 'NONE', #2440, #2177 ) ;
#823 = ADVANCED_FACE ( 'NONE', ( #1476 ), #2525, .T. ) ;
#824 = ORIENTED_EDGE ( 'NONE', *, *, #2254, .T. ) ;
#825 = ORIENTED_EDGE ( 'NONE', *, *, #971, .F. ) ;
#826 = DIRECTION ( 'NONE',  ( -1.000000000000000000, -0.000000000000000000, -0.000000000000000000 ) ) ;
#827 = CARTESIAN_POINT ( 'NONE',  ( -10.78852960328463340, 127.2371891335147041, 161.1183240723489121 ) ) ;
#828 = ADVANCED_FACE ( 'NONE', ( #414 ), #878, .T. ) ;
#829 = CARTESIAN_POINT ( 'NONE',  ( -8.788529603284633396, 148.7298017148081897, 163.0598045620218386 ) ) ;
#830 = VERTEX_POINT ( 'NONE', #1325 ) ;
#831 = DIRECTION ( 'NONE',  ( 0.000000000000000000, -0.9976431163436479954, 0.06861641503411743115 ) ) ;
#832 = DIRECTION ( 'NONE',  ( -1.000000000000000000, -0.000000000000000000, -0.000000000000000000 ) ) ;
#833 = DIRECTION ( 'NONE',  ( 0.000000000000000000, 0.7071067811869881092, 0.7071067811861071473 ) ) ;
#834 = DIRECTION ( 'NONE',  ( 0.000000000000000000, 0.000000000000000000, -1.000000000000000000 ) ) ;
#835 = DIRECTION ( 'NONE',  ( -1.000000000000000000, -0.000000000000000000, -0.000000000000000000 ) ) ;
#836 = EDGE_LOOP ( 'NONE', ( #2534, #2186, #1992, #2231 ) ) ;
#837 = EDGE_CURVE ( 'NONE', #591, #3020, #758, .T. ) ;
#838 = VERTEX_POINT ( 'NONE', #1543 ) ;
#839 = CARTESIAN_POINT ( 'NONE',  ( -70.78852960328462984, 148.6291795245886078, 63.85083238814000595 ) ) ;
#840 = CARTESIAN_POINT ( 'NONE',  ( -6.788529603284633396, 97.00880636688202685, 64.92513930375204723 ) ) ;
#841 = VERTEX_POINT ( 'NONE', #2017 ) ;
#842 = EDGE_CURVE ( 'NONE', #138, #1421, #2493, .T. ) ;
#843 = DIRECTION ( 'NONE',  ( 0.000000000000000000, 0.8435723532114173251, -0.5370155350614652656 ) ) ;
#844 = EDGE_LOOP ( 'NONE', ( #1501, #97, #1303, #2314 ) ) ;
#845 = CARTESIAN_POINT ( 'NONE',  ( -6.788529603284633396, 147.6462943358793609, 71.40243277741603833 ) ) ;
#846 = EDGE_CURVE ( 'NONE', #357, #838, #1630, .T. ) ;
#847 = DIRECTION ( 'NONE',  ( -1.000000000000000000, -0.000000000000000000, -0.000000000000000000 ) ) ;
#848 = CARTESIAN_POINT ( 'NONE',  ( -10.78852960328463340, 141.6583579391500223, 71.02214642643238562 ) ) ;
#849 = DIRECTION ( 'NONE',  ( 0.000000000000000000, 0.000000000000000000, 1.000000000000000000 ) ) ;
#850 = ORIENTED_EDGE ( 'NONE', *, *, #595, .F. ) ;
#851 = ORIENTED_EDGE ( 'NONE', *, *, #428, .F. ) ;
#852 = CARTESIAN_POINT ( 'NONE',  ( -10.78852960328463340, 152.3092049364544778, 109.9003563757339776 ) ) ;
#853 = VECTOR ( 'NONE', #786, 1000.000000000000000 ) ;
#854 = ORIENTED_EDGE ( 'NONE', *, *, #1557, .F. ) ;
#855 = LINE ( 'NONE', #2059, #2024 ) ;
#856 = VECTOR ( 'NONE', #523, 1000.000000000000000 ) ;
#857 = VERTEX_POINT ( 'NONE', #1341 ) ;
#858 = CARTESIAN_POINT ( 'NONE',  ( -6.788529603284633396, 149.0655129466282176, 148.6660819240966305 ) ) ;
#859 = VECTOR ( 'NONE', #235, 1000.000000000000000 ) ;
#860 = DIRECTION ( 'NONE',  ( 1.000000000000000000, 0.000000000000000000, 0.000000000000000000 ) ) ;
#861 = CARTESIAN_POINT ( 'NONE',  ( -70.78852960328462984, 127.1685802874970079, 162.1159677092494462 ) ) ;
#862 = EDGE_CURVE ( 'NONE', #1204, #629, #3018, .T. ) ;
#863 = PRESENTATION_LAYER_ASSIGNMENT (  '', '', ( #2176 ) ) ;
#864 = VECTOR ( 'NONE', #555, 1000.000000000000114 ) ;
#865 = EDGE_CURVE ( 'NONE', #124, #2062, #952, .T. ) ;
#866 = VECTOR ( 'NONE', #2926, 1000.000000000000000 ) ;
#867 = CARTESIAN_POINT ( 'NONE',  ( -6.788529603284635172, 148.8971110917492808, 149.5335390207893340 ) ) ;
#868 = ORIENTED_EDGE ( 'NONE', *, *, #2516, .T. ) ;
#869 = CARTESIAN_POINT ( 'NONE',  ( -8.788529603284633396, 97.00880636688192737, 64.92513930375204723 ) ) ;
#870 = LINE ( 'NONE', #2513, #1101 ) ;
#871 = ORIENTED_EDGE ( 'NONE', *, *, #368, .T. ) ;
#872 = CARTESIAN_POINT ( 'NONE',  ( -8.788529603284633396, 127.1682114851169842, 64.89507905005440591 ) ) ;
#873 = EDGE_LOOP ( 'NONE', ( #268, #697, #1464, #1327 ) ) ;
#874 = CARTESIAN_POINT ( 'NONE',  ( -10.78852960328463340, 149.0655129466282176, 148.6660819240966305 ) ) ;
#875 = EDGE_LOOP ( 'NONE', ( #1351, #2931, #1770, #2527 ) ) ;
#876 = DIRECTION ( 'NONE',  ( -1.000000000000000000, -0.000000000000000000, -0.000000000000000000 ) ) ;
#877 = CARTESIAN_POINT ( 'NONE',  ( -8.788529603284633396, 140.8723463296477121, 166.0654737538021948 ) ) ;
#878 = PLANE ( 'NONE',  #1777 ) ;
#879 = EDGE_CURVE ( 'NONE', #2244, #182, #434, .T. ) ;
#880 = ORIENTED_EDGE ( 'NONE', *, *, #1558, .T. ) ;
#881 = CARTESIAN_POINT ( 'NONE',  ( -10.78852960328463340, 141.5581117127231039, 64.92190020000548145 ) ) ;
#882 = CARTESIAN_POINT ( 'NONE',  ( -8.788529603284635172, 153.2910342098622323, 116.4612771507982956 ) ) ;
#883 = EDGE_CURVE ( 'NONE', #1497, #2287, #2248, .T. ) ;
#884 = VERTEX_POINT ( 'NONE', #2709 ) ;
#885 = DIRECTION ( 'NONE',  ( 1.000000000000000000, 0.000000000000000000, 0.000000000000000000 ) ) ;
#886 = ORIENTED_EDGE ( 'NONE', *, *, #408, .F. ) ;
#887 = CARTESIAN_POINT ( 'NONE',  ( -10.78852960328463340, 150.7412758754041135, 138.1776184708321580 ) ) ;
#888 = ORIENTED_EDGE ( 'NONE', *, *, #8, .T. ) ;
#889 = DIRECTION ( 'NONE',  ( 0.000000000000000000, 0.000000000000000000, 1.000000000000000000 ) ) ;
#890 = DIRECTION ( 'NONE',  ( 0.000000000000000000, 0.000000000000000000, 1.000000000000000000 ) ) ;
#891 = CARTESIAN_POINT ( 'NONE',  ( -6.788529603284633396, 150.3652290278948840, 140.7929757235334307 ) ) ;
#892 = CARTESIAN_POINT ( 'NONE',  ( -8.788529603284633396, 111.8688076255531314, 384.5904987380682769 ) ) ;
#893 = VERTEX_POINT ( 'NONE', #1355 ) ;
#894 = ORIENTED_EDGE ( 'NONE', *, *, #485, .F. ) ;
#895 = DIRECTION ( 'NONE',  ( 1.000000000000000000, 0.000000000000000000, 0.000000000000000000 ) ) ;
#896 = EDGE_CURVE ( 'NONE', #1035, #1933, #2330, .T. ) ;
#897 = ADVANCED_FACE ( 'NONE', ( #277 ), #1882, .F. ) ;
#898 = VERTEX_POINT ( 'NONE', #1637 ) ;
#899 = DIRECTION ( 'NONE',  ( 0.000000000000000000, 0.000000000000000000, -1.000000000000000000 ) ) ;
#900 = ORIENTED_EDGE ( 'NONE', *, *, #1544, .T. ) ;
#901 = DIRECTION ( 'NONE',  ( 1.000000000000000000, 0.000000000000000000, 0.000000000000000000 ) ) ;
#902 = VERTEX_POINT ( 'NONE', #740 ) ;
#903 = VECTOR ( 'NONE', #1117, 1000.000000000000000 ) ;
#904 = DIRECTION ( 'NONE',  ( 1.000000000000000000, 0.000000000000000000, 0.000000000000000000 ) ) ;
#905 = CARTESIAN_POINT ( 'NONE',  ( -10.78852960328463340, 147.6466137665757401, 155.6084586094512758 ) ) ;
#906 = VECTOR ( 'NONE', #2011, 1000.000000000000000 ) ;
#907 = VECTOR ( 'NONE', #2443, 1000.000000000000000 ) ;
#908 = CARTESIAN_POINT ( 'NONE',  ( -6.788529603284632508, 150.7705725180396428, 137.7234995392537940 ) ) ;
#909 = VECTOR ( 'NONE', #1289, 999.9999999999998863 ) ;
#910 = AXIS2_PLACEMENT_3D ( 'NONE', #2218, #1523, #1762 ) ;
#911 = PLANE ( 'NONE',  #2374 ) ;
#912 = ORIENTED_EDGE ( 'NONE', *, *, #63, .T. ) ;
#913 = AXIS2_PLACEMENT_3D ( 'NONE', #1606, #2247, #446 ) ;
#914 = CARTESIAN_POINT ( 'NONE',  ( -6.788529603284633396, 153.3039812567836293, 111.8432132429311281 ) ) ;
#915 = DIRECTION ( 'NONE',  ( 0.000000000000000000, 0.000000000000000000, -1.000000000000000000 ) ) ;
#916 = VECTOR ( 'NONE', #1296, 1000.000000000000000 ) ;
#917 = AXIS2_PLACEMENT_3D ( 'NONE', #1720, #2652, #2922 ) ;
#918 = ORIENTED_EDGE ( 'NONE', *, *, #1641, .F. ) ;
#919 = DIRECTION ( 'NONE',  ( -1.000000000000000000, -0.000000000000000000, -0.000000000000000000 ) ) ;
#920 = VERTEX_POINT ( 'NONE', #2788 ) ;
#921 = DIRECTION ( 'NONE',  ( -1.000000000000000000, -0.000000000000000000, -0.000000000000000000 ) ) ;
#922 = ADVANCED_FACE ( 'NONE', ( #245 ), #695, .F. ) ;
#923 = ORIENTED_EDGE ( 'NONE', *, *, #1697, .T. ) ;
#924 = FACE_OUTER_BOUND ( 'NONE', #152, .T. ) ;
#925 = CARTESIAN_POINT ( 'NONE',  ( -8.788529603284633396, 74.34427841265440406, 152.4464197340858505 ) ) ;
#926 = CARTESIAN_POINT ( 'NONE',  ( -70.78852960328462984, 86.78156815438114791, 71.25779513156508926 ) ) ;
#927 = DIRECTION ( 'NONE',  ( 0.000000000000000000, 0.06860884601768214852, -0.9976436369005327043 ) ) ;
#928 = EDGE_LOOP ( 'NONE', ( #1842, #2944, #388, #912 ) ) ;
#929 = DIRECTION ( 'NONE',  ( -1.000000000000000000, -0.000000000000000000, -0.000000000000000000 ) ) ;
#930 = FACE_OUTER_BOUND ( 'NONE', #1585, .T. ) ;
#931 = ORIENTED_EDGE ( 'NONE', *, *, #2768, .T. ) ;
#932 = CARTESIAN_POINT ( 'NONE',  ( -70.78852960328462984, 77.12351848479541161, 156.7635998656093648 ) ) ;
#933 = ORIENTED_EDGE ( 'NONE', *, *, #1672, .F. ) ;
#934 = LINE ( 'NONE', #1420, #2331 ) ;
#935 = EDGE_CURVE ( 'NONE', #2249, #1953, #2181, .T. ) ;
#936 = ORIENTED_EDGE ( 'NONE', *, *, #1538, .F. ) ;
#937 = DIRECTION ( 'NONE',  ( 0.000000000000000000, 0.9976431163436479954, -0.06861641503411743115 ) ) ;
#938 = FACE_OUTER_BOUND ( 'NONE', #418, .T. ) ;
#939 = CARTESIAN_POINT ( 'NONE',  ( -8.788529603284633396, 87.44784369544065328, 61.28001597468927031 ) ) ;
#940 = EDGE_CURVE ( 'NONE', #1034, #2207, #2553, .T. ) ;
#941 = CARTESIAN_POINT ( 'NONE',  ( -6.788529603284632508, 148.7370836994143133, 76.65450054833344495 ) ) ;
#942 = LINE ( 'NONE', #710, #324 ) ;
#943 = ORIENTED_EDGE ( 'NONE', *, *, #2254, .F. ) ;
#944 = DIRECTION ( 'NONE',  ( 1.000000000000000000, 0.000000000000000000, 0.000000000000000000 ) ) ;
#945 = CARTESIAN_POINT ( 'NONE',  ( -70.78852960328462984, 151.9527798341965479, 136.3476453026459296 ) ) ;
#946 = ORIENTED_EDGE ( 'NONE', *, *, #202, .T. ) ;
#947 = DIRECTION ( 'NONE',  ( -1.000000000000000000, -0.000000000000000000, -0.000000000000000000 ) ) ;
#948 = CARTESIAN_POINT ( 'NONE',  ( -8.788529603284633396, 127.1685802874970079, 162.1159677092494462 ) ) ;
#949 = ORIENTED_EDGE ( 'NONE', *, *, #1353, .T. ) ;
#950 = DIRECTION ( 'NONE',  ( -1.000000000000000000, -0.000000000000000000, -0.000000000000000000 ) ) ;
#951 = LINE ( 'NONE', #275, #1589 ) ;
#952 = CIRCLE ( 'NONE', #1093, 6.000000000000005329 ) ;
#953 = CARTESIAN_POINT ( 'NONE',  ( -6.788529603284633396, 148.7689219316818594, 76.81907513647495023 ) ) ;
#954 = EDGE_CURVE ( 'NONE', #2012, #2623, #2952, .T. ) ;
#955 = DIRECTION ( 'NONE',  ( 0.000000000000000000, 0.000000000000000000, 1.000000000000000000 ) ) ;
#956 = VECTOR ( 'NONE', #68, 1000.000000000000227 ) ;
#957 = VERTEX_POINT ( 'NONE', #234 ) ;
#958 = EDGE_CURVE ( 'NONE', #2883, #1094, #1164, .T. ) ;
#959 = VECTOR ( 'NONE', #2154, 1000.000000000000000 ) ;
#960 = CIRCLE ( 'NONE', #2070, 6.999999999999992006 ) ;
#961 = CARTESIAN_POINT ( 'NONE',  ( -6.788529603284634284, 151.7672885503648388, 141.5836524528266978 ) ) ;
#962 = DIRECTION ( 'NONE',  ( 0.000000000000000000, 0.9976436369005328153, 0.06860884601768214852 ) ) ;
#963 = VECTOR ( 'NONE', #753, 1000.000000000000114 ) ;
#964 = VERTEX_POINT ( 'NONE', #260 ) ;
#965 = AXIS2_PLACEMENT_3D ( 'NONE', #2840, #747, #2079 ) ;
#966 = CARTESIAN_POINT ( 'NONE',  ( -8.788529603284633396, 74.34390786165347720, 74.56507861618020172 ) ) ;
#967 = DIRECTION ( 'NONE',  ( 0.000000000000000000, -0.9976431163436478844, 0.06861641503411926302 ) ) ;
#968 = ORIENTED_EDGE ( 'NONE', *, *, #2470, .T. ) ;
#969 = FACE_OUTER_BOUND ( 'NONE', #2732, .T. ) ;
#970 = FACE_OUTER_BOUND ( 'NONE', #1229, .T. ) ;
#971 = EDGE_CURVE ( 'NONE', #1034, #2916, #480, .T. ) ;
#972 = CARTESIAN_POINT ( 'NONE',  ( -6.788529603284634284, 151.2931514903666539, 93.83702814948266280 ) ) ;
#973 = LINE ( 'NONE', #1679, #613 ) ;
#974 = VERTEX_POINT ( 'NONE', #1176 ) ;
#975 = EDGE_CURVE ( 'NONE', #2569, #2899, #75, .T. ) ;
#976 = EDGE_CURVE ( 'NONE', #394, #2249, #24, .T. ) ;
#977 = CARTESIAN_POINT ( 'NONE',  ( -70.78852960328462984, 86.78188868465922212, 155.7535580371800279 ) ) ;
#978 = CARTESIAN_POINT ( 'NONE',  ( -8.788529603284633396, 151.7324134854724207, 138.1213361732967257 ) ) ;
#979 = EDGE_CURVE ( 'NONE', #3020, #2993, #44, .T. ) ;
#980 = EDGE_LOOP ( 'NONE', ( #3015, #2427, #2519, #2229 ) ) ;
#981 = DIRECTION ( 'NONE',  ( 0.000000000000000000, 0.000000000000000000, -1.000000000000000000 ) ) ;
#982 = FACE_OUTER_BOUND ( 'NONE', #1287, .T. ) ;
#983 = ORIENTED_EDGE ( 'NONE', *, *, #2214, .T. ) ;
#984 = CARTESIAN_POINT ( 'NONE',  ( -8.788529603284633396, 69.37240904636831829, 149.8967431383482278 ) ) ;
#985 = LINE ( 'NONE', #2844, #2618 ) ;
#986 = CARTESIAN_POINT ( 'NONE',  ( -6.788529603284633396, 152.3104768268117084, 113.8860929706905836 ) ) ;
#987 = CARTESIAN_POINT ( 'NONE',  ( -70.78852960328462984, 97.00917494206585445, 162.0861362718193561 ) ) ;
#988 = ORIENTED_EDGE ( 'NONE', *, *, #2594, .F. ) ;
#989 = LINE ( 'NONE', #2135, #2958 ) ;
#990 = CARTESIAN_POINT ( 'NONE',  ( -70.78852960328462984, 69.37240904636831829, 149.8967431383482278 ) ) ;
#991 = VERTEX_POINT ( 'NONE', #128 ) ;
#992 = VERTEX_POINT ( 'NONE', #998 ) ;
#993 = LINE ( 'NONE', #762, #660 ) ;
#994 = EDGE_CURVE ( 'NONE', #2993, #2283, #2703, .T. ) ;
#995 = VERTEX_POINT ( 'NONE', #1042 ) ;
#996 = DIRECTION ( 'NONE',  ( -1.000000000000000000, -0.000000000000000000, -0.000000000000000000 ) ) ;
#997 = CARTESIAN_POINT ( 'NONE',  ( -8.788529603284633396, 83.02245940895092247, 65.35278865908517787 ) ) ;
#998 = CARTESIAN_POINT ( 'NONE',  ( -6.788529603284633396, 148.6520442482435271, 71.31938675007729955 ) ) ;
#999 = PLANE ( 'NONE',  #1638 ) ;
#1000 = AXIS2_PLACEMENT_3D ( 'NONE', #2737, #189, #642 ) ;
#1001 = CARTESIAN_POINT ( 'NONE',  ( -8.788529603284633396, 148.6520442482435556, 71.31938675007729955 ) ) ;
#1002 = VECTOR ( 'NONE', #843, 1000.000000000000000 ) ;
#1003 = EDGE_LOOP ( 'NONE', ( #1448, #2273, #1845, #2353 ) ) ;
#1004 = AXIS2_PLACEMENT_3D ( 'NONE', #1869, #698, #1432 ) ;
#1005 = VERTEX_POINT ( 'NONE', #820 ) ;
#1006 = LINE ( 'NONE', #1244, #658 ) ;
#1007 = CARTESIAN_POINT ( 'NONE',  ( -70.78852960328462984, 86.78156815438114791, 71.25779513156508926 ) ) ;
#1008 = MECHANICAL_DESIGN_GEOMETRIC_PRESENTATION_REPRESENTATION (  '', ( #2176 ), #1983 ) ;
#1009 = AXIS2_PLACEMENT_3D ( 'NONE', #1050, #1547, #1736 ) ;
#1010 = CARTESIAN_POINT ( 'NONE',  ( -10.78852960328463340, 145.9009986262693985, 66.77950573931300937 ) ) ;
#1011 = EDGE_CURVE ( 'NONE', #231, #1817, #1018, .T. ) ;
#1012 = AXIS2_PLACEMENT_3D ( 'NONE', #2420, #1744, #2679 ) ;
#1013 = VERTEX_POINT ( 'NONE', #597 ) ;
#1014 = EDGE_CURVE ( 'NONE', #2835, #453, #2072, .T. ) ;
#1015 = CARTESIAN_POINT ( 'NONE',  ( -8.788529603284633396, 111.8667509325086229, -157.5793358945792022 ) ) ;
#1016 = PLANE ( 'NONE',  #1886 ) ;
#1017 = AXIS2_PLACEMENT_3D ( 'NONE', #1379, #233, #1163 ) ;
#1018 = LINE ( 'NONE', #2927, #2559 ) ;
#1019 = CARTESIAN_POINT ( 'NONE',  ( -6.788529603284633396, 87.24833455364762358, 162.7379999083178745 ) ) ;
#1020 = DIRECTION ( 'NONE',  ( 0.000000000000000000, 0.000000000000000000, -1.000000000000000000 ) ) ;
#1021 = ORIENTED_EDGE ( 'NONE', *, *, #2035, .T. ) ;
#1022 = VERTEX_POINT ( 'NONE', #1492 ) ;
#1023 = CARTESIAN_POINT ( 'NONE',  ( -8.788529603284633396, 146.6081054074559233, 66.07239895812648456 ) ) ;
#1024 = DIRECTION ( 'NONE',  ( 0.000000000000000000, 0.000000000000000000, -1.000000000000000000 ) ) ;
#1025 = DIRECTION ( 'NONE',  ( -1.000000000000000000, -0.000000000000000000, -0.000000000000000000 ) ) ;
#1026 = ORIENTED_EDGE ( 'NONE', *, *, #49, .T. ) ;
#1027 = CARTESIAN_POINT ( 'NONE',  ( -6.788529603284633396, 141.5581117127231039, 70.92190020000548145 ) ) ;
#1028 = ORIENTED_EDGE ( 'NONE', *, *, #2539, .T. ) ;
#1029 = CARTESIAN_POINT ( 'NONE',  ( -10.78852960328463340, 145.8011076652951203, 160.3316458833206752 ) ) ;
#1030 = CARTESIAN_POINT ( 'NONE',  ( -8.788529603284633396, 86.78188868465922212, 162.7535580371800279 ) ) ;
#1031 = CARTESIAN_POINT ( 'NONE',  ( -6.788529603284633396, 149.4224006056927863, 152.2039154387895792 ) ) ;
#1032 = EDGE_CURVE ( 'NONE', #2062, #1022, #1298, .T. ) ;
#1033 = CYLINDRICAL_SURFACE ( 'NONE', #910, 6.000000000000005329 ) ;
#1034 = VERTEX_POINT ( 'NONE', #1460 ) ;
#1035 = VERTEX_POINT ( 'NONE', #2406 ) ;
#1036 = PLANE ( 'NONE',  #1584 ) ;
#1037 = CARTESIAN_POINT ( 'NONE',  ( -10.78852960328463340, 148.6520442482435271, 71.31938675007729955 ) ) ;
#1038 = DIRECTION ( 'NONE',  ( 0.000000000000000000, -0.7071067811871348807, -0.7071067811859602648 ) ) ;
#1039 = ORIENTED_EDGE ( 'NONE', *, *, #2167, .F. ) ;
#1040 = CARTESIAN_POINT ( 'NONE',  ( -8.788529603284633396, 74.34390786165347720, 74.56507861618020172 ) ) ;
#1041 = LINE ( 'NONE', #594, #916 ) ;
#1042 = CARTESIAN_POINT ( 'NONE',  ( -10.78852960328463340, 96.94217881277607773, 65.92291721943962557 ) ) ;
#1043 = FACE_OUTER_BOUND ( 'NONE', #2770, .T. ) ;
#1044 = EDGE_CURVE ( 'NONE', #964, #2757, #1281, .T. ) ;
#1045 = DIRECTION ( 'NONE',  ( 1.000000000000000000, 0.000000000000000000, 0.000000000000000000 ) ) ;
#1046 = EDGE_CURVE ( 'NONE', #754, #992, #1060, .T. ) ;
#1047 = ORIENTED_EDGE ( 'NONE', *, *, #2096, .F. ) ;
#1048 = AXIS2_PLACEMENT_3D ( 'NONE', #640, #1567, #199 ) ;
#1049 = ORIENTED_EDGE ( 'NONE', *, *, #709, .T. ) ;
#1050 = CARTESIAN_POINT ( 'NONE',  ( -6.788529603284633396, 111.8688076255531314, 384.5904987380682769 ) ) ;
#1051 = CARTESIAN_POINT ( 'NONE',  ( -8.788529603284633396, 160.9621749614558439, 113.5053955802646186 ) ) ;
#1052 = CARTESIAN_POINT ( 'NONE',  ( -10.78852960328463340, 127.1682114851169842, 64.89507905005440591 ) ) ;
#1053 = VECTOR ( 'NONE', #2099, 1000.000000000000000 ) ;
#1054 = AXIS2_PLACEMENT_3D ( 'NONE', #93, #1275, #1069 ) ;
#1055 = ORIENTED_EDGE ( 'NONE', *, *, #627, .T. ) ;
#1056 = VECTOR ( 'NONE', #1857, 1000.000000000000000 ) ;
#1057 = CARTESIAN_POINT ( 'NONE',  ( -70.78852960328462984, 146.5078591810289481, 65.97215273169965144 ) ) ;
#1058 = CARTESIAN_POINT ( 'NONE',  ( -10.78852960328463340, 141.6586802556908822, 155.9887903978152224 ) ) ;
#1059 = COLOUR_RGB ( '',0.7921568627450980005, 0.8196078431372548767, 0.9333333333333333481 ) ;
#1060 = LINE ( 'NONE', #369, #1425 ) ;
#1061 = AXIS2_PLACEMENT_3D ( 'NONE', #272, #2108, #686 ) ;
#1062 = CARTESIAN_POINT ( 'NONE',  ( -8.788529603284633396, 151.6583579292496324, 71.02214638096704391 ) ) ;
#1063 = B_SPLINE_CURVE_WITH_KNOTS ( 'NONE', 3,
 ( #192, #1120, #664, #2068, #2528, #205, #914, #2776, #1151, #1389, #1912, #961, #2619 ),
 .UNSPECIFIED., .F., .F.,
 ( 4, 1, 1, 1, 1, 1, 2, 2, 4 ),
 ( 0.000000000000000000, 0.2499999999999931166, 0.3749999999999896749, 0.4374999999999879541, 0.4687499999999871214, 0.4843749999999866773, 0.4921874999999867328, 0.4999999999999867883, 1.000000000000000000 ),
 .UNSPECIFIED. ) ;
#1064 = ADVANCED_FACE ( 'NONE', ( #352 ), #100, .F. ) ;
#1065 = CARTESIAN_POINT ( 'NONE',  ( -8.788529603284633396, 126.9623622400146417, 61.90214970102342562 ) ) ;
#1066 = ORIENTED_EDGE ( 'NONE', *, *, #1697, .F. ) ;
#1067 = EDGE_CURVE ( 'NONE', #1091, #1717, #688, .T. ) ;
#1068 = ORIENTED_EDGE ( 'NONE', *, *, #1449, .T. ) ;
#1069 = DIRECTION ( 'NONE',  ( 0.000000000000000000, -0.8435764274703242416, -0.5370091349468878450 ) ) ;
#1070 = DIRECTION ( 'NONE',  ( 0.000000000000000000, 0.9976436369005327043, 0.06860884601768214852 ) ) ;
#1071 = ADVANCED_FACE ( 'NONE', ( #2172 ), #2438, .F. ) ;
#1072 = EDGE_LOOP ( 'NONE', ( #1731, #1525, #2357, #2005 ) ) ;
#1073 = DIRECTION ( 'NONE',  ( 0.000000000000000000, 0.000000000000000000, -1.000000000000000000 ) ) ;
#1074 = ORIENTED_EDGE ( 'NONE', *, *, #1602, .T. ) ;
#1075 = DIRECTION ( 'NONE',  ( 1.000000000000000000, 0.000000000000000000, 0.000000000000000000 ) ) ;
#1076 = FACE_OUTER_BOUND ( 'NONE', #928, .T. ) ;
#1077 = CARTESIAN_POINT ( 'NONE',  ( -70.78852960328462984, 59.27489072857383690, 113.5057483459713836 ) ) ;
#1078 = PLANE ( 'NONE',  #1533 ) ;
#1079 = ORIENTED_EDGE ( 'NONE', *, *, #503, .T. ) ;
#1080 = VERTEX_POINT ( 'NONE', #1942 ) ;
#1081 = CARTESIAN_POINT ( 'NONE',  ( -10.78852960328463340, 151.9178087122547822, 127.6065374358807958 ) ) ;
#1082 = VERTEX_POINT ( 'NONE', #1760 ) ;
#1083 = ADVANCED_FACE ( 'NONE', ( #2423 ), #773, .F. ) ;
#1084 = DIRECTION ( 'NONE',  ( 1.000000000000000000, 0.000000000000000000, 0.000000000000000000 ) ) ;
#1085 = VERTEX_POINT ( 'NONE', #2680 ) ;
#1086 = EDGE_CURVE ( 'NONE', #455, #2447, #1521, .T. ) ;
#1087 = CARTESIAN_POINT ( 'NONE',  ( -10.78852960328463340, 151.9178087122547822, 127.6065374358807958 ) ) ;
#1088 = CARTESIAN_POINT ( 'NONE',  ( -8.788529603284633396, 141.0777968074843045, 63.93839838559994604 ) ) ;
#1089 = CARTESIAN_POINT ( 'NONE',  ( -70.78852960328462984, 81.41179733515532746, 164.1893223118609626 ) ) ;
#1090 = EDGE_LOOP ( 'NONE', ( #64, #1931, #851, #2512 ) ) ;
#1091 = VERTEX_POINT ( 'NONE', #1235 ) ;
#1092 = FACE_OUTER_BOUND ( 'NONE', #836, .T. ) ;
#1093 = AXIS2_PLACEMENT_3D ( 'NONE', #2752, #1807, #2260 ) ;
#1094 = VERTEX_POINT ( 'NONE', #1270 ) ;
#1095 = CARTESIAN_POINT ( 'NONE',  ( -70.78852960328462984, 78.63294074932888122, 158.8651309012557249 ) ) ;
#1096 = VECTOR ( 'NONE', #1265, 1000.000000000000000 ) ;
#1097 = VERTEX_POINT ( 'NONE', #1255 ) ;
#1098 = CARTESIAN_POINT ( 'NONE',  ( -10.78852960328463340, 148.0288180753379947, 153.8774120225000104 ) ) ;
#1099 = EDGE_CURVE ( 'NONE', #2730, #13, #2879, .T. ) ;
#1100 = AXIS2_PLACEMENT_3D ( 'NONE', #440, #947, #981 ) ;
#1101 = VECTOR ( 'NONE', #1799, 1000.000000000000000 ) ;
#1102 = EDGE_CURVE ( 'NONE', #2899, #1564, #2032, .T. ) ;
#1103 = DIRECTION ( 'NONE',  ( -1.000000000000000000, -0.000000000000000000, -0.000000000000000000 ) ) ;
#1104 = PRESENTATION_STYLE_ASSIGNMENT (( #1794 ) ) ;
#1105 = VECTOR ( 'NONE', #52, 999.9999999999998863 ) ;
#1106 = CARTESIAN_POINT ( 'NONE',  ( -6.788529603284631619, 148.7074748863372804, 150.5102274398335851 ) ) ;
#1107 = ORIENTED_EDGE ( 'NONE', *, *, #2633, .T. ) ;
#1108 = DIRECTION ( 'NONE',  ( 0.000000000000000000, 0.000000000000000000, -1.000000000000000000 ) ) ;
#1109 = CARTESIAN_POINT ( 'NONE',  ( -8.788529603284633396, 86.78156815438114791, 71.25779513156508926 ) ) ;
#1110 = ORIENTED_EDGE ( 'NONE', *, *, #2187, .F. ) ;
#1111 = PLANE ( 'NONE',  #2756 ) ;
#1112 = ORIENTED_EDGE ( 'NONE', *, *, #1208, .F. ) ;
#1113 = CARTESIAN_POINT ( 'NONE',  ( -8.788529603284633396, 86.78188868465922212, 155.7535580371800279 ) ) ;
#1114 = ORIENTED_EDGE ( 'NONE', *, *, #1643, .T. ) ;
#1115 = DIRECTION ( 'NONE',  ( -1.000000000000000000, -0.000000000000000000, -0.000000000000000000 ) ) ;
#1116 = EDGE_CURVE ( 'NONE', #838, #1357, #2258, .T. ) ;
#1117 = DIRECTION ( 'NONE',  ( 0.000000000000000000, -0.8435764274680948027, -0.5370091349503899325 ) ) ;
#1118 = FACE_OUTER_BOUND ( 'NONE', #645, .T. ) ;
#1119 = ORIENTED_EDGE ( 'NONE', *, *, #1189, .T. ) ;
#1120 = CARTESIAN_POINT ( 'NONE',  ( -6.788529603284633396, 150.2000104562920058, 78.33004846200118720 ) ) ;
#1121 = CYLINDRICAL_SURFACE ( 'NONE', #1293, 7.000000000000158984 ) ;
#1122 = APPLICATION_PROTOCOL_DEFINITION ( 'draft international standard', 'automotive_design', 1998, #638 ) ;
#1123 = VERTEX_POINT ( 'NONE', #1539 ) ;
#1124 = LINE ( 'NONE', #622, #2609 ) ;
#1125 = ORIENTED_EDGE ( 'NONE', *, *, #1502, .F. ) ;
#1126 = CARTESIAN_POINT ( 'NONE',  ( -10.78852960328463340, 152.2087369211802752, 106.3622922874157979 ) ) ;
#1127 = ORIENTED_EDGE ( 'NONE', *, *, #2538, .F. ) ;
#1128 = DIRECTION ( 'NONE',  ( 0.000000000000000000, 0.000000000000000000, -1.000000000000000000 ) ) ;
#1129 = CARTESIAN_POINT ( 'NONE',  ( -6.788529603284634284, 148.6868367352037126, 150.6160566386925268 ) ) ;
#1130 = DIRECTION ( 'NONE',  ( 0.000000000000000000, 0.000000000000000000, 1.000000000000000000 ) ) ;
#1131 = ORIENTED_EDGE ( 'NONE', *, *, #2497, .F. ) ;
#1132 = EDGE_CURVE ( 'NONE', #2334, #3002, #1791, .T. ) ;
#1133 = EDGE_CURVE ( 'NONE', #26, #1326, #1677, .T. ) ;
#1134 = CARTESIAN_POINT ( 'NONE',  ( -8.788529603284633396, 141.5584347898245881, 156.0890373847969101 ) ) ;
#1135 = DIRECTION ( 'NONE',  ( 0.000000000000000000, 0.000000000000000000, -1.000000000000000000 ) ) ;
#1136 = VERTEX_POINT ( 'NONE', #2033 ) ;
#1137 = CARTESIAN_POINT ( 'NONE',  ( -8.788529603284633396, 74.34427841265440406, 152.4464197340858505 ) ) ;
#1138 = ORIENTED_EDGE ( 'NONE', *, *, #2395, .T. ) ;
#1139 = CARTESIAN_POINT ( 'NONE',  ( -70.78852960328462984, 86.78188868465922212, 165.7535580371799995 ) ) ;
#1140 = AXIS2_PLACEMENT_3D ( 'NONE', #2909, #2452, #1988 ) ;
#1141 = ORIENTED_EDGE ( 'NONE', *, *, #376, .F. ) ;
#1142 = CARTESIAN_POINT ( 'NONE',  ( -8.788529603284633396, 76.17700554785534450, 66.42289424807839282 ) ) ;
#1143 = CARTESIAN_POINT ( 'NONE',  ( -8.788529603284633396, 78.55005808952117263, 68.26162717872141172 ) ) ;
#1144 = VECTOR ( 'NONE', #1907, 1000.000000000000000 ) ;
#1145 = DIRECTION ( 'NONE',  ( -1.000000000000000000, -0.000000000000000000, -0.000000000000000000 ) ) ;
#1146 = AXIS2_PLACEMENT_3D ( 'NONE', #1577, #425, #1628 ) ;
#1147 = CIRCLE ( 'NONE', #566, 9.999999999999980460 ) ;
#1148 = CARTESIAN_POINT ( 'NONE',  ( -8.788529603284633396, 151.6586802554774920, 155.9887145291250192 ) ) ;
#1149 = ORIENTED_EDGE ( 'NONE', *, *, #1387, .F. ) ;
#1150 = AXIS2_PLACEMENT_3D ( 'NONE', #1587, #2259, #1819 ) ;
#1151 = CARTESIAN_POINT ( 'NONE',  ( -6.788529603284635172, 153.3096269604751853, 112.9382684411519477 ) ) ;
#1152 = FACE_OUTER_BOUND ( 'NONE', #405, .T. ) ;
#1153 = VECTOR ( 'NONE', #703, 1000.000000000000000 ) ;
#1154 = EDGE_CURVE ( 'NONE', #2962, #556, #2418, .T. ) ;
#1155 = PRODUCT_DEFINITION_FORMATION_WITH_SPECIFIED_SOURCE ( 'ANY', '', #2235, .NOT_KNOWN. ) ;
#1156 = ORIENTED_EDGE ( 'NONE', *, *, #2344, .T. ) ;
#1157 = DIRECTION ( 'NONE',  ( 1.000000000000000000, 0.000000000000000000, 0.000000000000000000 ) ) ;
#1158 = ORIENTED_EDGE ( 'NONE', *, *, #1285, .T. ) ;
#1159 = FACE_OUTER_BOUND ( 'NONE', #2678, .T. ) ;
#1160 = EDGE_CURVE ( 'NONE', #1273, #2194, #1286, .T. ) ;
#1161 = EDGE_LOOP ( 'NONE', ( #207, #1841, #1657, #2582 ) ) ;
#1162 = CYLINDRICAL_SURFACE ( 'NONE', #2468, 6.000000000000935252 ) ;
#1163 = DIRECTION ( 'NONE',  ( 0.000000000000000000, 0.000000000000000000, -1.000000000000000000 ) ) ;
#1164 = LINE ( 'NONE', #2392, #558 ) ;
#1165 = CARTESIAN_POINT ( 'NONE',  ( -8.788529603284633396, 83.02282474000649870, 161.6585930294566822 ) ) ;
#1166 = ORIENTED_EDGE ( 'NONE', *, *, #1032, .F. ) ;
#1167 = DIRECTION ( 'NONE',  ( -1.000000000000000000, -0.000000000000000000, -0.000000000000000000 ) ) ;
#1168 = CARTESIAN_POINT ( 'NONE',  ( -6.788529603284633396, 145.8007523998428496, 66.67925951288664521 ) ) ;
#1169 = ORIENTED_EDGE ( 'NONE', *, *, #975, .T. ) ;
#1170 = PLANE ( 'NONE',  #1335 ) ;
#1171 = LINE ( 'NONE', #1892, #1153 ) ;
#1172 = EDGE_CURVE ( 'NONE', #331, #1687, #2015, .T. ) ;
#1173 = ORIENTED_EDGE ( 'NONE', *, *, #1660, .T. ) ;
#1174 = DIRECTION ( 'NONE',  ( 1.000000000000000000, 0.000000000000000000, 0.000000000000000000 ) ) ;
#1175 = CARTESIAN_POINT ( 'NONE',  ( -70.78852960328462984, 127.1682114851169842, 64.89507905005440591 ) ) ;
#1176 = CARTESIAN_POINT ( 'NONE',  ( -8.788529603284633396, 111.8667509325086229, 65.42066410542088306 ) ) ;
#1177 = LINE ( 'NONE', #2821, #470 ) ;
#1178 = ORIENTED_EDGE ( 'NONE', *, *, #2313, .F. ) ;
#1179 = DIRECTION ( 'NONE',  ( 0.000000000000000000, 0.000000000000000000, -1.000000000000000000 ) ) ;
#1180 = CARTESIAN_POINT ( 'NONE',  ( -10.78852960328463340, 141.6583579391500223, 71.02214642643238562 ) ) ;
#1181 = ORIENTED_EDGE ( 'NONE', *, *, #1889, .T. ) ;
#1182 = LINE ( 'NONE', #2342, #2864 ) ;
#1183 = FACE_OUTER_BOUND ( 'NONE', #50, .T. ) ;
#1184 = ADVANCED_FACE ( 'NONE', ( #2505 ), #1553, .F. ) ;
#1185 = ORIENTED_EDGE ( 'NONE', *, *, #2923, .F. ) ;
#1186 = DIRECTION ( 'NONE',  ( 0.000000000000000000, 0.000000000000000000, 1.000000000000000000 ) ) ;
#1187 = DIRECTION ( 'NONE',  ( -1.000000000000000000, -0.000000000000000000, -0.000000000000000000 ) ) ;
#1188 = EDGE_CURVE ( 'NONE', #2055, #814, #2491, .T. ) ;
#1189 = EDGE_CURVE ( 'NONE', #2783, #26, #1874, .T. ) ;
#1190 = VECTOR ( 'NONE', #800, 1000.000000000000000 ) ;
#1191 = DIRECTION ( 'NONE',  ( 0.000000000000000000, -0.9977774101625511705, 0.06663512414119206195 ) ) ;
#1192 = DIRECTION ( 'NONE',  ( 1.000000000000000000, 0.000000000000000000, 0.000000000000000000 ) ) ;
#1193 = AXIS2_PLACEMENT_3D ( 'NONE', #1320, #2288, #2731 ) ;
#1194 = ORIENTED_EDGE ( 'NONE', *, *, #1086, .T. ) ;
#1195 = AXIS2_PLACEMENT_3D ( 'NONE', #437, #2021, #1108 ) ;
#1196 = EDGE_CURVE ( 'NONE', #1855, #629, #1827, .T. ) ;
#1197 = AXIS2_PLACEMENT_3D ( 'NONE', #227, #2, #51 ) ;
#1198 = AXIS2_PLACEMENT_3D ( 'NONE', #1528, #826, #560 ) ;
#1199 = CARTESIAN_POINT ( 'NONE',  ( -70.78852960328462984, 111.8667509325086229, -157.5793358945792022 ) ) ;
#1200 = CARTESIAN_POINT ( 'NONE',  ( -10.78852960328463340, 87.24833455364762358, 162.7379999083178745 ) ) ;
#1201 = VERTEX_POINT ( 'NONE', #1323 ) ;
#1202 = CARTESIAN_POINT ( 'NONE',  ( -8.788529603284633396, 141.5584347898245881, 163.0890373847968817 ) ) ;
#1203 = DIRECTION ( 'NONE',  ( 0.000000000000000000, 0.000000000000000000, -1.000000000000000000 ) ) ;
#1204 = VERTEX_POINT ( 'NONE', #655 ) ;
#1205 = CARTESIAN_POINT ( 'NONE',  ( -8.788529603284633396, 148.7298017148081897, 163.0598045620218386 ) ) ;
#1206 = DIRECTION ( 'NONE',  ( -1.000000000000000000, -0.000000000000000000, -0.000000000000000000 ) ) ;
#1207 = DIRECTION ( 'NONE',  ( 0.000000000000000000, 0.9977774101625509484, -0.06663512414119487914 ) ) ;
#1208 = EDGE_CURVE ( 'NONE', #2145, #1614, #2121, .T. ) ;
#1209 = CARTESIAN_POINT ( 'NONE',  ( -6.788529603284633396, 146.5082198112068852, 161.0387472997413170 ) ) ;
#1210 = ORIENTED_EDGE ( 'NONE', *, *, #2356, .T. ) ;
#1211 = ADVANCED_FACE ( 'NONE', ( #1076 ), #1338, .T. ) ;
#1212 = CARTESIAN_POINT ( 'NONE',  ( -10.78852960328463340, 141.0777968074843045, 63.93839838559994604 ) ) ;
#1213 = DIRECTION ( 'NONE',  ( 1.000000000000000000, 0.000000000000000000, 0.000000000000000000 ) ) ;
#1214 = EDGE_LOOP ( 'NONE', ( #1169, #545, #108, #2517 ) ) ;
#1215 = ORIENTED_EDGE ( 'NONE', *, *, #788, .T. ) ;
#1216 = DIRECTION ( 'NONE',  ( 0.000000000000000000, 0.000000000000000000, 1.000000000000000000 ) ) ;
#1217 = LINE ( 'NONE', #2196, #1636 ) ;
#1218 = CARTESIAN_POINT ( 'NONE',  ( -70.78852960328462984, 76.17700555088902092, 66.42289425025036564 ) ) ;
#1219 = ORIENTED_EDGE ( 'NONE', *, *, #3000, .T. ) ;
#1220 = DIRECTION ( 'NONE',  ( 1.000000000000000000, 0.000000000000000000, 0.000000000000000000 ) ) ;
#1221 = CARTESIAN_POINT ( 'NONE',  ( -8.788529603284633396, 141.6586802556908822, 155.9887903978152224 ) ) ;
#1222 = CARTESIAN_POINT ( 'NONE',  ( -6.788529603284633396, 149.2967296700239785, 79.64420742069182779 ) ) ;
#1223 = DIRECTION ( 'NONE',  ( -0.000000000000000000, 0.9976431163436478844, -0.06861641503411926302 ) ) ;
#1224 = EDGE_CURVE ( 'NONE', #2749, #995, #603, .T. ) ;
#1225 = DIRECTION ( 'NONE',  ( 1.000000000000000000, 0.000000000000000000, 0.000000000000000000 ) ) ;
#1226 = CARTESIAN_POINT ( 'NONE',  ( -8.788529603284633396, 151.6586802554135716, 155.9887145291139063 ) ) ;
#1227 = ORIENTED_EDGE ( 'NONE', *, *, #544, .T. ) ;
#1228 = EDGE_CURVE ( 'NONE', #2749, #1022, #2523, .T. ) ;
#1229 = EDGE_LOOP ( 'NONE', ( #2930, #777, #1627, #2575 ) ) ;
#1230 = DIRECTION ( 'NONE',  ( 0.000000000000000000, -0.9977774101625511705, 0.06663512414119206195 ) ) ;
#1231 = CARTESIAN_POINT ( 'NONE',  ( -10.78852960328463340, 141.6586802556908822, 155.9887903978152224 ) ) ;
#1232 = VERTEX_POINT ( 'NONE', #2292 ) ;
#1233 = LINE ( 'NONE', #2876, #2658 ) ;
#1234 = LINE ( 'NONE', #2891, #866 ) ;
#1235 = CARTESIAN_POINT ( 'NONE',  ( -70.78852960328462984, 151.6583579292496324, 71.02214638096704391 ) ) ;
#1236 = CARTESIAN_POINT ( 'NONE',  ( -10.78852960328463340, 148.6523643092002942, 155.6914970079084526 ) ) ;
#1237 = AXIS2_PLACEMENT_3D ( 'NONE', #2820, #1664, #2573 ) ;
#1238 = CYLINDRICAL_SURFACE ( 'NONE', #614, 9.999999999999994671 ) ;
#1239 = AXIS2_PLACEMENT_3D ( 'NONE', #2124, #458, #1634 ) ;
#1240 = ORIENTED_EDGE ( 'NONE', *, *, #577, .F. ) ;
#1241 = AXIS2_PLACEMENT_3D ( 'NONE', #1670, #2414, #106 ) ;
#1242 = AXIS2_PLACEMENT_3D ( 'NONE', #2741, #1344, #2285 ) ;
#1243 = ORIENTED_EDGE ( 'NONE', *, *, #2340, .T. ) ;
#1244 = CARTESIAN_POINT ( 'NONE',  ( -10.78852960328463340, 97.00917494206585445, 162.0861362718193561 ) ) ;
#1245 = CARTESIAN_POINT ( 'NONE',  ( -10.78852960328463340, 152.9298351875889921, 127.4901718588423734 ) ) ;
#1246 = AXIS2_PLACEMENT_3D ( 'NONE', #2114, #293, #2574 ) ;
#1247 = VECTOR ( 'NONE', #962, 999.9999999999998863 ) ;
#1248 = EDGE_CURVE ( 'NONE', #2683, #1035, #2063, .T. ) ;
#1249 = DIRECTION ( 'NONE',  ( 0.000000000000000000, 0.000000000000000000, -1.000000000000000000 ) ) ;
#1250 = AXIS2_PLACEMENT_3D ( 'NONE', #2184, #2856, #1706 ) ;
#1251 = ORIENTED_EDGE ( 'NONE', *, *, #1712, .T. ) ;
#1252 = DIRECTION ( 'NONE',  ( 0.000000000000000000, 0.000000000000000000, 1.000000000000000000 ) ) ;
#1253 = EDGE_CURVE ( 'NONE', #2504, #2244, #1605, .T. ) ;
#1254 = DIRECTION ( 'NONE',  ( 0.000000000000000000, 0.000000000000000000, 1.000000000000000000 ) ) ;
#1255 = CARTESIAN_POINT ( 'NONE',  ( -70.78852960328462984, 87.44784369544065328, 61.28001597468927031 ) ) ;
#1256 = CARTESIAN_POINT ( 'NONE',  ( -10.78852960328463340, 150.4395642644483360, 146.9488634284346062 ) ) ;
#1257 = LINE ( 'NONE', #2192, #3008 ) ;
#1258 = ORIENTED_EDGE ( 'NONE', *, *, #1116, .F. ) ;
#1259 = B_SPLINE_CURVE_WITH_KNOTS ( 'NONE', 3,
 ( #1653, #1699, #528, #2801 ),
 .UNSPECIFIED., .F., .F.,
 ( 4, 4 ),
 ( 0.000000000000000000, 1.000000000000000000 ),
 .UNSPECIFIED. ) ;
#1260 = EDGE_LOOP ( 'NONE', ( #2237, #2007, #300, #2029 ) ) ;
#1261 = CARTESIAN_POINT ( 'NONE',  ( -10.78852960328463340, 149.0638564651132469, 78.33744187205783760 ) ) ;
#1262 = CARTESIAN_POINT ( 'NONE',  ( -6.788529603284633396, 111.8688076255531314, 384.5904987380682769 ) ) ;
#1263 = DIRECTION ( 'NONE',  ( 1.000000000000000000, 0.000000000000000000, 0.000000000000000000 ) ) ;
#1264 = ORIENTED_EDGE ( 'NONE', *, *, #2344, .F. ) ;
#1265 = DIRECTION ( 'NONE',  ( 1.000000000000000000, 0.000000000000000000, 0.000000000000000000 ) ) ;
#1266 = DIRECTION ( 'NONE',  ( 0.000000000000000000, 0.000000000000000000, -1.000000000000000000 ) ) ;
#1267 = ADVANCED_FACE ( 'NONE', ( #1311 ), #154, .F. ) ;
#1268 = EDGE_CURVE ( 'NONE', #778, #430, #20, .T. ) ;
#1269 = ADVANCED_FACE ( 'NONE', ( #54 ), #2359, .T. ) ;
#1270 = CARTESIAN_POINT ( 'NONE',  ( -10.78852960328463340, 96.94253981792466845, 161.0883588616568147 ) ) ;
#1271 = LINE ( 'NONE', #572, #2377 ) ;
#1272 = DIRECTION ( 'NONE',  ( 1.000000000000000000, 0.000000000000000000, 0.000000000000000000 ) ) ;
#1273 = VERTEX_POINT ( 'NONE', #738 ) ;
#1274 = ORIENTED_EDGE ( 'NONE', *, *, #2974, .T. ) ;
#1275 = DIRECTION ( 'NONE',  ( 0.000000000000000000, -0.5370091349468878450, 0.8435764274703242416 ) ) ;
#1276 = DIRECTION ( 'NONE',  ( -0.000000000000000000, 0.7071067811871348807, 0.7071067811859601537 ) ) ;
#1277 = FACE_OUTER_BOUND ( 'NONE', #722, .T. ) ;
#1278 = ORIENTED_EDGE ( 'NONE', *, *, #1032, .T. ) ;
#1279 = LINE ( 'NONE', #2199, #1578 ) ;
#1280 = CARTESIAN_POINT ( 'NONE',  ( -70.78852960328462984, 77.12351848479541161, 156.7635998656093648 ) ) ;
#1281 = LINE ( 'NONE', #2215, #1190 ) ;
#1282 = CARTESIAN_POINT ( 'NONE',  ( -10.78852960328463340, 151.7324134854724207, 138.1213361732967257 ) ) ;
#1283 = DIRECTION ( 'NONE',  ( 1.000000000000000000, 0.000000000000000000, 0.000000000000000000 ) ) ;
#1284 = VERTEX_POINT ( 'NONE', #1852 ) ;
#1285 = EDGE_CURVE ( 'NONE', #2182, #2730, #1779, .T. ) ;
#1286 = CIRCLE ( 'NONE', #1727, 6.999999999999978684 ) ;
#1287 = EDGE_LOOP ( 'NONE', ( #285, #1562, #508, #2532 ) ) ;
#1288 = LINE ( 'NONE', #839, #1929 ) ;
#1289 = DIRECTION ( 'NONE',  ( 0.000000000000000000, -0.8898140419807351043, 0.4563233181571007546 ) ) ;
#1290 = AXIS2_PLACEMENT_3D ( 'NONE', #1951, #2417, #1695 ) ;
#1291 = ORIENTED_EDGE ( 'NONE', *, *, #2201, .F. ) ;
#1292 = CIRCLE ( 'NONE', #3007, 6.999999999999978684 ) ;
#1293 = AXIS2_PLACEMENT_3D ( 'NONE', #2056, #895, #2090 ) ;
#1294 = LINE ( 'NONE', #2947, #1680 ) ;
#1295 = ORIENTED_EDGE ( 'NONE', *, *, #2554, .F. ) ;
#1296 = DIRECTION ( 'NONE',  ( 1.000000000000000000, 0.000000000000000000, 0.000000000000000000 ) ) ;
#1297 = AXIS2_PLACEMENT_3D ( 'NONE', #2016, #2971, #2772 ) ;
#1298 = LINE ( 'NONE', #1955, #707 ) ;
#1299 = AXIS2_PLACEMENT_3D ( 'NONE', #1058, #1075, #2642 ) ;
#1300 = CARTESIAN_POINT ( 'NONE',  ( -10.78852960328463340, 151.7309120031469831, 85.26342517491579542 ) ) ;
#1301 = AXIS2_PLACEMENT_3D ( 'NONE', #1231, #1025, #1692 ) ;
#1302 = DIRECTION ( 'NONE',  ( 1.000000000000000000, 0.000000000000000000, 0.000000000000000000 ) ) ;
#1303 = ORIENTED_EDGE ( 'NONE', *, *, #979, .F. ) ;
#1304 = ADVANCED_FACE ( 'NONE', ( #924 ), #2328, .T. ) ;
#1305 = ORIENTED_EDGE ( 'NONE', *, *, #1285, .F. ) ;
#1306 = DIRECTION ( 'NONE',  ( 0.000000000000000000, 0.7071067811865474617, 0.7071067811865474617 ) ) ;
#1307 = ORIENTED_EDGE ( 'NONE', *, *, #2974, .F. ) ;
#1308 = LINE ( 'NONE', #2966, #906 ) ;
#1309 = ORIENTED_EDGE ( 'NONE', *, *, #846, .T. ) ;
#1310 = CARTESIAN_POINT ( 'NONE',  ( -8.788529603284633396, 78.63191675939015113, 158.8634014860263903 ) ) ;
#1311 = FACE_OUTER_BOUND ( 'NONE', #2449, .T. ) ;
#1312 = CARTESIAN_POINT ( 'NONE',  ( -8.788529603284633396, 75.63927027446750628, 72.46830155700081377 ) ) ;
#1313 = CARTESIAN_POINT ( 'NONE',  ( -6.788529603284633396, 152.3031910926217449, 115.2128850303413117 ) ) ;
#1314 = ORIENTED_EDGE ( 'NONE', *, *, #1773, .T. ) ;
#1315 = ORIENTED_EDGE ( 'NONE', *, *, #630, .T. ) ;
#1316 = LINE ( 'NONE', #1765, #2025 ) ;
#1317 = ADVANCED_FACE ( 'NONE', ( #969 ), #1162, .F. ) ;
#1318 = EDGE_CURVE ( 'NONE', #1434, #1953, #749, .T. ) ;
#1319 = ORIENTED_EDGE ( 'NONE', *, *, #1485, .T. ) ;
#1320 = CARTESIAN_POINT ( 'NONE',  ( -8.788529603284633396, 79.92790140000782628, 69.46833313838935453 ) ) ;
#1321 = VERTEX_POINT ( 'NONE', #491 ) ;
#1322 = CARTESIAN_POINT ( 'NONE',  ( -10.78852960328463340, 150.0051642330518007, 83.55244264173737179 ) ) ;
#1323 = CARTESIAN_POINT ( 'NONE',  ( -8.788529603284633396, 78.63191675939015113, 158.8634014860263903 ) ) ;
#1324 = FACE_OUTER_BOUND ( 'NONE', #1072, .T. ) ;
#1325 = CARTESIAN_POINT ( 'NONE',  ( -10.78852960328463340, 147.6462943358793609, 71.40243277741603833 ) ) ;
#1326 = VERTEX_POINT ( 'NONE', #2346 ) ;
#1327 = ORIENTED_EDGE ( 'NONE', *, *, #1902, .T. ) ;
#1328 = CARTESIAN_POINT ( 'NONE',  ( -8.788529603284633396, 153.3008093658223743, 99.36003881177420283 ) ) ;
#1329 = AXIS2_PLACEMENT_3D ( 'NONE', #307, #2692, #1924 ) ;
#1330 = EDGE_CURVE ( 'NONE', #2830, #2973, #243, .T. ) ;
#1331 = ORIENTED_EDGE ( 'NONE', *, *, #2071, .F. ) ;
#1332 = DIRECTION ( 'NONE',  ( 0.000000000000000000, 0.000000000000000000, -1.000000000000000000 ) ) ;
#1333 = ORIENTED_EDGE ( 'NONE', *, *, #958, .F. ) ;
#1334 = DIRECTION ( 'NONE',  ( 1.000000000000000000, 0.000000000000000000, 0.000000000000000000 ) ) ;
#1335 = AXIS2_PLACEMENT_3D ( 'NONE', #966, #2107, #1613 ) ;
#1336 = CIRCLE ( 'NONE', #36, 223.0000000000000853 ) ;
#1337 = ORIENTED_EDGE ( 'NONE', *, *, #883, .T. ) ;
#1338 = CYLINDRICAL_SURFACE ( 'NONE', #806, 9.999999999999980460 ) ;
#1339 = AXIS2_PLACEMENT_3D ( 'NONE', #848, #1474, #1775 ) ;
#1340 = CIRCLE ( 'NONE', #42, 10.00000000001047340 ) ;
#1341 = CARTESIAN_POINT ( 'NONE',  ( -8.788529603284633396, 148.6520442482434987, 71.31938675007729955 ) ) ;
#1342 = FACE_OUTER_BOUND ( 'NONE', #1452, .T. ) ;
#1343 = ORIENTED_EDGE ( 'NONE', *, *, #467, .F. ) ;
#1344 = DIRECTION ( 'NONE',  ( 0.000000000000000000, -0.9977774101625501713, 0.06663512414120678629 ) ) ;
#1345 = CARTESIAN_POINT ( 'NONE',  ( -10.78852960328463340, 146.5082198112068852, 161.0387472997413170 ) ) ;
#1346 = ORIENTED_EDGE ( 'NONE', *, *, #49, .F. ) ;
#1347 = FACE_OUTER_BOUND ( 'NONE', #1161, .T. ) ;
#1348 = ORIENTED_EDGE ( 'NONE', *, *, #544, .F. ) ;
#1349 = CARTESIAN_POINT ( 'NONE',  ( -6.788529603284633396, 152.3126022208096799, 120.5357949267564948 ) ) ;
#1350 = EDGE_CURVE ( 'NONE', #2981, #702, #2141, .T. ) ;
#1351 = ORIENTED_EDGE ( 'NONE', *, *, #2841, .F. ) ;
#1352 = DIRECTION ( 'NONE',  ( 0.000000000000000000, 0.000000000000000000, -1.000000000000000000 ) ) ;
#1353 = EDGE_CURVE ( 'NONE', #26, #124, #2610, .T. ) ;
#1354 = ADVANCED_FACE ( 'NONE', ( #2570 ), #504, .F. ) ;
#1355 = CARTESIAN_POINT ( 'NONE',  ( -6.788529603284633396, 96.94217881277607773, 65.92291721943962557 ) ) ;
#1356 = CARTESIAN_POINT ( 'NONE',  ( -8.788529603284633396, 74.34390786165347720, 74.56507861618020172 ) ) ;
#1357 = VERTEX_POINT ( 'NONE', #2785 ) ;
#1358 = VERTEX_POINT ( 'NONE', #2551 ) ;
#1359 = CARTESIAN_POINT ( 'NONE',  ( -6.788529603284633396, 111.8688076255531314, 384.5904987380682769 ) ) ;
#1360 = ORIENTED_EDGE ( 'NONE', *, *, #2410, .T. ) ;
#1361 = CARTESIAN_POINT ( 'NONE',  ( -70.78852960328462984, 79.92790140000782628, 69.46833313838935453 ) ) ;
#1362 = CARTESIAN_POINT ( 'NONE',  ( -10.78852960328463340, 148.3898187307340777, 74.86601893030962174 ) ) ;
#1363 = VERTEX_POINT ( 'NONE', #2111 ) ;
#1364 = EDGE_CURVE ( 'NONE', #2981, #2055, #1422, .T. ) ;
#1365 = CARTESIAN_POINT ( 'NONE',  ( -70.78852960328462984, 151.7309120031469831, 85.26342517491579542 ) ) ;
#1366 = CARTESIAN_POINT ( 'NONE',  ( -6.788529603284632508, 151.9690376022338683, 125.8171351638231243 ) ) ;
#1367 = CARTESIAN_POINT ( 'NONE',  ( -8.788529603284633396, 87.24796103312279172, 64.27334972175202665 ) ) ;
#1368 = ORIENTED_EDGE ( 'NONE', *, *, #1916, .T. ) ;
#1369 = EDGE_LOOP ( 'NONE', ( #880, #2087, #2977, #2938 ) ) ;
#1370 = CARTESIAN_POINT ( 'NONE',  ( -8.788529603284633396, 72.33907925632304625, 155.2426427991871094 ) ) ;
#1371 = ORIENTED_EDGE ( 'NONE', *, *, #1660, .F. ) ;
#1372 = CARTESIAN_POINT ( 'NONE',  ( -8.788529603284633396, 75.69099094900481361, 154.6262465620114597 ) ) ;
#1373 = ORIENTED_EDGE ( 'NONE', *, *, #1224, .T. ) ;
#1374 = DIRECTION ( 'NONE',  ( 0.000000000000000000, -0.9977779156875837829, -0.06662755410594693728 ) ) ;
#1375 = VECTOR ( 'NONE', #1555, 999.9999999999998863 ) ;
#1376 = ORIENTED_EDGE ( 'NONE', *, *, #485, .T. ) ;
#1377 = AXIS2_PLACEMENT_3D ( 'NONE', #2843, #2831, #2307 ) ;
#1378 = CARTESIAN_POINT ( 'NONE',  ( -10.78852960328463340, 146.5082198112068852, 161.0387472997413170 ) ) ;
#1379 = CARTESIAN_POINT ( 'NONE',  ( -70.78852960328462984, 141.6583579391500223, 71.02214642643238562 ) ) ;
#1380 = AXIS2_PLACEMENT_3D ( 'NONE', #1361, #2303, #1872 ) ;
#1381 = VECTOR ( 'NONE', #929, 1000.000000000000000 ) ;
#1382 = CARTESIAN_POINT ( 'NONE',  ( -6.788529603284634284, 149.9516368978816843, 83.56332320240919387 ) ) ;
#1383 = AXIS2_PLACEMENT_3D ( 'NONE', #258, #1676, #524 ) ;
#1384 = AXIS2_PLACEMENT_3D ( 'NONE', #2963, #1611, #1572 ) ;
#1385 = CARTESIAN_POINT ( 'NONE',  ( -70.78852960328462984, 151.6583579292485240, 71.02214638096171484 ) ) ;
#1386 = ORIENTED_EDGE ( 'NONE', *, *, #1172, .F. ) ;
#1387 = EDGE_CURVE ( 'NONE', #2370, #2809, #723, .T. ) ;
#1388 = VECTOR ( 'NONE', #365, 1000.000000000000000 ) ;
#1389 = CARTESIAN_POINT ( 'NONE',  ( -6.788529603284635172, 153.3101523822989236, 113.1559397494004457 ) ) ;
#1390 = CARTESIAN_POINT ( 'NONE',  ( -8.788529603284633396, 154.0856182918941499, 106.2906200821180107 ) ) ;
#1391 = EDGE_CURVE ( 'NONE', #683, #251, #2083, .T. ) ;
#1392 = ADVANCED_FACE ( 'NONE', ( #938 ), #478, .F. ) ;
#1393 = ORIENTED_EDGE ( 'NONE', *, *, #2133, .F. ) ;
#1394 = CARTESIAN_POINT ( 'NONE',  ( -10.78852960328463340, 97.00880636688202685, 64.92513930375204723 ) ) ;
#1395 = CARTESIAN_POINT ( 'NONE',  ( -6.788529603284633396, 145.9013531311611302, 160.2313988963392717 ) ) ;
#1396 = EDGE_LOOP ( 'NONE', ( #2118, #2547, #636, #2847 ) ) ;
#1397 = DIRECTION ( 'NONE',  ( 1.000000000000000000, 0.000000000000000000, 0.000000000000000000 ) ) ;
#1398 = DIRECTION ( 'NONE',  ( 1.000000000000000000, 0.000000000000000000, 0.000000000000000000 ) ) ;
#1399 = CARTESIAN_POINT ( 'NONE',  ( -6.788529603284636060, 150.9314373098410158, 90.54860056667729395 ) ) ;
#1400 = CARTESIAN_POINT ( 'NONE',  ( -8.788529603284633396, 148.6523643092002942, 155.6914970079084526 ) ) ;
#1401 = ORIENTED_EDGE ( 'NONE', *, *, #1618, .T. ) ;
#1402 = DIRECTION ( 'NONE',  ( -0.000000000000000000, 0.06663512414119442118, 0.9977774101625510594 ) ) ;
#1403 = DIRECTION ( 'NONE',  ( 0.000000000000000000, 0.000000000000000000, -1.000000000000000000 ) ) ;
#1404 = ORIENTED_EDGE ( 'NONE', *, *, #2057, .T. ) ;
#1405 = EDGE_CURVE ( 'NONE', #2862, #1035, #169, .T. ) ;
#1406 = CARTESIAN_POINT ( 'NONE',  ( -10.78852960328463340, 145.9013531311611302, 160.2313988963392717 ) ) ;
#1407 = CARTESIAN_POINT ( 'NONE',  ( -10.78852960328463340, 141.1464132225184187, 64.93604150194359192 ) ) ;
#1408 = ADVANCED_FACE ( 'NONE', ( #2448 ), #1470, .F. ) ;
#1409 = VERTEX_POINT ( 'NONE', #122 ) ;
#1410 = DIRECTION ( 'NONE',  ( 0.000000000000000000, 0.000000000000000000, -1.000000000000000000 ) ) ;
#1411 = EDGE_CURVE ( 'NONE', #974, #19, #2955, .T. ) ;
#1412 = DIRECTION ( 'NONE',  ( -0.000000000000000000, -0.9977774101625509484, 0.06663512414119497629 ) ) ;
#1413 = CARTESIAN_POINT ( 'NONE',  ( -6.788529603284632508, 151.2228098844845192, 93.17598984008853336 ) ) ;
#1414 = FACE_OUTER_BOUND ( 'NONE', #639, .T. ) ;
#1415 = VERTEX_POINT ( 'NONE', #1967 ) ;
#1416 = DIRECTION ( 'NONE',  ( 0.000000000000000000, 0.000000000000000000, -1.000000000000000000 ) ) ;
#1417 = DIRECTION ( 'NONE',  ( -1.000000000000000000, -0.000000000000000000, -0.000000000000000000 ) ) ;
#1418 = ORIENTED_EDGE ( 'NONE', *, *, #1901, .F. ) ;
#1419 = CARTESIAN_POINT ( 'NONE',  ( -70.78852960328462984, 74.34427841265440406, 152.4464197340858505 ) ) ;
#1420 = CARTESIAN_POINT ( 'NONE',  ( -10.78852960328463340, 111.8688076255531314, 161.5904987380681916 ) ) ;
#1421 = VERTEX_POINT ( 'NONE', #1057 ) ;
#1422 = LINE ( 'NONE', #984, #318 ) ;
#1423 = LINE ( 'NONE', #1651, #419 ) ;
#1424 = EDGE_CURVE ( 'NONE', #1409, #2469, #1442, .T. ) ;
#1425 = VECTOR ( 'NONE', #2892, 1000.000000000000000 ) ;
#1426 = CARTESIAN_POINT ( 'NONE',  ( -6.788529603284633396, 149.8120398211733857, 82.69005394841769885 ) ) ;
#1427 = FACE_OUTER_BOUND ( 'NONE', #1003, .T. ) ;
#1428 = CIRCLE ( 'NONE', #1729, 10.00000000000000178 ) ;
#1429 = ORIENTED_EDGE ( 'NONE', *, *, #2220, .F. ) ;
#1430 = CLOSED_SHELL ( 'NONE', ( #2708, #687, #2631, #2461, #1408, #278, #501, #1958, #1726, #299, #1071, #131, #2782, #2897, #23, #2894, #1446, #582, #1979, #1083, #2446, #1267, #310, #693, #2151, #2391, #1392, #2053, #1792, #2951, #1269, #448, #429, #2826, #2823, #2800, #750, #2881, #2560, #2050, #2431, #1354, #2339, #2722, #1542, #922, #1211, #1064, #224, #897, #2280 ) ) ;
#1431 = AXIS2_PLACEMENT_3D ( 'NONE', #720, #2138, #240 ) ;
#1432 = DIRECTION ( 'NONE',  ( 0.000000000000000000, 0.000000000000000000, -1.000000000000000000 ) ) ;
#1433 = CARTESIAN_POINT ( 'NONE',  ( -70.78852960328462984, 151.2440370947211079, 141.6572865280419080 ) ) ;
#1434 = VERTEX_POINT ( 'NONE', #550 ) ;
#1435 = VECTOR ( 'NONE', #411, 1000.000000000000000 ) ;
#1436 = ORIENTED_EDGE ( 'NONE', *, *, #883, .F. ) ;
#1437 = AXIS2_PLACEMENT_3D ( 'NONE', #339, #2200, #1759 ) ;
#1438 = CARTESIAN_POINT ( 'NONE',  ( -70.78852960328462984, 76.17700554785534450, 66.42289424807839282 ) ) ;
#1439 = DIRECTION ( 'NONE',  ( -0.000000000000000000, 0.06861641503411744503, 0.9976431163436481064 ) ) ;
#1440 = CIRCLE ( 'NONE', #1301, 6.000000000001476153 ) ;
#1441 = ORIENTED_EDGE ( 'NONE', *, *, #807, .F. ) ;
#1442 = LINE ( 'NONE', #84, #1526 ) ;
#1443 = EDGE_CURVE ( 'NONE', #1631, #974, #2859, .T. ) ;
#1444 = LINE ( 'NONE', #2597, #819 ) ;
#1445 = CARTESIAN_POINT ( 'NONE',  ( -6.788529603284635172, 152.1603850246648904, 104.6333739298853232 ) ) ;
#1446 = ADVANCED_FACE ( 'NONE', ( #2389 ), #2628, .F. ) ;
#1447 = CARTESIAN_POINT ( 'NONE',  ( -10.78852960328463340, 148.6520442482435556, 71.31938675007729955 ) ) ;
#1448 = ORIENTED_EDGE ( 'NONE', *, *, #1823, .T. ) ;
#1449 = EDGE_CURVE ( 'NONE', #1991, #361, #2707, .T. ) ;
#1450 = DIRECTION ( 'NONE',  ( 0.000000000000000000, 0.000000000000000000, -1.000000000000000000 ) ) ;
#1451 = CARTESIAN_POINT ( 'NONE',  ( -8.788529603284633396, 151.9527798341965479, 136.3476453026459296 ) ) ;
#1452 = EDGE_LOOP ( 'NONE', ( #1504, #1240, #1673, #338 ) ) ;
#1453 = ORIENTED_EDGE ( 'NONE', *, *, #2933, .F. ) ;
#1454 = CYLINDRICAL_SURFACE ( 'NONE', #563, 223.0000000000000853 ) ;
#1455 = CARTESIAN_POINT ( 'NONE',  ( -10.78852960328463340, 141.5581117127231039, 70.92190020000548145 ) ) ;
#1456 = CARTESIAN_POINT ( 'NONE',  ( -6.788529603284633396, 141.5584347898245881, 156.0890373847969101 ) ) ;
#1457 = ORIENTED_EDGE ( 'NONE', *, *, #1734, .F. ) ;
#1458 = CARTESIAN_POINT ( 'NONE',  ( -10.78852960328463340, 141.0781728677007720, 163.0725428431005923 ) ) ;
#1459 = DIRECTION ( 'NONE',  ( -1.000000000000000000, -0.000000000000000000, -0.000000000000000000 ) ) ;
#1460 = CARTESIAN_POINT ( 'NONE',  ( -8.788529603284633396, 97.20908031448945508, 165.0794685023070372 ) ) ;
#1461 = DIRECTION ( 'NONE',  ( -1.000000000000000000, -0.000000000000000000, -0.000000000000000000 ) ) ;
#1462 = EDGE_CURVE ( 'NONE', #1232, #1005, #1757, .T. ) ;
#1463 = DIRECTION ( 'NONE',  ( -1.000000000000000000, -0.000000000000000000, -0.000000000000000000 ) ) ;
#1464 = ORIENTED_EDGE ( 'NONE', *, *, #694, .F. ) ;
#1465 = EDGE_CURVE ( 'NONE', #663, #124, #759, .T. ) ;
#1466 = ORIENTED_EDGE ( 'NONE', *, *, #2578, .F. ) ;
#1467 = CARTESIAN_POINT ( 'NONE',  ( -6.788529603284633396, 147.6462943358793609, 71.40243277741603833 ) ) ;
#1468 = PLANE ( 'NONE',  #1250 ) ;
#1469 = ORIENTED_EDGE ( 'NONE', *, *, #1228, .F. ) ;
#1470 = CYLINDRICAL_SURFACE ( 'NONE', #1290, 6.999999999999978684 ) ;
#1471 = ORIENTED_EDGE ( 'NONE', *, *, #2187, .T. ) ;
#1472 = CARTESIAN_POINT ( 'NONE',  ( -8.788529603284633396, 111.8667509325086229, -157.5793358945792022 ) ) ;
#1473 = CARTESIAN_POINT ( 'NONE',  ( -70.78852960328462984, 151.7324134854724207, 138.1213361732967257 ) ) ;
#1474 = DIRECTION ( 'NONE',  ( -1.000000000000000000, -0.000000000000000000, -0.000000000000000000 ) ) ;
#1475 = VECTOR ( 'NONE', #1586, 1000.000000000000000 ) ;
#1476 = FACE_OUTER_BOUND ( 'NONE', #82, .T. ) ;
#1477 = VECTOR ( 'NONE', #1662, 1000.000000000000000 ) ;
#1478 = AXIS2_PLACEMENT_3D ( 'NONE', #1199, #2836, #743 ) ;
#1479 = ORIENTED_EDGE ( 'NONE', *, *, #1253, .T. ) ;
#1480 = CIRCLE ( 'NONE', #1146, 223.0000000000000853 ) ;
#1481 = VECTOR ( 'NONE', #355, 1000.000000000000227 ) ;
#1482 = ORIENTED_EDGE ( 'NONE', *, *, #2648, .T. ) ;
#1483 = CARTESIAN_POINT ( 'NONE',  ( -10.78852960328463340, 150.0051642330518007, 83.55244264173737179 ) ) ;
#1484 = DIRECTION ( 'NONE',  ( 1.000000000000000000, 0.000000000000000000, 0.000000000000000000 ) ) ;
#1485 = EDGE_CURVE ( 'NONE', #1415, #537, #2889, .T. ) ;
#1486 = CARTESIAN_POINT ( 'NONE',  ( -6.788529603284633396, 145.9009986262699670, 66.77950573931244094 ) ) ;
#1487 = EDGE_CURVE ( 'NONE', #1080, #2569, #798, .T. ) ;
#1488 = VECTOR ( 'NONE', #2360, 1000.000000000000000 ) ;
#1489 = VERTEX_POINT ( 'NONE', #349 ) ;
#1490 = CARTESIAN_POINT ( 'NONE',  ( -6.788529603284633396, 96.94217881277600668, 65.92291721943962557 ) ) ;
#1491 = LINE ( 'NONE', #2878, #178 ) ;
#1492 = CARTESIAN_POINT ( 'NONE',  ( -6.788529603284633396, 127.2368279001510842, 65.89272216639804469 ) ) ;
#1493 = CARTESIAN_POINT ( 'NONE',  ( -10.78852960328463340, 141.6586802556908822, 155.9887903978152224 ) ) ;
#1494 = FACE_OUTER_BOUND ( 'NONE', #2647, .T. ) ;
#1495 = ORIENTED_EDGE ( 'NONE', *, *, #802, .T. ) ;
#1496 = EDGE_CURVE ( 'NONE', #2720, #2981, #609, .T. ) ;
#1497 = VERTEX_POINT ( 'NONE', #2677 ) ;
#1498 = CARTESIAN_POINT ( 'NONE',  ( -10.78852960328463340, 141.1467817137184397, 162.0748992062000866 ) ) ;
#1499 = LINE ( 'NONE', #1719, #959 ) ;
#1500 = LINE ( 'NONE', #107, #2521 ) ;
#1501 = ORIENTED_EDGE ( 'NONE', *, *, #403, .T. ) ;
#1502 = EDGE_CURVE ( 'NONE', #830, #1933, #2157, .T. ) ;
#1503 = CARTESIAN_POINT ( 'NONE',  ( -10.78852960328463340, 111.8667509325086229, -157.5793358945792022 ) ) ;
#1504 = ORIENTED_EDGE ( 'NONE', *, *, #316, .T. ) ;
#1505 = CARTESIAN_POINT ( 'NONE',  ( -8.788529603284633396, 141.6583579391500223, 71.02214642643238562 ) ) ;
#1506 = EDGE_CURVE ( 'NONE', #893, #3, #2212, .T. ) ;
#1507 = B_SPLINE_CURVE_WITH_KNOTS ( 'NONE', 3,
 ( #1143, #3017, #1312, #626 ),
 .UNSPECIFIED., .F., .F.,
 ( 4, 4 ),
 ( 0.000000000000000000, 1.000000000000000000 ),
 .UNSPECIFIED. ) ;
#1508 = CARTESIAN_POINT ( 'NONE',  ( -70.78852960328462984, 151.9527798341965479, 136.3476453026459296 ) ) ;
#1509 = CARTESIAN_POINT ( 'NONE',  ( -6.788529603284633396, 151.7309120031469831, 85.26342517491579542 ) ) ;
#1510 = FACE_OUTER_BOUND ( 'NONE', #2253, .T. ) ;
#1511 = VERTEX_POINT ( 'NONE', #581 ) ;
#1512 = ORIENTED_EDGE ( 'NONE', *, *, #694, .T. ) ;
#1513 = DIRECTION ( 'NONE',  ( -1.000000000000000000, -0.000000000000000000, -0.000000000000000000 ) ) ;
#1514 = DIRECTION ( 'NONE',  ( 0.000000000000000000, 0.000000000000000000, -1.000000000000000000 ) ) ;
#1515 = CARTESIAN_POINT ( 'NONE',  ( -70.78852960328462984, 148.6523643092002942, 155.6914970079084526 ) ) ;
#1516 = B_SPLINE_CURVE_WITH_KNOTS ( 'NONE', 2,
 ( #2620, #2105, #1226 ),
 .UNSPECIFIED., .F., .F.,
 ( 3, 3 ),
 ( 0.4989215949451865084, 0.5010784046110073886 ),
 .UNSPECIFIED. ) ;
#1517 = ORIENTED_EDGE ( 'NONE', *, *, #971, .T. ) ;
#1518 = CARTESIAN_POINT ( 'NONE',  ( -70.78852960328462984, 141.5584347898245881, 166.0890373847968817 ) ) ;
#1519 = EDGE_LOOP ( 'NONE', ( #1825, #1694, #825, #2403 ) ) ;
#1520 = CARTESIAN_POINT ( 'NONE',  ( -10.78852960328463340, 147.6466137665757401, 155.6084586094512758 ) ) ;
#1521 = LINE ( 'NONE', #1698, #2261 ) ;
#1522 = CARTESIAN_POINT ( 'NONE',  ( -6.788529603284633396, 151.9527798341965479, 136.3476453026459296 ) ) ;
#1523 = DIRECTION ( 'NONE',  ( 1.000000000000000000, 0.000000000000000000, 0.000000000000000000 ) ) ;
#1524 = AXIS2_PLACEMENT_3D ( 'NONE', #2465, #111, #2233 ) ;
#1525 = ORIENTED_EDGE ( 'NONE', *, *, #406, .F. ) ;
#1526 = VECTOR ( 'NONE', #831, 1000.000000000000114 ) ;
#1527 = ORIENTED_EDGE ( 'NONE', *, *, #596, .F. ) ;
#1528 = CARTESIAN_POINT ( 'NONE',  ( -8.788529603284633396, 111.8667509325086229, -157.5793358945792022 ) ) ;
#1529 = PRODUCT_CONTEXT ( 'NONE', #638, 'mechanical' ) ;
#1530 = VECTOR ( 'NONE', #1894, 1000.000000000000000 ) ;
#1531 = VERTEX_POINT ( 'NONE', #567 ) ;
#1532 = AXIS2_PLACEMENT_3D ( 'NONE', #1766, #1982, #1130 ) ;
#1533 = AXIS2_PLACEMENT_3D ( 'NONE', #115, #790, #2236 ) ;
#1534 = DIRECTION ( 'NONE',  ( -1.000000000000000000, -0.000000000000000000, -0.000000000000000000 ) ) ;
#1535 = ORIENTED_EDGE ( 'NONE', *, *, #1067, .F. ) ;
#1536 = LINE ( 'NONE', #1310, #378 ) ;
#1537 = CIRCLE ( 'NONE', #717, 5.999999999999977796 ) ;
#1538 = EDGE_CURVE ( 'NONE', #898, #884, #1233, .T. ) ;
#1539 = CARTESIAN_POINT ( 'NONE',  ( -10.78852960328463340, 148.6523643092002942, 155.6914970079084526 ) ) ;
#1540 = AXIS2_PLACEMENT_3D ( 'NONE', #2343, #456, #1374 ) ;
#1541 =( NAMED_UNIT ( * ) PLANE_ANGLE_UNIT ( ) SI_UNIT ( $, .RADIAN. ) );
#1542 = ADVANCED_FACE ( 'NONE', ( #2169 ), #322, .F. ) ;
#1543 = CARTESIAN_POINT ( 'NONE',  ( -70.78852960328462984, 83.02245940895092247, 65.35278865908517787 ) ) ;
#1544 = EDGE_CURVE ( 'NONE', #19, #1763, #1279, .T. ) ;
#1545 = ORIENTED_EDGE ( 'NONE', *, *, #1160, .T. ) ;
#1546 = ORIENTED_EDGE ( 'NONE', *, *, #2411, .T. ) ;
#1547 = DIRECTION ( 'NONE',  ( 1.000000000000000000, 0.000000000000000000, 0.000000000000000000 ) ) ;
#1548 = APPLICATION_PROTOCOL_DEFINITION ( 'draft international standard', 'automotive_design', 1998, #81 ) ;
#1549 = VERTEX_POINT ( 'NONE', #1040 ) ;
#1550 = DIRECTION ( 'NONE',  ( 0.000000000000000000, 0.9976436369005328153, 0.06860884601768200974 ) ) ;
#1551 = ORIENTED_EDGE ( 'NONE', *, *, #2037, .T. ) ;
#1552 = CARTESIAN_POINT ( 'NONE',  ( -6.788529603284633396, 150.0087189287853562, 143.4392803505966185 ) ) ;
#1553 = CYLINDRICAL_SURFACE ( 'NONE', #2170, 5.999999999999977796 ) ;
#1554 = FACE_OUTER_BOUND ( 'NONE', #791, .T. ) ;
#1555 = DIRECTION ( 'NONE',  ( 0.000000000000000000, -0.7071067811869881092, -0.7071067811861071473 ) ) ;
#1556 = ORIENTED_EDGE ( 'NONE', *, *, #716, .F. ) ;
#1557 = EDGE_CURVE ( 'NONE', #1489, #1796, #1428, .T. ) ;
#1558 = EDGE_CURVE ( 'NONE', #182, #991, #412, .T. ) ;
#1559 = ORIENTED_EDGE ( 'NONE', *, *, #467, .T. ) ;
#1560 = CARTESIAN_POINT ( 'NONE',  ( -10.78852960328463340, 148.0284191830033365, 73.13305714180951611 ) ) ;
#1561 = EDGE_CURVE ( 'NONE', #1434, #2156, #2511, .T. ) ;
#1562 = ORIENTED_EDGE ( 'NONE', *, *, #1809, .F. ) ;
#1563 = LINE ( 'NONE', #382, #1002 ) ;
#1564 = VERTEX_POINT ( 'NONE', #1769 ) ;
#1565 = CARTESIAN_POINT ( 'NONE',  ( -6.788529603284633396, 151.2219915394815644, 92.28381171295797003 ) ) ;
#1566 = ORIENTED_EDGE ( 'NONE', *, *, #802, .F. ) ;
#1567 = DIRECTION ( 'NONE',  ( 1.000000000000000000, 0.000000000000000000, 0.000000000000000000 ) ) ;
#1568 = CARTESIAN_POINT ( 'NONE',  ( -8.788529603284633396, 126.9623622400146417, 61.90214970102342562 ) ) ;
#1569 = CARTESIAN_POINT ( 'NONE',  ( -8.788529603284633396, 75.66880865701585890, 72.42048837184124466 ) ) ;
#1570 = ORIENTED_EDGE ( 'NONE', *, *, #1318, .T. ) ;
#1571 = CYLINDRICAL_SURFACE ( 'NONE', #127, 6.999999999999978684 ) ;
#1572 = DIRECTION ( 'NONE',  ( 0.000000000000000000, -0.8435723532114173251, 0.5370155350614652656 ) ) ;
#1573 =( LENGTH_UNIT ( ) NAMED_UNIT ( * ) SI_UNIT ( .MILLI., .METRE. ) );
#1574 = AXIS2_PLACEMENT_3D ( 'NONE', #659, #398, #156 ) ;
#1575 = ORIENTED_EDGE ( 'NONE', *, *, #489, .F. ) ;
#1576 = EDGE_CURVE ( 'NONE', #1094, #1788, #2907, .T. ) ;
#1577 = CARTESIAN_POINT ( 'NONE',  ( -10.78852960328463340, 111.8688076255531314, 384.5904987380682769 ) ) ;
#1578 = VECTOR ( 'NONE', #1708, 1000.000000000000000 ) ;
#1579 = VECTOR ( 'NONE', #729, 1000.000000000000000 ) ;
#1580 = ORIENTED_EDGE ( 'NONE', *, *, #1228, .T. ) ;
#1581 = CARTESIAN_POINT ( 'NONE',  ( -6.788529603284633396, 147.6466137665772180, 155.6084586094511906 ) ) ;
#1582 = EDGE_CURVE ( 'NONE', #13, #2809, #606, .T. ) ;
#1583 = AXIS2_PLACEMENT_3D ( 'NONE', #1455, #119, #2886 ) ;
#1584 = AXIS2_PLACEMENT_3D ( 'NONE', #2457, #345, #2208 ) ;
#1585 = EDGE_LOOP ( 'NONE', ( #1623, #2398, #1346, #650 ) ) ;
#1586 = DIRECTION ( 'NONE',  ( -1.000000000000000000, -0.000000000000000000, -0.000000000000000000 ) ) ;
#1587 = CARTESIAN_POINT ( 'NONE',  ( -70.78852960328462984, 141.5584347898245881, 156.0890373847969101 ) ) ;
#1588 = CIRCLE ( 'NONE', #1150, 6.999999999999978684 ) ;
#1589 = VECTOR ( 'NONE', #55, 1000.000000000000227 ) ;
#1590 = DIRECTION ( 'NONE',  ( 0.000000000000000000, 0.000000000000000000, -1.000000000000000000 ) ) ;
#1591 = PLANE ( 'NONE',  #2174 ) ;
#1592 = VERTEX_POINT ( 'NONE', #2243 ) ;
#1593 = LINE ( 'NONE', #2089, #813 ) ;
#1594 = CARTESIAN_POINT ( 'NONE',  ( -6.788529603284633396, 97.00917494206585445, 162.0861362718193561 ) ) ;
#1595 = EDGE_CURVE ( 'NONE', #1136, #1358, #1563, .T. ) ;
#1596 = ORIENTED_EDGE ( 'NONE', *, *, #489, .T. ) ;
#1597 = DIRECTION ( 'NONE',  ( 0.000000000000000000, 0.000000000000000000, -1.000000000000000000 ) ) ;
#1598 = EDGE_LOOP ( 'NONE', ( #988, #634, #1471, #1545 ) ) ;
#1599 = CARTESIAN_POINT ( 'NONE',  ( -10.78852960328463340, 141.5581117127231039, 70.92190020000548145 ) ) ;
#1600 = EDGE_CURVE ( 'NONE', #1991, #2012, #163, .T. ) ;
#1601 = ADVANCED_FACE ( 'NONE', ( #1347 ), #1111, .T. ) ;
#1602 = EDGE_CURVE ( 'NONE', #2993, #1013, #649, .T. ) ;
#1603 = ORIENTED_EDGE ( 'NONE', *, *, #2252, .F. ) ;
#1604 = CARTESIAN_POINT ( 'NONE',  ( -8.788529603284633396, 86.78188868465922212, 155.7535580371800279 ) ) ;
#1605 = LINE ( 'NONE', #445, #123 ) ;
#1606 = CARTESIAN_POINT ( 'NONE',  ( -10.78852960328463340, 87.18133347901684260, 65.27112763743961921 ) ) ;
#1607 = CARTESIAN_POINT ( 'NONE',  ( -6.788529603284632508, 149.5238402131404030, 146.0489460920806550 ) ) ;
#1608 = LINE ( 'NONE', #2282, #2222 ) ;
#1609 = EDGE_LOOP ( 'NONE', ( #1835, #1654, #700, #1681 ) ) ;
#1610 = FACE_OUTER_BOUND ( 'NONE', #150, .T. ) ;
#1611 = DIRECTION ( 'NONE',  ( -0.000000000000000000, 0.5370155350614652656, 0.8435723532114173251 ) ) ;
#1612 = ORIENTED_EDGE ( 'NONE', *, *, #2395, .F. ) ;
#1613 = DIRECTION ( 'NONE',  ( 0.000000000000000000, 0.8898140419807351043, -0.4563233181571007546 ) ) ;
#1614 = VERTEX_POINT ( 'NONE', #1518 ) ;
#1615 = FACE_OUTER_BOUND ( 'NONE', #74, .T. ) ;
#1616 = ORIENTED_EDGE ( 'NONE', *, *, #5, .F. ) ;
#1617 = DIRECTION ( 'NONE',  ( 0.000000000000000000, 0.9976431163436479954, -0.06861641503411743115 ) ) ;
#1618 = EDGE_CURVE ( 'NONE', #1082, #2962, #2460, .T. ) ;
#1619 = CYLINDRICAL_SURFACE ( 'NONE', #1934, 223.0000000000000853 ) ;
#1620 = CARTESIAN_POINT ( 'NONE',  ( -6.788529603284633396, 148.3989623502216944, 74.91308569239109261 ) ) ;
#1621 = EDGE_CURVE ( 'NONE', #902, #2399, #512, .T. ) ;
#1622 = DIRECTION ( 'NONE',  ( 0.000000000000000000, 0.000000000000000000, -1.000000000000000000 ) ) ;
#1623 = ORIENTED_EDGE ( 'NONE', *, *, #1595, .T. ) ;
#1624 = EDGE_CURVE ( 'NONE', #1646, #1409, #1308, .T. ) ;
#1625 = DIRECTION ( 'NONE',  ( 0.000000000000000000, -0.9977774101625509484, 0.06663512414119440730 ) ) ;
#1626 = DIRECTION ( 'NONE',  ( -0.000000000000000000, 0.9976431163436478844, -0.06861641503411926302 ) ) ;
#1627 = ORIENTED_EDGE ( 'NONE', *, *, #2146, .F. ) ;
#1628 = DIRECTION ( 'NONE',  ( 0.000000000000000000, 0.000000000000000000, -1.000000000000000000 ) ) ;
#1629 = CARTESIAN_POINT ( 'NONE',  ( -10.78852960328463340, 111.8688076255531314, 384.5904987380682769 ) ) ;
#1630 = CIRCLE ( 'NONE', #2018, 6.999999999999978684 ) ;
#1631 = VERTEX_POINT ( 'NONE', #872 ) ;
#1632 = AXIS2_PLACEMENT_3D ( 'NONE', #305, #1938, #98 ) ;
#1633 = CLOSED_SHELL ( 'NONE', ( #96, #771, #2726, #2787, #1601, #241, #1304, #823, #221, #1767, #2238, #525, #828, #1844, #2358, #22, #2295, #2380, #336, #2987, #1941, #2706, #2503, #1317, #2744, #2269, #2217, #1184, #2067, #2436, #557, #27, #2591, #373 ) ) ;
#1634 = DIRECTION ( 'NONE',  ( 0.000000000000000000, 0.000000000000000000, -1.000000000000000000 ) ) ;
#1635 = FACE_OUTER_BOUND ( 'NONE', #3005, .T. ) ;
#1636 = VECTOR ( 'NONE', #1276, 1000.000000000000000 ) ;
#1637 = CARTESIAN_POINT ( 'NONE',  ( -8.788529603284633396, 127.1685802874970079, 162.1159677092494462 ) ) ;
#1638 = AXIS2_PLACEMENT_3D ( 'NONE', #2868, #726, #741 ) ;
#1639 = CARTESIAN_POINT ( 'NONE',  ( -70.78852960328462984, 78.63191675939015113, 158.8634014860263903 ) ) ;
#1640 = ORIENTED_EDGE ( 'NONE', *, *, #2204, .T. ) ;
#1641 = EDGE_CURVE ( 'NONE', #1646, #1631, #1124, .T. ) ;
#1642 = VECTOR ( 'NONE', #2832, 1000.000000000000000 ) ;
#1643 = EDGE_CURVE ( 'NONE', #1421, #1409, #3003, .T. ) ;
#1644 = DIRECTION ( 'NONE',  ( 1.000000000000000000, 0.000000000000000000, 0.000000000000000000 ) ) ;
#1645 = CARTESIAN_POINT ( 'NONE',  ( -70.78852960328462984, 151.7324134854724207, 138.1213361732967257 ) ) ;
#1646 = VERTEX_POINT ( 'NONE', #2937 ) ;
#1647 = CARTESIAN_POINT ( 'NONE',  ( -10.78852960328463340, 141.1467817137184397, 162.0748992062000866 ) ) ;
#1648 = CARTESIAN_POINT ( 'NONE',  ( -8.788529603284633396, 148.6291795245886078, 63.85083238814000595 ) ) ;
#1649 = VERTEX_POINT ( 'NONE', #2478 ) ;
#1650 = CARTESIAN_POINT ( 'NONE',  ( -8.788529603284633396, 87.24833455364762358, 162.7379999083178745 ) ) ;
#1651 = CARTESIAN_POINT ( 'NONE',  ( -6.788529603284633396, 87.24833455364762358, 162.7379999083178745 ) ) ;
#1652 = CARTESIAN_POINT ( 'NONE',  ( -8.788529603284633396, 69.37211971683422007, 77.11476058688803903 ) ) ;
#1653 = CARTESIAN_POINT ( 'NONE',  ( -70.78852960328462984, 78.55005808952117263, 68.26162717872141172 ) ) ;
#1654 = ORIENTED_EDGE ( 'NONE', *, *, #647, .T. ) ;
#1655 = CARTESIAN_POINT ( 'NONE',  ( -6.788529603284633396, 145.8011076652951203, 160.3316458833206752 ) ) ;
#1656 = LINE ( 'NONE', #2589, #360 ) ;
#1657 = ORIENTED_EDGE ( 'NONE', *, *, #295, .F. ) ;
#1658 = CARTESIAN_POINT ( 'NONE',  ( -8.788529603284633396, 81.41179733515532746, 164.1893223118609626 ) ) ;
#1659 = DIRECTION ( 'NONE',  ( 0.000000000000000000, -0.9976431163436479954, 0.06861641503411743115 ) ) ;
#1660 = EDGE_CURVE ( 'NONE', #1549, #394, #1294, .T. ) ;
#1661 = ORIENTED_EDGE ( 'NONE', *, *, #162, .F. ) ;
#1662 = DIRECTION ( 'NONE',  ( -1.000000000000000000, -0.000000000000000000, -0.000000000000000000 ) ) ;
#1663 = PLANE ( 'NONE',  #2918 ) ;
#1664 = DIRECTION ( 'NONE',  ( 0.000000000000000000, -0.06663512414119207583, -0.9977774101625512815 ) ) ;
#1665 = LINE ( 'NONE', #507, #2914 ) ;
#1666 = ORIENTED_EDGE ( 'NONE', *, *, #149, .T. ) ;
#1667 = CARTESIAN_POINT ( 'NONE',  ( -70.78852960328462984, 74.34390786165347720, 74.56507861618020172 ) ) ;
#1668 = CARTESIAN_POINT ( 'NONE',  ( -8.788529603284633396, 151.2440370947211079, 141.6572865280419080 ) ) ;
#1669 = ORIENTED_EDGE ( 'NONE', *, *, #187, .F. ) ;
#1670 = CARTESIAN_POINT ( 'NONE',  ( -70.78852960328462984, 86.78188868465922212, 155.7535580371800279 ) ) ;
#1671 = CARTESIAN_POINT ( 'NONE',  ( -10.78852960328463340, 145.8007523998428496, 66.67925951288664521 ) ) ;
#1672 = EDGE_CURVE ( 'NONE', #2304, #1273, #855, .T. ) ;
#1673 = ORIENTED_EDGE ( 'NONE', *, *, #368, .F. ) ;
#1674 = EDGE_CURVE ( 'NONE', #2965, #663, #393, .T. ) ;
#1675 = CARTESIAN_POINT ( 'NONE',  ( -10.78852960328463340, 141.5581117127231039, 64.92190020000548145 ) ) ;
#1676 = DIRECTION ( 'NONE',  ( 1.000000000000000000, 0.000000000000000000, 0.000000000000000000 ) ) ;
#1677 = CIRCLE ( 'NONE', #2656, 6.000000000000005329 ) ;
#1678 = CARTESIAN_POINT ( 'NONE',  ( -6.788529603284633396, 152.3092216666625518, 109.9207792691479710 ) ) ;
#1679 = CARTESIAN_POINT ( 'NONE',  ( -6.788529603284633396, 97.00880636688202685, 64.92513930375204723 ) ) ;
#1680 = VECTOR ( 'NONE', #2992, 999.9999999999998863 ) ;
#1681 = ORIENTED_EDGE ( 'NONE', *, *, #2674, .F. ) ;
#1682 = CIRCLE ( 'NONE', #1004, 9.999999999999994671 ) ;
#1683 = AXIS2_PLACEMENT_3D ( 'NONE', #892, #2333, #2508 ) ;
#1684 = VECTOR ( 'NONE', #29, 1000.000000000000114 ) ;
#1685 = DIRECTION ( 'NONE',  ( 0.000000000000000000, 0.000000000000000000, -1.000000000000000000 ) ) ;
#1686 = CARTESIAN_POINT ( 'NONE',  ( -8.788529603284633396, 152.9298351875889921, 127.4901718588423734 ) ) ;
#1687 = VERTEX_POINT ( 'NONE', #2746 ) ;
#1688 = AXIS2_PLACEMENT_3D ( 'NONE', #2880, #2439, #834 ) ;
#1689 = ORIENTED_EDGE ( 'NONE', *, *, #1044, .T. ) ;
#1690 = AXIS2_PLACEMENT_3D ( 'NONE', #2232, #1459, #306 ) ;
#1691 = CARTESIAN_POINT ( 'NONE',  ( -10.78852960328463340, 151.2440370947211079, 141.6572865280419080 ) ) ;
#1692 = DIRECTION ( 'NONE',  ( 0.000000000000000000, 0.000000000000000000, -1.000000000000000000 ) ) ;
#1693 =( GEOMETRIC_REPRESENTATION_CONTEXT ( 3 ) GLOBAL_UNCERTAINTY_ASSIGNED_CONTEXT ( ( #2654 ) ) GLOBAL_UNIT_ASSIGNED_CONTEXT ( ( #1573, #2023, #148 ) ) REPRESENTATION_CONTEXT ( 'NONE', 'WORKASPACE' ) );
#1694 = ORIENTED_EDGE ( 'NONE', *, *, #1740, .F. ) ;
#1695 = DIRECTION ( 'NONE',  ( 0.000000000000000000, 0.000000000000000000, 1.000000000000000000 ) ) ;
#1696 = CARTESIAN_POINT ( 'NONE',  ( -70.78852960328462984, 74.34427841265440406, 152.4464197340858505 ) ) ;
#1697 = EDGE_CURVE ( 'NONE', #1511, #2074, #605, .T. ) ;
#1698 = CARTESIAN_POINT ( 'NONE',  ( -10.78852960328463340, 127.1685802874970079, 162.1159677092494462 ) ) ;
#1699 = CARTESIAN_POINT ( 'NONE',  ( -70.78852960328462984, 77.07422376404981890, 70.32123261106740131 ) ) ;
#1700 = EDGE_CURVE ( 'NONE', #455, #2695, #1480, .T. ) ;
#1701 = CARTESIAN_POINT ( 'NONE',  ( -10.78852960328463340, 141.5581117127231039, 70.92190020000548145 ) ) ;
#1702 = ORIENTED_EDGE ( 'NONE', *, *, #865, .F. ) ;
#1703 = VERTEX_POINT ( 'NONE', #1202 ) ;
#1704 = DIRECTION ( 'NONE',  ( -1.000000000000000000, -0.000000000000000000, -0.000000000000000000 ) ) ;
#1705 = DIRECTION ( 'NONE',  ( 1.000000000000000000, 0.000000000000000000, 0.000000000000000000 ) ) ;
#1706 = DIRECTION ( 'NONE',  ( 0.000000000000000000, -0.7071014164207413133, 0.7071121459116519459 ) ) ;
#1707 = EDGE_LOOP ( 'NONE', ( #1021, #203, #1371, #824 ) ) ;
#1708 = DIRECTION ( 'NONE',  ( -1.000000000000000000, -0.000000000000000000, -0.000000000000000000 ) ) ;
#1709 = CARTESIAN_POINT ( 'NONE',  ( -8.788529603284633396, 146.6081054074559233, 66.07239895812648456 ) ) ;
#1710 = CARTESIAN_POINT ( 'NONE',  ( -70.78852960328462984, 149.4224006056927863, 152.2039154387895792 ) ) ;
#1711 = PRESENTATION_STYLE_ASSIGNMENT (( #2910 ) ) ;
#1712 = EDGE_CURVE ( 'NONE', #1005, #2447, #1859, .T. ) ;
#1713 = CARTESIAN_POINT ( 'NONE',  ( -6.788529603284633396, 146.6084652770728951, 160.9385003127597429 ) ) ;
#1714 = EDGE_CURVE ( 'NONE', #2399, #1097, #2794, .T. ) ;
#1715 = ORIENTED_EDGE ( 'NONE', *, *, #935, .T. ) ;
#1716 = B_SPLINE_SURFACE_WITH_KNOTS ( 'NONE', 3, 1, ( 
 ( #1137, #1419 ),
 ( #1372, #487 ),
 ( #2093, #932 ),
 ( #3011, #1891 ) ),
 .UNSPECIFIED., .F., .F., .F.,
 ( 4, 4 ),
 ( 2, 2 ),
 ( 0.9210948539180152661, 1.000000000000000000 ),
 ( 0.000000000000000000, 1.000000000000000000 ),
 .UNSPECIFIED. ) ;
#1717 = VERTEX_POINT ( 'NONE', #208 ) ;
#1718 = CARTESIAN_POINT ( 'NONE',  ( -10.78852960328463340, 148.3905240169370359, 152.1429731610229226 ) ) ;
#1719 = CARTESIAN_POINT ( 'NONE',  ( -70.78852960328462984, 140.8723463296477121, 166.0654737538021948 ) ) ;
#1720 = CARTESIAN_POINT ( 'NONE',  ( -8.788529603284633396, 86.78188868465922212, 155.7535580371800279 ) ) ;
#1721 = ORIENTED_EDGE ( 'NONE', *, *, #1253, .F. ) ;
#1722 = CARTESIAN_POINT ( 'NONE',  ( -8.788529603284633396, 146.6084652770729804, 160.9385003127598281 ) ) ;
#1723 = CARTESIAN_POINT ( 'NONE',  ( -6.788529603284633396, 141.1467817137184397, 162.0748992062000866 ) ) ;
#1724 = CARTESIAN_POINT ( 'NONE',  ( -8.788529603284633396, 148.6291795245886078, 63.85083238814000595 ) ) ;
#1725 = DIRECTION ( 'NONE',  ( 0.000000000000000000, 0.9977779156875835609, 0.06662755410595058714 ) ) ;
#1726 = ADVANCED_FACE ( 'NONE', ( #2320 ), #1716, .F. ) ;
#1727 = AXIS2_PLACEMENT_3D ( 'NONE', #2704, #2048, #431 ) ;
#1728 = CARTESIAN_POINT ( 'NONE',  ( -8.788529603284633396, 141.5581117127231039, 70.92190020000548145 ) ) ;
#1729 = AXIS2_PLACEMENT_3D ( 'NONE', #817, #151, #1073 ) ;
#1730 = CIRCLE ( 'NONE', #1975, 10.00000000001047340 ) ;
#1731 = ORIENTED_EDGE ( 'NONE', *, *, #2648, .F. ) ;
#1732 = AXIS2_PLACEMENT_3D ( 'NONE', #1007, #346, #1024 ) ;
#1733 = VECTOR ( 'NONE', #2117, 1000.000000000000000 ) ;
#1734 = EDGE_CURVE ( 'NONE', #1123, #298, #2563, .T. ) ;
#1735 = ORIENTED_EDGE ( 'NONE', *, *, #1995, .F. ) ;
#1736 = DIRECTION ( 'NONE',  ( 0.000000000000000000, 0.000000000000000000, -1.000000000000000000 ) ) ;
#1737 = LINE ( 'NONE', #2839, #1926 ) ;
#1738 = AXIS2_PLACEMENT_3D ( 'NONE', #2611, #479, #1922 ) ;
#1739 = CARTESIAN_POINT ( 'NONE',  ( -10.78852960328463340, 141.5584347898245881, 156.0890373847969101 ) ) ;
#1740 = EDGE_CURVE ( 'NONE', #2916, #450, #2592, .T. ) ;
#1741 = AXIS2_PLACEMENT_3D ( 'NONE', #229, #1439, #1659 ) ;
#1742 = ORIENTED_EDGE ( 'NONE', *, *, #1861, .F. ) ;
#1743 = DIRECTION ( 'NONE',  ( 0.000000000000000000, 0.000000000000000000, -1.000000000000000000 ) ) ;
#1744 = DIRECTION ( 'NONE',  ( -1.000000000000000000, -0.000000000000000000, -0.000000000000000000 ) ) ;
#1745 = AXIS2_PLACEMENT_3D ( 'NONE', #288, #79, #1984 ) ;
#1746 = CARTESIAN_POINT ( 'NONE',  ( -70.78852960328462984, 151.6583579292496324, 71.02214638096704391 ) ) ;
#1747 =( LENGTH_UNIT ( ) NAMED_UNIT ( * ) SI_UNIT ( .MILLI., .METRE. ) );
#1748 = CARTESIAN_POINT ( 'NONE',  ( -70.78852960328462984, 111.8688076255531314, 384.5904987380682769 ) ) ;
#1749 = ORIENTED_EDGE ( 'NONE', *, *, #1797, .T. ) ;
#1750 = ORIENTED_EDGE ( 'NONE', *, *, #2803, .T. ) ;
#1751 = DIRECTION ( 'NONE',  ( -1.000000000000000000, -0.000000000000000000, -0.000000000000000000 ) ) ;
#1752 = EDGE_CURVE ( 'NONE', #2287, #1991, #474, .T. ) ;
#1753 = CARTESIAN_POINT ( 'NONE',  ( -10.78852960328463340, 141.5584347898245881, 156.0890373847969101 ) ) ;
#1754 = FACE_OUTER_BOUND ( 'NONE', #2091, .T. ) ;
#1755 = ORIENTED_EDGE ( 'NONE', *, *, #1618, .F. ) ;
#1756 = EDGE_CURVE ( 'NONE', #748, #2221, #1182, .T. ) ;
#1757 = LINE ( 'NONE', #1458, #1096 ) ;
#1758 = ORIENTED_EDGE ( 'NONE', *, *, #1936, .F. ) ;
#1759 = DIRECTION ( 'NONE',  ( 0.000000000000000000, 0.000000000000000000, -1.000000000000000000 ) ) ;
#1760 = CARTESIAN_POINT ( 'NONE',  ( -6.788529603284633396, 87.18169942950642337, 161.7402224981553331 ) ) ;
#1761 = DIRECTION ( 'NONE',  ( -1.000000000000000000, -0.000000000000000000, -0.000000000000000000 ) ) ;
#1762 = DIRECTION ( 'NONE',  ( 0.000000000000000000, 0.000000000000000000, -1.000000000000000000 ) ) ;
#1763 = VERTEX_POINT ( 'NONE', #2765 ) ;
#1764 = ORIENTED_EDGE ( 'NONE', *, *, #595, .T. ) ;
#1765 = CARTESIAN_POINT ( 'NONE',  ( -8.788529603284633396, 146.5078591810289481, 65.97215273169965144 ) ) ;
#1766 = CARTESIAN_POINT ( 'NONE',  ( -8.788529603284633396, 141.6583579391500223, 71.02214642643238562 ) ) ;
#1767 = ADVANCED_FACE ( 'NONE', ( #2531 ), #34, .T. ) ;
#1768 = ORIENTED_EDGE ( 'NONE', *, *, #803, .T. ) ;
#1769 = CARTESIAN_POINT ( 'NONE',  ( -70.78852960328462984, 148.6520442482434987, 71.31938675007729955 ) ) ;
#1770 = ORIENTED_EDGE ( 'NONE', *, *, #295, .T. ) ;
#1771 = CARTESIAN_POINT ( 'NONE',  ( -10.78852960328463340, 148.3905240169370359, 152.1429731610229226 ) ) ;
#1772 = EDGE_CURVE ( 'NONE', #394, #1434, #2036, .T. ) ;
#1773 = EDGE_CURVE ( 'NONE', #537, #2327, #35, .T. ) ;
#1774 = DIRECTION ( 'NONE',  ( 1.000000000000000000, 0.000000000000000000, 0.000000000000000000 ) ) ;
#1775 = DIRECTION ( 'NONE',  ( 0.000000000000000000, 0.000000000000000000, -1.000000000000000000 ) ) ;
#1776 = FACE_OUTER_BOUND ( 'NONE', #1903, .T. ) ;
#1777 = AXIS2_PLACEMENT_3D ( 'NONE', #2725, #2310, #2507 ) ;
#1778 = ORIENTED_EDGE ( 'NONE', *, *, #1833, .T. ) ;
#1779 = CIRCLE ( 'NONE', #366, 7.000000000000006217 ) ;
#1780 = ORIENTED_EDGE ( 'NONE', *, *, #1506, .T. ) ;
#1781 = CARTESIAN_POINT ( 'NONE',  ( -10.78852960328463340, 149.0655129466282176, 148.6660819240966305 ) ) ;
#1782 = VECTOR ( 'NONE', #57, 1000.000000000000000 ) ;
#1783 = VECTOR ( 'NONE', #282, 999.9999999999998863 ) ;
#1784 = ORIENTED_EDGE ( 'NONE', *, *, #1462, .F. ) ;
#1785 = VECTOR ( 'NONE', #291, 1000.000000000000114 ) ;
#1786 = AXIS2_PLACEMENT_3D ( 'NONE', #1701, #1213, #61 ) ;
#1787 = DIRECTION ( 'NONE',  ( -0.000000000000000000, 0.06663512414119500404, 0.9977774101625510594 ) ) ;
#1788 = VERTEX_POINT ( 'NONE', #454 ) ;
#1789 = CYLINDRICAL_SURFACE ( 'NONE', #2476, 6.999999999999992006 ) ;
#1790 = CIRCLE ( 'NONE', #965, 7.000000000000006217 ) ;
#1791 = LINE ( 'NONE', #1805, #2905 ) ;
#1792 = ADVANCED_FACE ( 'NONE', ( #670 ), #1170, .F. ) ;
#1793 = CIRCLE ( 'NONE', #2621, 6.999999999999978684 ) ;
#1794 = SURFACE_STYLE_USAGE ( .BOTH. , #186 ) ;
#1795 = DIRECTION ( 'NONE',  ( -1.000000000000000000, -0.000000000000000000, -0.000000000000000000 ) ) ;
#1796 = VERTEX_POINT ( 'NONE', #17 ) ;
#1797 = EDGE_CURVE ( 'NONE', #2973, #2291, #2957, .T. ) ;
#1798 = DIRECTION ( 'NONE',  ( 1.000000000000000000, 0.000000000000000000, 0.000000000000000000 ) ) ;
#1799 = DIRECTION ( 'NONE',  ( -1.000000000000000000, -0.000000000000000000, -0.000000000000000000 ) ) ;
#1800 = ORIENTED_EDGE ( 'NONE', *, *, #2204, .F. ) ;
#1801 = CARTESIAN_POINT ( 'NONE',  ( -70.78852960328462984, 86.78188868465922212, 155.7535580371800279 ) ) ;
#1802 = ORIENTED_EDGE ( 'NONE', *, *, #1364, .T. ) ;
#1803 = CYLINDRICAL_SURFACE ( 'NONE', #770, 9.999999999999980460 ) ;
#1804 = ORIENTED_EDGE ( 'NONE', *, *, #59, .T. ) ;
#1805 = CARTESIAN_POINT ( 'NONE',  ( -10.78852960328463340, 146.6081054074559518, 66.07239895812647035 ) ) ;
#1806 = PLANE ( 'NONE',  #913 ) ;
#1807 = DIRECTION ( 'NONE',  ( -1.000000000000000000, -0.000000000000000000, -0.000000000000000000 ) ) ;
#1808 = ORIENTED_EDGE ( 'NONE', *, *, #2674, .T. ) ;
#1809 = EDGE_CURVE ( 'NONE', #2853, #2871, #130, .T. ) ;
#1810 = EDGE_CURVE ( 'NONE', #1953, #1136, #2911, .T. ) ;
#1811 = PLANE ( 'NONE',  #1242 ) ;
#1812 = DIRECTION ( 'NONE',  ( -1.000000000000000000, -0.000000000000000000, -0.000000000000000000 ) ) ;
#1813 = ORIENTED_EDGE ( 'NONE', *, *, #1465, .T. ) ;
#1814 = DIRECTION ( 'NONE',  ( -1.000000000000000000, -0.000000000000000000, -0.000000000000000000 ) ) ;
#1815 = ORIENTED_EDGE ( 'NONE', *, *, #976, .T. ) ;
#1816 = DIRECTION ( 'NONE',  ( 0.000000000000000000, 0.000000000000000000, -1.000000000000000000 ) ) ;
#1817 = VERTEX_POINT ( 'NONE', #1647 ) ;
#1818 = CARTESIAN_POINT ( 'NONE',  ( -10.78852960328463340, 111.8667509325086229, -157.5793358945792022 ) ) ;
#1819 = DIRECTION ( 'NONE',  ( 0.000000000000000000, 0.000000000000000000, -1.000000000000000000 ) ) ;
#1820 = B_SPLINE_SURFACE_WITH_KNOTS ( 'NONE', 2, 1, ( 
 ( #137, #1385 ),
 ( #1051, #190 ),
 ( #1148, #2086 ) ),
 .UNSPECIFIED., .F., .F., .F.,
 ( 3, 3 ),
 ( 2, 2 ),
 ( 0.4989215949451863419, 0.5010784046110073886 ),
 ( 0.000000000000000000, 1.000000000000000000 ),
 .UNSPECIFIED. ) ;
#1821 = CARTESIAN_POINT ( 'NONE',  ( -6.788529603284634284, 150.9573208179257051, 136.1887244861917452 ) ) ;
#1822 = CARTESIAN_POINT ( 'NONE',  ( -6.788529603284633396, 87.24833455364762358, 162.7379999083178745 ) ) ;
#1823 = EDGE_CURVE ( 'NONE', #1284, #2862, #2546, .T. ) ;
#1824 = ORIENTED_EDGE ( 'NONE', *, *, #1154, .T. ) ;
#1825 = ORIENTED_EDGE ( 'NONE', *, *, #1883, .T. ) ;
#1826 = CARTESIAN_POINT ( 'NONE',  ( -8.788529603284633396, 78.71924041441207009, 68.09220448043291185 ) ) ;
#1827 = CIRCLE ( 'NONE', #213, 220.0000000000000568 ) ;
#1828 = ORIENTED_EDGE ( 'NONE', *, *, #1809, .T. ) ;
#1829 = DIRECTION ( 'NONE',  ( -1.000000000000000000, -0.000000000000000000, -0.000000000000000000 ) ) ;
#1830 = VECTOR ( 'NONE', #2518, 1000.000000000000227 ) ;
#1831 = ORIENTED_EDGE ( 'NONE', *, *, #1936, .T. ) ;
#1832 = CARTESIAN_POINT ( 'NONE',  ( -6.788529603284633396, 150.7412758754041135, 138.1776184708321580 ) ) ;
#1833 = EDGE_CURVE ( 'NONE', #2504, #2888, #735, .T. ) ;
#1834 = AXIS2_PLACEMENT_3D ( 'NONE', #1948, #1705, #535 ) ;
#1835 = ORIENTED_EDGE ( 'NONE', *, *, #1576, .T. ) ;
#1836 = CARTESIAN_POINT ( 'NONE',  ( -70.78852960328462984, 154.0856182918941499, 106.2906200821180107 ) ) ;
#1837 = LINE ( 'NONE', #877, #1435 ) ;
#1838 = VECTOR ( 'NONE', #921, 1000.000000000000000 ) ;
#1839 = CARTESIAN_POINT ( 'NONE',  ( -6.788529603284635172, 151.0339436367656276, 135.5309558289676772 ) ) ;
#1840 = DIRECTION ( 'NONE',  ( 0.000000000000000000, -0.4563166472621655312, 0.8898174629840753802 ) ) ;
#1841 = ORIENTED_EDGE ( 'NONE', *, *, #2451, .F. ) ;
#1842 = ORIENTED_EDGE ( 'NONE', *, *, #1044, .F. ) ;
#1843 = CARTESIAN_POINT ( 'NONE',  ( -8.788529603284631619, 153.3089929023350919, 114.2577070648556514 ) ) ;
#1844 = ADVANCED_FACE ( 'NONE', ( #2432 ), #302, .T. ) ;
#1845 = ORIENTED_EDGE ( 'NONE', *, *, #731, .F. ) ;
#1846 = CARTESIAN_POINT ( 'NONE',  ( -10.78852960328463340, 148.6523643092002942, 155.6914970079084526 ) ) ;
#1847 = ORIENTED_EDGE ( 'NONE', *, *, #2309, .F. ) ;
#1848 = CARTESIAN_POINT ( 'NONE',  ( -8.788529603284633396, 111.8667509325086229, -157.5793358945792022 ) ) ;
#1849 = EDGE_CURVE ( 'NONE', #1358, #1097, #270, .T. ) ;
#1850 = EDGE_LOOP ( 'NONE', ( #2179, #2649, #1401, #1824, #1559, #1862, #1914, #495, #39, #364, #2822, #2103, #1813, #2047, #1278, #2462, #1780, #868, #1640, #2000, #116, #1049, #1749, #239, #3009, #792, #1215, #2026, #782, #1251, #1368, #600 ) ) ;
#1851 = DIRECTION ( 'NONE',  ( 1.000000000000000000, 0.000000000000000000, 0.000000000000000000 ) ) ;
#1852 = CARTESIAN_POINT ( 'NONE',  ( -10.78852960328463340, 145.9013531311611302, 160.2313988963392717 ) ) ;
#1853 = CARTESIAN_POINT ( 'NONE',  ( -6.788529603284635172, 148.8003625849634375, 76.98208146797803408 ) ) ;
#1854 = CARTESIAN_POINT ( 'NONE',  ( -70.78852960328462984, 77.07422376404981890, 70.32123261106740131 ) ) ;
#1855 = VERTEX_POINT ( 'NONE', #2387 ) ;
#1856 = CARTESIAN_POINT ( 'NONE',  ( -8.788529603284633396, 141.5581117127231039, 70.92190020000548145 ) ) ;
#1857 = DIRECTION ( 'NONE',  ( -1.000000000000000000, -0.000000000000000000, -0.000000000000000000 ) ) ;
#1858 = ORIENTED_EDGE ( 'NONE', *, *, #1405, .F. ) ;
#1859 = LINE ( 'NONE', #252, #217 ) ;
#1860 = DIRECTION ( 'NONE',  ( 1.000000000000000000, 0.000000000000000000, 0.000000000000000000 ) ) ;
#1861 = EDGE_CURVE ( 'NONE', #3020, #1796, #561, .T. ) ;
#1862 = ORIENTED_EDGE ( 'NONE', *, *, #577, .T. ) ;
#1863 = DIRECTION ( 'NONE',  ( -0.000000000000000000, -0.7071014164205455810, 0.7071121459118476782 ) ) ;
#1864 = CARTESIAN_POINT ( 'NONE',  ( -70.78852960328462984, 78.63191675939015113, 158.8634014860263903 ) ) ;
#1865 = EDGE_CURVE ( 'NONE', #2182, #841, #2165, .T. ) ;
#1866 = CARTESIAN_POINT ( 'NONE',  ( -6.788529603284633396, 151.4492339223265560, 95.37943334931597406 ) ) ;
#1867 = LINE ( 'NONE', #2161, #766 ) ;
#1868 = ORIENTED_EDGE ( 'NONE', *, *, #1172, .T. ) ;
#1869 = CARTESIAN_POINT ( 'NONE',  ( -70.78852960328462984, 141.6583579391500223, 71.02214642643238562 ) ) ;
#1870 = CARTESIAN_POINT ( 'NONE',  ( -70.78852960328462984, 76.17736285251156403, 160.5885394980261367 ) ) ;
#1871 = ORIENTED_EDGE ( 'NONE', *, *, #2484, .T. ) ;
#1872 = DIRECTION ( 'NONE',  ( 0.000000000000000000, 0.000000000000000000, -1.000000000000000000 ) ) ;
#1873 = FACE_OUTER_BOUND ( 'NONE', #844, .T. ) ;
#1874 = CIRCLE ( 'NONE', #30, 6.000000000000005329 ) ;
#1875 = VERTEX_POINT ( 'NONE', #2401 ) ;
#1876 = VECTOR ( 'NONE', #2690, 1000.000000000000114 ) ;
#1877 = CIRCLE ( 'NONE', #1195, 9.999999999999980460 ) ;
#1878 = DIRECTION ( 'NONE',  ( 0.000000000000000000, 0.000000000000000000, -1.000000000000000000 ) ) ;
#1879 = LINE ( 'NONE', #706, #1785 ) ;
#1880 = CIRCLE ( 'NONE', #86, 220.0000000000000568 ) ;
#1881 = EDGE_CURVE ( 'NONE', #1687, #251, #1499, .T. ) ;
#1882 = PLANE ( 'NONE',  #2852 ) ;
#1883 = EDGE_CURVE ( 'NONE', #2207, #450, #993, .T. ) ;
#1884 = CARTESIAN_POINT ( 'NONE',  ( -70.78852960328462984, 141.5584347898245881, 163.0890373847968817 ) ) ;
#1885 = ORIENTED_EDGE ( 'NONE', *, *, #1330, .T. ) ;
#1886 = AXIS2_PLACEMENT_3D ( 'NONE', #568, #2189, #323 ) ;
#1887 = CARTESIAN_POINT ( 'NONE',  ( -70.78852960328462984, 146.6081054074559233, 66.07239895812648456 ) ) ;
#1888 = CARTESIAN_POINT ( 'NONE',  ( -8.788529603284633396, 149.4224006056927863, 152.2039154387895792 ) ) ;
#1889 = EDGE_CURVE ( 'NONE', #2888, #2720, #2267, .T. ) ;
#1890 = VERTEX_POINT ( 'NONE', #1915 ) ;
#1891 = CARTESIAN_POINT ( 'NONE',  ( -70.78852960328462984, 78.63191675939015113, 158.8634014860263903 ) ) ;
#1892 = CARTESIAN_POINT ( 'NONE',  ( -8.788529603284633396, 140.8719475623819335, 60.94546903656900128 ) ) ;
#1893 = ORIENTED_EDGE ( 'NONE', *, *, #2109, .F. ) ;
#1894 = DIRECTION ( 'NONE',  ( -1.000000000000000000, -0.000000000000000000, -0.000000000000000000 ) ) ;
#1895 = CARTESIAN_POINT ( 'NONE',  ( -8.788529603284633396, 111.8667509325086229, -157.5793358945792022 ) ) ;
#1896 = CARTESIAN_POINT ( 'NONE',  ( -6.788529603284633396, 148.7479147925276663, 76.71040340310513272 ) ) ;
#1897 = DIRECTION ( 'NONE',  ( -0.000000000000000000, 0.9977779156875835609, 0.06662755410595060102 ) ) ;
#1898 = EDGE_LOOP ( 'NONE', ( #946, #2106, #2319, #2510 ) ) ;
#1899 = CARTESIAN_POINT ( 'NONE',  ( -8.788529603284633396, 87.24833455364762358, 162.7379999083178745 ) ) ;
#1900 = FACE_OUTER_BOUND ( 'NONE', #1090, .T. ) ;
#1901 = EDGE_CURVE ( 'NONE', #1511, #898, #2662, .T. ) ;
#1902 = EDGE_CURVE ( 'NONE', #797, #2334, #1217, .T. ) ;
#1903 = EDGE_LOOP ( 'NONE', ( #164, #1482, #1596, #1386 ) ) ;
#1904 = CARTESIAN_POINT ( 'NONE',  ( -10.78852960328463340, 149.4224006056927863, 152.2039154387895792 ) ) ;
#1905 = CYLINDRICAL_SURFACE ( 'NONE', #1061, 223.0000000000000853 ) ;
#1906 = ORIENTED_EDGE ( 'NONE', *, *, #2147, .F. ) ;
#1907 = DIRECTION ( 'NONE',  ( -1.000000000000000000, -0.000000000000000000, -0.000000000000000000 ) ) ;
#1908 = CARTESIAN_POINT ( 'NONE',  ( -70.78852960328462984, 146.5082198112068852, 161.0387472997413170 ) ) ;
#1909 = CARTESIAN_POINT ( 'NONE',  ( -70.78852960328462984, 69.37211971683422007, 77.11476058688803903 ) ) ;
#1910 = CARTESIAN_POINT ( 'NONE',  ( -8.788529603284633396, 86.78156815438114791, 71.25779513156508926 ) ) ;
#1911 = EDGE_LOOP ( 'NONE', ( #62, #2297, #194, #618 ) ) ;
#1912 = CARTESIAN_POINT ( 'NONE',  ( -6.788529603284634284, 153.3199347406714708, 127.4785828182926650 ) ) ;
#1913 = DIRECTION ( 'NONE',  ( 0.000000000000000000, 0.9977774101625509484, -0.06663512414119487914 ) ) ;
#1914 = ORIENTED_EDGE ( 'NONE', *, *, #2201, .T. ) ;
#1915 = CARTESIAN_POINT ( 'NONE',  ( -6.788529603284633396, 127.2371891335146756, 161.1183240723489121 ) ) ;
#1916 = EDGE_CURVE ( 'NONE', #2447, #2835, #2710, .T. ) ;
#1917 = ORIENTED_EDGE ( 'NONE', *, *, #1773, .F. ) ;
#1918 = DIRECTION ( 'NONE',  ( -1.000000000000000000, -0.000000000000000000, -0.000000000000000000 ) ) ;
#1919 = AXIS2_PLACEMENT_3D ( 'NONE', #2723, #2996, #185 ) ;
#1920 = ORIENTED_EDGE ( 'NONE', *, *, #879, .T. ) ;
#1921 = EDGE_CURVE ( 'NONE', #2888, #182, #333, .T. ) ;
#1922 = DIRECTION ( 'NONE',  ( 0.000000000000000000, 0.000000000000000000, -1.000000000000000000 ) ) ;
#1923 = AXIS2_PLACEMENT_3D ( 'NONE', #635, #2255, #2719 ) ;
#1924 = DIRECTION ( 'NONE',  ( 0.000000000000000000, 0.000000000000000000, 1.000000000000000000 ) ) ;
#1925 = CARTESIAN_POINT ( 'NONE',  ( -10.78852960328463340, 145.8007523998428496, 66.67925951288664521 ) ) ;
#1926 = VECTOR ( 'NONE', #516, 1000.000000000000000 ) ;
#1927 = AXIS2_PLACEMENT_3D ( 'NONE', #2989, #1798, #2728 ) ;
#1928 = CIRCLE ( 'NONE', #610, 7.000000000000144773 ) ;
#1929 = VECTOR ( 'NONE', #1306, 1000.000000000000114 ) ;
#1930 = CARTESIAN_POINT ( 'NONE',  ( -6.788529603284633396, 127.2371891335147041, 161.1183240723489121 ) ) ;
#1931 = ORIENTED_EDGE ( 'NONE', *, *, #2672, .F. ) ;
#1932 = AXIS2_PLACEMENT_3D ( 'NONE', #89, #2928, #1725 ) ;
#1933 = VERTEX_POINT ( 'NONE', #1467 ) ;
#1934 = AXIS2_PLACEMENT_3D ( 'NONE', #1895, #2552, #244 ) ;
#1935 = CARTESIAN_POINT ( 'NONE',  ( -8.788529603284633396, 148.6291795245886078, 63.85083238814000595 ) ) ;
#1936 = EDGE_CURVE ( 'NONE', #2757, #2244, #2564, .T. ) ;
#1937 = ORIENTED_EDGE ( 'NONE', *, *, #2645, .F. ) ;
#1938 = DIRECTION ( 'NONE',  ( -1.000000000000000000, -0.000000000000000000, -0.000000000000000000 ) ) ;
#1939 = FACE_OUTER_BOUND ( 'NONE', #2890, .T. ) ;
#1940 = EDGE_CURVE ( 'NONE', #754, #1123, #464, .T. ) ;
#1941 = ADVANCED_FACE ( 'NONE', ( #578 ), #2651, .T. ) ;
#1942 = CARTESIAN_POINT ( 'NONE',  ( -8.788529603284633396, 146.6084652770729804, 160.9385003127598281 ) ) ;
#1943 = SURFACE_SIDE_STYLE ('',( #143 ) ) ;
#1944 = DIRECTION ( 'NONE',  ( -1.000000000000000000, -0.000000000000000000, -0.000000000000000000 ) ) ;
#1945 = ORIENTED_EDGE ( 'NONE', *, *, #1350, .F. ) ;
#1946 = EDGE_LOOP ( 'NONE', ( #216, #2842, #399, #2110 ) ) ;
#1947 = CARTESIAN_POINT ( 'NONE',  ( -10.78852960328463340, 147.6466137665757401, 155.6084586094512758 ) ) ;
#1948 = CARTESIAN_POINT ( 'NONE',  ( -8.788529603284633396, 111.8688076255531314, 384.5904987380682769 ) ) ;
#1949 = CARTESIAN_POINT ( 'NONE',  ( -8.788529603284633396, 148.7294257510154978, 63.95107861456691722 ) ) ;
#1950 = ORIENTED_EDGE ( 'NONE', *, *, #1902, .F. ) ;
#1951 = CARTESIAN_POINT ( 'NONE',  ( -8.788529603284633396, 141.5584347898245881, 156.0890373847969101 ) ) ;
#1952 = EDGE_CURVE ( 'NONE', #1497, #3, #1737, .T. ) ;
#1953 = VERTEX_POINT ( 'NONE', #1438 ) ;
#1954 = CARTESIAN_POINT ( 'NONE',  ( -70.78852960328462984, 78.63191675939015113, 158.8634014860263903 ) ) ;
#1955 = CARTESIAN_POINT ( 'NONE',  ( -6.788529603284633396, 141.1464132225184187, 64.93604150194359192 ) ) ;
#1956 = EDGE_CURVE ( 'NONE', #1097, #689, #2444, .T. ) ;
#1957 = DIRECTION ( 'NONE',  ( 1.000000000000000000, 0.000000000000000000, 0.000000000000000000 ) ) ;
#1958 = ADVANCED_FACE ( 'NONE', ( #2774 ), #911, .F. ) ;
#1959 = CARTESIAN_POINT ( 'NONE',  ( -70.78852960328462984, 87.24833455364762358, 162.7379999083178745 ) ) ;
#1960 = ORIENTED_EDGE ( 'NONE', *, *, #1881, .F. ) ;
#1961 = EDGE_CURVE ( 'NONE', #920, #357, #359, .T. ) ;
#1962 = ORIENTED_EDGE ( 'NONE', *, *, #1188, .T. ) ;
#1963 = CARTESIAN_POINT ( 'NONE',  ( -8.788529603284633396, 148.6295562489418387, 163.1600515490035264 ) ) ;
#1964 = DIRECTION ( 'NONE',  ( -1.000000000000000000, -0.000000000000000000, -0.000000000000000000 ) ) ;
#1965 = CARTESIAN_POINT ( 'NONE',  ( -8.788529603284633396, 87.44823992607120999, 165.7313321388055272 ) ) ;
#1966 = ORIENTED_EDGE ( 'NONE', *, *, #1196, .T. ) ;
#1967 = CARTESIAN_POINT ( 'NONE',  ( -8.788529603284633396, 83.02245940895092247, 65.35278865908517787 ) ) ;
#1968 = FACE_OUTER_BOUND ( 'NONE', #2224, .T. ) ;
#1969 = B_SPLINE_CURVE_WITH_KNOTS ( 'NONE', 2,
 ( #1870, #715, #990 ),
 .UNSPECIFIED., .F., .F.,
 ( 3, 3 ),
 ( 0.4979443789188927050, 0.4984111801041793965 ),
 .UNSPECIFIED. ) ;
#1970 = DIRECTION ( 'NONE',  ( 0.000000000000000000, 0.7071067811861071473, -0.7071067811869881092 ) ) ;
#1971 = LINE ( 'NONE', #2084, #521 ) ;
#1972 = VECTOR ( 'NONE', #1774, 1000.000000000000000 ) ;
#1973 = DIRECTION ( 'NONE',  ( -1.000000000000000000, -0.000000000000000000, -0.000000000000000000 ) ) ;
#1974 = AXIS2_PLACEMENT_3D ( 'NONE', #1027, #768, #2925 ) ;
#1975 = AXIS2_PLACEMENT_3D ( 'NONE', #2153, #2400, #301 ) ;
#1976 = EDGE_LOOP ( 'NONE', ( #2762, #1804, #871, #1343 ) ) ;
#1977 = VECTOR ( 'NONE', #435, 1000.000000000000227 ) ;
#1978 = CIRCLE ( 'NONE', #2663, 7.000000000000158984 ) ;
#1979 = ADVANCED_FACE ( 'NONE', ( #2065 ), #679, .F. ) ;
#1980 = VERTEX_POINT ( 'NONE', #1822 ) ;
#1981 = LINE ( 'NONE', #1023, #372 ) ;
#1982 = DIRECTION ( 'NONE',  ( -1.000000000000000000, -0.000000000000000000, -0.000000000000000000 ) ) ;
#1983 =( GEOMETRIC_REPRESENTATION_CONTEXT ( 3 ) GLOBAL_UNCERTAINTY_ASSIGNED_CONTEXT ( ( #2338 ) ) GLOBAL_UNIT_ASSIGNED_CONTEXT ( ( #2786, #1541, #2537 ) ) REPRESENTATION_CONTEXT ( 'NONE', 'WORKASPACE' ) );
#1984 = DIRECTION ( 'NONE',  ( 0.000000000000000000, 0.000000000000000000, -1.000000000000000000 ) ) ;
#1985 = ORIENTED_EDGE ( 'NONE', *, *, #994, .F. ) ;
#1986 = DIRECTION ( 'NONE',  ( 1.000000000000000000, 0.000000000000000000, 0.000000000000000000 ) ) ;
#1987 = CARTESIAN_POINT ( 'NONE',  ( -8.788529603284633396, 141.5584347898245881, 166.0890373847968817 ) ) ;
#1988 = DIRECTION ( 'NONE',  ( 0.000000000000000000, 0.000000000000000000, -1.000000000000000000 ) ) ;
#1989 = CARTESIAN_POINT ( 'NONE',  ( -10.78852960328463340, 87.24796103312279172, 64.27334972175202665 ) ) ;
#1990 = CARTESIAN_POINT ( 'NONE',  ( -70.78852960328462984, 69.37240904636831829, 149.8967431383482278 ) ) ;
#1991 = VERTEX_POINT ( 'NONE', #215 ) ;
#1992 = ORIENTED_EDGE ( 'NONE', *, *, #1621, .F. ) ;
#1993 = CYLINDRICAL_SURFACE ( 'NONE', #1198, 223.0000000000000853 ) ;
#1994 = LINE ( 'NONE', #2541, #517 ) ;
#1995 = EDGE_CURVE ( 'NONE', #2399, #2853, #1994, .T. ) ;
#1996 = CARTESIAN_POINT ( 'NONE',  ( 0.000000000000000000, 0.000000000000000000, 0.000000000000000000 ) ) ;
#1997 = EDGE_CURVE ( 'NONE', #857, #2635, #1928, .T. ) ;
#1998 = EDGE_LOOP ( 'NONE', ( #2066, #1079, #1512, #2903 ) ) ;
#1999 = DIRECTION ( 'NONE',  ( 0.000000000000000000, 0.000000000000000000, -1.000000000000000000 ) ) ;
#2000 = ORIENTED_EDGE ( 'NONE', *, *, #954, .T. ) ;
#2001 = CARTESIAN_POINT ( 'NONE',  ( -10.78852960328463340, 149.0638564651132469, 78.33744187205783760 ) ) ;
#2002 = CARTESIAN_POINT ( 'NONE',  ( -70.78852960328462984, 83.02245940895092247, 65.35278865908517787 ) ) ;
#2003 = CARTESIAN_POINT ( 'NONE',  ( -70.78852960328462984, 81.41179733515532746, 164.1893223118609626 ) ) ;
#2004 = CARTESIAN_POINT ( 'NONE',  ( -8.788529603284633396, 148.6295562489418387, 163.1600515490035264 ) ) ;
#2005 = ORIENTED_EDGE ( 'NONE', *, *, #1208, .T. ) ;
#2006 = B_SPLINE_CURVE_WITH_KNOTS ( 'NONE', 3,
 ( #1947, #2945, #1718, #1781, #332, #2900, #1081, #2008, #852, #2716, #390, #793, #1483, #1261, #576, #1560, #2496 ),
 .UNSPECIFIED., .F., .F.,
 ( 4, 2, 1, 2, 2, 2, 1, 1, 2, 4 ),
 ( 0.000000000000000000, 0.06249999999999952816, 0.1249999999999990563, 0.2499999999999991118, 0.4999999999999991118, 0.6249999999999991118, 0.7499999999999992228, 0.8749999999999992228, 0.9374999999999995559, 1.000000000000000000 ),
 .UNSPECIFIED. ) ;
#2007 = ORIENTED_EDGE ( 'NONE', *, *, #2841, .T. ) ;
#2008 = CARTESIAN_POINT ( 'NONE',  ( -10.78852960328463340, 152.3126022208096799, 120.5357949267564948 ) ) ;
#2009 = ORIENTED_EDGE ( 'NONE', *, *, #1465, .F. ) ;
#2010 = PRODUCT_DEFINITION ( 'UNKNOWN', '', #1155, #250 ) ;
#2011 = DIRECTION ( 'NONE',  ( -1.000000000000000000, -0.000000000000000000, -0.000000000000000000 ) ) ;
#2012 = VERTEX_POINT ( 'NONE', #840 ) ;
#2013 = CARTESIAN_POINT ( 'NONE',  ( -6.788529603284633396, 151.9178087122547822, 127.6065374358807958 ) ) ;
#2014 = EDGE_CURVE ( 'NONE', #974, #1363, #1608, .T. ) ;
#2015 = LINE ( 'NONE', #2953, #1475 ) ;
#2016 = CARTESIAN_POINT ( 'NONE',  ( -10.78852960328463340, 141.0777968074843045, 63.93839838559994604 ) ) ;
#2017 = CARTESIAN_POINT ( 'NONE',  ( -70.78852960328462984, 83.02282474000649870, 161.6585930294566822 ) ) ;
#2018 = AXIS2_PLACEMENT_3D ( 'NONE', #926, #1145, #1590 ) ;
#2019 = ORIENTED_EDGE ( 'NONE', *, *, #2896, .F. ) ;
#2020 = AXIS2_PLACEMENT_3D ( 'NONE', #977, #1644, #1179 ) ;
#2021 = DIRECTION ( 'NONE',  ( 1.000000000000000000, 0.000000000000000000, 0.000000000000000000 ) ) ;
#2022 = LINE ( 'NONE', #2742, #2425 ) ;
#2023 =( NAMED_UNIT ( * ) PLANE_ANGLE_UNIT ( ) SI_UNIT ( $, .RADIAN. ) );
#2024 = VECTOR ( 'NONE', #1550, 999.9999999999998863 ) ;
#2025 = VECTOR ( 'NONE', #619, 1000.000000000000000 ) ;
#2026 = ORIENTED_EDGE ( 'NONE', *, *, #1756, .T. ) ;
#2027 = VECTOR ( 'NONE', #25, 1000.000000000000000 ) ;
#2028 = CARTESIAN_POINT ( 'NONE',  ( -8.788529603284633396, 86.78156815438114791, 71.25779513156508926 ) ) ;
#2029 = ORIENTED_EDGE ( 'NONE', *, *, #1086, .F. ) ;
#2030 = CARTESIAN_POINT ( 'NONE',  ( -10.78852960328463340, 147.6466137665772180, 155.6084586094511906 ) ) ;
#2031 = AXIS2_PLACEMENT_3D ( 'NONE', #795, #579, #2638 ) ;
#2032 = B_SPLINE_CURVE_WITH_KNOTS ( 'NONE', 3,
 ( #2202, #1710, #553, #584, #1473, #1508, #676, #1836, #1365, #2771 ),
 .UNSPECIFIED., .F., .F.,
 ( 4, 1, 2, 2, 1, 4 ),
 ( 0.000000000000000000, 0.1250000000000009992, 0.1875000000000015543, 0.2500000000000019984, 0.5000000000000013323, 1.000000000000000000 ),
 .UNSPECIFIED. ) ;
#2033 = CARTESIAN_POINT ( 'NONE',  ( -70.78852960328462984, 76.95974397416121349, 65.65599012386208244 ) ) ;
#2034 = CYLINDRICAL_SURFACE ( 'NONE', #175, 9.999999999999980460 ) ;
#2035 = EDGE_CURVE ( 'NONE', #140, #2249, #2311, .T. ) ;
#2036 = B_SPLINE_CURVE_WITH_KNOTS ( 'NONE', 2,
 ( #2779, #684, #2354 ),
 .UNSPECIFIED., .F., .F.,
 ( 3, 3 ),
 ( 0.5015888165926497555, 0.5020556188137581533 ),
 .UNSPECIFIED. ) ;
#2037 = EDGE_CURVE ( 'NONE', #430, #1232, #1292, .T. ) ;
#2038 = CARTESIAN_POINT ( 'NONE',  ( -6.788529603284631619, 149.1417921747937498, 148.2269409584415598 ) ) ;
#2039 = ORIENTED_EDGE ( 'NONE', *, *, #2539, .F. ) ;
#2040 = B_SPLINE_SURFACE_WITH_KNOTS ( 'NONE', 3, 1, ( 
 ( #2837, #2849 ),
 ( #1888, #2805 ),
 ( #484, #2365 ),
 ( #1668, #1433 ),
 ( #978, #1645 ),
 ( #1451, #945 ),
 ( #1686, #2149 ),
 ( #1390, #2602 ),
 ( #2577, #297 ),
 ( #1001, #2825 ) ),
 .UNSPECIFIED., .F., .F., .F.,
 ( 4, 1, 2, 2, 1, 4 ),
 ( 2, 2 ),
 ( 0.000000000000000000, 0.1250000000000009992, 0.1875000000000015543, 0.2500000000000019984, 0.5000000000000013323, 1.000000000000000000 ),
 ( 0.000000000000000000, 1.000000000000000000 ),
 .UNSPECIFIED. ) ;
#2041 = DIRECTION ( 'NONE',  ( -1.000000000000000000, -0.000000000000000000, -0.000000000000000000 ) ) ;
#2042 = DIRECTION ( 'NONE',  ( 1.000000000000000000, 0.000000000000000000, 0.000000000000000000 ) ) ;
#2043 = ORIENTED_EDGE ( 'NONE', *, *, #2851, .F. ) ;
#2044 = CARTESIAN_POINT ( 'NONE',  ( -6.788529603284633396, 145.9009986262693985, 66.77950573931300937 ) ) ;
#2045 = ORIENTED_EDGE ( 'NONE', *, *, #732, .F. ) ;
#2046 = CARTESIAN_POINT ( 'NONE',  ( -6.788529603284633396, 148.0288180753379947, 153.8774120225000104 ) ) ;
#2047 = ORIENTED_EDGE ( 'NONE', *, *, #865, .T. ) ;
#2048 = DIRECTION ( 'NONE',  ( -1.000000000000000000, -0.000000000000000000, -0.000000000000000000 ) ) ;
#2049 = CARTESIAN_POINT ( 'NONE',  ( -8.788529603284633396, 146.5082198112068852, 161.0387472997413170 ) ) ;
#2050 = ADVANCED_FACE ( 'NONE', ( #643 ), #1820, .F. ) ;
#2051 = CARTESIAN_POINT ( 'NONE',  ( -6.788529603284633396, 148.7174501936597721, 150.4589643251703706 ) ) ;
#2052 = DIRECTION ( 'NONE',  ( 0.000000000000000000, -0.8898174629840753802, -0.4563166472621655312 ) ) ;
#2053 = ADVANCED_FACE ( 'NONE', ( #1118 ), #2675, .F. ) ;
#2054 = ORIENTED_EDGE ( 'NONE', *, *, #1487, .F. ) ;
#2055 = VERTEX_POINT ( 'NONE', #2226 ) ;
#2056 = CARTESIAN_POINT ( 'NONE',  ( -10.78852960328463340, 141.6583579391500223, 71.02214642643238562 ) ) ;
#2057 = EDGE_CURVE ( 'NONE', #683, #1034, #465, .T. ) ;
#2058 = ORIENTED_EDGE ( 'NONE', *, *, #281, .T. ) ;
#2059 = CARTESIAN_POINT ( 'NONE',  ( -70.78852960328462984, 127.1685802874970079, 162.1159677092494462 ) ) ;
#2060 = EDGE_LOOP ( 'NONE', ( #1348, #2350, #2302, #1758, #2122, #718, #2727, #1960, #1575, #1112, #1429, #2959, #1535, #157, #2459, #854, #161, #2479, #1603, #313, #586, #644, #451, #1, #2412, #2935, #1566, #1258, #117, #2639, #1893, #1669, #2696, #533, #91, #674, #409, #604, #284, #2483, #2608, #933, #2045, #1556, #2429, #135, #1393, #2039, #1847 ) ) ;
#2061 = CARTESIAN_POINT ( 'NONE',  ( -10.78852960328463340, 151.2219915394815644, 92.28381171295797003 ) ) ;
#2062 = VERTEX_POINT ( 'NONE', #2921 ) ;
#2063 = LINE ( 'NONE', #905, #2754 ) ;
#2064 = CARTESIAN_POINT ( 'NONE',  ( -6.788529603284632508, 149.4115772325115472, 146.7023748129080616 ) ) ;
#2065 = FACE_OUTER_BOUND ( 'NONE', #653, .T. ) ;
#2066 = ORIENTED_EDGE ( 'NONE', *, *, #1330, .F. ) ;
#2067 = ADVANCED_FACE ( 'NONE', ( #1342 ), #1591, .T. ) ;
#2068 = CARTESIAN_POINT ( 'NONE',  ( -6.788529603284634284, 152.9643556848298545, 101.1112382016520570 ) ) ;
#2069 = CARTESIAN_POINT ( 'NONE',  ( -10.78852960328463340, 141.5581117127231039, 70.92190020000548145 ) ) ;
#2070 = AXIS2_PLACEMENT_3D ( 'NONE', #102, #1283, #2205 ) ;
#2071 = EDGE_CURVE ( 'NONE', #1022, #893, #2080, .T. ) ;
#2072 = CIRCLE ( 'NONE', #1140, 223.0000000000000853 ) ;
#2073 = EDGE_CURVE ( 'NONE', #995, #1497, #2789, .T. ) ;
#2074 = VERTEX_POINT ( 'NONE', #987 ) ;
#2075 = DIRECTION ( 'NONE',  ( -0.000000000000000000, 0.9977779156875835609, 0.06662755410595060102 ) ) ;
#2076 = AXIS2_PLACEMENT_3D ( 'NONE', #2272, #2488, #1332 ) ;
#2077 = CIRCLE ( 'NONE', #513, 6.999999999999992006 ) ;
#2078 = ORIENTED_EDGE ( 'NONE', *, *, #2950, .F. ) ;
#2079 = DIRECTION ( 'NONE',  ( 0.000000000000000000, 0.000000000000000000, -1.000000000000000000 ) ) ;
#2080 = CIRCLE ( 'NONE', #763, 224.0000000000000568 ) ;
#2081 = AXIS2_PLACEMENT_3D ( 'NONE', #804, #2665, #2942 ) ;
#2082 = VERTEX_POINT ( 'NONE', #1400 ) ;
#2083 = LINE ( 'NONE', #2583, #1530 ) ;
#2084 = CARTESIAN_POINT ( 'NONE',  ( -70.78852960328462984, 69.37240904636831829, 149.8967431383482278 ) ) ;
#2085 = CARTESIAN_POINT ( 'NONE',  ( -6.788529603284635172, 152.2897403925839512, 116.5384206420935556 ) ) ;
#2086 = CARTESIAN_POINT ( 'NONE',  ( -70.78852960328462984, 151.6586802554774920, 155.9887145291250192 ) ) ;
#2087 = ORIENTED_EDGE ( 'NONE', *, *, #2633, .F. ) ;
#2088 = CIRCLE ( 'NONE', #2870, 6.999999999999978684 ) ;
#2089 = CARTESIAN_POINT ( 'NONE',  ( -8.788529603284633396, 151.6583579292496324, 71.02214638096704391 ) ) ;
#2090 = DIRECTION ( 'NONE',  ( 0.000000000000000000, 0.000000000000000000, -1.000000000000000000 ) ) ;
#2091 = EDGE_LOOP ( 'NONE', ( #1715, #402, #593, #1815 ) ) ;
#2092 = EDGE_CURVE ( 'NONE', #2783, #663, #2131, .T. ) ;
#2093 = CARTESIAN_POINT ( 'NONE',  ( -8.788529603284633396, 77.12351848479541161, 156.7635998656093648 ) ) ;
#2094 = ORIENTED_EDGE ( 'NONE', *, *, #2607, .T. ) ;
#2095 = FACE_OUTER_BOUND ( 'NONE', #1260, .T. ) ;
#2096 = EDGE_CURVE ( 'NONE', #2579, #1284, #774, .T. ) ;
#2097 = ORIENTED_EDGE ( 'NONE', *, *, #2185, .T. ) ;
#2098 = DIRECTION ( 'NONE',  ( -1.000000000000000000, -0.000000000000000000, -0.000000000000000000 ) ) ;
#2099 = DIRECTION ( 'NONE',  ( -1.000000000000000000, -0.000000000000000000, -0.000000000000000000 ) ) ;
#2100 = DIRECTION ( 'NONE',  ( 0.000000000000000000, -0.7071067811871348807, -0.7071067811859602648 ) ) ;
#2101 = CARTESIAN_POINT ( 'NONE',  ( -6.788529603284634284, 151.1751490061093648, 92.73529596505551353 ) ) ;
#2102 = CARTESIAN_POINT ( 'NONE',  ( -6.788529603284633396, 141.5584347898245881, 156.0890373847969101 ) ) ;
#2103 = ORIENTED_EDGE ( 'NONE', *, *, #1674, .T. ) ;
#2104 = LINE ( 'NONE', #2824, #1579 ) ;
#2105 = CARTESIAN_POINT ( 'NONE',  ( -8.788529603284633396, 160.9621749614549913, 113.5053955802666792 ) ) ;
#2106 = ORIENTED_EDGE ( 'NONE', *, *, #940, .F. ) ;
#2107 = DIRECTION ( 'NONE',  ( 0.000000000000000000, -0.4563233181571007546, -0.8898140419807351043 ) ) ;
#2108 = DIRECTION ( 'NONE',  ( -1.000000000000000000, -0.000000000000000000, -0.000000000000000000 ) ) ;
#2109 = EDGE_CURVE ( 'NONE', #1363, #1763, #569, .T. ) ;
#2110 = ORIENTED_EDGE ( 'NONE', *, *, #2950, .T. ) ;
#2111 = CARTESIAN_POINT ( 'NONE',  ( -70.78852960328462984, 111.8667509325086229, 65.42066410542088306 ) ) ;
#2112 = CARTESIAN_POINT ( 'NONE',  ( -8.788529603284633396, 148.7298017148081897, 163.0598045620218386 ) ) ;
#2113 = DIRECTION ( 'NONE',  ( 0.000000000000000000, 0.000000000000000000, -1.000000000000000000 ) ) ;
#2114 = CARTESIAN_POINT ( 'NONE',  ( -70.78852960328462984, 111.8667509325086229, -157.5793358945792022 ) ) ;
#2115 = EDGE_LOOP ( 'NONE', ( #1028, #1131, #1264, #1962 ) ) ;
#2116 = DIRECTION ( 'NONE',  ( 0.000000000000000000, 0.7071014164205455810, -0.7071121459118476782 ) ) ;
#2117 = DIRECTION ( 'NONE',  ( 1.000000000000000000, 0.000000000000000000, 0.000000000000000000 ) ) ;
#2118 = ORIENTED_EDGE ( 'NONE', *, *, #2133, .T. ) ;
#2119 = DIRECTION ( 'NONE',  ( -0.000000000000000000, -0.7071014164205455810, 0.7071121459118476782 ) ) ;
#2120 = CARTESIAN_POINT ( 'NONE',  ( -10.78852960328463340, 87.18169942950642337, 161.7402224981553331 ) ) ;
#2121 = CIRCLE ( 'NONE', #1048, 9.999999999999980460 ) ;
#2122 = ORIENTED_EDGE ( 'NONE', *, *, #63, .F. ) ;
#2123 = VECTOR ( 'NONE', #1863, 1000.000000000000000 ) ;
#2124 = CARTESIAN_POINT ( 'NONE',  ( -6.788529603284633396, 141.6586802556908822, 155.9887903978152224 ) ) ;
#2125 = DIRECTION ( 'NONE',  ( 0.000000000000000000, 0.000000000000000000, 1.000000000000000000 ) ) ;
#2126 = AXIS2_PLACEMENT_3D ( 'NONE', #1262, #2671, #2637 ) ;
#2127 = CIRCLE ( 'NONE', #2223, 9.999999999999980460 ) ;
#2128 = DIRECTION ( 'NONE',  ( -1.000000000000000000, -0.000000000000000000, -0.000000000000000000 ) ) ;
#2129 = EDGE_CURVE ( 'NONE', #1875, #1980, #942, .T. ) ;
#2130 = AXIS2_PLACEMENT_3D ( 'NONE', #10, #1187, #2125 ) ;
#2131 = LINE ( 'NONE', #1925, #1782 ) ;
#2132 = ORIENTED_EDGE ( 'NONE', *, *, #1099, .T. ) ;
#2133 = EDGE_CURVE ( 'NONE', #2477, #841, #2349, .T. ) ;
#2134 = VECTOR ( 'NONE', #70, 1000.000000000000000 ) ;
#2135 = CARTESIAN_POINT ( 'NONE',  ( -8.788529603284633396, 78.71924041441207009, 68.09220448043291185 ) ) ;
#2136 = FACE_OUTER_BOUND ( 'NONE', #2676, .T. ) ;
#2137 = ORIENTED_EDGE ( 'NONE', *, *, #1641, .T. ) ;
#2138 = DIRECTION ( 'NONE',  ( -1.000000000000000000, -0.000000000000000000, -0.000000000000000000 ) ) ;
#2139 = CARTESIAN_POINT ( 'NONE',  ( -6.788529603284633396, 111.8688076255531314, 161.5904987380681916 ) ) ;
#2140 = ORIENTED_EDGE ( 'NONE', *, *, #1350, .T. ) ;
#2141 = LINE ( 'NONE', #274, #1053 ) ;
#2142 = LINE ( 'NONE', #459, #1488 ) ;
#2143 = CARTESIAN_POINT ( 'NONE',  ( -6.788529603284633396, 150.1565168139866842, 84.87319818226457357 ) ) ;
#2144 = FACE_OUTER_BOUND ( 'NONE', #2152, .T. ) ;
#2145 = VERTEX_POINT ( 'NONE', #261 ) ;
#2146 = EDGE_CURVE ( 'NONE', #1321, #2965, #2616, .T. ) ;
#2147 = EDGE_CURVE ( 'NONE', #430, #2221, #2834, .T. ) ;
#2148 = CARTESIAN_POINT ( 'NONE',  ( -70.78852960328462984, 111.8688076255531314, 384.5904987380682769 ) ) ;
#2149 = CARTESIAN_POINT ( 'NONE',  ( -70.78852960328462984, 152.9298351875889921, 127.4901718588423734 ) ) ;
#2150 = ORIENTED_EDGE ( 'NONE', *, *, #2014, .F. ) ;
#2151 = ADVANCED_FACE ( 'NONE', ( #1414 ), #2586, .F. ) ;
#2152 = EDGE_LOOP ( 'NONE', ( #304, #209, #2530, #623 ) ) ;
#2153 = CARTESIAN_POINT ( 'NONE',  ( -70.78852960328462984, 141.6586802556908822, 155.9887903978152224 ) ) ;
#2154 = DIRECTION ( 'NONE',  ( 0.000000000000000000, -0.9976436369005327043, -0.06860884601768253710 ) ) ;
#2155 = DIRECTION ( 'NONE',  ( -1.000000000000000000, -0.000000000000000000, -0.000000000000000000 ) ) ;
#2156 = VERTEX_POINT ( 'NONE', #2378 ) ;
#2157 = LINE ( 'NONE', #2640, #2263 ) ;
#2158 = ORIENTED_EDGE ( 'NONE', *, *, #1099, .F. ) ;
#2159 = DIRECTION ( 'NONE',  ( 0.000000000000000000, -0.5370155350614652656, -0.8435723532114173251 ) ) ;
#2160 = DIRECTION ( 'NONE',  ( 0.000000000000000000, 0.000000000000000000, 1.000000000000000000 ) ) ;
#2161 = CARTESIAN_POINT ( 'NONE',  ( -10.78852960328463340, 87.24796103312279172, 64.27334972175202665 ) ) ;
#2162 = LINE ( 'NONE', #2634, #2472 ) ;
#2163 = ORIENTED_EDGE ( 'NONE', *, *, #709, .F. ) ;
#2164 = ORIENTED_EDGE ( 'NONE', *, *, #1624, .T. ) ;
#2165 = LINE ( 'NONE', #65, #565 ) ;
#2166 = CARTESIAN_POINT ( 'NONE',  ( -10.78852960328463340, 111.8667509325086229, -157.5793358945792022 ) ) ;
#2167 = EDGE_CURVE ( 'NONE', #2623, #2622, #1177, .T. ) ;
#2168 = EDGE_LOOP ( 'NONE', ( #475, #2366, #1178, #1868 ) ) ;
#2169 = FACE_OUTER_BOUND ( 'NONE', #1898, .T. ) ;
#2170 = AXIS2_PLACEMENT_3D ( 'NONE', #2940, #168, #625 ) ;
#2171 = CARTESIAN_POINT ( 'NONE',  ( -8.788529603284633396, 141.6586802556908822, 155.9887903978152224 ) ) ;
#2172 = FACE_OUTER_BOUND ( 'NONE', #383, .T. ) ;
#2173 = CARTESIAN_POINT ( 'NONE',  ( -6.788529603284633396, 146.5078591810289481, 65.97215273169965144 ) ) ;
#2174 = AXIS2_PLACEMENT_3D ( 'NONE', #827, #927, #1070 ) ;
#2175 = VECTOR ( 'NONE', #483, 1000.000000000000000 ) ;
#2176 = STYLED_ITEM ( 'NONE', ( #1104 ), #2335 ) ;
#2177 = VECTOR ( 'NONE', #342, 1000.000000000000227 ) ;
#2178 = DIRECTION ( 'NONE',  ( 0.000000000000000000, 0.000000000000000000, 1.000000000000000000 ) ) ;
#2179 = ORIENTED_EDGE ( 'NONE', *, *, #2451, .T. ) ;
#2180 = CIRCLE ( 'NONE', #1017, 7.000000000000144773 ) ;
#2181 = B_SPLINE_CURVE_WITH_KNOTS ( 'NONE', 2,
 ( #1909, #2332, #2598 ),
 .UNSPECIFIED., .F., .F.,
 ( 3, 3 ),
 ( 0.5015888165926497555, 0.5020556188137581533 ),
 .UNSPECIFIED. ) ;
#2182 = VERTEX_POINT ( 'NONE', #1165 ) ;
#2183 = CARTESIAN_POINT ( 'NONE',  ( -10.78852960328463340, 151.7324134854724207, 138.1213361732967257 ) ) ;
#2184 = CARTESIAN_POINT ( 'NONE',  ( -8.788529603284633396, 146.5082198112068852, 161.0387472997413170 ) ) ;
#2185 = EDGE_CURVE ( 'NONE', #2287, #2684, #1867, .T. ) ;
#2186 = ORIENTED_EDGE ( 'NONE', *, *, #1714, .F. ) ;
#2187 = EDGE_CURVE ( 'NONE', #884, #1273, #72, .T. ) ;
#2188 = DIRECTION ( 'NONE',  ( 1.000000000000000000, 0.000000000000000000, 0.000000000000000000 ) ) ;
#2189 = DIRECTION ( 'NONE',  ( 1.000000000000000000, 0.000000000000000000, 0.000000000000000000 ) ) ;
#2190 = CARTESIAN_POINT ( 'NONE',  ( -8.788529603284633396, 146.6081054074559233, 66.07239895812648456 ) ) ;
#2191 = CARTESIAN_POINT ( 'NONE',  ( -10.78852960328463340, 149.4224006056927863, 152.2039154387895792 ) ) ;
#2192 = CARTESIAN_POINT ( 'NONE',  ( -10.78852960328463340, 146.5078591810289481, 65.97215273169965144 ) ) ;
#2193 = EDGE_LOOP ( 'NONE', ( #2419, #1802, #1156, #236, #1158, #2669, #1768, #2442, #46, #2385, #2455, #671, #2718, #228, #92, #2256, #289, #2137, #33, #2796, #1360, #607, #1319, #1314, #1243, #1173, #2898, #784, #1026, #67, #742, #1828, #53, #2434, #256, #184, #734, #2778, #463, #2094, #668, #2394, #551, #1404, #1517, #888, #1138, #1778, #1181 ) ) ;
#2194 = VERTEX_POINT ( 'NONE', #1884 ) ;
#2195 = LINE ( 'NONE', #1498, #907 ) ;
#2196 = CARTESIAN_POINT ( 'NONE',  ( -10.78852960328463340, 146.6081054074559518, 66.07239895812647035 ) ) ;
#2197 = CARTESIAN_POINT ( 'NONE',  ( -8.788529603284633396, 69.37211971683422007, 77.11476058688803903 ) ) ;
#2198 = ORIENTED_EDGE ( 'NONE', *, *, #1268, .F. ) ;
#2199 = CARTESIAN_POINT ( 'NONE',  ( -8.788529603284633396, 97.00880636688192737, 64.92513930375204723 ) ) ;
#2200 = DIRECTION ( 'NONE',  ( 1.000000000000000000, 0.000000000000000000, 0.000000000000000000 ) ) ;
#2201 = EDGE_CURVE ( 'NONE', #2627, #1085, #1537, .T. ) ;
#2202 = CARTESIAN_POINT ( 'NONE',  ( -70.78852960328462984, 148.6523643092002942, 155.6914970079084526 ) ) ;
#2203 = DIRECTION ( 'NONE',  ( 0.000000000000000000, -0.06663512414120680016, -0.9977774101625502823 ) ) ;
#2204 = EDGE_CURVE ( 'NONE', #2684, #2012, #973, .T. ) ;
#2205 = DIRECTION ( 'NONE',  ( 0.000000000000000000, 0.000000000000000000, -1.000000000000000000 ) ) ;
#2206 = ORIENTED_EDGE ( 'NONE', *, *, #1485, .F. ) ;
#2207 = VERTEX_POINT ( 'NONE', #12 ) ;
#2208 = DIRECTION ( 'NONE',  ( 0.000000000000000000, -0.9977779156875834499, -0.06662755410595107286 ) ) ;
#2209 = CARTESIAN_POINT ( 'NONE',  ( -70.78852960328462984, 87.44784369544065328, 61.28001597468927031 ) ) ;
#2210 = DIRECTION ( 'NONE',  ( 1.000000000000000000, 0.000000000000000000, 0.000000000000000000 ) ) ;
#2211 = ORIENTED_EDGE ( 'NONE', *, *, #1496, .F. ) ;
#2212 = LINE ( 'NONE', #1490, #956 ) ;
#2213 = DIRECTION ( 'NONE',  ( -1.000000000000000000, -0.000000000000000000, -0.000000000000000000 ) ) ;
#2214 = EDGE_CURVE ( 'NONE', #424, #140, #1259, .T. ) ;
#2215 = CARTESIAN_POINT ( 'NONE',  ( -8.788529603284633396, 86.78188868465922212, 165.7535580371799995 ) ) ;
#2216 = CARTESIAN_POINT ( 'NONE',  ( -6.788529603284633396, 151.2440370947211079, 141.6572865280419080 ) ) ;
#2217 = ADVANCED_FACE ( 'NONE', ( #1427 ), #999, .T. ) ;
#2218 = CARTESIAN_POINT ( 'NONE',  ( -10.78852960328463340, 141.5581117127231039, 70.92190020000548145 ) ) ;
#2219 = AXIS2_PLACEMENT_3D ( 'NONE', #2028, #885, #139 ) ;
#2220 = EDGE_CURVE ( 'NONE', #379, #2145, #1665, .T. ) ;
#2221 = VERTEX_POINT ( 'NONE', #1209 ) ;
#2222 = VECTOR ( 'NONE', #2753, 1000.000000000000000 ) ;
#2223 = AXIS2_PLACEMENT_3D ( 'NONE', #2729, #2042, #1135 ) ;
#2224 = EDGE_LOOP ( 'NONE', ( #2688, #1616, #1985, #1074 ) ) ;
#2225 = LINE ( 'NONE', #809, #764 ) ;
#2226 = CARTESIAN_POINT ( 'NONE',  ( -8.788529603284633396, 74.34427841265440406, 152.4464197340858505 ) ) ;
#2227 = AXIS2_PLACEMENT_3D ( 'NONE', #1910, #1461, #955 ) ;
#2228 = VECTOR ( 'NONE', #818, 1000.000000000000000 ) ;
#2229 = ORIENTED_EDGE ( 'NONE', *, *, #1544, .F. ) ;
#2230 = DIRECTION ( 'NONE',  ( 0.000000000000000000, -0.7071067811871348807, -0.7071067811859602648 ) ) ;
#2231 = ORIENTED_EDGE ( 'NONE', *, *, #2740, .T. ) ;
#2232 = CARTESIAN_POINT ( 'NONE',  ( -8.788529603284633396, 141.6586802556908822, 155.9887903978152224 ) ) ;
#2233 = DIRECTION ( 'NONE',  ( 0.000000000000000000, 0.8435764274680948027, 0.5370091349503899325 ) ) ;
#2234 = CARTESIAN_POINT ( 'NONE',  ( -8.788529603284633396, 74.34390786165347720, 74.56507861618020172 ) ) ;
#2235 = PRODUCT ( 'MiddleHeadCover', 'MiddleHeadCover', '', ( #1529 ) ) ;
#2236 = DIRECTION ( 'NONE',  ( 0.000000000000000000, 0.9977779156875834499, 0.06662755410595125327 ) ) ;
#2237 = ORIENTED_EDGE ( 'NONE', *, *, #1700, .T. ) ;
#2238 = ADVANCED_FACE ( 'NONE', ( #2144 ), #796, .T. ) ;
#2239 = EDGE_LOOP ( 'NONE', ( #1055, #808, #1457, #2388 ) ) ;
#2240 = CARTESIAN_POINT ( 'NONE',  ( -70.78852960328462984, 148.7298017148081897, 163.0598045620218386 ) ) ;
#2241 = EDGE_CURVE ( 'NONE', #830, #1321, #615, .T. ) ;
#2242 = ORIENTED_EDGE ( 'NONE', *, *, #631, .T. ) ;
#2243 = CARTESIAN_POINT ( 'NONE',  ( -8.788529603284633396, 151.6586802554135716, 155.9887145291139063 ) ) ;
#2244 = VERTEX_POINT ( 'NONE', #2003 ) ;
#2245 = CARTESIAN_POINT ( 'NONE',  ( -8.788529603284633396, 81.41141280376652389, 62.82207159945092911 ) ) ;
#2246 = CARTESIAN_POINT ( 'NONE',  ( -8.788529603284633396, 74.34427841265440406, 152.4464197340858505 ) ) ;
#2247 = DIRECTION ( 'NONE',  ( 0.000000000000000000, -0.9977779156875833388, -0.06662755410595500027 ) ) ;
#2248 = LINE ( 'NONE', #2956, #654 ) ;
#2249 = VERTEX_POINT ( 'NONE', #341 ) ;
#2250 = ORIENTED_EDGE ( 'NONE', *, *, #2410, .F. ) ;
#2251 = CARTESIAN_POINT ( 'NONE',  ( -8.788529603284633396, 151.9600954982696237, 138.0580482375408735 ) ) ;
#2252 = EDGE_CURVE ( 'NONE', #689, #1855, #226, .T. ) ;
#2253 = EDGE_LOOP ( 'NONE', ( #1119, #949, #2009, #2565 ) ) ;
#2254 = EDGE_CURVE ( 'NONE', #1549, #140, #787, .T. ) ;
#2255 = DIRECTION ( 'NONE',  ( 1.000000000000000000, 0.000000000000000000, 0.000000000000000000 ) ) ;
#2256 = ORIENTED_EDGE ( 'NONE', *, *, #376, .T. ) ;
#2257 = DIRECTION ( 'NONE',  ( 0.000000000000000000, 0.8435764274703242416, 0.5370091349468878450 ) ) ;
#2258 = LINE ( 'NONE', #2002, #2606 ) ;
#2259 = DIRECTION ( 'NONE',  ( -1.000000000000000000, -0.000000000000000000, -0.000000000000000000 ) ) ;
#2260 = DIRECTION ( 'NONE',  ( 0.000000000000000000, 0.000000000000000000, -1.000000000000000000 ) ) ;
#2261 = VECTOR ( 'NONE', #2643, 1000.000000000000000 ) ;
#2262 = ORIENTED_EDGE ( 'NONE', *, *, #731, .T. ) ;
#2263 = VECTOR ( 'NONE', #1220, 1000.000000000000000 ) ;
#2264 = CIRCLE ( 'NONE', #170, 6.000000000000935252 ) ;
#2265 = ORIENTED_EDGE ( 'NONE', *, *, #2851, .T. ) ;
#2266 = FACE_OUTER_BOUND ( 'NONE', #247, .T. ) ;
#2267 = CIRCLE ( 'NONE', #2612, 2.999999999793334649 ) ;
#2268 = VECTOR ( 'NONE', #1302, 1000.000000000000000 ) ;
#2269 = ADVANCED_FACE ( 'NONE', ( #1043 ), #598, .F. ) ;
#2270 = ORIENTED_EDGE ( 'NONE', *, *, #1952, .T. ) ;
#2271 = VECTOR ( 'NONE', #2203, 999.9999999999998863 ) ;
#2272 = CARTESIAN_POINT ( 'NONE',  ( -70.78852960328462984, 141.5581117127231039, 70.92190020000548145 ) ) ;
#2273 = ORIENTED_EDGE ( 'NONE', *, *, #134, .F. ) ;
#2274 = CARTESIAN_POINT ( 'NONE',  ( -10.78852960328463340, 152.3092049364544778, 109.9003563757339776 ) ) ;
#2275 = CIRCLE ( 'NONE', #1299, 6.999999999999840128 ) ;
#2276 = EDGE_CURVE ( 'NONE', #2291, #3002, #1271, .T. ) ;
#2277 = ORIENTED_EDGE ( 'NONE', *, *, #1353, .F. ) ;
#2278 = DIRECTION ( 'NONE',  ( 0.000000000000000000, -0.8435723532114173251, 0.5370155350614651546 ) ) ;
#2279 = SURFACE_STYLE_FILL_AREA ( #2997 ) ;
#2280 = ADVANCED_FACE ( 'NONE', ( #2644 ), #2705, .T. ) ;
#2281 = CARTESIAN_POINT ( 'NONE',  ( -70.78852960328462984, 146.6081054074559233, 66.07239895812648456 ) ) ;
#2282 = CARTESIAN_POINT ( 'NONE',  ( -8.788529603284633396, 111.8667509325086229, 65.42066410542088306 ) ) ;
#2283 = VERTEX_POINT ( 'NONE', #1062 ) ;
#2284 = B_SPLINE_SURFACE_WITH_KNOTS ( 'NONE', 2, 1, ( 
 ( #2976, #2286 ),
 ( #1370, #206 ),
 ( #421, #193 ) ),
 .UNSPECIFIED., .F., .F., .F.,
 ( 3, 3 ),
 ( 2, 2 ),
 ( 0.4979443789188947589, 0.4984111801041788414 ),
 ( 0.000000000000000000, 1.000000000000000000 ),
 .UNSPECIFIED. ) ;
#2285 = DIRECTION ( 'NONE',  ( 0.000000000000000000, -0.06663512414120678629, -0.9977774101625501713 ) ) ;
#2286 = CARTESIAN_POINT ( 'NONE',  ( -70.78852960328462984, 76.17736285262743934, 160.5885394978847671 ) ) ;
#2287 = VERTEX_POINT ( 'NONE', #1989 ) ;
#2288 = DIRECTION ( 'NONE',  ( 1.000000000000000000, 0.000000000000000000, 0.000000000000000000 ) ) ;
#2289 = ORIENTED_EDGE ( 'NONE', *, *, #1189, .F. ) ;
#2290 = CARTESIAN_POINT ( 'NONE',  ( -6.788529603284633396, 152.3092049364544778, 109.9003563757339776 ) ) ;
#2291 = VERTEX_POINT ( 'NONE', #2173 ) ;
#2292 = CARTESIAN_POINT ( 'NONE',  ( -10.78852960328463340, 141.0781728677007720, 163.0725428431005923 ) ) ;
#2293 = DIRECTION ( 'NONE',  ( 0.000000000000000000, 0.8898174629840753802, 0.4563166472621654757 ) ) ;
#2294 = CARTESIAN_POINT ( 'NONE',  ( -6.788529603284631619, 147.8429853899183968, 154.7190692944511738 ) ) ;
#2295 = ADVANCED_FACE ( 'NONE', ( #554 ), #2893, .T. ) ;
#2296 = DIRECTION ( 'NONE',  ( 1.000000000000000000, 0.000000000000000000, 0.000000000000000000 ) ) ;
#2297 = ORIENTED_EDGE ( 'NONE', *, *, #542, .F. ) ;
#2298 = EDGE_CURVE ( 'NONE', #1980, #1082, #2661, .T. ) ;
#2299 = MANIFOLD_SOLID_BREP ( 'Boss-Extrude4', #1633 ) ;
#2300 = CYLINDRICAL_SURFACE ( 'NONE', #1927, 223.0000000000000568 ) ;
#2301 = PLANE ( 'NONE',  #1384 ) ;
#2302 = ORIENTED_EDGE ( 'NONE', *, *, #879, .F. ) ;
#2303 = DIRECTION ( 'NONE',  ( 1.000000000000000000, 0.000000000000000000, 0.000000000000000000 ) ) ;
#2304 = VERTEX_POINT ( 'NONE', #861 ) ;
#2305 = CARTESIAN_POINT ( 'NONE',  ( -10.78852960328463340, 148.0284191830033365, 73.13305714180951611 ) ) ;
#2306 = ORIENTED_EDGE ( 'NONE', *, *, #259, .T. ) ;
#2307 = DIRECTION ( 'NONE',  ( 0.000000000000000000, -0.9976436369005327043, -0.06860884601768200974 ) ) ;
#2308 = FACE_OUTER_BOUND ( 'NONE', #225, .T. ) ;
#2309 = EDGE_CURVE ( 'NONE', #702, #814, #1971, .T. ) ;
#2310 = DIRECTION ( 'NONE',  ( 0.000000000000000000, 0.7071067811859601537, -0.7071067811871348807 ) ) ;
#2311 = LINE ( 'NONE', #2999, #909 ) ;
#2312 = ORIENTED_EDGE ( 'NONE', *, *, #160, .T. ) ;
#2313 = EDGE_CURVE ( 'NONE', #331, #683, #1837, .T. ) ;
#2314 = ORIENTED_EDGE ( 'NONE', *, *, #1861, .T. ) ;
#2315 = DIRECTION ( 'NONE',  ( 1.000000000000000000, 0.000000000000000000, 0.000000000000000000 ) ) ;
#2316 = VECTOR ( 'NONE', #540, 1000.000000000000114 ) ;
#2317 = B_SPLINE_CURVE_WITH_KNOTS ( 'NONE', 3,
 ( #925, #2983, #397, #432 ),
 .UNSPECIFIED., .F., .F.,
 ( 4, 4 ),
 ( 0.000000000000000000, 1.000000000000000000 ),
 .UNSPECIFIED. ) ;
#2318 = AXIS2_PLACEMENT_3D ( 'NONE', #1801, #1829, #1999 ) ;
#2319 = ORIENTED_EDGE ( 'NONE', *, *, #2057, .F. ) ;
#2320 = FACE_OUTER_BOUND ( 'NONE', #2115, .T. ) ;
#2321 = VECTOR ( 'NONE', #2367, 1000.000000000000000 ) ;
#2322 = CIRCLE ( 'NONE', #2020, 9.999999999999980460 ) ;
#2323 = EDGE_LOOP ( 'NONE', ( #477, #344, #1141, #498 ) ) ;
#2324 = CARTESIAN_POINT ( 'NONE',  ( -10.78852960328463340, 141.5581117127231039, 63.92190020000548856 ) ) ;
#2325 = STYLED_ITEM ( 'NONE', ( #1711 ), #2299 ) ;
#2326 = AXIS2_PLACEMENT_3D ( 'NONE', #2895, #1973, #2694 ) ;
#2327 = VERTEX_POINT ( 'NONE', #2954 ) ;
#2328 = PLANE ( 'NONE',  #1377 ) ;
#2329 = FACE_OUTER_BOUND ( 'NONE', #1976, .T. ) ;
#2330 = B_SPLINE_CURVE_WITH_KNOTS ( 'NONE', 3,
 ( #678, #2294, #171, #616, #200, #2482, #1129, #1106, #2051, #867, #2038, #2064, #1607, #2998, #387, #2984, #891, #908, #1821, #1839, #2773, #2540, #447, #1366, #214, #2085, #1313, #628, #986, #1678, #1445, #71, #1866, #972, #1413, #2101, #708, #1399, #2585, #2143, #1382, #1426, #11, #2348, #1222, #56, #2799, #1853, #953, #1896, #941, #1620, #493, #2376 ),
 .UNSPECIFIED., .F., .F.,
 ( 4, 1, 1, 1, 1, 2, 2, 1, 1, 2, 2, 1, 1, 1, 2, 2, 1, 1, 1, 2, 2, 1, 1, 1, 1, 2, 2, 1, 1, 2, 2, 1, 1, 1, 1, 2, 2, 4 ),
 ( 0.000000000000000000, 0.03125000000000143635, 0.04687500000000225514, 0.05468750000000226902, 0.05859375000000228290, 0.06054687500000179717, 0.06250000000000130451, 0.09375000000000402456, 0.1093750000000053013, 0.1171875000000053707, 0.1250000000000054401, 0.1875000000000061617, 0.2187500000000064670, 0.2343750000000071054, 0.2421875000000079103, 0.2500000000000087153, 0.3750000000000094369, 0.4375000000000093259, 0.4687500000000092704, 0.4843750000000089928, 0.5000000000000086597, 0.6250000000000065503, 0.6875000000000054401, 0.7187500000000052180, 0.7343750000000051070, 0.7421875000000051070, 0.7500000000000051070, 0.8125000000000048850, 0.8437500000000049960, 0.8593750000000053291, 0.8750000000000055511, 0.9062500000000062172, 0.9218750000000068834, 0.9296875000000074385, 0.9335937500000078826, 0.9355468750000077716, 0.9375000000000077716, 1.000000000000000000 ),
 .UNSPECIFIED. ) ;
#2331 = VECTOR ( 'NONE', #1860, 1000.000000000000000 ) ;
#2332 = CARTESIAN_POINT ( 'NONE',  ( -70.78852960328462984, 72.33875400660066646, 71.76882889963489731 ) ) ;
#2333 = DIRECTION ( 'NONE',  ( -1.000000000000000000, -0.000000000000000000, -0.000000000000000000 ) ) ;
#2334 = VERTEX_POINT ( 'NONE', #2736 ) ;
#2335 = MANIFOLD_SOLID_BREP ( 'Boss-Extrude3', #1430 ) ;
#2336 = FACE_OUTER_BOUND ( 'NONE', #1369, .T. ) ;
#2337 = CARTESIAN_POINT ( 'NONE',  ( -70.78852960328462984, 97.00880636688192737, 64.92513930375204723 ) ) ;
#2338 = UNCERTAINTY_MEASURE_WITH_UNIT (LENGTH_MEASURE( 1.000000000000000082E-05 ), #2786, 'distance_accuracy_value', 'NONE');
#2339 = ADVANCED_FACE ( 'NONE', ( #1324 ), #2034, .T. ) ;
#2340 = EDGE_CURVE ( 'NONE', #2327, #1549, #1507, .T. ) ;
#2341 = VERTEX_POINT ( 'NONE', #2049 ) ;
#2342 = CARTESIAN_POINT ( 'NONE',  ( -6.788529603284633396, 146.5082198112068852, 161.0387472997413170 ) ) ;
#2343 = CARTESIAN_POINT ( 'NONE',  ( -8.788529603284633396, 87.44784369544065328, 61.28001597468927031 ) ) ;
#2344 = EDGE_CURVE ( 'NONE', #2055, #1201, #2317, .T. ) ;
#2345 = ORIENTED_EDGE ( 'NONE', *, *, #2073, .T. ) ;
#2346 = CARTESIAN_POINT ( 'NONE',  ( -10.78852960328463340, 141.1464132225184187, 64.93604150194357771 ) ) ;
#2347 = CARTESIAN_POINT ( 'NONE',  ( -6.788529603284633396, 127.1685802874970079, 162.1159677092494462 ) ) ;
#2348 = CARTESIAN_POINT ( 'NONE',  ( -6.788529603284634284, 149.5230349343444800, 80.94780139410083564 ) ) ;
#2349 = LINE ( 'NONE', #1639, #963 ) ;
#2350 = ORIENTED_EDGE ( 'NONE', *, *, #1558, .F. ) ;
#2351 = LINE ( 'NONE', #1655, #367 ) ;
#2352 = CARTESIAN_POINT ( 'NONE',  ( -6.788529603284633396, 111.8688076255531314, 160.5904987380681916 ) ) ;
#2353 = ORIENTED_EDGE ( 'NONE', *, *, #2096, .T. ) ;
#2354 = CARTESIAN_POINT ( 'NONE',  ( -8.788529603284633396, 76.17700554785534450, 66.42289424807839282 ) ) ;
#2355 = DIRECTION ( 'NONE',  ( 0.000000000000000000, -0.7071067811865474617, -0.7071067811865474617 ) ) ;
#2356 = EDGE_CURVE ( 'NONE', #2194, #6, #1588, .T. ) ;
#2357 = ORIENTED_EDGE ( 'NONE', *, *, #733, .T. ) ;
#2358 = ADVANCED_FACE ( 'NONE', ( #1554 ), #2751, .T. ) ;
#2359 = CYLINDRICAL_SURFACE ( 'NONE', #2371, 4.831554380146527272 ) ;
#2360 = DIRECTION ( 'NONE',  ( 1.000000000000000000, 0.000000000000000000, 0.000000000000000000 ) ) ;
#2361 = DIRECTION ( 'NONE',  ( 0.000000000000000000, 0.000000000000000000, -1.000000000000000000 ) ) ;
#2362 = CARTESIAN_POINT ( 'NONE',  ( -10.78852960328463340, 145.8011076652951203, 160.3316458833206752 ) ) ;
#2363 = EDGE_LOOP ( 'NONE', ( #1453, #58, #1210, #575 ) ) ;
#2364 = FACE_OUTER_BOUND ( 'NONE', #2991, .T. ) ;
#2365 = CARTESIAN_POINT ( 'NONE',  ( -70.78852960328462984, 150.4395642644483360, 146.9488634284346062 ) ) ;
#2366 = ORIENTED_EDGE ( 'NONE', *, *, #1391, .F. ) ;
#2367 = DIRECTION ( 'NONE',  ( 1.000000000000000000, 0.000000000000000000, 0.000000000000000000 ) ) ;
#2368 = CARTESIAN_POINT ( 'NONE',  ( -8.788529603284633396, 97.20868902919968946, 61.93180555668925535 ) ) ;
#2369 = VECTOR ( 'NONE', #461, 1000.000000000000000 ) ;
#2370 = VERTEX_POINT ( 'NONE', #656 ) ;
#2371 = AXIS2_PLACEMENT_3D ( 'NONE', #232, #950, #691 ) ;
#2372 = DIRECTION ( 'NONE',  ( 0.000000000000000000, -0.06861641503411744503, -0.9976431163436481064 ) ) ;
#2373 = CARTESIAN_POINT ( 'NONE',  ( -8.788529603284633396, 81.41179733515532746, 164.1893223118609626 ) ) ;
#2374 = AXIS2_PLACEMENT_3D ( 'NONE', #2738, #1840, #2052 ) ;
#2375 = VECTOR ( 'NONE', #1463, 1000.000000000000000 ) ;
#2376 = CARTESIAN_POINT ( 'NONE',  ( -6.788529603284633396, 147.6462943358793609, 71.40243277741603833 ) ) ;
#2377 = VECTOR ( 'NONE', #2681, 1000.000000000000000 ) ;
#2378 = CARTESIAN_POINT ( 'NONE',  ( -8.788529603284633396, 76.95974397416121349, 65.65599012386208244 ) ) ;
#2379 = ORIENTED_EDGE ( 'NONE', *, *, #669, .F. ) ;
#2380 = ADVANCED_FACE ( 'NONE', ( #677 ), #1806, .T. ) ;
#2381 = VECTOR ( 'NONE', #736, 1000.000000000000000 ) ;
#2382 = DIRECTION ( 'NONE',  ( -1.000000000000000000, -0.000000000000000000, -0.000000000000000000 ) ) ;
#2383 = CARTESIAN_POINT ( 'NONE',  ( -10.78852960328463340, 146.6084652770728951, 160.9385003127597429 ) ) ;
#2384 = ORIENTED_EDGE ( 'NONE', *, *, #1823, .F. ) ;
#2385 = ORIENTED_EDGE ( 'NONE', *, *, #2550, .T. ) ;
#2386 = DIRECTION ( 'NONE',  ( -1.000000000000000000, -0.000000000000000000, -0.000000000000000000 ) ) ;
#2387 = CARTESIAN_POINT ( 'NONE',  ( -70.78852960328462984, 111.8667509325086229, 62.42066410542085464 ) ) ;
#2388 = ORIENTED_EDGE ( 'NONE', *, *, #2645, .T. ) ;
#2389 = FACE_OUTER_BOUND ( 'NONE', #1214, .T. ) ;
#2390 = CYLINDRICAL_SURFACE ( 'NONE', #1738, 224.0000000000000853 ) ;
#2391 = ADVANCED_FACE ( 'NONE', ( #2308 ), #155, .F. ) ;
#2392 = CARTESIAN_POINT ( 'NONE',  ( -10.78852960328463340, 87.18169942950642337, 161.7402224981553331 ) ) ;
#2393 = CARTESIAN_POINT ( 'NONE',  ( -6.788529603284633396, 148.6520442482435556, 71.31938675007729955 ) ) ;
#2394 = ORIENTED_EDGE ( 'NONE', *, *, #2936, .T. ) ;
#2395 = EDGE_CURVE ( 'NONE', #964, #2504, #38, .T. ) ;
#2396 = FACE_OUTER_BOUND ( 'NONE', #482, .T. ) ;
#2397 = DIRECTION ( 'NONE',  ( 1.000000000000000000, 0.000000000000000000, 0.000000000000000000 ) ) ;
#2398 = ORIENTED_EDGE ( 'NONE', *, *, #2740, .F. ) ;
#2399 = VERTEX_POINT ( 'NONE', #939 ) ;
#2400 = DIRECTION ( 'NONE',  ( 1.000000000000000000, 0.000000000000000000, 0.000000000000000000 ) ) ;
#2401 = CARTESIAN_POINT ( 'NONE',  ( -10.78852960328463340, 87.24833455364762358, 162.7379999083178745 ) ) ;
#2402 = CARTESIAN_POINT ( 'NONE',  ( -6.788529603284633396, 146.6081054074559518, 66.07239895812647035 ) ) ;
#2403 = ORIENTED_EDGE ( 'NONE', *, *, #940, .T. ) ;
#2404 = CARTESIAN_POINT ( 'NONE',  ( -8.788529603284633396, 83.02245940895092247, 65.35278865908517787 ) ) ;
#2405 = CARTESIAN_POINT ( 'NONE',  ( -10.78852960328463340, 111.8688076255531314, 161.5904987380681916 ) ) ;
#2406 = CARTESIAN_POINT ( 'NONE',  ( -6.788529603284633396, 147.6466137665757401, 155.6084586094512758 ) ) ;
#2407 = DIRECTION ( 'NONE',  ( -1.000000000000000000, 0.000000000000000000, 0.000000000000000000 ) ) ;
#2408 = PRODUCT_DEFINITION_SHAPE ( 'NONE', 'NONE',  #2010 ) ;
#2409 = CARTESIAN_POINT ( 'NONE',  ( -8.788529603284633396, 76.95974397416121349, 65.65599012386208244 ) ) ;
#2410 = EDGE_CURVE ( 'NONE', #19, #920, #1879, .T. ) ;
#2411 = EDGE_CURVE ( 'NONE', #2883, #1082, #1444, .T. ) ;
#2412 = ORIENTED_EDGE ( 'NONE', *, *, #2035, .F. ) ;
#2413 = DIRECTION ( 'NONE',  ( 0.000000000000000000, 0.000000000000000000, -1.000000000000000000 ) ) ;
#2414 = DIRECTION ( 'NONE',  ( 1.000000000000000000, 0.000000000000000000, 0.000000000000000000 ) ) ;
#2415 = PLANE ( 'NONE',  #2031 ) ;
#2416 = ORIENTED_EDGE ( 'NONE', *, *, #2538, .T. ) ;
#2417 = DIRECTION ( 'NONE',  ( -1.000000000000000000, -0.000000000000000000, -0.000000000000000000 ) ) ;
#2418 = CIRCLE ( 'NONE', #1919, 224.0000000000000853 ) ;
#2419 = ORIENTED_EDGE ( 'NONE', *, *, #1496, .T. ) ;
#2420 = CARTESIAN_POINT ( 'NONE',  ( -8.788529603284633396, 141.5584347898245881, 156.0890373847969101 ) ) ;
#2421 = AXIS2_PLACEMENT_3D ( 'NONE', #1503, #996, #337 ) ;
#2422 = AXIS2_PLACEMENT_3D ( 'NONE', #468, #944, #714 ) ;
#2423 = FACE_OUTER_BOUND ( 'NONE', #2323, .T. ) ;
#2424 = VECTOR ( 'NONE', #2075, 1000.000000000000114 ) ;
#2425 = VECTOR ( 'NONE', #1626, 1000.000000000000227 ) ;
#2426 = FACE_OUTER_BOUND ( 'NONE', #680, .T. ) ;
#2427 = ORIENTED_EDGE ( 'NONE', *, *, #2014, .T. ) ;
#2428 = CIRCLE ( 'NONE', #1437, 7.000000000000158984 ) ;
#2429 = ORIENTED_EDGE ( 'NONE', *, *, #1582, .F. ) ;
#2430 = PLANE ( 'NONE',  #1009 ) ;
#2431 = ADVANCED_FACE ( 'NONE', ( #1635 ), #2571, .T. ) ;
#2432 = FACE_OUTER_BOUND ( 'NONE', #1998, .T. ) ;
#2433 = DIRECTION ( 'NONE',  ( 1.000000000000000000, 0.000000000000000000, 0.000000000000000000 ) ) ;
#2434 = ORIENTED_EDGE ( 'NONE', *, *, #807, .T. ) ;
#2435 = CARTESIAN_POINT ( 'NONE',  ( -8.788529603284633396, 76.17736285251156403, 160.5885394980261367 ) ) ;
#2436 = ADVANCED_FACE ( 'NONE', ( #2329 ), #2390, .T. ) ;
#2437 = DIRECTION ( 'NONE',  ( 1.000000000000000000, 0.000000000000000000, 0.000000000000000000 ) ) ;
#2438 = CYLINDRICAL_SURFACE ( 'NONE', #1329, 7.000000000000006217 ) ;
#2439 = DIRECTION ( 'NONE',  ( -1.000000000000000000, -0.000000000000000000, -0.000000000000000000 ) ) ;
#2440 = CARTESIAN_POINT ( 'NONE',  ( -8.788529603284633396, 87.24833455364762358, 162.7379999083178745 ) ) ;
#2441 = ORIENTED_EDGE ( 'NONE', *, *, #254, .F. ) ;
#2442 = ORIENTED_EDGE ( 'NONE', *, *, #1901, .T. ) ;
#2443 = DIRECTION ( 'NONE',  ( 1.000000000000000000, 0.000000000000000000, 0.000000000000000000 ) ) ;
#2444 = LINE ( 'NONE', #2209, #1977 ) ;
#2445 = CARTESIAN_POINT ( 'NONE',  ( -8.788529603284633396, 141.5584347898245881, 156.0890373847969101 ) ) ;
#2446 = ADVANCED_FACE ( 'NONE', ( #2818 ), #724, .F. ) ;
#2447 = VERTEX_POINT ( 'NONE', #2347 ) ;
#2448 = FACE_OUTER_BOUND ( 'NONE', #2363, .T. ) ;
#2449 = EDGE_LOOP ( 'NONE', ( #2775, #621, #918, #2164 ) ) ;
#2450 = CARTESIAN_POINT ( 'NONE',  ( -6.788529603284633396, 141.0777968074843045, 63.93839838559994604 ) ) ;
#2451 = EDGE_CURVE ( 'NONE', #453, #1980, #1423, .T. ) ;
#2452 = DIRECTION ( 'NONE',  ( -1.000000000000000000, -0.000000000000000000, -0.000000000000000000 ) ) ;
#2453 = FILL_AREA_STYLE ('',( #370 ) ) ;
#2454 = LINE ( 'NONE', #1065, #864 ) ;
#2455 = ORIENTED_EDGE ( 'NONE', *, *, #2933, .T. ) ;
#2456 = ORIENTED_EDGE ( 'NONE', *, *, #503, .F. ) ;
#2457 = CARTESIAN_POINT ( 'NONE',  ( -10.78852960328463340, 96.94217881277600668, 65.92291721943962557 ) ) ;
#2458 = DIRECTION ( 'NONE',  ( 0.000000000000000000, 0.9977779156875837829, 0.06662755410594693728 ) ) ;
#2459 = ORIENTED_EDGE ( 'NONE', *, *, #403, .F. ) ;
#2460 = LINE ( 'NONE', #404, #1830 ) ;
#2461 = ADVANCED_FACE ( 'NONE', ( #2584 ), #1619, .T. ) ;
#2462 = ORIENTED_EDGE ( 'NONE', *, *, #2071, .T. ) ;
#2463 = CARTESIAN_POINT ( 'NONE',  ( -6.788529603284633396, 87.24796103312279172, 64.27334972175202665 ) ) ;
#2464 = AXIS2_PLACEMENT_3D ( 'NONE', #1088, #2372, #1617 ) ;
#2465 = CARTESIAN_POINT ( 'NONE',  ( -8.788529603284633396, 81.41179733515532746, 164.1893223118609626 ) ) ;
#2466 = DIRECTION ( 'NONE',  ( 0.000000000000000000, 0.000000000000000000, -1.000000000000000000 ) ) ;
#2467 = CARTESIAN_POINT ( 'NONE',  ( -8.788529603284633396, 141.5584347898245881, 156.0890373847969101 ) ) ;
#2468 = AXIS2_PLACEMENT_3D ( 'NONE', #212, #1397, #1410 ) ;
#2469 = VERTEX_POINT ( 'NONE', #1175 ) ;
#2470 = EDGE_CURVE ( 'NONE', #198, #2622, #2142, .T. ) ;
#2471 = VECTOR ( 'NONE', #696, 1000.000000000000227 ) ;
#2472 = VECTOR ( 'NONE', #1417, 1000.000000000000000 ) ;
#2473 = ORIENTED_EDGE ( 'NONE', *, *, #2913, .T. ) ;
#2474 = DIRECTION ( 'NONE',  ( 0.000000000000000000, 0.000000000000000000, -1.000000000000000000 ) ) ;
#2475 = MECHANICAL_DESIGN_GEOMETRIC_PRESENTATION_REPRESENTATION (  '', ( #2325 ), #2664 ) ;
#2476 = AXIS2_PLACEMENT_3D ( 'NONE', #1599, #1334, #2721 ) ;
#2477 = VERTEX_POINT ( 'NONE', #1864 ) ;
#2478 = CARTESIAN_POINT ( 'NONE',  ( -10.78852960328463340, 97.00917494206585445, 162.0861362718193561 ) ) ;
#2479 = ORIENTED_EDGE ( 'NONE', *, *, #1196, .F. ) ;
#2480 = LINE ( 'NONE', #2245, #276 ) ;
#2481 = DIRECTION ( 'NONE',  ( 1.000000000000000000, 0.000000000000000000, 0.000000000000000000 ) ) ;
#2482 = CARTESIAN_POINT ( 'NONE',  ( -6.788529603284632508, 148.6557849528147983, 150.7749297385658735 ) ) ;
#2483 = ORIENTED_EDGE ( 'NONE', *, *, #2356, .F. ) ;
#2484 = EDGE_CURVE ( 'NONE', #6, #2569, #739, .T. ) ;
#2485 = CARTESIAN_POINT ( 'NONE',  ( -6.788529603284633396, 87.18133347901684260, 65.27112763743961921 ) ) ;
#2486 = CARTESIAN_POINT ( 'NONE',  ( -8.788529603284633396, 69.37211971683422007, 77.11476058688803903 ) ) ;
#2487 = VERTEX_POINT ( 'NONE', #2112 ) ;
#2488 = DIRECTION ( 'NONE',  ( -1.000000000000000000, -0.000000000000000000, -0.000000000000000000 ) ) ;
#2489 = EDGE_LOOP ( 'NONE', ( #2793, #392, #2884, #2140 ) ) ;
#2490 = CARTESIAN_POINT ( 'NONE',  ( -6.788529603284633396, 152.2087369211802752, 106.3622922874157979 ) ) ;
#2491 = LINE ( 'NONE', #2246, #363 ) ;
#2492 = FILL_AREA_STYLE_COLOUR ( '', #1059 ) ;
#2493 = LINE ( 'NONE', #2281, #1375 ) ;
#2494 = ORIENTED_EDGE ( 'NONE', *, *, #1132, .F. ) ;
#2495 = ORIENTED_EDGE ( 'NONE', *, *, #2917, .T. ) ;
#2496 = CARTESIAN_POINT ( 'NONE',  ( -10.78852960328463340, 147.6462943358793609, 71.40243277741603833 ) ) ;
#2497 = EDGE_CURVE ( 'NONE', #1201, #2477, #492, .T. ) ;
#2498 = EDGE_CURVE ( 'NONE', #1564, #138, #2180, .T. ) ;
#2499 = ORIENTED_EDGE ( 'NONE', *, *, #187, .T. ) ;
#2500 = DIRECTION ( 'NONE',  ( 0.000000000000000000, -0.9977774101625509484, 0.06663512414119499017 ) ) ;
#2501 = ORIENTED_EDGE ( 'NONE', *, *, #162, .T. ) ;
#2502 = CARTESIAN_POINT ( 'NONE',  ( -6.788529603284633396, 150.0051642330518007, 83.55244264173737179 ) ) ;
#2503 = ADVANCED_FACE ( 'NONE', ( #970 ), #1663, .T. ) ;
#2504 = VERTEX_POINT ( 'NONE', #2373 ) ;
#2505 = FACE_OUTER_BOUND ( 'NONE', #2543, .T. ) ;
#2506 =( NAMED_UNIT ( * ) SI_UNIT ( $, .STERADIAN. ) SOLID_ANGLE_UNIT ( ) );
#2507 = DIRECTION ( 'NONE',  ( 0.000000000000000000, 0.7071067811871348807, 0.7071067811859601537 ) ) ;
#2508 = DIRECTION ( 'NONE',  ( 0.000000000000000000, 0.000000000000000000, -1.000000000000000000 ) ) ;
#2509 = AXIS2_PLACEMENT_3D ( 'NONE', #2614, #527, #2113 ) ;
#2510 = ORIENTED_EDGE ( 'NONE', *, *, #1391, .T. ) ;
#2511 = CIRCLE ( 'NONE', #1193, 4.831554380146527272 ) ;
#2512 = ORIENTED_EDGE ( 'NONE', *, *, #114, .T. ) ;
#2513 = CARTESIAN_POINT ( 'NONE',  ( -8.788529603284633396, 78.55005808952117263, 68.26162717872141172 ) ) ;
#2514 = VECTOR ( 'NONE', #1814, 1000.000000000000000 ) ;
#2515 = AXIS2_PLACEMENT_3D ( 'NONE', #2467, #329, #849 ) ;
#2516 = EDGE_CURVE ( 'NONE', #3, #2684, #951, .T. ) ;
#2517 = ORIENTED_EDGE ( 'NONE', *, *, #1487, .T. ) ;
#2518 = DIRECTION ( 'NONE',  ( 0.000000000000000000, 0.9977774101625509484, -0.06663512414119487914 ) ) ;
#2519 = ORIENTED_EDGE ( 'NONE', *, *, #2109, .T. ) ;
#2520 = CARTESIAN_POINT ( 'NONE',  ( -10.78852960328463340, 141.5581117127231039, 70.92190020000548145 ) ) ;
#2521 = VECTOR ( 'NONE', #1263, 1000.000000000000000 ) ;
#2522 = ORIENTED_EDGE ( 'NONE', *, *, #1921, .F. ) ;
#2523 = LINE ( 'NONE', #611, #1972 ) ;
#2524 = DIRECTION ( 'NONE',  ( -1.000000000000000000, -0.000000000000000000, -0.000000000000000000 ) ) ;
#2525 = CYLINDRICAL_SURFACE ( 'NONE', #1000, 6.999999999999978684 ) ;
#2526 = DIRECTION ( 'NONE',  ( 0.000000000000000000, 0.000000000000000000, -1.000000000000000000 ) ) ;
#2527 = ORIENTED_EDGE ( 'NONE', *, *, #1014, .F. ) ;
#2528 = CARTESIAN_POINT ( 'NONE',  ( -6.788529603284633396, 153.2217219135032735, 107.2438920134510738 ) ) ;
#2529 = CARTESIAN_POINT ( 'NONE',  ( -70.78852960328462984, 87.44823992607120999, 165.7313321388055272 ) ) ;
#2530 = ORIENTED_EDGE ( 'NONE', *, *, #1046, .F. ) ;
#2531 = FACE_OUTER_BOUND ( 'NONE', #2239, .T. ) ;
#2532 = ORIENTED_EDGE ( 'NONE', *, *, #2252, .T. ) ;
#2533 = CYLINDRICAL_SURFACE ( 'NONE', #88, 6.000000000000005329 ) ;
#2534 = ORIENTED_EDGE ( 'NONE', *, *, #1849, .T. ) ;
#2535 = CARTESIAN_POINT ( 'NONE',  ( -6.788529603284633396, 148.6523643092002942, 155.6914970079084526 ) ) ;
#2536 = CARTESIAN_POINT ( 'NONE',  ( -70.78852960328462984, 111.8667509325086229, -157.5793358945792022 ) ) ;
#2537 =( NAMED_UNIT ( * ) SI_UNIT ( $, .STERADIAN. ) SOLID_ANGLE_UNIT ( ) );
#2538 = EDGE_CURVE ( 'NONE', #1326, #2062, #985, .T. ) ;
#2539 = EDGE_CURVE ( 'NONE', #814, #2477, #204, .T. ) ;
#2540 = CARTESIAN_POINT ( 'NONE',  ( -6.788529603284635172, 151.1088651437614203, 134.8748439657133531 ) ) ;
#2541 = CARTESIAN_POINT ( 'NONE',  ( -8.788529603284633396, 87.44784369544065328, 61.28001597468927031 ) ) ;
#2542 = ORIENTED_EDGE ( 'NONE', *, *, #652, .F. ) ;
#2543 = EDGE_LOOP ( 'NONE', ( #2262, #1291, #727, #2473 ) ) ;
#2544 = CARTESIAN_POINT ( 'NONE',  ( -8.788529603284633396, 148.6523643092002942, 155.6914970079084526 ) ) ;
#2545 = ORIENTED_EDGE ( 'NONE', *, *, #896, .F. ) ;
#2546 = LINE ( 'NONE', #1406, #172 ) ;
#2547 = ORIENTED_EDGE ( 'NONE', *, *, #1865, .F. ) ;
#2548 = LINE ( 'NONE', #948, #2381 ) ;
#2549 = ORIENTED_EDGE ( 'NONE', *, *, #1624, .F. ) ;
#2550 = EDGE_CURVE ( 'NONE', #884, #1703, #2717, .T. ) ;
#2551 = CARTESIAN_POINT ( 'NONE',  ( -70.78852960328462984, 81.41141280376652389, 62.82207159945092911 ) ) ;
#2552 = DIRECTION ( 'NONE',  ( -1.000000000000000000, -0.000000000000000000, -0.000000000000000000 ) ) ;
#2553 = LINE ( 'NONE', #2845, #2369 ) ;
#2554 = EDGE_CURVE ( 'NONE', #2341, #1080, #552, .T. ) ;
#2555 = DIRECTION ( 'NONE',  ( -1.000000000000000000, -0.000000000000000000, -0.000000000000000000 ) ) ;
#2556 = ORIENTED_EDGE ( 'NONE', *, *, #1940, .F. ) ;
#2557 = DIRECTION ( 'NONE',  ( 0.000000000000000000, -0.7071014164205455810, 0.7071121459118476782 ) ) ;
#2558 = CARTESIAN_POINT ( 'NONE',  ( -8.788529603284631619, 153.3102199853058778, 113.8169967007666941 ) ) ;
#2559 = VECTOR ( 'NONE', #570, 999.9999999999998863 ) ;
#2560 = ADVANCED_FACE ( 'NONE', ( #1968 ), #583, .T. ) ;
#2561 = AXIS2_PLACEMENT_3D ( 'NONE', #705, #3016, #1186 ) ;
#2562 = ORIENTED_EDGE ( 'NONE', *, *, #408, .T. ) ;
#2563 = LINE ( 'NONE', #1846, #2321 ) ;
#2564 = CIRCLE ( 'NONE', #1241, 9.999999999999980460 ) ;
#2565 = ORIENTED_EDGE ( 'NONE', *, *, #2092, .F. ) ;
#2566 = LINE ( 'NONE', #1407, #473 ) ;
#2567 = PRESENTATION_LAYER_ASSIGNMENT (  '', '', ( #2325 ) ) ;
#2568 = CIRCLE ( 'NONE', #2761, 224.0000000000000853 ) ;
#2569 = VERTEX_POINT ( 'NONE', #141 ) ;
#2570 = FACE_OUTER_BOUND ( 'NONE', #1946, .T. ) ;
#2571 = CYLINDRICAL_SURFACE ( 'NONE', #2960, 10.00000000001047340 ) ;
#2572 = AXIS2_PLACEMENT_3D ( 'NONE', #1848, #500, #2781 ) ;
#2573 = DIRECTION ( 'NONE',  ( 0.000000000000000000, 0.9977774101625511705, -0.06663512414119206195 ) ) ;
#2574 = DIRECTION ( 'NONE',  ( 0.000000000000000000, 0.000000000000000000, -1.000000000000000000 ) ) ;
#2575 = ORIENTED_EDGE ( 'NONE', *, *, #2896, .T. ) ;
#2576 = DIRECTION ( 'NONE',  ( 0.000000000000000000, 0.8435723532114173251, -0.5370155350614652656 ) ) ;
#2577 = CARTESIAN_POINT ( 'NONE',  ( -8.788529603284633396, 151.7309120031469831, 85.26342517491579542 ) ) ;
#2578 = EDGE_CURVE ( 'NONE', #1592, #2487, #1340, .T. ) ;
#2579 = VERTEX_POINT ( 'NONE', #1029 ) ;
#2580 = CARTESIAN_POINT ( 'NONE',  ( -8.788529603284633396, 87.44784369544065328, 61.28001597468927031 ) ) ;
#2581 = DIRECTION ( 'NONE',  ( 0.000000000000000000, -0.7071067811865475727, 0.7071067811865475727 ) ) ;
#2582 = ORIENTED_EDGE ( 'NONE', *, *, #669, .T. ) ;
#2583 = CARTESIAN_POINT ( 'NONE',  ( -8.788529603284633396, 126.9627537494441327, 165.1088986199510487 ) ) ;
#2584 = FACE_OUTER_BOUND ( 'NONE', #980, .T. ) ;
#2585 = CARTESIAN_POINT ( 'NONE',  ( -6.788529603284632508, 150.6029600588634310, 87.92937082733827481 ) ) ;
#2586 = CYLINDRICAL_SURFACE ( 'NONE', #2227, 6.999999999999978684 ) ;
#2587 = ORIENTED_EDGE ( 'NONE', *, *, #1997, .F. ) ;
#2588 = DIRECTION ( 'NONE',  ( -1.000000000000000000, -0.000000000000000000, -0.000000000000000000 ) ) ;
#2589 = CARTESIAN_POINT ( 'NONE',  ( -10.78852960328463340, 111.8688076255531314, 160.5904987380681916 ) ) ;
#2590 = ORIENTED_EDGE ( 'NONE', *, *, #2917, .F. ) ;
#2591 = ADVANCED_FACE ( 'NONE', ( #85 ), #1016, .F. ) ;
#2592 = LINE ( 'NONE', #499, #2811 ) ;
#2593 = CARTESIAN_POINT ( 'NONE',  ( -70.78852960328462984, 87.24833455364762358, 162.7379999083178745 ) ) ;
#2594 = EDGE_CURVE ( 'NONE', #1703, #2194, #2863, .T. ) ;
#2595 = ORIENTED_EDGE ( 'NONE', *, *, #2913, .F. ) ;
#2596 = CARTESIAN_POINT ( 'NONE',  ( -10.78852960328463340, 141.5581117127231039, 63.92190020000548856 ) ) ;
#2597 = CARTESIAN_POINT ( 'NONE',  ( -10.78852960328463340, 87.18169942950642337, 161.7402224981553331 ) ) ;
#2598 = CARTESIAN_POINT ( 'NONE',  ( -70.78852960328462984, 76.17700554785534450, 66.42289424807839282 ) ) ;
#2599 = DIRECTION ( 'NONE',  ( 1.000000000000000000, 0.000000000000000000, 0.000000000000000000 ) ) ;
#2600 = ORIENTED_EDGE ( 'NONE', *, *, #1116, .T. ) ;
#2601 = LINE ( 'NONE', #248, #32 ) ;
#2602 = CARTESIAN_POINT ( 'NONE',  ( -70.78852960328462984, 154.0856182918941499, 106.2906200821180107 ) ) ;
#2603 = ORIENTED_EDGE ( 'NONE', *, *, #1952, .F. ) ;
#2604 = DIRECTION ( 'NONE',  ( -1.000000000000000000, -0.000000000000000000, -0.000000000000000000 ) ) ;
#2605 = DIRECTION ( 'NONE',  ( 1.000000000000000000, 0.000000000000000000, 0.000000000000000000 ) ) ;
#2606 = VECTOR ( 'NONE', #2278, 1000.000000000000114 ) ;
#2607 = EDGE_CURVE ( 'NONE', #2487, #335, #1234, .T. ) ;
#2608 = ORIENTED_EDGE ( 'NONE', *, *, #1160, .F. ) ;
#2609 = VECTOR ( 'NONE', #362, 1000.000000000000114 ) ;
#2610 = LINE ( 'NONE', #1675, #856 ) ;
#2611 = CARTESIAN_POINT ( 'NONE',  ( -10.78852960328463340, 111.8688076255531314, 384.5904987380682769 ) ) ;
#2612 = AXIS2_PLACEMENT_3D ( 'NONE', #780, #1484, #2873 ) ;
#2613 = CIRCLE ( 'NONE', #2081, 6.999999999999840128 ) ;
#2614 = CARTESIAN_POINT ( 'NONE',  ( -70.78852960328462984, 141.6586802556908822, 155.9887903978152224 ) ) ;
#2615 = VECTOR ( 'NONE', #45, 1000.000000000000000 ) ;
#2616 = LINE ( 'NONE', #481, #3010 ) ;
#2617 = ORIENTED_EDGE ( 'NONE', *, *, #2470, .F. ) ;
#2618 = VECTOR ( 'NONE', #751, 1000.000000000000000 ) ;
#2619 = CARTESIAN_POINT ( 'NONE',  ( -6.788529603284633396, 148.6523643092002942, 155.6914970079084526 ) ) ;
#2620 = CARTESIAN_POINT ( 'NONE',  ( -8.788529603284633396, 151.6583579292496324, 71.02214638096704391 ) ) ;
#2621 = AXIS2_PLACEMENT_3D ( 'NONE', #2445, #2673, #317 ) ;
#2622 = VERTEX_POINT ( 'NONE', #2450 ) ;
#2623 = VERTEX_POINT ( 'NONE', #2906 ) ;
#2624 = CARTESIAN_POINT ( 'NONE',  ( -70.78852960328462984, 126.9627537494441327, 165.1088986199510487 ) ) ;
#2625 = CARTESIAN_POINT ( 'NONE',  ( -10.78852960328463340, 141.1464132225184187, 64.93604150194359192 ) ) ;
#2626 = CYLINDRICAL_SURFACE ( 'NONE', #328, 224.0000000000000568 ) ;
#2627 = VERTEX_POINT ( 'NONE', #1723 ) ;
#2628 = CYLINDRICAL_SURFACE ( 'NONE', #1632, 6.999999999999950262 ) ;
#2629 = CARTESIAN_POINT ( 'NONE',  ( -8.788529603284633396, 141.5584347898245881, 163.0890373847968817 ) ) ;
#2630 = DIRECTION ( 'NONE',  ( 0.000000000000000000, 0.000000000000000000, -1.000000000000000000 ) ) ;
#2631 = ADVANCED_FACE ( 'NONE', ( #1939 ), #350, .F. ) ;
#2632 = CARTESIAN_POINT ( 'NONE',  ( -8.788529603284633396, 141.0781728677007720, 163.0725428431005923 ) ) ;
#2633 = EDGE_CURVE ( 'NONE', #2720, #991, #1491, .T. ) ;
#2634 = CARTESIAN_POINT ( 'NONE',  ( -8.788529603284633396, 83.02245940895092247, 65.35278865908517787 ) ) ;
#2635 = VERTEX_POINT ( 'NONE', #1709 ) ;
#2636 = ORIENTED_EDGE ( 'NONE', *, *, #652, .T. ) ;
#2637 = DIRECTION ( 'NONE',  ( 0.000000000000000000, 0.000000000000000000, -1.000000000000000000 ) ) ;
#2638 = DIRECTION ( 'NONE',  ( 0.000000000000000000, -0.9976436369005327043, -0.06860884601768200974 ) ) ;
#2639 = ORIENTED_EDGE ( 'NONE', *, *, #631, .F. ) ;
#2640 = CARTESIAN_POINT ( 'NONE',  ( -10.78852960328463340, 147.6462943358793609, 71.40243277741603833 ) ) ;
#2641 = ORIENTED_EDGE ( 'NONE', *, *, #716, .T. ) ;
#2642 = DIRECTION ( 'NONE',  ( 0.000000000000000000, 0.000000000000000000, -1.000000000000000000 ) ) ;
#2643 = DIRECTION ( 'NONE',  ( 1.000000000000000000, 0.000000000000000000, 0.000000000000000000 ) ) ;
#2644 = FACE_OUTER_BOUND ( 'NONE', #2060, .T. ) ;
#2645 = EDGE_CURVE ( 'NONE', #1123, #778, #2275, .T. ) ;
#2646 = CARTESIAN_POINT ( 'NONE',  ( -10.78852960328463340, 146.6084652770728951, 160.9385003127597429 ) ) ;
#2647 = EDGE_LOOP ( 'NONE', ( #2242, #546, #2250, #900 ) ) ;
#2648 = EDGE_CURVE ( 'NONE', #1531, #1614, #769, .T. ) ;
#2649 = ORIENTED_EDGE ( 'NONE', *, *, #2298, .T. ) ;
#2650 = FACE_OUTER_BOUND ( 'NONE', #587, .T. ) ;
#2651 = PLANE ( 'NONE',  #222 ) ;
#2652 = DIRECTION ( 'NONE',  ( -1.000000000000000000, -0.000000000000000000, -0.000000000000000000 ) ) ;
#2653 = EDGE_LOOP ( 'NONE', ( #472, #1110, #936, #196 ) ) ;
#2654 = UNCERTAINTY_MEASURE_WITH_UNIT (LENGTH_MEASURE( 1.000000000000000082E-05 ), #1573, 'distance_accuracy_value', 'NONE');
#2655 = CARTESIAN_POINT ( 'NONE',  ( -8.788529603284633396, 69.37240904636831829, 149.8967431383482278 ) ) ;
#2656 = AXIS2_PLACEMENT_3D ( 'NONE', #2970, #847, #2735 ) ;
#2657 = DIRECTION ( 'NONE',  ( 0.000000000000000000, 0.000000000000000000, 1.000000000000000000 ) ) ;
#2658 = VECTOR ( 'NONE', #109, 999.9999999999998863 ) ;
#2659 = VECTOR ( 'NONE', #937, 1000.000000000000114 ) ;
#2660 = CARTESIAN_POINT ( 'NONE',  ( -70.78852960328462984, 160.9621749614549913, 113.5053955802666792 ) ) ;
#2661 = LINE ( 'NONE', #1019, #2271 ) ;
#2662 = CIRCLE ( 'NONE', #1834, 223.0000000000000853 ) ;
#2663 = AXIS2_PLACEMENT_3D ( 'NONE', #1180, #2397, #1403 ) ;
#2664 =( GEOMETRIC_REPRESENTATION_CONTEXT ( 3 ) GLOBAL_UNCERTAINTY_ASSIGNED_CONTEXT ( ( #220 ) ) GLOBAL_UNIT_ASSIGNED_CONTEXT ( ( #1747, #641, #2506 ) ) REPRESENTATION_CONTEXT ( 'NONE', 'WORKASPACE' ) );
#2665 = DIRECTION ( 'NONE',  ( 1.000000000000000000, 0.000000000000000000, 0.000000000000000000 ) ) ;
#2666 = EDGE_CURVE ( 'NONE', #3002, #992, #2428, .T. ) ;
#2667 = ORIENTED_EDGE ( 'NONE', *, *, #2672, .T. ) ;
#2668 = VECTOR ( 'NONE', #785, 1000.000000000000000 ) ;
#2669 = ORIENTED_EDGE ( 'NONE', *, *, #2923, .T. ) ;
#2670 = CARTESIAN_POINT ( 'NONE',  ( -10.78852960328463340, 127.1682114851169842, 64.89507905005440591 ) ) ;
#2671 = DIRECTION ( 'NONE',  ( -1.000000000000000000, -0.000000000000000000, -0.000000000000000000 ) ) ;
#2672 = EDGE_CURVE ( 'NONE', #857, #1564, #2691, .T. ) ;
#2673 = DIRECTION ( 'NONE',  ( -1.000000000000000000, -0.000000000000000000, -0.000000000000000000 ) ) ;
#2674 = EDGE_CURVE ( 'NONE', #1094, #2962, #1041, .T. ) ;
#2675 = B_SPLINE_SURFACE_WITH_KNOTS ( 'NONE', 3, 1, ( 
 ( #417, #3019 ),
 ( #2985, #1854 ),
 ( #1569, #2686 ),
 ( #1356, #589 ) ),
 .UNSPECIFIED., .F., .F., .F.,
 ( 4, 4 ),
 ( 2, 2 ),
 ( 0.000000000000000000, 0.07709262563450745842 ),
 ( 0.000000000000000000, 1.000000000000000000 ),
 .UNSPECIFIED. ) ;
#2676 = EDGE_LOOP ( 'NONE', ( #1808, #1755, #2734, #2948 ) ) ;
#2677 = CARTESIAN_POINT ( 'NONE',  ( -10.78852960328463340, 87.18133347901684260, 65.27112763743961921 ) ) ;
#2678 = EDGE_LOOP ( 'NONE', ( #2995, #490, #1418, #923 ) ) ;
#2679 = DIRECTION ( 'NONE',  ( 0.000000000000000000, 0.000000000000000000, -1.000000000000000000 ) ) ;
#2680 = CARTESIAN_POINT ( 'NONE',  ( -6.788529603284633396, 145.8011076652951203, 160.3316458833206752 ) ) ;
#2681 = DIRECTION ( 'NONE',  ( -0.000000000000000000, 0.7071067811871348807, 0.7071067811859601537 ) ) ;
#2682 = CARTESIAN_POINT ( 'NONE',  ( -10.78852960328463340, 148.6520442482435271, 71.31938675007729955 ) ) ;
#2683 = VERTEX_POINT ( 'NONE', #1520 ) ;
#2684 = VERTEX_POINT ( 'NONE', #2463 ) ;
#2685 = DIRECTION ( 'NONE',  ( 0.000000000000000000, -0.7071067811869881092, -0.7071067811861071473 ) ) ;
#2686 = CARTESIAN_POINT ( 'NONE',  ( -70.78852960328462984, 75.66880865701585890, 72.42048837184124466 ) ) ;
#2687 = CARTESIAN_POINT ( 'NONE',  ( -6.788529603284633396, 141.5581117127231039, 63.92190020000548856 ) ) ;
#2688 = ORIENTED_EDGE ( 'NONE', *, *, #112, .T. ) ;
#2689 = EDGE_CURVE ( 'NONE', #1080, #2082, #719, .T. ) ;
#2690 = DIRECTION ( 'NONE',  ( 0.000000000000000000, -0.8435723532114173251, 0.5370155350614651546 ) ) ;
#2691 = LINE ( 'NONE', #110, #2228 ) ;
#2692 = DIRECTION ( 'NONE',  ( -1.000000000000000000, -0.000000000000000000, -0.000000000000000000 ) ) ;
#2693 = CARTESIAN_POINT ( 'NONE',  ( -6.788529603284633396, 148.6523643092002942, 155.6914970079084526 ) ) ;
#2694 = DIRECTION ( 'NONE',  ( 0.000000000000000000, 0.000000000000000000, -1.000000000000000000 ) ) ;
#2695 = VERTEX_POINT ( 'NONE', #2405 ) ;
#2696 = ORIENTED_EDGE ( 'NONE', *, *, #1424, .F. ) ;
#2697 = DIRECTION ( 'NONE',  ( 1.000000000000000000, 0.000000000000000000, 0.000000000000000000 ) ) ;
#2698 = SHAPE_DEFINITION_REPRESENTATION ( #2408, #789 ) ;
#2699 = ORIENTED_EDGE ( 'NONE', *, *, #2146, .T. ) ;
#2700 = CARTESIAN_POINT ( 'NONE',  ( -10.78852960328463340, 97.00880636688202685, 64.92513930375204723 ) ) ;
#2701 = ORIENTED_EDGE ( 'NONE', *, *, #1956, .T. ) ;
#2702 = FACE_OUTER_BOUND ( 'NONE', #2924, .T. ) ;
#2703 = CIRCLE ( 'NONE', #511, 9.999999999999994671 ) ;
#2704 = CARTESIAN_POINT ( 'NONE',  ( -70.78852960328462984, 141.5584347898245881, 156.0890373847969101 ) ) ;
#2705 = PLANE ( 'NONE',  #2815 ) ;
#2706 = ADVANCED_FACE ( 'NONE', ( #2968 ), #2533, .F. ) ;
#2707 = CIRCLE ( 'NONE', #2421, 223.0000000000000568 ) ;
#2708 = ADVANCED_FACE ( 'NONE', ( #395 ), #1803, .T. ) ;
#2709 = CARTESIAN_POINT ( 'NONE',  ( -8.788529603284633396, 141.0781728677007720, 163.0725428431005923 ) ) ;
#2710 = CIRCLE ( 'NONE', #2126, 223.0000000000000853 ) ;
#2711 = AXIS2_PLACEMENT_3D ( 'NONE', #1899, #1402, #1625 ) ;
#2712 = ORIENTED_EDGE ( 'NONE', *, *, #1865, .T. ) ;
#2713 = AXIS2_PLACEMENT_3D ( 'NONE', #997, #2159, #2798 ) ;
#2714 = CIRCLE ( 'NONE', #471, 1.831554383945596776 ) ;
#2715 = ORIENTED_EDGE ( 'NONE', *, *, #1268, .T. ) ;
#2716 = CARTESIAN_POINT ( 'NONE',  ( -10.78852960328463340, 152.2087369211802752, 106.3622922874157979 ) ) ;
#2717 = CIRCLE ( 'NONE', #1012, 6.999999999999978684 ) ;
#2718 = ORIENTED_EDGE ( 'NONE', *, *, #2689, .T. ) ;
#2719 = DIRECTION ( 'NONE',  ( 0.000000000000000000, 0.000000000000000000, -1.000000000000000000 ) ) ;
#2720 = VERTEX_POINT ( 'NONE', #165 ) ;
#2721 = DIRECTION ( 'NONE',  ( 0.000000000000000000, 0.000000000000000000, -1.000000000000000000 ) ) ;
#2722 = ADVANCED_FACE ( 'NONE', ( #2980 ), #384, .F. ) ;
#2723 = CARTESIAN_POINT ( 'NONE',  ( -6.788529603284633396, 111.8688076255531314, 384.5904987380682769 ) ) ;
#2724 = EDGE_CURVE ( 'NONE', #1201, #2182, #1536, .T. ) ;
#2725 = CARTESIAN_POINT ( 'NONE',  ( -10.78852960328463340, 146.6081054074559518, 66.07239895812647035 ) ) ;
#2726 = ADVANCED_FACE ( 'NONE', ( #651 ), #1789, .T. ) ;
#2727 = ORIENTED_EDGE ( 'NONE', *, *, #202, .F. ) ;
#2728 = DIRECTION ( 'NONE',  ( 0.000000000000000000, 0.000000000000000000, -1.000000000000000000 ) ) ;
#2729 = CARTESIAN_POINT ( 'NONE',  ( -70.78852960328462984, 141.5584347898245881, 156.0890373847969101 ) ) ;
#2730 = VERTEX_POINT ( 'NONE', #197 ) ;
#2731 = DIRECTION ( 'NONE',  ( 0.000000000000000000, 0.000000000000000000, -1.000000000000000000 ) ) ;
#2732 = EDGE_LOOP ( 'NONE', ( #2699, #2441, #1125, #601 ) ) ;
#2733 = DIRECTION ( 'NONE',  ( 0.000000000000000000, 0.000000000000000000, 1.000000000000000000 ) ) ;
#2734 = ORIENTED_EDGE ( 'NONE', *, *, #2411, .F. ) ;
#2735 = DIRECTION ( 'NONE',  ( 0.000000000000000000, 0.000000000000000000, -1.000000000000000000 ) ) ;
#2736 = CARTESIAN_POINT ( 'NONE',  ( -10.78852960328463340, 146.6081054074559518, 66.07239895812647035 ) ) ;
#2737 = CARTESIAN_POINT ( 'NONE',  ( -10.78852960328463340, 141.5584347898245881, 156.0890373847969101 ) ) ;
#2738 = CARTESIAN_POINT ( 'NONE',  ( -8.788529603284633396, 69.37240904636831829, 149.8967431383482278 ) ) ;
#2739 = ORIENTED_EDGE ( 'NONE', *, *, #2147, .T. ) ;
#2740 = EDGE_CURVE ( 'NONE', #902, #1358, #2480, .T. ) ;
#2741 = CARTESIAN_POINT ( 'NONE',  ( -10.78852960328463340, 87.24833455364762358, 162.7379999083178745 ) ) ;
#2742 = CARTESIAN_POINT ( 'NONE',  ( -10.78852960328463340, 141.0777968074843045, 63.93839838559994604 ) ) ;
#2743 = DIRECTION ( 'NONE',  ( 1.000000000000000000, 0.000000000000000000, 0.000000000000000000 ) ) ;
#2744 = ADVANCED_FACE ( 'NONE', ( #2702 ), #775, .T. ) ;
#2745 = EDGE_LOOP ( 'NONE', ( #1546, #2979, #121, #2827 ) ) ;
#2746 = CARTESIAN_POINT ( 'NONE',  ( -70.78852960328462984, 140.8723463296477121, 166.0654737538021948 ) ) ;
#2747 = ORIENTED_EDGE ( 'NONE', *, *, #837, .F. ) ;
#2748 = DIRECTION ( 'NONE',  ( 0.000000000000000000, 0.06860884601768253710, -0.9976436369005327043 ) ) ;
#2749 = VERTEX_POINT ( 'NONE', #608 ) ;
#2750 = DIRECTION ( 'NONE',  ( 1.000000000000000000, 0.000000000000000000, 0.000000000000000000 ) ) ;
#2751 = PLANE ( 'NONE',  #1297 ) ;
#2752 = CARTESIAN_POINT ( 'NONE',  ( -6.788529603284633396, 141.5581117127231039, 70.92190020000548145 ) ) ;
#2753 = DIRECTION ( 'NONE',  ( -1.000000000000000000, -0.000000000000000000, -0.000000000000000000 ) ) ;
#2754 = VECTOR ( 'NONE', #2481, 1000.000000000000000 ) ;
#2755 = ORIENTED_EDGE ( 'NONE', *, *, #2666, .F. ) ;
#2756 = AXIS2_PLACEMENT_3D ( 'NONE', #592, #1787, #2500 ) ;
#2757 = VERTEX_POINT ( 'NONE', #1139 ) ;
#2758 = CARTESIAN_POINT ( 'NONE',  ( -8.788529603284633396, 153.3060080897222974, 114.9187743786180107 ) ) ;
#2759 = EDGE_CURVE ( 'NONE', #591, #1489, #1171, .T. ) ;
#2760 = VECTOR ( 'NONE', #2810, 1000.000000000000000 ) ;
#2761 = AXIS2_PLACEMENT_3D ( 'NONE', #1359, #452, #469 ) ;
#2762 = ORIENTED_EDGE ( 'NONE', *, *, #647, .F. ) ;
#2763 = EDGE_CURVE ( 'NONE', #898, #2304, #2548, .T. ) ;
#2764 = AXIS2_PLACEMENT_3D ( 'NONE', #1493, #1957, #2466 ) ;
#2765 = CARTESIAN_POINT ( 'NONE',  ( -70.78852960328462984, 97.00880636688192737, 64.92513930375204723 ) ) ;
#2766 = EDGE_LOOP ( 'NONE', ( #2270, #685, #2590, #2345 ) ) ;
#2767 = CARTESIAN_POINT ( 'NONE',  ( -6.788529603284633396, 149.0638564651132469, 78.33744187205783760 ) ) ;
#2768 = EDGE_CURVE ( 'NONE', #841, #13, #1790, .T. ) ;
#2769 = CIRCLE ( 'NONE', #917, 7.000000000000006217 ) ;
#2770 = EDGE_LOOP ( 'NONE', ( #180, #1858, #2384, #1274 ) ) ;
#2771 = CARTESIAN_POINT ( 'NONE',  ( -70.78852960328462984, 148.6520442482434987, 71.31938675007729955 ) ) ;
#2772 = DIRECTION ( 'NONE',  ( 0.000000000000000000, 0.9976431163436478844, -0.06861641503411926302 ) ) ;
#2773 = CARTESIAN_POINT ( 'NONE',  ( -6.788529603284634284, 151.0842672566976148, 135.0924416307742604 ) ) ;
#2774 = FACE_OUTER_BOUND ( 'NONE', #2489, .T. ) ;
#2775 = ORIENTED_EDGE ( 'NONE', *, *, #1424, .T. ) ;
#2776 = CARTESIAN_POINT ( 'NONE',  ( -6.788529603284631619, 153.3078207823789967, 112.5002470521875182 ) ) ;
#2777 = CARTESIAN_POINT ( 'NONE',  ( -8.788529603284633396, 153.2290491817548741, 119.5463321887650494 ) ) ;
#2778 = ORIENTED_EDGE ( 'NONE', *, *, #673, .T. ) ;
#2779 = CARTESIAN_POINT ( 'NONE',  ( -8.788529603284633396, 69.37211971683422007, 77.11476058688803903 ) ) ;
#2780 = ORIENTED_EDGE ( 'NONE', *, *, #772, .F. ) ;
#2781 = DIRECTION ( 'NONE',  ( 0.000000000000000000, 0.000000000000000000, 1.000000000000000000 ) ) ;
#2782 = ADVANCED_FACE ( 'NONE', ( #1159 ), #1905, .T. ) ;
#2783 = VERTEX_POINT ( 'NONE', #1671 ) ;
#2784 = CARTESIAN_POINT ( 'NONE',  ( -70.78852960328462984, 126.9623622400146417, 61.90214970102342562 ) ) ;
#2785 = CARTESIAN_POINT ( 'NONE',  ( -70.78852960328462984, 78.71924041441207009, 68.09220448043291185 ) ) ;
#2786 =( LENGTH_UNIT ( ) NAMED_UNIT ( * ) SI_UNIT ( .MILLI., .METRE. ) );
#2787 = ADVANCED_FACE ( 'NONE', ( #2095 ), #721, .F. ) ;
#2788 = CARTESIAN_POINT ( 'NONE',  ( -8.788529603284633396, 87.24796103312279172, 64.27334972175202665 ) ) ;
#2789 = LINE ( 'NONE', #201, #2471 ) ;
#2790 = ORIENTED_EDGE ( 'NONE', *, *, #954, .F. ) ;
#2791 = DIRECTION ( 'NONE',  ( -0.000000000000000000, 0.7071121459118476782, 0.7071014164205455810 ) ) ;
#2792 = CARTESIAN_POINT ( 'NONE',  ( -8.788529603284631619, 151.7480564885302385, 85.34107169369779911 ) ) ;
#2793 = ORIENTED_EDGE ( 'NONE', *, *, #2309, .T. ) ;
#2794 = LINE ( 'NONE', #2580, #2760 ) ;
#2795 = CARTESIAN_POINT ( 'NONE',  ( -10.78852960328463340, 127.1685802874970079, 162.1159677092494462 ) ) ;
#2796 = ORIENTED_EDGE ( 'NONE', *, *, #1411, .T. ) ;
#2797 = CARTESIAN_POINT ( 'NONE',  ( -8.788529603284633396, 86.78188868465922212, 155.7535580371800279 ) ) ;
#2798 = DIRECTION ( 'NONE',  ( 0.000000000000000000, 0.8435723532114173251, -0.5370155350614652656 ) ) ;
#2799 = CARTESIAN_POINT ( 'NONE',  ( -6.788529603284634284, 148.8732337211380923, 77.36242069495644103 ) ) ;
#2800 = ADVANCED_FACE ( 'NONE', ( #488 ), #519, .F. ) ;
#2801 = CARTESIAN_POINT ( 'NONE',  ( -70.78852960328462984, 74.34390786165347720, 74.56507861618020172 ) ) ;
#2802 = EDGE_LOOP ( 'NONE', ( #1920, #2522, #191, #1479 ) ) ;
#2803 = EDGE_CURVE ( 'NONE', #2871, #1855, #3013, .T. ) ;
#2804 = LINE ( 'NONE', #530, #2175 ) ;
#2805 = CARTESIAN_POINT ( 'NONE',  ( -70.78852960328462984, 149.4224006056927863, 152.2039154387895792 ) ) ;
#2806 = VECTOR ( 'NONE', #2128, 1000.000000000000000 ) ;
#2807 = VECTOR ( 'NONE', #1918, 1000.000000000000000 ) ;
#2808 = CIRCLE ( 'NONE', #1478, 223.0000000000000568 ) ;
#2809 = VERTEX_POINT ( 'NONE', #2593 ) ;
#2810 = DIRECTION ( 'NONE',  ( -1.000000000000000000, -0.000000000000000000, -0.000000000000000000 ) ) ;
#2811 = VECTOR ( 'NONE', #919, 1000.000000000000000 ) ;
#2812 = AXIS2_PLACEMENT_3D ( 'NONE', #2069, #2315, #915 ) ;
#2813 = PLANE ( 'NONE',  #2819 ) ;
#2814 = B_SPLINE_CURVE_WITH_KNOTS ( 'NONE', 3,
 ( #2544, #177, #2251, #159, #2777, #882, #2758, #1843, #2558, #699, #1328, #2792, #682 ),
 .UNSPECIFIED., .F., .F.,
 ( 4, 1, 1, 1, 1, 1, 2, 2, 4 ),
 ( 0.000000000000000000, 0.2500000000000073830, 0.3750000000000104916, 0.4375000000000121014, 0.4687500000000126010, 0.4843750000000126565, 0.4921875000000124345, 0.5000000000000122125, 1.000000000000000000 ),
 .UNSPECIFIED. ) ;
#2815 = AXIS2_PLACEMENT_3D ( 'NONE', #1077, #2407, #308 ) ;
#2816 = ORIENTED_EDGE ( 'NONE', *, *, #2340, .F. ) ;
#2817 = DIRECTION ( 'NONE',  ( 0.000000000000000000, -0.7071121459116519459, -0.7071014164207413133 ) ) ;
#2818 = FACE_OUTER_BOUND ( 'NONE', #712, .T. ) ;
#2819 = AXIS2_PLACEMENT_3D ( 'NONE', #1648, #2581, #2355 ) ;
#2820 = CARTESIAN_POINT ( 'NONE',  ( -8.788529603284633396, 97.20908031448945508, 165.0794685023070372 ) ) ;
#2821 = CARTESIAN_POINT ( 'NONE',  ( -6.788529603284633396, 141.0777968074843045, 63.93839838559994604 ) ) ;
#2822 = ORIENTED_EDGE ( 'NONE', *, *, #254, .T. ) ;
#2823 = ADVANCED_FACE ( 'NONE', ( #982 ), #4, .F. ) ;
#2824 = CARTESIAN_POINT ( 'NONE',  ( -8.788529603284633396, 146.5082198112068852, 161.0387472997413170 ) ) ;
#2825 = CARTESIAN_POINT ( 'NONE',  ( -70.78852960328462984, 148.6520442482435556, 71.31938675007729955 ) ) ;
#2826 = ADVANCED_FACE ( 'NONE', ( #1615 ), #476, .F. ) ;
#2827 = ORIENTED_EDGE ( 'NONE', *, *, #167, .T. ) ;
#2828 = DIRECTION ( 'NONE',  ( 1.000000000000000000, 0.000000000000000000, 0.000000000000000000 ) ) ;
#2829 = CARTESIAN_POINT ( 'NONE',  ( -8.788529603284633396, 111.8667509325086229, 62.42066410542085464 ) ) ;
#2830 = VERTEX_POINT ( 'NONE', #2324 ) ;
#2831 = DIRECTION ( 'NONE',  ( 0.000000000000000000, -0.06860884601768200974, 0.9976436369005327043 ) ) ;
#2832 = DIRECTION ( 'NONE',  ( 0.000000000000000000, 0.7071014164207413133, -0.7071121459116519459 ) ) ;
#2833 = DIRECTION ( 'NONE',  ( -1.000000000000000000, 0.000000000000000000, 0.000000000000000000 ) ) ;
#2834 = LINE ( 'NONE', #541, #2027 ) ;
#2835 = VERTEX_POINT ( 'NONE', #2139 ) ;
#2836 = DIRECTION ( 'NONE',  ( 1.000000000000000000, 0.000000000000000000, 0.000000000000000000 ) ) ;
#2837 = CARTESIAN_POINT ( 'NONE',  ( -8.788529603284633396, 148.6523643092002942, 155.6914970079084526 ) ) ;
#2838 = EDGE_LOOP ( 'NONE', ( #2306, #704, #1441, #76 ) ) ;
#2839 = CARTESIAN_POINT ( 'NONE',  ( -10.78852960328463340, 87.18133347901684260, 65.27112763743961921 ) ) ;
#2840 = CARTESIAN_POINT ( 'NONE',  ( -70.78852960328462984, 86.78188868465922212, 155.7535580371800279 ) ) ;
#2841 = EDGE_CURVE ( 'NONE', #2695, #2835, #934, .T. ) ;
#2842 = ORIENTED_EDGE ( 'NONE', *, *, #733, .F. ) ;
#2843 = CARTESIAN_POINT ( 'NONE',  ( -10.78852960328463340, 127.1685802874970079, 162.1159677092494462 ) ) ;
#2844 = CARTESIAN_POINT ( 'NONE',  ( -10.78852960328463340, 141.1464132225184187, 64.93604150194357771 ) ) ;
#2845 = CARTESIAN_POINT ( 'NONE',  ( -8.788529603284633396, 97.20908031448945508, 165.0794685023070372 ) ) ;
#2846 = DIRECTION ( 'NONE',  ( -1.000000000000000000, -0.000000000000000000, -0.000000000000000000 ) ) ;
#2847 = ORIENTED_EDGE ( 'NONE', *, *, #2497, .T. ) ;
#2848 = LINE ( 'NONE', #28, #1381 ) ;
#2849 = CARTESIAN_POINT ( 'NONE',  ( -70.78852960328462984, 148.6523643092002942, 155.6914970079084526 ) ) ;
#2850 = ORIENTED_EDGE ( 'NONE', *, *, #2860, .F. ) ;
#2851 = EDGE_CURVE ( 'NONE', #1232, #455, #18, .T. ) ;
#2852 = AXIS2_PLACEMENT_3D ( 'NONE', #292, #2833, #2160 ) ;
#2853 = VERTEX_POINT ( 'NONE', #2368 ) ;
#2854 = CARTESIAN_POINT ( 'NONE',  ( -10.78852960328463340, 111.8688076255531314, 384.5904987380682769 ) ) ;
#2855 = CARTESIAN_POINT ( 'NONE',  ( -8.788529603284633396, 76.96010700514857206, 161.3554375617077596 ) ) ;
#2856 = DIRECTION ( 'NONE',  ( -0.000000000000000000, 0.7071121459116519459, 0.7071014164207413133 ) ) ;
#2857 = VECTOR ( 'NONE', #1174, 1000.000000000000000 ) ;
#2858 = ORIENTED_EDGE ( 'NONE', *, *, #1756, .F. ) ;
#2859 = CIRCLE ( 'NONE', #711, 223.0000000000000568 ) ;
#2860 = EDGE_CURVE ( 'NONE', #1326, #2749, #2566, .T. ) ;
#2861 = DIRECTION ( 'NONE',  ( -1.000000000000000000, -0.000000000000000000, -0.000000000000000000 ) ) ;
#2862 = VERTEX_POINT ( 'NONE', #1395 ) ;
#2863 = LINE ( 'NONE', #2629, #3014 ) ;
#2864 = VECTOR ( 'NONE', #2119, 1000.000000000000000 ) ;
#2865 = AXIS2_PLACEMENT_3D ( 'NONE', #73, #510, #1913 ) ;
#2866 = DIRECTION ( 'NONE',  ( 1.000000000000000000, 0.000000000000000000, 0.000000000000000000 ) ) ;
#2867 = VECTOR ( 'NONE', #1761, 1000.000000000000000 ) ;
#2868 = CARTESIAN_POINT ( 'NONE',  ( -10.78852960328463340, 145.8011076652951203, 160.3316458833206752 ) ) ;
#2869 = CARTESIAN_POINT ( 'NONE',  ( -8.788529603284633396, 140.8719475623819335, 60.94546903656900128 ) ) ;
#2870 = AXIS2_PLACEMENT_3D ( 'NONE', #1456, #2433, #781 ) ;
#2871 = VERTEX_POINT ( 'NONE', #2829 ) ;
#2872 = CYLINDRICAL_SURFACE ( 'NONE', #3004, 2.999999999793334649 ) ;
#2873 = DIRECTION ( 'NONE',  ( 0.000000000000000000, 0.000000000000000000, -1.000000000000000000 ) ) ;
#2874 = LINE ( 'NONE', #829, #620 ) ;
#2875 = ORIENTED_EDGE ( 'NONE', *, *, #354, .T. ) ;
#2876 = CARTESIAN_POINT ( 'NONE',  ( -8.788529603284633396, 127.1685802874970079, 162.1159677092494462 ) ) ;
#2877 = ORIENTED_EDGE ( 'NONE', *, *, #1449, .F. ) ;
#2878 = CARTESIAN_POINT ( 'NONE',  ( -8.788529603284633396, 76.17736285251156403, 160.5885394980261367 ) ) ;
#2879 = LINE ( 'NONE', #1030, #853 ) ;
#2880 = CARTESIAN_POINT ( 'NONE',  ( -70.78852960328462984, 111.8667509325086229, -157.5793358945792022 ) ) ;
#2881 = ADVANCED_FACE ( 'NONE', ( #1873 ), #2813, .F. ) ;
#2882 = CARTESIAN_POINT ( 'NONE',  ( -70.78852960328462984, 97.20868902919968946, 61.93180555668925535 ) ) ;
#2883 = VERTEX_POINT ( 'NONE', #2120 ) ;
#2884 = ORIENTED_EDGE ( 'NONE', *, *, #1364, .F. ) ;
#2885 = CARTESIAN_POINT ( 'NONE',  ( -10.78852960328463340, 111.8688076255531314, 384.5904987380682769 ) ) ;
#2886 = DIRECTION ( 'NONE',  ( 0.000000000000000000, 0.000000000000000000, -1.000000000000000000 ) ) ;
#2887 = LINE ( 'NONE', #1010, #2964 ) ;
#2888 = VERTEX_POINT ( 'NONE', #253 ) ;
#2889 = LINE ( 'NONE', #2404, #1876 ) ;
#2890 = EDGE_LOOP ( 'NONE', ( #1527, #1750, #1966, #486 ) ) ;
#2891 = CARTESIAN_POINT ( 'NONE',  ( -8.788529603284633396, 148.7298017148081897, 163.0598045620218386 ) ) ;
#2892 = DIRECTION ( 'NONE',  ( 1.000000000000000000, 0.000000000000000000, 0.000000000000000000 ) ) ;
#2893 = PLANE ( 'NONE',  #1932 ) ;
#2894 = ADVANCED_FACE ( 'NONE', ( #1183 ), #1468, .F. ) ;
#2895 = CARTESIAN_POINT ( 'NONE',  ( -8.788529603284633396, 86.78156815438114791, 71.25779513156508926 ) ) ;
#2896 = EDGE_CURVE ( 'NONE', #1321, #2783, #2887, .T. ) ;
#2897 = ADVANCED_FACE ( 'NONE', ( #590 ), #2415, .F. ) ;
#2898 = ORIENTED_EDGE ( 'NONE', *, *, #1772, .T. ) ;
#2899 = VERTEX_POINT ( 'NONE', #1515 ) ;
#2900 = CARTESIAN_POINT ( 'NONE',  ( -10.78852960328463340, 150.7412758754041135, 138.1776184708321580 ) ) ;
#2901 = DIRECTION ( 'NONE',  ( -0.000000000000000000, 0.06861641503411927689, 0.9976431163436479954 ) ) ;
#2902 = DIRECTION ( 'NONE',  ( -1.000000000000000000, -0.000000000000000000, -0.000000000000000000 ) ) ;
#2903 = ORIENTED_EDGE ( 'NONE', *, *, #1797, .F. ) ;
#2904 = DIRECTION ( 'NONE',  ( 0.000000000000000000, 0.000000000000000000, -1.000000000000000000 ) ) ;
#2905 = VECTOR ( 'NONE', #860, 1000.000000000000000 ) ;
#2906 = CARTESIAN_POINT ( 'NONE',  ( -6.788529603284633396, 127.1682114851169842, 64.89507905005440591 ) ) ;
#2907 = CIRCLE ( 'NONE', #1923, 224.0000000000000853 ) ;
#2908 = AXIS2_PLACEMENT_3D ( 'NONE', #237, #1225, #1416 ) ;
#2909 = CARTESIAN_POINT ( 'NONE',  ( -6.788529603284633396, 111.8688076255531314, 384.5904987380682769 ) ) ;
#2910 = SURFACE_STYLE_USAGE ( .BOTH. , #1943 ) ;
#2911 = CIRCLE ( 'NONE', #1380, 4.831554380146527272 ) ;
#2912 = CIRCLE ( 'NONE', #271, 223.0000000000000853 ) ;
#2913 = EDGE_CURVE ( 'NONE', #1817, #2579, #821, .T. ) ;
#2914 = VECTOR ( 'NONE', #279, 1000.000000000000000 ) ;
#2915 = DIRECTION ( 'NONE',  ( -1.000000000000000000, -0.000000000000000000, -0.000000000000000000 ) ) ;
#2916 = VERTEX_POINT ( 'NONE', #1965 ) ;
#2917 = EDGE_CURVE ( 'NONE', #995, #893, #1500, .T. ) ;
#2918 = AXIS2_PLACEMENT_3D ( 'NONE', #21, #505, #2100 ) ;
#2919 = EDGE_LOOP ( 'NONE', ( #1580, #1166, #1127, #681 ) ) ;
#2920 = CARTESIAN_POINT ( 'NONE',  ( -8.788529603284633396, 141.5584347898245881, 156.0890373847969101 ) ) ;
#2921 = CARTESIAN_POINT ( 'NONE',  ( -6.788529603284633396, 141.1464132225184187, 64.93604150194357771 ) ) ;
#2922 = DIRECTION ( 'NONE',  ( 0.000000000000000000, 0.000000000000000000, -1.000000000000000000 ) ) ;
#2923 = EDGE_CURVE ( 'NONE', #2730, #2370, #2769, .T. ) ;
#2924 = EDGE_LOOP ( 'NONE', ( #559, #2545, #294, #2562 ) ) ;
#2925 = DIRECTION ( 'NONE',  ( 0.000000000000000000, 0.000000000000000000, -1.000000000000000000 ) ) ;
#2926 = DIRECTION ( 'NONE',  ( 0.000000000000000000, -0.7071014164207413133, 0.7071121459116519459 ) ) ;
#2927 = CARTESIAN_POINT ( 'NONE',  ( -10.78852960328463340, 127.2371891335147041, 161.1183240723489121 ) ) ;
#2928 = DIRECTION ( 'NONE',  ( 0.000000000000000000, 0.06662755410595058714, -0.9977779156875835609 ) ) ;
#2929 = CARTESIAN_POINT ( 'NONE',  ( -70.78852960328462984, 79.92790140000782628, 69.46833313838935453 ) ) ;
#2930 = ORIENTED_EDGE ( 'NONE', *, *, #2092, .T. ) ;
#2931 = ORIENTED_EDGE ( 'NONE', *, *, #391, .T. ) ;
#2932 = FACE_OUTER_BOUND ( 'NONE', #2766, .T. ) ;
#2933 = EDGE_CURVE ( 'NONE', #1703, #2341, #1793, .T. ) ;
#2934 = CARTESIAN_POINT ( 'NONE',  ( -6.788529603284633396, 111.8667509325086229, -157.5793358945792022 ) ) ;
#2935 = ORIENTED_EDGE ( 'NONE', *, *, #2214, .F. ) ;
#2936 = EDGE_CURVE ( 'NONE', #1531, #331, #526, .T. ) ;
#2937 = CARTESIAN_POINT ( 'NONE',  ( -8.788529603284633396, 141.0777968074843045, 63.93839838559994604 ) ) ;
#2938 = ORIENTED_EDGE ( 'NONE', *, *, #1921, .T. ) ;
#2939 = CARTESIAN_POINT ( 'NONE',  ( -6.788529603284633396, 148.3898187307340777, 74.86601893030962174 ) ) ;
#2940 = CARTESIAN_POINT ( 'NONE',  ( -10.78852960328463340, 141.5584347898245881, 156.0890373847969101 ) ) ;
#2941 = CARTESIAN_POINT ( 'NONE',  ( -6.788529603284633396, 151.7324134854724207, 138.1213361732967257 ) ) ;
#2942 = DIRECTION ( 'NONE',  ( 0.000000000000000000, 0.000000000000000000, -1.000000000000000000 ) ) ;
#2943 = ORIENTED_EDGE ( 'NONE', *, *, #1752, .F. ) ;
#2944 = ORIENTED_EDGE ( 'NONE', *, *, #8, .F. ) ;
#2945 = CARTESIAN_POINT ( 'NONE',  ( -10.78852960328463340, 148.0288180753379947, 153.8774120225000104 ) ) ;
#2946 = ORIENTED_EDGE ( 'NONE', *, *, #1961, .T. ) ;
#2947 = CARTESIAN_POINT ( 'NONE',  ( -8.788529603284633396, 74.34390786165347720, 74.56507861618020172 ) ) ;
#2948 = ORIENTED_EDGE ( 'NONE', *, *, #958, .T. ) ;
#2949 = CARTESIAN_POINT ( 'NONE',  ( -6.788529603284633396, 151.8128408909125824, 99.31205846557172379 ) ) ;
#2950 = EDGE_CURVE ( 'NONE', #2487, #379, #2874, .T. ) ;
#2951 = ADVANCED_FACE ( 'NONE', ( #1754 ), #303, .F. ) ;
#2952 = CIRCLE ( 'NONE', #3001, 223.0000000000000568 ) ;
#2953 = CARTESIAN_POINT ( 'NONE',  ( -8.788529603284633396, 140.8723463296477121, 166.0654737538021948 ) ) ;
#2954 = CARTESIAN_POINT ( 'NONE',  ( -8.788529603284633396, 78.55005808952117263, 68.26162717872141172 ) ) ;
#2955 = CIRCLE ( 'NONE', #266, 223.0000000000000568 ) ;
#2956 = CARTESIAN_POINT ( 'NONE',  ( -10.78852960328463340, 87.18133347901684260, 65.27112763743961921 ) ) ;
#2957 = CIRCLE ( 'NONE', #1197, 6.999999999999992006 ) ;
#2958 = VECTOR ( 'NONE', #2588, 1000.000000000000000 ) ;
#2959 = ORIENTED_EDGE ( 'NONE', *, *, #281, .F. ) ;
#2960 = AXIS2_PLACEMENT_3D ( 'NONE', #1221, #1206, #692 ) ;
#2961 = VECTOR ( 'NONE', #757, 1000.000000000000227 ) ;
#2962 = VERTEX_POINT ( 'NONE', #95 ) ;
#2963 = CARTESIAN_POINT ( 'NONE',  ( -8.788529603284633396, 76.95974397416121349, 65.65599012386208244 ) ) ;
#2964 = VECTOR ( 'NONE', #1038, 1000.000000000000000 ) ;
#2965 = VERTEX_POINT ( 'NONE', #1486 ) ;
#2966 = CARTESIAN_POINT ( 'NONE',  ( -8.788529603284633396, 141.0777968074843045, 63.93839838559994604 ) ) ;
#2967 = ORIENTED_EDGE ( 'NONE', *, *, #1600, .T. ) ;
#2968 = FACE_OUTER_BOUND ( 'NONE', #522, .T. ) ;
#2969 = ORIENTED_EDGE ( 'NONE', *, *, #542, .T. ) ;
#2970 = CARTESIAN_POINT ( 'NONE',  ( -10.78852960328463340, 141.5581117127231039, 70.92190020000548145 ) ) ;
#2971 = DIRECTION ( 'NONE',  ( 0.000000000000000000, -0.06861641503411927689, -0.9976431163436479954 ) ) ;
#2972 = DIRECTION ( 'NONE',  ( 0.000000000000000000, 0.06662755410595500027, -0.9977779156875832278 ) ) ;
#2973 = VERTEX_POINT ( 'NONE', #2687 ) ;
#2974 = EDGE_CURVE ( 'NONE', #1284, #2683, #1440, .T. ) ;
#2975 = DIRECTION ( 'NONE',  ( 0.000000000000000000, 0.000000000000000000, 1.000000000000000000 ) ) ;
#2976 = CARTESIAN_POINT ( 'NONE',  ( -8.788529603284633396, 76.17736285262743934, 160.5885394978847671 ) ) ;
#2977 = ORIENTED_EDGE ( 'NONE', *, *, #1889, .F. ) ;
#2978 = CARTESIAN_POINT ( 'NONE',  ( -8.788529603284633396, 97.00917494206585445, 162.0861362718193561 ) ) ;
#2979 = ORIENTED_EDGE ( 'NONE', *, *, #2298, .F. ) ;
#2980 = FACE_OUTER_BOUND ( 'NONE', #2168, .T. ) ;
#2981 = VERTEX_POINT ( 'NONE', #66 ) ;
#2982 = CARTESIAN_POINT ( 'NONE',  ( -10.78852960328463340, 141.5581117127231039, 70.92190020000548145 ) ) ;
#2983 = CARTESIAN_POINT ( 'NONE',  ( -8.788529603284633396, 75.66338171023956249, 154.5815574708099973 ) ) ;
#2984 = CARTESIAN_POINT ( 'NONE',  ( -6.788529603284633396, 149.9631970814178317, 143.4238285868967466 ) ) ;
#2985 = CARTESIAN_POINT ( 'NONE',  ( -8.788529603284633396, 77.07422376404981890, 70.32123261106740131 ) ) ;
#2986 = ORIENTED_EDGE ( 'NONE', *, *, #1443, .F. ) ;
#2987 = ADVANCED_FACE ( 'NONE', ( #1277 ), #2626, .T. ) ;
#2988 = EDGE_CURVE ( 'NONE', #2221, #1005, #2088, .T. ) ;
#2989 = CARTESIAN_POINT ( 'NONE',  ( -10.78852960328463340, 111.8667509325086229, -157.5793358945792022 ) ) ;
#2990 = DIRECTION ( 'NONE',  ( 0.000000000000000000, 0.000000000000000000, 1.000000000000000000 ) ) ;
#2991 = EDGE_LOOP ( 'NONE', ( #2641, #1066, #311, #549 ) ) ;
#2992 = DIRECTION ( 'NONE',  ( 0.000000000000000000, -0.8898140419807351043, 0.4563233181571007546 ) ) ;
#2993 = VERTEX_POINT ( 'NONE', #1949 ) ;
#2994 = CARTESIAN_POINT ( 'NONE',  ( -10.78852960328463340, 152.3126022208096799, 120.5357949267564948 ) ) ;
#2995 = ORIENTED_EDGE ( 'NONE', *, *, #732, .T. ) ;
#2996 = DIRECTION ( 'NONE',  ( 1.000000000000000000, 0.000000000000000000, 0.000000000000000000 ) ) ;
#2997 = FILL_AREA_STYLE ('',( #2492 ) ) ;
#2998 = CARTESIAN_POINT ( 'NONE',  ( -6.788529603284633396, 149.5979357142342394, 145.6133173382213783 ) ) ;
#2999 = CARTESIAN_POINT ( 'NONE',  ( -70.78852960328462984, 74.34390786165347720, 74.56507861618020172 ) ) ;
#3000 = EDGE_CURVE ( 'NONE', #361, #2623, #334, .T. ) ;
#3001 = AXIS2_PLACEMENT_3D ( 'NONE', #506, #725, #2361 ) ;
#3002 = VERTEX_POINT ( 'NONE', #2402 ) ;
#3003 = CIRCLE ( 'NONE', #2076, 6.999999999999992006 ) ;
#3004 = AXIS2_PLACEMENT_3D ( 'NONE', #534, #2098, #675 ) ;
#3005 = EDGE_LOOP ( 'NONE', ( #2058, #2078, #1466, #2969 ) ) ;
#3006 = CARTESIAN_POINT ( 'NONE',  ( -10.78852960328463340, 127.1685802874970079, 162.1159677092494462 ) ) ;
#3007 = AXIS2_PLACEMENT_3D ( 'NONE', #1753, #662, #1622 ) ;
#3008 = VECTOR ( 'NONE', #1272, 1000.000000000000000 ) ;
#3009 = ORIENTED_EDGE ( 'NONE', *, *, #2666, .T. ) ;
#3010 = VECTOR ( 'NONE', #246, 1000.000000000000000 ) ;
#3011 = CARTESIAN_POINT ( 'NONE',  ( -8.788529603284633396, 78.63191675939015113, 158.8634014860263903 ) ) ;
#3012 = ORIENTED_EDGE ( 'NONE', *, *, #1462, .T. ) ;
#3013 = LINE ( 'NONE', #37, #1838 ) ;
#3014 = VECTOR ( 'NONE', #99, 1000.000000000000000 ) ;
#3015 = ORIENTED_EDGE ( 'NONE', *, *, #1411, .F. ) ;
#3016 = DIRECTION ( 'NONE',  ( -1.000000000000000000, -0.000000000000000000, -0.000000000000000000 ) ) ;
#3017 = CARTESIAN_POINT ( 'NONE',  ( -8.788529603284633396, 77.04132035042341897, 70.36715107784789325 ) ) ;
#3018 = LINE ( 'NONE', #1568, #312 ) ;
#3019 = CARTESIAN_POINT ( 'NONE',  ( -70.78852960328462984, 78.55005808952117263, 68.26162717872141172 ) ) ;
#3020 = VERTEX_POINT ( 'NONE', #548 ) ;
#3021 = CARTESIAN_POINT ( 'NONE',  ( -6.788529603284633396, 141.5581117127231039, 64.92190020000548145 ) ) ;
#3022 = DIRECTION ( 'NONE',  ( -1.000000000000000000, -0.000000000000000000, -0.000000000000000000 ) ) ;
ENDSEC;
END-ISO-10303-21;
