ISO-10303-21;
HEADER;
FILE_DESCRIPTION (( 'STEP AP214' ),
    '1' );
FILE_NAME ('TopShelf.STEP',
    '2026-09-02T17:55:41',
    ( '' ),
    ( '' ),
    'SwSTEP 2.0',
    'SolidWorks 2025',
    '' );
FILE_SCHEMA (( 'AUTOMOTIVE_DESIGN' ));
ENDSEC;

DATA;
#1 = CARTESIAN_POINT ( 'NONE',  ( 10.74585705722506113, 120.2588714895134245, 33.50982518345433903 ) ) ;
#2 = ORIENTED_EDGE ( 'NONE', *, *, #1151, .T. ) ;
#3 = VECTOR ( 'NONE', #2676, 1000.000000000000114 ) ;
#4 = VECTOR ( 'NONE', #1128, 1000.000000000000000 ) ;
#5 = DIRECTION ( 'NONE',  ( 1.000000000000000000, 0.000000000000000000, 0.000000000000000000 ) ) ;
#6 = FACE_OUTER_BOUND ( 'NONE', #86, .T. ) ;
#7 = VECTOR ( 'NONE', #322, 1000.000000000000000 ) ;
#8 = ORIENTED_EDGE ( 'NONE', *, *, #3129, .T. ) ;
#9 = DIRECTION ( 'NONE',  ( -1.000000000000000000, -0.000000000000000000, 0.000000000000000000 ) ) ;
#10 = DIRECTION ( 'NONE',  ( 0.000000000000000000, 0.000000000000000000, 1.000000000000000000 ) ) ;
#11 = DIRECTION ( 'NONE',  ( 0.000000000000000000, -3.247402347028582376E-13, 1.000000000000000000 ) ) ;
#12 = EDGE_CURVE ( 'NONE', #2191, #3342, #1748, .T. ) ;
#13 = CARTESIAN_POINT ( 'NONE',  ( 27.49999999999999645, 115.5000000000011795, 89.00000000000002842 ) ) ;
#14 = LINE ( 'NONE', #2506, #730 ) ;
#15 = CIRCLE ( 'NONE', #952, 1.600000000000018074 ) ;
#16 = EDGE_LOOP ( 'NONE', ( #72, #136, #450, #1875 ) ) ;
#17 = ORIENTED_EDGE ( 'NONE', *, *, #187, .F. ) ;
#18 = FACE_OUTER_BOUND ( 'NONE', #3112, .T. ) ;
#19 = DIRECTION ( 'NONE',  ( -0.000000000000000000, 3.247402347028582376E-13, -1.000000000000000000 ) ) ;
#20 = ORIENTED_EDGE ( 'NONE', *, *, #2644, .T. ) ;
#21 = CARTESIAN_POINT ( 'NONE',  ( 25.25000000000000355, 118.0000000000011937, 46.50000000000000000 ) ) ;
#22 = EDGE_CURVE ( 'NONE', #3329, #425, #3292, .T. ) ;
#23 = ORIENTED_EDGE ( 'NONE', *, *, #2887, .F. ) ;
#24 = CARTESIAN_POINT ( 'NONE',  ( 9.508420190148340723, 120.5223143121460083, 77.50585788449932068 ) ) ;
#25 = FACE_OUTER_BOUND ( 'NONE', #2533, .T. ) ;
#26 = EDGE_CURVE ( 'NONE', #1219, #3154, #2861, .T. ) ;
#27 = EDGE_CURVE ( 'NONE', #1807, #1054, #2445, .T. ) ;
#28 = CARTESIAN_POINT ( 'NONE',  ( 12.00000000000000178, 120.9999999999818669, 62.50585788449946989 ) ) ;
#29 = ORIENTED_EDGE ( 'NONE', *, *, #2887, .T. ) ;
#30 = ORIENTED_EDGE ( 'NONE', *, *, #1321, .T. ) ;
#31 = EDGE_LOOP ( 'NONE', ( #2730, #1116 ) ) ;
#32 = ORIENTED_EDGE ( 'NONE', *, *, #84, .T. ) ;
#33 = CARTESIAN_POINT ( 'NONE',  ( 10.74585705722506113, 118.4088714895134871, 15.50982518345433903 ) ) ;
#34 = ORIENTED_EDGE ( 'NONE', *, *, #2862, .F. ) ;
#35 = ADVANCED_FACE ( 'NONE', ( #2240 ), #3021, .F. ) ;
#36 = CARTESIAN_POINT ( 'NONE',  ( 12.00000000000000178, 115.5000000000011795, 3.000000000000000000 ) ) ;
#37 = DIRECTION ( 'NONE',  ( 0.000000000000000000, 1.000000000000000000, 0.000000000000000000 ) ) ;
#38 = LINE ( 'NONE', #28, #1698 ) ;
#39 = ADVANCED_FACE ( 'NONE', ( #1447 ), #110, .F. ) ;
#40 = ORIENTED_EDGE ( 'NONE', *, *, #3293, .T. ) ;
#41 = ORIENTED_EDGE ( 'NONE', *, *, #2248, .T. ) ;
#42 = DIRECTION ( 'NONE',  ( -0.000000000000000000, -0.000000000000000000, -1.000000000000000000 ) ) ;
#43 = AXIS2_PLACEMENT_3D ( 'NONE', #1423, #667, #2149 ) ;
#44 = ORIENTED_EDGE ( 'NONE', *, *, #344, .T. ) ;
#45 = ORIENTED_EDGE ( 'NONE', *, *, #407, .F. ) ;
#46 = AXIS2_PLACEMENT_3D ( 'NONE', #2336, #9, #1825 ) ;
#47 = CIRCLE ( 'NONE', #1520, 0.9249999999999952704 ) ;
#48 = ADVANCED_FACE ( 'NONE', ( #1481 ), #1426, .F. ) ;
#49 = CYLINDRICAL_SURFACE ( 'NONE', #1364, 1.999999999999999112 ) ;
#50 = AXIS2_PLACEMENT_3D ( 'NONE', #2935, #314, #1112 ) ;
#51 = AXIS2_PLACEMENT_3D ( 'NONE', #2681, #927, #1905 ) ;
#52 = VERTEX_POINT ( 'NONE', #1191 ) ;
#53 = AXIS2_PLACEMENT_3D ( 'NONE', #1034, #768, #3334 ) ;
#54 = DIRECTION ( 'NONE',  ( 0.000000000000000000, 0.000000000000000000, 1.000000000000000000 ) ) ;
#55 = AXIS2_PLACEMENT_3D ( 'NONE', #2380, #2127, #3104 ) ;
#56 = DIRECTION ( 'NONE',  ( 0.000000000000000000, 1.000000000000000000, 3.965082230804126670E-15 ) ) ;
#57 = AXIS2_PLACEMENT_3D ( 'NONE', #2000, #1136, #101 ) ;
#58 = FACE_OUTER_BOUND ( 'NONE', #950, .T. ) ;
#59 = EDGE_LOOP ( 'NONE', ( #121, #826, #685, #2622 ) ) ;
#60 = ORIENTED_EDGE ( 'NONE', *, *, #3289, .T. ) ;
#61 = CARTESIAN_POINT ( 'NONE',  ( 10.74585705722506113, 119.2848774450698102, 77.50585788449893698 ) ) ;
#62 = AXIS2_PLACEMENT_3D ( 'NONE', #200, #1239, #2824 ) ;
#63 = FACE_OUTER_BOUND ( 'NONE', #1757, .T. ) ;
#64 = ORIENTED_EDGE ( 'NONE', *, *, #2229, .F. ) ;
#65 = EDGE_CURVE ( 'NONE', #2232, #1082, #1517, .T. ) ;
#66 = ORIENTED_EDGE ( 'NONE', *, *, #454, .F. ) ;
#67 = FACE_OUTER_BOUND ( 'NONE', #1755, .T. ) ;
#68 = EDGE_CURVE ( 'NONE', #2950, #764, #2956, .T. ) ;
#69 = FACE_OUTER_BOUND ( 'NONE', #2317, .T. ) ;
#70 = CARTESIAN_POINT ( 'NONE',  ( 11.99605061532599315, 120.0348774450698102, 77.50585788449917857 ) ) ;
#71 = CARTESIAN_POINT ( 'NONE',  ( 9.508420190148241247, 118.0964346224373713, 18.50982518345434613 ) ) ;
#72 = ORIENTED_EDGE ( 'NONE', *, *, #27, .T. ) ;
#73 = DIRECTION ( 'NONE',  ( -0.000000000000000000, 1.000000000000000000, -0.000000000000000000 ) ) ;
#74 = LINE ( 'NONE', #1138, #1861 ) ;
#75 = CARTESIAN_POINT ( 'NONE',  ( 12.00000000000000178, 120.9999999999828475, 59.50585788449946989 ) ) ;
#76 = VERTEX_POINT ( 'NONE', #3250 ) ;
#77 = ADVANCED_FACE ( 'NONE', ( #1992, #693, #428, #2493, #3007 ), #445, .T. ) ;
#78 = LINE ( 'NONE', #653, #2283 ) ;
#79 = LINE ( 'NONE', #1908, #673 ) ;
#80 = VERTEX_POINT ( 'NONE', #2267 ) ;
#81 = VERTEX_POINT ( 'NONE', #795 ) ;
#82 = CARTESIAN_POINT ( 'NONE',  ( 10.09178328462724750, 119.9389512176680910, 74.50585788449915015 ) ) ;
#83 = CARTESIAN_POINT ( 'NONE',  ( 29.49999999999999645, 118.0000000000011937, 3.999999999999996447 ) ) ;
#84 = EDGE_CURVE ( 'NONE', #1680, #80, #198, .T. ) ;
#85 = ADVANCED_FACE ( 'NONE', ( #773 ), #2546, .F. ) ;
#86 = EDGE_LOOP ( 'NONE', ( #1982, #1498, #2651, #44 ) ) ;
#87 = DIRECTION ( 'NONE',  ( 0.000000000000000000, 1.000000000000000000, 3.247402347028582376E-13 ) ) ;
#88 = LINE ( 'NONE', #1659, #295 ) ;
#89 = DIRECTION ( 'NONE',  ( 0.000000000000000000, -1.000000000000000000, -3.247402347028582376E-13 ) ) ;
#90 = ORIENTED_EDGE ( 'NONE', *, *, #1102, .T. ) ;
#91 = LINE ( 'NONE', #1117, #386 ) ;
#92 = LINE ( 'NONE', #2169, #3303 ) ;
#93 = LINE ( 'NONE', #2487, #2755 ) ;
#94 = ORIENTED_EDGE ( 'NONE', *, *, #839, .F. ) ;
#95 = EDGE_CURVE ( 'NONE', #508, #1028, #2306, .T. ) ;
#96 = DIRECTION ( 'NONE',  ( 0.7071067811865558994, -0.7071067811865392461, -2.296260220824993752E-13 ) ) ;
#97 = CARTESIAN_POINT ( 'NONE',  ( 42.49999999999999289, 121.0000000000011937, 89.00000000000001421 ) ) ;
#98 = DIRECTION ( 'NONE',  ( 0.000000000000000000, 0.000000000000000000, 1.000000000000000000 ) ) ;
#99 = CARTESIAN_POINT ( 'NONE',  ( 17.00000000000001066, 120.0000000000011937, 81.99999999999998579 ) ) ;
#100 = ORIENTED_EDGE ( 'NONE', *, *, #2318, .F. ) ;
#101 = DIRECTION ( 'NONE',  ( 0.000000000000000000, 1.000000000000000000, 3.491481338843133355E-15 ) ) ;
#102 = CARTESIAN_POINT ( 'NONE',  ( 29.50000000000001066, 118.0000000000011937, 87.00000000000000000 ) ) ;
#103 = VECTOR ( 'NONE', #2194, 1000.000000000000000 ) ;
#104 = FACE_OUTER_BOUND ( 'NONE', #1893, .T. ) ;
#105 = VECTOR ( 'NONE', #1186, 1000.000000000000000 ) ;
#106 = EDGE_CURVE ( 'NONE', #3154, #1219, #3022, .T. ) ;
#107 = DIRECTION ( 'NONE',  ( 0.000000000000000000, -1.000000000000000000, -3.965082230804126670E-15 ) ) ;
#108 = DIRECTION ( 'NONE',  ( -0.000000000000000000, 3.247402347028582376E-13, -1.000000000000000000 ) ) ;
#109 = VECTOR ( 'NONE', #189, 999.9999999999998863 ) ;
#110 = CYLINDRICAL_SURFACE ( 'NONE', #2655, 2.000000000000001776 ) ;
#111 = ADVANCED_FACE ( 'NONE', ( #2596 ), #2057, .T. ) ;
#112 = FACE_OUTER_BOUND ( 'NONE', #1627, .T. ) ;
#113 = PLANE ( 'NONE',  #51 ) ;
#114 = EDGE_LOOP ( 'NONE', ( #802, #3186, #1975, #1419, #1499, #2098, #1721, #3035, #1780, #1362, #2752, #1578 ) ) ;
#115 = ORIENTED_EDGE ( 'NONE', *, *, #3161, .T. ) ;
#116 = DIRECTION ( 'NONE',  ( 1.000000000000000000, 0.000000000000000000, -0.000000000000000000 ) ) ;
#117 = CYLINDRICAL_SURFACE ( 'NONE', #2388, 3.000000000000000888 ) ;
#118 = FACE_OUTER_BOUND ( 'NONE', #1986, .T. ) ;
#119 = DIRECTION ( 'NONE',  ( 0.000000000000000000, -3.247402347028582376E-13, 1.000000000000000000 ) ) ;
#120 = CIRCLE ( 'NONE', #2027, 3.000000000000002665 ) ;
#121 = ORIENTED_EDGE ( 'NONE', *, *, #1673, .F. ) ;
#122 = PLANE ( 'NONE',  #1302 ) ;
#123 = VECTOR ( 'NONE', #3146, 1000.000000000000000 ) ;
#124 = FACE_BOUND ( 'NONE', #3271, .T. ) ;
#125 = EDGE_CURVE ( 'NONE', #3183, #2866, #2342, .T. ) ;
#126 = DIRECTION ( 'NONE',  ( 1.000000000000000000, 0.000000000000000000, 0.000000000000000000 ) ) ;
#127 = ORIENTED_EDGE ( 'NONE', *, *, #707, .T. ) ;
#128 = PLANE ( 'NONE',  #2296 ) ;
#129 = EDGE_CURVE ( 'NONE', #3004, #1441, #3343, .T. ) ;
#130 = CARTESIAN_POINT ( 'NONE',  ( 40.49999999999997868, 118.0000000000011937, 87.00000000000000000 ) ) ;
#131 = EDGE_CURVE ( 'NONE', #3167, #2806, #1066, .T. ) ;
#132 = ADVANCED_FACE ( 'NONE', ( #1026 ), #3110, .F. ) ;
#133 = DIRECTION ( 'NONE',  ( 0.000000000000000000, -3.247402347028582376E-13, 1.000000000000000000 ) ) ;
#134 = DIRECTION ( 'NONE',  ( -0.7071067811865558994, 0.7071067811865392461, 2.296260220824993752E-13 ) ) ;
#135 = VERTEX_POINT ( 'NONE', #760 ) ;
#136 = ORIENTED_EDGE ( 'NONE', *, *, #2773, .T. ) ;
#137 = CYLINDRICAL_SURFACE ( 'NONE', #1094, 1.600000000000004086 ) ;
#138 = FACE_OUTER_BOUND ( 'NONE', #1634, .T. ) ;
#139 = CYLINDRICAL_SURFACE ( 'NONE', #2514, 1.750000000000001554 ) ;
#140 = ORIENTED_EDGE ( 'NONE', *, *, #892, .F. ) ;
#141 = CARTESIAN_POINT ( 'NONE',  ( 10.74585705722506113, 120.2098774450746959, 62.50585788449922120 ) ) ;
#142 = DIRECTION ( 'NONE',  ( 0.000000000000000000, 0.000000000000000000, -1.000000000000000000 ) ) ;
#143 = DIRECTION ( 'NONE',  ( 1.000000000000000000, 0.000000000000000000, -1.958558763199621700E-16 ) ) ;
#144 = ORIENTED_EDGE ( 'NONE', *, *, #2645, .F. ) ;
#145 = DIRECTION ( 'NONE',  ( 0.000000000000000000, -1.000000000000000000, -3.491481338843133355E-15 ) ) ;
#146 = DIRECTION ( 'NONE',  ( 0.000000000000000000, 0.000000000000000000, -1.000000000000000000 ) ) ;
#147 = DIRECTION ( 'NONE',  ( -0.000000000000000000, 3.491481338843133355E-15, -1.000000000000000000 ) ) ;
#148 = CARTESIAN_POINT ( 'NONE',  ( 12.00000000000000178, 120.0838714895134842, 15.50982518345434258 ) ) ;
#149 = ORIENTED_EDGE ( 'NONE', *, *, #319, .F. ) ;
#150 = ORIENTED_EDGE ( 'NONE', *, *, #1184, .T. ) ;
#151 = PLANE ( 'NONE',  #2811 ) ;
#152 = CARTESIAN_POINT ( 'NONE',  ( 14.00000000000000178, 120.5543736317023615, 33.50982518345436745 ) ) ;
#153 = LINE ( 'NONE', #2228, #2285 ) ;
#154 = VERTEX_POINT ( 'NONE', #811 ) ;
#155 = EDGE_CURVE ( 'NONE', #1289, #3270, #2584, .T. ) ;
#156 = FACE_OUTER_BOUND ( 'NONE', #1997, .T. ) ;
#157 = LINE ( 'NONE', #970, #327 ) ;
#158 = CIRCLE ( 'NONE', #989, 1.750000000000001554 ) ;
#159 = ORIENTED_EDGE ( 'NONE', *, *, #1489, .T. ) ;
#160 = AXIS2_PLACEMENT_3D ( 'NONE', #1732, #2761, #1488 ) ;
#161 = VECTOR ( 'NONE', #2961, 1000.000000000000000 ) ;
#162 = CARTESIAN_POINT ( 'NONE',  ( 10.74585705722506113, 119.3338714895134842, 15.50982518345434258 ) ) ;
#163 = AXIS2_PLACEMENT_3D ( 'NONE', #2015, #1709, #662 ) ;
#164 = VERTEX_POINT ( 'NONE', #2323 ) ;
#165 = AXIS2_PLACEMENT_3D ( 'NONE', #265, #2063, #2845 ) ;
#166 = DIRECTION ( 'NONE',  ( 0.000000000000000000, 0.000000000000000000, -1.000000000000000000 ) ) ;
#167 = DIRECTION ( 'NONE',  ( -1.000000000000000000, 0.000000000000000000, -0.000000000000000000 ) ) ;
#168 = AXIS2_PLACEMENT_3D ( 'NONE', #937, #1973, #2987 ) ;
#169 = AXIS2_PLACEMENT_3D ( 'NONE', #2694, #2835, #2784 ) ;
#170 = EDGE_CURVE ( 'NONE', #915, #1368, #1815, .T. ) ;
#171 = VERTEX_POINT ( 'NONE', #1496 ) ;
#172 = AXIS2_PLACEMENT_3D ( 'NONE', #1492, #191, #2944 ) ;
#173 = DIRECTION ( 'NONE',  ( -0.000000000000000000, 1.000000000000000000, -0.000000000000000000 ) ) ;
#174 = EDGE_CURVE ( 'NONE', #1750, #317, #983, .T. ) ;
#175 = EDGE_LOOP ( 'NONE', ( #40, #660 ) ) ;
#176 = DIRECTION ( 'NONE',  ( 0.000000000000000000, -1.000000000000000000, 0.000000000000000000 ) ) ;
#177 = CIRCLE ( 'NONE', #1264, 2.000000000000001776 ) ;
#178 = ORIENTED_EDGE ( 'NONE', *, *, #2734, .T. ) ;
#179 = VECTOR ( 'NONE', #3310, 1000.000000000000000 ) ;
#180 = DIRECTION ( 'NONE',  ( 0.000000000000000000, -1.000000000000000000, 0.000000000000000000 ) ) ;
#181 = CARTESIAN_POINT ( 'NONE',  ( 10.09178328462714269, 118.6797977169162266, 33.50982518345433903 ) ) ;
#182 = VERTEX_POINT ( 'NONE', #2786 ) ;
#183 = FACE_BOUND ( 'NONE', #380, .T. ) ;
#184 = DIRECTION ( 'NONE',  ( 0.000000000000000000, 1.000000000000000000, 3.247402347028582376E-13 ) ) ;
#185 = ORIENTED_EDGE ( 'NONE', *, *, #192, .F. ) ;
#186 = EDGE_LOOP ( 'NONE', ( #807, #1596, #984, #767, #249, #358, #618, #2462, #2026, #1503, #2138, #275 ) ) ;
#187 = EDGE_CURVE ( 'NONE', #825, #357, #2288, .T. ) ;
#188 = LINE ( 'NONE', #505, #3246 ) ;
#189 = DIRECTION ( 'NONE',  ( 0.7071067811865558994, -0.7071067811865392461, -2.468850131082236156E-15 ) ) ;
#190 = VERTEX_POINT ( 'NONE', #1509 ) ;
#191 = DIRECTION ( 'NONE',  ( -0.000000000000000000, 1.000000000000000000, -0.000000000000000000 ) ) ;
#192 = EDGE_CURVE ( 'NONE', #1680, #1347, #1253, .T. ) ;
#193 = DIRECTION ( 'NONE',  ( 0.000000000000000000, -1.000000000000000000, -3.965082230804126670E-15 ) ) ;
#194 = FACE_OUTER_BOUND ( 'NONE', #2925, .T. ) ;
#195 = ORIENTED_EDGE ( 'NONE', *, *, #1440, .T. ) ;
#196 = CARTESIAN_POINT ( 'NONE',  ( 14.00000000000000178, 118.0643753028807197, 77.50585788449853908 ) ) ;
#197 = CARTESIAN_POINT ( 'NONE',  ( 12.00000000000000178, 118.0643753028808618, 77.50585788449852487 ) ) ;
#198 = LINE ( 'NONE', #1271, #1142 ) ;
#199 = CARTESIAN_POINT ( 'NONE',  ( 42.49999999999999289, 115.5000000000011795, 2.999999999999995115 ) ) ;
#200 = CARTESIAN_POINT ( 'NONE',  ( 10.74585705722506113, 119.2848774450756650, 59.50585788449891567 ) ) ;
#201 = ORIENTED_EDGE ( 'NONE', *, *, #2328, .T. ) ;
#202 = ORIENTED_EDGE ( 'NONE', *, *, #532, .F. ) ;
#203 = DIRECTION ( 'NONE',  ( -0.000000000000000000, -0.000000000000000000, -1.000000000000000000 ) ) ;
#204 = DIRECTION ( 'NONE',  ( -0.002632913989968059098, 0.9999965338759536637, 3.491469236935707336E-15 ) ) ;
#205 = EDGE_LOOP ( 'NONE', ( #976, #742, #2294, #2112 ) ) ;
#206 = LINE ( 'NONE', #716, #3204 ) ;
#207 = DIRECTION ( 'NONE',  ( 0.000000000000000000, -3.247402347028582376E-13, 1.000000000000000000 ) ) ;
#208 = CARTESIAN_POINT ( 'NONE',  ( 17.00000000000000000, 120.0000000000011937, 9.600000000000003197 ) ) ;
#209 = VERTEX_POINT ( 'NONE', #2838 ) ;
#210 = DIRECTION ( 'NONE',  ( 0.000000000000000000, -3.491481338843133355E-15, 1.000000000000000000 ) ) ;
#211 = CARTESIAN_POINT ( 'NONE',  ( 14.00000000000000178, 120.5053795872646134, 59.50585788449931357 ) ) ;
#212 = VECTOR ( 'NONE', #1696, 1000.000000000000000 ) ;
#213 = CARTESIAN_POINT ( 'NONE',  ( 27.49999999999999645, 121.0000000000011937, 2.999999999999996891 ) ) ;
#214 = CARTESIAN_POINT ( 'NONE',  ( 10.74585705722506113, 119.3338714895134274, 33.50982518345433903 ) ) ;
#215 = VECTOR ( 'NONE', #2760, 1000.000000000000000 ) ;
#216 = EDGE_CURVE ( 'NONE', #2137, #2563, #3243, .T. ) ;
#217 = CARTESIAN_POINT ( 'NONE',  ( 10.74585705722506113, 119.3338714895134842, 15.50982518345434258 ) ) ;
#218 = VECTOR ( 'NONE', #804, 1000.000000000000000 ) ;
#219 = AXIS2_PLACEMENT_3D ( 'NONE', #1867, #367, #107 ) ;
#220 = EDGE_LOOP ( 'NONE', ( #2363, #1516, #3172, #1378 ) ) ;
#221 = ORIENTED_EDGE ( 'NONE', *, *, #2200, .T. ) ;
#222 = VECTOR ( 'NONE', #1876, 1000.000000000000000 ) ;
#223 = DIRECTION ( 'NONE',  ( -0.000000000000000000, 3.247402347028582376E-13, -1.000000000000000000 ) ) ;
#224 = EDGE_CURVE ( 'NONE', #1232, #1021, #1734, .T. ) ;
#225 = AXIS2_PLACEMENT_3D ( 'NONE', #1234, #1040, #842 ) ;
#226 = CARTESIAN_POINT ( 'NONE',  ( 10.09178328462714269, 118.6797977169162976, 15.50982518345434258 ) ) ;
#227 = LINE ( 'NONE', #1733, #109 ) ;
#228 = LINE ( 'NONE', #1502, #7 ) ;
#229 = LINE ( 'NONE', #3318, #439 ) ;
#230 = AXIS2_PLACEMENT_3D ( 'NONE', #762, #466, #948 ) ;
#231 = EDGE_LOOP ( 'NONE', ( #1735, #1449, #622, #1764 ) ) ;
#232 = DIRECTION ( 'NONE',  ( 0.000000000000000000, -0.000000000000000000, -1.000000000000000000 ) ) ;
#233 = DIRECTION ( 'NONE',  ( -0.000000000000000000, 3.247402347028582376E-13, -1.000000000000000000 ) ) ;
#234 = ORIENTED_EDGE ( 'NONE', *, *, #84, .F. ) ;
#235 = EDGE_CURVE ( 'NONE', #2191, #2682, #1899, .T. ) ;
#236 = PLANE ( 'NONE',  #2819 ) ;
#237 = VECTOR ( 'NONE', #2093, 999.9999999999998863 ) ;
#238 = CARTESIAN_POINT ( 'NONE',  ( 10.09178328462724750, 119.9389512176729653, 59.50585788449912172 ) ) ;
#239 = DIRECTION ( 'NONE',  ( -0.000000000000000000, 3.491481338843133355E-15, -1.000000000000000000 ) ) ;
#240 = CARTESIAN_POINT ( 'NONE',  ( 29.49999999999999645, 115.5000000000011795, 3.999999999999996447 ) ) ;
#241 = ADVANCED_FACE ( 'NONE', ( #366 ), #2490, .T. ) ;
#242 = DIRECTION ( 'NONE',  ( -1.000000000000000000, 0.000000000000000000, 0.000000000000000000 ) ) ;
#243 = EDGE_CURVE ( 'NONE', #1851, #2946, #437, .T. ) ;
#244 = EDGE_CURVE ( 'NONE', #80, #401, #1896, .T. ) ;
#245 = VERTEX_POINT ( 'NONE', #2724 ) ;
#246 = VERTEX_POINT ( 'NONE', #353 ) ;
#247 = DIRECTION ( 'NONE',  ( -0.000000000000000000, 3.247402347028582376E-13, -1.000000000000000000 ) ) ;
#248 = CARTESIAN_POINT ( 'NONE',  ( 9.508420190148340723, 120.5223143121469747, 74.50585788449932068 ) ) ;
#249 = ORIENTED_EDGE ( 'NONE', *, *, #2351, .T. ) ;
#250 = VERTEX_POINT ( 'NONE', #1658 ) ;
#251 = DIRECTION ( 'NONE',  ( 0.000000000000000000, 1.000000000000000000, 3.247402347028582376E-13 ) ) ;
#252 =( NAMED_UNIT ( * ) PLANE_ANGLE_UNIT ( ) SI_UNIT ( $, .RADIAN. ) );
#253 = VERTEX_POINT ( 'NONE', #870 ) ;
#254 = CYLINDRICAL_SURFACE ( 'NONE', #1844, 0.9249999999999952704 ) ;
#255 = LINE ( 'NONE', #577, #1065 ) ;
#256 = DIRECTION ( 'NONE',  ( -0.9999965338759536637, -0.002632913989968058231, -8.550131070546660257E-16 ) ) ;
#257 = DIRECTION ( 'NONE',  ( 0.000000000000000000, -1.000000000000000000, 0.000000000000000000 ) ) ;
#258 = ADVANCED_FACE ( 'NONE', ( #104 ), #616, .F. ) ;
#259 = DIRECTION ( 'NONE',  ( 0.000000000000000000, 1.000000000000000000, 0.000000000000000000 ) ) ;
#260 = DIRECTION ( 'NONE',  ( 0.000000000000000000, 0.000000000000000000, -1.000000000000000000 ) ) ;
#261 = DIRECTION ( 'NONE',  ( 0.000000000000000000, -1.000000000000000000, -3.750753461571493582E-15 ) ) ;
#262 = EDGE_LOOP ( 'NONE', ( #475, #1226, #29, #1719 ) ) ;
#263 = VERTEX_POINT ( 'NONE', #649 ) ;
#264 = UNCERTAINTY_MEASURE_WITH_UNIT (LENGTH_MEASURE( 1.000000000000000082E-05 ), #2411, 'distance_accuracy_value', 'NONE');
#265 = CARTESIAN_POINT ( 'NONE',  ( 25.25000000000000355, 116.4000000000011994, 46.50000000000000000 ) ) ;
#266 = VERTEX_POINT ( 'NONE', #1386 ) ;
#267 = ORIENTED_EDGE ( 'NONE', *, *, #741, .T. ) ;
#268 = FACE_BOUND ( 'NONE', #1598, .T. ) ;
#269 = EDGE_LOOP ( 'NONE', ( #1048, #780, #395, #1951 ) ) ;
#270 = EDGE_CURVE ( 'NONE', #209, #582, #2425, .T. ) ;
#271 = DIRECTION ( 'NONE',  ( 0.000000000000000000, 1.000000000000000000, 0.000000000000000000 ) ) ;
#272 = CARTESIAN_POINT ( 'NONE',  ( 57.99999999999999289, 115.5000000000011795, 90.00000000000000000 ) ) ;
#273 = DIRECTION ( 'NONE',  ( 0.000000000000000000, -3.247402347028582376E-13, 1.000000000000000000 ) ) ;
#274 = CARTESIAN_POINT ( 'NONE',  ( 10.09178328462714269, 118.6797977169162408, 30.50982518345434258 ) ) ;
#275 = ORIENTED_EDGE ( 'NONE', *, *, #429, .F. ) ;
#276 = ORIENTED_EDGE ( 'NONE', *, *, #1645, .F. ) ;
#277 = AXIS2_PLACEMENT_3D ( 'NONE', #2669, #916, #347 ) ;
#278 = ADVANCED_FACE ( 'NONE', ( #2182 ), #3215, .F. ) ;
#279 = DIRECTION ( 'NONE',  ( 0.000000000000000000, 1.000000000000000000, 0.000000000000000000 ) ) ;
#280 = CIRCLE ( 'NONE', #552, 1.750000000000001554 ) ;
#281 = AXIS2_PLACEMENT_3D ( 'NONE', #551, #2111, #320 ) ;
#282 = DIRECTION ( 'NONE',  ( 0.000000000000000000, -1.000000000000000000, -3.491481338843133355E-15 ) ) ;
#283 = ORIENTED_EDGE ( 'NONE', *, *, #224, .F. ) ;
#284 = EDGE_LOOP ( 'NONE', ( #1134, #763, #1343, #3101 ) ) ;
#285 = CIRCLE ( 'NONE', #722, 3.000000000000002665 ) ;
#286 = VECTOR ( 'NONE', #1510, 1000.000000000000000 ) ;
#287 = ADVANCED_FACE ( 'NONE', ( #67 ), #137, .F. ) ;
#288 = CARTESIAN_POINT ( 'NONE',  ( 10.74585705722506113, 119.2848774450698102, 77.50585788449893698 ) ) ;
#289 = AXIS2_PLACEMENT_3D ( 'NONE', #457, #1493, #1056 ) ;
#290 = CIRCLE ( 'NONE', #2616, 1.599999999999998090 ) ;
#291 = ORIENTED_EDGE ( 'NONE', *, *, #3266, .T. ) ;
#292 = LINE ( 'NONE', #770, #1145 ) ;
#293 = FACE_OUTER_BOUND ( 'NONE', #1384, .T. ) ;
#294 = DIRECTION ( 'NONE',  ( 0.000000000000000000, -3.247402347028582376E-13, 1.000000000000000000 ) ) ;
#295 = VECTOR ( 'NONE', #1443, 1000.000000000000000 ) ;
#296 = ORIENTED_EDGE ( 'NONE', *, *, #68, .T. ) ;
#297 = ORIENTED_EDGE ( 'NONE', *, *, #1999, .T. ) ;
#298 = CARTESIAN_POINT ( 'NONE',  ( 10.74585705722506113, 119.3338714895134700, 18.50982518345434613 ) ) ;
#300 = ORIENTED_EDGE ( 'NONE', *, *, #2750, .F. ) ;
#299 = EDGE_CURVE ( 'NONE', #769, #764, #3134, .T. ) ;
#301 = LINE ( 'NONE', #33, #222 ) ;
#302 = ORIENTED_EDGE ( 'NONE', *, *, #1892, .T. ) ;
#303 = EDGE_CURVE ( 'NONE', #2347, #393, #3239, .T. ) ;
#304 = DIRECTION ( 'NONE',  ( 0.000000000000000000, -3.491481338843133355E-15, 1.000000000000000000 ) ) ;
#305 = DIRECTION ( 'NONE',  ( 0.000000000000000000, -3.247402347028582376E-13, 1.000000000000000000 ) ) ;
#306 = CARTESIAN_POINT ( 'NONE',  ( 40.49999999999997868, 115.5000000000011795, 87.00000000000000000 ) ) ;
#307 = ORIENTED_EDGE ( 'NONE', *, *, #1084, .T. ) ;
#308 = ORIENTED_EDGE ( 'NONE', *, *, #270, .T. ) ;
#309 = DIRECTION ( 'NONE',  ( 0.000000000000000000, -1.000000000000000000, -3.750753461571493582E-15 ) ) ;
#310 = EDGE_LOOP ( 'NONE', ( #2044, #720, #1932, #1127 ) ) ;
#311 = VERTEX_POINT ( 'NONE', #1913 ) ;
#312 = DIRECTION ( 'NONE',  ( 0.000000000000000000, -3.247402347028582376E-13, 1.000000000000000000 ) ) ;
#313 = ORIENTED_EDGE ( 'NONE', *, *, #1332, .F. ) ;
#314 = DIRECTION ( 'NONE',  ( -0.000000000000000000, 1.000000000000000000, -0.000000000000000000 ) ) ;
#315 = LINE ( 'NONE', #1351, #997 ) ;
#316 = CARTESIAN_POINT ( 'NONE',  ( 14.00000000000000178, 120.5053795872587585, 77.50585788449932068 ) ) ;
#317 = VERTEX_POINT ( 'NONE', #602 ) ;
#318 = ORIENTED_EDGE ( 'NONE', *, *, #689, .T. ) ;
#319 = EDGE_CURVE ( 'NONE', #919, #582, #623, .T. ) ;
#320 = DIRECTION ( 'NONE',  ( 0.000000000000000000, 0.000000000000000000, 1.000000000000000000 ) ) ;
#321 = DIRECTION ( 'NONE',  ( -0.000000000000000000, 0.000000000000000000, -1.000000000000000000 ) ) ;
#322 = DIRECTION ( 'NONE',  ( 0.000000000000000000, -3.247402347028582376E-13, 1.000000000000000000 ) ) ;
#323 = CIRCLE ( 'NONE', #1616, 1.750000000000001554 ) ;
#324 = ORIENTED_EDGE ( 'NONE', *, *, #2573, .T. ) ;
#325 = ORIENTED_EDGE ( 'NONE', *, *, #1338, .F. ) ;
#326 = DIRECTION ( 'NONE',  ( 0.000000000000000000, -3.491481338843133355E-15, 1.000000000000000000 ) ) ;
#327 = VECTOR ( 'NONE', #2782, 1000.000000000000000 ) ;
#328 = VECTOR ( 'NONE', #2697, 1000.000000000000000 ) ;
#329 = FACE_OUTER_BOUND ( 'NONE', #1934, .T. ) ;
#330 = VECTOR ( 'NONE', #334, 1000.000000000000000 ) ;
#331 = VECTOR ( 'NONE', #1178, 1000.000000000000000 ) ;
#332 = ORIENTED_EDGE ( 'NONE', *, *, #1944, .F. ) ;
#333 = AXIS2_PLACEMENT_3D ( 'NONE', #1554, #2300, #540 ) ;
#334 = DIRECTION ( 'NONE',  ( 0.000000000000000000, 0.000000000000000000, 1.000000000000000000 ) ) ;
#335 = AXIS2_PLACEMENT_3D ( 'NONE', #1398, #119, #2178 ) ;
#336 = SURFACE_SIDE_STYLE ('',( #3145 ) ) ;
#337 = EDGE_CURVE ( 'NONE', #2959, #3329, #1630, .T. ) ;
#338 = CARTESIAN_POINT ( 'NONE',  ( 10.74585705722506113, 119.2848774450756650, 59.50585788449891567 ) ) ;
#339 = ORIENTED_EDGE ( 'NONE', *, *, #2290, .T. ) ;
#340 = EDGE_CURVE ( 'NONE', #3236, #929, #323, .T. ) ;
#341 = ADVANCED_FACE ( 'NONE', ( #1166 ), #1664, .T. ) ;
#342 = CARTESIAN_POINT ( 'NONE',  ( 11.99605061532599315, 120.0838714895134274, 33.50982518345436745 ) ) ;
#343 = AXIS2_PLACEMENT_3D ( 'NONE', #1287, #1868, #1547 ) ;
#344 = EDGE_CURVE ( 'NONE', #2179, #3270, #2163, .T. ) ;
#345 = ORIENTED_EDGE ( 'NONE', *, *, #125, .T. ) ;
#346 = VERTEX_POINT ( 'NONE', #82 ) ;
#347 = DIRECTION ( 'NONE',  ( -0.002632913989968058231, 0.9999965338759536637, 3.247391091129219073E-13 ) ) ;
#348 = CARTESIAN_POINT ( 'NONE',  ( 10.74585705722506113, 119.2848774450707765, 74.50585788449892277 ) ) ;
#349 = CARTESIAN_POINT ( 'NONE',  ( 44.75000000000000000, 116.4000000000011994, 46.50000000000000000 ) ) ;
#350 = DIRECTION ( 'NONE',  ( -0.002632913989968058664, 0.9999965338759536637, 3.247391091129219577E-13 ) ) ;
#351 = VERTEX_POINT ( 'NONE', #359 ) ;
#352 = DIRECTION ( 'NONE',  ( -0.000000000000000000, -1.000000000000000000, -0.000000000000000000 ) ) ;
#353 = CARTESIAN_POINT ( 'NONE',  ( 9.508420190148241247, 118.0964346224373287, 33.50982518345433903 ) ) ;
#354 = LINE ( 'NONE', #872, #2770 ) ;
#355 = ORIENTED_EDGE ( 'NONE', *, *, #1882, .F. ) ;
#356 = CARTESIAN_POINT ( 'NONE',  ( 17.00000000000001066, 120.0000000000011937, 81.99999999999998579 ) ) ;
#357 = VERTEX_POINT ( 'NONE', #1132 ) ;
#358 = ORIENTED_EDGE ( 'NONE', *, *, #363, .F. ) ;
#359 = CARTESIAN_POINT ( 'NONE',  ( 12.00000000000000178, 120.5053795872597391, 74.50585788449933489 ) ) ;
#360 = DIRECTION ( 'NONE',  ( -1.000000000000000000, 0.000000000000000000, -1.261617073437681598E-15 ) ) ;
#361 = DIRECTION ( 'NONE',  ( -0.000000000000000000, 1.000000000000000000, -0.000000000000000000 ) ) ;
#362 = EDGE_LOOP ( 'NONE', ( #2165, #781, #345, #1240 ) ) ;
#363 = EDGE_CURVE ( 'NONE', #2018, #468, #158, .T. ) ;
#364 = CARTESIAN_POINT ( 'NONE',  ( 14.00000000000000178, 118.0643753028865603, 59.50585788449852487 ) ) ;
#365 = ADVANCED_FACE ( 'NONE', ( #2685 ), #1394, .T. ) ;
#366 = FACE_OUTER_BOUND ( 'NONE', #362, .T. ) ;
#367 = DIRECTION ( 'NONE',  ( 0.000000000000000000, -3.491481338843133355E-15, 1.000000000000000000 ) ) ;
#368 = CARTESIAN_POINT ( 'NONE',  ( 10.74585705722506113, 119.2848774450698102, 77.50585788449893698 ) ) ;
#369 = VERTEX_POINT ( 'NONE', #656 ) ;
#370 = CARTESIAN_POINT ( 'NONE',  ( 10.09178328462724750, 119.9879452621107703, 18.50982518345434613 ) ) ;
#371 = ORIENTED_EDGE ( 'NONE', *, *, #957, .F. ) ;
#372 = ORIENTED_EDGE ( 'NONE', *, *, #676, .F. ) ;
#373 = CLOSED_SHELL ( 'NONE', ( #1471, #1276, #2181, #3071, #968, #241 ) ) ;
#374 = ADVANCED_FACE ( 'NONE', ( #901 ), #2947, .F. ) ;
#375 = CARTESIAN_POINT ( 'NONE',  ( 10.74585705722506113, 119.2848774450707765, 74.50585788449892277 ) ) ;
#376 = CARTESIAN_POINT ( 'NONE',  ( 17.00000000000001066, 120.0000000000011937, 86.60000000000000853 ) ) ;
#377 = DIRECTION ( 'NONE',  ( 0.000000000000000000, -3.247402347028582376E-13, 1.000000000000000000 ) ) ;
#378 = AXIS2_PLACEMENT_3D ( 'NONE', #3096, #3074, #2823 ) ;
#379 = LINE ( 'NONE', #700, #2333 ) ;
#380 = EDGE_LOOP ( 'NONE', ( #2723, #1668 ) ) ;
#381 = ADVANCED_FACE ( 'NONE', ( #2193 ), #1684, .F. ) ;
#382 = CARTESIAN_POINT ( 'NONE',  ( 10.09178328462724750, 119.9389512176671246, 77.50585788449915015 ) ) ;
#383 = ADVANCED_FACE ( 'NONE', ( #1530 ), #1799, .F. ) ;
#384 = EDGE_CURVE ( 'NONE', #76, #3049, #1247, .T. ) ;
#385 = AXIS2_PLACEMENT_3D ( 'NONE', #2295, #2809, #2571 ) ;
#386 = VECTOR ( 'NONE', #3234, 1000.000000000000114 ) ;
#387 = ORIENTED_EDGE ( 'NONE', *, *, #794, .F. ) ;
#388 = DIRECTION ( 'NONE',  ( -0.000000000000000000, 1.000000000000000000, -0.000000000000000000 ) ) ;
#389 = CIRCLE ( 'NONE', #448, 1.750000000000001554 ) ;
#390 = VECTOR ( 'NONE', #2140, 1000.000000000000000 ) ;
#391 = LINE ( 'NONE', #617, #1317 ) ;
#392 = AXIS2_PLACEMENT_3D ( 'NONE', #1064, #1558, #2545 ) ;
#393 = VERTEX_POINT ( 'NONE', #605 ) ;
#394 = CARTESIAN_POINT ( 'NONE',  ( 12.32699588730925022, 120.0348774450698102, 77.50585788449917857 ) ) ;
#395 = ORIENTED_EDGE ( 'NONE', *, *, #2862, .T. ) ;
#396 = VERTEX_POINT ( 'NONE', #97 ) ;
#397 = DIRECTION ( 'NONE',  ( -0.000000000000000000, 1.000000000000000000, -0.000000000000000000 ) ) ;
#398 = LINE ( 'NONE', #419, #2663 ) ;
#399 = ADVANCED_FACE ( 'NONE', ( #917 ), #3259, .F. ) ;
#400 = AXIS2_PLACEMENT_3D ( 'NONE', #3202, #895, #924 ) ;
#401 = VERTEX_POINT ( 'NONE', #152 ) ;
#402 = CIRCLE ( 'NONE', #2675, 2.000000000000001776 ) ;
#403 = CARTESIAN_POINT ( 'NONE',  ( 40.49999999999997868, 121.0000000000011937, 5.999999999999995559 ) ) ;
#404 = CARTESIAN_POINT ( 'NONE',  ( 10.09178328462714269, 118.6797977169162266, 33.50982518345433903 ) ) ;
#405 = FACE_BOUND ( 'NONE', #637, .T. ) ;
#406 = ORIENTED_EDGE ( 'NONE', *, *, #2102, .T. ) ;
#407 = EDGE_CURVE ( 'NONE', #2695, #1266, #47, .T. ) ;
#408 = DIRECTION ( 'NONE',  ( -0.000000000000000000, 1.000000000000000000, -0.000000000000000000 ) ) ;
#409 = DIRECTION ( 'NONE',  ( 0.000000000000000000, -1.000000000000000000, -3.491481338843133355E-15 ) ) ;
#410 = DIRECTION ( 'NONE',  ( 0.000000000000000000, 0.000000000000000000, 1.000000000000000000 ) ) ;
#411 = CARTESIAN_POINT ( 'NONE',  ( 12.00000000000000178, 121.0000000000011937, 3.000000000000000000 ) ) ;
#412 = ADVANCED_FACE ( 'NONE', ( #1889 ), #1631, .T. ) ;
#413 = DIRECTION ( 'NONE',  ( 0.000000000000000000, -1.000000000000000000, 0.000000000000000000 ) ) ;
#414 = DIRECTION ( 'NONE',  ( 0.000000000000000000, -3.491481338843133355E-15, 1.000000000000000000 ) ) ;
#415 = ORIENTED_EDGE ( 'NONE', *, *, #754, .F. ) ;
#416 = ADVANCED_FACE ( 'NONE', ( #138 ), #117, .F. ) ;
#417 = ORIENTED_EDGE ( 'NONE', *, *, #3052, .F. ) ;
#418 = CARTESIAN_POINT ( 'NONE',  ( 52.99999999999998579, 120.0000000000011937, 84.99999999999998579 ) ) ;
#419 = CARTESIAN_POINT ( 'NONE',  ( 25.25000000000000355, 116.4000000000011994, 48.50000000000000000 ) ) ;
#420 = CARTESIAN_POINT ( 'NONE',  ( 57.99999999999999289, 121.0000000000011937, 90.00000000000000000 ) ) ;
#421 = EDGE_CURVE ( 'NONE', #648, #1807, #2437, .T. ) ;
#422 = ORIENTED_EDGE ( 'NONE', *, *, #1170, .F. ) ;
#423 = CARTESIAN_POINT ( 'NONE',  ( 14.00000000000000178, 118.1133693473243227, 33.50982518345433903 ) ) ;
#424 = LINE ( 'NONE', #663, #1798 ) ;
#425 = VERTEX_POINT ( 'NONE', #902 ) ;
#426 = FACE_OUTER_BOUND ( 'NONE', #1824, .T. ) ;
#427 = FACE_OUTER_BOUND ( 'NONE', #262, .T. ) ;
#428 = FACE_OUTER_BOUND ( 'NONE', #3107, .T. ) ;
#429 = EDGE_CURVE ( 'NONE', #732, #1032, #3081, .T. ) ;
#430 = LINE ( 'NONE', #1463, #1686 ) ;
#431 = EDGE_CURVE ( 'NONE', #2068, #2179, #1148, .T. ) ;
#432 = ORIENTED_EDGE ( 'NONE', *, *, #1990, .T. ) ;
#433 = ORIENTED_EDGE ( 'NONE', *, *, #95, .T. ) ;
#434 = CARTESIAN_POINT ( 'NONE',  ( 10.09178328462714269, 118.6308036724784643, 59.50585788449870250 ) ) ;
#435 = ORIENTED_EDGE ( 'NONE', *, *, #994, .F. ) ;
#436 = FACE_OUTER_BOUND ( 'NONE', #1013, .T. ) ;
#437 = CIRCLE ( 'NONE', #823, 2.000000000000001776 ) ;
#438 = EDGE_LOOP ( 'NONE', ( #3017, #1979 ) ) ;
#439 = VECTOR ( 'NONE', #1017, 1000.000000000000114 ) ;
#440 = CIRCLE ( 'NONE', #2554, 0.9249999999999952704 ) ;
#441 = DIRECTION ( 'NONE',  ( 0.000000000000000000, -1.000000000000000000, 0.000000000000000000 ) ) ;
#442 = FACE_OUTER_BOUND ( 'NONE', #1179, .T. ) ;
#443 = EDGE_CURVE ( 'NONE', #1032, #346, #2930, .T. ) ;
#444 = VECTOR ( 'NONE', #2834, 1000.000000000000000 ) ;
#445 = PLANE ( 'NONE',  #1959 ) ;
#446 = VECTOR ( 'NONE', #42, 1000.000000000000000 ) ;
#447 = DIRECTION ( 'NONE',  ( 0.000000000000000000, 0.000000000000000000, -1.000000000000000000 ) ) ;
#448 = AXIS2_PLACEMENT_3D ( 'NONE', #2405, #866, #903 ) ;
#449 = CIRCLE ( 'NONE', #2343, 2.000000000000000888 ) ;
#450 = ORIENTED_EDGE ( 'NONE', *, *, #2146, .F. ) ;
#451 = EDGE_CURVE ( 'NONE', #1811, #727, #1652, .T. ) ;
#452 = ORIENTED_EDGE ( 'NONE', *, *, #1131, .F. ) ;
#453 = EDGE_CURVE ( 'NONE', #3135, #2272, #1929, .T. ) ;
#454 = EDGE_CURVE ( 'NONE', #864, #1307, #642, .T. ) ;
#455 = DIRECTION ( 'NONE',  ( 0.000000000000000000, -1.000000000000000000, -3.300663046182914920E-13 ) ) ;
#456 = VERTEX_POINT ( 'NONE', #376 ) ;
#457 = CARTESIAN_POINT ( 'NONE',  ( 12.00000000000000178, 121.0000000000011937, 90.00000000000000000 ) ) ;
#458 = VECTOR ( 'NONE', #2971, 1000.000000000000000 ) ;
#459 = ORIENTED_EDGE ( 'NONE', *, *, #578, .T. ) ;
#460 =( GEOMETRIC_REPRESENTATION_CONTEXT ( 3 ) GLOBAL_UNCERTAINTY_ASSIGNED_CONTEXT ( ( #1552 ) ) GLOBAL_UNIT_ASSIGNED_CONTEXT ( ( #1299, #3227, #2936 ) ) REPRESENTATION_CONTEXT ( 'NONE', 'WORKASPACE' ) );
#461 = CARTESIAN_POINT ( 'NONE',  ( 10.09178328462714269, 118.6308036724726236, 77.50585788449870961 ) ) ;
#462 = LINE ( 'NONE', #3247, #1590 ) ;
#463 = LINE ( 'NONE', #197, #1532 ) ;
#464 = ORIENTED_EDGE ( 'NONE', *, *, #1833, .T. ) ;
#465 = CARTESIAN_POINT ( 'NONE',  ( 17.00000000000000000, 120.0000000000011937, 4.999999999999999112 ) ) ;
#466 = DIRECTION ( 'NONE',  ( -0.9999965338759536637, -0.002632913989968058664, -9.192770062752493838E-18 ) ) ;
#467 = ORIENTED_EDGE ( 'NONE', *, *, #1637, .F. ) ;
#468 = VERTEX_POINT ( 'NONE', #2457 ) ;
#469 = UNCERTAINTY_MEASURE_WITH_UNIT (LENGTH_MEASURE( 1.000000000000000082E-05 ), #784, 'distance_accuracy_value', 'NONE');
#470 = CARTESIAN_POINT ( 'NONE',  ( 12.00000000000000178, 118.1133693473243227, 33.50982518345433903 ) ) ;
#471 = DIRECTION ( 'NONE',  ( 0.000000000000000000, -3.247402347028582376E-13, 1.000000000000000000 ) ) ;
#472 = ORIENTED_EDGE ( 'NONE', *, *, #2356, .T. ) ;
#473 = PRODUCT_DEFINITION_SHAPE ( 'NONE', 'NONE',  #2307 ) ;
#474 = FACE_BOUND ( 'NONE', #2417, .T. ) ;
#475 = ORIENTED_EDGE ( 'NONE', *, *, #2657, .F. ) ;
#476 = CARTESIAN_POINT ( 'NONE',  ( 17.00000000000001066, 120.0000000000011937, 84.99999999999998579 ) ) ;
#477 = CARTESIAN_POINT ( 'NONE',  ( 12.00000000000000178, 120.5543736317024184, 15.50982518345435679 ) ) ;
#478 = DIRECTION ( 'NONE',  ( 0.000000000000000000, -1.000000000000000000, -3.491481338843133355E-15 ) ) ;
#479 = CARTESIAN_POINT ( 'NONE',  ( 12.00000000000000178, 120.0838714895135411, 2.999999999999996891 ) ) ;
#480 = LINE ( 'NONE', #3059, #740 ) ;
#481 = ORIENTED_EDGE ( 'NONE', *, *, #26, .F. ) ;
#482 = VERTEX_POINT ( 'NONE', #1168 ) ;
#483 = CARTESIAN_POINT ( 'NONE',  ( 10.74585705722506113, 119.3338714895134842, 15.50982518345434258 ) ) ;
#484 = ORIENTED_EDGE ( 'NONE', *, *, #1580, .T. ) ;
#486 = ORIENTED_EDGE ( 'NONE', *, *, #2589, .F. ) ;
#485 = EDGE_CURVE ( 'NONE', #3154, #1003, #3223, .T. ) ;
#487 = DIRECTION ( 'NONE',  ( -1.000000000000000000, -0.000000000000000000, -1.261617073437681598E-15 ) ) ;
#488 = VERTEX_POINT ( 'NONE', #1181 ) ;
#489 = EDGE_CURVE ( 'NONE', #401, #209, #2209, .T. ) ;
#490 = EDGE_CURVE ( 'NONE', #757, #1963, #2744, .T. ) ;
#491 = CARTESIAN_POINT ( 'NONE',  ( 12.00000000000000178, 120.5543736317024184, 15.50982518345435679 ) ) ;
#492 = LINE ( 'NONE', #461, #1108 ) ;
#493 = DIRECTION ( 'NONE',  ( 0.000000000000000000, 0.000000000000000000, 1.000000000000000000 ) ) ;
#494 = AXIS2_PLACEMENT_3D ( 'NONE', #1545, #1237, #2074 ) ;
#495 = DIRECTION ( 'NONE',  ( 0.000000000000000000, 0.000000000000000000, 1.000000000000000000 ) ) ;
#496 = COLOUR_RGB ( '',0.7921568627450980005, 0.8196078431372548767, 0.9333333333333333481 ) ;
#497 = AXIS2_PLACEMENT_3D ( 'NONE', #2534, #3000, #455 ) ;
#498 = CYLINDRICAL_SURFACE ( 'NONE', #2932, 0.9249999999999952704 ) ;
#499 = VECTOR ( 'NONE', #3162, 1000.000000000000000 ) ;
#500 = ORIENTED_EDGE ( 'NONE', *, *, #688, .F. ) ;
#501 = CARTESIAN_POINT ( 'NONE',  ( 52.99999999999998579, 118.0000000000011937, 86.59999999999999432 ) ) ;
#502 = ORIENTED_EDGE ( 'NONE', *, *, #2560, .T. ) ;
#503 = AXIS2_PLACEMENT_3D ( 'NONE', #1953, #739, #193 ) ;
#504 = CIRCLE ( 'NONE', #783, 1.600000000000004086 ) ;
#505 = CARTESIAN_POINT ( 'NONE',  ( 27.49999999999999645, 118.0000000000011937, 89.00000000000002842 ) ) ;
#506 = CARTESIAN_POINT ( 'NONE',  ( 12.00000000000000178, 120.0838714895134274, 30.50982518345437100 ) ) ;
#507 = VECTOR ( 'NONE', #550, 1000.000000000000000 ) ;
#508 = VERTEX_POINT ( 'NONE', #434 ) ;
#509 = DIRECTION ( 'NONE',  ( 0.000000000000000000, -1.000000000000000000, -3.491481338843133355E-15 ) ) ;
#510 = CARTESIAN_POINT ( 'NONE',  ( 10.74585705722506113, 121.0348774450698102, 77.50585788449950542 ) ) ;
#511 = ORIENTED_EDGE ( 'NONE', *, *, #2991, .T. ) ;
#512 = VECTOR ( 'NONE', #1846, 1000.000000000000000 ) ;
#513 = CARTESIAN_POINT ( 'NONE',  ( 9.508420190148340723, 120.5713083565896255, 33.50982518345436745 ) ) ;
#514 = CARTESIAN_POINT ( 'NONE',  ( 29.49999999999999645, 118.0000000000011937, 3.999999999999996447 ) ) ;
#515 = DIRECTION ( 'NONE',  ( 0.000000000000000000, 0.000000000000000000, 1.000000000000000000 ) ) ;
#516 = AXIS2_PLACEMENT_3D ( 'NONE', #2615, #2629, #1864 ) ;
#517 = DIRECTION ( 'NONE',  ( 0.000000000000000000, -3.247402347028582376E-13, 1.000000000000000000 ) ) ;
#518 = DIRECTION ( 'NONE',  ( 0.000000000000000000, -1.000000000000000000, -3.247402347028582376E-13 ) ) ;
#519 = ORIENTED_EDGE ( 'NONE', *, *, #3018, .F. ) ;
#520 = EDGE_LOOP ( 'NONE', ( #332, #2848, #1243, #687 ) ) ;
#521 = LINE ( 'NONE', #2620, #2339 ) ;
#522 = LINE ( 'NONE', #3169, #446 ) ;
#523 = EDGE_CURVE ( 'NONE', #1207, #3332, #2046, .T. ) ;
#524 = EDGE_LOOP ( 'NONE', ( #1143, #3150, #519, #2326 ) ) ;
#525 = CARTESIAN_POINT ( 'NONE',  ( 12.00000000000000178, 118.5838714895134842, 15.50982518345434258 ) ) ;
#526 = CARTESIAN_POINT ( 'NONE',  ( 12.00000000000000178, 121.0000000000010800, 33.50982518345434613 ) ) ;
#527 = ORIENTED_EDGE ( 'NONE', *, *, #2440, .F. ) ;
#528 = DIRECTION ( 'NONE',  ( -0.002632913989968058664, 0.9999965338759536637, 3.247391091129219577E-13 ) ) ;
#529 = LINE ( 'NONE', #491, #444 ) ;
#530 = DIRECTION ( 'NONE',  ( 1.577021341797101998E-16, 0.000000000000000000, 1.000000000000000000 ) ) ;
#531 = CARTESIAN_POINT ( 'NONE',  ( 10.09178328462714269, 118.6308036724784643, 59.50585788449870250 ) ) ;
#532 = EDGE_CURVE ( 'NONE', #1207, #1852, #2010, .T. ) ;
#533 = DIRECTION ( 'NONE',  ( 0.000000000000000000, -1.000000000000000000, -3.247402347028582376E-13 ) ) ;
#534 = ORIENTED_EDGE ( 'NONE', *, *, #95, .F. ) ;
#535 = ORIENTED_EDGE ( 'NONE', *, *, #2146, .T. ) ;
#536 = EDGE_CURVE ( 'NONE', #2691, #1927, #1843, .T. ) ;
#537 = PLANE ( 'NONE',  #281 ) ;
#538 = FACE_OUTER_BOUND ( 'NONE', #748, .T. ) ;
#539 = ORIENTED_EDGE ( 'NONE', *, *, #155, .T. ) ;
#540 = DIRECTION ( 'NONE',  ( 0.000000000000000000, 0.000000000000000000, -1.000000000000000000 ) ) ;
#541 = EDGE_LOOP ( 'NONE', ( #1068, #2385, #1031, #1411 ) ) ;
#542 = CARTESIAN_POINT ( 'NONE',  ( 27.49999999999999645, 121.0000000000011937, 89.00000000000002842 ) ) ;
#543 = CARTESIAN_POINT ( 'NONE',  ( 11.99605061532599315, 120.0348774450698102, 77.50585788449917857 ) ) ;
#544 = DIRECTION ( 'NONE',  ( 1.000000000000000000, 0.000000000000000000, -1.577021341797101998E-16 ) ) ;
#545 = DIRECTION ( 'NONE',  ( 0.000000000000000000, 0.000000000000000000, 1.000000000000000000 ) ) ;
#546 = ADVANCED_FACE ( 'NONE', ( #3012 ), #1466, .F. ) ;
#547 = EDGE_LOOP ( 'NONE', ( #1344, #1763 ) ) ;
#548 = ORIENTED_EDGE ( 'NONE', *, *, #1036, .F. ) ;
#549 = VECTOR ( 'NONE', #3325, 1000.000000000000000 ) ;
#550 = DIRECTION ( 'NONE',  ( 0.000000000000000000, -3.491481338843133355E-15, 1.000000000000000000 ) ) ;
#551 = CARTESIAN_POINT ( 'NONE',  ( 57.99999999999999289, 121.0000000000011937, 3.000000000000000000 ) ) ;
#552 = AXIS2_PLACEMENT_3D ( 'NONE', #1654, #607, #627 ) ;
#553 = CIRCLE ( 'NONE', #2067, 0.9249999999999952704 ) ;
#554 = EDGE_CURVE ( 'NONE', #1513, #2404, #553, .T. ) ;
#555 = ORIENTED_EDGE ( 'NONE', *, *, #2575, .T. ) ;
#556 = AXIS2_PLACEMENT_3D ( 'NONE', #1439, #1172, #2249 ) ;
#557 = AXIS2_PLACEMENT_3D ( 'NONE', #3282, #745, #2530 ) ;
#558 = LINE ( 'NONE', #1890, #2016 ) ;
#559 = CIRCLE ( 'NONE', #1971, 3.000000000000002665 ) ;
#560 = ORIENTED_EDGE ( 'NONE', *, *, #1618, .T. ) ;
#561 = FACE_OUTER_BOUND ( 'NONE', #583, .T. ) ;
#562 = CARTESIAN_POINT ( 'NONE',  ( 10.74585705722506113, 119.2848774450756650, 59.50585788449891567 ) ) ;
#563 = LINE ( 'NONE', #1830, #790 ) ;
#564 = DIRECTION ( 'NONE',  ( -0.000000000000000000, -0.000000000000000000, 1.000000000000000000 ) ) ;
#565 = CIRCLE ( 'NONE', #3211, 3.000000000000002665 ) ;
#566 = ORIENTED_EDGE ( 'NONE', *, *, #1311, .T. ) ;
#567 = ORIENTED_EDGE ( 'NONE', *, *, #1389, .F. ) ;
#568 = AXIS2_PLACEMENT_3D ( 'NONE', #1009, #1773, #145 ) ;
#569 = ORIENTED_EDGE ( 'NONE', *, *, #3331, .T. ) ;
#570 = ORIENTED_EDGE ( 'NONE', *, *, #2229, .T. ) ;
#571 = DIRECTION ( 'NONE',  ( -1.000000000000000000, 0.000000000000000000, 0.000000000000000000 ) ) ;
#572 = CARTESIAN_POINT ( 'NONE',  ( 12.00000000000000178, 118.0643753028807197, 77.50585788449853908 ) ) ;
#573 = DIRECTION ( 'NONE',  ( 0.000000000000000000, 1.000000000000000000, 3.300663046182914920E-13 ) ) ;
#574 = ORIENTED_EDGE ( 'NONE', *, *, #2245, .T. ) ;
#575 = CARTESIAN_POINT ( 'NONE',  ( 53.00000000000000711, 121.0000000000011937, 8.000000000000000000 ) ) ;
#576 = SURFACE_STYLE_USAGE ( .BOTH. , #2359 ) ;
#577 = CARTESIAN_POINT ( 'NONE',  ( 12.00000000000000178, 120.5053795872646276, 59.50585788449930646 ) ) ;
#578 = EDGE_CURVE ( 'NONE', #2404, #904, #1904, .T. ) ;
#579 = FACE_OUTER_BOUND ( 'NONE', #16, .T. ) ;
#580 = DIRECTION ( 'NONE',  ( 0.000000000000000000, 0.000000000000000000, -1.000000000000000000 ) ) ;
#581 = EDGE_CURVE ( 'NONE', #1082, #2088, #188, .T. ) ;
#582 = VERTEX_POINT ( 'NONE', #470 ) ;
#583 = EDGE_LOOP ( 'NONE', ( #2775, #1468, #644, #2601 ) ) ;
#584 = CARTESIAN_POINT ( 'NONE',  ( 9.508420190148340723, 120.5713083565896824, 15.50982518345434258 ) ) ;
#585 = CYLINDRICAL_SURFACE ( 'NONE', #880, 0.9249999999999952704 ) ;
#586 = VERTEX_POINT ( 'NONE', #1753 ) ;
#587 = VERTEX_POINT ( 'NONE', #3048 ) ;
#588 = DIRECTION ( 'NONE',  ( 0.000000000000000000, 1.000000000000000000, 0.000000000000000000 ) ) ;
#589 = ADVANCED_FACE ( 'NONE', ( #2312 ), #1217, .F. ) ;
#590 = ORIENTED_EDGE ( 'NONE', *, *, #1053, .T. ) ;
#591 = CARTESIAN_POINT ( 'NONE',  ( 9.508420190148340723, 120.5713083565896824, 15.50982518345434258 ) ) ;
#592 = CARTESIAN_POINT ( 'NONE',  ( 14.00000000000000178, 118.0643753028865603, 59.50585788449852487 ) ) ;
#593 = FILL_AREA_STYLE ('',( #2902 ) ) ;
#594 = EDGE_CURVE ( 'NONE', #1927, #2691, #827, .T. ) ;
#595 = DIRECTION ( 'NONE',  ( 0.000000000000000000, -1.000000000000000000, -3.491481338843133355E-15 ) ) ;
#596 = DIRECTION ( 'NONE',  ( -0.000000000000000000, 1.000000000000000000, -0.000000000000000000 ) ) ;
#597 = EDGE_LOOP ( 'NONE', ( #3066, #555, #2909, #3228 ) ) ;
#598 = LINE ( 'NONE', #2429, #1105 ) ;
#599 = VECTOR ( 'NONE', #1703, 1000.000000000000000 ) ;
#600 = EDGE_LOOP ( 'NONE', ( #2746, #1562 ) ) ;
#601 = VERTEX_POINT ( 'NONE', #1996 ) ;
#602 = CARTESIAN_POINT ( 'NONE',  ( 17.00000000000001066, 115.5000000000011795, 86.60000000000000853 ) ) ;
#603 = VECTOR ( 'NONE', #2117, 1000.000000000000000 ) ;
#604 = AXIS2_PLACEMENT_3D ( 'NONE', #2246, #1016, #3272 ) ;
#605 = CARTESIAN_POINT ( 'NONE',  ( 42.49999999999999289, 115.5000000000011795, 89.00000000000001421 ) ) ;
#606 = DIRECTION ( 'NONE',  ( 0.000000000000000000, -1.000000000000000000, -3.251367429259384343E-13 ) ) ;
#607 = DIRECTION ( 'NONE',  ( 0.000000000000000000, -3.247402347028582376E-13, 1.000000000000000000 ) ) ;
#608 = LINE ( 'NONE', #883, #785 ) ;
#609 = VECTOR ( 'NONE', #905, 1000.000000000000000 ) ;
#610 = AXIS2_PLACEMENT_3D ( 'NONE', #2495, #167, #2242 ) ;
#611 = ORIENTED_EDGE ( 'NONE', *, *, #1010, .T. ) ;
#612 = CARTESIAN_POINT ( 'NONE',  ( 42.49999999999999289, 118.0000000000011937, 2.999999999999995115 ) ) ;
#613 = AXIS2_PLACEMENT_3D ( 'NONE', #805, #1109, #3174 ) ;
#614 = DIRECTION ( 'NONE',  ( 0.000000000000000000, -3.247402347028582376E-13, 1.000000000000000000 ) ) ;
#615 = VECTOR ( 'NONE', #2033, 1000.000000000000000 ) ;
#616 = CYLINDRICAL_SURFACE ( 'NONE', #1244, 2.000000000000001776 ) ;
#617 = CARTESIAN_POINT ( 'NONE',  ( 12.00000000000000178, 118.0643753028867167, 59.50585788449851776 ) ) ;
#618 = ORIENTED_EDGE ( 'NONE', *, *, #3180, .F. ) ;
#619 = CYLINDRICAL_SURFACE ( 'NONE', #1250, 1.750000000000001554 ) ;
#620 = VECTOR ( 'NONE', #691, 1000.000000000000000 ) ;
#621 = EDGE_LOOP ( 'NONE', ( #2992, #3166, #2520, #1259 ) ) ;
#622 = ORIENTED_EDGE ( 'NONE', *, *, #340, .T. ) ;
#623 = LINE ( 'NONE', #2910, #1676 ) ;
#624 = DIRECTION ( 'NONE',  ( -0.7071067811865486830, -0.7071067811865464625, -2.468850131082262188E-15 ) ) ;
#625 = EDGE_CURVE ( 'NONE', #2059, #757, #440, .T. ) ;
#626 = CARTESIAN_POINT ( 'NONE',  ( 12.00000000000000178, 118.1133693473244648, 33.50982518345433903 ) ) ;
#627 = DIRECTION ( 'NONE',  ( 0.000000000000000000, -1.000000000000000000, -3.251367429259384343E-13 ) ) ;
#628 = CARTESIAN_POINT ( 'NONE',  ( 12.00000000000000178, 121.0000000000011369, 18.50982518345435324 ) ) ;
#629 = EDGE_LOOP ( 'NONE', ( #1783, #1725, #2284, #2832 ) ) ;
#630 = CARTESIAN_POINT ( 'NONE',  ( 12.00000000000000178, 118.1133693473245216, 15.50982518345433903 ) ) ;
#631 = CARTESIAN_POINT ( 'NONE',  ( 10.09178328462724750, 119.9879452621107276, 33.50982518345433903 ) ) ;
#632 = CARTESIAN_POINT ( 'NONE',  ( 17.00000000000000000, 115.5000000000011795, 8.000000000000000000 ) ) ;
#633 = CARTESIAN_POINT ( 'NONE',  ( 11.99605061532599315, 120.0838714895134842, 15.50982518345434258 ) ) ;
#634 = EDGE_CURVE ( 'NONE', #2794, #648, #1962, .T. ) ;
#635 = ORIENTED_EDGE ( 'NONE', *, *, #2683, .F. ) ;
#636 = DIRECTION ( 'NONE',  ( 0.7071067811865558994, -0.7071067811865392461, -2.296260220824993752E-13 ) ) ;
#637 = EDGE_LOOP ( 'NONE', ( #2053, #2129 ) ) ;
#638 = EDGE_CURVE ( 'NONE', #508, #2355, #1515, .T. ) ;
#639 = ORIENTED_EDGE ( 'NONE', *, *, #453, .F. ) ;
#640 = EDGE_CURVE ( 'NONE', #1406, #2088, #1201, .T. ) ;
#641 = DIRECTION ( 'NONE',  ( 0.000000000000000000, 0.000000000000000000, 1.000000000000000000 ) ) ;
#642 = LINE ( 'NONE', #1665, #328 ) ;
#643 = FACE_OUTER_BOUND ( 'NONE', #2537, .T. ) ;
#644 = ORIENTED_EDGE ( 'NONE', *, *, #2882, .T. ) ;
#645 = DIRECTION ( 'NONE',  ( 0.7071067811865486830, 0.7071067811865464625, 2.468850131082262188E-15 ) ) ;
#646 = CYLINDRICAL_SURFACE ( 'NONE', #50, 2.000000000000001776 ) ;
#647 = APPLICATION_PROTOCOL_DEFINITION ( 'draft international standard', 'automotive_design', 1998, #1651 ) ;
#648 = VERTEX_POINT ( 'NONE', #226 ) ;
#649 = CARTESIAN_POINT ( 'NONE',  ( 10.09178328462724750, 119.9389512176671246, 77.50585788449915015 ) ) ;
#650 = CARTESIAN_POINT ( 'NONE',  ( 11.99605061532599315, 120.0348774450756650, 59.50585788449915015 ) ) ;
#651 = DIRECTION ( 'NONE',  ( 0.000000000000000000, -1.000000000000000000, -3.965082230804126670E-15 ) ) ;
#652 = EDGE_CURVE ( 'NONE', #1963, #873, #2334, .T. ) ;
#653 = CARTESIAN_POINT ( 'NONE',  ( 12.00000000000000178, 121.0000000000011937, 3.000000000000000000 ) ) ;
#654 = ORIENTED_EDGE ( 'NONE', *, *, #1399, .F. ) ;
#655 = EDGE_LOOP ( 'NONE', ( #1122, #1711, #1729, #2311 ) ) ;
#656 = CARTESIAN_POINT ( 'NONE',  ( 9.508420190148241247, 118.0964346224373429, 30.50982518345434258 ) ) ;
#657 = DIRECTION ( 'NONE',  ( 0.000000000000000000, 0.000000000000000000, 1.000000000000000000 ) ) ;
#658 = CARTESIAN_POINT ( 'NONE',  ( 12.32699588730925022, 120.0348774450698102, 77.50585788449917857 ) ) ;
#659 = EDGE_CURVE ( 'NONE', #2827, #1314, #723, .T. ) ;
#660 = ORIENTED_EDGE ( 'NONE', *, *, #2496, .T. ) ;
#661 = AXIS2_PLACEMENT_3D ( 'NONE', #1608, #1563, #1070 ) ;
#662 = DIRECTION ( 'NONE',  ( 0.000000000000000000, 0.000000000000000000, -1.000000000000000000 ) ) ;
#663 = CARTESIAN_POINT ( 'NONE',  ( 12.00000000000000178, 115.5000000000011795, 3.000000000000000000 ) ) ;
#664 = VECTOR ( 'NONE', #2581, 1000.000000000000000 ) ;
#665 = VECTOR ( 'NONE', #2649, 1000.000000000000000 ) ;
#666 = EDGE_LOOP ( 'NONE', ( #3160, #1857, #1282, #574, #1193, #1717, #1316, #115, #697, #300, #297, #2904 ) ) ;
#667 = DIRECTION ( 'NONE',  ( 0.000000000000000000, -3.247402347028582376E-13, 1.000000000000000000 ) ) ;
#668 = CIRCLE ( 'NONE', #1417, 1.599999999999998090 ) ;
#669 = CIRCLE ( 'NONE', #2664, 0.9249999999999952704 ) ;
#670 = CARTESIAN_POINT ( 'NONE',  ( 52.99999999999998579, 121.0000000000011937, 84.99999999999998579 ) ) ;
#671 = EDGE_CURVE ( 'NONE', #923, #3236, #1718, .T. ) ;
#672 = DIRECTION ( 'NONE',  ( -0.7071067811865486830, -0.7071067811865464625, -2.468850131082262188E-15 ) ) ;
#673 = VECTOR ( 'NONE', #1391, 1000.000000000000000 ) ;
#674 = CARTESIAN_POINT ( 'NONE',  ( 10.74585705722506113, 119.3338714895134842, 15.50982518345434258 ) ) ;
#675 = CARTESIAN_POINT ( 'NONE',  ( 10.74585705722506113, 118.3598774450756679, 59.50585788449861724 ) ) ;
#676 = EDGE_CURVE ( 'NONE', #351, #678, #2297, .T. ) ;
#677 = ORIENTED_EDGE ( 'NONE', *, *, #523, .F. ) ;
#678 = VERTEX_POINT ( 'NONE', #1873 ) ;
#679 = CIRCLE ( 'NONE', #2132, 0.9249999999999952704 ) ;
#680 = DIRECTION ( 'NONE',  ( 0.000000000000000000, -1.000000000000000000, -3.251367429259384343E-13 ) ) ;
#681 = DIRECTION ( 'NONE',  ( 0.000000000000000000, -3.491481338843133355E-15, 1.000000000000000000 ) ) ;
#682 = DIRECTION ( 'NONE',  ( -0.000000000000000000, -1.000000000000000000, -0.000000000000000000 ) ) ;
#683 = DIRECTION ( 'NONE',  ( -0.000000000000000000, 3.247402347028582376E-13, -1.000000000000000000 ) ) ;
#684 = DIRECTION ( 'NONE',  ( 0.000000000000000000, 1.000000000000000000, 0.000000000000000000 ) ) ;
#685 = ORIENTED_EDGE ( 'NONE', *, *, #738, .F. ) ;
#686 = DIRECTION ( 'NONE',  ( -1.000000000000000000, 0.000000000000000000, 0.000000000000000000 ) ) ;
#687 = ORIENTED_EDGE ( 'NONE', *, *, #3255, .F. ) ;
#688 = EDGE_CURVE ( 'NONE', #245, #3167, #1327, .T. ) ;
#689 = EDGE_CURVE ( 'NONE', #923, #2152, #2222, .T. ) ;
#690 = LINE ( 'NONE', #3229, #1206 ) ;
#691 = DIRECTION ( 'NONE',  ( 1.000000000000000000, 0.000000000000000000, 0.000000000000000000 ) ) ;
#692 = MANIFOLD_SOLID_BREP ( 'Boss-Extrude9', #2269 ) ;
#693 = FACE_BOUND ( 'NONE', #3268, .T. ) ;
#694 = CARTESIAN_POINT ( 'NONE',  ( 52.99999999999998579, 120.0000000000011937, 84.99999999999998579 ) ) ;
#695 = PLANE ( 'NONE',  #610 ) ;
#696 = CARTESIAN_POINT ( 'NONE',  ( 12.32699588730925022, 120.0348774450746987, 62.50585788449915015 ) ) ;
#697 = ORIENTED_EDGE ( 'NONE', *, *, #2536, .T. ) ;
#698 = VERTEX_POINT ( 'NONE', #584 ) ;
#699 = DIRECTION ( 'NONE',  ( 0.000000000000000000, 0.000000000000000000, 1.000000000000000000 ) ) ;
#700 = CARTESIAN_POINT ( 'NONE',  ( 25.25000000000000355, 116.4000000000011994, 44.50000000000000000 ) ) ;
#701 = ORIENTED_EDGE ( 'NONE', *, *, #12, .F. ) ;
#702 = CARTESIAN_POINT ( 'NONE',  ( 53.00000000000000711, 115.5000000000011795, 8.000000000000000000 ) ) ;
#703 = ADVANCED_FACE ( 'NONE', ( #2097 ), #2858, .F. ) ;
#704 = VERTEX_POINT ( 'NONE', #1085 ) ;
#705 = CARTESIAN_POINT ( 'NONE',  ( 17.00000000000000000, 115.5000000000011795, 8.000000000000000000 ) ) ;
#706 = ADVANCED_FACE ( 'NONE', ( #18 ), #537, .F. ) ;
#707 = EDGE_CURVE ( 'NONE', #3027, #1988, #2602, .T. ) ;
#708 = ADVANCED_FACE ( 'NONE', ( #1030 ), #1595, .F. ) ;
#709 = CARTESIAN_POINT ( 'NONE',  ( 53.00000000000000711, 120.0000000000011937, 8.000000000000000000 ) ) ;
#710 = LINE ( 'NONE', #1980, #2071 ) ;
#711 = CARTESIAN_POINT ( 'NONE',  ( 10.74585705722506113, 120.2588714895134814, 15.50982518345434613 ) ) ;
#712 = ORIENTED_EDGE ( 'NONE', *, *, #808, .T. ) ;
#713 = ORIENTED_EDGE ( 'NONE', *, *, #1223, .F. ) ;
#714 = DIRECTION ( 'NONE',  ( 0.000000000000000000, 0.000000000000000000, -1.000000000000000000 ) ) ;
#715 = ORIENTED_EDGE ( 'NONE', *, *, #3237, .F. ) ;
#716 = CARTESIAN_POINT ( 'NONE',  ( 10.09178328462724750, 119.9389512176729653, 59.50585788449912172 ) ) ;
#717 = FACE_BOUND ( 'NONE', #3300, .T. ) ;
#718 = DIRECTION ( 'NONE',  ( 0.000000000000000000, 0.000000000000000000, 1.000000000000000000 ) ) ;
#719 = VECTOR ( 'NONE', #3056, 1000.000000000000000 ) ;
#720 = ORIENTED_EDGE ( 'NONE', *, *, #794, .T. ) ;
#721 = EDGE_CURVE ( 'NONE', #2237, #749, #1358, .T. ) ;
#722 = AXIS2_PLACEMENT_3D ( 'NONE', #3323, #271, #10 ) ;
#723 = CIRCLE ( 'NONE', #604, 3.000000000000002665 ) ;
#724 = DIRECTION ( 'NONE',  ( 0.000000000000000000, -1.000000000000000000, -3.251367429259384343E-13 ) ) ;
#725 = LINE ( 'NONE', #1236, #1633 ) ;
#726 = AXIS2_PLACEMENT_3D ( 'NONE', #2177, #3210, #2144 ) ;
#727 = VERTEX_POINT ( 'NONE', #1581 ) ;
#728 = VECTOR ( 'NONE', #1375, 1000.000000000000000 ) ;
#729 = FACE_OUTER_BOUND ( 'NONE', #2036, .T. ) ;
#730 = VECTOR ( 'NONE', #1869, 1000.000000000000000 ) ;
#731 = ORIENTED_EDGE ( 'NONE', *, *, #2440, .T. ) ;
#732 = VERTEX_POINT ( 'NONE', #1805 ) ;
#733 = CARTESIAN_POINT ( 'NONE',  ( 10.74585705722506113, 119.2848774450756650, 59.50585788449891567 ) ) ;
#734 = PLANE ( 'NONE',  #160 ) ;
#735 = EDGE_CURVE ( 'NONE', #852, #1215, #2613, .T. ) ;
#736 = CARTESIAN_POINT ( 'NONE',  ( 10.74585705722506113, 119.2848774450746987, 62.50585788449891567 ) ) ;
#737 = ORIENTED_EDGE ( 'NONE', *, *, #974, .T. ) ;
#738 = EDGE_CURVE ( 'NONE', #863, #2688, #521, .T. ) ;
#739 = DIRECTION ( 'NONE',  ( 0.000000000000000000, -3.491481338843133355E-15, 1.000000000000000000 ) ) ;
#740 = VECTOR ( 'NONE', #377, 1000.000000000000000 ) ;
#741 = EDGE_CURVE ( 'NONE', #253, #190, #1625, .T. ) ;
#742 = ORIENTED_EDGE ( 'NONE', *, *, #3164, .F. ) ;
#743 = CARTESIAN_POINT ( 'NONE',  ( 53.00000000000000711, 120.0000000000011937, 4.999999999999998224 ) ) ;
#744 = CARTESIAN_POINT ( 'NONE',  ( 17.00000000000001066, 115.5000000000011795, 84.99999999999998579 ) ) ;
#745 = DIRECTION ( 'NONE',  ( 0.000000000000000000, 1.000000000000000000, 0.000000000000000000 ) ) ;
#746 = LINE ( 'NONE', #2042, #942 ) ;
#747 = EDGE_CURVE ( 'NONE', #1368, #135, #3030, .T. ) ;
#748 = EDGE_LOOP ( 'NONE', ( #2532, #539, #3257, #567 ) ) ;
#749 = VERTEX_POINT ( 'NONE', #1854 ) ;
#750 = DIRECTION ( 'NONE',  ( 0.000000000000000000, 1.000000000000000000, -0.000000000000000000 ) ) ;
#751 = ADVANCED_FACE ( 'NONE', ( #1345 ), #113, .T. ) ;
#752 = ORIENTED_EDGE ( 'NONE', *, *, #2029, .F. ) ;
#753 = ADVANCED_FACE ( 'NONE', ( #1427 ), #2168, .F. ) ;
#754 = EDGE_CURVE ( 'NONE', #1767, #1314, #3168, .T. ) ;
#755 = CARTESIAN_POINT ( 'NONE',  ( 14.00000000000000178, 118.0643753028865603, 59.50585788449852487 ) ) ;
#756 = APPLICATION_CONTEXT ( 'automotive_design' ) ;
#757 = VERTEX_POINT ( 'NONE', #1408 ) ;
#758 = CYLINDRICAL_SURFACE ( 'NONE', #3026, 1.600000000000004086 ) ;
#759 = CYLINDRICAL_SURFACE ( 'NONE', #2086, 0.9249999999999952704 ) ;
#760 = CARTESIAN_POINT ( 'NONE',  ( 17.00000000000000000, 121.0000000000011937, 11.00000000000000178 ) ) ;
#761 = CARTESIAN_POINT ( 'NONE',  ( 10.74585705722506113, 119.3338714895134274, 33.50982518345433903 ) ) ;
#762 = CARTESIAN_POINT ( 'NONE',  ( 11.99605061532599315, 120.0838714895134274, 33.50982518345436745 ) ) ;
#763 = ORIENTED_EDGE ( 'NONE', *, *, #1607, .T. ) ;
#764 = VERTEX_POINT ( 'NONE', #2153 ) ;
#765 = DIRECTION ( 'NONE',  ( -0.000000000000000000, 3.491481338843133355E-15, -1.000000000000000000 ) ) ;
#766 = CARTESIAN_POINT ( 'NONE',  ( 10.09178328462714269, 118.6308036724774979, 62.50585788449870961 ) ) ;
#767 = ORIENTED_EDGE ( 'NONE', *, *, #835, .F. ) ;
#768 = DIRECTION ( 'NONE',  ( 0.7071067811865392461, 0.7071067811865558994, 2.468850131082294926E-15 ) ) ;
#769 = VERTEX_POINT ( 'NONE', #898 ) ;
#770 = CARTESIAN_POINT ( 'NONE',  ( 40.49999999999997868, 115.5000000000011795, 87.00000000000000000 ) ) ;
#771 = DIRECTION ( 'NONE',  ( -0.000000000000000000, 3.491481338843133355E-15, -1.000000000000000000 ) ) ;
#772 = AXIS2_PLACEMENT_3D ( 'NONE', #709, #2973, #2996 ) ;
#773 = FACE_OUTER_BOUND ( 'NONE', #3113, .T. ) ;
#774 = AXIS2_PLACEMENT_3D ( 'NONE', #2256, #259, #2707 ) ;
#775 = STYLED_ITEM ( 'NONE', ( #2896 ), #692 ) ;
#776 = EDGE_CURVE ( 'NONE', #3328, #190, #2205, .T. ) ;
#777 = DIRECTION ( 'NONE',  ( -0.000000000000000000, 3.491481338843133355E-15, -1.000000000000000000 ) ) ;
#778 = CIRCLE ( 'NONE', #1205, 1.600000000000002531 ) ;
#779 = CIRCLE ( 'NONE', #219, 1.750000000000001554 ) ;
#780 = ORIENTED_EDGE ( 'NONE', *, *, #2853, .T. ) ;
#781 = ORIENTED_EDGE ( 'NONE', *, *, #2683, .T. ) ;
#782 = AXIS2_PLACEMENT_3D ( 'NONE', #1088, #2931, #836 ) ;
#783 = AXIS2_PLACEMENT_3D ( 'NONE', #2303, #1063, #2543 ) ;
#784 =( LENGTH_UNIT ( ) NAMED_UNIT ( * ) SI_UNIT ( .MILLI., .METRE. ) );
#785 = VECTOR ( 'NONE', #1667, 1000.000000000000000 ) ;
#786 = EDGE_LOOP ( 'NONE', ( #435, #534, #3002, #1291 ) ) ;
#787 = DIRECTION ( 'NONE',  ( 0.000000000000000000, -3.247402347028582376E-13, 1.000000000000000000 ) ) ;
#788 = LINE ( 'NONE', #1020, #615 ) ;
#789 = ORIENTED_EDGE ( 'NONE', *, *, #1159, .F. ) ;
#790 = VECTOR ( 'NONE', #2324, 1000.000000000000000 ) ;
#791 = CARTESIAN_POINT ( 'NONE',  ( 11.99605061532599315, 120.0348774450746987, 62.50585788449915015 ) ) ;
#792 = DIRECTION ( 'NONE',  ( -0.000000000000000000, 3.247402347028582376E-13, -1.000000000000000000 ) ) ;
#793 = CARTESIAN_POINT ( 'NONE',  ( 12.00000000000000178, 120.0838714895135269, 2.999999999999996891 ) ) ;
#794 = EDGE_CURVE ( 'NONE', #2137, #2691, #1960, .T. ) ;
#795 = CARTESIAN_POINT ( 'NONE',  ( 12.00000000000000178, 120.5543736317023757, 30.50982518345434613 ) ) ;
#796 = EDGE_CURVE ( 'NONE', #929, #2012, #1924, .T. ) ;
#797 = CARTESIAN_POINT ( 'NONE',  ( 12.32699588730925022, 120.0348774450756650, 59.50585788449915015 ) ) ;
#798 = VERTEX_POINT ( 'NONE', #861 ) ;
#799 = ORIENTED_EDGE ( 'NONE', *, *, #2644, .F. ) ;
#800 = CARTESIAN_POINT ( 'NONE',  ( 17.00000000000000000, 121.0000000000011937, 8.000000000000000000 ) ) ;
#801 = CARTESIAN_POINT ( 'NONE',  ( 52.99999999999998579, 120.0000000000011937, 84.99999999999998579 ) ) ;
#802 = ORIENTED_EDGE ( 'NONE', *, *, #2383, .F. ) ;
#803 = ORIENTED_EDGE ( 'NONE', *, *, #1229, .T. ) ;
#804 = DIRECTION ( 'NONE',  ( -0.000000000000000000, 3.247402347028582376E-13, -1.000000000000000000 ) ) ;
#805 = CARTESIAN_POINT ( 'NONE',  ( 10.74585705722506113, 119.2848774450756650, 59.50585788449891567 ) ) ;
#806 = FACE_OUTER_BOUND ( 'NONE', #666, .T. ) ;
#807 = ORIENTED_EDGE ( 'NONE', *, *, #1288, .F. ) ;
#808 = EDGE_CURVE ( 'NONE', #1441, #2556, #2728, .T. ) ;
#809 = DIRECTION ( 'NONE',  ( 0.000000000000000000, -1.000000000000000000, -3.251367429259384343E-13 ) ) ;
#810 = LINE ( 'NONE', #2321, #123 ) ;
#811 = CARTESIAN_POINT ( 'NONE',  ( 42.49999999999999289, 121.0000000000011937, 90.00000000000000000 ) ) ;
#812 = LINE ( 'NONE', #1324, #458 ) ;
#813 = EDGE_CURVE ( 'NONE', #2716, #135, #598, .T. ) ;
#814 = VERTEX_POINT ( 'NONE', #1644 ) ;
#815 = VERTEX_POINT ( 'NONE', #675 ) ;
#816 = DIRECTION ( 'NONE',  ( 0.000000000000000000, 0.000000000000000000, 1.000000000000000000 ) ) ;
#817 = ORIENTED_EDGE ( 'NONE', *, *, #1445, .T. ) ;
#818 = FACE_OUTER_BOUND ( 'NONE', #1393, .T. ) ;
#819 = CARTESIAN_POINT ( 'NONE',  ( 12.00000000000000178, 120.5053795872646134, 59.50585788449931357 ) ) ;
#820 = ORIENTED_EDGE ( 'NONE', *, *, #2043, .T. ) ;
#821 = CARTESIAN_POINT ( 'NONE',  ( 53.00000000000000711, 120.0000000000011937, 11.00000000000000178 ) ) ;
#822 = LINE ( 'NONE', #843, #2517 ) ;
#823 = AXIS2_PLACEMENT_3D ( 'NONE', #1158, #2199, #1956 ) ;
#824 = PLANE ( 'NONE',  #3153 ) ;
#825 = VERTEX_POINT ( 'NONE', #1623 ) ;
#826 = ORIENTED_EDGE ( 'NONE', *, *, #2502, .T. ) ;
#827 = CIRCLE ( 'NONE', #2166, 2.000000000000001776 ) ;
#828 = CARTESIAN_POINT ( 'NONE',  ( 10.74585705722506113, 119.3338714895134700, 18.50982518345434613 ) ) ;
#829 = DIRECTION ( 'NONE',  ( -0.000000000000000000, -1.000000000000000000, -0.000000000000000000 ) ) ;
#830 = DIRECTION ( 'NONE',  ( 0.000000000000000000, -1.000000000000000000, -3.750753461571493582E-15 ) ) ;
#831 = AXIS2_PLACEMENT_3D ( 'NONE', #800, #279, #1312 ) ;
#832 = ORIENTED_EDGE ( 'NONE', *, *, #3052, .T. ) ;
#833 = ORIENTED_EDGE ( 'NONE', *, *, #2167, .F. ) ;
#834 = CIRCLE ( 'NONE', #1629, 1.750000000000001554 ) ;
#835 = EDGE_CURVE ( 'NONE', #2109, #587, #91, .T. ) ;
#836 = DIRECTION ( 'NONE',  ( 0.000000000000000000, 0.000000000000000000, 1.000000000000000000 ) ) ;
#837 = AXIS2_PLACEMENT_3D ( 'NONE', #3005, #1442, #2594 ) ;
#838 = ORIENTED_EDGE ( 'NONE', *, *, #2589, .T. ) ;
#839 = EDGE_CURVE ( 'NONE', #1808, #3135, #1700, .T. ) ;
#840 = CARTESIAN_POINT ( 'NONE',  ( 27.49999999999999645, 115.5000000000011795, 90.00000000000000000 ) ) ;
#841 =( NAMED_UNIT ( * ) SI_UNIT ( $, .STERADIAN. ) SOLID_ANGLE_UNIT ( ) );
#842 = DIRECTION ( 'NONE',  ( 0.000000000000000000, 0.000000000000000000, 1.000000000000000000 ) ) ;
#843 = CARTESIAN_POINT ( 'NONE',  ( 10.09178328462724750, 119.9879452621107276, 33.50982518345433903 ) ) ;
#844 = DIRECTION ( 'NONE',  ( 0.000000000000000000, -1.000000000000000000, -3.300663046182914920E-13 ) ) ;
#845 = CARTESIAN_POINT ( 'NONE',  ( 10.74585705722506113, 119.3338714895134274, 30.50982518345434258 ) ) ;
#846 = CIRCLE ( 'NONE', #1005, 3.000000000000000888 ) ;
#847 = ORIENTED_EDGE ( 'NONE', *, *, #721, .F. ) ;
#848 = ORIENTED_EDGE ( 'NONE', *, *, #977, .T. ) ;
#849 = ADVANCED_FACE ( 'NONE', ( #2400 ), #619, .T. ) ;
#850 = SURFACE_STYLE_USAGE ( .BOTH. , #2634 ) ;
#851 = VERTEX_POINT ( 'NONE', #2666 ) ;
#852 = VERTEX_POINT ( 'NONE', #370 ) ;
#853 = CARTESIAN_POINT ( 'NONE',  ( 40.49999999999999289, 118.0000000000011937, 3.999999999999994671 ) ) ;
#854 = LINE ( 'NONE', #70, #2447 ) ;
#855 = PLANE ( 'NONE',  #2817 ) ;
#856 = EDGE_CURVE ( 'NONE', #860, #2408, #875, .T. ) ;
#857 = ORIENTED_EDGE ( 'NONE', *, *, #1322, .T. ) ;
#858 = DIRECTION ( 'NONE',  ( -0.000000000000000000, 3.491481338843133355E-15, -1.000000000000000000 ) ) ;
#859 = DIRECTION ( 'NONE',  ( 0.000000000000000000, 0.000000000000000000, 1.000000000000000000 ) ) ;
#860 = VERTEX_POINT ( 'NONE', #1162 ) ;
#861 = CARTESIAN_POINT ( 'NONE',  ( 10.09178328462714269, 118.6797977169162408, 30.50982518345434258 ) ) ;
#862 = FACE_OUTER_BOUND ( 'NONE', #114, .T. ) ;
#863 = VERTEX_POINT ( 'NONE', #2189 ) ;
#864 = VERTEX_POINT ( 'NONE', #1141 ) ;
#865 = CARTESIAN_POINT ( 'NONE',  ( 42.49999999999999289, 115.5000000000011795, 90.00000000000000000 ) ) ;
#866 = DIRECTION ( 'NONE',  ( 0.000000000000000000, -3.491481338843133355E-15, 1.000000000000000000 ) ) ;
#867 = ORIENTED_EDGE ( 'NONE', *, *, #489, .T. ) ;
#868 = DIRECTION ( 'NONE',  ( -0.000000000000000000, 3.491481338843133355E-15, -1.000000000000000000 ) ) ;
#869 = CARTESIAN_POINT ( 'NONE',  ( 12.00000000000000178, 118.5348774450698102, 77.50585788449917857 ) ) ;
#870 = CARTESIAN_POINT ( 'NONE',  ( 10.74585705722506113, 117.5838714895134700, 18.50982518345433903 ) ) ;
#871 = CARTESIAN_POINT ( 'NONE',  ( 27.49999999999999645, 115.5000000000011795, 89.00000000000002842 ) ) ;
#872 = CARTESIAN_POINT ( 'NONE',  ( 12.00000000000000178, 121.0000000000011511, 15.50982518345434968 ) ) ;
#873 = VERTEX_POINT ( 'NONE', #2414 ) ;
#874 = EDGE_CURVE ( 'NONE', #1699, #1600, #3218, .T. ) ;
#875 = LINE ( 'NONE', #342, #728 ) ;
#876 = VECTOR ( 'NONE', #2444, 1000.000000000000000 ) ;
#877 = ORIENTED_EDGE ( 'NONE', *, *, #243, .T. ) ;
#878 = ORIENTED_EDGE ( 'NONE', *, *, #1747, .T. ) ;
#879 = DIRECTION ( 'NONE',  ( 0.000000000000000000, 0.000000000000000000, 1.000000000000000000 ) ) ;
#880 = AXIS2_PLACEMENT_3D ( 'NONE', #2907, #19, #2621 ) ;
#881 = DIRECTION ( 'NONE',  ( 0.000000000000000000, 0.000000000000000000, 1.000000000000000000 ) ) ;
#882 = DIRECTION ( 'NONE',  ( -0.000000000000000000, 1.000000000000000000, -0.000000000000000000 ) ) ;
#883 = CARTESIAN_POINT ( 'NONE',  ( 10.74585705722506113, 121.0348774450698102, 77.50585788449950542 ) ) ;
#884 = CIRCLE ( 'NONE', #385, 1.750000000000001554 ) ;
#885 = AXIS2_PLACEMENT_3D ( 'NONE', #2481, #963, #2547 ) ;
#886 = ORIENTED_EDGE ( 'NONE', *, *, #1882, .T. ) ;
#887 = CARTESIAN_POINT ( 'NONE',  ( 25.25000000000000355, 121.0000000000011937, 44.50000000000000000 ) ) ;
#888 = VECTOR ( 'NONE', #1220, 1000.000000000000000 ) ;
#889 = DIRECTION ( 'NONE',  ( 0.7071067811865464625, -0.7071067811865486830, -2.468850131082269288E-15 ) ) ;
#890 = CARTESIAN_POINT ( 'NONE',  ( 17.00000000000000000, 115.5000000000011795, 6.399999999999997691 ) ) ;
#891 = AXIS2_PLACEMENT_3D ( 'NONE', #2641, #1880, #1894 ) ;
#892 = EDGE_CURVE ( 'NONE', #1852, #2789, #78, .T. ) ;
#893 = DIRECTION ( 'NONE',  ( 0.000000000000000000, 0.000000000000000000, -1.000000000000000000 ) ) ;
#894 = CARTESIAN_POINT ( 'NONE',  ( 10.74585705722506113, 119.3338714895134274, 33.50982518345433903 ) ) ;
#895 = DIRECTION ( 'NONE',  ( 0.000000000000000000, 1.000000000000000000, 0.000000000000000000 ) ) ;
#896 = EDGE_CURVE ( 'NONE', #2009, #1163, #2712, .T. ) ;
#897 = EDGE_LOOP ( 'NONE', ( #1521, #1878, #2844, #1111 ) ) ;
#898 = CARTESIAN_POINT ( 'NONE',  ( 9.508420190148241247, 118.0474405779986000, 62.50585788449851066 ) ) ;
#899 = AXIS2_PLACEMENT_3D ( 'NONE', #2646, #2393, #2598 ) ;
#900 = ORIENTED_EDGE ( 'NONE', *, *, #1446, .T. ) ;
#901 = FACE_OUTER_BOUND ( 'NONE', #3284, .T. ) ;
#902 = CARTESIAN_POINT ( 'NONE',  ( 53.00000000000000711, 120.0000000000011937, 6.400000000000002132 ) ) ;
#903 = DIRECTION ( 'NONE',  ( 0.000000000000000000, -1.000000000000000000, -3.965082230804126670E-15 ) ) ;
#904 = VERTEX_POINT ( 'NONE', #3184 ) ;
#905 = DIRECTION ( 'NONE',  ( 0.000000000000000000, 3.247402347028582376E-13, -1.000000000000000000 ) ) ;
#906 = ORIENTED_EDGE ( 'NONE', *, *, #2463, .T. ) ;
#907 = CARTESIAN_POINT ( 'NONE',  ( 17.00000000000001066, 118.0000000000011937, 84.99999999999998579 ) ) ;
#908 = EDGE_CURVE ( 'NONE', #2025, #2640, #1749, .T. ) ;
#909 = DIRECTION ( 'NONE',  ( 1.000000000000000000, 0.000000000000000000, 0.000000000000000000 ) ) ;
#910 = DIRECTION ( 'NONE',  ( -0.000000000000000000, 1.000000000000000000, -0.000000000000000000 ) ) ;
#911 = EDGE_CURVE ( 'NONE', #266, #2879, #1993, .T. ) ;
#912 = CARTESIAN_POINT ( 'NONE',  ( 10.09178328462714269, 118.6797977169162692, 18.50982518345434613 ) ) ;
#913 = CARTESIAN_POINT ( 'NONE',  ( 10.74585705722506113, 117.5838714895134842, 15.50982518345433725 ) ) ;
#914 = ORIENTED_EDGE ( 'NONE', *, *, #1673, .T. ) ;
#915 = VERTEX_POINT ( 'NONE', #465 ) ;
#916 = DIRECTION ( 'NONE',  ( 0.9999965338759536637, 0.002632913989968058231, 8.550131070546660257E-16 ) ) ;
#917 = FACE_OUTER_BOUND ( 'NONE', #2729, .T. ) ;
#918 = FACE_OUTER_BOUND ( 'NONE', #2096, .T. ) ;
#919 = VERTEX_POINT ( 'NONE', #995 ) ;
#920 = DIRECTION ( 'NONE',  ( -0.000000000000000000, 3.491481338843133355E-15, -1.000000000000000000 ) ) ;
#921 = LINE ( 'NONE', #423, #2451 ) ;
#922 = CARTESIAN_POINT ( 'NONE',  ( 0.000000000000000000, 0.000000000000000000, 0.000000000000000000 ) ) ;
#923 = VERTEX_POINT ( 'NONE', #1497 ) ;
#924 = DIRECTION ( 'NONE',  ( 0.000000000000000000, 0.000000000000000000, 1.000000000000000000 ) ) ;
#925 = DIRECTION ( 'NONE',  ( -0.000000000000000000, 1.000000000000000000, -0.000000000000000000 ) ) ;
#926 = CARTESIAN_POINT ( 'NONE',  ( 40.49999999999999289, 118.0000000000011937, 89.00000000000000000 ) ) ;
#927 = DIRECTION ( 'NONE',  ( 0.000000000000000000, -3.491481338843133355E-15, 1.000000000000000000 ) ) ;
#928 = ORIENTED_EDGE ( 'NONE', *, *, #131, .F. ) ;
#929 = VERTEX_POINT ( 'NONE', #3025 ) ;
#930 = DIRECTION ( 'NONE',  ( 0.000000000000000000, -3.491481338843133355E-15, 1.000000000000000000 ) ) ;
#931 = CARTESIAN_POINT ( 'NONE',  ( 12.00000000000000178, 120.5543736317023615, 33.50982518345436745 ) ) ;
#932 = CARTESIAN_POINT ( 'NONE',  ( 10.74585705722506113, 119.2848774450698102, 77.50585788449893698 ) ) ;
#933 = FACE_OUTER_BOUND ( 'NONE', #1695, .T. ) ;
#934 = EDGE_LOOP ( 'NONE', ( #3136, #2586, #1874, #2416 ) ) ;
#935 = STYLED_ITEM ( 'NONE', ( #2871 ), #1744 ) ;
#936 = AXIS2_PLACEMENT_3D ( 'NONE', #348, #1381, #3189 ) ;
#937 = CARTESIAN_POINT ( 'NONE',  ( 53.00000000000000711, 120.0000000000011937, 8.000000000000000000 ) ) ;
#938 = LINE ( 'NONE', #2989, #943 ) ;
#939 = VECTOR ( 'NONE', #2689, 1000.000000000000000 ) ;
#940 = CIRCLE ( 'NONE', #2172, 1.600000000000018074 ) ;
#941 = ORIENTED_EDGE ( 'NONE', *, *, #640, .F. ) ;
#942 = VECTOR ( 'NONE', #1666, 1000.000000000000000 ) ;
#943 = VECTOR ( 'NONE', #2236, 1000.000000000000000 ) ;
#944 = CARTESIAN_POINT ( 'NONE',  ( 12.32699588730925022, 120.0348774450756650, 59.50585788449915015 ) ) ;
#945 = DIRECTION ( 'NONE',  ( 0.000000000000000000, -1.000000000000000000, -3.247402347028582376E-13 ) ) ;
#946 = DIRECTION ( 'NONE',  ( -0.000000000000000000, 1.000000000000000000, -0.000000000000000000 ) ) ;
#947 = DIRECTION ( 'NONE',  ( 0.000000000000000000, 1.000000000000000000, 0.000000000000000000 ) ) ;
#948 = DIRECTION ( 'NONE',  ( 0.002632913989968058664, -0.9999965338759536637, -3.491469236935707336E-15 ) ) ;
#949 = ORIENTED_EDGE ( 'NONE', *, *, #2108, .T. ) ;
#950 = EDGE_LOOP ( 'NONE', ( #833, #2218, #713, #3051 ) ) ;
#951 = EDGE_CURVE ( 'NONE', #904, #798, #3296, .T. ) ;
#952 = AXIS2_PLACEMENT_3D ( 'NONE', #3340, #2631, #1341 ) ;
#953 = DIRECTION ( 'NONE',  ( 0.000000000000000000, -1.000000000000000000, 0.000000000000000000 ) ) ;
#954 = ORIENTED_EDGE ( 'NONE', *, *, #2541, .T. ) ;
#955 = ADVANCED_FACE ( 'NONE', ( #729, #2997 ), #2220, .T. ) ;
#956 = ADVANCED_FACE ( 'NONE', ( #2023 ), #3043, .F. ) ;
#957 = EDGE_CURVE ( 'NONE', #2258, #164, #993, .T. ) ;
#958 = CARTESIAN_POINT ( 'NONE',  ( 12.32699588730925022, 120.0838714895134700, 18.50982518345434613 ) ) ;
#959 = EDGE_CURVE ( 'NONE', #393, #2857, #2280, .T. ) ;
#960 = ORIENTED_EDGE ( 'NONE', *, *, #959, .F. ) ;
#961 = DIRECTION ( 'NONE',  ( 0.000000000000000000, -3.491481338843133355E-15, 1.000000000000000000 ) ) ;
#962 = CARTESIAN_POINT ( 'NONE',  ( 17.00000000000000000, 118.0000000000011937, 8.000000000000000000 ) ) ;
#963 = DIRECTION ( 'NONE',  ( -0.000000000000000000, 1.000000000000000000, -0.000000000000000000 ) ) ;
#964 = VERTEX_POINT ( 'NONE', #1760 ) ;
#965 = ORIENTED_EDGE ( 'NONE', *, *, #1990, .F. ) ;
#966 = CARTESIAN_POINT ( 'NONE',  ( 10.74585705722506113, 121.0838714895134274, 33.50982518345434613 ) ) ;
#967 = ORIENTED_EDGE ( 'NONE', *, *, #1583, .F. ) ;
#968 = ADVANCED_FACE ( 'NONE', ( #1714 ), #1213, .F. ) ;
#969 = LINE ( 'NONE', #2461, #2816 ) ;
#970 = CARTESIAN_POINT ( 'NONE',  ( 9.508420190148241247, 118.0964346224373287, 33.50982518345433903 ) ) ;
#971 = ORIENTED_EDGE ( 'NONE', *, *, #998, .F. ) ;
#972 = DIRECTION ( 'NONE',  ( 0.000000000000000000, 0.000000000000000000, -1.000000000000000000 ) ) ;
#973 = ORIENTED_EDGE ( 'NONE', *, *, #974, .F. ) ;
#974 = EDGE_CURVE ( 'NONE', #1642, #357, #1482, .T. ) ;
#975 = CARTESIAN_POINT ( 'NONE',  ( 0.000000000000000000, 175.7848774450756935, 59.50585788451727609 ) ) ;
#976 = ORIENTED_EDGE ( 'NONE', *, *, #170, .F. ) ;
#977 = EDGE_CURVE ( 'NONE', #749, #2272, #710, .T. ) ;
#978 = ORIENTED_EDGE ( 'NONE', *, *, #3132, .F. ) ;
#979 = DIRECTION ( 'NONE',  ( 0.000000000000000000, 0.000000000000000000, 1.000000000000000000 ) ) ;
#980 = ORIENTED_EDGE ( 'NONE', *, *, #174, .T. ) ;
#981 = CLOSED_SHELL ( 'NONE', ( #1694, #3232, #1847, #3090, #383, #1865 ) ) ;
#982 = CARTESIAN_POINT ( 'NONE',  ( 42.49999999999999289, 115.5000000000011795, 90.00000000000000000 ) ) ;
#983 = CIRCLE ( 'NONE', #1407, 1.600000000000018074 ) ;
#984 = ORIENTED_EDGE ( 'NONE', *, *, #2108, .F. ) ;
#985 = ADVANCED_FACE ( 'NONE', ( #3008, #183 ), #1448, .T. ) ;
#986 = CARTESIAN_POINT ( 'NONE',  ( 12.00000000000000178, 120.9999999999770068, 77.50585788449949121 ) ) ;
#987 = VECTOR ( 'NONE', #1062, 1000.000000000000000 ) ;
#988 = DIRECTION ( 'NONE',  ( 0.000000000000000000, -1.000000000000000000, -3.491481338843133355E-15 ) ) ;
#989 = AXIS2_PLACEMENT_3D ( 'NONE', #3188, #1948, #1412 ) ;
#990 = DIRECTION ( 'NONE',  ( 0.000000000000000000, 1.000000000000000000, 3.491481338843133355E-15 ) ) ;
#991 = VECTOR ( 'NONE', #1382, 1000.000000000000000 ) ;
#992 = DIRECTION ( 'NONE',  ( 0.000000000000000000, -1.000000000000000000, 0.000000000000000000 ) ) ;
#993 = CIRCLE ( 'NONE', #557, 3.000000000000002665 ) ;
#994 = EDGE_CURVE ( 'NONE', #1028, #769, #430, .T. ) ;
#995 = CARTESIAN_POINT ( 'NONE',  ( 12.00000000000000178, 118.1133693473243795, 15.50982518345435679 ) ) ;
#996 = CARTESIAN_POINT ( 'NONE',  ( 10.74585705722506113, 118.4088714895134871, 15.50982518345433903 ) ) ;
#997 = VECTOR ( 'NONE', #2161, 1000.000000000000000 ) ;
#998 = EDGE_CURVE ( 'NONE', #456, #964, #940, .T. ) ;
#999 = ORIENTED_EDGE ( 'NONE', *, *, #2645, .T. ) ;
#1000 = ORIENTED_EDGE ( 'NONE', *, *, #2841, .F. ) ;
#1001 = DIRECTION ( 'NONE',  ( 0.000000000000000000, -3.247402347028582376E-13, 1.000000000000000000 ) ) ;
#1002 = CARTESIAN_POINT ( 'NONE',  ( 53.00000000000000711, 120.0000000000011937, 11.00000000000000178 ) ) ;
#1003 = VERTEX_POINT ( 'NONE', #1037 ) ;
#1004 = DIRECTION ( 'NONE',  ( 0.000000000000000000, -1.000000000000000000, 0.000000000000000000 ) ) ;
#1005 = AXIS2_PLACEMENT_3D ( 'NONE', #1968, #684, #1452 ) ;
#1006 = ORIENTED_EDGE ( 'NONE', *, *, #747, .F. ) ;
#1007 = DIRECTION ( 'NONE',  ( -0.000000000000000000, 1.000000000000000000, -0.000000000000000000 ) ) ;
#1008 = DIRECTION ( 'NONE',  ( 0.000000000000000000, -1.000000000000000000, -3.965082230804126670E-15 ) ) ;
#1009 = CARTESIAN_POINT ( 'NONE',  ( 10.74585705722506113, 119.3338714895134842, 15.50982518345434258 ) ) ;
#1010 = EDGE_CURVE ( 'NONE', #3205, #814, #1569, .T. ) ;
#1011 = DIRECTION ( 'NONE',  ( 0.000000000000000000, -1.000000000000000000, -3.251367429259384343E-13 ) ) ;
#1012 = LINE ( 'NONE', #1182, #2976 ) ;
#1013 = EDGE_LOOP ( 'NONE', ( #2807, #847, #2570, #2207 ) ) ;
#1014 = VERTEX_POINT ( 'NONE', #1075 ) ;
#1015 = ADVANCED_FACE ( 'NONE', ( #2627 ), #2426, .F. ) ;
#1016 = DIRECTION ( 'NONE',  ( 0.000000000000000000, 1.000000000000000000, 0.000000000000000000 ) ) ;
#1017 = DIRECTION ( 'NONE',  ( -0.002632913989968059098, 0.9999965338759536637, 3.491469236935707336E-15 ) ) ;
#1018 = EDGE_LOOP ( 'NONE', ( #2273, #3225, #2665, #2952 ) ) ;
#1019 = CARTESIAN_POINT ( 'NONE',  ( 10.09178328462724750, 119.9389512176729653, 59.50585788449912172 ) ) ;
#1020 = CARTESIAN_POINT ( 'NONE',  ( 27.49999999999999645, 121.0000000000011937, 2.999999999999996891 ) ) ;
#1021 = VERTEX_POINT ( 'NONE', #2768 ) ;
#1022 = EDGE_CURVE ( 'NONE', #2335, #1163, #2265, .T. ) ;
#1023 = CARTESIAN_POINT ( 'NONE',  ( 12.32699588730925022, 120.0348774450707907, 74.50585788449917857 ) ) ;
#1024 = CYLINDRICAL_SURFACE ( 'NONE', #225, 3.000000000000002665 ) ;
#1025 = CYLINDRICAL_SURFACE ( 'NONE', #2572, 0.9249999999999952704 ) ;
#1026 = FACE_OUTER_BOUND ( 'NONE', #1083, .T. ) ;
#1027 = LINE ( 'NONE', #2548, #1978 ) ;
#1028 = VERTEX_POINT ( 'NONE', #766 ) ;
#1029 = EDGE_LOOP ( 'NONE', ( #325, #2715, #2515, #1534 ) ) ;
#1030 = FACE_OUTER_BOUND ( 'NONE', #310, .T. ) ;
#1031 = ORIENTED_EDGE ( 'NONE', *, *, #2536, .F. ) ;
#1032 = VERTEX_POINT ( 'NONE', #248 ) ;
#1033 = EDGE_CURVE ( 'NONE', #727, #2789, #522, .T. ) ;
#1034 = CARTESIAN_POINT ( 'NONE',  ( 10.09178328462724750, 119.9879452621107276, 33.50982518345433903 ) ) ;
#1035 = EDGE_LOOP ( 'NONE', ( #1329, #1097, #234, #2475 ) ) ;
#1036 = EDGE_CURVE ( 'NONE', #586, #749, #2430, .T. ) ;
#1037 = CARTESIAN_POINT ( 'NONE',  ( 53.00000000000000711, 121.0000000000011937, 4.999999999999998224 ) ) ;
#1038 = DIRECTION ( 'NONE',  ( 0.000000000000000000, -3.247402347028582376E-13, 1.000000000000000000 ) ) ;
#1039 = CARTESIAN_POINT ( 'NONE',  ( 11.99605061532599315, 120.0348774450698102, 77.50585788449917857 ) ) ;
#1040 = DIRECTION ( 'NONE',  ( -0.000000000000000000, 1.000000000000000000, -0.000000000000000000 ) ) ;
#1041 = AXIS2_PLACEMENT_3D ( 'NONE', #2204, #2006, #2771 ) ;
#1042 = CARTESIAN_POINT ( 'NONE',  ( 17.00000000000001066, 118.0000000000011937, 84.99999999999998579 ) ) ;
#1043 = AXIS2_PLACEMENT_3D ( 'NONE', #1480, #2513, #3020 ) ;
#1044 = VECTOR ( 'NONE', #2379, 1000.000000000000000 ) ;
#1045 = FACE_OUTER_BOUND ( 'NONE', #2434, .T. ) ;
#1046 = VECTOR ( 'NONE', #3034, 1000.000000000000000 ) ;
#1047 = AXIS2_PLACEMENT_3D ( 'NONE', #2253, #441, #2954 ) ;
#1048 = ORIENTED_EDGE ( 'NONE', *, *, #911, .F. ) ;
#1049 = ORIENTED_EDGE ( 'NONE', *, *, #908, .T. ) ;
#1050 = VECTOR ( 'NONE', #251, 1000.000000000000000 ) ;
#1051 = CIRCLE ( 'NONE', #1477, 1.750000000000001554 ) ;
#1052 = CARTESIAN_POINT ( 'NONE',  ( 44.75000000000000000, 116.4000000000011994, 46.50000000000000000 ) ) ;
#1054 = VERTEX_POINT ( 'NONE', #913 ) ;
#1053 = EDGE_CURVE ( 'NONE', #2347, #154, #92, .T. ) ;
#1055 = CARTESIAN_POINT ( 'NONE',  ( 10.09178328462724750, 119.9879452621107703, 15.50982518345434258 ) ) ;
#1056 = DIRECTION ( 'NONE',  ( -1.000000000000000000, 0.000000000000000000, -0.000000000000000000 ) ) ;
#1057 = ORIENTED_EDGE ( 'NONE', *, *, #1322, .F. ) ;
#1058 = ADVANCED_FACE ( 'NONE', ( #1941 ), #695, .F. ) ;
#1059 = EDGE_CURVE ( 'NONE', #1811, #2025, #2597, .T. ) ;
#1060 = VECTOR ( 'NONE', #2892, 1000.000000000000000 ) ;
#1061 = EDGE_CURVE ( 'NONE', #601, #1307, #1303, .T. ) ;
#1062 = DIRECTION ( 'NONE',  ( -0.000000000000000000, 1.000000000000000000, -0.000000000000000000 ) ) ;
#1063 = DIRECTION ( 'NONE',  ( 0.000000000000000000, -1.000000000000000000, 0.000000000000000000 ) ) ;
#1064 = CARTESIAN_POINT ( 'NONE',  ( 10.74585705722506113, 119.3338714895134274, 33.50982518345433903 ) ) ;
#1065 = VECTOR ( 'NONE', #1336, 1000.000000000000000 ) ;
#1066 = LINE ( 'NONE', #2092, #2808 ) ;
#1067 = CARTESIAN_POINT ( 'NONE',  ( 10.74585705722506113, 119.2848774450746987, 62.50585788449891567 ) ) ;
#1068 = ORIENTED_EDGE ( 'NONE', *, *, #363, .T. ) ;
#1069 = ORIENTED_EDGE ( 'NONE', *, *, #3192, .F. ) ;
#1070 = DIRECTION ( 'NONE',  ( 0.000000000000000000, -1.000000000000000000, -3.965082230804126670E-15 ) ) ;
#1071 = DIRECTION ( 'NONE',  ( 0.000000000000000000, -1.000000000000000000, -3.247402347028582376E-13 ) ) ;
#1072 = EDGE_LOOP ( 'NONE', ( #2244, #1769, #3241, #372 ) ) ;
#1073 = FACE_BOUND ( 'NONE', #59, .T. ) ;
#1074 = ORIENTED_EDGE ( 'NONE', *, *, #2988, .F. ) ;
#1075 = CARTESIAN_POINT ( 'NONE',  ( 12.00000000000000178, 118.0643753028857503, 62.50585788449851066 ) ) ;
#1076 = DIRECTION ( 'NONE',  ( 0.000000000000000000, -3.247402347028582376E-13, 1.000000000000000000 ) ) ;
#1077 = CARTESIAN_POINT ( 'NONE',  ( 9.508420190148241247, 118.0964346224373998, 15.50982518345434258 ) ) ;
#1078 = CARTESIAN_POINT ( 'NONE',  ( 25.25000000000000355, 121.0000000000011937, 46.50000000000000000 ) ) ;
#1079 = CARTESIAN_POINT ( 'NONE',  ( 9.508420190148340723, 120.5223143121518632, 59.50585788449931357 ) ) ;
#1080 = CARTESIAN_POINT ( 'NONE',  ( 10.74585705722506113, 119.2848774450707765, 74.50585788449892277 ) ) ;
#1081 = DIRECTION ( 'NONE',  ( 0.000000000000000000, -1.000000000000000000, -3.300663046182914920E-13 ) ) ;
#1082 = VERTEX_POINT ( 'NONE', #871 ) ;
#1083 = EDGE_LOOP ( 'NONE', ( #417, #371, #2945, #2489 ) ) ;
#1084 = EDGE_CURVE ( 'NONE', #154, #1207, #1323, .T. ) ;
#1085 = CARTESIAN_POINT ( 'NONE',  ( 9.508420190148340723, 120.5713083565896682, 18.50982518345434613 ) ) ;
#1086 = ORIENTED_EDGE ( 'NONE', *, *, #27, .F. ) ;
#1087 = ORIENTED_EDGE ( 'NONE', *, *, #1770, .F. ) ;
#1088 = CARTESIAN_POINT ( 'NONE',  ( 53.00000000000000711, 118.0000000000011937, 8.000000000000000000 ) ) ;
#1089 = ORIENTED_EDGE ( 'NONE', *, *, #908, .F. ) ;
#1090 = CARTESIAN_POINT ( 'NONE',  ( 9.508420190148340723, 120.5713083565896255, 33.50982518345436745 ) ) ;
#1091 = LINE ( 'NONE', #1077, #603 ) ;
#1092 = PLANE ( 'NONE',  #1432 ) ;
#1093 = EDGE_CURVE ( 'NONE', #3270, #182, #2226, .T. ) ;
#1094 = AXIS2_PLACEMENT_3D ( 'NONE', #1119, #1964, #879 ) ;
#1095 = DIRECTION ( 'NONE',  ( -0.000000000000000000, 3.247402347028582376E-13, -1.000000000000000000 ) ) ;
#1096 = CARTESIAN_POINT ( 'NONE',  ( 52.99999999999998579, 120.0000000000011937, 88.00000000000000000 ) ) ;
#1097 = ORIENTED_EDGE ( 'NONE', *, *, #2005, .F. ) ;
#1098 = VECTOR ( 'NONE', #1870, 1000.000000000000000 ) ;
#1099 = ORIENTED_EDGE ( 'NONE', *, *, #594, .T. ) ;
#1100 = COLOUR_RGB ( '',0.7921568627450980005, 0.8196078431372548767, 0.9333333333333333481 ) ;
#1101 =( NAMED_UNIT ( * ) SI_UNIT ( $, .STERADIAN. ) SOLID_ANGLE_UNIT ( ) );
#1102 = EDGE_CURVE ( 'NONE', #369, #863, #779, .T. ) ;
#1103 = EDGE_CURVE ( 'NONE', #317, #1750, #2120, .T. ) ;
#1104 = VECTOR ( 'NONE', #614, 1000.000000000000000 ) ;
#1105 = VECTOR ( 'NONE', #2450, 1000.000000000000000 ) ;
#1106 = ORIENTED_EDGE ( 'NONE', *, *, #1977, .F. ) ;
#1107 = ORIENTED_EDGE ( 'NONE', *, *, #741, .F. ) ;
#1108 = VECTOR ( 'NONE', #2614, 1000.000000000000000 ) ;
#1109 = DIRECTION ( 'NONE',  ( 0.000000000000000000, -3.247402347028582376E-13, 1.000000000000000000 ) ) ;
#1110 = PRESENTATION_LAYER_ASSIGNMENT (  '', '', ( #2399 ) ) ;
#1111 = ORIENTED_EDGE ( 'NONE', *, *, #3255, .T. ) ;
#1112 = DIRECTION ( 'NONE',  ( 0.000000000000000000, 0.000000000000000000, 1.000000000000000000 ) ) ;
#1113 = CYLINDRICAL_SURFACE ( 'NONE', #2881, 1.750000000000001554 ) ;
#1114 = PRODUCT_RELATED_PRODUCT_CATEGORY ( 'part', '', ( #1682 ) ) ;
#1115 = ORIENTED_EDGE ( 'NONE', *, *, #1977, .T. ) ;
#1116 = ORIENTED_EDGE ( 'NONE', *, *, #2290, .F. ) ;
#1117 = CARTESIAN_POINT ( 'NONE',  ( 11.99605061532599315, 120.0348774450707907, 74.50585788449917857 ) ) ;
#1118 = EDGE_LOOP ( 'NONE', ( #2979, #1660, #486, #2880 ) ) ;
#1119 = CARTESIAN_POINT ( 'NONE',  ( 52.99999999999998579, 118.0000000000011937, 84.99999999999998579 ) ) ;
#1120 = CYLINDRICAL_SURFACE ( 'NONE', #1476, 2.000000000000001776 ) ;
#1121 = DIRECTION ( 'NONE',  ( 0.000000000000000000, 1.000000000000000000, 0.000000000000000000 ) ) ;
#1122 = ORIENTED_EDGE ( 'NONE', *, *, #3118, .T. ) ;
#1123 = EDGE_CURVE ( 'NONE', #2025, #2789, #690, .T. ) ;
#1124 = DIRECTION ( 'NONE',  ( 1.000000000000000000, 0.000000000000000000, 0.000000000000000000 ) ) ;
#1125 = EDGE_CURVE ( 'NONE', #2330, #2264, #3085, .T. ) ;
#1126 = CARTESIAN_POINT ( 'NONE',  ( 52.99999999999998579, 120.0000000000011937, 81.99999999999998579 ) ) ;
#1127 = ORIENTED_EDGE ( 'NONE', *, *, #1789, .F. ) ;
#1128 = DIRECTION ( 'NONE',  ( 1.000000000000000000, 0.000000000000000000, 0.000000000000000000 ) ) ;
#1129 = ORIENTED_EDGE ( 'NONE', *, *, #1892, .F. ) ;
#1130 = EDGE_LOOP ( 'NONE', ( #803, #1551, #2743, #3244 ) ) ;
#1131 = EDGE_CURVE ( 'NONE', #2198, #2047, #504, .T. ) ;
#1132 = CARTESIAN_POINT ( 'NONE',  ( 12.00000000000000178, 120.0838714895134274, 33.50982518345436745 ) ) ;
#1133 = DIRECTION ( 'NONE',  ( -0.000000000000000000, 1.000000000000000000, -0.000000000000000000 ) ) ;
#1134 = ORIENTED_EDGE ( 'NONE', *, *, #2102, .F. ) ;
#1135 = ADVANCED_FACE ( 'NONE', ( #2320 ), #1024, .F. ) ;
#1136 = DIRECTION ( 'NONE',  ( 1.000000000000000000, 0.000000000000000000, -0.000000000000000000 ) ) ;
#1137 = LINE ( 'NONE', #592, #1104 ) ;
#1138 = CARTESIAN_POINT ( 'NONE',  ( 12.00000000000000178, 120.0348774450939970, 2.999999999999686473 ) ) ;
#1139 = VERTEX_POINT ( 'NONE', #869 ) ;
#1140 = LINE ( 'NONE', #3130, #218 ) ;
#1141 = CARTESIAN_POINT ( 'NONE',  ( 29.50000000000001066, 121.0000000000011937, 5.999999999999996447 ) ) ;
#1142 = VECTOR ( 'NONE', #2040, 1000.000000000000000 ) ;
#1143 = ORIENTED_EDGE ( 'NONE', *, *, #319, .T. ) ;
#1144 = ORIENTED_EDGE ( 'NONE', *, *, #856, .T. ) ;
#1145 = VECTOR ( 'NONE', #2103, 1000.000000000000000 ) ;
#1146 = VECTOR ( 'NONE', #1395, 1000.000000000000000 ) ;
#1147 = PLANE ( 'NONE',  #3092 ) ;
#1148 = LINE ( 'NONE', #1949, #2277 ) ;
#1149 = FACE_OUTER_BOUND ( 'NONE', #520, .T. ) ;
#1150 = FACE_BOUND ( 'NONE', #3207, .T. ) ;
#1151 = EDGE_CURVE ( 'NONE', #317, #456, #315, .T. ) ;
#1152 = DIRECTION ( 'NONE',  ( 0.000000000000000000, -1.000000000000000000, -3.965082230804126670E-15 ) ) ;
#1153 = CIRCLE ( 'NONE', #1208, 0.9249999999999952704 ) ;
#1154 = VECTOR ( 'NONE', #528, 1000.000000000000114 ) ;
#1155 = ORIENTED_EDGE ( 'NONE', *, *, #454, .T. ) ;
#1156 = DIRECTION ( 'NONE',  ( 1.000000000000000000, 0.000000000000000000, -0.000000000000000000 ) ) ;
#1157 = CIRCLE ( 'NONE', #2873, 3.000000000000002665 ) ;
#1158 = CARTESIAN_POINT ( 'NONE',  ( 25.25000000000000355, 121.0000000000011937, 46.50000000000000000 ) ) ;
#1159 = EDGE_CURVE ( 'NONE', #2647, #1767, #1157, .T. ) ;
#1160 = LINE ( 'NONE', #3216, #3262 ) ;
#1161 = CARTESIAN_POINT ( 'NONE',  ( 29.49999999999999645, 115.5000000000011795, 89.00000000000000000 ) ) ;
#1162 = CARTESIAN_POINT ( 'NONE',  ( 11.99605061532599315, 120.0838714895134274, 33.50982518345436745 ) ) ;
#1163 = VERTEX_POINT ( 'NONE', #2443 ) ;
#1164 = ORIENTED_EDGE ( 'NONE', *, *, #839, .T. ) ;
#1165 = AXIS2_PLACEMENT_3D ( 'NONE', #2565, #239, #1269 ) ;
#1166 = FACE_OUTER_BOUND ( 'NONE', #2667, .T. ) ;
#1167 = CARTESIAN_POINT ( 'NONE',  ( 10.74585705722506113, 119.3338714895134274, 30.50982518345434258 ) ) ;
#1168 = CARTESIAN_POINT ( 'NONE',  ( 12.00000000000000178, 120.5543736317024184, 18.50982518345434968 ) ) ;
#1169 = DIRECTION ( 'NONE',  ( -0.000000000000000000, 3.247402347028582376E-13, -1.000000000000000000 ) ) ;
#1170 = EDGE_CURVE ( 'NONE', #3009, #1232, #1710, .T. ) ;
#1171 = ORIENTED_EDGE ( 'NONE', *, *, #892, .T. ) ;
#1172 = DIRECTION ( 'NONE',  ( 0.000000000000000000, 1.000000000000000000, 0.000000000000000000 ) ) ;
#1173 = LINE ( 'NONE', #631, #2977 ) ;
#1174 = APPLICATION_PROTOCOL_DEFINITION ( 'draft international standard', 'automotive_design', 1998, #756 ) ;
#1175 = ORIENTED_EDGE ( 'NONE', *, *, #625, .T. ) ;
#1176 = DIRECTION ( 'NONE',  ( 0.000000000000000000, 0.000000000000000000, 1.000000000000000000 ) ) ;
#1177 = EDGE_LOOP ( 'NONE', ( #2147, #2522, #2732, #2860 ) ) ;
#1178 = DIRECTION ( 'NONE',  ( -1.000000000000000000, -0.000000000000000000, -0.000000000000000000 ) ) ;
#1179 = EDGE_LOOP ( 'NONE', ( #1593, #2208, #1533, #3151 ) ) ;
#1180 = ORIENTED_EDGE ( 'NONE', *, *, #638, .F. ) ;
#1181 = CARTESIAN_POINT ( 'NONE',  ( 10.74585705722506113, 118.4088714895134729, 18.50982518345434258 ) ) ;
#1182 = CARTESIAN_POINT ( 'NONE',  ( 10.09178328462724750, 119.9389512176671246, 77.50585788449915015 ) ) ;
#1183 = DIRECTION ( 'NONE',  ( 0.000000000000000000, -3.491481338843133355E-15, 1.000000000000000000 ) ) ;
#1184 = EDGE_CURVE ( 'NONE', #1307, #727, #449, .T. ) ;
#1185 = ORIENTED_EDGE ( 'NONE', *, *, #1262, .T. ) ;
#1186 = DIRECTION ( 'NONE',  ( 0.000000000000000000, -1.000000000000000000, -3.247402347028582376E-13 ) ) ;
#1187 = EDGE_LOOP ( 'NONE', ( #2060, #832, #1835, #1462 ) ) ;
#1188 = DIRECTION ( 'NONE',  ( 0.000000000000000000, -3.247402347028582376E-13, 1.000000000000000000 ) ) ;
#1189 = EDGE_CURVE ( 'NONE', #2335, #351, #2316, .T. ) ;
#1190 = CARTESIAN_POINT ( 'NONE',  ( 12.00000000000000178, 120.9999999999818669, 62.50585788449946989 ) ) ;
#1191 = CARTESIAN_POINT ( 'NONE',  ( 25.25000000000000355, 118.0000000000011937, 48.50000000000000000 ) ) ;
#1192 = DIRECTION ( 'NONE',  ( 1.000000000000000000, 0.000000000000000000, 3.077735199313689799E-16 ) ) ;
#1193 = ORIENTED_EDGE ( 'NONE', *, *, #3132, .T. ) ;
#1194 = EDGE_LOOP ( 'NONE', ( #355, #2668, #712, #2721, #1766, #1567, #2413, #2143, #2735, #34, #611, #3175 ) ) ;
#1195 = EDGE_CURVE ( 'NONE', #488, #1699, #1421, .T. ) ;
#1196 = ADVANCED_FACE ( 'NONE', ( #6 ), #1877, .F. ) ;
#1197 = DIRECTION ( 'NONE',  ( 0.000000000000000000, -1.000000000000000000, -3.750753461571493582E-15 ) ) ;
#1198 = VECTOR ( 'NONE', #1433, 1000.000000000000000 ) ;
#1199 = ORIENTED_EDGE ( 'NONE', *, *, #3180, .T. ) ;
#1200 = VECTOR ( 'NONE', #1795, 1000.000000000000000 ) ;
#1201 = CIRCLE ( 'NONE', #2013, 2.000000000000001776 ) ;
#1202 = DIRECTION ( 'NONE',  ( 0.000000000000000000, -1.000000000000000000, -3.300663046182914920E-13 ) ) ;
#1203 = CARTESIAN_POINT ( 'NONE',  ( 9.508420190148340723, 120.5223143121508969, 62.50585788449932068 ) ) ;
#1204 = DIRECTION ( 'NONE',  ( 0.000000000000000000, 1.000000000000000000, 0.000000000000000000 ) ) ;
#1205 = AXIS2_PLACEMENT_3D ( 'NONE', #2410, #352, #1385 ) ;
#1206 = VECTOR ( 'NONE', #408, 1000.000000000000000 ) ;
#1207 = VERTEX_POINT ( 'NONE', #420 ) ;
#1208 = AXIS2_PLACEMENT_3D ( 'NONE', #1330, #1931, #1584 ) ;
#1209 = AXIS2_PLACEMENT_3D ( 'NONE', #3060, #184, #1723 ) ;
#1210 = FACE_OUTER_BOUND ( 'NONE', #284, .T. ) ;
#1211 = VECTOR ( 'NONE', #945, 1000.000000000000000 ) ;
#1212 = CARTESIAN_POINT ( 'NONE',  ( 17.00000000000000000, 118.0000000000011937, 6.399999999999998579 ) ) ;
#1213 = PLANE ( 'NONE',  #2391 ) ;
#1214 = EDGE_CURVE ( 'NONE', #266, #3065, #153, .T. ) ;
#1215 = VERTEX_POINT ( 'NONE', #2094 ) ;
#1216 = ORIENTED_EDGE ( 'NONE', *, *, #977, .F. ) ;
#1217 = CYLINDRICAL_SURFACE ( 'NONE', #1621, 1.600000000000002531 ) ;
#1218 = CARTESIAN_POINT ( 'NONE',  ( 10.74585705722506113, 119.3338714895134842, 15.50982518345434258 ) ) ;
#1219 = VERTEX_POINT ( 'NONE', #1002 ) ;
#1220 = DIRECTION ( 'NONE',  ( 1.000000000000000000, 0.000000000000000000, 0.000000000000000000 ) ) ;
#1221 = ORIENTED_EDGE ( 'NONE', *, *, #1726, .T. ) ;
#1222 = DIRECTION ( 'NONE',  ( 0.000000000000000000, -3.247402347028582376E-13, 1.000000000000000000 ) ) ;
#1223 = EDGE_CURVE ( 'NONE', #3065, #814, #14, .T. ) ;
#1224 = ORIENTED_EDGE ( 'NONE', *, *, #3279, .T. ) ;
#1225 = CARTESIAN_POINT ( 'NONE',  ( 12.00000000000000178, 120.9999999999828475, 59.50585788449946989 ) ) ;
#1226 = ORIENTED_EDGE ( 'NONE', *, *, #634, .T. ) ;
#1227 = EDGE_LOOP ( 'NONE', ( #2928, #2439, #30, #1994 ) ) ;
#1228 = DIRECTION ( 'NONE',  ( 0.000000000000000000, -1.000000000000000000, -3.225647976951485001E-13 ) ) ;
#1230 = EDGE_LOOP ( 'NONE', ( #2580, #2727 ) ) ;
#1229 = EDGE_CURVE ( 'NONE', #2088, #1453, #1405, .T. ) ;
#1231 = LINE ( 'NONE', #3277, #3084 ) ;
#1232 = VERTEX_POINT ( 'NONE', #3231 ) ;
#1233 = EDGE_CURVE ( 'NONE', #904, #246, #1460, .T. ) ;
#1234 = CARTESIAN_POINT ( 'NONE',  ( 17.00000000000001066, 120.0000000000011937, 84.99999999999998579 ) ) ;
#1235 = DIRECTION ( 'NONE',  ( -0.000000000000000000, 3.247402347028582376E-13, -1.000000000000000000 ) ) ;
#1236 = CARTESIAN_POINT ( 'NONE',  ( 57.99999999999999289, 115.5000000000011795, 3.000000000000000000 ) ) ;
#1237 = DIRECTION ( 'NONE',  ( 0.000000000000000000, 1.000000000000000000, 0.000000000000000000 ) ) ;
#1238 = DIRECTION ( 'NONE',  ( -0.000000000000000000, 1.000000000000000000, -0.000000000000000000 ) ) ;
#1239 = DIRECTION ( 'NONE',  ( 0.000000000000000000, -3.247402347028582376E-13, 1.000000000000000000 ) ) ;
#1240 = ORIENTED_EDGE ( 'NONE', *, *, #2459, .T. ) ;
#1241 = ORIENTED_EDGE ( 'NONE', *, *, #2773, .F. ) ;
#1242 = CARTESIAN_POINT ( 'NONE',  ( 17.00000000000000000, 118.0000000000011937, 8.000000000000000000 ) ) ;
#1243 = ORIENTED_EDGE ( 'NONE', *, *, #429, .T. ) ;
#1244 = AXIS2_PLACEMENT_3D ( 'NONE', #1636, #2677, #2162 ) ;
#1245 = CYLINDRICAL_SURFACE ( 'NONE', #1576, 0.9249999999999952704 ) ;
#1246 = EDGE_CURVE ( 'NONE', #1903, #1003, #1853, .T. ) ;
#1247 = CIRCLE ( 'NONE', #1356, 1.600000000000004086 ) ;
#1248 = ORIENTED_EDGE ( 'NONE', *, *, #1332, .T. ) ;
#1249 = VECTOR ( 'NONE', #858, 1000.000000000000000 ) ;
#1250 = AXIS2_PLACEMENT_3D ( 'NONE', #61, #1940, #2693 ) ;
#1251 = LINE ( 'NONE', #3006, #179 ) ;
#1252 = EDGE_CURVE ( 'NONE', #246, #2688, #1579, .T. ) ;
#1253 = LINE ( 'NONE', #3312, #719 ) ;
#1254 = CIRCLE ( 'NONE', #2075, 0.9249999999999952704 ) ;
#1255 = DIRECTION ( 'NONE',  ( 0.000000000000000000, -1.000000000000000000, -3.965082230804126670E-15 ) ) ;
#1256 = CIRCLE ( 'NONE', #172, 2.000000000000001332 ) ;
#1257 = FACE_OUTER_BOUND ( 'NONE', #3141, .T. ) ;
#1258 = ORIENTED_EDGE ( 'NONE', *, *, #106, .F. ) ;
#1259 = ORIENTED_EDGE ( 'NONE', *, *, #2765, .T. ) ;
#1260 = DIRECTION ( 'NONE',  ( -0.000000000000000000, 3.491481338843133355E-15, -1.000000000000000000 ) ) ;
#1261 = CARTESIAN_POINT ( 'NONE',  ( 10.74585705722506113, 119.2848774450756650, 59.50585788449891567 ) ) ;
#1262 = EDGE_CURVE ( 'NONE', #3167, #171, #2583, .T. ) ;
#1263 = ORIENTED_EDGE ( 'NONE', *, *, #554, .T. ) ;
#1264 = AXIS2_PLACEMENT_3D ( 'NONE', #2512, #2020, #493 ) ;
#1265 = PLANE ( 'NONE',  #53 ) ;
#1266 = VERTEX_POINT ( 'NONE', #711 ) ;
#1267 = CARTESIAN_POINT ( 'NONE',  ( 10.74585705722506113, 118.3598774450698130, 77.50585788449862434 ) ) ;
#1268 = DIRECTION ( 'NONE',  ( -0.000000000000000000, 1.000000000000000000, -0.000000000000000000 ) ) ;
#1269 = DIRECTION ( 'NONE',  ( 0.000000000000000000, 1.000000000000000000, 0.000000000000000000 ) ) ;
#1270 = DIRECTION ( 'NONE',  ( 0.002632913989968058231, -0.9999965338759536637, -3.247391091129219073E-13 ) ) ;
#1271 = CARTESIAN_POINT ( 'NONE',  ( 14.00000000000000178, 118.1133693473243795, 15.50982518345435679 ) ) ;
#1272 = DIRECTION ( 'NONE',  ( 0.000000000000000000, -3.491481338843133355E-15, 1.000000000000000000 ) ) ;
#1273 = CARTESIAN_POINT ( 'NONE',  ( 17.00000000000001066, 121.0000000000011937, 88.00000000000000000 ) ) ;
#1274 = EDGE_LOOP ( 'NONE', ( #2083, #1089, #2174, #140 ) ) ;
#1275 = EDGE_LOOP ( 'NONE', ( #415, #789, #2958, #1507 ) ) ;
#1276 = ADVANCED_FACE ( 'NONE', ( #1257 ), #1728, .T. ) ;
#1277 = DIRECTION ( 'NONE',  ( 0.000000000000000000, -1.000000000000000000, 0.000000000000000000 ) ) ;
#1278 = ADVANCED_FACE ( 'NONE', ( #426 ), #2216, .T. ) ;
#1279 = DIRECTION ( 'NONE',  ( -0.000000000000000000, 1.000000000000000000, -0.000000000000000000 ) ) ;
#1280 = ORIENTED_EDGE ( 'NONE', *, *, #2573, .F. ) ;
#1281 = CARTESIAN_POINT ( 'NONE',  ( 29.50000000000001066, 121.0000000000011937, 87.00000000000000000 ) ) ;
#1282 = ORIENTED_EDGE ( 'NONE', *, *, #1944, .T. ) ;
#1283 = DIRECTION ( 'NONE',  ( 0.000000000000000000, 0.000000000000000000, 1.000000000000000000 ) ) ;
#1284 = CARTESIAN_POINT ( 'NONE',  ( 10.74585705722506113, 120.2098774450698073, 77.50585788449923541 ) ) ;
#1285 = CARTESIAN_POINT ( 'NONE',  ( 12.00000000000000178, 118.5838714895134700, 18.50982518345434613 ) ) ;
#1286 = CARTESIAN_POINT ( 'NONE',  ( 12.00000000000000178, 121.0000000000010800, 33.50982518345434613 ) ) ;
#1287 = CARTESIAN_POINT ( 'NONE',  ( 10.74585705722506113, 119.3338714895134842, 15.50982518345434258 ) ) ;
#1288 = EDGE_CURVE ( 'NONE', #351, #732, #834, .T. ) ;
#1289 = VERTEX_POINT ( 'NONE', #1267 ) ;
#1290 = LINE ( 'NONE', #501, #2497 ) ;
#1291 = ORIENTED_EDGE ( 'NONE', *, *, #1504, .T. ) ;
#1292 = CARTESIAN_POINT ( 'NONE',  ( 11.99605061532599315, 120.0838714895134842, 15.50982518345434258 ) ) ;
#1293 = ADVANCED_FACE ( 'NONE', ( #1334 ), #1318, .F. ) ;
#1294 = ORIENTED_EDGE ( 'NONE', *, *, #3161, .F. ) ;
#1295 = EDGE_CURVE ( 'NONE', #698, #704, #2357, .T. ) ;
#1296 = CARTESIAN_POINT ( 'NONE',  ( 12.00000000000000178, 118.1133693473243795, 15.50982518345435679 ) ) ;
#1297 = ORIENTED_EDGE ( 'NONE', *, *, #2459, .F. ) ;
#1298 = CARTESIAN_POINT ( 'NONE',  ( 10.74585705722506113, 119.2848774450756650, 59.50585788449891567 ) ) ;
#1299 =( LENGTH_UNIT ( ) NAMED_UNIT ( * ) SI_UNIT ( .MILLI., .METRE. ) );
#1300 = AXIS2_PLACEMENT_3D ( 'NONE', #1042, #1527, #1301 ) ;
#1301 = DIRECTION ( 'NONE',  ( 0.000000000000000000, 0.000000000000000000, 1.000000000000000000 ) ) ;
#1302 = AXIS2_PLACEMENT_3D ( 'NONE', #612, #3194, #321 ) ;
#1303 = LINE ( 'NONE', #2803, #3201 ) ;
#1304 = DIRECTION ( 'NONE',  ( -0.000000000000000000, 1.000000000000000000, -0.000000000000000000 ) ) ;
#1305 = VECTOR ( 'NONE', #1570, 1000.000000000000000 ) ;
#1306 = AXIS2_PLACEMENT_3D ( 'NONE', #694, #2007, #2741 ) ;
#1307 = VERTEX_POINT ( 'NONE', #403 ) ;
#1308 = ORIENTED_EDGE ( 'NONE', *, *, #2599, .T. ) ;
#1309 = AXIS2_PLACEMENT_3D ( 'NONE', #1518, #2085, #2559 ) ;
#1310 = VECTOR ( 'NONE', #2292, 1000.000000000000000 ) ;
#1311 = EDGE_CURVE ( 'NONE', #2012, #2330, #1254, .T. ) ;
#1312 = DIRECTION ( 'NONE',  ( 0.000000000000000000, 0.000000000000000000, 1.000000000000000000 ) ) ;
#1313 = ORIENTED_EDGE ( 'NONE', *, *, #2268, .F. ) ;
#1314 = VERTEX_POINT ( 'NONE', #3015 ) ;
#1315 = FACE_OUTER_BOUND ( 'NONE', #600, .T. ) ;
#1316 = ORIENTED_EDGE ( 'NONE', *, *, #2077, .T. ) ;
#1317 = VECTOR ( 'NONE', #1674, 1000.000000000000000 ) ;
#1318 = PLANE ( 'NONE',  #891 ) ;
#1319 = LINE ( 'NONE', #2358, #1573 ) ;
#1320 = DIRECTION ( 'NONE',  ( -0.000000000000000000, 3.247402347028582376E-13, -1.000000000000000000 ) ) ;
#1321 = EDGE_CURVE ( 'NONE', #851, #2059, #206, .T. ) ;
#1322 = EDGE_CURVE ( 'NONE', #1054, #3320, #2714, .T. ) ;
#1323 = LINE ( 'NONE', #2392, #2814 ) ;
#1324 = CARTESIAN_POINT ( 'NONE',  ( 12.00000000000000178, 121.0000000000011511, 15.50982518345434968 ) ) ;
#1325 = ORIENTED_EDGE ( 'NONE', *, *, #2822, .T. ) ;
#1326 = EDGE_LOOP ( 'NONE', ( #90, #2539, #1565, #464 ) ) ;
#1327 = LINE ( 'NONE', #2329, #1044 ) ;
#1328 = EDGE_LOOP ( 'NONE', ( #2190, #1605, #3314, #1751 ) ) ;
#1329 = ORIENTED_EDGE ( 'NONE', *, *, #1601, .F. ) ;
#1330 = CARTESIAN_POINT ( 'NONE',  ( 10.74585705722506113, 119.3338714895134700, 18.50982518345434613 ) ) ;
#1331 = DIRECTION ( 'NONE',  ( 0.000000000000000000, -1.000000000000000000, -3.750753461571493582E-15 ) ) ;
#1332 = EDGE_CURVE ( 'NONE', #3121, #245, #1836, .T. ) ;
#1333 = VERTEX_POINT ( 'NONE', #1396 ) ;
#1334 = FACE_OUTER_BOUND ( 'NONE', #3220, .T. ) ;
#1335 = CARTESIAN_POINT ( 'NONE',  ( 12.00000000000000178, 118.5348774450707765, 74.50585788449868119 ) ) ;
#1336 = DIRECTION ( 'NONE',  ( 0.000000000000000000, -3.247402347028582376E-13, 1.000000000000000000 ) ) ;
#1337 = ADVANCED_FACE ( 'NONE', ( #1149 ), #1435, .T. ) ;
#1338 = EDGE_CURVE ( 'NONE', #704, #852, #227, .T. ) ;
#1339 = EDGE_CURVE ( 'NONE', #1266, #2794, #669, .T. ) ;
#1340 = DIRECTION ( 'NONE',  ( 0.000000000000000000, -3.247402347028582376E-13, 1.000000000000000000 ) ) ;
#1341 = DIRECTION ( 'NONE',  ( 0.000000000000000000, 0.000000000000000000, 1.000000000000000000 ) ) ;
#1342 = LINE ( 'NONE', #1817, #1098 ) ;
#1343 = ORIENTED_EDGE ( 'NONE', *, *, #1295, .T. ) ;
#1344 = ORIENTED_EDGE ( 'NONE', *, *, #957, .T. ) ;
#1345 = FACE_OUTER_BOUND ( 'NONE', #1494, .T. ) ;
#1346 = EDGE_LOOP ( 'NONE', ( #2700, #23, #1392, #878 ) ) ;
#1347 = VERTEX_POINT ( 'NONE', #2635 ) ;
#1348 = CARTESIAN_POINT ( 'NONE',  ( 10.09178328462724750, 119.9879452621107703, 15.50982518345434258 ) ) ;
#1349 = ORIENTED_EDGE ( 'NONE', *, *, #2877, .F. ) ;
#1350 = LINE ( 'NONE', #630, #1249 ) ;
#1351 = CARTESIAN_POINT ( 'NONE',  ( 17.00000000000001066, 118.0000000000011937, 86.60000000000000853 ) ) ;
#1352 = VECTOR ( 'NONE', #3294, 1000.000000000000000 ) ;
#1353 = CARTESIAN_POINT ( 'NONE',  ( 25.25000000000000355, 121.0000000000011937, 48.50000000000000000 ) ) ;
#1354 = EDGE_LOOP ( 'NONE', ( #150, #3341, #1707, #3156 ) ) ;
#1355 = ORIENTED_EDGE ( 'NONE', *, *, #337, .T. ) ;
#1356 = AXIS2_PLACEMENT_3D ( 'NONE', #418, #682, #657 ) ;
#1357 = CARTESIAN_POINT ( 'NONE',  ( 10.74585705722506113, 120.2588714895134814, 15.50982518345434613 ) ) ;
#1358 = LINE ( 'NONE', #3330, #1907 ) ;
#1359 = CIRCLE ( 'NONE', #1685, 1.999999999999999112 ) ;
#1360 = AXIS2_PLACEMENT_3D ( 'NONE', #2037, #1458, #2252 ) ;
#1361 = ORIENTED_EDGE ( 'NONE', *, *, #1033, .F. ) ;
#1362 = ORIENTED_EDGE ( 'NONE', *, *, #1311, .F. ) ;
#1363 = EDGE_CURVE ( 'NONE', #757, #815, #2019, .T. ) ;
#1364 = AXIS2_PLACEMENT_3D ( 'NONE', #83, #1133, #2157 ) ;
#1365 = VECTOR ( 'NONE', #1369, 1000.000000000000000 ) ;
#1366 = EDGE_CURVE ( 'NONE', #164, #2258, #559, .T. ) ;
#1367 = CARTESIAN_POINT ( 'NONE',  ( 52.99999999999998579, 121.0000000000011937, 81.99999999999998579 ) ) ;
#1368 = VERTEX_POINT ( 'NONE', #1646 ) ;
#1369 = DIRECTION ( 'NONE',  ( 0.000000000000000000, -3.491481338843133355E-15, 1.000000000000000000 ) ) ;
#1370 = DIRECTION ( 'NONE',  ( 0.000000000000000000, 1.000000000000000000, 0.000000000000000000 ) ) ;
#1371 = AXIS2_PLACEMENT_3D ( 'NONE', #658, #1689, #1436 ) ;
#1372 = CARTESIAN_POINT ( 'NONE',  ( 12.00000000000000178, 120.5053795872636471, 62.50585788449932068 ) ) ;
#1373 = CIRCLE ( 'NONE', #2465, 1.600000000000004086 ) ;
#1374 = EDGE_LOOP ( 'NONE', ( #2524, #1537, #1355, #527 ) ) ;
#1375 = DIRECTION ( 'NONE',  ( -0.000000000000000000, 3.491481338843133355E-15, -1.000000000000000000 ) ) ;
#1376 = EDGE_LOOP ( 'NONE', ( #1224, #2403, #2114, #590 ) ) ;
#1377 = ADVANCED_FACE ( 'NONE', ( #2431 ), #2170, .T. ) ;
#1378 = ORIENTED_EDGE ( 'NONE', *, *, #1500, .F. ) ;
#1379 = DIRECTION ( 'NONE',  ( -0.000000000000000000, 3.247402347028582376E-13, -1.000000000000000000 ) ) ;
#1380 = ADVANCED_FACE ( 'NONE', ( #63 ), #2415, .F. ) ;
#1381 = DIRECTION ( 'NONE',  ( 0.000000000000000000, -3.247402347028582376E-13, 1.000000000000000000 ) ) ;
#1382 = DIRECTION ( 'NONE',  ( 0.000000000000000000, -3.247402347028582376E-13, 1.000000000000000000 ) ) ;
#1383 = DIRECTION ( 'NONE',  ( 0.000000000000000000, 0.000000000000000000, 1.000000000000000000 ) ) ;
#1384 = EDGE_LOOP ( 'NONE', ( #64, #1788, #3221, #566 ) ) ;
#1385 = DIRECTION ( 'NONE',  ( 0.000000000000000000, 0.000000000000000000, 1.000000000000000000 ) ) ;
#1386 = CARTESIAN_POINT ( 'NONE',  ( 12.00000000000000178, 118.5348774450756650, 59.50585788449866698 ) ) ;
#1387 = DIRECTION ( 'NONE',  ( 0.000000000000000000, 1.000000000000000000, 3.300663046182914920E-13 ) ) ;
#1388 = ORIENTED_EDGE ( 'NONE', *, *, #299, .F. ) ;
#1389 = EDGE_CURVE ( 'NONE', #1333, #182, #492, .T. ) ;
#1390 = CARTESIAN_POINT ( 'NONE',  ( 10.09178328462724750, 119.9389512176671246, 77.50585788449915015 ) ) ;
#1391 = DIRECTION ( 'NONE',  ( -0.000000000000000000, -1.000000000000000000, -0.000000000000000000 ) ) ;
#1392 = ORIENTED_EDGE ( 'NONE', *, *, #421, .T. ) ;
#1393 = EDGE_LOOP ( 'NONE', ( #2500, #3217, #3117, #1541 ) ) ;
#1394 = PLANE ( 'NONE',  #3198 ) ;
#1395 = DIRECTION ( 'NONE',  ( -0.000000000000000000, 1.000000000000000000, -0.000000000000000000 ) ) ;
#1396 = CARTESIAN_POINT ( 'NONE',  ( 10.09178328462714269, 118.6308036724726236, 77.50585788449870961 ) ) ;
#1397 = DIRECTION ( 'NONE',  ( 0.000000000000000000, 0.000000000000000000, 1.000000000000000000 ) ) ;
#1398 = CARTESIAN_POINT ( 'NONE',  ( 10.74585705722506113, 119.2848774450698102, 77.50585788449893698 ) ) ;
#1399 = EDGE_CURVE ( 'NONE', #2946, #1851, #2924, .T. ) ;
#1400 = VERTEX_POINT ( 'NONE', #3163 ) ;
#1401 = DIRECTION ( 'NONE',  ( 0.000000000000000000, 0.000000000000000000, 1.000000000000000000 ) ) ;
#1402 = DIRECTION ( 'NONE',  ( 0.000000000000000000, 0.000000000000000000, 1.000000000000000000 ) ) ;
#1403 = CARTESIAN_POINT ( 'NONE',  ( 12.00000000000000178, 120.5543736317023615, 33.50982518345436745 ) ) ;
#1404 = DIRECTION ( 'NONE',  ( 0.000000000000000000, 1.000000000000000000, 3.251367429259384343E-13 ) ) ;
#1405 = LINE ( 'NONE', #1848, #2455 ) ;
#1406 = VERTEX_POINT ( 'NONE', #1615 ) ;
#1407 = AXIS2_PLACEMENT_3D ( 'NONE', #744, #257, #1759 ) ;
#1408 = CARTESIAN_POINT ( 'NONE',  ( 10.74585705722506113, 120.2098774450756622, 59.50585788449921409 ) ) ;
#1409 = VECTOR ( 'NONE', #133, 1000.000000000000000 ) ;
#1410 = ORIENTED_EDGE ( 'NONE', *, *, #2402, .T. ) ;
#1411 = ORIENTED_EDGE ( 'NONE', *, *, #1989, .T. ) ;
#1412 = DIRECTION ( 'NONE',  ( 0.000000000000000000, -1.000000000000000000, -3.251367429259384343E-13 ) ) ;
#1413 = AXIS2_PLACEMENT_3D ( 'NONE', #2820, #3122, #1008 ) ;
#1414 = AXIS2_PLACEMENT_3D ( 'NONE', #2076, #3339, #1434 ) ;
#1415 = DIRECTION ( 'NONE',  ( -0.7071067811865464625, 0.7071067811865486830, 2.468850131082269288E-15 ) ) ;
#1416 = DIRECTION ( 'NONE',  ( -0.000000000000000000, 3.247402347028582376E-13, -1.000000000000000000 ) ) ;
#1417 = AXIS2_PLACEMENT_3D ( 'NONE', #702, #176, #142 ) ;
#1418 = VECTOR ( 'NONE', #829, 1000.000000000000000 ) ;
#1419 = ORIENTED_EDGE ( 'NONE', *, *, #2291, .F. ) ;
#1420 = DIRECTION ( 'NONE',  ( 0.000000000000000000, 1.000000000000000000, -0.000000000000000000 ) ) ;
#1421 = CIRCLE ( 'NONE', #3254, 0.9249999999999952704 ) ;
#1422 = ORIENTED_EDGE ( 'NONE', *, *, #3116, .F. ) ;
#1423 = CARTESIAN_POINT ( 'NONE',  ( 0.000000000000000000, 175.7848774450698102, 77.50585788451728320 ) ) ;
#1424 = EDGE_CURVE ( 'NONE', #3235, #2012, #1173, .T. ) ;
#1425 = CYLINDRICAL_SURFACE ( 'NONE', #1752, 0.9249999999999952704 ) ;
#1426 = PLANE ( 'NONE',  #2753 ) ;
#1427 = FACE_OUTER_BOUND ( 'NONE', #897, .T. ) ;
#1428 = AXIS2_PLACEMENT_3D ( 'NONE', #2446, #2706, #2938 ) ;
#1429 = LINE ( 'NONE', #2978, #2126 ) ;
#1430 = ORIENTED_EDGE ( 'NONE', *, *, #2378, .T. ) ;
#1431 = ORIENTED_EDGE ( 'NONE', *, *, #1170, .T. ) ;
#1432 = AXIS2_PLACEMENT_3D ( 'NONE', #3095, #530, #544 ) ;
#1433 = DIRECTION ( 'NONE',  ( -0.000000000000000000, 1.000000000000000000, -0.000000000000000000 ) ) ;
#1434 = DIRECTION ( 'NONE',  ( 0.000000000000000000, -1.000000000000000000, -3.491481338843133355E-15 ) ) ;
#1435 = CYLINDRICAL_SURFACE ( 'NONE', #2123, 1.750000000000001554 ) ;
#1436 = DIRECTION ( 'NONE',  ( -1.000000000000000000, 0.000000000000000000, 0.000000000000000000 ) ) ;
#1437 =( NAMED_UNIT ( * ) SI_UNIT ( $, .STERADIAN. ) SOLID_ANGLE_UNIT ( ) );
#1438 = EDGE_LOOP ( 'NONE', ( #1884, #2362, #973, #1000 ) ) ;
#1439 = CARTESIAN_POINT ( 'NONE',  ( 0.000000000000000000, 121.0000000000011937, 0.000000000000000000 ) ) ;
#1440 = EDGE_CURVE ( 'NONE', #2272, #3009, #424, .T. ) ;
#1441 = VERTEX_POINT ( 'NONE', #1203 ) ;
#1442 = DIRECTION ( 'NONE',  ( -0.000000000000000000, 3.491481338843133355E-15, -1.000000000000000000 ) ) ;
#1443 = DIRECTION ( 'NONE',  ( 0.000000000000000000, -3.491481338843133355E-15, 1.000000000000000000 ) ) ;
#1444 = DIRECTION ( 'NONE',  ( -0.000000000000000000, 1.000000000000000000, -0.000000000000000000 ) ) ;
#1445 = EDGE_CURVE ( 'NONE', #393, #396, #938, .T. ) ;
#1446 = EDGE_CURVE ( 'NONE', #1808, #1400, #788, .T. ) ;
#1447 = FACE_OUTER_BOUND ( 'NONE', #1594, .T. ) ;
#1448 = PLANE ( 'NONE',  #1306 ) ;
#1449 = ORIENTED_EDGE ( 'NONE', *, *, #671, .T. ) ;
#1450 = ORIENTED_EDGE ( 'NONE', *, *, #1607, .F. ) ;
#1451 = CARTESIAN_POINT ( 'NONE',  ( 10.09178328462714269, 118.6797977169162976, 15.50982518345434258 ) ) ;
#1452 = DIRECTION ( 'NONE',  ( 0.000000000000000000, 0.000000000000000000, 1.000000000000000000 ) ) ;
#1453 = VERTEX_POINT ( 'NONE', #3069 ) ;
#1454 = DIRECTION ( 'NONE',  ( -0.000000000000000000, 3.247402347028582376E-13, -1.000000000000000000 ) ) ;
#1455 = DIRECTION ( 'NONE',  ( 0.000000000000000000, -3.247402347028582376E-13, 1.000000000000000000 ) ) ;
#1456 = VERTEX_POINT ( 'NONE', #510 ) ;
#1457 = DIRECTION ( 'NONE',  ( 0.000000000000000000, 0.000000000000000000, -1.000000000000000000 ) ) ;
#1458 = DIRECTION ( 'NONE',  ( -0.000000000000000000, 1.000000000000000000, -0.000000000000000000 ) ) ;
#1459 = FACE_OUTER_BOUND ( 'NONE', #1887, .T. ) ;
#1460 = LINE ( 'NONE', #181, #3305 ) ;
#1461 = DIRECTION ( 'NONE',  ( 0.000000000000000000, 0.000000000000000000, 1.000000000000000000 ) ) ;
#1462 = ORIENTED_EDGE ( 'NONE', *, *, #2922, .F. ) ;
#1463 = CARTESIAN_POINT ( 'NONE',  ( 10.09178328462714269, 118.6308036724774979, 62.50585788449870961 ) ) ;
#1464 = ORIENTED_EDGE ( 'NONE', *, *, #1159, .T. ) ;
#1465 = ORIENTED_EDGE ( 'NONE', *, *, #3237, .T. ) ;
#1466 = PLANE ( 'NONE',  #3137 ) ;
#1467 = AXIS2_PLACEMENT_3D ( 'NONE', #214, #3338, #3041 ) ;
#1468 = ORIENTED_EDGE ( 'NONE', *, *, #3327, .T. ) ;
#1469 = AXIS2_PLACEMENT_3D ( 'NONE', #3248, #256, #1270 ) ;
#1470 = VECTOR ( 'NONE', #624, 999.9999999999998863 ) ;
#1471 = ADVANCED_FACE ( 'NONE', ( #2315 ), #855, .T. ) ;
#1472 = PLANE ( 'NONE',  #289 ) ;
#1473 = VECTOR ( 'NONE', #1124, 1000.000000000000000 ) ;
#1474 = AXIS2_PLACEMENT_3D ( 'NONE', #1390, #3206, #134 ) ;
#1475 = VERTEX_POINT ( 'NONE', #2368 ) ;
#1476 = AXIS2_PLACEMENT_3D ( 'NONE', #349, #361, #1397 ) ;
#1477 = AXIS2_PLACEMENT_3D ( 'NONE', #736, #471, #2555 ) ;
#1478 = DIRECTION ( 'NONE',  ( -0.7071067811865465735, 0.7071067811865485719, 2.296260220825023539E-13 ) ) ;
#1479 = CYLINDRICAL_SURFACE ( 'NONE', #3159, 1.750000000000001554 ) ;
#1480 = CARTESIAN_POINT ( 'NONE',  ( 10.74585705722506113, 119.3338714895134274, 33.50982518345433903 ) ) ;
#1481 = FACE_OUTER_BOUND ( 'NONE', #2299, .T. ) ;
#1482 = LINE ( 'NONE', #479, #286 ) ;
#1483 = ADVANCED_FACE ( 'NONE', ( #806 ), #1969, .T. ) ;
#1484 = ORIENTED_EDGE ( 'NONE', *, *, #2941, .T. ) ;
#1485 = ORIENTED_EDGE ( 'NONE', *, *, #1930, .F. ) ;
#1486 = AXIS2_PLACEMENT_3D ( 'NONE', #2874, #1304, #545 ) ;
#1487 = DIRECTION ( 'NONE',  ( 0.000000000000000000, 1.000000000000000000, 0.000000000000000000 ) ) ;
#1488 = DIRECTION ( 'NONE',  ( -0.002632913989968058664, 0.9999965338759536637, 3.491469236935707336E-15 ) ) ;
#1489 = EDGE_CURVE ( 'NONE', #2047, #3049, #2261, .T. ) ;
#1490 = CIRCLE ( 'NONE', #2298, 0.9249999999999952704 ) ;
#1491 = ORIENTED_EDGE ( 'NONE', *, *, #2398, .F. ) ;
#1492 = CARTESIAN_POINT ( 'NONE',  ( 40.49999999999999289, 115.5000000000011795, 3.999999999999994671 ) ) ;
#1493 = DIRECTION ( 'NONE',  ( 0.000000000000000000, 0.000000000000000000, -1.000000000000000000 ) ) ;
#1494 = EDGE_LOOP ( 'NONE', ( #2154, #3089, #2648, #2483, #20, #2473, #2636, #535, #267, #1945, #2377, #3187 ) ) ;
#1495 = CARTESIAN_POINT ( 'NONE',  ( 10.74585705722506113, 119.2848774450698102, 77.50585788449893698 ) ) ;
#1496 = CARTESIAN_POINT ( 'NONE',  ( 14.00000000000000178, 118.0643753028865603, 59.50585788449852487 ) ) ;
#1497 = CARTESIAN_POINT ( 'NONE',  ( 10.74585705722506113, 121.0838714895134274, 33.50982518345434613 ) ) ;
#1498 = ORIENTED_EDGE ( 'NONE', *, *, #1919, .F. ) ;
#1499 = ORIENTED_EDGE ( 'NONE', *, *, #1529, .T. ) ;
#1500 = EDGE_CURVE ( 'NONE', #764, #1014, #1051, .T. ) ;
#1501 = CARTESIAN_POINT ( 'NONE',  ( 10.09178328462714269, 118.6308036724784643, 59.50585788449870250 ) ) ;
#1502 = CARTESIAN_POINT ( 'NONE',  ( 9.508420190148241247, 118.0474405779995664, 59.50585788449851066 ) ) ;
#1503 = ORIENTED_EDGE ( 'NONE', *, *, #2463, .F. ) ;
#1504 = EDGE_CURVE ( 'NONE', #2355, #769, #228, .T. ) ;
#1505 = PLANE ( 'NONE',  #2713 ) ;
#1506 = CARTESIAN_POINT ( 'NONE',  ( 40.49999999999999289, 121.0000000000011937, 3.999999999999994671 ) ) ;
#1507 = ORIENTED_EDGE ( 'NONE', *, *, #659, .T. ) ;
#1508 = DIRECTION ( 'NONE',  ( 0.000000000000000000, -3.491481338843133355E-15, 1.000000000000000000 ) ) ;
#1509 = CARTESIAN_POINT ( 'NONE',  ( 12.00000000000000178, 118.1133693473245216, 18.50982518345434258 ) ) ;
#1510 = DIRECTION ( 'NONE',  ( 0.000000000000000000, -3.491481338843133355E-15, 1.000000000000000000 ) ) ;
#1511 = LINE ( 'NONE', #2698, #1911 ) ;
#1512 = ORIENTED_EDGE ( 'NONE', *, *, #707, .F. ) ;
#1513 = VERTEX_POINT ( 'NONE', #1 ) ;
#1514 = CARTESIAN_POINT ( 'NONE',  ( 10.74585705722506113, 119.2848774450698102, 77.50585788449893698 ) ) ;
#1515 = LINE ( 'NONE', #1501, #2970 ) ;
#1516 = ORIENTED_EDGE ( 'NONE', *, *, #3192, .T. ) ;
#1517 = CIRCLE ( 'NONE', #2915, 2.000000000000001776 ) ;
#1518 = CARTESIAN_POINT ( 'NONE',  ( 12.32699588730925022, 120.0838714895134842, 15.50982518345434258 ) ) ;
#1519 = VECTOR ( 'NONE', #925, 1000.000000000000000 ) ;
#1520 = AXIS2_PLACEMENT_3D ( 'NONE', #1704, #2227, #1197 ) ;
#1521 = ORIENTED_EDGE ( 'NONE', *, *, #443, .T. ) ;
#1522 = CIRCLE ( 'NONE', #3200, 0.9249999999999952704 ) ;
#1523 = DIRECTION ( 'NONE',  ( -0.000000000000000000, 3.491481338843133355E-15, -1.000000000000000000 ) ) ;
#1524 = VECTOR ( 'NONE', #1885, 1000.000000000000000 ) ;
#1525 = DIRECTION ( 'NONE',  ( -0.000000000000000000, 1.000000000000000000, -0.000000000000000000 ) ) ;
#1526 = CIRCLE ( 'NONE', #2073, 1.750000000000001554 ) ;
#1527 = DIRECTION ( 'NONE',  ( -0.000000000000000000, 1.000000000000000000, -0.000000000000000000 ) ) ;
#1528 = AXIS2_PLACEMENT_3D ( 'NONE', #1822, #2606, #2099 ) ;
#1529 = EDGE_CURVE ( 'NONE', #3306, #863, #2141, .T. ) ;
#1530 = FACE_OUTER_BOUND ( 'NONE', #1035, .T. ) ;
#1531 = CARTESIAN_POINT ( 'NONE',  ( 27.49999999999999645, 118.0000000000011937, 90.00000000000001421 ) ) ;
#1532 = VECTOR ( 'NONE', #1455, 1000.000000000000000 ) ;
#1533 = ORIENTED_EDGE ( 'NONE', *, *, #2791, .T. ) ;
#1534 = ORIENTED_EDGE ( 'NONE', *, *, #2877, .T. ) ;
#1535 = CARTESIAN_POINT ( 'NONE',  ( 44.75000000000000000, 121.0000000000011937, 46.50000000000000000 ) ) ;
#1536 = DIRECTION ( 'NONE',  ( -0.000000000000000000, 3.247402347028582376E-13, -1.000000000000000000 ) ) ;
#1537 = ORIENTED_EDGE ( 'NONE', *, *, #2435, .T. ) ;
#1538 = ORIENTED_EDGE ( 'NONE', *, *, #1339, .F. ) ;
#1539 = CARTESIAN_POINT ( 'NONE',  ( 53.00000000000000711, 121.0000000000011937, 11.00000000000000178 ) ) ;
#1540 = FACE_BOUND ( 'NONE', #269, .T. ) ;
#1541 = ORIENTED_EDGE ( 'NONE', *, *, #2286, .T. ) ;
#1542 = EDGE_CURVE ( 'NONE', #2959, #1475, #290, .T. ) ;
#1543 = LINE ( 'NONE', #2642, #609 ) ;
#1544 = CARTESIAN_POINT ( 'NONE',  ( 12.00000000000000178, 118.5838714895134274, 30.50982518345434258 ) ) ;
#1545 = CARTESIAN_POINT ( 'NONE',  ( 53.00000000000000711, 120.0000000000011937, 8.000000000000000000 ) ) ;
#1546 = FACE_BOUND ( 'NONE', #438, .T. ) ;
#1547 = DIRECTION ( 'NONE',  ( 0.000000000000000000, -1.000000000000000000, -3.965082230804126670E-15 ) ) ;
#1548 = ADVANCED_FACE ( 'NONE', ( #2433 ), #1925, .F. ) ;
#1549 = EDGE_CURVE ( 'NONE', #814, #2484, #1778, .T. ) ;
#1550 = ORIENTED_EDGE ( 'NONE', *, *, #3164, .T. ) ;
#1551 = ORIENTED_EDGE ( 'NONE', *, *, #2737, .F. ) ;
#1552 = UNCERTAINTY_MEASURE_WITH_UNIT (LENGTH_MEASURE( 1.000000000000000082E-05 ), #1299, 'distance_accuracy_value', 'NONE');
#1553 = ORIENTED_EDGE ( 'NONE', *, *, #2005, .T. ) ;
#1554 = CARTESIAN_POINT ( 'NONE',  ( 12.00000000000000178, 121.0000000000011937, 3.000000000000000000 ) ) ;
#1555 = ORIENTED_EDGE ( 'NONE', *, *, #1898, .F. ) ;
#1556 = CARTESIAN_POINT ( 'NONE',  ( 12.32699588730925022, 120.0838714895134274, 33.50982518345436745 ) ) ;
#1557 = CYLINDRICAL_SURFACE ( 'NONE', #516, 0.9249999999999952704 ) ;
#1558 = DIRECTION ( 'NONE',  ( 0.000000000000000000, -3.491481338843133355E-15, 1.000000000000000000 ) ) ;
#1559 = CARTESIAN_POINT ( 'NONE',  ( 29.49999999999999645, 115.5000000000011795, 3.999999999999996447 ) ) ;
#1560 = LINE ( 'NONE', #274, #237 ) ;
#1561 = ORIENTED_EDGE ( 'NONE', *, *, #523, .T. ) ;
#1562 = ORIENTED_EDGE ( 'NONE', *, *, #216, .T. ) ;
#1563 = DIRECTION ( 'NONE',  ( 0.000000000000000000, -3.491481338843133355E-15, 1.000000000000000000 ) ) ;
#1564 = CARTESIAN_POINT ( 'NONE',  ( 12.00000000000000178, 121.0000000000010942, 30.50982518345434968 ) ) ;
#1565 = ORIENTED_EDGE ( 'NONE', *, *, #1252, .F. ) ;
#1566 = CARTESIAN_POINT ( 'NONE',  ( 29.49999999999999645, 118.0000000000011937, 3.999999999999996447 ) ) ;
#1567 = ORIENTED_EDGE ( 'NONE', *, *, #2029, .T. ) ;
#1568 = EDGE_CURVE ( 'NONE', #1232, #1400, #1342, .T. ) ;
#1569 = LINE ( 'NONE', #791, #1154 ) ;
#1570 = DIRECTION ( 'NONE',  ( 1.000000000000000000, 0.000000000000000000, 0.000000000000000000 ) ) ;
#1571 = FILL_AREA_STYLE ('',( #1863 ) ) ;
#1572 = DIRECTION ( 'NONE',  ( 0.000000000000000000, -1.000000000000000000, -3.225647976951485001E-13 ) ) ;
#1573 = VECTOR ( 'NONE', #1792, 1000.000000000000114 ) ;
#1574 = VECTOR ( 'NONE', #203, 1000.000000000000000 ) ;
#1575 = FACE_OUTER_BOUND ( 'NONE', #1194, .T. ) ;
#1576 = AXIS2_PLACEMENT_3D ( 'NONE', #2281, #3119, #2051 ) ;
#1577 = ORIENTED_EDGE ( 'NONE', *, *, #2599, .F. ) ;
#1578 = ORIENTED_EDGE ( 'NONE', *, *, #340, .F. ) ;
#1579 = CIRCLE ( 'NONE', #392, 1.750000000000001554 ) ;
#1580 = EDGE_CURVE ( 'NONE', #250, #2422, #2893, .T. ) ;
#1581 = CARTESIAN_POINT ( 'NONE',  ( 42.49999999999999289, 121.0000000000011937, 3.999999999999980904 ) ) ;
#1582 = VERTEX_POINT ( 'NONE', #1901 ) ;
#1583 = EDGE_CURVE ( 'NONE', #2857, #2610, #2939, .T. ) ;
#1584 = DIRECTION ( 'NONE',  ( 0.000000000000000000, -1.000000000000000000, -3.750753461571493582E-15 ) ) ;
#1585 = EDGE_CURVE ( 'NONE', #2640, #3332, #725, .T. ) ;
#1586 = EDGE_LOOP ( 'NONE', ( #1610, #978, #178, #906 ) ) ;
#1587 = CARTESIAN_POINT ( 'NONE',  ( 10.74585705722506113, 119.2848774450698102, 77.50585788449893698 ) ) ;
#1588 = SURFACE_STYLE_USAGE ( .BOTH. , #336 ) ;
#1589 = LINE ( 'NONE', #793, #1754 ) ;
#1590 = VECTOR ( 'NONE', #1525, 1000.000000000000000 ) ;
#1591 = DIRECTION ( 'NONE',  ( 1.000000000000000000, 0.000000000000000000, 0.000000000000000000 ) ) ;
#1592 = LINE ( 'NONE', #1096, #1060 ) ;
#1593 = ORIENTED_EDGE ( 'NONE', *, *, #671, .F. ) ;
#1594 = EDGE_LOOP ( 'NONE', ( #1972, #967, #960, #817 ) ) ;
#1595 = CYLINDRICAL_SURFACE ( 'NONE', #2974, 2.000000000000001776 ) ;
#1596 = ORIENTED_EDGE ( 'NONE', *, *, #676, .T. ) ;
#1598 = EDGE_LOOP ( 'NONE', ( #1672, #2633, #2550, #3319 ) ) ;
#1597 = ADVANCED_FACE ( 'NONE', ( #2021 ), #2239, .T. ) ;
#1599 = DIRECTION ( 'NONE',  ( 1.000000000000000000, 0.000000000000000000, 0.000000000000000000 ) ) ;
#1600 = VERTEX_POINT ( 'NONE', #71 ) ;
#1601 = EDGE_CURVE ( 'NONE', #1886, #919, #1916, .T. ) ;
#1602 = CARTESIAN_POINT ( 'NONE',  ( 11.99605061532599315, 120.0838714895134274, 30.50982518345437100 ) ) ;
#1603 = PRESENTATION_STYLE_ASSIGNMENT (( #576 ) ) ;
#1604 = CYLINDRICAL_SURFACE ( 'NONE', #899, 0.9249999999999952704 ) ;
#1605 = ORIENTED_EDGE ( 'NONE', *, *, #170, .T. ) ;
#1606 = ORIENTED_EDGE ( 'NONE', *, *, #1262, .F. ) ;
#1607 = EDGE_CURVE ( 'NONE', #311, #698, #1619, .T. ) ;
#1608 = CARTESIAN_POINT ( 'NONE',  ( 10.74585705722506113, 119.3338714895134274, 33.50982518345433903 ) ) ;
#1609 = CARTESIAN_POINT ( 'NONE',  ( 12.00000000000000178, 121.0000000000011937, 90.00000000000000000 ) ) ;
#1610 = ORIENTED_EDGE ( 'NONE', *, *, #431, .F. ) ;
#1611 = EDGE_LOOP ( 'NONE', ( #1663, #2894 ) ) ;
#1612 = PLANE ( 'NONE',  #726 ) ;
#1613 = ORIENTED_EDGE ( 'NONE', *, *, #1103, .F. ) ;
#1614 = CARTESIAN_POINT ( 'NONE',  ( 10.74585705722506113, 120.2098774450707737, 74.50585788449923541 ) ) ;
#1615 = CARTESIAN_POINT ( 'NONE',  ( 29.50000000000001066, 121.0000000000011937, 87.00000000000000000 ) ) ;
#1616 = AXIS2_PLACEMENT_3D ( 'NONE', #1650, #326, #3222 ) ;
#1617 = CARTESIAN_POINT ( 'NONE',  ( 12.00000000000000178, 118.0643753028808618, 77.50585788449868119 ) ) ;
#1618 = EDGE_CURVE ( 'NONE', #3171, #1851, #379, .T. ) ;
#1619 = CIRCLE ( 'NONE', #3345, 1.750000000000001554 ) ;
#1620 = ORIENTED_EDGE ( 'NONE', *, *, #2402, .F. ) ;
#1621 = AXIS2_PLACEMENT_3D ( 'NONE', #1242, #2028, #3063 ) ;
#1622 = EDGE_CURVE ( 'NONE', #3328, #1988, #2745, .T. ) ;
#1623 = CARTESIAN_POINT ( 'NONE',  ( 12.00000000000000178, 120.5543736317023757, 33.50982518345436745 ) ) ;
#1624 = CIRCLE ( 'NONE', #163, 1.600000000000004086 ) ;
#1625 = CIRCLE ( 'NONE', #2920, 1.750000000000001554 ) ;
#1626 = ORIENTED_EDGE ( 'NONE', *, *, #3118, .F. ) ;
#1627 = EDGE_LOOP ( 'NONE', ( #308, #3260, #2080, #867 ) ) ;
#1628 = CIRCLE ( 'NONE', #3029, 3.000000000000002665 ) ;
#1629 = AXIS2_PLACEMENT_3D ( 'NONE', #1771, #1038, #2003 ) ;
#1630 = LINE ( 'NONE', #2929, #1198 ) ;
#1631 = PLANE ( 'NONE',  #3295 ) ;
#1632 = CARTESIAN_POINT ( 'NONE',  ( 17.00000000000001066, 120.0000000000011937, 84.99999999999998579 ) ) ;
#1633 = VECTOR ( 'NONE', #1461, 1000.000000000000000 ) ;
#1634 = EDGE_LOOP ( 'NONE', ( #3335, #481, #820, #3208 ) ) ;
#1635 = CARTESIAN_POINT ( 'NONE',  ( 52.99999999999998579, 120.0000000000011937, 88.00000000000000000 ) ) ;
#1636 = CARTESIAN_POINT ( 'NONE',  ( 25.25000000000000355, 116.4000000000011994, 46.50000000000000000 ) ) ;
#1637 = EDGE_CURVE ( 'NONE', #1910, #3027, #229, .T. ) ;
#1638 = AXIS2_PLACEMENT_3D ( 'NONE', #2921, #3165, #859 ) ;
#1639 = FACE_OUTER_BOUND ( 'NONE', #541, .T. ) ;
#1640 = CARTESIAN_POINT ( 'NONE',  ( 42.49999999999999289, 118.0000000000011937, 90.00000000000000000 ) ) ;
#1641 = AXIS2_PLACEMENT_3D ( 'NONE', #2217, #1188, #724 ) ;
#1642 = VERTEX_POINT ( 'NONE', #506 ) ;
#1643 = ADVANCED_FACE ( 'NONE', ( #538 ), #585, .F. ) ;
#1644 = CARTESIAN_POINT ( 'NONE',  ( 11.99605061532599315, 120.0348774450746987, 62.50585788449915015 ) ) ;
#1645 = EDGE_CURVE ( 'NONE', #1910, #3328, #1429, .T. ) ;
#1646 = CARTESIAN_POINT ( 'NONE',  ( 17.00000000000000000, 121.0000000000011937, 4.999999999999999112 ) ) ;
#1647 = DIRECTION ( 'NONE',  ( 0.000000000000000000, 0.000000000000000000, -1.000000000000000000 ) ) ;
#1648 = ORIENTED_EDGE ( 'NONE', *, *, #1446, .F. ) ;
#1649 = ORIENTED_EDGE ( 'NONE', *, *, #1084, .F. ) ;
#1650 = CARTESIAN_POINT ( 'NONE',  ( 10.74585705722506113, 119.3338714895134274, 30.50982518345434258 ) ) ;
#1651 = APPLICATION_CONTEXT ( 'automotive_design' ) ;
#1652 = LINE ( 'NONE', #2176, #1146 ) ;
#1653 = CARTESIAN_POINT ( 'NONE',  ( 10.74585705722506113, 119.2848774450756650, 59.50585788449891567 ) ) ;
#1654 = CARTESIAN_POINT ( 'NONE',  ( 10.74585705722506113, 119.2848774450698102, 77.50585788449893698 ) ) ;
#1655 = VERTEX_POINT ( 'NONE', #148 ) ;
#1656 = FACE_OUTER_BOUND ( 'NONE', #2680, .T. ) ;
#1657 = LINE ( 'NONE', #1090, #939 ) ;
#1658 = CARTESIAN_POINT ( 'NONE',  ( 12.00000000000000178, 120.5053795872646276, 59.50585788449930646 ) ) ;
#1659 = CARTESIAN_POINT ( 'NONE',  ( 12.00000000000000178, 120.5543736317024184, 15.50982518345435679 ) ) ;
#1660 = ORIENTED_EDGE ( 'NONE', *, *, #2389, .F. ) ;
#1661 = CARTESIAN_POINT ( 'NONE',  ( 10.09178328462724750, 119.9879452621107276, 30.50982518345434258 ) ) ;
#1662 = ORIENTED_EDGE ( 'NONE', *, *, #2738, .T. ) ;
#1663 = ORIENTED_EDGE ( 'NONE', *, *, #2091, .F. ) ;
#1664 = PLANE ( 'NONE',  #277 ) ;
#1665 = CARTESIAN_POINT ( 'NONE',  ( 29.50000000000001066, 121.0000000000011937, 5.999999999999996447 ) ) ;
#1666 = DIRECTION ( 'NONE',  ( 1.000000000000000000, 0.000000000000000000, 0.000000000000000000 ) ) ;
#1667 = DIRECTION ( 'NONE',  ( -0.000000000000000000, 3.247402347028582376E-13, -1.000000000000000000 ) ) ;
#1668 = ORIENTED_EDGE ( 'NONE', *, *, #3155, .T. ) ;
#1669 = EDGE_CURVE ( 'NONE', #1852, #2640, #79, .T. ) ;
#1670 = CARTESIAN_POINT ( 'NONE',  ( 52.99999999999998579, 115.5000000000011795, 86.59999999999999432 ) ) ;
#1671 = DIRECTION ( 'NONE',  ( -0.000000000000000000, 3.491481338843133355E-15, -1.000000000000000000 ) ) ;
#1672 = ORIENTED_EDGE ( 'NONE', *, *, #3010, .F. ) ;
#1673 = EDGE_CURVE ( 'NONE', #2428, #3306, #93, .T. ) ;
#1674 = DIRECTION ( 'NONE',  ( -0.000000000000000000, 3.247402347028582376E-13, -1.000000000000000000 ) ) ;
#1675 = CARTESIAN_POINT ( 'NONE',  ( 10.74585705722506113, 117.5348774450756650, 59.50585788449834723 ) ) ;
#1676 = VECTOR ( 'NONE', #930, 1000.000000000000000 ) ;
#1677 = DIRECTION ( 'NONE',  ( -1.000000000000000000, -0.000000000000000000, -0.000000000000000000 ) ) ;
#1678 = CARTESIAN_POINT ( 'NONE',  ( 10.74585705722506113, 119.3338714895134274, 33.50982518345433903 ) ) ;
#1679 = VECTOR ( 'NONE', #2776, 1000.000000000000000 ) ;
#1680 = VERTEX_POINT ( 'NONE', #3276 ) ;
#1681 = EDGE_LOOP ( 'NONE', ( #2486, #560, #877, #2764 ) ) ;
#1682 = PRODUCT ( 'TopShelf', 'TopShelf', '', ( #1954 ) ) ;
#1683 = EDGE_CURVE ( 'NONE', #601, #1811, #1256, .T. ) ;
#1684 = PLANE ( 'NONE',  #3299 ) ;
#1685 = AXIS2_PLACEMENT_3D ( 'NONE', #2717, #1121, #1383 ) ;
#1686 = VECTOR ( 'NONE', #2494, 1000.000000000000000 ) ;
#1687 = CARTESIAN_POINT ( 'NONE',  ( 57.99999999999999289, 121.0000000000011937, 3.000000000000000000 ) ) ;
#1688 = CARTESIAN_POINT ( 'NONE',  ( 53.00000000000000711, 120.0000000000011937, 4.999999999999999112 ) ) ;
#1689 = DIRECTION ( 'NONE',  ( 0.000000000000000000, 1.000000000000000000, 3.247402347028582376E-13 ) ) ;
#1690 = ORIENTED_EDGE ( 'NONE', *, *, #2917, .F. ) ;
#1691 = CARTESIAN_POINT ( 'NONE',  ( 10.74585705722506113, 118.4088714895134302, 33.50982518345433903 ) ) ;
#1692 = AXIS2_PLACEMENT_3D ( 'NONE', #2135, #2104, #1841 ) ;
#1693 = ADVANCED_FACE ( 'NONE', ( #2432 ), #2206, .T. ) ;
#1694 = ADVANCED_FACE ( 'NONE', ( #1935 ), #2476, .T. ) ;
#1695 = EDGE_LOOP ( 'NONE', ( #2211, #2592, #570, #2196 ) ) ;
#1696 = DIRECTION ( 'NONE',  ( 0.000000000000000000, -3.491481338843133355E-15, 1.000000000000000000 ) ) ;
#1697 = CARTESIAN_POINT ( 'NONE',  ( 52.99999999999998579, 120.0000000000011937, 83.39999999999999147 ) ) ;
#1698 = VECTOR ( 'NONE', #518, 1000.000000000000000 ) ;
#1699 = VERTEX_POINT ( 'NONE', #2701 ) ;
#1700 = LINE ( 'NONE', #411, #331 ) ;
#1701 = EDGE_LOOP ( 'NONE', ( #324, #296, #1388, #2396 ) ) ;
#1702 = ORIENTED_EDGE ( 'NONE', *, *, #192, .T. ) ;
#1703 = DIRECTION ( 'NONE',  ( 0.000000000000000000, 0.000000000000000000, -1.000000000000000000 ) ) ;
#1704 = CARTESIAN_POINT ( 'NONE',  ( 10.74585705722506113, 119.3338714895134842, 15.50982518345434258 ) ) ;
#1705 = LINE ( 'NONE', #2731, #2990 ) ;
#1706 = CARTESIAN_POINT ( 'NONE',  ( 10.74585705722506113, 119.2848774450756650, 59.50585788449891567 ) ) ;
#1707 = ORIENTED_EDGE ( 'NONE', *, *, #1683, .F. ) ;
#1708 = ADVANCED_FACE ( 'NONE', ( #1952 ), #122, .F. ) ;
#1709 = DIRECTION ( 'NONE',  ( 0.000000000000000000, -1.000000000000000000, 0.000000000000000000 ) ) ;
#1710 = LINE ( 'NONE', #2001, #3088 ) ;
#1711 = ORIENTED_EDGE ( 'NONE', *, *, #12, .T. ) ;
#1712 = LINE ( 'NONE', #2238, #3264 ) ;
#1713 = ORIENTED_EDGE ( 'NONE', *, *, #2043, .F. ) ;
#1714 = FACE_OUTER_BOUND ( 'NONE', #2569, .T. ) ;
#1715 = EDGE_LOOP ( 'NONE', ( #2830, #2247, #291, #1855 ) ) ;
#1716 = ADVANCED_FACE ( 'NONE', ( #862 ), #1147, .F. ) ;
#1717 = ORIENTED_EDGE ( 'NONE', *, *, #1919, .T. ) ;
#1718 = LINE ( 'NONE', #966, #2498 ) ;
#1719 = ORIENTED_EDGE ( 'NONE', *, *, #1195, .F. ) ;
#1720 = CARTESIAN_POINT ( 'NONE',  ( 12.00000000000000178, 120.0838714895134700, 18.50982518345434968 ) ) ;
#1721 = ORIENTED_EDGE ( 'NONE', *, *, #2982, .F. ) ;
#1722 = ADVANCED_FACE ( 'NONE', ( #1928 ), #151, .F. ) ;
#1723 = DIRECTION ( 'NONE',  ( -1.000000000000000000, 0.000000000000000000, 0.000000000000000000 ) ) ;
#1724 = CARTESIAN_POINT ( 'NONE',  ( 10.74585705722506113, 119.3338714895134842, 15.50982518345434258 ) ) ;
#1725 = ORIENTED_EDGE ( 'NONE', *, *, #1363, .T. ) ;
#1726 = EDGE_CURVE ( 'NONE', #3342, #1831, #3197, .T. ) ;
#1727 = DIRECTION ( 'NONE',  ( -0.000000000000000000, -1.000000000000000000, -0.000000000000000000 ) ) ;
#1728 = PLANE ( 'NONE',  #1209 ) ;
#1729 = ORIENTED_EDGE ( 'NONE', *, *, #2328, .F. ) ;
#1730 = ORIENTED_EDGE ( 'NONE', *, *, #2187, .F. ) ;
#1731 = CARTESIAN_POINT ( 'NONE',  ( 10.74585705722506113, 119.3338714895134274, 33.50982518345433903 ) ) ;
#1732 = CARTESIAN_POINT ( 'NONE',  ( 11.99605061532599315, 120.0838714895134842, 15.50982518345434258 ) ) ;
#1733 = CARTESIAN_POINT ( 'NONE',  ( 10.09178328462724750, 119.9879452621107703, 18.50982518345434613 ) ) ;
#1734 = CIRCLE ( 'NONE', #2274, 1.999999999999998224 ) ;
#1735 = ORIENTED_EDGE ( 'NONE', *, *, #689, .F. ) ;
#1736 = VECTOR ( 'NONE', #1340, 1000.000000000000000 ) ;
#1737 = AXIS2_PLACEMENT_3D ( 'NONE', #1535, #2276, #699 ) ;
#1738 = LINE ( 'NONE', #2197, #2611 ) ;
#1739 = AXIS2_PLACEMENT_3D ( 'NONE', #1298, #1076, #809 ) ;
#1740 = AXIS2_PLACEMENT_3D ( 'NONE', #1080, #1095, #844 ) ;
#1741 = ORIENTED_EDGE ( 'NONE', *, *, #2501, .F. ) ;
#1742 = VECTOR ( 'NONE', #509, 1000.000000000000000 ) ;
#1743 = AXIS2_PLACEMENT_3D ( 'NONE', #1078, #2643, #2372 ) ;
#1744 = MANIFOLD_SOLID_BREP ( 'Body-Move/Copy4[3]', #981 ) ;
#1745 = DIRECTION ( 'NONE',  ( -0.7071067811865485719, -0.7071067811865465735, -2.296260220825017480E-13 ) ) ;
#1746 = DIRECTION ( 'NONE',  ( -0.000000000000000000, 3.491481338843133355E-15, -1.000000000000000000 ) ) ;
#1747 = EDGE_CURVE ( 'NONE', #1807, #1600, #1091, .T. ) ;
#1748 = LINE ( 'NONE', #1212, #3195 ) ;
#1749 = LINE ( 'NONE', #199, #1966 ) ;
#1750 = VERTEX_POINT ( 'NONE', #3178 ) ;
#1751 = ORIENTED_EDGE ( 'NONE', *, *, #813, .F. ) ;
#1752 = AXIS2_PLACEMENT_3D ( 'NONE', #338, #3230, #2151 ) ;
#1753 = CARTESIAN_POINT ( 'NONE',  ( 12.00000000000000178, 121.0000000000011937, 90.00000000000000000 ) ) ;
#1754 = VECTOR ( 'NONE', #2072, 1000.000000000000000 ) ;
#1755 = EDGE_LOOP ( 'NONE', ( #2846, #159, #2325, #1129 ) ) ;
#1756 = LINE ( 'NONE', #958, #888 ) ;
#1757 = EDGE_LOOP ( 'NONE', ( #2985, #737, #1942, #1144 ) ) ;
#1758 = FACE_OUTER_BOUND ( 'NONE', #2124, .T. ) ;
#1759 = DIRECTION ( 'NONE',  ( 0.000000000000000000, 0.000000000000000000, -1.000000000000000000 ) ) ;
#1760 = CARTESIAN_POINT ( 'NONE',  ( 17.00000000000001066, 120.0000000000011937, 83.39999999999997726 ) ) ;
#1761 = DIRECTION ( 'NONE',  ( -0.000000000000000000, 3.491481338843133355E-15, -1.000000000000000000 ) ) ;
#1762 = MANIFOLD_SOLID_BREP ( 'Body-Move/Copy3[2]', #373 ) ;
#1763 = ORIENTED_EDGE ( 'NONE', *, *, #1366, .T. ) ;
#1764 = ORIENTED_EDGE ( 'NONE', *, *, #2286, .F. ) ;
#1765 = DIRECTION ( 'NONE',  ( -0.000000000000000000, 3.491481338843133355E-15, -1.000000000000000000 ) ) ;
#1766 = ORIENTED_EDGE ( 'NONE', *, *, #652, .T. ) ;
#1767 = VERTEX_POINT ( 'NONE', #99 ) ;
#1768 = PLANE ( 'NONE',  #333 ) ;
#1769 = ORIENTED_EDGE ( 'NONE', *, *, #1022, .T. ) ;
#1770 = EDGE_CURVE ( 'NONE', #1456, #732, #608, .T. ) ;
#1771 = CARTESIAN_POINT ( 'NONE',  ( 10.74585705722506113, 119.2848774450707765, 74.50585788449892277 ) ) ;
#1772 = CARTESIAN_POINT ( 'NONE',  ( 10.74585705722506113, 119.2848774450746987, 62.50585788449891567 ) ) ;
#1773 = DIRECTION ( 'NONE',  ( 0.000000000000000000, -3.491481338843133355E-15, 1.000000000000000000 ) ) ;
#1774 = ADVANCED_FACE ( 'NONE', ( #1802 ), #3099, .T. ) ;
#1775 = CARTESIAN_POINT ( 'NONE',  ( 10.74585705722506113, 119.2848774450746987, 62.50585788449891567 ) ) ;
#1776 = CARTESIAN_POINT ( 'NONE',  ( 42.49999999999999289, 115.5000000000011795, 3.999999999999980904 ) ) ;
#1777 = CARTESIAN_POINT ( 'NONE',  ( 12.00000000000000178, 118.0643753028807197, 77.50585788449853908 ) ) ;
#1778 = LINE ( 'NONE', #696, #2221 ) ;
#1779 = EDGE_LOOP ( 'NONE', ( #201, #1221 ) ) ;
#1780 = ORIENTED_EDGE ( 'NONE', *, *, #1125, .F. ) ;
#1781 = CARTESIAN_POINT ( 'NONE',  ( 57.99999999999999289, 121.0000000000011937, 90.00000000000000000 ) ) ;
#1783 = ORIENTED_EDGE ( 'NONE', *, *, #490, .F. ) ;
#1782 = ADVANCED_FACE ( 'NONE', ( #2309 ), #3126, .F. ) ;
#1784 = AXIS2_PLACEMENT_3D ( 'NONE', #1888, #2983, #680 ) ;
#1785 = FACE_BOUND ( 'NONE', #1072, .T. ) ;
#1786 = VECTOR ( 'NONE', #1444, 1000.000000000000000 ) ;
#1787 = AXIS2_PLACEMENT_3D ( 'NONE', #2456, #641, #116 ) ;
#1788 = ORIENTED_EDGE ( 'NONE', *, *, #1820, .F. ) ;
#1789 = EDGE_CURVE ( 'NONE', #2563, #1927, #2375, .T. ) ;
#1790 = ADVANCED_FACE ( 'NONE', ( #3267 ), #2478, .F. ) ;
#1791 = CIRCLE ( 'NONE', #2503, 0.9249999999999952704 ) ;
#1792 = DIRECTION ( 'NONE',  ( -0.002632913989968059098, 0.9999965338759536637, 3.491469236935707336E-15 ) ) ;
#1793 = VECTOR ( 'NONE', #260, 1000.000000000000000 ) ;
#1794 = CARTESIAN_POINT ( 'NONE',  ( 25.25000000000000355, 118.0000000000011937, 46.50000000000000000 ) ) ;
#1795 = DIRECTION ( 'NONE',  ( 0.000000000000000000, -1.000000000000000000, -3.491481338843133750E-15 ) ) ;
#1796 = AXIS2_PLACEMENT_3D ( 'NONE', #853, #882, #2472 ) ;
#1797 = DIRECTION ( 'NONE',  ( -0.000000000000000000, 1.000000000000000000, -0.000000000000000000 ) ) ;
#1798 = VECTOR ( 'NONE', #143, 1000.000000000000000 ) ;
#1799 = PLANE ( 'NONE',  #1414 ) ;
#1800 = CARTESIAN_POINT ( 'NONE',  ( 10.09178328462724750, 119.9879452621107703, 15.50982518345434258 ) ) ;
#1801 = CIRCLE ( 'NONE', #2069, 0.9249999999999952704 ) ;
#1802 = FACE_OUTER_BOUND ( 'NONE', #220, .T. ) ;
#1803 = ORIENTED_EDGE ( 'NONE', *, *, #244, .F. ) ;
#1804 = ORIENTED_EDGE ( 'NONE', *, *, #2541, .F. ) ;
#1805 = CARTESIAN_POINT ( 'NONE',  ( 10.74585705722506113, 121.0348774450707907, 74.50585788449949121 ) ) ;
#1806 = DIRECTION ( 'NONE',  ( -0.000000000000000000, 3.491481338843133355E-15, -1.000000000000000000 ) ) ;
#1807 = VERTEX_POINT ( 'NONE', #2322 ) ;
#1808 = VERTEX_POINT ( 'NONE', #213 ) ;
#1809 = CIRCLE ( 'NONE', #2084, 1.600000000000001643 ) ;
#1810 = FACE_OUTER_BOUND ( 'NONE', #3046, .T. ) ;
#1811 = VERTEX_POINT ( 'NONE', #1814 ) ;
#1812 = LINE ( 'NONE', #821, #664 ) ;
#1813 = DIRECTION ( 'NONE',  ( 0.000000000000000000, -3.247402347028582376E-13, 1.000000000000000000 ) ) ;
#1814 = CARTESIAN_POINT ( 'NONE',  ( 42.49999999999999289, 115.5000000000011795, 3.999999999999980904 ) ) ;
#1815 = LINE ( 'NONE', #2852, #2011 ) ;
#1816 = DIRECTION ( 'NONE',  ( 0.000000000000000000, -1.000000000000000000, -3.247402347028582376E-13 ) ) ;
#1817 = CARTESIAN_POINT ( 'NONE',  ( 27.49999999999999645, 118.0000000000011937, 3.999999999999981792 ) ) ;
#1818 = ORIENTED_EDGE ( 'NONE', *, *, #896, .F. ) ;
#1819 = EDGE_LOOP ( 'NONE', ( #1917, #2128, #2999, #2081 ) ) ;
#1820 = EDGE_CURVE ( 'NONE', #3235, #1513, #2981, .T. ) ;
#1821 = ORIENTED_EDGE ( 'NONE', *, *, #235, .T. ) ;
#1822 = CARTESIAN_POINT ( 'NONE',  ( 10.74585705722506113, 119.3338714895134842, 15.50982518345434258 ) ) ;
#1823 = FACE_OUTER_BOUND ( 'NONE', #2031, .T. ) ;
#1824 = EDGE_LOOP ( 'NONE', ( #17, #3212, #318, #60, #3076, #1263, #459, #3193, #2793, #2790, #2224, #2774 ) ) ;
#1825 = DIRECTION ( 'NONE',  ( 0.000000000000000000, -1.000000000000000000, -3.491481338843133355E-15 ) ) ;
#1826 = CARTESIAN_POINT ( 'NONE',  ( 10.09178328462724750, 119.9879452621107276, 30.50982518345434258 ) ) ;
#1827 = CARTESIAN_POINT ( 'NONE',  ( 53.00000000000000711, 120.0000000000011937, 9.599999999999997868 ) ) ;
#1828 = CARTESIAN_POINT ( 'NONE',  ( 14.00000000000000178, 118.0643753028807197, 77.50585788449853908 ) ) ;
#1829 = EDGE_CURVE ( 'NONE', #468, #3028, #463, .T. ) ;
#1830 = CARTESIAN_POINT ( 'NONE',  ( 10.09178328462714269, 118.6797977169162976, 15.50982518345434258 ) ) ;
#1831 = VERTEX_POINT ( 'NONE', #208 ) ;
#1832 = ORIENTED_EDGE ( 'NONE', *, *, #1930, .T. ) ;
#1833 = EDGE_CURVE ( 'NONE', #246, #369, #157, .T. ) ;
#1834 =( NAMED_UNIT ( * ) PLANE_ANGLE_UNIT ( ) SI_UNIT ( $, .RADIAN. ) );
#1835 = ORIENTED_EDGE ( 'NONE', *, *, #3047, .T. ) ;
#1836 = LINE ( 'NONE', #1858, #3144 ) ;
#1837 = DIRECTION ( 'NONE',  ( 0.000000000000000000, 0.000000000000000000, 1.000000000000000000 ) ) ;
#1838 = ORIENTED_EDGE ( 'NONE', *, *, #1321, .F. ) ;
#1839 = AXIS2_PLACEMENT_3D ( 'NONE', #2801, #2566, #495 ) ;
#1840 = DIRECTION ( 'NONE',  ( 0.000000000000000000, 1.000000000000000000, 0.000000000000000000 ) ) ;
#1841 = DIRECTION ( 'NONE',  ( 0.000000000000000000, 0.000000000000000000, 1.000000000000000000 ) ) ;
#1842 = CARTESIAN_POINT ( 'NONE',  ( 10.74585705722506113, 118.4088714895134302, 33.50982518345433903 ) ) ;
#1843 = CIRCLE ( 'NONE', #1737, 2.000000000000001776 ) ;
#1844 = AXIS2_PLACEMENT_3D ( 'NONE', #2593, #1523, #1840 ) ;
#1845 = AXIS2_PLACEMENT_3D ( 'NONE', #3209, #2419, #360 ) ;
#1846 = DIRECTION ( 'NONE',  ( 0.000000000000000000, -3.247402347028582376E-13, 1.000000000000000000 ) ) ;
#1847 = ADVANCED_FACE ( 'NONE', ( #194 ), #3308, .T. ) ;
#1848 = CARTESIAN_POINT ( 'NONE',  ( 27.49999999999999645, 121.0000000000011937, 90.00000000000001421 ) ) ;
#1849 = CIRCLE ( 'NONE', #613, 1.750000000000001554 ) ;
#1850 = VECTOR ( 'NONE', #1071, 1000.000000000000000 ) ;
#1851 = VERTEX_POINT ( 'NONE', #887 ) ;
#1852 = VERTEX_POINT ( 'NONE', #1687 ) ;
#1853 = CIRCLE ( 'NONE', #2395, 3.000000000000000888 ) ;
#1854 = CARTESIAN_POINT ( 'NONE',  ( 12.00000000000000178, 115.5000000000011795, 90.00000000000000000 ) ) ;
#1855 = ORIENTED_EDGE ( 'NONE', *, *, #129, .F. ) ;
#1856 = EDGE_CURVE ( 'NONE', #1266, #1215, #1983, .T. ) ;
#1857 = ORIENTED_EDGE ( 'NONE', *, *, #3133, .T. ) ;
#1858 = CARTESIAN_POINT ( 'NONE',  ( 12.00000000000000178, 120.5053795872646134, 59.50585788449931357 ) ) ;
#1859 = FACE_OUTER_BOUND ( 'NONE', #2626, .T. ) ;
#1860 = ORIENTED_EDGE ( 'NONE', *, *, #2167, .T. ) ;
#1861 = VECTOR ( 'NONE', #1883, 1000.000000000000000 ) ;
#1862 = PLANE ( 'NONE',  #3298 ) ;
#1863 = FILL_AREA_STYLE_COLOUR ( '', #496 ) ;
#1864 = DIRECTION ( 'NONE',  ( 0.000000000000000000, -1.000000000000000000, -3.750753461571493582E-15 ) ) ;
#1865 = ADVANCED_FACE ( 'NONE', ( #112 ), #236, .T. ) ;
#1866 = AXIS2_PLACEMENT_3D ( 'NONE', #162, #961, #1991 ) ;
#1867 = CARTESIAN_POINT ( 'NONE',  ( 10.74585705722506113, 119.3338714895134274, 30.50982518345434258 ) ) ;
#1868 = DIRECTION ( 'NONE',  ( 0.000000000000000000, -3.491481338843133355E-15, 1.000000000000000000 ) ) ;
#1869 = DIRECTION ( 'NONE',  ( 0.000000000000000000, -3.247402347028582376E-13, 1.000000000000000000 ) ) ;
#1870 = DIRECTION ( 'NONE',  ( -0.000000000000000000, 1.000000000000000000, -0.000000000000000000 ) ) ;
#1871 = ORIENTED_EDGE ( 'NONE', *, *, #1214, .T. ) ;
#1872 = ORIENTED_EDGE ( 'NONE', *, *, #3279, .F. ) ;
#1873 = CARTESIAN_POINT ( 'NONE',  ( 12.00000000000000178, 120.0348774450707907, 74.50585788449917857 ) ) ;
#1874 = ORIENTED_EDGE ( 'NONE', *, *, #65, .F. ) ;
#1875 = ORIENTED_EDGE ( 'NONE', *, *, #1747, .F. ) ;
#1876 = DIRECTION ( 'NONE',  ( 0.000000000000000000, -3.491481338843133355E-15, 1.000000000000000000 ) ) ;
#1877 = CYLINDRICAL_SURFACE ( 'NONE', #2175, 0.9249999999999952704 ) ;
#1878 = ORIENTED_EDGE ( 'NONE', *, *, #2734, .F. ) ;
#1879 = ADVANCED_FACE ( 'NONE', ( #3097, #1546 ), #3024, .T. ) ;
#1880 = DIRECTION ( 'NONE',  ( 0.7071067811865465735, -0.7071067811865485719, -2.296260220825023539E-13 ) ) ;
#1881 = CARTESIAN_POINT ( 'NONE',  ( 12.00000000000000178, 121.0000000000011937, 3.000000000000000000 ) ) ;
#1882 = EDGE_CURVE ( 'NONE', #3004, #2484, #2203, .T. ) ;
#1883 = DIRECTION ( 'NONE',  ( 0.000000000000000000, -3.247402347028582376E-13, 1.000000000000000000 ) ) ;
#1884 = ORIENTED_EDGE ( 'NONE', *, *, #2791, .F. ) ;
#1885 = DIRECTION ( 'NONE',  ( -0.000000000000000000, 1.000000000000000000, -0.000000000000000000 ) ) ;
#1886 = VERTEX_POINT ( 'NONE', #1943 ) ;
#1887 = EDGE_LOOP ( 'NONE', ( #1450, #2888, #1620, #467, #2998, #1057, #1086, #2783, #2301, #1538, #45, #1555 ) ) ;
#1888 = CARTESIAN_POINT ( 'NONE',  ( 10.74585705722506113, 119.2848774450746987, 62.50585788449891567 ) ) ;
#1889 = FACE_OUTER_BOUND ( 'NONE', #1346, .T. ) ;
#1890 = CARTESIAN_POINT ( 'NONE',  ( 29.50000000000001066, 118.0000000000011937, 5.999999999999996447 ) ) ;
#1891 = CARTESIAN_POINT ( 'NONE',  ( 10.74585705722506113, 119.3338714895134700, 18.50982518345434613 ) ) ;
#1892 = EDGE_CURVE ( 'NONE', #2198, #76, #1290, .T. ) ;
#1893 = EDGE_LOOP ( 'NONE', ( #2758, #2600, #1662, #2448 ) ) ;
#1894 = DIRECTION ( 'NONE',  ( 0.7071067811865485719, 0.7071067811865465735, 2.296260220825017480E-13 ) ) ;
#1895 = LINE ( 'NONE', #2180, #2225 ) ;
#1896 = LINE ( 'NONE', #3181, #212 ) ;
#1897 = ADVANCED_FACE ( 'NONE', ( #1656 ), #734, .T. ) ;
#1898 = EDGE_CURVE ( 'NONE', #698, #2695, #2535, .T. ) ;
#1899 = CIRCLE ( 'NONE', #2115, 1.600000000000001643 ) ;
#1900 = FACE_OUTER_BOUND ( 'NONE', #1328, .T. ) ;
#1901 = CARTESIAN_POINT ( 'NONE',  ( 12.00000000000000178, 120.5053795872587585, 77.50585788449932068 ) ) ;
#1902 = VECTOR ( 'NONE', #204, 1000.000000000000114 ) ;
#1903 = VERTEX_POINT ( 'NONE', #1539 ) ;
#1904 = CIRCLE ( 'NONE', #2865, 0.9249999999999952704 ) ;
#1905 = DIRECTION ( 'NONE',  ( 0.000000000000000000, -1.000000000000000000, -3.491481338843133355E-15 ) ) ;
#1906 = AXIS2_PLACEMENT_3D ( 'NONE', #476, #1007, #1283 ) ;
#1907 = VECTOR ( 'NONE', #3079, 1000.000000000000000 ) ;
#1908 = CARTESIAN_POINT ( 'NONE',  ( 57.99999999999999289, 121.0000000000011937, 3.000000000000000000 ) ) ;
#1909 = ORIENTED_EDGE ( 'NONE', *, *, #1856, .T. ) ;
#1910 = VERTEX_POINT ( 'NONE', #525 ) ;
#1911 = VECTOR ( 'NONE', #1416, 1000.000000000000000 ) ;
#1912 = VECTOR ( 'NONE', #282, 1000.000000000000000 ) ;
#1913 = CARTESIAN_POINT ( 'NONE',  ( 12.00000000000000178, 120.5543736317024326, 15.50982518345434613 ) ) ;
#1914 = DIRECTION ( 'NONE',  ( -0.000000000000000000, 3.247402347028582376E-13, -1.000000000000000000 ) ) ;
#1915 = DIRECTION ( 'NONE',  ( -0.000000000000000000, 1.000000000000000000, -0.000000000000000000 ) ) ;
#1916 = LINE ( 'NONE', #2305, #1200 ) ;
#1917 = ORIENTED_EDGE ( 'NONE', *, *, #2765, .F. ) ;
#1918 = DIRECTION ( 'NONE',  ( 1.000000000000000000, 0.000000000000000000, -0.000000000000000000 ) ) ;
#1919 = EDGE_CURVE ( 'NONE', #2068, #1289, #1801, .T. ) ;
#1920 = LINE ( 'NONE', #543, #2337 ) ;
#1921 = DIRECTION ( 'NONE',  ( -0.000000000000000000, 3.247402347028582376E-13, -1.000000000000000000 ) ) ;
#1922 = AXIS2_PLACEMENT_3D ( 'NONE', #514, #2582, #3337 ) ;
#1923 = ORIENTED_EDGE ( 'NONE', *, *, #735, .F. ) ;
#1924 = LINE ( 'NONE', #1661, #2710 ) ;
#1925 = PLANE ( 'NONE',  #230 ) ;
#1926 = EDGE_CURVE ( 'NONE', #825, #923, #884, .T. ) ;
#1927 = VERTEX_POINT ( 'NONE', #2192 ) ;
#1928 = FACE_OUTER_BOUND ( 'NONE', #1177, .T. ) ;
#1929 = LINE ( 'NONE', #2948, #161 ) ;
#1930 = EDGE_CURVE ( 'NONE', #1400, #864, #1359, .T. ) ;
#1931 = DIRECTION ( 'NONE',  ( -0.000000000000000000, 3.491481338843133355E-15, -1.000000000000000000 ) ) ;
#1932 = ORIENTED_EDGE ( 'NONE', *, *, #536, .T. ) ;
#1933 = PLANE ( 'NONE',  #2972 ) ;
#1934 = EDGE_LOOP ( 'NONE', ( #1832, #144, #283, #2980 ) ) ;
#1935 = FACE_OUTER_BOUND ( 'NONE', #524, .T. ) ;
#1936 = DIRECTION ( 'NONE',  ( -0.000000000000000000, 1.000000000000000000, -0.000000000000000000 ) ) ;
#1937 = CARTESIAN_POINT ( 'NONE',  ( 17.00000000000001066, 121.0000000000011937, 84.99999999999998579 ) ) ;
#1938 = EDGE_CURVE ( 'NONE', #482, #2352, #2421, .T. ) ;
#1939 = DIRECTION ( 'NONE',  ( 0.000000000000000000, 0.000000000000000000, -1.000000000000000000 ) ) ;
#1940 = DIRECTION ( 'NONE',  ( -0.000000000000000000, 3.247402347028582376E-13, -1.000000000000000000 ) ) ;
#1941 = FACE_OUTER_BOUND ( 'NONE', #1130, .T. ) ;
#1942 = ORIENTED_EDGE ( 'NONE', *, *, #2049, .F. ) ;
#1943 = CARTESIAN_POINT ( 'NONE',  ( 12.00000000000000178, 120.5543736317024184, 15.50982518345435679 ) ) ;
#1944 = EDGE_CURVE ( 'NONE', #1456, #2142, #280, .T. ) ;
#1945 = ORIENTED_EDGE ( 'NONE', *, *, #776, .F. ) ;
#1946 = EDGE_CURVE ( 'NONE', #2009, #587, #854, .T. ) ;
#1947 = ADVANCED_FACE ( 'NONE', ( #2687 ), #2201, .F. ) ;
#1948 = DIRECTION ( 'NONE',  ( 0.000000000000000000, -3.247402347028582376E-13, 1.000000000000000000 ) ) ;
#1949 = CARTESIAN_POINT ( 'NONE',  ( 10.74585705722506113, 120.2098774450698073, 77.50585788449923541 ) ) ;
#1950 = DIRECTION ( 'NONE',  ( -0.000000000000000000, 1.000000000000000000, -0.000000000000000000 ) ) ;
#1951 = ORIENTED_EDGE ( 'NONE', *, *, #3039, .T. ) ;
#1952 = FACE_OUTER_BOUND ( 'NONE', #1018, .T. ) ;
#1953 = CARTESIAN_POINT ( 'NONE',  ( 10.74585705722506113, 119.3338714895134274, 30.50982518345434258 ) ) ;
#1954 = PRODUCT_CONTEXT ( 'NONE', #756, 'mechanical' ) ;
#1955 = VERTEX_POINT ( 'NONE', #3014 ) ;
#1956 = DIRECTION ( 'NONE',  ( 0.000000000000000000, 0.000000000000000000, 1.000000000000000000 ) ) ;
#1957 = FACE_OUTER_BOUND ( 'NONE', #2590, .T. ) ;
#1958 = DIRECTION ( 'NONE',  ( -0.000000000000000000, 1.000000000000000000, -0.000000000000000000 ) ) ;
#1959 = AXIS2_PLACEMENT_3D ( 'NONE', #1559, #992, #2022 ) ;
#1960 = LINE ( 'NONE', #2926, #1524 ) ;
#1961 = VECTOR ( 'NONE', #89, 1000.000000000000000 ) ;
#1962 = CIRCLE ( 'NONE', #2705, 0.9249999999999952704 ) ;
#1963 = VERTEX_POINT ( 'NONE', #141 ) ;
#1964 = DIRECTION ( 'NONE',  ( -0.000000000000000000, 1.000000000000000000, -0.000000000000000000 ) ) ;
#1965 = AXIS2_PLACEMENT_3D ( 'NONE', #3214, #1420, #2386 ) ;
#1966 = VECTOR ( 'NONE', #1192, 1000.000000000000000 ) ;
#1967 = DIRECTION ( 'NONE',  ( -1.000000000000000000, 0.000000000000000000, 0.000000000000000000 ) ) ;
#1968 = CARTESIAN_POINT ( 'NONE',  ( 17.00000000000000000, 120.0000000000011937, 8.000000000000000000 ) ) ;
#1969 = PLANE ( 'NONE',  #335 ) ;
#1970 = DIRECTION ( 'NONE',  ( -0.000000000000000000, 1.000000000000000000, -0.000000000000000000 ) ) ;
#1971 = AXIS2_PLACEMENT_3D ( 'NONE', #801, #2349, #3170 ) ;
#1972 = ORIENTED_EDGE ( 'NONE', *, *, #2268, .T. ) ;
#1973 = DIRECTION ( 'NONE',  ( -0.000000000000000000, -1.000000000000000000, -0.000000000000000000 ) ) ;
#1974 = AXIS2_PLACEMENT_3D ( 'NONE', #1706, #1985, #2805 ) ;
#1975 = ORIENTED_EDGE ( 'NONE', *, *, #3114, .F. ) ;
#1976 = DIRECTION ( 'NONE',  ( 0.000000000000000000, 0.000000000000000000, 1.000000000000000000 ) ) ;
#1977 = EDGE_CURVE ( 'NONE', #815, #508, #1791, .T. ) ;
#1978 = VECTOR ( 'NONE', #2984, 1000.000000000000000 ) ;
#1979 = ORIENTED_EDGE ( 'NONE', *, *, #2917, .T. ) ;
#1980 = CARTESIAN_POINT ( 'NONE',  ( 12.00000000000000178, 115.5000000000011795, 90.00000000000000000 ) ) ;
#1981 = AXIS2_PLACEMENT_3D ( 'NONE', #922, #3179, #126 ) ;
#1982 = ORIENTED_EDGE ( 'NONE', *, *, #155, .F. ) ;
#1983 = LINE ( 'NONE', #1357, #507 ) ;
#1984 = DIRECTION ( 'NONE',  ( 0.000000000000000000, -1.000000000000000000, -3.750753461571493582E-15 ) ) ;
#1985 = DIRECTION ( 'NONE',  ( 0.000000000000000000, -3.247402347028582376E-13, 1.000000000000000000 ) ) ;
#1986 = EDGE_LOOP ( 'NONE', ( #1241, #857, #2650, #1107 ) ) ;
#1987 = CARTESIAN_POINT ( 'NONE',  ( 17.00000000000001066, 118.0000000000011937, 83.39999999999997726 ) ) ;
#1988 = VERTEX_POINT ( 'NONE', #2711 ) ;
#1989 = EDGE_CURVE ( 'NONE', #1955, #2018, #1140, .T. ) ;
#1990 = EDGE_CURVE ( 'NONE', #3121, #2866, #2366, .T. ) ;
#1991 = DIRECTION ( 'NONE',  ( 0.000000000000000000, -1.000000000000000000, -3.965082230804126670E-15 ) ) ;
#1992 = FACE_BOUND ( 'NONE', #2008, .T. ) ;
#1993 = LINE ( 'NONE', #1225, #2504 ) ;
#1994 = ORIENTED_EDGE ( 'NONE', *, *, #2501, .T. ) ;
#1995 = ORIENTED_EDGE ( 'NONE', *, *, #1339, .T. ) ;
#1996 = CARTESIAN_POINT ( 'NONE',  ( 40.49999999999997868, 115.5000000000011795, 5.999999999999995559 ) ) ;
#1997 = EDGE_LOOP ( 'NONE', ( #1648, #1164, #2742, #2002, #3315, #941, #1804, #1313, #1872, #307, #3032, #1171, #1361, #2369, #66, #1485 ) ) ;
#1998 = CARTESIAN_POINT ( 'NONE',  ( 10.74585705722506113, 120.2588714895134245, 30.50982518345434613 ) ) ;
#1999 = EDGE_CURVE ( 'NONE', #1139, #2009, #1920, .T. ) ;
#2000 = CARTESIAN_POINT ( 'NONE',  ( 14.00000000000000178, 118.1133693473243795, 15.50982518345435679 ) ) ;
#2001 = CARTESIAN_POINT ( 'NONE',  ( 27.49999999999999645, 115.5000000000011795, 2.999999999999996891 ) ) ;
#2002 = ORIENTED_EDGE ( 'NONE', *, *, #2739, .T. ) ;
#2003 = DIRECTION ( 'NONE',  ( 0.000000000000000000, -1.000000000000000000, -3.251367429259384343E-13 ) ) ;
#2004 = CARTESIAN_POINT ( 'NONE',  ( 12.00000000000000178, 121.0000000000011937, 3.000000000000000000 ) ) ;
#2005 = EDGE_CURVE ( 'NONE', #80, #1886, #529, .T. ) ;
#2006 = DIRECTION ( 'NONE',  ( 0.000000000000000000, 1.000000000000000000, 0.000000000000000000 ) ) ;
#2007 = DIRECTION ( 'NONE',  ( 0.000000000000000000, 1.000000000000000000, 0.000000000000000000 ) ) ;
#2008 = EDGE_LOOP ( 'NONE', ( #1626, #2826 ) ) ;
#2009 = VERTEX_POINT ( 'NONE', #1039 ) ;
#2010 = LINE ( 'NONE', #2792, #1574 ) ;
#2011 = VECTOR ( 'NONE', #1797, 1000.000000000000000 ) ;
#2012 = VERTEX_POINT ( 'NONE', #1826 ) ;
#2013 = AXIS2_PLACEMENT_3D ( 'NONE', #2521, #750, #714 ) ;
#2014 = DIRECTION ( 'NONE',  ( 0.7071067811865558994, -0.7071067811865392461, -2.468850131082236156E-15 ) ) ;
#2015 = CARTESIAN_POINT ( 'NONE',  ( 52.99999999999998579, 115.5000000000011795, 84.99999999999998579 ) ) ;
#2016 = VECTOR ( 'NONE', #2883, 1000.000000000000000 ) ;
#2017 = AXIS2_PLACEMENT_3D ( 'NONE', #3252, #947, #2257 ) ;
#2018 = VERTEX_POINT ( 'NONE', #2319 ) ;
#2019 = CIRCLE ( 'NONE', #55, 0.9249999999999952704 ) ;
#2020 = DIRECTION ( 'NONE',  ( 0.000000000000000000, 1.000000000000000000, 0.000000000000000000 ) ) ;
#2021 = FACE_OUTER_BOUND ( 'NONE', #1029, .T. ) ;
#2022 = DIRECTION ( 'NONE',  ( 0.000000000000000000, -0.000000000000000000, -1.000000000000000000 ) ) ;
#2023 = FACE_OUTER_BOUND ( 'NONE', #597, .T. ) ;
#2024 = LINE ( 'NONE', #2788, #3253 ) ;
#2025 = VERTEX_POINT ( 'NONE', #2038 ) ;
#2026 = ORIENTED_EDGE ( 'NONE', *, *, #344, .F. ) ;
#2027 = AXIS2_PLACEMENT_3D ( 'NONE', #1937, #2202, #1176 ) ;
#2028 = DIRECTION ( 'NONE',  ( -0.000000000000000000, 1.000000000000000000, -0.000000000000000000 ) ) ;
#2029 = EDGE_CURVE ( 'NONE', #873, #1028, #3139, .T. ) ;
#2030 = VECTOR ( 'NONE', #1813, 1000.000000000000000 ) ;
#2031 = EDGE_LOOP ( 'NONE', ( #3011, #1995, #2262, #799 ) ) ;
#2032 = PLANE ( 'NONE',  #3302 ) ;
#2033 = DIRECTION ( 'NONE',  ( 0.000000000000000000, 0.000000000000000000, 1.000000000000000000 ) ) ;
#2034 = CARTESIAN_POINT ( 'NONE',  ( 12.00000000000000178, 120.5053795872587585, 77.50585788449933489 ) ) ;
#2035 = ADVANCED_FACE ( 'NONE', ( #2070 ), #758, .F. ) ;
#2036 = EDGE_LOOP ( 'NONE', ( #1550, #2897 ) ) ;
#2037 = CARTESIAN_POINT ( 'NONE',  ( 17.00000000000000000, 120.0000000000011937, 8.000000000000000000 ) ) ;
#2038 = CARTESIAN_POINT ( 'NONE',  ( 42.49999999999999289, 115.5000000000011795, 2.999999999999995115 ) ) ;
#2039 = LINE ( 'NONE', #944, #620 ) ;
#2040 = DIRECTION ( 'NONE',  ( 0.000000000000000000, 1.000000000000000000, 3.491481338843133750E-15 ) ) ;
#2041 = CARTESIAN_POINT ( 'NONE',  ( 0.000000000000000000, 155.8338714895134558, 33.50982518345448113 ) ) ;
#2042 = CARTESIAN_POINT ( 'NONE',  ( 12.00000000000000178, 121.0000000000011937, 90.00000000000000000 ) ) ;
#2043 = EDGE_CURVE ( 'NONE', #1219, #1903, #1812, .T. ) ;
#2044 = ORIENTED_EDGE ( 'NONE', *, *, #216, .F. ) ;
#2045 = EDGE_LOOP ( 'NONE', ( #2397, #472, #302, #2900 ) ) ;
#2046 = LINE ( 'NONE', #1781, #1679 ) ;
#2047 = VERTEX_POINT ( 'NONE', #2628 ) ;
#2048 = ORIENTED_EDGE ( 'NONE', *, *, #2130, .F. ) ;
#2049 = EDGE_CURVE ( 'NONE', #860, #357, #2798, .T. ) ;
#2050 = ADVANCED_FACE ( 'NONE', ( #561 ), #254, .F. ) ;
#2051 = DIRECTION ( 'NONE',  ( 0.000000000000000000, -1.000000000000000000, -3.750753461571493582E-15 ) ) ;
#2052 = DIRECTION ( 'NONE',  ( 0.000000000000000000, 0.000000000000000000, 1.000000000000000000 ) ) ;
#2053 = ORIENTED_EDGE ( 'NONE', *, *, #594, .F. ) ;
#2054 = CYLINDRICAL_SURFACE ( 'NONE', #1739, 1.750000000000001554 ) ;
#2055 = FACE_OUTER_BOUND ( 'NONE', #175, .T. ) ;
#2056 = CARTESIAN_POINT ( 'NONE',  ( 53.00000000000000711, 121.0000000000011937, 8.000000000000000000 ) ) ;
#2057 = CYLINDRICAL_SURFACE ( 'NONE', #1467, 1.750000000000001554 ) ;
#2058 = DIRECTION ( 'NONE',  ( 0.000000000000000000, 0.000000000000000000, 1.000000000000000000 ) ) ;
#2059 = VERTEX_POINT ( 'NONE', #238 ) ;
#2060 = ORIENTED_EDGE ( 'NONE', *, *, #1366, .F. ) ;
#2061 = UNCERTAINTY_MEASURE_WITH_UNIT (LENGTH_MEASURE( 1.000000000000000082E-05 ), #2526, 'distance_accuracy_value', 'NONE');
#2062 = EDGE_CURVE ( 'NONE', #2647, #2827, #2302, .T. ) ;
#2063 = DIRECTION ( 'NONE',  ( -0.000000000000000000, 1.000000000000000000, -0.000000000000000000 ) ) ;
#2064 = ORIENTED_EDGE ( 'NONE', *, *, #3082, .F. ) ;
#2065 = ORIENTED_EDGE ( 'NONE', *, *, #243, .F. ) ;
#2066 = DIRECTION ( 'NONE',  ( 0.000000000000000000, 1.000000000000000000, 0.000000000000000000 ) ) ;
#2067 = AXIS2_PLACEMENT_3D ( 'NONE', #3304, #1765, #1277 ) ;
#2068 = VERTEX_POINT ( 'NONE', #1284 ) ;
#2069 = AXIS2_PLACEMENT_3D ( 'NONE', #1514, #223, #2275 ) ;
#2070 = FACE_OUTER_BOUND ( 'NONE', #2045, .T. ) ;
#2071 = VECTOR ( 'NONE', #166, 1000.000000000000000 ) ;
#2072 = DIRECTION ( 'NONE',  ( 0.000000000000000000, 3.491481338843133355E-15, -1.000000000000000000 ) ) ;
#2073 = AXIS2_PLACEMENT_3D ( 'NONE', #288, #787, #2354 ) ;
#2074 = DIRECTION ( 'NONE',  ( 0.000000000000000000, 0.000000000000000000, 1.000000000000000000 ) ) ;
#2075 = AXIS2_PLACEMENT_3D ( 'NONE', #2986, #920, #2441 ) ;
#2076 = CARTESIAN_POINT ( 'NONE',  ( 0.000000000000000000, 155.8338714895134842, 15.50982518345448291 ) ) ;
#2077 = EDGE_CURVE ( 'NONE', #1289, #1333, #1522, .T. ) ;
#2078 = CARTESIAN_POINT ( 'NONE',  ( 53.00000000000000711, 115.5000000000011795, 9.599999999999997868 ) ) ;
#2079 = COLOUR_RGB ( '',0.7921568627450980005, 0.8196078431372548767, 0.9333333333333333481 ) ;
#2080 = ORIENTED_EDGE ( 'NONE', *, *, #2401, .T. ) ;
#2081 = ORIENTED_EDGE ( 'NONE', *, *, #2351, .F. ) ;
#2082 = DIRECTION ( 'NONE',  ( 0.000000000000000000, -3.491481338843133355E-15, 1.000000000000000000 ) ) ;
#2083 = ORIENTED_EDGE ( 'NONE', *, *, #1669, .T. ) ;
#2084 = AXIS2_PLACEMENT_3D ( 'NONE', #705, #180, #972 ) ;
#2085 = DIRECTION ( 'NONE',  ( 0.000000000000000000, -1.000000000000000000, -3.491481338843133355E-15 ) ) ;
#2086 = AXIS2_PLACEMENT_3D ( 'NONE', #1724, #1508, #3036 ) ;
#2087 = ADVANCED_FACE ( 'NONE', ( #2849 ), #2054, .T. ) ;
#2088 = VERTEX_POINT ( 'NONE', #542 ) ;
#2089 = LINE ( 'NONE', #3108, #2557 ) ;
#2090 = CARTESIAN_POINT ( 'NONE',  ( 12.00000000000000178, 118.0643753028865603, 59.50585788449852487 ) ) ;
#2091 = EDGE_CURVE ( 'NONE', #2470, #2619, #285, .T. ) ;
#2092 = CARTESIAN_POINT ( 'NONE',  ( 12.00000000000000178, 118.0643753028865603, 59.50585788449852487 ) ) ;
#2093 = DIRECTION ( 'NONE',  ( -0.7071067811865486830, -0.7071067811865464625, -2.468850131082262188E-15 ) ) ;
#2094 = CARTESIAN_POINT ( 'NONE',  ( 10.74585705722506113, 120.2588714895134672, 18.50982518345434968 ) ) ;
#2095 = ORIENTED_EDGE ( 'NONE', *, *, #1637, .T. ) ;
#2096 = EDGE_LOOP ( 'NONE', ( #1258, #2577, #339, #1713 ) ) ;
#2097 = FACE_OUTER_BOUND ( 'NONE', #1681, .T. ) ;
#2098 = ORIENTED_EDGE ( 'NONE', *, *, #1102, .F. ) ;
#2099 = DIRECTION ( 'NONE',  ( 0.000000000000000000, -1.000000000000000000, -3.965082230804126670E-15 ) ) ;
#2100 = FACE_BOUND ( 'NONE', #2632, .T. ) ;
#2101 = ORIENTED_EDGE ( 'NONE', *, *, #1938, .T. ) ;
#2102 = EDGE_CURVE ( 'NONE', #311, #482, #2089, .T. ) ;
#2103 = DIRECTION ( 'NONE',  ( -1.000000000000000000, 0.000000000000000000, 0.000000000000000000 ) ) ;
#2104 = DIRECTION ( 'NONE',  ( -0.000000000000000000, -1.000000000000000000, -0.000000000000000000 ) ) ;
#2105 = LINE ( 'NONE', #1079, #2030 ) ;
#2106 = CARTESIAN_POINT ( 'NONE',  ( 14.00000000000000178, 120.5053795872646134, 59.50585788449931357 ) ) ;
#2107 = LINE ( 'NONE', #13, #3157 ) ;
#2108 = EDGE_CURVE ( 'NONE', #587, #678, #2612, .T. ) ;
#2109 = VERTEX_POINT ( 'NONE', #1335 ) ;
#2110 = ORIENTED_EDGE ( 'NONE', *, *, #2991, .F. ) ;
#2111 = DIRECTION ( 'NONE',  ( -1.000000000000000000, 0.000000000000000000, 0.000000000000000000 ) ) ;
#2112 = ORIENTED_EDGE ( 'NONE', *, *, #3082, .T. ) ;
#2113 = CYLINDRICAL_SURFACE ( 'NONE', #782, 1.599999999999997202 ) ;
#2114 = ORIENTED_EDGE ( 'NONE', *, *, #303, .F. ) ;
#2115 = AXIS2_PLACEMENT_3D ( 'NONE', #632, #2993, #1457 ) ;
#2116 = LINE ( 'NONE', #3177, #1473 ) ;
#2117 = DIRECTION ( 'NONE',  ( 0.000000000000000000, -3.491481338843133355E-15, 1.000000000000000000 ) ) ;
#2118 = CARTESIAN_POINT ( 'NONE',  ( 9.508420190148340723, 120.5223143121460083, 77.50585788449932068 ) ) ;
#2119 = VECTOR ( 'NONE', #1001, 1000.000000000000000 ) ;
#2120 = CIRCLE ( 'NONE', #1047, 1.600000000000018074 ) ;
#2121 = CYLINDRICAL_SURFACE ( 'NONE', #343, 1.750000000000001554 ) ;
#2122 = VECTOR ( 'NONE', #3068, 1000.000000000000000 ) ;
#2123 = AXIS2_PLACEMENT_3D ( 'NONE', #932, #683, #3173 ) ;
#2124 = EDGE_LOOP ( 'NONE', ( #2933, #2618, #1803, #1553 ) ) ;
#2125 = ORIENTED_EDGE ( 'NONE', *, *, #453, .T. ) ;
#2126 = VECTOR ( 'NONE', #414, 1000.000000000000000 ) ;
#2127 = DIRECTION ( 'NONE',  ( -0.000000000000000000, 3.247402347028582376E-13, -1.000000000000000000 ) ) ;
#2128 = ORIENTED_EDGE ( 'NONE', *, *, #2750, .T. ) ;
#2129 = ORIENTED_EDGE ( 'NONE', *, *, #536, .F. ) ;
#2130 = EDGE_CURVE ( 'NONE', #2857, #2232, #292, .T. ) ;
#2131 = LINE ( 'NONE', #2686, #991 ) ;
#2132 = AXIS2_PLACEMENT_3D ( 'NONE', #2374, #3148, #1081 ) ;
#2133 = EDGE_LOOP ( 'NONE', ( #452, #2696 ) ) ;
#2134 = LINE ( 'NONE', #1881, #330 ) ;
#2135 = CARTESIAN_POINT ( 'NONE',  ( 17.00000000000000000, 120.0000000000011937, 8.000000000000000000 ) ) ;
#2136 = PLANE ( 'NONE',  #1428 ) ;
#2137 = VERTEX_POINT ( 'NONE', #2370 ) ;
#2138 = ORIENTED_EDGE ( 'NONE', *, *, #443, .F. ) ;
#2139 = EDGE_CURVE ( 'NONE', #2428, #860, #1319, .T. ) ;
#2140 = DIRECTION ( 'NONE',  ( -0.000000000000000000, 1.000000000000000000, -0.000000000000000000 ) ) ;
#2141 = LINE ( 'NONE', #1564, #1912 ) ;
#2142 = VERTEX_POINT ( 'NONE', #24 ) ;
#2143 = ORIENTED_EDGE ( 'NONE', *, *, #299, .T. ) ;
#2144 = DIRECTION ( 'NONE',  ( 0.000000000000000000, -0.000000000000000000, 1.000000000000000000 ) ) ;
#2145 = DIRECTION ( 'NONE',  ( -1.000000000000000000, -0.000000000000000000, 0.000000000000000000 ) ) ;
#2146 = EDGE_CURVE ( 'NONE', #1600, #253, #2864, .T. ) ;
#2147 = ORIENTED_EDGE ( 'NONE', *, *, #2982, .T. ) ;
#2148 = FACE_OUTER_BOUND ( 'NONE', #1274, .T. ) ;
#2149 = DIRECTION ( 'NONE',  ( 0.000000000000000000, -1.000000000000000000, -3.247402347028582376E-13 ) ) ;
#2150 = DIRECTION ( 'NONE',  ( -0.002632913989968058664, 0.9999965338759536637, 3.247391091129219577E-13 ) ) ;
#2151 = DIRECTION ( 'NONE',  ( 0.000000000000000000, -1.000000000000000000, -3.225647976951485001E-13 ) ) ;
#2152 = VERTEX_POINT ( 'NONE', #513 ) ;
#2153 = CARTESIAN_POINT ( 'NONE',  ( 10.74585705722506113, 117.5348774450746987, 62.50585788449834723 ) ) ;
#2154 = ORIENTED_EDGE ( 'NONE', *, *, #1938, .F. ) ;
#2155 = EDGE_LOOP ( 'NONE', ( #2376, #484, #3309, #3287, #2243, #1069, #1280, #1180, #1106, #2908, #2895, #1838 ) ) ;
#2156 = DIRECTION ( 'NONE',  ( -0.000000000000000000, 1.000000000000000000, -0.000000000000000000 ) ) ;
#2157 = DIRECTION ( 'NONE',  ( 0.000000000000000000, 0.000000000000000000, 1.000000000000000000 ) ) ;
#2158 = DIRECTION ( 'NONE',  ( 0.000000000000000000, -1.000000000000000000, -3.491481338843133355E-15 ) ) ;
#2159 = ORIENTED_EDGE ( 'NONE', *, *, #224, .T. ) ;
#2160 = LINE ( 'NONE', #2951, #2390 ) ;
#2161 = DIRECTION ( 'NONE',  ( -0.000000000000000000, 1.000000000000000000, -0.000000000000000000 ) ) ;
#2162 = DIRECTION ( 'NONE',  ( 0.000000000000000000, 0.000000000000000000, 1.000000000000000000 ) ) ;
#2163 = CIRCLE ( 'NONE', #2219, 0.9249999999999952704 ) ;
#2164 = LINE ( 'NONE', #1126, #2673 ) ;
#2165 = ORIENTED_EDGE ( 'NONE', *, *, #2389, .T. ) ;
#2166 = AXIS2_PLACEMENT_3D ( 'NONE', #2574, #1487, #979 ) ;
#2167 = EDGE_CURVE ( 'NONE', #2484, #2422, #1543, .T. ) ;
#2168 = PLANE ( 'NONE',  #1474 ) ;
#2169 = CARTESIAN_POINT ( 'NONE',  ( 42.49999999999999289, 118.0000000000011937, 90.00000000000000000 ) ) ;
#2170 = PLANE ( 'NONE',  #2562 ) ;
#2171 = VECTOR ( 'NONE', #5, 1000.000000000000000 ) ;
#2172 = AXIS2_PLACEMENT_3D ( 'NONE', #3269, #1727, #2754 ) ;
#2173 = EDGE_LOOP ( 'NONE', ( #2125, #1216, #548, #100 ) ) ;
#2174 = ORIENTED_EDGE ( 'NONE', *, *, #1123, .T. ) ;
#2175 = AXIS2_PLACEMENT_3D ( 'NONE', #2653, #2884, #573 ) ;
#2176 = CARTESIAN_POINT ( 'NONE',  ( 42.49999999999999289, 118.0000000000011937, 3.999999999999980904 ) ) ;
#2177 = CARTESIAN_POINT ( 'NONE',  ( 53.00000000000000711, 120.0000000000011937, 8.000000000000000000 ) ) ;
#2178 = DIRECTION ( 'NONE',  ( 0.000000000000000000, -1.000000000000000000, -3.247402347028582376E-13 ) ) ;
#2179 = VERTEX_POINT ( 'NONE', #1614 ) ;
#2180 = CARTESIAN_POINT ( 'NONE',  ( 27.49999999999999645, 118.0000000000011937, 2.999999999999996891 ) ) ;
#2181 = ADVANCED_FACE ( 'NONE', ( #2423 ), #1862, .T. ) ;
#2182 = FACE_OUTER_BOUND ( 'NONE', #2757, .T. ) ;
#2183 = VECTOR ( 'NONE', #242, 1000.000000000000000 ) ;
#2184 = DIRECTION ( 'NONE',  ( -0.000000000000000000, 1.000000000000000000, -0.000000000000000000 ) ) ;
#2185 = EDGE_CURVE ( 'NONE', #2232, #1406, #2901, .T. ) ;
#2186 = VECTOR ( 'NONE', #1320, 1000.000000000000000 ) ;
#2187 = EDGE_CURVE ( 'NONE', #582, #1347, #2116, .T. ) ;
#2188 = DIRECTION ( 'NONE',  ( -0.000000000000000000, 1.000000000000000000, -0.000000000000000000 ) ) ;
#2189 = CARTESIAN_POINT ( 'NONE',  ( 12.00000000000000178, 118.1133693473244648, 30.50982518345433903 ) ) ;
#2190 = ORIENTED_EDGE ( 'NONE', *, *, #2839, .F. ) ;
#2191 = VERTEX_POINT ( 'NONE', #890 ) ;
#2192 = CARTESIAN_POINT ( 'NONE',  ( 44.75000000000000000, 121.0000000000011937, 48.50000000000000000 ) ) ;
#2193 = FACE_OUTER_BOUND ( 'NONE', #186, .T. ) ;
#2194 = DIRECTION ( 'NONE',  ( 0.7071067811865558994, -0.7071067811865392461, -2.296260220824993752E-13 ) ) ;
#2195 = DIRECTION ( 'NONE',  ( 0.000000000000000000, -1.000000000000000000, -3.247402347028582376E-13 ) ) ;
#2196 = ORIENTED_EDGE ( 'NONE', *, *, #1125, .T. ) ;
#2197 = CARTESIAN_POINT ( 'NONE',  ( 12.00000000000000178, 120.5053795872587585, 77.50585788449932068 ) ) ;
#2198 = VERTEX_POINT ( 'NONE', #1670 ) ;
#2199 = DIRECTION ( 'NONE',  ( 0.000000000000000000, 1.000000000000000000, 0.000000000000000000 ) ) ;
#2200 = EDGE_CURVE ( 'NONE', #171, #3183, #1137, .T. ) ;
#2201 = CYLINDRICAL_SURFACE ( 'NONE', #1906, 3.000000000000002665 ) ;
#2202 = DIRECTION ( 'NONE',  ( 0.000000000000000000, 1.000000000000000000, 0.000000000000000000 ) ) ;
#2203 = LINE ( 'NONE', #1190, #1211 ) ;
#2204 = CARTESIAN_POINT ( 'NONE',  ( 53.00000000000000711, 120.0000000000011937, 8.000000000000000000 ) ) ;
#2205 = LINE ( 'NONE', #2975, #3251 ) ;
#2206 = CYLINDRICAL_SURFACE ( 'NONE', #3147, 1.750000000000001554 ) ;
#2207 = ORIENTED_EDGE ( 'NONE', *, *, #2739, .F. ) ;
#2208 = ORIENTED_EDGE ( 'NONE', *, *, #1926, .F. ) ;
#2209 = LINE ( 'NONE', #931, #2449 ) ;
#2210 = DIRECTION ( 'NONE',  ( -0.000000000000000000, 1.000000000000000000, -0.000000000000000000 ) ) ;
#2211 = ORIENTED_EDGE ( 'NONE', *, *, #3327, .F. ) ;
#2212 = ADVANCED_FACE ( 'NONE', ( #2148 ), #1933, .F. ) ;
#2213 = CARTESIAN_POINT ( 'NONE',  ( 11.99605061532599315, 120.0838714895134274, 30.50982518345437100 ) ) ;
#2214 = CARTESIAN_POINT ( 'NONE',  ( 17.00000000000001066, 120.0000000000011937, 84.99999999999998579 ) ) ;
#2215 = EDGE_LOOP ( 'NONE', ( #701, #1821, #8, #2549 ) ) ;
#2216 = PLANE ( 'NONE',  #2231 ) ;
#2217 = CARTESIAN_POINT ( 'NONE',  ( 10.74585705722506113, 119.2848774450756650, 59.50585788449891567 ) ) ;
#2218 = ORIENTED_EDGE ( 'NONE', *, *, #1549, .F. ) ;
#2219 = AXIS2_PLACEMENT_3D ( 'NONE', #375, #1379, #2418 ) ;
#2220 = PLANE ( 'NONE',  #2017 ) ;
#2221 = VECTOR ( 'NONE', #3283, 1000.000000000000000 ) ;
#2222 = CIRCLE ( 'NONE', #661, 1.750000000000001554 ) ;
#2223 = ORIENTED_EDGE ( 'NONE', *, *, #1585, .F. ) ;
#2224 = ORIENTED_EDGE ( 'NONE', *, *, #2139, .T. ) ;
#2225 = VECTOR ( 'NONE', #73, 1000.000000000000000 ) ;
#2226 = CIRCLE ( 'NONE', #1740, 0.9249999999999952704 ) ;
#2227 = DIRECTION ( 'NONE',  ( -0.000000000000000000, 3.491481338843133355E-15, -1.000000000000000000 ) ) ;
#2228 = CARTESIAN_POINT ( 'NONE',  ( 11.99605061532599315, 120.0348774450756650, 59.50585788449915015 ) ) ;
#2229 = EDGE_CURVE ( 'NONE', #1513, #2330, #2160, .T. ) ;
#2230 = VECTOR ( 'NONE', #1915, 1000.000000000000000 ) ;
#2231 = AXIS2_PLACEMENT_3D ( 'NONE', #894, #210, #988 ) ;
#2232 = VERTEX_POINT ( 'NONE', #3196 ) ;
#2233 = ADVANCED_FACE ( 'NONE', ( #3143 ), #646, .F. ) ;
#2234 = CARTESIAN_POINT ( 'NONE',  ( 12.00000000000000178, 118.5838714895134274, 33.50982518345436745 ) ) ;
#2235 = MECHANICAL_DESIGN_GEOMETRIC_PRESENTATION_REPRESENTATION (  '', ( #935 ), #3245 ) ;
#2236 = DIRECTION ( 'NONE',  ( -0.000000000000000000, 1.000000000000000000, -0.000000000000000000 ) ) ;
#2237 = VERTEX_POINT ( 'NONE', #840 ) ;
#2238 = CARTESIAN_POINT ( 'NONE',  ( 10.09178328462714269, 118.6308036724736041, 74.50585788449870961 ) ) ;
#2239 = PLANE ( 'NONE',  #2658 ) ;
#2240 = FACE_OUTER_BOUND ( 'NONE', #655, .T. ) ;
#2241 = CARTESIAN_POINT ( 'NONE',  ( 10.09178328462714269, 118.6797977169162266, 33.50982518345433903 ) ) ;
#2242 = DIRECTION ( 'NONE',  ( -0.000000000000000000, 0.000000000000000000, 1.000000000000000000 ) ) ;
#2243 = ORIENTED_EDGE ( 'NONE', *, *, #911, .T. ) ;
#2244 = ORIENTED_EDGE ( 'NONE', *, *, #1189, .F. ) ;
#2245 = EDGE_CURVE ( 'NONE', #2142, #263, #2702, .T. ) ;
#2246 = CARTESIAN_POINT ( 'NONE',  ( 17.00000000000001066, 121.0000000000011937, 84.99999999999998579 ) ) ;
#2247 = ORIENTED_EDGE ( 'NONE', *, *, #2842, .T. ) ;
#2248 = EDGE_CURVE ( 'NONE', #3009, #1808, #1895, .T. ) ;
#2249 = DIRECTION ( 'NONE',  ( 0.000000000000000000, -0.000000000000000000, 1.000000000000000000 ) ) ;
#2250 = EDGE_CURVE ( 'NONE', #190, #3320, #1350, .T. ) ;
#2251 = ORIENTED_EDGE ( 'NONE', *, *, #1946, .T. ) ;
#2252 = DIRECTION ( 'NONE',  ( 0.000000000000000000, 0.000000000000000000, 1.000000000000000000 ) ) ;
#2253 = CARTESIAN_POINT ( 'NONE',  ( 17.00000000000001066, 115.5000000000011795, 84.99999999999998579 ) ) ;
#2254 = CARTESIAN_POINT ( 'NONE',  ( 10.74585705722506113, 119.3338714895134274, 33.50982518345433903 ) ) ;
#2255 = ORIENTED_EDGE ( 'NONE', *, *, #2248, .F. ) ;
#2257 = DIRECTION ( 'NONE',  ( 0.000000000000000000, -0.000000000000000000, 1.000000000000000000 ) ) ;
#2256 = CARTESIAN_POINT ( 'NONE',  ( 17.00000000000001066, 120.0000000000011937, 84.99999999999998579 ) ) ;
#2258 = VERTEX_POINT ( 'NONE', #1635 ) ;
#2259 = ORIENTED_EDGE ( 'NONE', *, *, #2822, .F. ) ;
#2260 = CARTESIAN_POINT ( 'NONE',  ( 10.74585705722506113, 120.2098774450756622, 59.50585788449921409 ) ) ;
#2261 = LINE ( 'NONE', #3064, #2508 ) ;
#2262 = ORIENTED_EDGE ( 'NONE', *, *, #2657, .T. ) ;
#2263 = DIRECTION ( 'NONE',  ( 0.000000000000000000, -1.000000000000000000, -3.247402347028582376E-13 ) ) ;
#2264 = VERTEX_POINT ( 'NONE', #2442 ) ;
#2265 = LINE ( 'NONE', #986, #1850 ) ;
#2266 = CARTESIAN_POINT ( 'NONE',  ( 25.25000000000000355, 118.0000000000011937, 44.50000000000000000 ) ) ;
#2267 = CARTESIAN_POINT ( 'NONE',  ( 14.00000000000000178, 120.5543736317024184, 15.50982518345435679 ) ) ;
#2268 = EDGE_CURVE ( 'NONE', #396, #2610, #2660, .T. ) ;
#2269 = CLOSED_SHELL ( 'NONE', ( #2050, #2778, #1693, #3317, #2492, #2867, #1643, #1196, #1337, #2937, #3067, #2087, #703, #708, #2802, #1135, #2886, #3091, #35, #287, #85, #956, #2518, #48, #374, #2679, #278, #2035, #589, #2480, #706, #2212, #2424, #955, #1015, #985, #132, #1879, #1947, #2630, #416, #2603, #258, #2233, #399, #39, #1782, #1058, #546, #1708, #2699, #3238, #2692, #2528, #3344, #77, #2671, #2964, #1774, #2540, #2968, #3274, #365, #341, #1377, #3055, #2833, #849, #1483, #381, #3093, #1293, #1790, #753, #3199, #2542, #2795, #3176, #751, #3149, #1597, #1897, #412, #111, #1380, #3219, #1278, #1716, #3333, #1722, #1548, #2482 ) ) ;
#2270 = DIRECTION ( 'NONE',  ( 0.000000000000000000, -3.247402347028582376E-13, 1.000000000000000000 ) ) ;
#2271 = LINE ( 'NONE', #2567, #3087 ) ;
#2272 = VERTEX_POINT ( 'NONE', #36 ) ;
#2273 = ORIENTED_EDGE ( 'NONE', *, *, #1033, .T. ) ;
#2274 = AXIS2_PLACEMENT_3D ( 'NONE', #240, #388, #893 ) ;
#2275 = DIRECTION ( 'NONE',  ( 0.000000000000000000, -1.000000000000000000, -3.300663046182914920E-13 ) ) ;
#2276 = DIRECTION ( 'NONE',  ( 0.000000000000000000, 1.000000000000000000, 0.000000000000000000 ) ) ;
#2277 = VECTOR ( 'NONE', #1914, 1000.000000000000000 ) ;
#2278 = ORIENTED_EDGE ( 'NONE', *, *, #1440, .F. ) ;
#2279 = VECTOR ( 'NONE', #2889, 1000.000000000000000 ) ;
#2280 = CIRCLE ( 'NONE', #2870, 2.000000000000001776 ) ;
#2281 = CARTESIAN_POINT ( 'NONE',  ( 10.74585705722506113, 119.3338714895134842, 15.50982518345434258 ) ) ;
#2282 = AXIS2_PLACEMENT_3D ( 'NONE', #1653, #312, #606 ) ;
#2283 = VECTOR ( 'NONE', #1677, 1000.000000000000000 ) ;
#2284 = ORIENTED_EDGE ( 'NONE', *, *, #2780, .T. ) ;
#2285 = VECTOR ( 'NONE', #350, 1000.000000000000114 ) ;
#2286 = EDGE_CURVE ( 'NONE', #2152, #929, #1657, .T. ) ;
#2287 = DIRECTION ( 'NONE',  ( -0.7071067811865485719, -0.7071067811865465735, -2.296260220825017480E-13 ) ) ;
#2288 = LINE ( 'NONE', #1286, #2331 ) ;
#2289 = LINE ( 'NONE', #2949, #2183 ) ;
#2290 = EDGE_CURVE ( 'NONE', #1003, #1903, #2813, .T. ) ;
#2291 = EDGE_CURVE ( 'NONE', #3306, #2408, #2916, .T. ) ;
#2292 = DIRECTION ( 'NONE',  ( 1.000000000000000000, 0.000000000000000000, 0.000000000000000000 ) ) ;
#2293 = ORIENTED_EDGE ( 'NONE', *, *, #1585, .T. ) ;
#2294 = ORIENTED_EDGE ( 'NONE', *, *, #813, .T. ) ;
#2295 = CARTESIAN_POINT ( 'NONE',  ( 10.74585705722506113, 119.3338714895134274, 33.50982518345433903 ) ) ;
#2296 = AXIS2_PLACEMENT_3D ( 'NONE', #2725, #409, #3182 ) ;
#2297 = LINE ( 'NONE', #3316, #215 ) ;
#2298 = AXIS2_PLACEMENT_3D ( 'NONE', #1495, #1235, #2527 ) ;
#2299 = EDGE_LOOP ( 'NONE', ( #1649, #2843, #2259, #677 ) ) ;
#2300 = DIRECTION ( 'NONE',  ( 1.000000000000000000, 0.000000000000000000, 0.000000000000000000 ) ) ;
#2301 = ORIENTED_EDGE ( 'NONE', *, *, #634, .F. ) ;
#2302 = LINE ( 'NONE', #3094, #987 ) ;
#2303 = CARTESIAN_POINT ( 'NONE',  ( 52.99999999999998579, 115.5000000000011795, 84.99999999999998579 ) ) ;
#2304 = CARTESIAN_POINT ( 'NONE',  ( 17.00000000000000000, 120.0000000000011937, 6.399999999999997691 ) ) ;
#2305 = CARTESIAN_POINT ( 'NONE',  ( 12.00000000000000178, 120.5543736317024184, 15.50982518345435679 ) ) ;
#2306 = LINE ( 'NONE', #531, #2859 ) ;
#2307 = PRODUCT_DEFINITION ( 'UNKNOWN', '', #2726, #2327 ) ;
#2308 = LINE ( 'NONE', #1531, #2394 ) ;
#2309 = FACE_OUTER_BOUND ( 'NONE', #1376, .T. ) ;
#2310 = ORIENTED_EDGE ( 'NONE', *, *, #721, .T. ) ;
#2311 = ORIENTED_EDGE ( 'NONE', *, *, #3129, .F. ) ;
#2312 = FACE_OUTER_BOUND ( 'NONE', #2215, .T. ) ;
#2313 = EDGE_LOOP ( 'NONE', ( #2454, #1115, #433, #752 ) ) ;
#2314 = FACE_BOUND ( 'NONE', #3128, .T. ) ;
#2315 = FACE_OUTER_BOUND ( 'NONE', #1118, .T. ) ;
#2316 = LINE ( 'NONE', #2034, #2763 ) ;
#2317 = EDGE_LOOP ( 'NONE', ( #387, #1422, #2898, #1099 ) ) ;
#2318 = EDGE_CURVE ( 'NONE', #3135, #586, #2134, .T. ) ;
#2319 = CARTESIAN_POINT ( 'NONE',  ( 9.508420190148241247, 118.0474405779946920, 74.50585788449851066 ) ) ;
#2320 = FACE_OUTER_BOUND ( 'NONE', #3263, .T. ) ;
#2321 = CARTESIAN_POINT ( 'NONE',  ( 42.49999999999999289, 121.0000000000011937, 90.00000000000000000 ) ) ;
#2322 = CARTESIAN_POINT ( 'NONE',  ( 9.508420190148241247, 118.0964346224373998, 15.50982518345434258 ) ) ;
#2323 = CARTESIAN_POINT ( 'NONE',  ( 52.99999999999998579, 120.0000000000011937, 81.99999999999998579 ) ) ;
#2324 = DIRECTION ( 'NONE',  ( 0.000000000000000000, -3.491481338843133355E-15, 1.000000000000000000 ) ) ;
#2325 = ORIENTED_EDGE ( 'NONE', *, *, #384, .F. ) ;
#2326 = ORIENTED_EDGE ( 'NONE', *, *, #1601, .T. ) ;
#2327 = PRODUCT_DEFINITION_CONTEXT ( 'detailed design', #1651, 'design' ) ;
#2328 = EDGE_CURVE ( 'NONE', #1831, #3342, #778, .T. ) ;
#2329 = CARTESIAN_POINT ( 'NONE',  ( 12.00000000000000178, 120.5053795872646134, 59.50585788449931357 ) ) ;
#2330 = VERTEX_POINT ( 'NONE', #1998 ) ;
#2331 = VECTOR ( 'NONE', #478, 1000.000000000000000 ) ;
#2332 = LINE ( 'NONE', #1296, #2171 ) ;
#2333 = VECTOR ( 'NONE', #1970, 1000.000000000000000 ) ;
#2334 = CIRCLE ( 'NONE', #497, 0.9249999999999952704 ) ;
#2335 = VERTEX_POINT ( 'NONE', #3016 ) ;
#2336 = CARTESIAN_POINT ( 'NONE',  ( 12.00000000000000178, 120.5543736317024184, 15.50982518345435679 ) ) ;
#2337 = VECTOR ( 'NONE', #2150, 1000.000000000000114 ) ;
#2338 = DIRECTION ( 'NONE',  ( 0.000000000000000000, 0.000000000000000000, 1.000000000000000000 ) ) ;
#2339 = VECTOR ( 'NONE', #2082, 1000.000000000000000 ) ;
#2340 = CARTESIAN_POINT ( 'NONE',  ( 10.09178328462724750, 119.9879452621107276, 33.50982518345433903 ) ) ;
#2341 = VECTOR ( 'NONE', #487, 1000.000000000000000 ) ;
#2342 = LINE ( 'NONE', #1828, #549 ) ;
#2343 = AXIS2_PLACEMENT_3D ( 'NONE', #1506, #2579, #2052 ) ;
#2344 = DIRECTION ( 'NONE',  ( -0.000000000000000000, 1.000000000000000000, -0.000000000000000000 ) ) ;
#2345 = CARTESIAN_POINT ( 'NONE',  ( 12.00000000000000178, 118.5348774450756650, 59.50585788449866698 ) ) ;
#2346 = DIRECTION ( 'NONE',  ( 1.000000000000000000, 0.000000000000000000, 0.000000000000000000 ) ) ;
#2347 = VERTEX_POINT ( 'NONE', #982 ) ;
#2348 = ORIENTED_EDGE ( 'NONE', *, *, #1568, .F. ) ;
#2349 = DIRECTION ( 'NONE',  ( 0.000000000000000000, 1.000000000000000000, 0.000000000000000000 ) ) ;
#2350 = CARTESIAN_POINT ( 'NONE',  ( 53.00000000000000711, 115.5000000000011795, 8.000000000000000000 ) ) ;
#2352 = VERTEX_POINT ( 'NONE', #1720 ) ;
#2351 = EDGE_CURVE ( 'NONE', #2109, #468, #1231, .T. ) ;
#2353 = AXIS2_PLACEMENT_3D ( 'NONE', #3240, #1950, #3313 ) ;
#2354 = DIRECTION ( 'NONE',  ( 0.000000000000000000, -1.000000000000000000, -3.251367429259384343E-13 ) ) ;
#2355 = VERTEX_POINT ( 'NONE', #3288 ) ;
#2356 = EDGE_CURVE ( 'NONE', #2047, #2198, #1624, .T. ) ;
#2357 = LINE ( 'NONE', #591, #1365 ) ;
#2358 = CARTESIAN_POINT ( 'NONE',  ( 11.99605061532599315, 120.0838714895134274, 33.50982518345436745 ) ) ;
#2359 = SURFACE_SIDE_STYLE ('',( #2890 ) ) ;
#2360 = FACE_OUTER_BOUND ( 'NONE', #2313, .T. ) ;
#2361 = LINE ( 'NONE', #2345, #512 ) ;
#2362 = ORIENTED_EDGE ( 'NONE', *, *, #187, .T. ) ;
#2363 = ORIENTED_EDGE ( 'NONE', *, *, #68, .F. ) ;
#2364 = ORIENTED_EDGE ( 'NONE', *, *, #1389, .T. ) ;
#2365 = ORIENTED_EDGE ( 'NONE', *, *, #1059, .T. ) ;
#2366 = LINE ( 'NONE', #2106, #1736 ) ;
#2367 = CARTESIAN_POINT ( 'NONE',  ( 17.00000000000001066, 120.0000000000011937, 88.00000000000000000 ) ) ;
#2368 = CARTESIAN_POINT ( 'NONE',  ( 53.00000000000000711, 115.5000000000011795, 6.400000000000002132 ) ) ;
#2369 = ORIENTED_EDGE ( 'NONE', *, *, #1184, .F. ) ;
#2370 = CARTESIAN_POINT ( 'NONE',  ( 44.75000000000000000, 118.0000000000011937, 44.50000000000000000 ) ) ;
#2371 =( NAMED_UNIT ( * ) PLANE_ANGLE_UNIT ( ) SI_UNIT ( $, .RADIAN. ) );
#2372 = DIRECTION ( 'NONE',  ( 0.000000000000000000, 0.000000000000000000, 1.000000000000000000 ) ) ;
#2373 = FACE_OUTER_BOUND ( 'NONE', #3233, .T. ) ;
#2374 = CARTESIAN_POINT ( 'NONE',  ( 10.74585705722506113, 119.2848774450746987, 62.50585788449891567 ) ) ;
#2375 = LINE ( 'NONE', #2855, #1786 ) ;
#2376 = ORIENTED_EDGE ( 'NONE', *, *, #2842, .F. ) ;
#2377 = ORIENTED_EDGE ( 'NONE', *, *, #1622, .T. ) ;
#2378 = EDGE_CURVE ( 'NONE', #1021, #601, #3261, .T. ) ;
#2379 = DIRECTION ( 'NONE',  ( 0.000000000000000000, -1.000000000000000000, -3.247402347028582376E-13 ) ) ;
#2380 = CARTESIAN_POINT ( 'NONE',  ( 10.74585705722506113, 119.2848774450756650, 59.50585788449891567 ) ) ;
#2381 = EDGE_LOOP ( 'NONE', ( #1702, #1730, #149, #502 ) ) ;
#2382 = ORIENTED_EDGE ( 'NONE', *, *, #2525, .F. ) ;
#2383 = EDGE_CURVE ( 'NONE', #81, #3236, #2919, .T. ) ;
#2384 = FACE_OUTER_BOUND ( 'NONE', #1354, .T. ) ;
#2385 = ORIENTED_EDGE ( 'NONE', *, *, #1829, .T. ) ;
#2386 = DIRECTION ( 'NONE',  ( 0.000000000000000000, 0.000000000000000000, -1.000000000000000000 ) ) ;
#2387 =( GEOMETRIC_REPRESENTATION_CONTEXT ( 3 ) GLOBAL_UNCERTAINTY_ASSIGNED_CONTEXT ( ( #2061 ) ) GLOBAL_UNIT_ASSIGNED_CONTEXT ( ( #2526, #252, #1437 ) ) REPRESENTATION_CONTEXT ( 'NONE', 'WORKASPACE' ) );
#2388 = AXIS2_PLACEMENT_3D ( 'NONE', #2670, #2156, #881 ) ;
#2389 = EDGE_CURVE ( 'NONE', #1582, #2806, #2523, .T. ) ;
#2390 = VECTOR ( 'NONE', #868, 1000.000000000000000 ) ;
#2391 = AXIS2_PLACEMENT_3D ( 'NONE', #975, #2270, #2787 ) ;
#2392 = CARTESIAN_POINT ( 'NONE',  ( 12.00000000000000178, 121.0000000000011937, 90.00000000000000000 ) ) ;
#2393 = DIRECTION ( 'NONE',  ( 0.000000000000000000, -3.247402347028582376E-13, 1.000000000000000000 ) ) ;
#2394 = VECTOR ( 'NONE', #2720, 1000.000000000000000 ) ;
#2395 = AXIS2_PLACEMENT_3D ( 'NONE', #2056, #3037, #515 ) ;
#2396 = ORIENTED_EDGE ( 'NONE', *, *, #1504, .F. ) ;
#2397 = ORIENTED_EDGE ( 'NONE', *, *, #1489, .F. ) ;
#2398 = EDGE_CURVE ( 'NONE', #1988, #2352, #1756, .T. ) ;
#2399 = STYLED_ITEM ( 'NONE', ( #1603 ), #1762 ) ;
#2400 = FACE_OUTER_BOUND ( 'NONE', #2749, .T. ) ;
#2401 = EDGE_CURVE ( 'NONE', #1347, #401, #921, .T. ) ;
#2402 = EDGE_CURVE ( 'NONE', #3027, #1655, #969, .T. ) ;
#2403 = ORIENTED_EDGE ( 'NONE', *, *, #1445, .F. ) ;
#2404 = VERTEX_POINT ( 'NONE', #1691 ) ;
#2405 = CARTESIAN_POINT ( 'NONE',  ( 10.74585705722506113, 119.3338714895134700, 18.50982518345434613 ) ) ;
#2406 = DIRECTION ( 'NONE',  ( -0.7071067811865392461, -0.7071067811865558994, -2.468850131082294926E-15 ) ) ;
#2407 = CIRCLE ( 'NONE', #2623, 0.9249999999999952704 ) ;
#2408 = VERTEX_POINT ( 'NONE', #2213 ) ;
#2409 = AXIS2_PLACEMENT_3D ( 'NONE', #3291, #3019, #1976 ) ;
#2410 = CARTESIAN_POINT ( 'NONE',  ( 17.00000000000000000, 120.0000000000011937, 8.000000000000000000 ) ) ;
#2411 =( LENGTH_UNIT ( ) NAMED_UNIT ( * ) SI_UNIT ( .MILLI., .METRE. ) );
#2412 = CARTESIAN_POINT ( 'NONE',  ( 27.49999999999999645, 115.5000000000011795, 2.999999999999996891 ) ) ;
#2413 = ORIENTED_EDGE ( 'NONE', *, *, #994, .T. ) ;
#2414 = CARTESIAN_POINT ( 'NONE',  ( 10.74585705722506113, 118.3598774450747015, 62.50585788449861013 ) ) ;
#2415 = PLANE ( 'NONE',  #169 ) ;
#2416 = ORIENTED_EDGE ( 'NONE', *, *, #2185, .T. ) ;
#2417 = EDGE_LOOP ( 'NONE', ( #654, #2065 ) ) ;
#2418 = DIRECTION ( 'NONE',  ( 0.000000000000000000, -1.000000000000000000, -3.300663046182914920E-13 ) ) ;
#2419 = DIRECTION ( 'NONE',  ( 1.261617073437681598E-15, 0.000000000000000000, -1.000000000000000000 ) ) ;
#2420 = LINE ( 'NONE', #572, #2561 ) ;
#2421 = LINE ( 'NONE', #628, #2708 ) ;
#2422 = VERTEX_POINT ( 'NONE', #3242 ) ;
#2423 = FACE_OUTER_BOUND ( 'NONE', #2963, .T. ) ;
#2424 = ADVANCED_FACE ( 'NONE', ( #156, #474, #405, #124, #2965, #2488, #717 ), #2733, .T. ) ;
#2425 = LINE ( 'NONE', #1403, #876 ) ;
#2426 = CYLINDRICAL_SURFACE ( 'NONE', #1360, 3.000000000000000888 ) ;
#2427 = FACE_OUTER_BOUND ( 'NONE', #629, .T. ) ;
#2428 = VERTEX_POINT ( 'NONE', #2234 ) ;
#2429 = CARTESIAN_POINT ( 'NONE',  ( 17.00000000000000000, 120.0000000000011937, 11.00000000000000178 ) ) ;
#2430 = LINE ( 'NONE', #1609, #1418 ) ;
#2431 = FACE_OUTER_BOUND ( 'NONE', #786, .T. ) ;
#2432 = FACE_OUTER_BOUND ( 'NONE', #231, .T. ) ;
#2433 = FACE_OUTER_BOUND ( 'NONE', #3281, .T. ) ;
#2434 = EDGE_LOOP ( 'NONE', ( #1175, #2604, #2587, #1741 ) ) ;
#2435 = EDGE_CURVE ( 'NONE', #1475, #2959, #668, .T. ) ;
#2436 = DIRECTION ( 'NONE',  ( -0.7071067811865392461, -0.7071067811865558994, -2.296260220825048278E-13 ) ) ;
#2437 = LINE ( 'NONE', #1451, #1470 ) ;
#2438 = LINE ( 'NONE', #2899, #2230 ) ;
#2439 = ORIENTED_EDGE ( 'NONE', *, *, #3266, .F. ) ;
#2440 = EDGE_CURVE ( 'NONE', #425, #3329, #2923, .T. ) ;
#2441 = DIRECTION ( 'NONE',  ( 0.000000000000000000, -1.000000000000000000, -3.750753461571493582E-15 ) ) ;
#2442 = CARTESIAN_POINT ( 'NONE',  ( 10.74585705722506113, 118.4088714895134302, 30.50982518345433903 ) ) ;
#2443 = CARTESIAN_POINT ( 'NONE',  ( 12.00000000000000178, 120.0348774450698102, 77.50585788449917857 ) ) ;
#2444 = DIRECTION ( 'NONE',  ( 0.000000000000000000, -1.000000000000000000, -3.491481338843133750E-15 ) ) ;
#2445 = CIRCLE ( 'NONE', #2605, 1.750000000000001554 ) ;
#2446 = CARTESIAN_POINT ( 'NONE',  ( 12.00000000000000178, 118.0643753028865603, 59.50585788449852487 ) ) ;
#2447 = VECTOR ( 'NONE', #3191, 1000.000000000000000 ) ;
#2448 = ORIENTED_EDGE ( 'NONE', *, *, #1399, .T. ) ;
#2449 = VECTOR ( 'NONE', #1967, 1000.000000000000000 ) ;
#2450 = DIRECTION ( 'NONE',  ( -0.000000000000000000, 1.000000000000000000, -0.000000000000000000 ) ) ;
#2451 = VECTOR ( 'NONE', #2510, 1000.000000000000000 ) ;
#2452 = VECTOR ( 'NONE', #636, 1000.000000000000000 ) ;
#2453 = ORIENTED_EDGE ( 'NONE', *, *, #754, .T. ) ;
#2454 = ORIENTED_EDGE ( 'NONE', *, *, #2780, .F. ) ;
#2455 = VECTOR ( 'NONE', #564, 1000.000000000000000 ) ;
#2456 = CARTESIAN_POINT ( 'NONE',  ( 12.00000000000000178, 121.0000000000011937, 3.000000000000000000 ) ) ;
#2457 = CARTESIAN_POINT ( 'NONE',  ( 12.00000000000000178, 118.0643753028818423, 74.50585788449852487 ) ) ;
#2458 = DIRECTION ( 'NONE',  ( 0.000000000000000000, 1.000000000000000000, 0.000000000000000000 ) ) ;
#2459 = EDGE_CURVE ( 'NONE', #2866, #1582, #1738, .T. ) ;
#2460 = ORIENTED_EDGE ( 'NONE', *, *, #1669, .F. ) ;
#2461 = CARTESIAN_POINT ( 'NONE',  ( 12.32699588730925022, 120.0838714895134842, 15.50982518345434258 ) ) ;
#2462 = ORIENTED_EDGE ( 'NONE', *, *, #1093, .F. ) ;
#2463 = EDGE_CURVE ( 'NONE', #346, #2179, #2507, .T. ) ;
#2464 = FACE_OUTER_BOUND ( 'NONE', #2381, .T. ) ;
#2465 = AXIS2_PLACEMENT_3D ( 'NONE', #3280, #3265, #2799 ) ;
#2466 = CARTESIAN_POINT ( 'NONE',  ( 12.00000000000000178, 121.0000000000011937, 90.00000000000000000 ) ) ;
#2467 = DIRECTION ( 'NONE',  ( 0.000000000000000000, -1.000000000000000000, -3.491481338843133355E-15 ) ) ;
#2468 = ORIENTED_EDGE ( 'NONE', *, *, #2469, .T. ) ;
#2469 = EDGE_CURVE ( 'NONE', #1750, #964, #2766, .T. ) ;
#2470 = VERTEX_POINT ( 'NONE', #2748 ) ;
#2471 = DIRECTION ( 'NONE',  ( -0.7071067811865486830, -0.7071067811865464625, -2.468850131082262188E-15 ) ) ;
#2472 = DIRECTION ( 'NONE',  ( 0.000000000000000000, 0.000000000000000000, 1.000000000000000000 ) ) ;
#2473 = ORIENTED_EDGE ( 'NONE', *, *, #1195, .T. ) ;
#2474 = CARTESIAN_POINT ( 'NONE',  ( 12.00000000000000178, 120.5053795872587585, 77.50585788449932068 ) ) ;
#2475 = ORIENTED_EDGE ( 'NONE', *, *, #2560, .F. ) ;
#2476 = PLANE ( 'NONE',  #46 ) ;
#2477 = CYLINDRICAL_SURFACE ( 'NONE', #1638, 3.000000000000000888 ) ;
#2478 = PLANE ( 'NONE',  #1469 ) ;
#2479 = DIRECTION ( 'NONE',  ( 0.000000000000000000, -3.491481338843133355E-15, 1.000000000000000000 ) ) ;
#2480 = ADVANCED_FACE ( 'NONE', ( #436 ), #1472, .F. ) ;
#2481 = CARTESIAN_POINT ( 'NONE',  ( 53.00000000000000711, 118.0000000000011937, 8.000000000000000000 ) ) ;
#2482 = ADVANCED_FACE ( 'NONE', ( #818 ), #1265, .F. ) ;
#2483 = ORIENTED_EDGE ( 'NONE', *, *, #735, .T. ) ;
#2484 = VERTEX_POINT ( 'NONE', #2815 ) ;
#2485 = DIRECTION ( 'NONE',  ( 0.000000000000000000, -1.000000000000000000, -3.491481338843133355E-15 ) ) ;
#2486 = ORIENTED_EDGE ( 'NONE', *, *, #2496, .F. ) ;
#2487 = CARTESIAN_POINT ( 'NONE',  ( 12.00000000000000178, 118.5838714895134274, 33.50982518345433903 ) ) ;
#2488 = FACE_BOUND ( 'NONE', #1611, .T. ) ;
#2489 = ORIENTED_EDGE ( 'NONE', *, *, #2091, .T. ) ;
#2490 = PLANE ( 'NONE',  #43 ) ;
#2491 = CARTESIAN_POINT ( 'NONE',  ( 12.00000000000000178, 118.0643753028865603, 59.50585788449852487 ) ) ;
#2492 = ADVANCED_FACE ( 'NONE', ( #1823 ), #1245, .F. ) ;
#2493 = FACE_BOUND ( 'NONE', #2133, .T. ) ;
#2494 = DIRECTION ( 'NONE',  ( -0.7071067811865485719, -0.7071067811865465735, -2.296260220825017480E-13 ) ) ;
#2495 = CARTESIAN_POINT ( 'NONE',  ( 27.49999999999999645, 118.0000000000011937, 90.00000000000001421 ) ) ;
#2496 = EDGE_CURVE ( 'NONE', #3171, #52, #2762, .T. ) ;
#2497 = VECTOR ( 'NONE', #596, 1000.000000000000000 ) ;
#2498 = VECTOR ( 'NONE', #1260, 1000.000000000000000 ) ;
#2499 = EDGE_LOOP ( 'NONE', ( #1464, #1308 ) ) ;
#2500 = ORIENTED_EDGE ( 'NONE', *, *, #796, .T. ) ;
#2501 = EDGE_CURVE ( 'NONE', #2059, #2556, #3086, .T. ) ;
#2502 = EDGE_CURVE ( 'NONE', #2428, #2688, #2863, .T. ) ;
#2503 = AXIS2_PLACEMENT_3D ( 'NONE', #1261, #1536, #3001 ) ;
#2504 = VECTOR ( 'NONE', #2772, 1000.000000000000000 ) ;
#2505 = CARTESIAN_POINT ( 'NONE',  ( 27.49999999999999645, 118.0000000000011937, 2.999999999999996891 ) ) ;
#2506 = CARTESIAN_POINT ( 'NONE',  ( 11.99605061532599315, 120.0348774450756650, 59.50585788449915015 ) ) ;
#2507 = CIRCLE ( 'NONE', #3142, 0.9249999999999952704 ) ;
#2508 = VECTOR ( 'NONE', #1279, 1000.000000000000000 ) ;
#2509 = ORIENTED_EDGE ( 'NONE', *, *, #303, .T. ) ;
#2510 = DIRECTION ( 'NONE',  ( 0.000000000000000000, 1.000000000000000000, 3.491481338843133750E-15 ) ) ;
#2511 = ORIENTED_EDGE ( 'NONE', *, *, #2200, .F. ) ;
#2512 = CARTESIAN_POINT ( 'NONE',  ( 44.75000000000000000, 118.0000000000011937, 46.50000000000000000 ) ) ;
#2513 = DIRECTION ( 'NONE',  ( -0.000000000000000000, 3.491481338843133355E-15, -1.000000000000000000 ) ) ;
#2514 = AXIS2_PLACEMENT_3D ( 'NONE', #217, #3224, #1255 ) ;
#2515 = ORIENTED_EDGE ( 'NONE', *, *, #1898, .T. ) ;
#2516 = CARTESIAN_POINT ( 'NONE',  ( 40.49999999999999289, 115.5000000000011795, 89.00000000000000000 ) ) ;
#2517 = VECTOR ( 'NONE', #2836, 999.9999999999998863 ) ;
#2518 = ADVANCED_FACE ( 'NONE', ( #2831, #1073, #268, #1785, #3307, #1540, #2607, #2314, #2100 ), #1768, .F. ) ;
#2519 = ORIENTED_EDGE ( 'NONE', *, *, #2139, .F. ) ;
#2520 = ORIENTED_EDGE ( 'NONE', *, *, #1999, .F. ) ;
#2521 = CARTESIAN_POINT ( 'NONE',  ( 29.49999999999999645, 121.0000000000011937, 89.00000000000000000 ) ) ;
#2522 = ORIENTED_EDGE ( 'NONE', *, *, #1833, .F. ) ;
#2523 = LINE ( 'NONE', #2474, #105 ) ;
#2524 = ORIENTED_EDGE ( 'NONE', *, *, #2575, .F. ) ;
#2525 = EDGE_CURVE ( 'NONE', #171, #3121, #2578, .T. ) ;
#2526 =( LENGTH_UNIT ( ) NAMED_UNIT ( * ) SI_UNIT ( .MILLI., .METRE. ) );
#2527 = DIRECTION ( 'NONE',  ( 0.000000000000000000, -1.000000000000000000, -3.300663046182914920E-13 ) ) ;
#2528 = ADVANCED_FACE ( 'NONE', ( #1315 ), #1505, .F. ) ;
#2529 = CARTESIAN_POINT ( 'NONE',  ( 10.74585705722506113, 118.3598774450698130, 77.50585788449862434 ) ) ;
#2530 = DIRECTION ( 'NONE',  ( 0.000000000000000000, 0.000000000000000000, 1.000000000000000000 ) ) ;
#2531 = DIRECTION ( 'NONE',  ( 0.000000000000000000, -1.000000000000000000, -3.491481338843133355E-15 ) ) ;
#2532 = ORIENTED_EDGE ( 'NONE', *, *, #2077, .F. ) ;
#2533 = EDGE_LOOP ( 'NONE', ( #2674, #1909, #1923, #1349 ) ) ;
#2534 = CARTESIAN_POINT ( 'NONE',  ( 10.74585705722506113, 119.2848774450746987, 62.50585788449891567 ) ) ;
#2535 = LINE ( 'NONE', #1055, #3258 ) ;
#2537 = EDGE_LOOP ( 'NONE', ( #949, #3285, #1818, #2251 ) ) ;
#2536 = EDGE_CURVE ( 'NONE', #1955, #3028, #1526, .T. ) ;
#2538 = FACE_OUTER_BOUND ( 'NONE', #2155, .T. ) ;
#2539 = ORIENTED_EDGE ( 'NONE', *, *, #738, .T. ) ;
#2540 = ADVANCED_FACE ( 'NONE', ( #2538 ), #2032, .F. ) ;
#2541 = EDGE_CURVE ( 'NONE', #2610, #1406, #2796, .T. ) ;
#2542 = ADVANCED_FACE ( 'NONE', ( #1810 ), #3321, .T. ) ;
#2543 = DIRECTION ( 'NONE',  ( 0.000000000000000000, 0.000000000000000000, -1.000000000000000000 ) ) ;
#2544 = PLANE ( 'NONE',  #568 ) ;
#2545 = DIRECTION ( 'NONE',  ( 0.000000000000000000, -1.000000000000000000, -3.965082230804126670E-15 ) ) ;
#2546 = CYLINDRICAL_SURFACE ( 'NONE', #1300, 1.600000000000018074 ) ;
#2547 = DIRECTION ( 'NONE',  ( 0.000000000000000000, 0.000000000000000000, 1.000000000000000000 ) ) ;
#2548 = CARTESIAN_POINT ( 'NONE',  ( 12.00000000000000178, 120.5543736317023757, 33.50982518345434613 ) ) ;
#2549 = ORIENTED_EDGE ( 'NONE', *, *, #1726, .F. ) ;
#2550 = ORIENTED_EDGE ( 'NONE', *, *, #776, .T. ) ;
#2551 = AXIS2_PLACEMENT_3D ( 'NONE', #1775, #11, #1011 ) ;
#2552 = DIRECTION ( 'NONE',  ( -0.7071067811865485719, -0.7071067811865465735, -2.296260220825017480E-13 ) ) ;
#2553 = AXIS2_PLACEMENT_3D ( 'NONE', #1640, #2346, #580 ) ;
#2554 = AXIS2_PLACEMENT_3D ( 'NONE', #733, #247, #1228 ) ;
#2555 = DIRECTION ( 'NONE',  ( 0.000000000000000000, -1.000000000000000000, -3.251367429259384343E-13 ) ) ;
#2556 = VERTEX_POINT ( 'NONE', #2591 ) ;
#2557 = VECTOR ( 'NONE', #304, 1000.000000000000000 ) ;
#2558 = AXIS2_PLACEMENT_3D ( 'NONE', #828, #2829, #309 ) ;
#2559 = DIRECTION ( 'NONE',  ( 1.000000000000000000, 0.000000000000000000, 0.000000000000000000 ) ) ;
#2560 = EDGE_CURVE ( 'NONE', #919, #1680, #2332, .T. ) ;
#2561 = VECTOR ( 'NONE', #1599, 1000.000000000000000 ) ;
#2562 = AXIS2_PLACEMENT_3D ( 'NONE', #2943, #1478, #1745 ) ;
#2563 = VERTEX_POINT ( 'NONE', #3106 ) ;
#2564 = DIRECTION ( 'NONE',  ( -0.000000000000000000, 3.247402347028582376E-13, -1.000000000000000000 ) ) ;
#2565 = CARTESIAN_POINT ( 'NONE',  ( 10.74585705722506113, 119.3338714895134274, 33.50982518345433903 ) ) ;
#2566 = DIRECTION ( 'NONE',  ( 0.000000000000000000, 1.000000000000000000, 0.000000000000000000 ) ) ;
#2567 = CARTESIAN_POINT ( 'NONE',  ( 10.74585705722506113, 117.5838714895134842, 15.50982518345433725 ) ) ;
#2568 = AXIS2_PLACEMENT_3D ( 'NONE', #1067, #294, #533 ) ;
#2569 = EDGE_LOOP ( 'NONE', ( #500, #313, #2382, #1606 ) ) ;
#2570 = ORIENTED_EDGE ( 'NONE', *, *, #2737, .T. ) ;
#2571 = DIRECTION ( 'NONE',  ( 0.000000000000000000, -1.000000000000000000, -3.965082230804126670E-15 ) ) ;
#2572 = AXIS2_PLACEMENT_3D ( 'NONE', #562, #305, #1572 ) ;
#2573 = EDGE_CURVE ( 'NONE', #2355, #2950, #1849, .T. ) ;
#2574 = CARTESIAN_POINT ( 'NONE',  ( 44.75000000000000000, 121.0000000000011937, 46.50000000000000000 ) ) ;
#2575 = EDGE_CURVE ( 'NONE', #1475, #425, #2438, .T. ) ;
#2576 = ORIENTED_EDGE ( 'NONE', *, *, #2469, .F. ) ;
#2577 = ORIENTED_EDGE ( 'NONE', *, *, #485, .T. ) ;
#2578 = LINE ( 'NONE', #755, #1050 ) ;
#2579 = DIRECTION ( 'NONE',  ( 0.000000000000000000, 1.000000000000000000, 0.000000000000000000 ) ) ;
#2580 = ORIENTED_EDGE ( 'NONE', *, *, #1542, .F. ) ;
#2581 = DIRECTION ( 'NONE',  ( -0.000000000000000000, 1.000000000000000000, -0.000000000000000000 ) ) ;
#2582 = DIRECTION ( 'NONE',  ( 0.000000000000000000, -1.000000000000000000, 0.000000000000000000 ) ) ;
#2583 = LINE ( 'NONE', #2090, #1310 ) ;
#2584 = LINE ( 'NONE', #2529, #1352 ) ;
#2585 = LINE ( 'NONE', #1800, #3100 ) ;
#2586 = ORIENTED_EDGE ( 'NONE', *, *, #581, .F. ) ;
#2587 = ORIENTED_EDGE ( 'NONE', *, *, #2905, .F. ) ;
#2588 = FILL_AREA_STYLE ('',( #2878 ) ) ;
#2589 = EDGE_CURVE ( 'NONE', #245, #1582, #2131, .T. ) ;
#2590 = EDGE_LOOP ( 'NONE', ( #221, #635, #928, #1185 ) ) ;
#2591 = CARTESIAN_POINT ( 'NONE',  ( 10.09178328462724750, 119.9389512176719990, 62.50585788449912172 ) ) ;
#2592 = ORIENTED_EDGE ( 'NONE', *, *, #554, .F. ) ;
#2593 = CARTESIAN_POINT ( 'NONE',  ( 10.74585705722506113, 119.3338714895134274, 33.50982518345433903 ) ) ;
#2594 = DIRECTION ( 'NONE',  ( 0.000000000000000000, -1.000000000000000000, -3.750753461571493582E-15 ) ) ;
#2595 = CARTESIAN_POINT ( 'NONE',  ( 12.00000000000000178, 118.1133693473245216, 15.50982518345433903 ) ) ;
#2596 = FACE_OUTER_BOUND ( 'NONE', #1326, .T. ) ;
#2597 = LINE ( 'NONE', #1776, #1793 ) ;
#2598 = DIRECTION ( 'NONE',  ( 0.000000000000000000, -1.000000000000000000, -3.225647976951485001E-13 ) ) ;
#2599 = EDGE_CURVE ( 'NONE', #1767, #2647, #1628, .T. ) ;
#2600 = ORIENTED_EDGE ( 'NONE', *, *, #3293, .F. ) ;
#2601 = ORIENTED_EDGE ( 'NONE', *, *, #951, .F. ) ;
#2602 = LINE ( 'NONE', #1292, #665 ) ;
#2603 = ADVANCED_FACE ( 'NONE', ( #69 ), #1120, .F. ) ;
#2604 = ORIENTED_EDGE ( 'NONE', *, *, #490, .T. ) ;
#2605 = AXIS2_PLACEMENT_3D ( 'NONE', #674, #2479, #651 ) ;
#2606 = DIRECTION ( 'NONE',  ( 0.000000000000000000, -3.491481338843133355E-15, 1.000000000000000000 ) ) ;
#2607 = FACE_OUTER_BOUND ( 'NONE', #2173, .T. ) ;
#2608 = VECTOR ( 'NONE', #3072, 1000.000000000000000 ) ;
#2609 = VECTOR ( 'NONE', #397, 1000.000000000000000 ) ;
#2610 = VERTEX_POINT ( 'NONE', #2624 ) ;
#2611 = VECTOR ( 'NONE', #686, 1000.000000000000000 ) ;
#2612 = LINE ( 'NONE', #1023, #2608 ) ;
#2613 = CIRCLE ( 'NONE', #2558, 0.9249999999999952704 ) ;
#2614 = DIRECTION ( 'NONE',  ( -0.000000000000000000, 3.247402347028582376E-13, -1.000000000000000000 ) ) ;
#2615 = CARTESIAN_POINT ( 'NONE',  ( 10.74585705722506113, 119.3338714895134842, 15.50982518345434258 ) ) ;
#2616 = AXIS2_PLACEMENT_3D ( 'NONE', #2350, #413, #1647 ) ;
#2617 = PLANE ( 'NONE',  #2568 ) ;
#2618 = ORIENTED_EDGE ( 'NONE', *, *, #489, .F. ) ;
#2619 = VERTEX_POINT ( 'NONE', #1367 ) ;
#2620 = CARTESIAN_POINT ( 'NONE',  ( 12.00000000000000178, 118.1133693473244648, 33.50982518345433192 ) ) ;
#2621 = DIRECTION ( 'NONE',  ( 0.000000000000000000, 1.000000000000000000, 3.300663046182914920E-13 ) ) ;
#2622 = ORIENTED_EDGE ( 'NONE', *, *, #1529, .F. ) ;
#2623 = AXIS2_PLACEMENT_3D ( 'NONE', #845, #777, #261 ) ;
#2624 = CARTESIAN_POINT ( 'NONE',  ( 40.49999999999997868, 121.0000000000011937, 87.00000000000000000 ) ) ;
#2625 = VECTOR ( 'NONE', #771, 1000.000000000000000 ) ;
#2626 = EDGE_LOOP ( 'NONE', ( #2914, #2684 ) ) ;
#2627 = FACE_OUTER_BOUND ( 'NONE', #205, .T. ) ;
#2628 = CARTESIAN_POINT ( 'NONE',  ( 52.99999999999998579, 115.5000000000011795, 83.39999999999999147 ) ) ;
#2629 = DIRECTION ( 'NONE',  ( 0.000000000000000000, -3.491481338843133355E-15, 1.000000000000000000 ) ) ;
#2630 = ADVANCED_FACE ( 'NONE', ( #1859, #1150 ), #1612, .T. ) ;
#2631 = DIRECTION ( 'NONE',  ( -0.000000000000000000, -1.000000000000000000, -0.000000000000000000 ) ) ;
#2632 = EDGE_LOOP ( 'NONE', ( #1074, #406, #2101, #1465 ) ) ;
#2633 = ORIENTED_EDGE ( 'NONE', *, *, #1645, .T. ) ;
#2634 = SURFACE_SIDE_STYLE ('',( #3152 ) ) ;
#2635 = CARTESIAN_POINT ( 'NONE',  ( 14.00000000000000178, 118.1133693473243227, 33.50982518345433903 ) ) ;
#2636 = ORIENTED_EDGE ( 'NONE', *, *, #874, .T. ) ;
#2637 = ORIENTED_EDGE ( 'NONE', *, *, #244, .T. ) ;
#2638 = CARTESIAN_POINT ( 'NONE',  ( 44.75000000000000000, 121.0000000000011937, 44.50000000000000000 ) ) ;
#2639 = EDGE_CURVE ( 'NONE', #482, #704, #389, .T. ) ;
#2640 = VERTEX_POINT ( 'NONE', #3138 ) ;
#2641 = CARTESIAN_POINT ( 'NONE',  ( 10.09178328462714269, 118.6308036724726236, 77.50585788449870961 ) ) ;
#2642 = CARTESIAN_POINT ( 'NONE',  ( 12.00000000000000178, 120.0348774450940113, 2.999999999999686473 ) ) ;
#2643 = DIRECTION ( 'NONE',  ( 0.000000000000000000, 1.000000000000000000, 0.000000000000000000 ) ) ;
#2644 = EDGE_CURVE ( 'NONE', #1215, #488, #1153, .T. ) ;
#2645 = EDGE_CURVE ( 'NONE', #1021, #864, #558, .T. ) ;
#2646 = CARTESIAN_POINT ( 'NONE',  ( 10.74585705722506113, 119.2848774450756650, 59.50585788449891567 ) ) ;
#2647 = VERTEX_POINT ( 'NONE', #2367 ) ;
#2648 = ORIENTED_EDGE ( 'NONE', *, *, #1338, .T. ) ;
#2649 = DIRECTION ( 'NONE',  ( 0.000000000000000000, -3.491481338843133355E-15, 1.000000000000000000 ) ) ;
#2650 = ORIENTED_EDGE ( 'NONE', *, *, #2250, .F. ) ;
#2651 = ORIENTED_EDGE ( 'NONE', *, *, #431, .T. ) ;
#2652 = FACE_OUTER_BOUND ( 'NONE', #1715, .T. ) ;
#2653 = CARTESIAN_POINT ( 'NONE',  ( 10.74585705722506113, 119.2848774450698102, 77.50585788449893698 ) ) ;
#2654 = ORIENTED_EDGE ( 'NONE', *, *, #959, .T. ) ;
#2655 = AXIS2_PLACEMENT_3D ( 'NONE', #926, #1958, #410 ) ;
#2656 = CARTESIAN_POINT ( 'NONE',  ( 12.00000000000000178, 121.0000000000011937, 3.000000000000000000 ) ) ;
#2657 = EDGE_CURVE ( 'NONE', #2794, #488, #301, .T. ) ;
#2658 = AXIS2_PLACEMENT_3D ( 'NONE', #3038, #2406, #2837 ) ;
#2659 = PRESENTATION_LAYER_ASSIGNMENT (  '', '', ( #775 ) ) ;
#2660 = CIRCLE ( 'NONE', #1965, 2.000000000000001776 ) ;
#2661 = VECTOR ( 'NONE', #147, 1000.000000000000000 ) ;
#2662 = CYLINDRICAL_SURFACE ( 'NONE', #2825, 0.9249999999999952704 ) ;
#2663 = VECTOR ( 'NONE', #2210, 1000.000000000000000 ) ;
#2664 = AXIS2_PLACEMENT_3D ( 'NONE', #2777, #1806, #830 ) ;
#2665 = ORIENTED_EDGE ( 'NONE', *, *, #1059, .F. ) ;
#2666 = CARTESIAN_POINT ( 'NONE',  ( 9.508420190148340723, 120.5223143121518632, 59.50585788449931357 ) ) ;
#2667 = EDGE_LOOP ( 'NONE', ( #3061, #3102, #1871, #2967 ) ) ;
#2668 = ORIENTED_EDGE ( 'NONE', *, *, #129, .T. ) ;
#2669 = CARTESIAN_POINT ( 'NONE',  ( 11.99605061532599315, 120.0348774450756650, 59.50585788449915015 ) ) ;
#2670 = CARTESIAN_POINT ( 'NONE',  ( 53.00000000000000711, 120.0000000000011937, 8.000000000000000000 ) ) ;
#2671 = ADVANCED_FACE ( 'NONE', ( #2652 ), #2912, .T. ) ;
#2672 = CARTESIAN_POINT ( 'NONE',  ( 17.00000000000000000, 115.5000000000011795, 9.600000000000003197 ) ) ;
#2673 = VECTOR ( 'NONE', #2184, 1000.000000000000000 ) ;
#2674 = ORIENTED_EDGE ( 'NONE', *, *, #407, .T. ) ;
#2675 = AXIS2_PLACEMENT_3D ( 'NONE', #1794, #37, #3324 ) ;
#2676 = DIRECTION ( 'NONE',  ( -0.002632913989968059098, 0.9999965338759536637, 3.491469236935707336E-15 ) ) ;
#2677 = DIRECTION ( 'NONE',  ( -0.000000000000000000, 1.000000000000000000, -0.000000000000000000 ) ) ;
#2678 = CARTESIAN_POINT ( 'NONE',  ( 10.74585705722506113, 119.2848774450698102, 77.50585788449893698 ) ) ;
#2679 = ADVANCED_FACE ( 'NONE', ( #3158 ), #2113, .F. ) ;
#2680 = EDGE_LOOP ( 'NONE', ( #2856, #276, #2095, #127 ) ) ;
#2681 = CARTESIAN_POINT ( 'NONE',  ( 10.74585705722506113, 119.3338714895134700, 18.50982518345434613 ) ) ;
#2682 = VERTEX_POINT ( 'NONE', #2672 ) ;
#2683 = EDGE_CURVE ( 'NONE', #2806, #3183, #2420, .T. ) ;
#2684 = ORIENTED_EDGE ( 'NONE', *, *, #106, .T. ) ;
#2685 = FACE_OUTER_BOUND ( 'NONE', #1227, .T. ) ;
#2686 = CARTESIAN_POINT ( 'NONE',  ( 12.00000000000000178, 120.5053795872646134, 59.50585788449931357 ) ) ;
#2687 = FACE_OUTER_BOUND ( 'NONE', #1275, .T. ) ;
#2688 = VERTEX_POINT ( 'NONE', #626 ) ;
#2689 = DIRECTION ( 'NONE',  ( -0.000000000000000000, 3.491481338843133355E-15, -1.000000000000000000 ) ) ;
#2690 = DIRECTION ( 'NONE',  ( 0.000000000000000000, 1.000000000000000000, 0.000000000000000000 ) ) ;
#2691 = VERTEX_POINT ( 'NONE', #2638 ) ;
#2692 = ADVANCED_FACE ( 'NONE', ( #329 ), #49, .F. ) ;
#2693 = DIRECTION ( 'NONE',  ( 0.000000000000000000, 1.000000000000000000, 3.251367429259384343E-13 ) ) ;
#2694 = CARTESIAN_POINT ( 'NONE',  ( 12.32699588730925022, 120.0838714895134274, 33.50982518345436745 ) ) ;
#2695 = VERTEX_POINT ( 'NONE', #1348 ) ;
#2696 = ORIENTED_EDGE ( 'NONE', *, *, #2356, .F. ) ;
#2697 = DIRECTION ( 'NONE',  ( 1.000000000000000000, 0.000000000000000000, -1.577021341797101998E-16 ) ) ;
#2698 = CARTESIAN_POINT ( 'NONE',  ( 12.00000000000000178, 118.5348774450698102, 77.50585788449868119 ) ) ;
#2699 = ADVANCED_FACE ( 'NONE', ( #2384 ), #3190, .F. ) ;
#2700 = ORIENTED_EDGE ( 'NONE', *, *, #874, .F. ) ;
#2701 = CARTESIAN_POINT ( 'NONE',  ( 10.09178328462714269, 118.6797977169162692, 18.50982518345434613 ) ) ;
#2702 = LINE ( 'NONE', #382, #499 ) ;
#2703 = AXIS2_PLACEMENT_3D ( 'NONE', #907, #1936, #2953 ) ;
#2704 = ORIENTED_EDGE ( 'NONE', *, *, #659, .F. ) ;
#2705 = AXIS2_PLACEMENT_3D ( 'NONE', #483, #765, #1984 ) ;
#2706 = DIRECTION ( 'NONE',  ( 0.000000000000000000, -1.000000000000000000, -3.247402347028582376E-13 ) ) ;
#2707 = DIRECTION ( 'NONE',  ( 0.000000000000000000, -0.000000000000000000, 1.000000000000000000 ) ) ;
#2708 = VECTOR ( 'NONE', #2158, 1000.000000000000000 ) ;
#2709 = DIRECTION ( 'NONE',  ( 0.000000000000000000, 0.000000000000000000, 1.000000000000000000 ) ) ;
#2710 = VECTOR ( 'NONE', #2942, 999.9999999999998863 ) ;
#2711 = CARTESIAN_POINT ( 'NONE',  ( 11.99605061532599315, 120.0838714895134700, 18.50982518345434613 ) ) ;
#2712 = LINE ( 'NONE', #394, #4 ) ;
#2713 = AXIS2_PLACEMENT_3D ( 'NONE', #1566, #1004, #232 ) ;
#2714 = CIRCLE ( 'NONE', #1528, 1.750000000000001554 ) ;
#2715 = ORIENTED_EDGE ( 'NONE', *, *, #1295, .F. ) ;
#2716 = VERTEX_POINT ( 'NONE', #3044 ) ;
#2717 = CARTESIAN_POINT ( 'NONE',  ( 29.49999999999999645, 121.0000000000011937, 3.999999999999996447 ) ) ;
#2718 = CARTESIAN_POINT ( 'NONE',  ( 10.74585705722506113, 119.2848774450707765, 74.50585788449892277 ) ) ;
#2719 = CARTESIAN_POINT ( 'NONE',  ( 10.09178328462724750, 119.9389512176680910, 74.50585788449915015 ) ) ;
#2720 = DIRECTION ( 'NONE',  ( -0.000000000000000000, 1.000000000000000000, -0.000000000000000000 ) ) ;
#2721 = ORIENTED_EDGE ( 'NONE', *, *, #2905, .T. ) ;
#2722 = CARTESIAN_POINT ( 'NONE',  ( 29.49999999999999645, 115.5000000000011795, 5.999999999999994671 ) ) ;
#2723 = ORIENTED_EDGE ( 'NONE', *, *, #384, .T. ) ;
#2724 = CARTESIAN_POINT ( 'NONE',  ( 12.00000000000000178, 120.5053795872646134, 59.50585788449931357 ) ) ;
#2725 = CARTESIAN_POINT ( 'NONE',  ( 12.00000000000000178, 118.1133693473243795, 15.50982518345435679 ) ) ;
#2726 = PRODUCT_DEFINITION_FORMATION_WITH_SPECIFIED_SOURCE ( 'ANY', '', #1682, .NOT_KNOWN. ) ;
#2727 = ORIENTED_EDGE ( 'NONE', *, *, #2435, .F. ) ;
#2728 = LINE ( 'NONE', #2906, #2452 ) ;
#2729 = EDGE_LOOP ( 'NONE', ( #954, #3127, #2048, #2767 ) ) ;
#2730 = ORIENTED_EDGE ( 'NONE', *, *, #1246, .F. ) ;
#2731 = CARTESIAN_POINT ( 'NONE',  ( 12.00000000000000178, 121.0000000000010942, 30.50982518345434968 ) ) ;
#2732 = ORIENTED_EDGE ( 'NONE', *, *, #1233, .F. ) ;
#2733 = PLANE ( 'NONE',  #556 ) ;
#2734 = EDGE_CURVE ( 'NONE', #263, #346, #1012, .T. ) ;
#2735 = ORIENTED_EDGE ( 'NONE', *, *, #1500, .T. ) ;
#2736 = CYLINDRICAL_SURFACE ( 'NONE', #1866, 1.750000000000001554 ) ;
#2737 = EDGE_CURVE ( 'NONE', #2237, #1453, #2308, .T. ) ;
#2738 = EDGE_CURVE ( 'NONE', #52, #2946, #398, .T. ) ;
#2739 = EDGE_CURVE ( 'NONE', #586, #1453, #746, .T. ) ;
#2740 = DIRECTION ( 'NONE',  ( -1.000000000000000000, 0.000000000000000000, -0.000000000000000000 ) ) ;
#2741 = DIRECTION ( 'NONE',  ( 0.000000000000000000, -0.000000000000000000, 1.000000000000000000 ) ) ;
#2742 = ORIENTED_EDGE ( 'NONE', *, *, #2318, .T. ) ;
#2743 = ORIENTED_EDGE ( 'NONE', *, *, #2941, .F. ) ;
#2744 = LINE ( 'NONE', #2260, #2119 ) ;
#2745 = LINE ( 'NONE', #3273, #1902 ) ;
#2746 = ORIENTED_EDGE ( 'NONE', *, *, #3116, .T. ) ;
#2747 = DIRECTION ( 'NONE',  ( -0.000000000000000000, 3.491481338843133355E-15, -1.000000000000000000 ) ) ;
#2748 = CARTESIAN_POINT ( 'NONE',  ( 52.99999999999998579, 121.0000000000011937, 88.00000000000000000 ) ) ;
#2749 = EDGE_LOOP ( 'NONE', ( #1087, #3301, #3256, #2797 ) ) ;
#2750 = EDGE_CURVE ( 'NONE', #1139, #3028, #2024, .T. ) ;
#2751 = CARTESIAN_POINT ( 'NONE',  ( 12.00000000000000178, 118.5348774450746987, 62.50585788449866698 ) ) ;
#2752 = ORIENTED_EDGE ( 'NONE', *, *, #796, .F. ) ;
#2753 = AXIS2_PLACEMENT_3D ( 'NONE', #2466, #146, #2740 ) ;
#2754 = DIRECTION ( 'NONE',  ( 0.000000000000000000, 0.000000000000000000, 1.000000000000000000 ) ) ;
#2755 = VECTOR ( 'NONE', #2747, 1000.000000000000000 ) ;
#2756 =( GEOMETRIC_REPRESENTATION_CONTEXT ( 3 ) GLOBAL_UNCERTAINTY_ASSIGNED_CONTEXT ( ( #469 ) ) GLOBAL_UNIT_ASSIGNED_CONTEXT ( ( #784, #1834, #1101 ) ) REPRESENTATION_CONTEXT ( 'NONE', 'WORKASPACE' ) );
#2757 = EDGE_LOOP ( 'NONE', ( #2576, #980, #2, #1690 ) ) ;
#2758 = ORIENTED_EDGE ( 'NONE', *, *, #1618, .F. ) ;
#2759 = AXIS2_PLACEMENT_3D ( 'NONE', #1772, #2564, #2869 ) ;
#2760 = DIRECTION ( 'NONE',  ( 0.000000000000000000, -1.000000000000000000, -3.247402347028582376E-13 ) ) ;
#2761 = DIRECTION ( 'NONE',  ( 0.9999965338759536637, 0.002632913989968058664, 9.192770062752493838E-18 ) ) ;
#2762 = CIRCLE ( 'NONE', #3203, 2.000000000000001776 ) ;
#2763 = VECTOR ( 'NONE', #233, 1000.000000000000000 ) ;
#2764 = ORIENTED_EDGE ( 'NONE', *, *, #2738, .F. ) ;
#2765 = EDGE_CURVE ( 'NONE', #1139, #2109, #1511, .T. ) ;
#2766 = LINE ( 'NONE', #1987, #2868 ) ;
#2767 = ORIENTED_EDGE ( 'NONE', *, *, #1583, .T. ) ;
#2768 = CARTESIAN_POINT ( 'NONE',  ( 29.49999999999999645, 115.5000000000011795, 5.999999999999994671 ) ) ;
#2769 = DIRECTION ( 'NONE',  ( 0.000000000000000000, 1.000000000000000000, 3.965082230804126670E-15 ) ) ;
#2770 = VECTOR ( 'NONE', #595, 1000.000000000000000 ) ;
#2771 = DIRECTION ( 'NONE',  ( 0.000000000000000000, 0.000000000000000000, 1.000000000000000000 ) ) ;
#2772 = DIRECTION ( 'NONE',  ( 0.000000000000000000, -1.000000000000000000, -3.247402347028582376E-13 ) ) ;
#2773 = EDGE_CURVE ( 'NONE', #1054, #253, #2271, .T. ) ;
#2774 = ORIENTED_EDGE ( 'NONE', *, *, #2049, .T. ) ;
#2775 = ORIENTED_EDGE ( 'NONE', *, *, #578, .F. ) ;
#2776 = DIRECTION ( 'NONE',  ( -0.000000000000000000, -1.000000000000000000, -0.000000000000000000 ) ) ;
#2777 = CARTESIAN_POINT ( 'NONE',  ( 10.74585705722506113, 119.3338714895134842, 15.50982518345434258 ) ) ;
#2778 = ADVANCED_FACE ( 'NONE', ( #933 ), #498, .F. ) ;
#2779 = ORIENTED_EDGE ( 'NONE', *, *, #2062, .F. ) ;
#2780 = EDGE_CURVE ( 'NONE', #815, #873, #480, .T. ) ;
#2781 = DIRECTION ( 'NONE',  ( 1.000000000000000000, 0.000000000000000000, 0.000000000000000000 ) ) ;
#2782 = DIRECTION ( 'NONE',  ( -0.000000000000000000, 3.491481338843133355E-15, -1.000000000000000000 ) ) ;
#2783 = ORIENTED_EDGE ( 'NONE', *, *, #421, .F. ) ;
#2784 = DIRECTION ( 'NONE',  ( -1.000000000000000000, 0.000000000000000000, 0.000000000000000000 ) ) ;
#2785 = PLANE ( 'NONE',  #2934 ) ;
#2786 = CARTESIAN_POINT ( 'NONE',  ( 10.09178328462714269, 118.6308036724736041, 74.50585788449870961 ) ) ;
#2787 = DIRECTION ( 'NONE',  ( 0.000000000000000000, -1.000000000000000000, -3.247402347028582376E-13 ) ) ;
#2788 = CARTESIAN_POINT ( 'NONE',  ( 12.00000000000000178, 120.9999999999770068, 77.50585788449949121 ) ) ;
#2789 = VERTEX_POINT ( 'NONE', #3326 ) ;
#2790 = ORIENTED_EDGE ( 'NONE', *, *, #2502, .F. ) ;
#2791 = EDGE_CURVE ( 'NONE', #825, #81, #1027, .T. ) ;
#2792 = CARTESIAN_POINT ( 'NONE',  ( 57.99999999999999289, 121.0000000000011937, 3.000000000000000000 ) ) ;
#2793 = ORIENTED_EDGE ( 'NONE', *, *, #1252, .T. ) ;
#2794 = VERTEX_POINT ( 'NONE', #996 ) ;
#2795 = ADVANCED_FACE ( 'NONE', ( #118 ), #139, .T. ) ;
#2796 = LINE ( 'NONE', #1281, #2341 ) ;
#2797 = ORIENTED_EDGE ( 'NONE', *, *, #1288, .T. ) ;
#2798 = LINE ( 'NONE', #1556, #1305 ) ;
#2799 = DIRECTION ( 'NONE',  ( 0.000000000000000000, 0.000000000000000000, 1.000000000000000000 ) ) ;
#2800 = ADVANCED_BREP_SHAPE_REPRESENTATION ( 'TopShelf', ( #1762, #1744, #692, #1981 ), #460 ) ;
#2801 = CARTESIAN_POINT ( 'NONE',  ( 44.75000000000000000, 118.0000000000011937, 46.50000000000000000 ) ) ;
#2802 = ADVANCED_FACE ( 'NONE', ( #918 ), #2804, .F. ) ;
#2803 = CARTESIAN_POINT ( 'NONE',  ( 40.49999999999997868, 118.0000000000011937, 5.999999999999995559 ) ) ;
#2804 = CYLINDRICAL_SURFACE ( 'NONE', #2353, 3.000000000000000888 ) ;
#2805 = DIRECTION ( 'NONE',  ( 0.000000000000000000, -1.000000000000000000, -3.251367429259384343E-13 ) ) ;
#2806 = VERTEX_POINT ( 'NONE', #1777 ) ;
#2807 = ORIENTED_EDGE ( 'NONE', *, *, #1036, .T. ) ;
#2808 = VECTOR ( 'NONE', #273, 1000.000000000000000 ) ;
#2809 = DIRECTION ( 'NONE',  ( 0.000000000000000000, -3.491481338843133355E-15, 1.000000000000000000 ) ) ;
#2810 = DIRECTION ( 'NONE',  ( -1.000000000000000000, 0.000000000000000000, 0.000000000000000000 ) ) ;
#2811 = AXIS2_PLACEMENT_3D ( 'NONE', #404, #889, #645 ) ;
#2812 = EDGE_LOOP ( 'NONE', ( #900, #2348, #422, #41 ) ) ;
#2813 = CIRCLE ( 'NONE', #3249, 3.000000000000000888 ) ;
#2814 = VECTOR ( 'NONE', #1591, 1000.000000000000000 ) ;
#2815 = CARTESIAN_POINT ( 'NONE',  ( 12.00000000000000178, 120.0348774450746987, 62.50585788449915015 ) ) ;
#2816 = VECTOR ( 'NONE', #2781, 1000.000000000000000 ) ;
#2817 = AXIS2_PLACEMENT_3D ( 'NONE', #819, #2145, #2913 ) ;
#2818 = ORIENTED_EDGE ( 'NONE', *, *, #174, .F. ) ;
#2819 = AXIS2_PLACEMENT_3D ( 'NONE', #2041, #1272, #3058 ) ;
#2820 = CARTESIAN_POINT ( 'NONE',  ( 10.74585705722506113, 119.3338714895134700, 18.50982518345434613 ) ) ;
#2821 = PLANE ( 'NONE',  #1922 ) ;
#2822 = EDGE_CURVE ( 'NONE', #3332, #2347, #2289, .T. ) ;
#2823 = DIRECTION ( 'NONE',  ( 0.000000000000000000, 0.000000000000000000, 1.000000000000000000 ) ) ;
#2824 = DIRECTION ( 'NONE',  ( 0.000000000000000000, -1.000000000000000000, -3.251367429259384343E-13 ) ) ;
#2825 = AXIS2_PLACEMENT_3D ( 'NONE', #2678, #108, #1387 ) ;
#2826 = ORIENTED_EDGE ( 'NONE', *, *, #235, .F. ) ;
#2827 = VERTEX_POINT ( 'NONE', #1273 ) ;
#2828 = CIRCLE ( 'NONE', #2994, 1.750000000000001554 ) ;
#2829 = DIRECTION ( 'NONE',  ( -0.000000000000000000, 3.491481338843133355E-15, -1.000000000000000000 ) ) ;
#2830 = ORIENTED_EDGE ( 'NONE', *, *, #3331, .F. ) ;
#2831 = FACE_BOUND ( 'NONE', #1438, .T. ) ;
#2832 = ORIENTED_EDGE ( 'NONE', *, *, #652, .F. ) ;
#2833 = ADVANCED_FACE ( 'NONE', ( #643 ), #2962, .F. ) ;
#2834 = DIRECTION ( 'NONE',  ( -1.000000000000000000, 0.000000000000000000, 0.000000000000000000 ) ) ;
#2835 = DIRECTION ( 'NONE',  ( 0.000000000000000000, 1.000000000000000000, 3.491481338843133355E-15 ) ) ;
#2836 = DIRECTION ( 'NONE',  ( 0.7071067811865558994, -0.7071067811865392461, -2.468850131082236156E-15 ) ) ;
#2837 = DIRECTION ( 'NONE',  ( 0.7071067811865558994, -0.7071067811865392461, -2.468850131082236156E-15 ) ) ;
#2838 = CARTESIAN_POINT ( 'NONE',  ( 12.00000000000000178, 120.5543736317023615, 33.50982518345436745 ) ) ;
#2839 = EDGE_CURVE ( 'NONE', #915, #2716, #846, .T. ) ;
#2840 = DIRECTION ( 'NONE',  ( 1.000000000000000000, 0.000000000000000000, 0.000000000000000000 ) ) ;
#2841 = EDGE_CURVE ( 'NONE', #81, #1642, #1705, .T. ) ;
#2842 = EDGE_CURVE ( 'NONE', #250, #851, #3040, .T. ) ;
#2843 = ORIENTED_EDGE ( 'NONE', *, *, #1053, .F. ) ;
#2844 = ORIENTED_EDGE ( 'NONE', *, *, #2245, .F. ) ;
#2845 = DIRECTION ( 'NONE',  ( 0.000000000000000000, 0.000000000000000000, 1.000000000000000000 ) ) ;
#2846 = ORIENTED_EDGE ( 'NONE', *, *, #1131, .T. ) ;
#2847 = CARTESIAN_POINT ( 'NONE',  ( 10.74585705722506113, 119.2848774450756650, 59.50585788449891567 ) ) ;
#2848 = ORIENTED_EDGE ( 'NONE', *, *, #1770, .T. ) ;
#2849 = FACE_OUTER_BOUND ( 'NONE', #1701, .T. ) ;
#2850 = CYLINDRICAL_SURFACE ( 'NONE', #1165, 0.9249999999999952704 ) ;
#2851 = DIRECTION ( 'NONE',  ( -0.000000000000000000, 3.491481338843133355E-15, -1.000000000000000000 ) ) ;
#2852 = CARTESIAN_POINT ( 'NONE',  ( 17.00000000000000000, 120.0000000000011937, 4.999999999999999112 ) ) ;
#2853 = EDGE_CURVE ( 'NONE', #266, #3205, #2361, .T. ) ;
#2854 = FACE_OUTER_BOUND ( 'NONE', #1187, .T. ) ;
#2855 = CARTESIAN_POINT ( 'NONE',  ( 44.75000000000000000, 116.4000000000011994, 48.50000000000000000 ) ) ;
#2856 = ORIENTED_EDGE ( 'NONE', *, *, #1622, .F. ) ;
#2857 = VERTEX_POINT ( 'NONE', #306 ) ;
#2858 = CYLINDRICAL_SURFACE ( 'NONE', #165, 2.000000000000001776 ) ;
#2859 = VECTOR ( 'NONE', #517, 1000.000000000000000 ) ;
#2860 = ORIENTED_EDGE ( 'NONE', *, *, #951, .T. ) ;
#2861 = CIRCLE ( 'NONE', #1041, 3.000000000000000888 ) ;
#2862 = EDGE_CURVE ( 'NONE', #3205, #1014, #38, .T. ) ;
#2863 = LINE ( 'NONE', #526, #1742 ) ;
#2864 = CIRCLE ( 'NONE', #1413, 1.750000000000001554 ) ;
#2865 = AXIS2_PLACEMENT_3D ( 'NONE', #1731, #3031, #953 ) ;
#2866 = VERTEX_POINT ( 'NONE', #316 ) ;
#2867 = ADVANCED_FACE ( 'NONE', ( #579 ), #2121, .T. ) ;
#2868 = VECTOR ( 'NONE', #3003, 1000.000000000000000 ) ;
#2869 = DIRECTION ( 'NONE',  ( 0.000000000000000000, -1.000000000000000000, -3.300663046182914920E-13 ) ) ;
#2870 = AXIS2_PLACEMENT_3D ( 'NONE', #2516, #1238, #447 ) ;
#2871 = PRESENTATION_STYLE_ASSIGNMENT (( #1588 ) ) ;
#2872 = CARTESIAN_POINT ( 'NONE',  ( 10.74585705722506113, 121.0838714895134274, 30.50982518345434968 ) ) ;
#2873 = AXIS2_PLACEMENT_3D ( 'NONE', #2214, #1204, #1402 ) ;
#2874 = CARTESIAN_POINT ( 'NONE',  ( 52.99999999999998579, 120.0000000000011937, 84.99999999999998579 ) ) ;
#2875 = ORIENTED_EDGE ( 'NONE', *, *, #856, .F. ) ;
#2876 = ORIENTED_EDGE ( 'NONE', *, *, #1061, .F. ) ;
#2877 = EDGE_CURVE ( 'NONE', #2695, #852, #2585, .T. ) ;
#2878 = FILL_AREA_STYLE_COLOUR ( '', #1100 ) ;
#2879 = VERTEX_POINT ( 'NONE', #3098 ) ;
#2880 = ORIENTED_EDGE ( 'NONE', *, *, #688, .T. ) ;
#2881 = AXIS2_PLACEMENT_3D ( 'NONE', #368, #1921, #1404 ) ;
#2882 = EDGE_CURVE ( 'NONE', #2264, #798, #2407, .T. ) ;
#2883 = DIRECTION ( 'NONE',  ( -0.000000000000000000, 1.000000000000000000, -0.000000000000000000 ) ) ;
#2884 = DIRECTION ( 'NONE',  ( -0.000000000000000000, 3.247402347028582376E-13, -1.000000000000000000 ) ) ;
#2885 = CIRCLE ( 'NONE', #2409, 3.000000000000000888 ) ;
#2886 = ADVANCED_FACE ( 'NONE', ( #2854 ), #3111, .F. ) ;
#2887 = EDGE_CURVE ( 'NONE', #648, #1699, #563, .T. ) ;
#2888 = ORIENTED_EDGE ( 'NONE', *, *, #2988, .T. ) ;
#2889 = DIRECTION ( 'NONE',  ( -0.000000000000000000, 1.000000000000000000, -0.000000000000000000 ) ) ;
#2890 = SURFACE_STYLE_FILL_AREA ( #1571 ) ;
#2891 = LINE ( 'NONE', #1842, #2625 ) ;
#2892 = DIRECTION ( 'NONE',  ( -0.000000000000000000, 1.000000000000000000, -0.000000000000000000 ) ) ;
#2893 = LINE ( 'NONE', #75, #1961 ) ;
#2894 = ORIENTED_EDGE ( 'NONE', *, *, #3047, .F. ) ;
#2895 = ORIENTED_EDGE ( 'NONE', *, *, #625, .F. ) ;
#2896 = PRESENTATION_STYLE_ASSIGNMENT (( #850 ) ) ;
#2897 = ORIENTED_EDGE ( 'NONE', *, *, #2839, .T. ) ;
#2898 = ORIENTED_EDGE ( 'NONE', *, *, #1789, .T. ) ;
#2899 = CARTESIAN_POINT ( 'NONE',  ( 53.00000000000000711, 118.0000000000011937, 6.400000000000002132 ) ) ;
#2900 = ORIENTED_EDGE ( 'NONE', *, *, #3155, .F. ) ;
#2901 = LINE ( 'NONE', #102, #2279 ) ;
#2902 = FILL_AREA_STYLE_COLOUR ( '', #2079 ) ;
#2903 = FACE_OUTER_BOUND ( 'NONE', #1586, .T. ) ;
#2904 = ORIENTED_EDGE ( 'NONE', *, *, #896, .T. ) ;
#2905 = EDGE_CURVE ( 'NONE', #2556, #1963, #679, .T. ) ;
#2906 = CARTESIAN_POINT ( 'NONE',  ( 10.09178328462724750, 119.9389512176719990, 62.50585788449912172 ) ) ;
#2907 = CARTESIAN_POINT ( 'NONE',  ( 10.74585705722506113, 119.2848774450698102, 77.50585788449893698 ) ) ;
#2908 = ORIENTED_EDGE ( 'NONE', *, *, #1363, .F. ) ;
#2909 = ORIENTED_EDGE ( 'NONE', *, *, #22, .F. ) ;
#2910 = CARTESIAN_POINT ( 'NONE',  ( 12.00000000000000178, 118.1133693473243795, 15.50982518345435679 ) ) ;
#2911 = CARTESIAN_POINT ( 'NONE',  ( 10.09178328462714269, 118.6797977169162976, 15.50982518345434258 ) ) ;
#2912 = CYLINDRICAL_SURFACE ( 'NONE', #2282, 1.750000000000001554 ) ;
#2913 = DIRECTION ( 'NONE',  ( 0.000000000000000000, -1.000000000000000000, -3.247402347028582376E-13 ) ) ;
#2914 = ORIENTED_EDGE ( 'NONE', *, *, #26, .T. ) ;
#2915 = AXIS2_PLACEMENT_3D ( 'NONE', #1161, #2188, #1939 ) ;
#2916 = LINE ( 'NONE', #1602, #3 ) ;
#2917 = EDGE_CURVE ( 'NONE', #964, #456, #15, .T. ) ;
#2918 = MECHANICAL_DESIGN_GEOMETRIC_PRESENTATION_REPRESENTATION (  '', ( #775 ), #2756 ) ;
#2919 = CIRCLE ( 'NONE', #503, 1.750000000000001554 ) ;
#2920 = AXIS2_PLACEMENT_3D ( 'NONE', #298, #3131, #3103 ) ;
#2921 = CARTESIAN_POINT ( 'NONE',  ( 17.00000000000000000, 120.0000000000011937, 8.000000000000000000 ) ) ;
#2922 = EDGE_CURVE ( 'NONE', #2258, #2470, #1592, .T. ) ;
#2923 = CIRCLE ( 'NONE', #168, 1.599999999999997202 ) ;
#2924 = CIRCLE ( 'NONE', #1743, 2.000000000000001776 ) ;
#2925 = EDGE_LOOP ( 'NONE', ( #2637, #3290, #185, #32 ) ) ;
#2926 = CARTESIAN_POINT ( 'NONE',  ( 44.75000000000000000, 116.4000000000011994, 44.50000000000000000 ) ) ;
#2927 = ORIENTED_EDGE ( 'NONE', *, *, #65, .T. ) ;
#2928 = ORIENTED_EDGE ( 'NONE', *, *, #808, .F. ) ;
#2929 = CARTESIAN_POINT ( 'NONE',  ( 53.00000000000000711, 118.0000000000011937, 9.599999999999997868 ) ) ;
#2930 = LINE ( 'NONE', #2719, #103 ) ;
#2931 = DIRECTION ( 'NONE',  ( -0.000000000000000000, 1.000000000000000000, -0.000000000000000000 ) ) ;
#2932 = AXIS2_PLACEMENT_3D ( 'NONE', #761, #1761, #2458 ) ;
#2933 = ORIENTED_EDGE ( 'NONE', *, *, #3018, .T. ) ;
#2934 = AXIS2_PLACEMENT_3D ( 'NONE', #477, #990, #3123 ) ;
#2935 = CARTESIAN_POINT ( 'NONE',  ( 29.49999999999999645, 118.0000000000011937, 89.00000000000000000 ) ) ;
#2936 =( NAMED_UNIT ( * ) SI_UNIT ( $, .STERADIAN. ) SOLID_ANGLE_UNIT ( ) );
#2937 = ADVANCED_FACE ( 'NONE', ( #1045 ), #1604, .F. ) ;
#2938 = DIRECTION ( 'NONE',  ( 1.000000000000000000, 0.000000000000000000, 0.000000000000000000 ) ) ;
#2939 = LINE ( 'NONE', #130, #1519 ) ;
#2940 = ORIENTED_EDGE ( 'NONE', *, *, #1683, .T. ) ;
#2941 = EDGE_CURVE ( 'NONE', #1082, #2237, #2107, .T. ) ;
#2942 = DIRECTION ( 'NONE',  ( 0.7071067811865558994, -0.7071067811865392461, -2.468850131082236156E-15 ) ) ;
#2943 = CARTESIAN_POINT ( 'NONE',  ( 10.09178328462714269, 118.6308036724784643, 59.50585788449870250 ) ) ;
#2944 = DIRECTION ( 'NONE',  ( 0.000000000000000000, 0.000000000000000000, -1.000000000000000000 ) ) ;
#2945 = ORIENTED_EDGE ( 'NONE', *, *, #2922, .T. ) ;
#2946 = VERTEX_POINT ( 'NONE', #1353 ) ;
#2947 = PLANE ( 'NONE',  #1787 ) ;
#2948 = CARTESIAN_POINT ( 'NONE',  ( 12.00000000000000178, 121.0000000000011937, 3.000000000000000000 ) ) ;
#2949 = CARTESIAN_POINT ( 'NONE',  ( 57.99999999999999289, 115.5000000000011795, 90.00000000000000000 ) ) ;
#2950 = VERTEX_POINT ( 'NONE', #3125 ) ;
#2951 = CARTESIAN_POINT ( 'NONE',  ( 10.74585705722506113, 120.2588714895134245, 33.50982518345433903 ) ) ;
#2952 = ORIENTED_EDGE ( 'NONE', *, *, #451, .T. ) ;
#2953 = DIRECTION ( 'NONE',  ( 0.000000000000000000, 0.000000000000000000, 1.000000000000000000 ) ) ;
#2954 = DIRECTION ( 'NONE',  ( 0.000000000000000000, 0.000000000000000000, -1.000000000000000000 ) ) ;
#2955 = DIRECTION ( 'NONE',  ( 0.000000000000000000, 0.000000000000000000, 1.000000000000000000 ) ) ;
#2956 = LINE ( 'NONE', #1675, #1409 ) ;
#2957 = DIRECTION ( 'NONE',  ( -0.7071067811865486830, -0.7071067811865464625, -2.468850131082262188E-15 ) ) ;
#2958 = ORIENTED_EDGE ( 'NONE', *, *, #2062, .T. ) ;
#2959 = VERTEX_POINT ( 'NONE', #2078 ) ;
#2960 = CARTESIAN_POINT ( 'NONE',  ( 10.09178328462724750, 119.9389512176729653, 59.50585788449912172 ) ) ;
#2961 = DIRECTION ( 'NONE',  ( -0.000000000000000000, -1.000000000000000000, -0.000000000000000000 ) ) ;
#2962 = PLANE ( 'NONE',  #1371 ) ;
#2963 = EDGE_LOOP ( 'NONE', ( #432, #3322, #2511, #3278 ) ) ;
#2964 = ADVANCED_FACE ( 'NONE', ( #58 ), #824, .T. ) ;
#2965 = FACE_BOUND ( 'NONE', #31, .T. ) ;
#2966 = SHAPE_DEFINITION_REPRESENTATION ( #473, #2800 ) ;
#2967 = ORIENTED_EDGE ( 'NONE', *, *, #1223, .T. ) ;
#2968 = ADVANCED_FACE ( 'NONE', ( #1575 ), #2617, .T. ) ;
#2969 = MECHANICAL_DESIGN_GEOMETRIC_PRESENTATION_REPRESENTATION (  '', ( #2399 ), #2387 ) ;
#2970 = VECTOR ( 'NONE', #2552, 1000.000000000000000 ) ;
#2971 = DIRECTION ( 'NONE',  ( 0.000000000000000000, -1.000000000000000000, -3.491481338843133355E-15 ) ) ;
#2972 = AXIS2_PLACEMENT_3D ( 'NONE', #2656, #1401, #1918 ) ;
#2973 = DIRECTION ( 'NONE',  ( -0.000000000000000000, -1.000000000000000000, -0.000000000000000000 ) ) ;
#2974 = AXIS2_PLACEMENT_3D ( 'NONE', #1052, #3115, #816 ) ;
#2975 = CARTESIAN_POINT ( 'NONE',  ( 12.00000000000000178, 121.0000000000011369, 18.50982518345435324 ) ) ;
#2976 = VECTOR ( 'NONE', #1169, 1000.000000000000000 ) ;
#2977 = VECTOR ( 'NONE', #1671, 1000.000000000000000 ) ;
#2978 = CARTESIAN_POINT ( 'NONE',  ( 12.00000000000000178, 118.5838714895134842, 15.50982518345434258 ) ) ;
#2979 = ORIENTED_EDGE ( 'NONE', *, *, #131, .T. ) ;
#2980 = ORIENTED_EDGE ( 'NONE', *, *, #1568, .T. ) ;
#2981 = CIRCLE ( 'NONE', #1043, 0.9249999999999952704 ) ;
#2982 = EDGE_CURVE ( 'NONE', #798, #369, #1560, .T. ) ;
#2983 = DIRECTION ( 'NONE',  ( 0.000000000000000000, -3.247402347028582376E-13, 1.000000000000000000 ) ) ;
#2984 = DIRECTION ( 'NONE',  ( -0.000000000000000000, 3.491481338843133355E-15, -1.000000000000000000 ) ) ;
#2985 = ORIENTED_EDGE ( 'NONE', *, *, #3114, .T. ) ;
#2986 = CARTESIAN_POINT ( 'NONE',  ( 10.74585705722506113, 119.3338714895134274, 30.50982518345434258 ) ) ;
#2987 = DIRECTION ( 'NONE',  ( 0.000000000000000000, 0.000000000000000000, 1.000000000000000000 ) ) ;
#2988 = EDGE_CURVE ( 'NONE', #311, #1655, #812, .T. ) ;
#2989 = CARTESIAN_POINT ( 'NONE',  ( 42.49999999999999289, 118.0000000000011937, 89.00000000000001421 ) ) ;
#2990 = VECTOR ( 'NONE', #2531, 1000.000000000000000 ) ;
#2991 = EDGE_CURVE ( 'NONE', #1314, #2827, #120, .T. ) ;
#2992 = ORIENTED_EDGE ( 'NONE', *, *, #835, .T. ) ;
#2993 = DIRECTION ( 'NONE',  ( 0.000000000000000000, -1.000000000000000000, 0.000000000000000000 ) ) ;
#2994 = AXIS2_PLACEMENT_3D ( 'NONE', #2995, #1222, #3054 ) ;
#2995 = CARTESIAN_POINT ( 'NONE',  ( 10.74585705722506113, 119.2848774450698102, 77.50585788449893698 ) ) ;
#2996 = DIRECTION ( 'NONE',  ( 0.000000000000000000, 0.000000000000000000, 1.000000000000000000 ) ) ;
#2997 = FACE_BOUND ( 'NONE', #1779, .T. ) ;
#2998 = ORIENTED_EDGE ( 'NONE', *, *, #3010, .T. ) ;
#2999 = ORIENTED_EDGE ( 'NONE', *, *, #1829, .F. ) ;
#3000 = DIRECTION ( 'NONE',  ( -0.000000000000000000, 3.247402347028582376E-13, -1.000000000000000000 ) ) ;
#3001 = DIRECTION ( 'NONE',  ( 0.000000000000000000, -1.000000000000000000, -3.225647976951485001E-13 ) ) ;
#3002 = ORIENTED_EDGE ( 'NONE', *, *, #638, .T. ) ;
#3003 = DIRECTION ( 'NONE',  ( -0.000000000000000000, 1.000000000000000000, -0.000000000000000000 ) ) ;
#3004 = VERTEX_POINT ( 'NONE', #1372 ) ;
#3005 = CARTESIAN_POINT ( 'NONE',  ( 10.74585705722506113, 119.3338714895134274, 30.50982518345434258 ) ) ;
#3006 = CARTESIAN_POINT ( 'NONE',  ( 10.09178328462714269, 118.6308036724726236, 77.50585788449870961 ) ) ;
#3007 = FACE_BOUND ( 'NONE', #1230, .T. ) ;
#3008 = FACE_OUTER_BOUND ( 'NONE', #547, .T. ) ;
#3009 = VERTEX_POINT ( 'NONE', #2412 ) ;
#3010 = EDGE_CURVE ( 'NONE', #1910, #3320, #354, .T. ) ;
#3011 = ORIENTED_EDGE ( 'NONE', *, *, #1856, .F. ) ;
#3012 = FACE_OUTER_BOUND ( 'NONE', #2812, .T. ) ;
#3013 = ORIENTED_EDGE ( 'NONE', *, *, #1580, .F. ) ;
#3014 = CARTESIAN_POINT ( 'NONE',  ( 9.508420190148241247, 118.0474405779937257, 77.50585788449851066 ) ) ;
#3015 = CARTESIAN_POINT ( 'NONE',  ( 17.00000000000001066, 121.0000000000011937, 81.99999999999998579 ) ) ;
#3016 = CARTESIAN_POINT ( 'NONE',  ( 12.00000000000000178, 120.5053795872587585, 77.50585788449932068 ) ) ;
#3017 = ORIENTED_EDGE ( 'NONE', *, *, #998, .T. ) ;
#3018 = EDGE_CURVE ( 'NONE', #1886, #209, #88, .T. ) ;
#3019 = DIRECTION ( 'NONE',  ( 0.000000000000000000, 1.000000000000000000, 0.000000000000000000 ) ) ;
#3020 = DIRECTION ( 'NONE',  ( 0.000000000000000000, -1.000000000000000000, 0.000000000000000000 ) ) ;
#3021 = CYLINDRICAL_SURFACE ( 'NONE', #3078, 1.600000000000002531 ) ;
#3022 = CIRCLE ( 'NONE', #494, 3.000000000000000888 ) ;
#3023 = EDGE_CURVE ( 'NONE', #678, #1163, #74, .T. ) ;
#3025 = CARTESIAN_POINT ( 'NONE',  ( 9.508420190148340723, 120.5713083565896255, 30.50982518345437100 ) ) ;
#3024 = PLANE ( 'NONE',  #774 ) ;
#3026 = AXIS2_PLACEMENT_3D ( 'NONE', #3336, #1268, #2338 ) ;
#3027 = VERTEX_POINT ( 'NONE', #633 ) ;
#3028 = VERTEX_POINT ( 'NONE', #1617 ) ;
#3029 = AXIS2_PLACEMENT_3D ( 'NONE', #1632, #588, #98 ) ;
#3030 = CIRCLE ( 'NONE', #831, 3.000000000000000888 ) ;
#3031 = DIRECTION ( 'NONE',  ( -0.000000000000000000, 3.491481338843133355E-15, -1.000000000000000000 ) ) ;
#3032 = ORIENTED_EDGE ( 'NONE', *, *, #532, .T. ) ;
#3033 = DIRECTION ( 'NONE',  ( 0.7071067811865558994, -0.7071067811865392461, -2.296260220824993752E-13 ) ) ;
#3034 = DIRECTION ( 'NONE',  ( 1.000000000000000000, 0.000000000000000000, 7.885106708985497662E-17 ) ) ;
#3035 = ORIENTED_EDGE ( 'NONE', *, *, #2882, .F. ) ;
#3036 = DIRECTION ( 'NONE',  ( 0.000000000000000000, -1.000000000000000000, -3.750753461571493582E-15 ) ) ;
#3037 = DIRECTION ( 'NONE',  ( 0.000000000000000000, 1.000000000000000000, 0.000000000000000000 ) ) ;
#3038 = CARTESIAN_POINT ( 'NONE',  ( 10.09178328462724750, 119.9879452621107703, 15.50982518345434258 ) ) ;
#3039 = EDGE_CURVE ( 'NONE', #1014, #2879, #391, .T. ) ;
#3040 = CIRCLE ( 'NONE', #62, 1.750000000000001554 ) ;
#3041 = DIRECTION ( 'NONE',  ( 0.000000000000000000, 1.000000000000000000, 3.965082230804126670E-15 ) ) ;
#3042 = DIRECTION ( 'NONE',  ( 0.000000000000000000, -3.247402347028582376E-13, 1.000000000000000000 ) ) ;
#3043 = CYLINDRICAL_SURFACE ( 'NONE', #885, 1.599999999999997202 ) ;
#3044 = CARTESIAN_POINT ( 'NONE',  ( 17.00000000000000000, 120.0000000000011937, 11.00000000000000178 ) ) ;
#3045 = ORIENTED_EDGE ( 'NONE', *, *, #2291, .T. ) ;
#3046 = EDGE_LOOP ( 'NONE', ( #715, #1491, #1512, #1410 ) ) ;
#3047 = EDGE_CURVE ( 'NONE', #2619, #2470, #565, .T. ) ;
#3048 = CARTESIAN_POINT ( 'NONE',  ( 11.99605061532599315, 120.0348774450707907, 74.50585788449917857 ) ) ;
#3049 = VERTEX_POINT ( 'NONE', #1697 ) ;
#3050 = DIRECTION ( 'NONE',  ( 0.000000000000000000, -1.000000000000000000, -3.247402347028582376E-13 ) ) ;
#3051 = ORIENTED_EDGE ( 'NONE', *, *, #3124, .T. ) ;
#3052 = EDGE_CURVE ( 'NONE', #164, #2619, #2164, .T. ) ;
#3053 = DIRECTION ( 'NONE',  ( 0.000000000000000000, -1.000000000000000000, -3.300663046182914920E-13 ) ) ;
#3054 = DIRECTION ( 'NONE',  ( 0.000000000000000000, -1.000000000000000000, -3.251367429259384343E-13 ) ) ;
#3055 = ADVANCED_FACE ( 'NONE', ( #1639 ), #1113, .T. ) ;
#3056 = DIRECTION ( 'NONE',  ( 0.000000000000000000, -3.491481338843133355E-15, 1.000000000000000000 ) ) ;
#3057 = DIRECTION ( 'NONE',  ( 0.000000000000000000, -1.000000000000000000, -3.247402347028582376E-13 ) ) ;
#3058 = DIRECTION ( 'NONE',  ( 0.000000000000000000, -1.000000000000000000, -3.491481338843133355E-15 ) ) ;
#3059 = CARTESIAN_POINT ( 'NONE',  ( 10.74585705722506113, 118.3598774450756679, 59.50585788449861724 ) ) ;
#3060 = CARTESIAN_POINT ( 'NONE',  ( 12.00000000000000178, 120.5053795872646134, 59.50585788449931357 ) ) ;
#3061 = ORIENTED_EDGE ( 'NONE', *, *, #1010, .F. ) ;
#3062 = ORIENTED_EDGE ( 'NONE', *, *, #1989, .F. ) ;
#3063 = DIRECTION ( 'NONE',  ( 0.000000000000000000, 0.000000000000000000, 1.000000000000000000 ) ) ;
#3064 = CARTESIAN_POINT ( 'NONE',  ( 52.99999999999998579, 118.0000000000011937, 83.39999999999999147 ) ) ;
#3065 = VERTEX_POINT ( 'NONE', #650 ) ;
#3066 = ORIENTED_EDGE ( 'NONE', *, *, #1542, .T. ) ;
#3067 = ADVANCED_FACE ( 'NONE', ( #2427 ), #1425, .F. ) ;
#3068 = DIRECTION ( 'NONE',  ( 0.000000000000000000, -3.247402347028582376E-13, 1.000000000000000000 ) ) ;
#3069 = CARTESIAN_POINT ( 'NONE',  ( 27.49999999999999645, 121.0000000000011937, 90.00000000000001421 ) ) ;
#3070 = ORIENTED_EDGE ( 'NONE', *, *, #2378, .F. ) ;
#3071 = ADVANCED_FACE ( 'NONE', ( #1957 ), #2136, .T. ) ;
#3072 = DIRECTION ( 'NONE',  ( 1.000000000000000000, 0.000000000000000000, 0.000000000000000000 ) ) ;
#3073 = LINE ( 'NONE', #2118, #2186 ) ;
#3074 = DIRECTION ( 'NONE',  ( -0.000000000000000000, 1.000000000000000000, -0.000000000000000000 ) ) ;
#3075 = DIRECTION ( 'NONE',  ( 0.000000000000000000, -3.491481338843133355E-15, 1.000000000000000000 ) ) ;
#3076 = ORIENTED_EDGE ( 'NONE', *, *, #1820, .T. ) ;
#3077 = ORIENTED_EDGE ( 'NONE', *, *, #2130, .T. ) ;
#3078 = AXIS2_PLACEMENT_3D ( 'NONE', #962, #946, #2709 ) ;
#3079 = DIRECTION ( 'NONE',  ( -1.000000000000000000, 0.000000000000000000, 0.000000000000000000 ) ) ;
#3080 = PRESENTATION_LAYER_ASSIGNMENT (  '', '', ( #935 ) ) ;
#3081 = CIRCLE ( 'NONE', #936, 1.750000000000001554 ) ;
#3083 = ORIENTED_EDGE ( 'NONE', *, *, #1151, .F. ) ;
#3082 = EDGE_CURVE ( 'NONE', #135, #1368, #3311, .T. ) ;
#3084 = VECTOR ( 'NONE', #2263, 1000.000000000000000 ) ;
#3085 = CIRCLE ( 'NONE', #837, 0.9249999999999952704 ) ;
#3086 = LINE ( 'NONE', #1019, #2122 ) ;
#3087 = VECTOR ( 'NONE', #3297, 1000.000000000000000 ) ;
#3088 = VECTOR ( 'NONE', #718, 1000.000000000000000 ) ;
#3089 = ORIENTED_EDGE ( 'NONE', *, *, #2639, .T. ) ;
#3090 = ADVANCED_FACE ( 'NONE', ( #2464 ), #128, .T. ) ;
#3091 = ADVANCED_FACE ( 'NONE', ( #1900 ), #2477, .F. ) ;
#3092 = AXIS2_PLACEMENT_3D ( 'NONE', #1167, #681, #2485 ) ;
#3093 = ADVANCED_FACE ( 'NONE', ( #2903 ), #2662, .F. ) ;
#3094 = CARTESIAN_POINT ( 'NONE',  ( 17.00000000000001066, 120.0000000000011937, 88.00000000000000000 ) ) ;
#3095 = CARTESIAN_POINT ( 'NONE',  ( 29.50000000000001066, 118.0000000000011937, 5.999999999999996447 ) ) ;
#3096 = CARTESIAN_POINT ( 'NONE',  ( 52.99999999999998579, 120.0000000000011937, 84.99999999999998579 ) ) ;
#3097 = FACE_OUTER_BOUND ( 'NONE', #2499, .T. ) ;
#3098 = CARTESIAN_POINT ( 'NONE',  ( 12.00000000000000178, 118.0643753028867309, 59.50585788449851776 ) ) ;
#3099 = CYLINDRICAL_SURFACE ( 'NONE', #1974, 1.750000000000001554 ) ;
#3100 = VECTOR ( 'NONE', #3075, 1000.000000000000000 ) ;
#3101 = ORIENTED_EDGE ( 'NONE', *, *, #2639, .F. ) ;
#3102 = ORIENTED_EDGE ( 'NONE', *, *, #2853, .F. ) ;
#3103 = DIRECTION ( 'NONE',  ( 0.000000000000000000, -1.000000000000000000, -3.965082230804126670E-15 ) ) ;
#3104 = DIRECTION ( 'NONE',  ( 0.000000000000000000, -1.000000000000000000, -3.225647976951485001E-13 ) ) ;
#3105 = ORIENTED_EDGE ( 'NONE', *, *, #22, .T. ) ;
#3106 = CARTESIAN_POINT ( 'NONE',  ( 44.75000000000000000, 118.0000000000011937, 48.50000000000000000 ) ) ;
#3107 = EDGE_LOOP ( 'NONE', ( #848, #195, #1431, #2159, #1430, #2940, #2365, #1049, #2293, #1325, #2509, #2654, #3077, #2927, #1484, #2310 ) ) ;
#3108 = CARTESIAN_POINT ( 'NONE',  ( 12.00000000000000178, 120.5543736317024326, 15.50982518345434613 ) ) ;
#3109 = CARTESIAN_POINT ( 'NONE',  ( 10.74585705722506113, 118.3598774450707936, 74.50585788449862434 ) ) ;
#3110 = CYLINDRICAL_SURFACE ( 'NONE', #378, 3.000000000000002665 ) ;
#3111 = CYLINDRICAL_SURFACE ( 'NONE', #1486, 3.000000000000002665 ) ;
#3112 = EDGE_LOOP ( 'NONE', ( #1561, #2223, #2460, #202 ) ) ;
#3113 = EDGE_LOOP ( 'NONE', ( #3275, #2468, #971, #3083 ) ) ;
#3114 = EDGE_CURVE ( 'NONE', #2408, #1642, #1160, .T. ) ;
#3115 = DIRECTION ( 'NONE',  ( -0.000000000000000000, 1.000000000000000000, -0.000000000000000000 ) ) ;
#3116 = EDGE_CURVE ( 'NONE', #2563, #2137, #177, .T. ) ;
#3117 = ORIENTED_EDGE ( 'NONE', *, *, #3289, .F. ) ;
#3118 = EDGE_CURVE ( 'NONE', #2682, #2191, #1809, .T. ) ;
#3119 = DIRECTION ( 'NONE',  ( 0.000000000000000000, -3.491481338843133355E-15, 1.000000000000000000 ) ) ;
#3120 = DIRECTION ( 'NONE',  ( -0.000000000000000000, 3.491481338843133355E-15, -1.000000000000000000 ) ) ;
#3121 = VERTEX_POINT ( 'NONE', #211 ) ;
#3122 = DIRECTION ( 'NONE',  ( 0.000000000000000000, -3.491481338843133355E-15, 1.000000000000000000 ) ) ;
#3123 = DIRECTION ( 'NONE',  ( -1.000000000000000000, 0.000000000000000000, 0.000000000000000000 ) ) ;
#3124 = EDGE_CURVE ( 'NONE', #3065, #2422, #2039, .T. ) ;
#3125 = CARTESIAN_POINT ( 'NONE',  ( 10.74585705722506113, 117.5348774450756650, 59.50585788449834723 ) ) ;
#3126 = PLANE ( 'NONE',  #2553 ) ;
#3127 = ORIENTED_EDGE ( 'NONE', *, *, #2185, .F. ) ;
#3128 = EDGE_LOOP ( 'NONE', ( #3013, #569, #886, #1860 ) ) ;
#3129 = EDGE_CURVE ( 'NONE', #2682, #1831, #462, .T. ) ;
#3130 = CARTESIAN_POINT ( 'NONE',  ( 9.508420190148241247, 118.0474405779937257, 77.50585788449851066 ) ) ;
#3131 = DIRECTION ( 'NONE',  ( 0.000000000000000000, -3.491481338843133355E-15, 1.000000000000000000 ) ) ;
#3132 = EDGE_CURVE ( 'NONE', #263, #2068, #1490, .T. ) ;
#3133 = EDGE_CURVE ( 'NONE', #2335, #1456, #2828, .T. ) ;
#3134 = CIRCLE ( 'NONE', #1784, 1.750000000000001554 ) ;
#3135 = VERTEX_POINT ( 'NONE', #2004 ) ;
#3136 = ORIENTED_EDGE ( 'NONE', *, *, #640, .T. ) ;
#3137 = AXIS2_PLACEMENT_3D ( 'NONE', #2505, #2810, #3286 ) ;
#3138 = CARTESIAN_POINT ( 'NONE',  ( 57.99999999999999289, 115.5000000000011795, 3.000000000000000000 ) ) ;
#3139 = CIRCLE ( 'NONE', #2759, 0.9249999999999952704 ) ;
#3140 = VECTOR ( 'NONE', #2957, 999.9999999999998863 ) ;
#3141 = EDGE_LOOP ( 'NONE', ( #838, #1297, #965, #1248 ) ) ;
#3142 = AXIS2_PLACEMENT_3D ( 'NONE', #3226, #1454, #1202 ) ;
#3143 = FACE_OUTER_BOUND ( 'NONE', #934, .T. ) ;
#3144 = VECTOR ( 'NONE', #571, 1000.000000000000000 ) ;
#3145 = SURFACE_STYLE_FILL_AREA ( #593 ) ;
#3146 = DIRECTION ( 'NONE',  ( 0.000000000000000000, 0.000000000000000000, -1.000000000000000000 ) ) ;
#3147 = AXIS2_PLACEMENT_3D ( 'NONE', #1678, #2851, #56 ) ;
#3148 = DIRECTION ( 'NONE',  ( -0.000000000000000000, 3.247402347028582376E-13, -1.000000000000000000 ) ) ;
#3149 = ADVANCED_FACE ( 'NONE', ( #427 ), #759, .F. ) ;
#3150 = ORIENTED_EDGE ( 'NONE', *, *, #270, .F. ) ;
#3151 = ORIENTED_EDGE ( 'NONE', *, *, #2383, .T. ) ;
#3152 = SURFACE_STYLE_FILL_AREA ( #2588 ) ;
#3153 = AXIS2_PLACEMENT_3D ( 'NONE', #797, #1816, #2840 ) ;
#3154 = VERTEX_POINT ( 'NONE', #743 ) ;
#3155 = EDGE_CURVE ( 'NONE', #3049, #76, #1373, .T. ) ;
#3156 = ORIENTED_EDGE ( 'NONE', *, *, #1061, .T. ) ;
#3157 = VECTOR ( 'NONE', #2058, 1000.000000000000000 ) ;
#3158 = FACE_OUTER_BOUND ( 'NONE', #1374, .T. ) ;
#3159 = AXIS2_PLACEMENT_3D ( 'NONE', #2254, #1746, #2769 ) ;
#3160 = ORIENTED_EDGE ( 'NONE', *, *, #1022, .F. ) ;
#3161 = EDGE_CURVE ( 'NONE', #1333, #1955, #1251, .T. ) ;
#3162 = DIRECTION ( 'NONE',  ( 0.7071067811865558994, -0.7071067811865392461, -2.296260220824993752E-13 ) ) ;
#3163 = CARTESIAN_POINT ( 'NONE',  ( 27.49999999999999645, 121.0000000000011937, 3.999999999999981792 ) ) ;
#3164 = EDGE_CURVE ( 'NONE', #2716, #915, #2885, .T. ) ;
#3165 = DIRECTION ( 'NONE',  ( -0.000000000000000000, 1.000000000000000000, -0.000000000000000000 ) ) ;
#3166 = ORIENTED_EDGE ( 'NONE', *, *, #1946, .F. ) ;
#3167 = VERTEX_POINT ( 'NONE', #2491 ) ;
#3168 = LINE ( 'NONE', #356, #390 ) ;
#3169 = CARTESIAN_POINT ( 'NONE',  ( 42.49999999999999289, 121.0000000000011937, 2.999999999999995115 ) ) ;
#3170 = DIRECTION ( 'NONE',  ( 0.000000000000000000, 0.000000000000000000, 1.000000000000000000 ) ) ;
#3171 = VERTEX_POINT ( 'NONE', #2266 ) ;
#3172 = ORIENTED_EDGE ( 'NONE', *, *, #3039, .F. ) ;
#3173 = DIRECTION ( 'NONE',  ( 0.000000000000000000, 1.000000000000000000, 3.251367429259384343E-13 ) ) ;
#3174 = DIRECTION ( 'NONE',  ( 0.000000000000000000, -1.000000000000000000, -3.251367429259384343E-13 ) ) ;
#3175 = ORIENTED_EDGE ( 'NONE', *, *, #1549, .T. ) ;
#3176 = ADVANCED_FACE ( 'NONE', ( #1459 ), #2544, .F. ) ;
#3177 = CARTESIAN_POINT ( 'NONE',  ( 12.00000000000000178, 118.1133693473243227, 33.50982518345433903 ) ) ;
#3178 = CARTESIAN_POINT ( 'NONE',  ( 17.00000000000001066, 115.5000000000011795, 83.39999999999997726 ) ) ;
#3179 = DIRECTION ( 'NONE',  ( 0.000000000000000000, 0.000000000000000000, 1.000000000000000000 ) ) ;
#3180 = EDGE_CURVE ( 'NONE', #182, #2018, #1712, .T. ) ;
#3181 = CARTESIAN_POINT ( 'NONE',  ( 14.00000000000000178, 120.5543736317024184, 15.50982518345435679 ) ) ;
#3182 = DIRECTION ( 'NONE',  ( 1.000000000000000000, 0.000000000000000000, 0.000000000000000000 ) ) ;
#3183 = VERTEX_POINT ( 'NONE', #196 ) ;
#3184 = CARTESIAN_POINT ( 'NONE',  ( 10.09178328462714269, 118.6797977169162266, 33.50982518345433903 ) ) ;
#3185 = DIRECTION ( 'NONE',  ( -0.000000000000000000, 1.000000000000000000, -0.000000000000000000 ) ) ;
#3186 = ORIENTED_EDGE ( 'NONE', *, *, #2841, .T. ) ;
#3187 = ORIENTED_EDGE ( 'NONE', *, *, #2398, .T. ) ;
#3188 = CARTESIAN_POINT ( 'NONE',  ( 10.74585705722506113, 119.2848774450707765, 74.50585788449892277 ) ) ;
#3189 = DIRECTION ( 'NONE',  ( 0.000000000000000000, -1.000000000000000000, -3.251367429259384343E-13 ) ) ;
#3190 = CYLINDRICAL_SURFACE ( 'NONE', #1796, 2.000000000000000888 ) ;
#3191 = DIRECTION ( 'NONE',  ( -0.000000000000000000, 3.247402347028582376E-13, -1.000000000000000000 ) ) ;
#3192 = EDGE_CURVE ( 'NONE', #2950, #2879, #3213, .T. ) ;
#3193 = ORIENTED_EDGE ( 'NONE', *, *, #1233, .T. ) ;
#3194 = DIRECTION ( 'NONE',  ( 1.000000000000000000, 0.000000000000000000, -0.000000000000000000 ) ) ;
#3195 = VECTOR ( 'NONE', #910, 1000.000000000000000 ) ;
#3196 = CARTESIAN_POINT ( 'NONE',  ( 29.50000000000001066, 115.5000000000011795, 87.00000000000000000 ) ) ;
#3197 = CIRCLE ( 'NONE', #1692, 1.600000000000002531 ) ;
#3198 = AXIS2_PLACEMENT_3D ( 'NONE', #2960, #2436, #96 ) ;
#3199 = ADVANCED_FACE ( 'NONE', ( #1210 ), #2736, .T. ) ;
#3200 = AXIS2_PLACEMENT_3D ( 'NONE', #1587, #792, #3053 ) ;
#3201 = VECTOR ( 'NONE', #2344, 1000.000000000000000 ) ;
#3202 = CARTESIAN_POINT ( 'NONE',  ( 17.00000000000000000, 121.0000000000011937, 8.000000000000000000 ) ) ;
#3203 = AXIS2_PLACEMENT_3D ( 'NONE', #21, #2066, #1837 ) ;
#3204 = VECTOR ( 'NONE', #3033, 1000.000000000000000 ) ;
#3205 = VERTEX_POINT ( 'NONE', #2751 ) ;
#3206 = DIRECTION ( 'NONE',  ( 0.7071067811865392461, 0.7071067811865558994, 2.296260220825048278E-13 ) ) ;
#3207 = EDGE_LOOP ( 'NONE', ( #3105, #731 ) ) ;
#3208 = ORIENTED_EDGE ( 'NONE', *, *, #1246, .T. ) ;
#3209 = CARTESIAN_POINT ( 'NONE',  ( 29.50000000000001066, 118.0000000000011937, 87.00000000000000000 ) ) ;
#3210 = DIRECTION ( 'NONE',  ( 0.000000000000000000, 1.000000000000000000, 0.000000000000000000 ) ) ;
#3211 = AXIS2_PLACEMENT_3D ( 'NONE', #670, #2690, #2955 ) ;
#3212 = ORIENTED_EDGE ( 'NONE', *, *, #1926, .T. ) ;
#3213 = CIRCLE ( 'NONE', #1641, 1.750000000000001554 ) ;
#3214 = CARTESIAN_POINT ( 'NONE',  ( 40.49999999999999289, 121.0000000000011937, 89.00000000000000000 ) ) ;
#3215 = CYLINDRICAL_SURFACE ( 'NONE', #2703, 1.600000000000018074 ) ;
#3216 = CARTESIAN_POINT ( 'NONE',  ( 12.32699588730925022, 120.0838714895134274, 30.50982518345437100 ) ) ;
#3217 = ORIENTED_EDGE ( 'NONE', *, *, #1424, .F. ) ;
#3218 = LINE ( 'NONE', #912, #3140 ) ;
#3219 = ADVANCED_FACE ( 'NONE', ( #442 ), #1479, .T. ) ;
#3220 = EDGE_LOOP ( 'NONE', ( #1199, #3062, #1294, #2364 ) ) ;
#3221 = ORIENTED_EDGE ( 'NONE', *, *, #1424, .T. ) ;
#3222 = DIRECTION ( 'NONE',  ( 0.000000000000000000, -1.000000000000000000, -3.965082230804126670E-15 ) ) ;
#3223 = LINE ( 'NONE', #1688, #2609 ) ;
#3224 = DIRECTION ( 'NONE',  ( 0.000000000000000000, -3.491481338843133355E-15, 1.000000000000000000 ) ) ;
#3225 = ORIENTED_EDGE ( 'NONE', *, *, #1123, .F. ) ;
#3226 = CARTESIAN_POINT ( 'NONE',  ( 10.74585705722506113, 119.2848774450707765, 74.50585788449892277 ) ) ;
#3227 =( NAMED_UNIT ( * ) PLANE_ANGLE_UNIT ( ) SI_UNIT ( $, .RADIAN. ) );
#3228 = ORIENTED_EDGE ( 'NONE', *, *, #337, .F. ) ;
#3229 = CARTESIAN_POINT ( 'NONE',  ( 42.49999999999999289, 118.0000000000011937, 2.999999999999995115 ) ) ;
#3230 = DIRECTION ( 'NONE',  ( 0.000000000000000000, -3.247402347028582376E-13, 1.000000000000000000 ) ) ;
#3231 = CARTESIAN_POINT ( 'NONE',  ( 27.49999999999999645, 115.5000000000011795, 3.999999999999981792 ) ) ;
#3232 = ADVANCED_FACE ( 'NONE', ( #1758 ), #2785, .T. ) ;
#3233 = EDGE_LOOP ( 'NONE', ( #1155, #2876, #3070, #999 ) ) ;
#3234 = DIRECTION ( 'NONE',  ( -0.002632913989968058664, 0.9999965338759536637, 3.247391091129219577E-13 ) ) ;
#3235 = VERTEX_POINT ( 'NONE', #2340 ) ;
#3236 = VERTEX_POINT ( 'NONE', #2872 ) ;
#3237 = EDGE_CURVE ( 'NONE', #2352, #1655, #1589, .T. ) ;
#3238 = ADVANCED_FACE ( 'NONE', ( #2373 ), #1092, .F. ) ;
#3239 = LINE ( 'NONE', #865, #599 ) ;
#3240 = CARTESIAN_POINT ( 'NONE',  ( 53.00000000000000711, 120.0000000000011937, 8.000000000000000000 ) ) ;
#3241 = ORIENTED_EDGE ( 'NONE', *, *, #3023, .F. ) ;
#3242 = CARTESIAN_POINT ( 'NONE',  ( 12.00000000000000178, 120.0348774450756650, 59.50585788449915015 ) ) ;
#3243 = CIRCLE ( 'NONE', #1839, 2.000000000000001776 ) ;
#3244 = ORIENTED_EDGE ( 'NONE', *, *, #581, .T. ) ;
#3245 =( GEOMETRIC_REPRESENTATION_CONTEXT ( 3 ) GLOBAL_UNCERTAINTY_ASSIGNED_CONTEXT ( ( #264 ) ) GLOBAL_UNIT_ASSIGNED_CONTEXT ( ( #2411, #2371, #841 ) ) REPRESENTATION_CONTEXT ( 'NONE', 'WORKASPACE' ) );
#3246 = VECTOR ( 'NONE', #173, 1000.000000000000000 ) ;
#3247 = CARTESIAN_POINT ( 'NONE',  ( 17.00000000000000000, 118.0000000000011937, 9.600000000000003197 ) ) ;
#3248 = CARTESIAN_POINT ( 'NONE',  ( 11.99605061532599315, 120.0348774450698102, 77.50585788449917857 ) ) ;
#3249 = AXIS2_PLACEMENT_3D ( 'NONE', #575, #1370, #54 ) ;
#3250 = CARTESIAN_POINT ( 'NONE',  ( 52.99999999999998579, 120.0000000000011937, 86.59999999999999432 ) ) ;
#3251 = VECTOR ( 'NONE', #2467, 1000.000000000000000 ) ;
#3252 = CARTESIAN_POINT ( 'NONE',  ( 17.00000000000000000, 120.0000000000011937, 8.000000000000000000 ) ) ;
#3253 = VECTOR ( 'NONE', #2195, 1000.000000000000000 ) ;
#3254 = AXIS2_PLACEMENT_3D ( 'NONE', #1891, #3120, #1331 ) ;
#3255 = EDGE_CURVE ( 'NONE', #2142, #1032, #3073, .T. ) ;
#3256 = ORIENTED_EDGE ( 'NONE', *, *, #1189, .T. ) ;
#3257 = ORIENTED_EDGE ( 'NONE', *, *, #1093, .T. ) ;
#3258 = VECTOR ( 'NONE', #2014, 999.9999999999998863 ) ;
#3259 = PLANE ( 'NONE',  #1845 ) ;
#3260 = ORIENTED_EDGE ( 'NONE', *, *, #2187, .T. ) ;
#3261 = LINE ( 'NONE', #2722, #1046 ) ;
#3262 = VECTOR ( 'NONE', #909, 1000.000000000000000 ) ;
#3263 = EDGE_LOOP ( 'NONE', ( #1577, #2453, #511, #2779 ) ) ;
#3264 = VECTOR ( 'NONE', #2287, 1000.000000000000000 ) ;
#3265 = DIRECTION ( 'NONE',  ( -0.000000000000000000, -1.000000000000000000, -0.000000000000000000 ) ) ;
#3266 = EDGE_CURVE ( 'NONE', #851, #1441, #2105, .T. ) ;
#3267 = FACE_OUTER_BOUND ( 'NONE', #621, .T. ) ;
#3268 = EDGE_LOOP ( 'NONE', ( #1613, #2818 ) ) ;
#3269 = CARTESIAN_POINT ( 'NONE',  ( 17.00000000000001066, 120.0000000000011937, 84.99999999999998579 ) ) ;
#3270 = VERTEX_POINT ( 'NONE', #3109 ) ;
#3271 = EDGE_LOOP ( 'NONE', ( #2064, #1006 ) ) ;
#3272 = DIRECTION ( 'NONE',  ( 0.000000000000000000, 0.000000000000000000, 1.000000000000000000 ) ) ;
#3273 = CARTESIAN_POINT ( 'NONE',  ( 11.99605061532599315, 120.0838714895134700, 18.50982518345434613 ) ) ;
#3275 = ORIENTED_EDGE ( 'NONE', *, *, #1103, .T. ) ;
#3274 = ADVANCED_FACE ( 'NONE', ( #2360 ), #1025, .F. ) ;
#3276 = CARTESIAN_POINT ( 'NONE',  ( 14.00000000000000178, 118.1133693473243795, 15.50982518345435679 ) ) ;
#3277 = CARTESIAN_POINT ( 'NONE',  ( 12.00000000000000178, 120.9999999999779732, 74.50585788449947700 ) ) ;
#3278 = ORIENTED_EDGE ( 'NONE', *, *, #2525, .T. ) ;
#3279 = EDGE_CURVE ( 'NONE', #154, #396, #810, .T. ) ;
#3280 = CARTESIAN_POINT ( 'NONE',  ( 52.99999999999998579, 120.0000000000011937, 84.99999999999998579 ) ) ;
#3281 = EDGE_LOOP ( 'NONE', ( #3045, #2875, #2519, #914 ) ) ;
#3282 = CARTESIAN_POINT ( 'NONE',  ( 52.99999999999998579, 120.0000000000011937, 84.99999999999998579 ) ) ;
#3283 = DIRECTION ( 'NONE',  ( 1.000000000000000000, 0.000000000000000000, 0.000000000000000000 ) ) ;
#3284 = EDGE_LOOP ( 'NONE', ( #94, #2255, #2278, #639 ) ) ;
#3285 = ORIENTED_EDGE ( 'NONE', *, *, #3023, .T. ) ;
#3286 = DIRECTION ( 'NONE',  ( 0.000000000000000000, 0.000000000000000000, 1.000000000000000000 ) ) ;
#3287 = ORIENTED_EDGE ( 'NONE', *, *, #1214, .F. ) ;
#3288 = CARTESIAN_POINT ( 'NONE',  ( 9.508420190148241247, 118.0474405779995664, 59.50585788449851066 ) ) ;
#3289 = EDGE_CURVE ( 'NONE', #2152, #3235, #822, .T. ) ;
#3290 = ORIENTED_EDGE ( 'NONE', *, *, #2401, .F. ) ;
#3291 = CARTESIAN_POINT ( 'NONE',  ( 17.00000000000000000, 120.0000000000011937, 8.000000000000000000 ) ) ;
#3292 = CIRCLE ( 'NONE', #772, 1.599999999999997202 ) ;
#3293 = EDGE_CURVE ( 'NONE', #52, #3171, #402, .T. ) ;
#3294 = DIRECTION ( 'NONE',  ( -0.000000000000000000, 3.247402347028582376E-13, -1.000000000000000000 ) ) ;
#3295 = AXIS2_PLACEMENT_3D ( 'NONE', #2911, #1415, #2471 ) ;
#3296 = LINE ( 'NONE', #2241, #2661 ) ;
#3297 = DIRECTION ( 'NONE',  ( 0.000000000000000000, -3.491481338843133355E-15, 1.000000000000000000 ) ) ;
#3298 = AXIS2_PLACEMENT_3D ( 'NONE', #364, #1156, #87 ) ;
#3299 = AXIS2_PLACEMENT_3D ( 'NONE', #2718, #3042, #3057 ) ;
#3300 = EDGE_LOOP ( 'NONE', ( #2704, #2110 ) ) ;
#3301 = ORIENTED_EDGE ( 'NONE', *, *, #3133, .F. ) ;
#3302 = AXIS2_PLACEMENT_3D ( 'NONE', #2847, #207, #3050 ) ;
#3303 = VECTOR ( 'NONE', #3185, 1000.000000000000000 ) ;
#3304 = CARTESIAN_POINT ( 'NONE',  ( 10.74585705722506113, 119.3338714895134274, 33.50982518345433903 ) ) ;
#3305 = VECTOR ( 'NONE', #672, 999.9999999999998863 ) ;
#3306 = VERTEX_POINT ( 'NONE', #1544 ) ;
#3307 = FACE_BOUND ( 'NONE', #1819, .T. ) ;
#3308 = PLANE ( 'NONE',  #57 ) ;
#3309 = ORIENTED_EDGE ( 'NONE', *, *, #3124, .F. ) ;
#3310 = DIRECTION ( 'NONE',  ( -0.7071067811865485719, -0.7071067811865465735, -2.296260220825017480E-13 ) ) ;
#3311 = CIRCLE ( 'NONE', #400, 3.000000000000000888 ) ;
#3312 = CARTESIAN_POINT ( 'NONE',  ( 14.00000000000000178, 118.1133693473243795, 15.50982518345435679 ) ) ;
#3313 = DIRECTION ( 'NONE',  ( 0.000000000000000000, 0.000000000000000000, 1.000000000000000000 ) ) ;
#3314 = ORIENTED_EDGE ( 'NONE', *, *, #747, .T. ) ;
#3315 = ORIENTED_EDGE ( 'NONE', *, *, #1229, .F. ) ;
#3316 = CARTESIAN_POINT ( 'NONE',  ( 12.00000000000000178, 120.9999999999779732, 74.50585788449947700 ) ) ;
#3317 = ADVANCED_FACE ( 'NONE', ( #25 ), #1557, .F. ) ;
#3318 = CARTESIAN_POINT ( 'NONE',  ( 11.99605061532599315, 120.0838714895134842, 15.50982518345434258 ) ) ;
#3319 = ORIENTED_EDGE ( 'NONE', *, *, #2250, .T. ) ;
#3320 = VERTEX_POINT ( 'NONE', #2595 ) ;
#3321 = PLANE ( 'NONE',  #1309 ) ;
#3322 = ORIENTED_EDGE ( 'NONE', *, *, #125, .F. ) ;
#3323 = CARTESIAN_POINT ( 'NONE',  ( 52.99999999999998579, 121.0000000000011937, 84.99999999999998579 ) ) ;
#3324 = DIRECTION ( 'NONE',  ( 0.000000000000000000, 0.000000000000000000, 1.000000000000000000 ) ) ;
#3325 = DIRECTION ( 'NONE',  ( 0.000000000000000000, 1.000000000000000000, 3.247402347028582376E-13 ) ) ;
#3326 = CARTESIAN_POINT ( 'NONE',  ( 42.49999999999999289, 121.0000000000011937, 2.999999999999995115 ) ) ;
#3327 = EDGE_CURVE ( 'NONE', #2404, #2264, #2891, .T. ) ;
#3328 = VERTEX_POINT ( 'NONE', #1285 ) ;
#3329 = VERTEX_POINT ( 'NONE', #1827 ) ;
#3330 = CARTESIAN_POINT ( 'NONE',  ( 27.49999999999999645, 115.5000000000011795, 90.00000000000000000 ) ) ;
#3331 = EDGE_CURVE ( 'NONE', #250, #3004, #255, .T. ) ;
#3332 = VERTEX_POINT ( 'NONE', #272 ) ;
#3333 = ADVANCED_FACE ( 'NONE', ( #293 ), #2850, .F. ) ;
#3334 = DIRECTION ( 'NONE',  ( -0.7071067811865558994, 0.7071067811865392461, 2.468850131082236156E-15 ) ) ;
#3335 = ORIENTED_EDGE ( 'NONE', *, *, #485, .F. ) ;
#3336 = CARTESIAN_POINT ( 'NONE',  ( 52.99999999999998579, 118.0000000000011937, 84.99999999999998579 ) ) ;
#3337 = DIRECTION ( 'NONE',  ( 0.000000000000000000, -0.000000000000000000, -1.000000000000000000 ) ) ;
#3338 = DIRECTION ( 'NONE',  ( -0.000000000000000000, 3.491481338843133355E-15, -1.000000000000000000 ) ) ;
#3339 = DIRECTION ( 'NONE',  ( 0.000000000000000000, -3.491481338843133355E-15, 1.000000000000000000 ) ) ;
#3340 = CARTESIAN_POINT ( 'NONE',  ( 17.00000000000001066, 120.0000000000011937, 84.99999999999998579 ) ) ;
#3341 = ORIENTED_EDGE ( 'NONE', *, *, #451, .F. ) ;
#3342 = VERTEX_POINT ( 'NONE', #2304 ) ;
#3343 = CIRCLE ( 'NONE', #2551, 1.750000000000001554 ) ;
#3344 = ADVANCED_FACE ( 'NONE', ( #2055 ), #2821, .F. ) ;
#3345 = AXIS2_PLACEMENT_3D ( 'NONE', #1218, #1183, #1152 ) ;
ENDSEC;
END-ISO-10303-21;
