ISO-10303-21;
HEADER;
FILE_DESCRIPTION (( 'STEP AP214' ),
    '1' );
FILE_NAME ('WheelRim.STEP',
    '2026-09-02T17:58:14',
    ( '' ),
    ( '' ),
    'SwSTEP 2.0',
    'SolidWorks 2025',
    '' );
FILE_SCHEMA (( 'AUTOMOTIVE_DESIGN' ));
ENDSEC;

DATA;
#1 = ORIENTED_EDGE ( 'NONE', *, *, #4608, .F. ) ;
#2 = CARTESIAN_POINT ( 'NONE',  ( 4.195780963021677579, -0.7324145652209053114, -26.80189993208518828 ) ) ;
#3 = CARTESIAN_POINT ( 'NONE',  ( 35.40651311330820761, -2.578072272094240169, -18.15381281461706209 ) ) ;
#4 = CARTESIAN_POINT ( 'NONE',  ( -1.336205084551085998, 35.47629800725191274, -19.68347431265096148 ) ) ;
#5 = ORIENTED_EDGE ( 'NONE', *, *, #7803, .F. ) ;
#6 = CARTESIAN_POINT ( 'NONE',  ( 23.16097824516933201, 26.90388608971474937, -17.16962608734229079 ) ) ;
#7 = CARTESIAN_POINT ( 'NONE',  ( -3.757716070398279040, 1.322654360281682706, -30.50000000000000711 ) ) ;
#8 = FACE_OUTER_BOUND ( 'NONE', #8364, .T. ) ;
#9 = EDGE_CURVE ( 'NONE', #8427, #2859, #4178, .T. ) ;
#10 = DIRECTION ( 'NONE',  ( -0.000000000000000000, -0.000000000000000000, 1.000000000000000000 ) ) ;
#11 = CARTESIAN_POINT ( 'NONE',  ( -1.995268973048784034, 3.767033111003811996, -26.78633315158620576 ) ) ;
#12 = ORIENTED_EDGE ( 'NONE', *, *, #736, .T. ) ;
#13 = LINE ( 'NONE', #7784, #5140 ) ;
#14 = DIRECTION ( 'NONE',  ( 1.000000000000000000, 0.000000000000000000, 0.000000000000000000 ) ) ;
#15 = CARTESIAN_POINT ( 'NONE',  ( 0.7770717392865699180, -3.950003636420202469, -30.50000000000000711 ) ) ;
#16 = ORIENTED_EDGE ( 'NONE', *, *, #3525, .F. ) ;
#17 = CARTESIAN_POINT ( 'NONE',  ( -26.90390187311627201, -23.16095991134157117, -17.17385420710221666 ) ) ;
#18 = CARTESIAN_POINT ( 'NONE',  ( 1.623465783184723232, -35.46372347118917645, -15.49726176809836531 ) ) ;
#19 = CARTESIAN_POINT ( 'NONE',  ( -8.696398711077891974, -2.194752019496369666, -16.64284587812598204 ) ) ;
#20 = CARTESIAN_POINT ( 'NONE',  ( -2.432585591686674764, 33.41180035762823053, -16.84523636482767017 ) ) ;
#21 = ORIENTED_EDGE ( 'NONE', *, *, #4266, .F. ) ;
#22 = DIRECTION ( 'NONE',  ( 0.000000000000000000, -0.000000000000000000, 1.000000000000000000 ) ) ;
#23 = EDGE_CURVE ( 'NONE', #5217, #3903, #1298, .T. ) ;
#24 = CARTESIAN_POINT ( 'NONE',  ( -33.49417904839546622, -0.6443920504864992793, -15.07870116200534483 ) ) ;
#25 = ORIENTED_EDGE ( 'NONE', *, *, #118, .T. ) ;
#26 = CARTESIAN_POINT ( 'NONE',  ( 23.91907743607211856, 23.45707690342657159, -15.00037781293158368 ) ) ;
#27 = ADVANCED_FACE ( 'NONE', ( #3601 ), #6400, .T. ) ;
#28 = CARTESIAN_POINT ( 'NONE',  ( 1.536278633088354661, -33.46556029455957315, -19.49867079296896932 ) ) ;
#29 = CARTESIAN_POINT ( 'NONE',  ( 0.5999962787780986906, -5.129791675628162295, -23.27539099792117128 ) ) ;
#30 = CARTESIAN_POINT ( 'NONE',  ( -23.91907743607775672, -23.45707690342093699, -15.00037781293159611 ) ) ;
#31 = CARTESIAN_POINT ( 'NONE',  ( -3.248698736637471995, 3.451396199372378959, -24.62859027678182855 ) ) ;
#32 = ORIENTED_EDGE ( 'NONE', *, *, #5945, .F. ) ;
#33 = CARTESIAN_POINT ( 'NONE',  ( -26.02980089911931216, 24.14135429466803373, -15.31632817220722664 ) ) ;
#34 = EDGE_CURVE ( 'NONE', #6790, #2981, #3746, .T. ) ;
#35 = CARTESIAN_POINT ( 'NONE',  ( -4.217497159606111268, -27.51194580819681690, -2.000000000000002665 ) ) ;
#36 = CARTESIAN_POINT ( 'NONE',  ( -0.6000011786371336475, -14.83125244282439148, -12.12454844806240395 ) ) ;
#37 = CARTESIAN_POINT ( 'NONE',  ( 11.71526358883832408, -9.234853257745886168, 0.000000000000000000 ) ) ;
#38 = LINE ( 'NONE', #2954, #2034 ) ;
#39 = DIRECTION ( 'NONE',  ( 0.2419218955996609577, 0.9702957262759981383, 0.000000000000000000 ) ) ;
#40 = ORIENTED_EDGE ( 'NONE', *, *, #4088, .T. ) ;
#41 = CARTESIAN_POINT ( 'NONE',  ( 4.191591362895455752, -0.7310535862291881459, -26.82772895834455440 ) ) ;
#42 = CARTESIAN_POINT ( 'NONE',  ( 35.40650020447721147, -2.578257880310511840, -16.84580445088413470 ) ) ;
#43 = CARTESIAN_POINT ( 'NONE',  ( 0.000000000000000000, 0.000000000000000000, -4.500000000000000000 ) ) ;
#44 = ORIENTED_EDGE ( 'NONE', *, *, #4244, .T. ) ;
#45 = CARTESIAN_POINT ( 'NONE',  ( 24.74919087280032670, 22.57833364222183548, -19.50000510105720508 ) ) ;
#46 = CARTESIAN_POINT ( 'NONE',  ( -19.96263245450251134, -9.568247549349797154, -10.50000000000001243 ) ) ;
#47 = CARTESIAN_POINT ( 'NONE',  ( 0.6000000000001337597, -9.113133541694152129, -4.099999999999998757 ) ) ;
#48 = CARTESIAN_POINT ( 'NONE',  ( 1.627996760436913215, -35.46350419274224208, -19.49867079296896932 ) ) ;
#49 = CARTESIAN_POINT ( 'NONE',  ( 18.65493070836509659, -12.34679865992469416, -10.50000000000000533 ) ) ;
#50 = EDGE_CURVE ( 'NONE', #7783, #5663, #1412, .T. ) ;
#51 = CARTESIAN_POINT ( 'NONE',  ( -1.861331139184106309, 3.582683498005401201, -28.11476883906006918 ) ) ;
#52 = EDGE_CURVE ( 'NONE', #3324, #4268, #1234, .T. ) ;
#53 = ORIENTED_EDGE ( 'NONE', *, *, #8589, .F. ) ;
#54 = DIRECTION ( 'NONE',  ( -0.000000000000000000, -0.000000000000000000, 1.000000000000000000 ) ) ;
#55 = CARTESIAN_POINT ( 'NONE',  ( 0.000000000000000000, 0.000000000000000000, -10.44999999999990514 ) ) ;
#56 = CARTESIAN_POINT ( 'NONE',  ( -2.183116565155271971, 33.42902615899050289, -18.75847698617484127 ) ) ;
#57 = ORIENTED_EDGE ( 'NONE', *, *, #1988, .F. ) ;
#58 = CARTESIAN_POINT ( 'NONE',  ( -26.22765938669935437, -23.92529890177463869, -15.50119477820776659 ) ) ;
#59 = LINE ( 'NONE', #7270, #2302 ) ;
#60 = EDGE_CURVE ( 'NONE', #7842, #4151, #6743, .T. ) ;
#61 = CARTESIAN_POINT ( 'NONE',  ( -8.657420527820919531, -2.182088639580868072, -16.69035710624545388 ) ) ;
#62 = CARTESIAN_POINT ( 'NONE',  ( 9.459663954936026187E-15, 33.50000000000000000, -15.00000000000000000 ) ) ;
#63 = DIRECTION ( 'NONE',  ( -0.000000000000000000, -0.000000000000000000, 1.000000000000000000 ) ) ;
#64 = CYLINDRICAL_SURFACE ( 'NONE', #2068, 1.000000000000000888 ) ;
#65 = ORIENTED_EDGE ( 'NONE', *, *, #6871, .F. ) ;
#66 = DIRECTION ( 'NONE',  ( -0.9271838545667869802, -0.3746065934159130140, -0.000000000000000000 ) ) ;
#67 = CLOSED_SHELL ( 'NONE', ( #507, #3407, #4087, #7888, #4386, #7345, #8163, #4556, #5373, #6720, #5271, #1815, #6828, #6756, #5103, #5517, #3395, #3619, #6374, #738, #2100, #2616, #7853, #2439, #1121, #4657, #1932, #4535, #6584, #7925, #6481, #6426, #5177, #1105, #4811, #6812, #6026, #1350, #7117, #2377, #7237, #4421, #557, #1837, #2154, #8321, #3077, #7808, #7857, #7277, #231, #6473, #7220, #6185, #7691, #7210, #3745, #8604, #2554, #7794, #332, #340, #3209, #1373, #8270, #3243, #2495, #4868, #8498, #6826, #843, #5688, #1795, #7618, #854, #8817, #6755, #7917, #6495, #2956, #5333, #8943, #6536, #289, #6926, #2668, #3451, #1998, #5391, #6325, #27, #9047, #2904, #1475, #4598, #565, #621, #8920, #2905, #2555, #6127, #8776, #6698, #5572, #1960, #2654, #2206, #8140, #1231, #7010, #6771, #3009, #1504, #1008, #7104, #8137, #1290, #4779, #5692, #1361, #1961, #4026, #4767, #7848, #8384, #121, #7341, #7740, #2592, #7908, #2846, #7404, #8542, #494, #7477, #4665, #6256, #5503, #2488, #8177, #4890, #2884, #1062, #3063, #351, #5675, #3341, #2327, #5810, #948, #6870, #7460, #4188, #2160, #8981, #1083, #3524, #2263, #1190, #689, #1523, #1312, #2715, #774, #1002, #4995, #5005, #7505, #8198, #4610, #2438, #5272, #8028, #6075, #5902, #6638, #5575, #2841, #6719, #4541, #6643, #2428, #1934, #907, #6929, #6489, #1819, #2511, #6424, #8655, #7338, #8778, #4325 ) ) ;
#68 = CARTESIAN_POINT ( 'NONE',  ( 0.8004787946224991568, -33.49078568033328196, -15.12618847594110960 ) ) ;
#69 = EDGE_CURVE ( 'NONE', #6360, #4830, #653, .T. ) ;
#70 = CARTESIAN_POINT ( 'NONE',  ( -24.75004477336417708, -22.57739473829437671, -15.50119477820776481 ) ) ;
#71 = EDGE_CURVE ( 'NONE', #8013, #2113, #4063, .T. ) ;
#72 = VECTOR ( 'NONE', #8094, 1000.000000000000114 ) ;
#73 = CARTESIAN_POINT ( 'NONE',  ( -21.90467636902849335, -25.34661596828367891, -18.15144138431149301 ) ) ;
#74 = DIRECTION ( 'NONE',  ( 1.000000000000000000, 0.000000000000000000, 0.000000000000000000 ) ) ;
#75 = VERTEX_POINT ( 'NONE', #1694 ) ;
#76 = CARTESIAN_POINT ( 'NONE',  ( -33.47770288097503766, 1.258879678074056541, -15.31533489725400798 ) ) ;
#77 = CARTESIAN_POINT ( 'NONE',  ( 8.627892991804637646, -20.63999241350846603, -10.50000000000000533 ) ) ;
#78 = CARTESIAN_POINT ( 'NONE',  ( -0.6004420251203783643, -10.96441267106222561, -14.62832795673874031 ) ) ;
#79 = VECTOR ( 'NONE', #2723, 999.9999999999998863 ) ;
#80 = CARTESIAN_POINT ( 'NONE',  ( 31.02525076397786918, -5.219449481210365782, -4.441752137684933821 ) ) ;
#81 = ORIENTED_EDGE ( 'NONE', *, *, #4490, .T. ) ;
#82 = B_SPLINE_CURVE_WITH_KNOTS ( 'NONE', 3,
 ( #8044, #2395, #7387, #8082 ),
 .UNSPECIFIED., .F., .F.,
 ( 4, 4 ),
 ( 0.001209501529602785216, 0.004905640284679695790 ),
 .UNSPECIFIED. ) ;
#83 = AXIS2_PLACEMENT_3D ( 'NONE', #386, #3219, #7995 ) ;
#84 = FACE_OUTER_BOUND ( 'NONE', #2774, .T. ) ;
#85 = CARTESIAN_POINT ( 'NONE',  ( -14.47360495703820860, 0.7597759851423976363, -4.500000000000000000 ) ) ;
#86 = ORIENTED_EDGE ( 'NONE', *, *, #6594, .F. ) ;
#87 = CARTESIAN_POINT ( 'NONE',  ( -35.42478891475160907, -2.313451882471094567, -18.75847698620240678 ) ) ;
#88 = CARTESIAN_POINT ( 'NONE',  ( 35.40117945796985310, -2.646978093379733554, -17.82802898675674541 ) ) ;
#89 = CARTESIAN_POINT ( 'NONE',  ( -0.6940836975957906940, 35.49466737621381185, -19.93459846097855959 ) ) ;
#90 = ORIENTED_EDGE ( 'NONE', *, *, #7475, .F. ) ;
#91 = CARTESIAN_POINT ( 'NONE',  ( 0.000000000000000000, 0.000000000000000000, -4.500000000000000000 ) ) ;
#92 = VECTOR ( 'NONE', #3402, 1000.000000000000000 ) ;
#93 = CIRCLE ( 'NONE', #2900, 2.740000000000000213 ) ;
#94 = CARTESIAN_POINT ( 'NONE',  ( 19.96263245450514745, 9.568247549333108282, -10.50000000000000178 ) ) ;
#95 = CARTESIAN_POINT ( 'NONE',  ( -24.56387081837243258, 22.78065227417687311, -19.68347431259574520 ) ) ;
#96 = CARTESIAN_POINT ( 'NONE',  ( -1.997412678605865466, -33.44120125696868939, -19.03685471101641014 ) ) ;
#97 = VECTOR ( 'NONE', #6747, 999.9999999999998863 ) ;
#98 = CARTESIAN_POINT ( 'NONE',  ( 3.950000000000000178, 0.000000000000000000, -10.44999999999990514 ) ) ;
#99 = ORIENTED_EDGE ( 'NONE', *, *, #3928, .T. ) ;
#100 = CARTESIAN_POINT ( 'NONE',  ( 2.869491551351436076, 0.3014769886650787711, -4.099999999999999645 ) ) ;
#101 = DIRECTION ( 'NONE',  ( -1.000000000000000000, 0.000000000000000000, 0.000000000000000000 ) ) ;
#102 = CARTESIAN_POINT ( 'NONE',  ( 15.44972555164448380, 15.59193638964908857, -10.50000000000000533 ) ) ;
#103 = ORIENTED_EDGE ( 'NONE', *, *, #3882, .F. ) ;
#104 = CARTESIAN_POINT ( 'NONE',  ( -26.90405087489796188, -23.16078682890419671, -17.82748966708716054 ) ) ;
#105 = CARTESIAN_POINT ( 'NONE',  ( 0.000000000000000000, 0.000000000000000000, -45.00000000000000000 ) ) ;
#106 = CARTESIAN_POINT ( 'NONE',  ( -3.897416324622580586, -0.6354699937467180870, -29.35802830157349774 ) ) ;
#107 = VECTOR ( 'NONE', #2418, 999.9999999999998863 ) ;
#108 = DIRECTION ( 'NONE',  ( 1.000000000000000000, 0.000000000000000000, 0.000000000000000000 ) ) ;
#109 = ORIENTED_EDGE ( 'NONE', *, *, #7903, .F. ) ;
#110 = CARTESIAN_POINT ( 'NONE',  ( -35.50001387694790367, 0.3460106596000436241, -19.99991912762039092 ) ) ;
#111 = EDGE_CURVE ( 'NONE', #6939, #1103, #3181, .T. ) ;
#112 = CARTESIAN_POINT ( 'NONE',  ( 13.25113100649824283, 7.758231914844540889, -4.500000000000000000 ) ) ;
#113 = ORIENTED_EDGE ( 'NONE', *, *, #8590, .F. ) ;
#114 = CARTESIAN_POINT ( 'NONE',  ( 22.09565017594555059, 25.18031213271838809, -16.23749250284440393 ) ) ;
#115 = CARTESIAN_POINT ( 'NONE',  ( -23.41364712931317271, 26.68461600096615882, -18.75985287868912366 ) ) ;
#116 = CARTESIAN_POINT ( 'NONE',  ( -25.05888422977013619, -22.23411612987500163, -19.03685471094480874 ) ) ;
#117 = CARTESIAN_POINT ( 'NONE',  ( 2.646887390694704578, 35.40118623936239572, -17.82748966714402883 ) ) ;
#118 = EDGE_CURVE ( 'NONE', #2790, #5240, #307, .T. ) ;
#119 = CARTESIAN_POINT ( 'NONE',  ( -2.793001144525358637, 2.823881056735723760, -29.33313368209492822 ) ) ;
#120 = CARTESIAN_POINT ( 'NONE',  ( 3.550256487453182341, -1.807075951862622043, -30.50000000000000711 ) ) ;
#121 = ADVANCED_FACE ( 'NONE', ( #6072 ), #6024, .F. ) ;
#122 = CARTESIAN_POINT ( 'NONE',  ( -23.22165922880382993, 24.14737896526027683, -15.06543078874496011 ) ) ;
#123 = CARTESIAN_POINT ( 'NONE',  ( 2.030270917882635917, 1.840000000000000080, -33.00000000000000000 ) ) ;
#124 = CARTESIAN_POINT ( 'NONE',  ( -0.6000174878203142770, -15.17031016035692836, -11.96624372688529370 ) ) ;
#125 = AXIS2_PLACEMENT_3D ( 'NONE', #8557, #39, #2170 ) ;
#126 = FACE_OUTER_BOUND ( 'NONE', #4821, .T. ) ;
#127 = VERTEX_POINT ( 'NONE', #1886 ) ;
#128 = PLANE ( 'NONE',  #8286 ) ;
#129 = CARTESIAN_POINT ( 'NONE',  ( 0.000000000000000000, 0.000000000000000000, 0.000000000000000000 ) ) ;
#130 = EDGE_LOOP ( 'NONE', ( #4905, #5025, #2923, #9149 ) ) ;
#131 = CARTESIAN_POINT ( 'NONE',  ( -35.49383152889668480, -0.6828632176797231335, -15.07870116200534483 ) ) ;
#132 = CARTESIAN_POINT ( 'NONE',  ( 2.030270917882635917, -1.840000000000000080, -44.49999999999998579 ) ) ;
#133 = AXIS2_PLACEMENT_3D ( 'NONE', #477, #435, #3479 ) ;
#134 = CARTESIAN_POINT ( 'NONE',  ( -12.94152193302961784, 26.50975311195698936, -4.500000000000002665 ) ) ;
#135 = ORIENTED_EDGE ( 'NONE', *, *, #1073, .F. ) ;
#136 = EDGE_CURVE ( 'NONE', #5712, #1814, #2085, .T. ) ;
#137 = CARTESIAN_POINT ( 'NONE',  ( 0.000000000000000000, 0.000000000000000000, -10.44999999999990514 ) ) ;
#138 = CARTESIAN_POINT ( 'NONE',  ( -19.72864048090950817, 10.04185244136840005, -10.50000000000000533 ) ) ;
#139 = ORIENTED_EDGE ( 'NONE', *, *, #3027, .F. ) ;
#140 = AXIS2_PLACEMENT_3D ( 'NONE', #2877, #2925, #101 ) ;
#141 = CARTESIAN_POINT ( 'NONE',  ( 0.000000000000000000, 0.000000000000000000, 0.000000000000000000 ) ) ;
#142 = CARTESIAN_POINT ( 'NONE',  ( 1.623465783184723232, -35.46372347118917645, -15.49726176809836531 ) ) ;
#143 = CARTESIAN_POINT ( 'NONE',  ( 29.76743496498353991, -10.30290326099764897, -10.50000000000000355 ) ) ;
#144 = ORIENTED_EDGE ( 'NONE', *, *, #7289, .F. ) ;
#145 = DIRECTION ( 'NONE',  ( 0.000000000000000000, 0.000000000000000000, 1.000000000000000000 ) ) ;
#146 = FACE_OUTER_BOUND ( 'NONE', #1066, .T. ) ;
#147 = CARTESIAN_POINT ( 'NONE',  ( -3.948516843703211432, -0.7845915821164290982, -30.50000000000000711 ) ) ;
#148 = ORIENTED_EDGE ( 'NONE', *, *, #3191, .T. ) ;
#149 = CARTESIAN_POINT ( 'NONE',  ( 35.49998606618570562, 0.3488523193554678992, -19.99993715639902447 ) ) ;
#150 = CARTESIAN_POINT ( 'NONE',  ( 4.217497159606506507, -27.51194580819676005, -2.000000000000005773 ) ) ;
#151 = CARTESIAN_POINT ( 'NONE',  ( -8.629694233047125351, -2.173080259990369800, -16.72431502551489402 ) ) ;
#152 = FACE_OUTER_BOUND ( 'NONE', #5029, .T. ) ;
#153 = EDGE_LOOP ( 'NONE', ( #4900, #6264, #5008, #3711 ) ) ;
#154 = CARTESIAN_POINT ( 'NONE',  ( -35.43769088424034663, 2.116661196921949095, -19.03685471089824333 ) ) ;
#155 = CARTESIAN_POINT ( 'NONE',  ( 2.428828319046365980, 3.123997452812101283, -30.50000000000000711 ) ) ;
#156 = ORIENTED_EDGE ( 'NONE', *, *, #4560, .F. ) ;
#157 = CYLINDRICAL_SURFACE ( 'NONE', #3355, 3.950000000000000178 ) ;
#158 = CARTESIAN_POINT ( 'NONE',  ( 23.57257703658748582, 23.80357730291119722, -14.99981109353420905 ) ) ;
#159 = VERTEX_POINT ( 'NONE', #1362 ) ;
#160 = CARTESIAN_POINT ( 'NONE',  ( 11.26280726100075569, -9.122043225152388857, 0.000000000000000000 ) ) ;
#161 = CARTESIAN_POINT ( 'NONE',  ( 0.6443920504384776926, -33.49417904839638993, -15.07870116200540522 ) ) ;
#162 = CARTESIAN_POINT ( 'NONE',  ( 0.6000662237022533763, -13.98804198820852385, -12.55487248797718536 ) ) ;
#163 = CARTESIAN_POINT ( 'NONE',  ( -2.119258591911609813, 35.43754006842711846, -19.03432852957876165 ) ) ;
#164 = CARTESIAN_POINT ( 'NONE',  ( -3.822802526973140491, 4.240855313634860124, -21.73823352877456827 ) ) ;
#165 = ORIENTED_EDGE ( 'NONE', *, *, #8258, .T. ) ;
#166 = CARTESIAN_POINT ( 'NONE',  ( 3.971547331726443808, -0.3108961472249892055, -30.50000000000000711 ) ) ;
#167 = CARTESIAN_POINT ( 'NONE',  ( -22.57739473814206477, 24.75004477350121235, -15.50119477845026417 ) ) ;
#168 = EDGE_CURVE ( 'NONE', #2175, #866, #9129, .T. ) ;
#169 = EDGE_CURVE ( 'NONE', #7783, #3351, #5073, .T. ) ;
#170 = DIRECTION ( 'NONE',  ( -0.5877852522924688072, -0.8090169943749505599, -0.000000000000000000 ) ) ;
#171 = CARTESIAN_POINT ( 'NONE',  ( -33.50000000000000000, 4.102566777143633774E-15, 0.000000000000000000 ) ) ;
#172 = CARTESIAN_POINT ( 'NONE',  ( 13.24969356305930646, 25.32129393232005299, -0.1936872831438111175 ) ) ;
#173 = CARTESIAN_POINT ( 'NONE',  ( 2.780220478896653358, 2.805864232054657403, -10.44999999999990514 ) ) ;
#174 = DIRECTION ( 'NONE',  ( 0.5877852522924795764, -0.8090169943749425663, 0.000000000000000000 ) ) ;
#175 = DIRECTION ( 'NONE',  ( 1.000000000000000000, 0.000000000000000000, 0.000000000000000000 ) ) ;
#176 = ORIENTED_EDGE ( 'NONE', *, *, #3056, .F. ) ;
#177 = CARTESIAN_POINT ( 'NONE',  ( -35.46350419275770349, -1.627996760144233335, -19.49867079322195806 ) ) ;
#178 = DIRECTION ( 'NONE',  ( 0.000000000000000000, 0.000000000000000000, -1.000000000000000000 ) ) ;
#179 = CARTESIAN_POINT ( 'NONE',  ( -4.968641499408698259, -31.10566832026525930, -4.500000000000000000 ) ) ;
#180 = VERTEX_POINT ( 'NONE', #4846 ) ;
#181 = CARTESIAN_POINT ( 'NONE',  ( -29.20151891344141148, -4.186446246668988458, -4.500000000000002665 ) ) ;
#182 = CARTESIAN_POINT ( 'NONE',  ( 4.898479276394437143, -31.11687563236574761, -4.500000000000003553 ) ) ;
#183 = ORIENTED_EDGE ( 'NONE', *, *, #6207, .T. ) ;
#184 = DIRECTION ( 'NONE',  ( -0.000000000000000000, -0.000000000000000000, 1.000000000000000000 ) ) ;
#185 = CARTESIAN_POINT ( 'NONE',  ( 1.335333400023284822, -35.47636405748664856, -15.31632817220711296 ) ) ;
#186 = CARTESIAN_POINT ( 'NONE',  ( 0.000000000000000000, 0.000000000000000000, -2.000000000000003553 ) ) ;
#187 = ORIENTED_EDGE ( 'NONE', *, *, #9031, .T. ) ;
#188 = DIRECTION ( 'NONE',  ( 1.000000000000000000, 0.000000000000000000, 0.000000000000000000 ) ) ;
#189 = CARTESIAN_POINT ( 'NONE',  ( 33.47769565988365059, 1.260103349251996185, -15.31632817220720177 ) ) ;
#190 = CARTESIAN_POINT ( 'NONE',  ( 3.898491231073332841, -0.6358192520239684953, -10.50000000000000355 ) ) ;
#191 = ORIENTED_EDGE ( 'NONE', *, *, #1140, .F. ) ;
#192 = CARTESIAN_POINT ( 'NONE',  ( 33.41176939070558660, -2.432970571060511844, -16.84589223786971601 ) ) ;
#193 = CARTESIAN_POINT ( 'NONE',  ( 2.646635518228416473, -35.40120507038150777, -17.16962608725743067 ) ) ;
#194 =( BOUNDED_SURFACE ( )  B_SPLINE_SURFACE ( 2, 3, ( 
 ( #9040, #4661, #4963, #2525, #8309, #1926, #7613, #7521, #2141, #2567, #4792, #6111, #1215, #392, #4018, #3226, #4057, #1124 ),
 ( #6853, #6200, #6950, #570, #8398, #6068, #8910, #5367, #6807, #8222, #8952, #3973, #3273, #5409, #5013, #4273, #1434, #7126 ),
 ( #2181, #5718, #737, #3575, #6414, #49, #2873, #8569, #1739, #5265, #8308, #4572, #8995, #2609, #8950, #1876, #7519, #5406 ) ),
 .UNSPECIFIED., .F., .F., .F. ) 
 B_SPLINE_SURFACE_WITH_KNOTS ( ( 3, 3 ),
 ( 4, 2, 2, 2, 2, 2, 2, 2, 4 ),
 ( 0.000000000000000000, 1.000000000000000000 ),
 ( 2.351613232804484532, 2.941808339596976296, 3.532003446389467616, 4.122198553181958935, 4.712393659974450699, 5.302588766766942463, 5.892783873559434227, 6.482978980351925991, 7.073174087144417754 ),
 .UNSPECIFIED. ) 
 GEOMETRIC_REPRESENTATION_ITEM ( )  RATIONAL_B_SPLINE_SURFACE ( (
 ( 1.000000000000000000, 1.000000000000000000, 1.000000000000000000, 1.000000000000000000, 1.000000000000000000, 1.000000000000000000, 1.000000000000000000, 1.000000000000000000, 1.000000000000000000, 1.000000000000000000, 1.000000000000000000, 1.000000000000000000, 1.000000000000000000, 1.000000000000000000, 1.000000000000000000, 1.000000000000000000, 1.000000000000000000, 1.000000000000000000),
 ( 0.7071067811865475727, 0.7071067811865475727, 0.7071067811865476838, 0.7071067811865476838, 0.7071067811865476838, 0.7071067811865476838, 0.7071067811865476838, 0.7071067811865476838, 0.7071067811865476838, 0.7071067811865476838, 0.7071067811865475727, 0.7071067811865475727, 0.7071067811865476838, 0.7071067811865476838, 0.7071067811865476838, 0.7071067811865476838, 0.7071067811865476838, 0.7071067811865476838),
 ( 1.000000000000000000, 1.000000000000000000, 1.000000000000000000, 1.000000000000000000, 1.000000000000000000, 1.000000000000000000, 1.000000000000000000, 1.000000000000000000, 1.000000000000000000, 1.000000000000000000, 1.000000000000000000, 1.000000000000000000, 1.000000000000000000, 1.000000000000000000, 1.000000000000000000, 1.000000000000000000, 1.000000000000000000, 1.000000000000000000) ) ) 
 REPRESENTATION_ITEM ( '' )  SURFACE ( )  );
#195 = CARTESIAN_POINT ( 'NONE',  ( 25.34895672006383549, -24.85560503879191074, -19.99993715639902803 ) ) ;
#196 = PLANE ( 'NONE',  #6656 ) ;
#197 = ORIENTED_EDGE ( 'NONE', *, *, #2343, .F. ) ;
#198 = CARTESIAN_POINT ( 'NONE',  ( -35.42478633093630691, 2.313465172489942212, -16.24166244700334616 ) ) ;
#199 = APPLICATION_CONTEXT ( 'automotive_design' ) ;
#200 = CARTESIAN_POINT ( 'NONE',  ( 23.22830714676342012, 24.13961512403052723, -15.07870116200537680 ) ) ;
#201 = ORIENTED_EDGE ( 'NONE', *, *, #703, .F. ) ;
#202 = CARTESIAN_POINT ( 'NONE',  ( -21.85595376812036150, 25.38832969884780510, -17.82748966720692252 ) ) ;
#203 = CARTESIAN_POINT ( 'NONE',  ( 22.23228233189645309, 25.06051675808361878, -19.03432852971191735 ) ) ;
#204 = ORIENTED_EDGE ( 'NONE', *, *, #3138, .F. ) ;
#205 = CARTESIAN_POINT ( 'NONE',  ( 1.809400085646715395, 3.511206534805614066, -2.000000000000003553 ) ) ;
#206 = CARTESIAN_POINT ( 'NONE',  ( 25.58779123384059773, 24.60930377958163007, -19.93550015085430616 ) ) ;
#207 = DIRECTION ( 'NONE',  ( -0.000000000000000000, -0.000000000000000000, 1.000000000000000000 ) ) ;
#208 = CARTESIAN_POINT ( 'NONE',  ( -1.627996760174019286, 35.46350419275613319, -19.49867079320532781 ) ) ;
#209 = AXIS2_PLACEMENT_3D ( 'NONE', #708, #5125, #3548 ) ;
#210 = CARTESIAN_POINT ( 'NONE',  ( -3.339462683946971655, 3.576005387257513046, -24.10889485733790139 ) ) ;
#211 = CARTESIAN_POINT ( 'NONE',  ( 3.592364382480893958, 1.721848647831052848, -10.50000000000000178 ) ) ;
#212 = CARTESIAN_POINT ( 'NONE',  ( -24.56387081837243258, 22.78065227417687311, -19.68347431259574520 ) ) ;
#213 = CARTESIAN_POINT ( 'NONE',  ( -0.6002849739682215580, -17.47720300300432328, -11.11192245936200429 ) ) ;
#214 = CIRCLE ( 'NONE', #7656, 27.83333333333332860 ) ;
#215 = CARTESIAN_POINT ( 'NONE',  ( 33.49999999999999289, 0.000000000000000000, -1.500000000000000000 ) ) ;
#216 = CARTESIAN_POINT ( 'NONE',  ( 1.434520912495860889, -3.713040577427384026, -30.50000000000000711 ) ) ;
#217 = CARTESIAN_POINT ( 'NONE',  ( 3.750000000000000000, 14.00000000000000000, 0.000000000000000000 ) ) ;
#218 = EDGE_CURVE ( 'NONE', #2981, #5300, #7076, .T. ) ;
#219 = VECTOR ( 'NONE', #1239, 1000.000000000000000 ) ;
#220 = VERTEX_POINT ( 'NONE', #1220 ) ;
#221 = CARTESIAN_POINT ( 'NONE',  ( -35.42482158507213086, 2.312924270433115659, -18.75985287827878878 ) ) ;
#222 = CARTESIAN_POINT ( 'NONE',  ( 27.86495337710470466, -9.684749521375396242, 0.000000000000000000 ) ) ;
#223 = CARTESIAN_POINT ( 'NONE',  ( 3.283692341844998808, 15.00000000000000000, -2.000000000000003553 ) ) ;
#224 = ORIENTED_EDGE ( 'NONE', *, *, #7339, .T. ) ;
#225 = LINE ( 'NONE', #5196, #3627 ) ;
#226 = DIRECTION ( 'NONE',  ( -0.5299192642332088976, 0.8480480961564234033, 0.000000000000000000 ) ) ;
#227 = AXIS2_PLACEMENT_3D ( 'NONE', #1359, #6996, #574 ) ;
#228 = ORIENTED_EDGE ( 'NONE', *, *, #900, .T. ) ;
#229 = CARTESIAN_POINT ( 'NONE',  ( -0.5999999999995230260, -31.49428519588913389, -2.000000000000003553 ) ) ;
#230 = CARTESIAN_POINT ( 'NONE',  ( -20.05590536260183043, 20.53522719404955410, -0.3063886183192842116 ) ) ;
#231 = ADVANCED_FACE ( 'NONE', ( #4061 ), #5547, .T. ) ;
#232 = EDGE_CURVE ( 'NONE', #5300, #4594, #8403, .T. ) ;
#233 = ORIENTED_EDGE ( 'NONE', *, *, #7025, .T. ) ;
#234 = CARTESIAN_POINT ( 'NONE',  ( 0.6000000000001460831, -9.923036238163062350, -2.700039325476423002 ) ) ;
#235 = CARTESIAN_POINT ( 'NONE',  ( 2.497552057251682722, 33.40676928008648616, -17.17385420704539101 ) ) ;
#236 = EDGE_CURVE ( 'NONE', #562, #1366, #528, .T. ) ;
#237 = LINE ( 'NONE', #5246, #9131 ) ;
#238 = EDGE_LOOP ( 'NONE', ( #4882, #2703 ) ) ;
#239 = CARTESIAN_POINT ( 'NONE',  ( 33.50000000000000000, -8.185726402265558477E-15, -15.00000000000000355 ) ) ;
#240 = VECTOR ( 'NONE', #2704, 1000.000000000000000 ) ;
#241 = EDGE_CURVE ( 'NONE', #6931, #2747, #3449, .T. ) ;
#242 = CARTESIAN_POINT ( 'NONE',  ( 0.1730936072702211059, -35.50000000000000711, -14.99981109353423570 ) ) ;
#243 = CARTESIAN_POINT ( 'NONE',  ( 25.10229073212299511, -25.10229073212189022, -15.00000000000000000 ) ) ;
#244 = CARTESIAN_POINT ( 'NONE',  ( 0.000000000000000000, 0.000000000000000000, -4.099999999999998757 ) ) ;
#245 = ORIENTED_EDGE ( 'NONE', *, *, #1417, .F. ) ;
#246 = AXIS2_PLACEMENT_3D ( 'NONE', #3734, #7282, #5078 ) ;
#247 = LINE ( 'NONE', #834, #1740 ) ;
#248 = CARTESIAN_POINT ( 'NONE',  ( 23.45528926194415220, 23.92084648232815880, -19.99993715638739289 ) ) ;
#249 = VERTEX_POINT ( 'NONE', #1974 ) ;
#250 = CARTESIAN_POINT ( 'NONE',  ( -23.45720397291144010, 23.91896888592315662, -19.99991912760876644 ) ) ;
#251 = CARTESIAN_POINT ( 'NONE',  ( 22.23411612971531781, -25.05888422991380793, -19.03685471076806834 ) ) ;
#252 = ORIENTED_EDGE ( 'NONE', *, *, #6545, .F. ) ;
#253 = CARTESIAN_POINT ( 'NONE',  ( -29.21142365288467957, -4.116154536905698436, -4.500000000000002665 ) ) ;
#254 = CARTESIAN_POINT ( 'NONE',  ( 2.669581395823194647, 6.607445816926963644, -4.500000000000000000 ) ) ;
#255 = AXIS2_PLACEMENT_3D ( 'NONE', #4185, #7032, #5635 ) ;
#256 = CARTESIAN_POINT ( 'NONE',  ( -25.18159475674374903, -22.09418396602318779, -16.24166244697568473 ) ) ;
#257 = AXIS2_PLACEMENT_3D ( 'NONE', #2477, #7430, #2565 ) ;
#258 = CARTESIAN_POINT ( 'NONE',  ( 0.3266837095288894766, 33.50000000000000000, -15.00037781293156591 ) ) ;
#259 = CARTESIAN_POINT ( 'NONE',  ( -13.38246765079994027, 17.39860555582858836, -10.50000000000000355 ) ) ;
#260 = CARTESIAN_POINT ( 'NONE',  ( 3.028144824007807490, 2.588471276118724518, -10.50000000000000178 ) ) ;
#261 = CARTESIAN_POINT ( 'NONE',  ( -4.148653262751024862, -28.49645940093285290, -0.4452998037747729621 ) ) ;
#262 = DIRECTION ( 'NONE',  ( 1.000000000000000000, 0.000000000000000000, 0.000000000000000000 ) ) ;
#263 = CARTESIAN_POINT ( 'NONE',  ( 8.855242667939243972, 2.246365423192644428, -9.500000000000005329 ) ) ;
#264 = AXIS2_PLACEMENT_3D ( 'NONE', #2360, #5514, #3377 ) ;
#265 = CARTESIAN_POINT ( 'NONE',  ( 2.301456861815672550, -3.247740274592750609, -30.50000000000000711 ) ) ;
#266 = DIRECTION ( 'NONE',  ( -0.5877852522924805756, 0.8090169943749419001, 0.000000000000000000 ) ) ;
#267 = EDGE_LOOP ( 'NONE', ( #5476, #1482, #4498, #8610 ) ) ;
#268 = CARTESIAN_POINT ( 'NONE',  ( -35.50001387694788946, 0.3460106596000436241, -19.99991912762038737 ) ) ;
#269 = CARTESIAN_POINT ( 'NONE',  ( 5.459108381078930705, 4.580735829120110125, -3.499999999999999556 ) ) ;
#270 = CARTESIAN_POINT ( 'NONE',  ( -18.35007297076204225, 25.59696899962395378, -2.000000000000003553 ) ) ;
#271 = ORIENTED_EDGE ( 'NONE', *, *, #6141, .T. ) ;
#272 = CARTESIAN_POINT ( 'NONE',  ( -27.83885172224231752, -13.25491528571384237, -3.499999999999999112 ) ) ;
#273 = CARTESIAN_POINT ( 'NONE',  ( -17.82148828198198842, 23.50839329718597881, -4.500000000000002665 ) ) ;
#274 = EDGE_CURVE ( 'NONE', #8088, #7869, #6859, .T. ) ;
#275 = ORIENTED_EDGE ( 'NONE', *, *, #5860, .F. ) ;
#276 = CARTESIAN_POINT ( 'NONE',  ( -2.182618677700498999, -33.42905698873226328, -18.75985287847622018 ) ) ;
#277 = CARTESIAN_POINT ( 'NONE',  ( 0.8004787946224991568, -33.49078568033328196, -15.12618847594110960 ) ) ;
#278 = EDGE_LOOP ( 'NONE', ( #669, #2863, #5076, #6913, #5824, #515, #224, #5346, #1010, #8925 ) ) ;
#279 = FACE_OUTER_BOUND ( 'NONE', #1901, .T. ) ;
#280 = CARTESIAN_POINT ( 'NONE',  ( 0.6545827030433706284, 33.49496812530967560, -15.06543078870605612 ) ) ;
#281 = FACE_OUTER_BOUND ( 'NONE', #4360, .T. ) ;
#283 = EDGE_CURVE ( 'NONE', #6352, #7843, #4797, .T. ) ;
#282 = ORIENTED_EDGE ( 'NONE', *, *, #2541, .T. ) ;
#284 = CARTESIAN_POINT ( 'NONE',  ( 35.49383152889666349, 0.6828632176808483445, -15.07870116200535726 ) ) ;
#285 = EDGE_CURVE ( 'NONE', #1004, #4830, #8955, .T. ) ;
#286 = CARTESIAN_POINT ( 'NONE',  ( 2.433818831015752693, -33.41170923154498240, -18.15144138432807353 ) ) ;
#287 = AXIS2_PLACEMENT_3D ( 'NONE', #8525, #5629, #2784 ) ;
#288 = CARTESIAN_POINT ( 'NONE',  ( 5.134827102837379975, 8.088264159113290219, -4.820036380850610591 ) ) ;
#289 = ADVANCED_FACE ( 'NONE', ( #5785, #8633 ), #3638, .F. ) ;
#290 = DIRECTION ( 'NONE',  ( 0.5877852522924795764, -0.8090169943749425663, 0.000000000000000000 ) ) ;
#291 = ORIENTED_EDGE ( 'NONE', *, *, #6761, .F. ) ;
#292 = CARTESIAN_POINT ( 'NONE',  ( -23.36444775701500376, -26.72745850263876832, -16.38942846841829848 ) ) ;
#293 = DIRECTION ( 'NONE',  ( -1.000000000000000000, 0.000000000000000000, 0.000000000000000000 ) ) ;
#294 = ORIENTED_EDGE ( 'NONE', *, *, #8035, .T. ) ;
#295 = DIRECTION ( 'NONE',  ( -0.06975647374412907720, 0.9975640502598240866, 0.000000000000000000 ) ) ;
#296 = AXIS2_PLACEMENT_3D ( 'NONE', #7499, #1199, #7595 ) ;
#297 = CARTESIAN_POINT ( 'NONE',  ( 26.68361434972762325, -23.41479346988197818, -16.23749250320539161 ) ) ;
#298 = ORIENTED_EDGE ( 'NONE', *, *, #3991, .T. ) ;
#299 = LINE ( 'NONE', #160, #6326 ) ;
#300 = DIRECTION ( 'NONE',  ( -0.000000000000000000, -0.000000000000000000, -1.000000000000000000 ) ) ;
#301 = CARTESIAN_POINT ( 'NONE',  ( 35.40643814088921459, 2.579121447818100599, -18.15144138432285104 ) ) ;
#302 = CARTESIAN_POINT ( 'NONE',  ( -2.497603480177743140, 33.40676543542022614, -17.82637605762931088 ) ) ;
#303 = CARTESIAN_POINT ( 'NONE',  ( -0.5999999999999104938, -5.969924622639729783, -4.099999999999999645 ) ) ;
#304 = CARTESIAN_POINT ( 'NONE',  ( 1.232614777542436091, -3.788206096902003495, -10.50000000000000533 ) ) ;
#305 = EDGE_CURVE ( 'NONE', #6430, #4718, #8862, .T. ) ;
#306 = CARTESIAN_POINT ( 'NONE',  ( -33.46561352134852285, 1.535027868658110917, -19.50000510109366303 ) ) ;
#307 = B_SPLINE_CURVE_WITH_KNOTS ( 'NONE', 3,
 ( #3136, #7436, #5371, #3884 ),
 .UNSPECIFIED., .F., .F.,
 ( 4, 4 ),
 ( 2.403850484220447343E-07, 0.003005043589698019792 ),
 .UNSPECIFIED. ) ;
#308 = CARTESIAN_POINT ( 'NONE',  ( 28.15811790491466482, -14.07551017601778476, -4.469861726502855959 ) ) ;
#309 = DIRECTION ( 'NONE',  ( 1.000000000000000000, 0.000000000000000000, 0.000000000000000000 ) ) ;
#310 = CARTESIAN_POINT ( 'NONE',  ( 3.925396326343577158, 0.6601395755011230104, -10.50000000000000533 ) ) ;
#311 = FACE_OUTER_BOUND ( 'NONE', #9078, .T. ) ;
#312 = VERTEX_POINT ( 'NONE', #1403 ) ;
#313 = FACE_OUTER_BOUND ( 'NONE', #4351, .T. ) ;
#314 = CARTESIAN_POINT ( 'NONE',  ( 3.950000000000000178, 0.000000000000000000, -45.00000000000000000 ) ) ;
#315 = CARTESIAN_POINT ( 'NONE',  ( 25.10229073212210693, 25.10229073212276418, -15.00000000000000000 ) ) ;
#316 = EDGE_LOOP ( 'NONE', ( #5342, #2274, #2935, #6408, #6688, #4950 ) ) ;
#317 = DIRECTION ( 'NONE',  ( -0.8090169943749426773, -0.5877852522924796874, 0.000000000000000000 ) ) ;
#318 = CARTESIAN_POINT ( 'NONE',  ( 0.000000000000000000, 0.000000000000000000, -0.4452998037747721294 ) ) ;
#319 = ORIENTED_EDGE ( 'NONE', *, *, #6138, .F. ) ;
#320 = CARTESIAN_POINT ( 'NONE',  ( 12.74120229184796571, 17.87802869049957266, -10.50000000000000355 ) ) ;
#321 = CARTESIAN_POINT ( 'NONE',  ( 33.50000000000000000, 0.1633418547768143991, -14.99981109353420727 ) ) ;
#322 = ORIENTED_EDGE ( 'NONE', *, *, #6712, .T. ) ;
#323 = CARTESIAN_POINT ( 'NONE',  ( 4.734564580953895430, -2.169230619981456609, -23.15454379640392446 ) ) ;
#324 = CARTESIAN_POINT ( 'NONE',  ( 1.258063798052566185, 33.47773739745090182, -19.68467263745247919 ) ) ;
#325 = DIRECTION ( 'NONE',  ( 0.000000000000000000, 0.000000000000000000, -1.000000000000000000 ) ) ;
#326 = ORIENTED_EDGE ( 'NONE', *, *, #1643, .T. ) ;
#327 = CARTESIAN_POINT ( 'NONE',  ( 35.40118623936242415, -2.646887390694278697, -17.82748966696158988 ) ) ;
#328 = CARTESIAN_POINT ( 'NONE',  ( 2.497603480182744029, -33.40676543541984955, -17.82637605771441613 ) ) ;
#329 = CARTESIAN_POINT ( 'NONE',  ( -3.898491231073315966, -0.6358192520240809609, -10.44999999999990514 ) ) ;
#330 = EDGE_CURVE ( 'NONE', #3114, #8945, #7317, .T. ) ;
#331 = FACE_OUTER_BOUND ( 'NONE', #2519, .T. ) ;
#332 = ADVANCED_FACE ( 'NONE', ( #2892 ), #2719, .F. ) ;
#333 = PLANE ( 'NONE',  #1918 ) ;
#334 = ORIENTED_EDGE ( 'NONE', *, *, #5967, .T. ) ;
#335 = VERTEX_POINT ( 'NONE', #7798 ) ;
#336 = CARTESIAN_POINT ( 'NONE',  ( 16.85066788873168164, 24.21373559993721614, -4.500000000000000000 ) ) ;
#337 = CARTESIAN_POINT ( 'NONE',  ( 25.18158761285704728, -22.09419455810778388, -18.75847698606482084 ) ) ;
#338 = VERTEX_POINT ( 'NONE', #2805 ) ;
#339 = CARTESIAN_POINT ( 'NONE',  ( -28.23577377035439184, -8.543481701821995955, -4.500000000000002665 ) ) ;
#340 = ADVANCED_FACE ( 'NONE', ( #3498 ), #3025, .F. ) ;
#341 = DIRECTION ( 'NONE',  ( -0.000000000000000000, -0.000000000000000000, 1.000000000000000000 ) ) ;
#342 = CARTESIAN_POINT ( 'NONE',  ( -30.13825535823319157, -9.161635441444298422, -9.500000000000005329 ) ) ;
#343 = CARTESIAN_POINT ( 'NONE',  ( 35.42478891474954139, 2.313451882501056822, -18.75847698607005754 ) ) ;
#344 = B_SPLINE_CURVE_WITH_KNOTS ( 'NONE', 3,
 ( #6645, #3720, #5107, #4460, #4361, #7265, #8755, #1527, #1716, #5768, #5858, #8708, #6562, #6513, #823, #6462, #2275, #5202 ),
 .UNSPECIFIED., .F., .F.,
 ( 4, 2, 2, 2, 2, 2, 2, 2, 4 ),
 ( 0.000000000000000000, 0.06250000000000033307, 0.1250000000000006661, 0.1875000000000005551, 0.2500000000000004441, 0.3125000000000003331, 0.3750000000000002220, 0.4375000000000001110, 0.5000000000000000000 ),
 .UNSPECIFIED. ) ;
#345 = FACE_OUTER_BOUND ( 'NONE', #5777, .T. ) ;
#346 = CARTESIAN_POINT ( 'NONE',  ( -0.6443920504757619794, 33.49417904839567228, -15.07870116200535904 ) ) ;
#347 = DIRECTION ( 'NONE',  ( 0.5877852522924795764, -0.8090169943749425663, -0.000000000000000000 ) ) ;
#348 = ORIENTED_EDGE ( 'NONE', *, *, #6829, .F. ) ;
#349 = FACE_OUTER_BOUND ( 'NONE', #6819, .T. ) ;
#350 = CARTESIAN_POINT ( 'NONE',  ( -33.44120125695919654, 1.997412678785500439, -19.03685471089824333 ) ) ;
#351 = ADVANCED_FACE ( 'NONE', ( #4937 ), #6394, .F. ) ;
#352 = CARTESIAN_POINT ( 'NONE',  ( -0.6004343355337272703, -5.498222933486636599, -22.30019578428198201 ) ) ;
#353 = EDGE_CURVE ( 'NONE', #8092, #7455, #8966, .T. ) ;
#354 = EDGE_CURVE ( 'NONE', #2220, #4268, #1640, .T. ) ;
#355 = CARTESIAN_POINT ( 'NONE',  ( 3.328108814596968390, -2.183623661763246737, -30.50000000000000711 ) ) ;
#356 = CARTESIAN_POINT ( 'NONE',  ( 11.59387685601790352, -4.397956280761799341, -2.000000000000003553 ) ) ;
#357 = CARTESIAN_POINT ( 'NONE',  ( 23.68807716974986022, -23.68807716974882283, -14.99999999999999822 ) ) ;
#358 = ORIENTED_EDGE ( 'NONE', *, *, #3293, .F. ) ;
#359 = CARTESIAN_POINT ( 'NONE',  ( -33.41180035762004508, -2.432585591805299874, -16.84523636506550659 ) ) ;
#360 = DIRECTION ( 'NONE',  ( -0.000000000000000000, -0.000000000000000000, 1.000000000000000000 ) ) ;
#361 = LINE ( 'NONE', #2309, #8256 ) ;
#362 = ORIENTED_EDGE ( 'NONE', *, *, #2036, .F. ) ;
#363 = VECTOR ( 'NONE', #7043, 1000.000000000000000 ) ;
#364 = LINE ( 'NONE', #6038, #8545 ) ;
#365 = CARTESIAN_POINT ( 'NONE',  ( 4.003495269361334152, -30.57231541889893833, -3.500000000000000444 ) ) ;
#366 = VERTEX_POINT ( 'NONE', #342 ) ;
#367 = CIRCLE ( 'NONE', #6448, 1.000000000000000000 ) ;
#368 = CARTESIAN_POINT ( 'NONE',  ( 10.25119855116655998, -3.961693653811011018, -3.410121845480084346 ) ) ;
#369 = CARTESIAN_POINT ( 'NONE',  ( 15.28056448235626164, 1.512277916404204392, -2.000000000000003553 ) ) ;
#370 = ORIENTED_EDGE ( 'NONE', *, *, #4926, .F. ) ;
#371 = CARTESIAN_POINT ( 'NONE',  ( 3.905129893984401246, -1.899599600984634762, -26.34274841110640253 ) ) ;
#372 = CARTESIAN_POINT ( 'NONE',  ( 33.49998685118932684, 0.3291986675607936896, -19.99993715639902447 ) ) ;
#373 = FACE_OUTER_BOUND ( 'NONE', #8936, .T. ) ;
#374 = ORIENTED_EDGE ( 'NONE', *, *, #1073, .T. ) ;
#375 = CARTESIAN_POINT ( 'NONE',  ( 23.22286412987148196, -24.14622553067321675, -19.93550015078835358 ) ) ;
#376 = AXIS2_PLACEMENT_3D ( 'NONE', #910, #3846, #2447 ) ;
#377 = DIRECTION ( 'NONE',  ( 0.000000000000000000, -0.000000000000000000, -1.000000000000000000 ) ) ;
#378 = LINE ( 'NONE', #4607, #9161 ) ;
#379 = CIRCLE ( 'NONE', #6320, 28.79686653584985123 ) ;
#380 = DIRECTION ( 'NONE',  ( -1.000000000000000000, 0.000000000000000000, 0.000000000000000000 ) ) ;
#381 = VERTEX_POINT ( 'NONE', #8775 ) ;
#382 = CARTESIAN_POINT ( 'NONE',  ( 29.21142365288473286, -4.116154536905284544, -4.500000000000000000 ) ) ;
#383 = CARTESIAN_POINT ( 'NONE',  ( 24.75003765958567570, -22.57741158141215720, -19.49867079316377172 ) ) ;
#384 = EDGE_LOOP ( 'NONE', ( #6322, #3519, #8640, #6085, #7581 ) ) ;
#385 = CARTESIAN_POINT ( 'NONE',  ( 2.278566369433445260, 4.156231503701355301, -24.62860487034288681 ) ) ;
#386 = CARTESIAN_POINT ( 'NONE',  ( 0.000000000000000000, 0.000000000000000000, 0.000000000000000000 ) ) ;
#387 = CARTESIAN_POINT ( 'NONE',  ( 27.33647731103761203, -9.513037238522523253, -3.666663488590732101 ) ) ;
#388 = CARTESIAN_POINT ( 'NONE',  ( 35.50000000000000711, -0.3461872146016327645, -15.00037781293159611 ) ) ;
#389 = CIRCLE ( 'NONE', #5579, 31.50000000000000711 ) ;
#390 = EDGE_CURVE ( 'NONE', #8734, #8423, #6739, .T. ) ;
#391 = CARTESIAN_POINT ( 'NONE',  ( -28.14359834281327366, -13.50789042443503440, -4.075933793973240071 ) ) ;
#392 = CARTESIAN_POINT ( 'NONE',  ( -3.948516843703211432, -0.7845915821164290982, -30.50000000000000711 ) ) ;
#393 = DIRECTION ( 'NONE',  ( 1.000000000000000000, 0.000000000000000000, 0.000000000000000000 ) ) ;
#394 = CARTESIAN_POINT ( 'NONE',  ( 18.99728656626161438, 25.12674079779023728, -10.50000000000000355 ) ) ;
#395 = CIRCLE ( 'NONE', #2026, 12.39999999999998970 ) ;
#396 = CARTESIAN_POINT ( 'NONE',  ( -0.5998751315589753164, -4.300532404514851414, -26.34255411584736351 ) ) ;
#397 = AXIS2_PLACEMENT_3D ( 'NONE', #4407, #3667, #7208 ) ;
#398 = EDGE_CURVE ( 'NONE', #5015, #3796, #4476, .T. ) ;
#399 = CARTESIAN_POINT ( 'NONE',  ( -0.08643254471493364011, 3.979579122623877474, -30.50000000000000711 ) ) ;
#400 = LINE ( 'NONE', #6030, #999 ) ;
#401 = B_SPLINE_SURFACE_WITH_KNOTS ( 'NONE', 1, 3, ( 
 ( #4326, #8669, #2977, #4232, #2838, #2281, #4972, #784, #7972, #1580, #8624, #4417, #881, #3626, #1442, #4281, #2233, #7085, #5066, #7926, #1532, #7135, #3725, #2324, #6567, #193, #3023, #698, #5161, #18, #1670, #7414, #8110, #5914, #242, #1773 ),
 ( #3116, #6651, #1723, #5207, #8760, #3071, #4507, #3816, #968, #2373, #4555, #2464, #5307, #4605, #8063, #1016, #5249, #3862, #6697, #8162, #7363, #4465, #5962, #286, #328, #3160, #8803, #3768, #6004, #2415, #8847, #1628, #7319, #6606, #924, #5597 ) ),
 .UNSPECIFIED., .F., .T., .F.,
 ( 2, 2 ),
 ( 4, 2, 2, 2, 2, 2, 2, 2, 2, 2, 2, 2, 2, 2, 2, 2, 2, 4 ),
 ( 0.000000000000000000, 1.000000000000000000 ),
 ( 0.000000000000000000, 0.06250000000000000000, 0.1250000000000000000, 0.1875000000000000000, 0.2500000000000000000, 0.3125000000000000000, 0.3750000000000000000, 0.4375000000000000000, 0.5000000000000000000, 0.5625000000000000000, 0.6250000000000000000, 0.6875000000000000000, 0.7500000000000000000, 0.8125000000000000000, 0.8750000000000000000, 0.9375000000000000000, 0.9687500000000000000, 1.000000000000000000 ),
 .UNSPECIFIED. ) ;
#402 = CARTESIAN_POINT ( 'NONE',  ( -22.30316851333155270, 22.24452009520403450, -4.500000000000002665 ) ) ;
#403 = ORIENTED_EDGE ( 'NONE', *, *, #3573, .T. ) ;
#404 = DIRECTION ( 'NONE',  ( 0.5877852522924795764, -0.8090169943749425663, 0.000000000000000000 ) ) ;
#405 = LINE ( 'NONE', #4674, #6088 ) ;
#406 = CARTESIAN_POINT ( 'NONE',  ( -0.5999999999995933031, -28.38254795352476734, -2.833329964864178763 ) ) ;
#407 = VERTEX_POINT ( 'NONE', #5929 ) ;
#408 = CARTESIAN_POINT ( 'NONE',  ( 31.50000000000000000, 0.000000000000000000, -4.500000000000000000 ) ) ;
#409 = VECTOR ( 'NONE', #4255, 1000.000000000000000 ) ;
#410 = CYLINDRICAL_SURFACE ( 'NONE', #8318, 35.50000000000000711 ) ;
#411 = CARTESIAN_POINT ( 'NONE',  ( -1.535027868837126386, -33.46561352133907263, -19.50000510097546425 ) ) ;
#412 = CARTESIAN_POINT ( 'NONE',  ( 33.42902615898900365, 2.183116565177053214, -18.75847698607005754 ) ) ;
#413 = ORIENTED_EDGE ( 'NONE', *, *, #6874, .T. ) ;
#414 = CARTESIAN_POINT ( 'NONE',  ( 14.81307368212811149, -5.444022959909462500, -11.70813491979853005 ) ) ;
#415 = EDGE_CURVE ( 'NONE', #1114, #3541, #8122, .T. ) ;
#416 = DIRECTION ( 'NONE',  ( -1.000000000000000000, 0.000000000000000000, 0.000000000000000000 ) ) ;
#417 = VECTOR ( 'NONE', #787, 1000.000000000000114 ) ;
#418 = CARTESIAN_POINT ( 'NONE',  ( 0.000000000000000000, 0.000000000000000000, -2.000000000000003553 ) ) ;
#419 = ORIENTED_EDGE ( 'NONE', *, *, #903, .F. ) ;
#420 = CARTESIAN_POINT ( 'NONE',  ( -27.16648373027893371, -13.08727511710192637, -2.481296856322389832 ) ) ;
#421 = DIRECTION ( 'NONE',  ( -0.000000000000000000, -0.000000000000000000, -1.000000000000000000 ) ) ;
#422 = AXIS2_PLACEMENT_3D ( 'NONE', #4524, #8911, #393 ) ;
#423 = CARTESIAN_POINT ( 'NONE',  ( -23.92867568819224644, -26.22460301700293428, -15.49726176816959367 ) ) ;
#424 = CARTESIAN_POINT ( 'NONE',  ( -8.298231321528987792, 12.44232435634545020, -12.07126891612516495 ) ) ;
#425 = ORIENTED_EDGE ( 'NONE', *, *, #3926, .T. ) ;
#426 = CARTESIAN_POINT ( 'NONE',  ( -3.825880456053156298, -1.873981226334865857, -26.80188715867376814 ) ) ;
#427 = CARTESIAN_POINT ( 'NONE',  ( 23.22165922880457956, -24.14737896525955207, -15.06543078875061603 ) ) ;
#428 = EDGE_LOOP ( 'NONE', ( #5518, #5758, #3678, #6660, #197, #2507, #6389, #5906, #8726, #8280, #7875, #5491, #5477, #6703, #3437, #3214 ) ) ;
#429 = DIRECTION ( 'NONE',  ( 0.6427876096865379196, 0.7660444431189792347, 0.000000000000000000 ) ) ;
#430 = CARTESIAN_POINT ( 'NONE',  ( -13.36296920515571784, 25.45629058574188264, -0.3757584578515174023 ) ) ;
#431 = AXIS2_PLACEMENT_3D ( 'NONE', #8135, #4580, #6677 ) ;
#432 = CARTESIAN_POINT ( 'NONE',  ( 35.40650189164323791, -2.578222545452183656, -16.84589223786971601 ) ) ;
#433 = DIRECTION ( 'NONE',  ( -1.000000000000000000, 0.000000000000000000, 0.000000000000000000 ) ) ;
#434 = AXIS2_PLACEMENT_3D ( 'NONE', #1994, #3382, #3336 ) ;
#435 = DIRECTION ( 'NONE',  ( 0.000000000000000000, 0.000000000000000000, -1.000000000000000000 ) ) ;
#436 = CARTESIAN_POINT ( 'NONE',  ( -2.780220478896693326, 2.805864232054615659, -10.50000000000000355 ) ) ;
#437 = CARTESIAN_POINT ( 'NONE',  ( -1.809400085646768908, 3.511206534805590529, -2.000000000000003553 ) ) ;
#438 = CARTESIAN_POINT ( 'NONE',  ( 23.92529890173263851, -26.22765938673714103, -15.50119477829934667 ) ) ;
#439 = CARTESIAN_POINT ( 'NONE',  ( 5.492325517527466339, -2.415442073310115401, -1.599999999999999423 ) ) ;
#440 = AXIS2_PLACEMENT_3D ( 'NONE', #2960, #8831, #5286 ) ;
#441 = EDGE_CURVE ( 'NONE', #1049, #1957, #2965, .T. ) ;
#442 = CARTESIAN_POINT ( 'NONE',  ( 21.81327831980462406, 3.668370552468676937, -10.50000000000000533 ) ) ;
#443 = FACE_OUTER_BOUND ( 'NONE', #6617, .T. ) ;
#444 = EDGE_CURVE ( 'NONE', #2097, #7141, #7332, .T. ) ;
#445 = CARTESIAN_POINT ( 'NONE',  ( 23.91807993416260913, -23.45635784821914882, -15.01551170377315891 ) ) ;
#446 = ORIENTED_EDGE ( 'NONE', *, *, #2766, .F. ) ;
#447 = CARTESIAN_POINT ( 'NONE',  ( 15.28056448235626164, 1.512277916404204392, -4.500000000000000000 ) ) ;
#448 = CARTESIAN_POINT ( 'NONE',  ( -2.740000000000000213, 0.000000000000000000, -44.49999999999998579 ) ) ;
#449 = CARTESIAN_POINT ( 'NONE',  ( -0.5999999999996011857, -27.82686551598013480, -2.000000000000003553 ) ) ;
#450 = ORIENTED_EDGE ( 'NONE', *, *, #2659, .T. ) ;
#451 = EDGE_CURVE ( 'NONE', #9190, #2261, #4625, .T. ) ;
#452 = CARTESIAN_POINT ( 'NONE',  ( 3.028144824013742742, 2.588471276120967612, -30.50000000000000711 ) ) ;
#453 = CARTESIAN_POINT ( 'NONE',  ( 33.49496812531745604, -0.6545827027705672929, -15.06543078857414031 ) ) ;
#454 = ORIENTED_EDGE ( 'NONE', *, *, #6658, .F. ) ;
#455 = CARTESIAN_POINT ( 'NONE',  ( -23.22137779525042234, -24.14765994685303951, -19.93459846097958987 ) ) ;
#456 = CARTESIAN_POINT ( 'NONE',  ( 33.47769565988365059, 1.260103349251996185, -15.31632817220720177 ) ) ;
#457 = EDGE_LOOP ( 'NONE', ( #4934, #8878, #6119, #7466, #4566, #8963, #2452, #8048 ) ) ;
#458 = CARTESIAN_POINT ( 'NONE',  ( 14.24224252186398054, -5.258480834302836193, -11.96633825942382323 ) ) ;
#459 = CARTESIAN_POINT ( 'NONE',  ( -16.52405171766173808, 23.76418700714229004, -3.666663488590735209 ) ) ;
#460 = EDGE_CURVE ( 'NONE', #8717, #8941, #3875, .T. ) ;
#461 = CARTESIAN_POINT ( 'NONE',  ( 0.000000000000000000, 0.000000000000000000, -10.50000000000000355 ) ) ;
#462 = ORIENTED_EDGE ( 'NONE', *, *, #7221, .F. ) ;
#463 = DIRECTION ( 'NONE',  ( -0.000000000000000000, -0.000000000000000000, -1.000000000000000000 ) ) ;
#464 = DIRECTION ( 'NONE',  ( -1.000000000000000000, 0.000000000000000000, 0.000000000000000000 ) ) ;
#465 = CARTESIAN_POINT ( 'NONE',  ( -23.41325094967825038, -26.68496597776748303, -18.75847698608141911 ) ) ;
#466 = PRODUCT_RELATED_PRODUCT_CATEGORY ( 'part', '', ( #1567 ) ) ;
#467 = CARTESIAN_POINT ( 'NONE',  ( -4.824073103324551859, 7.660559810208020792, -16.54771272691737494 ) ) ;
#468 = ORIENTED_EDGE ( 'NONE', *, *, #3231, .F. ) ;
#469 = CARTESIAN_POINT ( 'NONE',  ( 29.19151500342539762, -4.257441747698671008, -4.500000000000003553 ) ) ;
#470 = CARTESIAN_POINT ( 'NONE',  ( 0.000000000000000000, 0.000000000000000000, -4.500000000000000000 ) ) ;
#471 = VERTEX_POINT ( 'NONE', #3037 ) ;
#472 = DIRECTION ( 'NONE',  ( 1.000000000000000000, 0.000000000000000000, 0.000000000000000000 ) ) ;
#473 = DIRECTION ( 'NONE',  ( -0.000000000000000000, -0.000000000000000000, 1.000000000000000000 ) ) ;
#474 = CARTESIAN_POINT ( 'NONE',  ( 33.49998685118932684, 0.3291986675607936896, -19.99993715639902447 ) ) ;
#475 = CARTESIAN_POINT ( 'NONE',  ( 14.73106042184978826, 27.08671820823362708, -3.499999999999997335 ) ) ;
#476 = FACE_OUTER_BOUND ( 'NONE', #7283, .T. ) ;
#477 = CARTESIAN_POINT ( 'NONE',  ( -6.160215875535541841, -14.06536084722647217, -4.500000000000000000 ) ) ;
#478 = FACE_OUTER_BOUND ( 'NONE', #4734, .T. ) ;
#479 = CARTESIAN_POINT ( 'NONE',  ( 6.160215875535744345, -14.06536084722638336, -4.500000000000000000 ) ) ;
#480 = CARTESIAN_POINT ( 'NONE',  ( 19.72864048090743339, -10.04185244136685284, -10.50000000000000533 ) ) ;
#481 = CARTESIAN_POINT ( 'NONE',  ( 23.16097824516933201, 26.90388608971474937, -17.16962608734229079 ) ) ;
#482 = CARTESIAN_POINT ( 'NONE',  ( 0.6000000000003296030, -21.94158765350280405, -10.50000000000000355 ) ) ;
#483 =( BOUNDED_SURFACE ( )  B_SPLINE_SURFACE ( 2, 3, ( 
 ( #1607, #7389, #1698, #7483, #3095, #3048, #904, #6587, #355, #4488, #265, #216, #6678, #5891, #3749, #4445, #4532, #5943, #8785, #6768, #946, #8086, #3930, #1650, #1084, #1794, #8741, #992, #7999, #4626, #399, #3233, #2350, #3792 ),
 ( #6076, #2397, #5230, #1041, #310, #5279, #5141, #5189, #8045, #8917, #3840, #3139, #5985, #2486, #8827, #7297, #2440, #8185, #3183, #8138, #1748, #4581, #3885, #6721, #6029, #8874, #5329, #8407, #1935, #5506, #9003, #7663, #7578, #1322 ),
 ( #5372, #2027, #4850, #7001, #442, #8272, #6860, #4110, #2663, #2529, #1132, #4800, #3979, #4715, #1271, #9050, #8361, #4023, #6255, #485, #8956, #2572, #6905, #531, #580, #1221, #6957, #6816, #3320, #620, #3278, #5464, #6159, #8226 ) ),
 .UNSPECIFIED., .F., .F., .F. ) 
 B_SPLINE_SURFACE_WITH_KNOTS ( ( 3, 3 ),
 ( 4, 2, 2, 2, 2, 2, 2, 2, 2, 2, 2, 2, 2, 2, 2, 2, 4 ),
 ( 0.000000000000000000, 1.000000000000000000 ),
 ( -3.931572074375101700, -3.557934704639110990, -3.184297334903120280, -2.810659965167129570, -2.437022595431138416, -2.063385225695147263, -1.689747855959156553, -1.316110486223165843, -0.9424731164871749112, -0.5688357467511840904, -0.1951983770151932140, 0.1784389927207976345, 0.5520763624567884831, 0.9257137321927793039, 1.299351101928770236, 1.672988471664761168, 2.046625841400751877 ),
 .UNSPECIFIED. ) 
 GEOMETRIC_REPRESENTATION_ITEM ( )  RATIONAL_B_SPLINE_SURFACE ( (
 ( 1.000000000000000000, 1.000000000000000000, 1.000000000000000000, 1.000000000000000000, 1.000000000000000000, 1.000000000000000000, 1.000000000000000000, 1.000000000000000000, 1.000000000000000000, 1.000000000000000000, 1.000000000000000000, 1.000000000000000000, 1.000000000000000000, 1.000000000000000000, 1.000000000000000000, 1.000000000000000000, 1.000000000000000000, 1.000000000000000000, 1.000000000000000000, 1.000000000000000000, 1.000000000000000000, 1.000000000000000000, 1.000000000000000000, 1.000000000000000000, 1.000000000000000000, 1.000000000000000000, 1.000000000000000000, 1.000000000000000000, 1.000000000000000000, 1.000000000000000000, 1.000000000000000000, 1.000000000000000000, 1.000000000000000000, 1.000000000000000000),
 ( 0.7071067811865475727, 0.7071067811865475727, 0.7071067811865476838, 0.7071067811865476838, 0.7071067811865476838, 0.7071067811865476838, 0.7071067811865476838, 0.7071067811865476838, 0.7071067811865476838, 0.7071067811865476838, 0.7071067811865476838, 0.7071067811865476838, 0.7071067811865476838, 0.7071067811865476838, 0.7071067811865476838, 0.7071067811865476838, 0.7071067811865476838, 0.7071067811865476838, 0.7071067811865476838, 0.7071067811865476838, 0.7071067811865476838, 0.7071067811865476838, 0.7071067811865476838, 0.7071067811865476838, 0.7071067811865476838, 0.7071067811865476838, 0.7071067811865476838, 0.7071067811865476838, 0.7071067811865476838, 0.7071067811865476838, 0.7071067811865476838, 0.7071067811865476838, 0.7071067811865476838, 0.7071067811865476838),
 ( 1.000000000000000000, 1.000000000000000000, 1.000000000000000000, 1.000000000000000000, 1.000000000000000000, 1.000000000000000000, 1.000000000000000000, 1.000000000000000000, 1.000000000000000000, 1.000000000000000000, 1.000000000000000000, 1.000000000000000000, 1.000000000000000000, 1.000000000000000000, 1.000000000000000000, 1.000000000000000000, 1.000000000000000000, 1.000000000000000000, 1.000000000000000000, 1.000000000000000000, 1.000000000000000000, 1.000000000000000000, 1.000000000000000000, 1.000000000000000000, 1.000000000000000000, 1.000000000000000000, 1.000000000000000000, 1.000000000000000000, 1.000000000000000000, 1.000000000000000000, 1.000000000000000000, 1.000000000000000000, 1.000000000000000000, 1.000000000000000000) ) ) 
 REPRESENTATION_ITEM ( '' )  SURFACE ( )  );
#484 = B_SPLINE_CURVE_WITH_KNOTS ( 'NONE', 3,
 ( #4345, #2351, #4998, #3604, #2214, #8691 ),
 .UNSPECIFIED., .F., .F.,
 ( 4, 2, 4 ),
 ( 9.905261040420027940E-07, 0.005987115715835390414, 0.01197324090556673923 ),
 .UNSPECIFIED. ) ;
#485 = CARTESIAN_POINT ( 'NONE',  ( -19.96605910525487459, -9.520112256309525733, -10.50000000000000533 ) ) ;
#486 = CARTESIAN_POINT ( 'NONE',  ( -31.50000000000000000, 3.857637417314162689E-15, -9.500000000000005329 ) ) ;
#487 = CARTESIAN_POINT ( 'NONE',  ( 23.80357730290383245, -23.57257703659485415, -14.99981109353421793 ) ) ;
#488 = ORIENTED_EDGE ( 'NONE', *, *, #7463, .T. ) ;
#489 = CARTESIAN_POINT ( 'NONE',  ( 0.000000000000000000, 0.000000000000000000, -0.4452998037747721294 ) ) ;
#490 = LINE ( 'NONE', #8366, #6388 ) ;
#491 = FACE_OUTER_BOUND ( 'NONE', #1963, .T. ) ;
#492 = ORIENTED_EDGE ( 'NONE', *, *, #50, .T. ) ;
#493 = CARTESIAN_POINT ( 'NONE',  ( -3.527670837823366323, -1.777087071578254740, -10.50000000000000355 ) ) ;
#494 = ADVANCED_FACE ( 'NONE', ( #5975 ), #2426, .F. ) ;
#495 = CARTESIAN_POINT ( 'NONE',  ( -21.85613440037520405, -25.38817419733288361, -17.16962608725161488 ) ) ;
#496 = CARTESIAN_POINT ( 'NONE',  ( -23.68807716974935573, 23.68807716974933442, -15.00000000000000178 ) ) ;
#497 = ORIENTED_EDGE ( 'NONE', *, *, #6297, .T. ) ;
#498 = CARTESIAN_POINT ( 'NONE',  ( 14.90595788894036211, 0.5850940618374123048, 0.000000000000000000 ) ) ;
#499 = CARTESIAN_POINT ( 'NONE',  ( -11.26280726100062601, -9.122043225152552282, 0.000000000000000000 ) ) ;
#500 = FACE_OUTER_BOUND ( 'NONE', #6593, .T. ) ;
#501 = VERTEX_POINT ( 'NONE', #7473 ) ;
#502 = CYLINDRICAL_SURFACE ( 'NONE', #7385, 2.740000000000000213 ) ;
#503 = CARTESIAN_POINT ( 'NONE',  ( 2.965519056003066201, -2.659988975720917193, -10.49999999999003819 ) ) ;
#504 = AXIS2_PLACEMENT_3D ( 'NONE', #6454, #5052, #3757 ) ;
#505 = VERTEX_POINT ( 'NONE', #936 ) ;
#506 = CARTESIAN_POINT ( 'NONE',  ( 23.92629385983932977, -26.22675450684313248, -19.50000510122382025 ) ) ;
#507 = ADVANCED_FACE ( 'NONE', ( #3829 ), #7623, .T. ) ;
#508 = EDGE_CURVE ( 'NONE', #3188, #6947, #7687, .T. ) ;
#509 = EDGE_CURVE ( 'NONE', #2054, #2175, #2431, .T. ) ;
#510 = CARTESIAN_POINT ( 'NONE',  ( -2.705777522027197346, 4.745448430687062569, -22.47199677350636193 ) ) ;
#511 = ORIENTED_EDGE ( 'NONE', *, *, #1295, .T. ) ;
#512 = CARTESIAN_POINT ( 'NONE',  ( 2.498671158101481105, 1.442744808219244224, -4.099999999999999645 ) ) ;
#513 = CARTESIAN_POINT ( 'NONE',  ( 6.930556122475215908, 8.517559279956945062, -14.62830332935780753 ) ) ;
#514 = DIRECTION ( 'NONE',  ( -0.5877852522924805756, 0.8090169943749419001, 0.000000000000000000 ) ) ;
#515 = ORIENTED_EDGE ( 'NONE', *, *, #2731, .T. ) ;
#516 = CARTESIAN_POINT ( 'NONE',  ( 5.671327479351990775, 8.827432333036012935, -15.01740827370858788 ) ) ;
#517 = AXIS2_PLACEMENT_3D ( 'NONE', #418, #2589, #5435 ) ;
#518 = PLANE ( 'NONE',  #7667 ) ;
#519 = LINE ( 'NONE', #2151, #7675 ) ;
#520 = LINE ( 'NONE', #3046, #1595 ) ;
#521 = AXIS2_PLACEMENT_3D ( 'NONE', #6962, #1090, #1895 ) ;
#522 = CARTESIAN_POINT ( 'NONE',  ( 0.3489985056409012909, -35.50000000000001421, -14.99961911895363009 ) ) ;
#523 = CARTESIAN_POINT ( 'NONE',  ( 12.75908913207826423, 24.73661433915576779, -2.000000000000005329 ) ) ;
#524 = CARTESIAN_POINT ( 'NONE',  ( -35.49466737621364842, -0.6940836976013171622, -19.93459846099842991 ) ) ;
#525 = DIRECTION ( 'NONE',  ( 0.000000000000000000, 0.000000000000000000, -1.000000000000000000 ) ) ;
#526 = CARTESIAN_POINT ( 'NONE',  ( 25.34708205912120249, 24.85749940512367928, -15.00037781293158368 ) ) ;
#527 = AXIS2_PLACEMENT_3D ( 'NONE', #6893, #1966, #654 ) ;
#528 = LINE ( 'NONE', #2661, #1543 ) ;
#529 = CIRCLE ( 'NONE', #5428, 31.50000000000000000 ) ;
#530 = VECTOR ( 'NONE', #2148, 1000.000000000000114 ) ;
#531 = CARTESIAN_POINT ( 'NONE',  ( -21.11624864802846702, 6.586356853541678547, -10.50000000000000533 ) ) ;
#532 = CARTESIAN_POINT ( 'NONE',  ( 23.41325094965989351, 26.68496597778347024, -18.75847698611589465 ) ) ;
#533 = ORIENTED_EDGE ( 'NONE', *, *, #9, .F. ) ;
#534 = DIRECTION ( 'NONE',  ( 1.000000000000000000, 0.000000000000000000, 0.000000000000000000 ) ) ;
#535 = ORIENTED_EDGE ( 'NONE', *, *, #4816, .T. ) ;
#536 = CARTESIAN_POINT ( 'NONE',  ( -0.001420829841630015218, 35.49999997156679399, -19.99992814200971480 ) ) ;
#537 = CARTESIAN_POINT ( 'NONE',  ( 6.555989039211226554, 8.002763814355166261, -2.000000000000003553 ) ) ;
#538 = CYLINDRICAL_SURFACE ( 'NONE', #3342, 1.000000000000000888 ) ;
#539 = ORIENTED_EDGE ( 'NONE', *, *, #9059, .T. ) ;
#540 = AXIS2_PLACEMENT_3D ( 'NONE', #8898, #1820, #6701 ) ;
#541 = CARTESIAN_POINT ( 'NONE',  ( 33.41180889122477993, -2.432427196133750691, -18.15506602305445938 ) ) ;
#542 = B_SPLINE_CURVE_WITH_KNOTS ( 'NONE', 3,
 ( #8157, #5156, #2368, #1058 ),
 .UNSPECIFIED., .F., .F.,
 ( 4, 4 ),
 ( 0.001210597731249374092, 0.003026929933099504599 ),
 .UNSPECIFIED. ) ;
#543 = CARTESIAN_POINT ( 'NONE',  ( -21.90561283691128835, -25.34580837215905902, -16.84523636464357566 ) ) ;
#544 = CARTESIAN_POINT ( 'NONE',  ( -22.23358406271768217, 25.05935372626887769, -15.96378118959905201 ) ) ;
#545 = ORIENTED_EDGE ( 'NONE', *, *, #1191, .T. ) ;
#546 = CARTESIAN_POINT ( 'NONE',  ( 3.873930883017852267, -1.889535556996205123, -26.51753129251266472 ) ) ;
#547 = DIRECTION ( 'NONE',  ( -0.000000000000000000, -0.000000000000000000, 1.000000000000000000 ) ) ;
#548 = PLANE ( 'NONE',  #7059 ) ;
#549 = ORIENTED_EDGE ( 'NONE', *, *, #2953, .F. ) ;
#550 = CARTESIAN_POINT ( 'NONE',  ( 23.45720397287081482, -23.91896888596379256, -19.99991912762039092 ) ) ;
#551 = CARTESIAN_POINT ( 'NONE',  ( 22.57741158133570636, 24.75003765965444913, -19.49867079307225737 ) ) ;
#552 = CARTESIAN_POINT ( 'NONE',  ( 3.592364382480893958, 1.721848647831052848, -10.50000000000000178 ) ) ;
#553 = CARTESIAN_POINT ( 'NONE',  ( -6.220915812225065622, -2.652175410541692369, -7.638116799906806698 ) ) ;
#554 = AXIS2_PLACEMENT_3D ( 'NONE', #5729, #2191, #5024 ) ;
#555 = EDGE_CURVE ( 'NONE', #788, #6453, #4130, .T. ) ;
#556 = CARTESIAN_POINT ( 'NONE',  ( -2.559625697085734508, 4.543805303898056813, -23.13367371208094525 ) ) ;
#557 = ADVANCED_FACE ( 'NONE', ( #1340 ), #4173, .F. ) ;
#558 = ORIENTED_EDGE ( 'NONE', *, *, #8657, .F. ) ;
#559 = CARTESIAN_POINT ( 'NONE',  ( 0.000000000000000000, 0.000000000000000000, -4.500000000000000000 ) ) ;
#560 = CARTESIAN_POINT ( 'NONE',  ( 3.027371647619471418, 3.146353784786598329, -26.22024669437327304 ) ) ;
#561 = CYLINDRICAL_SURFACE ( 'NONE', #8692, 29.50000000000000000 ) ;
#562 = VERTEX_POINT ( 'NONE', #8698 ) ;
#563 = CARTESIAN_POINT ( 'NONE',  ( 5.112130744225981793, -29.05367651871169343, -4.500000000000000000 ) ) ;
#564 = DIRECTION ( 'NONE',  ( 1.000000000000000000, 1.415534356397074431E-14, 0.000000000000000000 ) ) ;
#565 = ADVANCED_FACE ( 'NONE', ( #5761 ), #5805, .F. ) ;
#566 = AXIS2_PLACEMENT_3D ( 'NONE', #5883, #3089, #5935 ) ;
#567 = CARTESIAN_POINT ( 'NONE',  ( -25.58366996591180609, 24.61364160590183303, -15.06280857718565791 ) ) ;
#568 = CARTESIAN_POINT ( 'NONE',  ( 2.497552057251682722, 33.40676928008648616, -17.17385420704539101 ) ) ;
#569 = PLANE ( 'NONE',  #4089 ) ;
#570 = CARTESIAN_POINT ( 'NONE',  ( 4.025651875296647475, 0.02227542419200734952, -10.49999999999251443 ) ) ;
#571 = CARTESIAN_POINT ( 'NONE',  ( -35.49871374579718264, -0.3459785682815334495, -15.01551170377319622 ) ) ;
#572 = ORIENTED_EDGE ( 'NONE', *, *, #7184, .F. ) ;
#573 = VECTOR ( 'NONE', #1448, 1000.000000000000000 ) ;
#574 = DIRECTION ( 'NONE',  ( -1.000000000000000000, 0.000000000000000000, 0.000000000000000000 ) ) ;
#575 = CARTESIAN_POINT ( 'NONE',  ( -33.49878621082269348, -0.3264868179558131911, -15.01551170377319622 ) ) ;
#576 = CARTESIAN_POINT ( 'NONE',  ( 0.5995507106642068429, -4.390931530538163763, -25.85878868160304478 ) ) ;
#577 = VECTOR ( 'NONE', #2458, 1000.000000000000000 ) ;
#578 = EDGE_CURVE ( 'NONE', #4672, #2113, #5866, .T. ) ;
#579 = EDGE_CURVE ( 'NONE', #8423, #6884, #225, .T. ) ;
#580 = CARTESIAN_POINT ( 'NONE',  ( -20.12279891876267968, 9.184172104357880784, -10.50000000000000533 ) ) ;
#581 = CARTESIAN_POINT ( 'NONE',  ( 13.19812795568773645, 25.25984043448069016, -2.999864845264821334 ) ) ;
#582 = CARTESIAN_POINT ( 'NONE',  ( -21.74696781267341095, 22.57865862458654149, -4.272556101004807871 ) ) ;
#583 = ORIENTED_EDGE ( 'NONE', *, *, #3365, .T. ) ;
#584 = FACE_OUTER_BOUND ( 'NONE', #7234, .T. ) ;
#585 = ORIENTED_EDGE ( 'NONE', *, *, #3569, .T. ) ;
#586 = DIRECTION ( 'NONE',  ( 0.000000000000000000, 0.000000000000000000, -1.000000000000000000 ) ) ;
#587 = EDGE_CURVE ( 'NONE', #5131, #932, #6153, .T. ) ;
#588 = B_SPLINE_CURVE_WITH_KNOTS ( 'NONE', 3,
 ( #3254, #8337, #7637, #8377 ),
 .UNSPECIFIED., .F., .F.,
 ( 4, 4 ),
 ( 3.790624817370791844E-07, 0.003005182267131334319 ),
 .UNSPECIFIED. ) ;
#589 = CARTESIAN_POINT ( 'NONE',  ( -26.90405087489796188, -23.16078682890419671, -17.82748966708716054 ) ) ;
#590 = CARTESIAN_POINT ( 'NONE',  ( -25.58078617623979767, 24.61507175251088242, -15.07870116200531641 ) ) ;
#591 = ORIENTED_EDGE ( 'NONE', *, *, #7960, .T. ) ;
#592 = CARTESIAN_POINT ( 'NONE',  ( 8.600455880602611458, -2.163579176054165387, -16.76027872578611166 ) ) ;
#593 = CARTESIAN_POINT ( 'NONE',  ( 4.444740101669886201, 5.096878947109260594, -7.638112240242373119 ) ) ;
#594 = DIRECTION ( 'NONE',  ( -0.8480480961564234033, -0.5299192642332092307, 0.000000000000000000 ) ) ;
#595 = VERTEX_POINT ( 'NONE', #2311 ) ;
#596 = CARTESIAN_POINT ( 'NONE',  ( -25.93347007689503059, -12.77985028542533819, -3.617102734979081191 ) ) ;
#597 = CARTESIAN_POINT ( 'NONE',  ( 24.56192057538330786, 22.78274968965113700, -19.68467263740660300 ) ) ;
#598 = LINE ( 'NONE', #6881, #5731 ) ;
#599 = ORIENTED_EDGE ( 'NONE', *, *, #7526, .F. ) ;
#600 = CARTESIAN_POINT ( 'NONE',  ( 26.90393752456247611, -23.16091849810782577, -17.82637605772023193 ) ) ;
#601 = CARTESIAN_POINT ( 'NONE',  ( -2.617035463194030687, 4.622916202642480599, -22.86590504872476970 ) ) ;
#602 = VERTEX_POINT ( 'NONE', #272 ) ;
#603 = DIRECTION ( 'NONE',  ( 1.000000000000000000, 0.000000000000000000, 0.000000000000000000 ) ) ;
#604 = CARTESIAN_POINT ( 'NONE',  ( 12.59912306107381497, 16.32042422511540636, -10.50000000000000178 ) ) ;
#605 = CARTESIAN_POINT ( 'NONE',  ( -2.240981927637972770, -2.339999999999999858, -45.00000000000000000 ) ) ;
#606 = ORIENTED_EDGE ( 'NONE', *, *, #6025, .F. ) ;
#607 = FACE_OUTER_BOUND ( 'NONE', #8891, .T. ) ;
#608 = FACE_OUTER_BOUND ( 'NONE', #8723, .T. ) ;
#609 = CARTESIAN_POINT ( 'NONE',  ( -15.44374828916448017, -4.386974222285680902, -11.59947475470917055 ) ) ;
#610 = EDGE_CURVE ( 'NONE', #5712, #1468, #3779, .T. ) ;
#611 = CARTESIAN_POINT ( 'NONE',  ( 2.432427195959817379, 33.41180889123679520, -18.15506602342782116 ) ) ;
#612 = ORIENTED_EDGE ( 'NONE', *, *, #6267, .F. ) ;
#613 = LINE ( 'NONE', #4148, #7701 ) ;
#614 = EDGE_CURVE ( 'NONE', #6799, #5667, #5900, .T. ) ;
#615 = CARTESIAN_POINT ( 'NONE',  ( -35.50000000000000711, -1.060349724690823336E-13, -14.99999999999999822 ) ) ;
#616 = ORIENTED_EDGE ( 'NONE', *, *, #5162, .T. ) ;
#617 = CARTESIAN_POINT ( 'NONE',  ( 26.22765938681520481, 23.92529890164586703, -15.50119477839591831 ) ) ;
#618 = CARTESIAN_POINT ( 'NONE',  ( -33.46576721928531839, -1.532002922271324064, -15.49726176817138246 ) ) ;
#619 = CARTESIAN_POINT ( 'NONE',  ( 0.6000000000000622613, -4.291071110612155515, -26.37134291575931400 ) ) ;
#620 = CARTESIAN_POINT ( 'NONE',  ( -3.251641213773808659, 21.87927976383933526, -10.50000000000000533 ) ) ;
#621 = ADVANCED_FACE ( 'NONE', ( #913 ), #3713, .F. ) ;
#622 = CARTESIAN_POINT ( 'NONE',  ( 20.10612957175407089, 20.61560273015042810, -0.4452998037747740168 ) ) ;
#623 = ORIENTED_EDGE ( 'NONE', *, *, #2943, .F. ) ;
#624 = DIRECTION ( 'NONE',  ( -0.06975647374411468593, -0.9975640502598249748, 0.000000000000000000 ) ) ;
#625 = ORIENTED_EDGE ( 'NONE', *, *, #5098, .F. ) ;
#626 = EDGE_CURVE ( 'NONE', #6302, #180, #8634, .T. ) ;
#627 = CARTESIAN_POINT ( 'NONE',  ( 0.000000000000000000, 35.50000000000000000, -6.786102288236725629E-16 ) ) ;
#628 = CARTESIAN_POINT ( 'NONE',  ( -3.948512510012075705, -0.7846123064215568821, -10.50000000000000533 ) ) ;
#629 = ORIENTED_EDGE ( 'NONE', *, *, #2257, .F. ) ;
#630 = CARTESIAN_POINT ( 'NONE',  ( 12.84571917496949922, 24.83985600399798344, -2.168404344971008868E-16 ) ) ;
#631 = CARTESIAN_POINT ( 'NONE',  ( -24.49556977811229075, -25.69520269919582489, -15.12618847594108829 ) ) ;
#632 = CARTESIAN_POINT ( 'NONE',  ( -23.41364712931317271, 26.68461600096616237, -18.75985287868912721 ) ) ;
#633 = EDGE_LOOP ( 'NONE', ( #3605, #2758, #728, #2249 ) ) ;
#634 = EDGE_LOOP ( 'NONE', ( #629, #3609, #3960, #6695 ) ) ;
#635 = CARTESIAN_POINT ( 'NONE',  ( 3.835154130055214772, -1.876992629634247178, -26.74529781943813589 ) ) ;
#636 = CARTESIAN_POINT ( 'NONE',  ( 35.47637853737202818, -1.333848645399517974, -15.31523817467053128 ) ) ;
#637 = CARTESIAN_POINT ( 'NONE',  ( -2.296612702742658829, 35.42576640342268490, -16.24555671987652161 ) ) ;
#638 = VERTEX_POINT ( 'NONE', #8749 ) ;
#639 = CARTESIAN_POINT ( 'NONE',  ( -26.05195309801981196, -13.84000504980310353, -4.500000000000000000 ) ) ;
#640 = CARTESIAN_POINT ( 'NONE',  ( 0.000000000000000000, 0.000000000000000000, -2.000000000000003553 ) ) ;
#641 = CARTESIAN_POINT ( 'NONE',  ( -1.322654360279710950, -3.757716070398692931, -30.50000000000000711 ) ) ;
#642 = ORIENTED_EDGE ( 'NONE', *, *, #3453, .F. ) ;
#643 = CARTESIAN_POINT ( 'NONE',  ( 26.22765184821765772, -23.92531675045168527, -19.49867079316377172 ) ) ;
#644 = DIRECTION ( 'NONE',  ( -0.000000000000000000, -0.000000000000000000, 1.000000000000000000 ) ) ;
#645 = LINE ( 'NONE', #98, #1462 ) ;
#646 = EDGE_LOOP ( 'NONE', ( #1324, #7182, #2147, #5816, #2143, #8269, #7935, #9016, #4941, #6995 ) ) ;
#647 = CARTESIAN_POINT ( 'NONE',  ( 0.000000000000000000, 0.000000000000000000, -1.500000000000000000 ) ) ;
#648 = CARTESIAN_POINT ( 'NONE',  ( 20.16817182978069312, 20.71489109793593286, -3.616906243914454144 ) ) ;
#649 = DIRECTION ( 'NONE',  ( 0.000000000000000000, 0.000000000000000000, -1.000000000000000000 ) ) ;
#650 = ORIENTED_EDGE ( 'NONE', *, *, #7993, .F. ) ;
#651 = DIRECTION ( 'NONE',  ( -0.000000000000000000, -0.000000000000000000, 1.000000000000000000 ) ) ;
#652 = CARTESIAN_POINT ( 'NONE',  ( -29.02756728544018117, -5.120406485348921954, -1.463028680158844574 ) ) ;
#653 = CIRCLE ( 'NONE', #6148, 27.96481624151200762 ) ;
#654 = DIRECTION ( 'NONE',  ( 1.000000000000000000, 0.000000000000000000, 0.000000000000000000 ) ) ;
#655 = CARTESIAN_POINT ( 'NONE',  ( -0.6940836975957906940, 35.49466737621381895, -19.93459846097855959 ) ) ;
#656 = ORIENTED_EDGE ( 'NONE', *, *, #274, .T. ) ;
#657 = DIRECTION ( 'NONE',  ( 1.000000000000000000, -1.776356839400250465E-15, 0.000000000000000000 ) ) ;
#658 = AXIS2_PLACEMENT_3D ( 'NONE', #640, #9157, #2777 ) ;
#659 = LINE ( 'NONE', #5735, #3692 ) ;
#660 = ORIENTED_EDGE ( 'NONE', *, *, #5611, .F. ) ;
#661 = CARTESIAN_POINT ( 'NONE',  ( 24.14069121599041168, 26.03037056865537480, -19.68347431266159120 ) ) ;
#662 = CARTESIAN_POINT ( 'NONE',  ( 2.497603480182744029, -33.40676543541984955, -17.82637605771441613 ) ) ;
#663 = CARTESIAN_POINT ( 'NONE',  ( 24.85749940513995426, -25.34708205910493461, -15.00037781293155703 ) ) ;
#664 = EDGE_CURVE ( 'NONE', #958, #3122, #5291, .T. ) ;
#665 = CIRCLE ( 'NONE', #7811, 31.50000000000000355 ) ;
#666 = CARTESIAN_POINT ( 'NONE',  ( -24.85673742128384944, -25.34602500482290210, -15.01551170377322109 ) ) ;
#667 = DIRECTION ( 'NONE',  ( 1.000000000000000000, -8.881784197001252323E-16, 0.000000000000000000 ) ) ;
#668 = PLANE ( 'NONE',  #1925 ) ;
#669 = ORIENTED_EDGE ( 'NONE', *, *, #1594, .F. ) ;
#670 = PLANE ( 'NONE',  #3057 ) ;
#671 = CARTESIAN_POINT ( 'NONE',  ( 22.37039328713085595, 0.1238082652387827443, -10.50000000000000533 ) ) ;
#672 = VERTEX_POINT ( 'NONE', #7351 ) ;
#673 = EDGE_CURVE ( 'NONE', #4549, #9020, #2150, .T. ) ;
#674 = CARTESIAN_POINT ( 'NONE',  ( -5.863145910777345371, -1.274174253756096054, -1.599999999999999423 ) ) ;
#675 = AXIS2_PLACEMENT_3D ( 'NONE', #8202, #8892, #3295 ) ;
#676 = CARTESIAN_POINT ( 'NONE',  ( 4.100215642592559107, -29.18914964109437449, -1.463028680158843242 ) ) ;
#677 = CARTESIAN_POINT ( 'NONE',  ( -26.02980089911931216, 24.14135429466803373, -15.31632817220722664 ) ) ;
#678 = ORIENTED_EDGE ( 'NONE', *, *, #3812, .F. ) ;
#679 = CARTESIAN_POINT ( 'NONE',  ( 3.842932430047699022, -1.879514645884048818, -26.69841566203055550 ) ) ;
#680 = LINE ( 'NONE', #2134, #722 ) ;
#681 = CARTESIAN_POINT ( 'NONE',  ( -13.52509682176984285, 25.81458880987801408, -3.964655755743113019 ) ) ;
#682 = ORIENTED_EDGE ( 'NONE', *, *, #1181, .F. ) ;
#683 = VECTOR ( 'NONE', #9021, 1000.000000000000000 ) ;
#684 = CARTESIAN_POINT ( 'NONE',  ( 21.90467636904617521, 25.34661596826827790, -18.15144138427706011 ) ) ;
#685 = CARTESIAN_POINT ( 'NONE',  ( -3.788206096910651244, -1.232614777549670082, -30.50000000000000711 ) ) ;
#686 = CIRCLE ( 'NONE', #3818, 27.96481624151200762 ) ;
#687 = CARTESIAN_POINT ( 'NONE',  ( 25.18031213284155712, -22.09565017580412061, -16.23749250320539161 ) ) ;
#688 = FACE_BOUND ( 'NONE', #7645, .T. ) ;
#689 = ADVANCED_FACE ( 'NONE', ( #772 ), #4312, .F. ) ;
#690 = CARTESIAN_POINT ( 'NONE',  ( 18.02646617301165932, 25.83208310054120105, -9.500000000000005329 ) ) ;
#691 = ORIENTED_EDGE ( 'NONE', *, *, #5224, .T. ) ;
#692 = CARTESIAN_POINT ( 'NONE',  ( -13.69037595842522315, -5.079152419578915278, -12.24204130119093570 ) ) ;
#693 = CARTESIAN_POINT ( 'NONE',  ( 2.967872767359854169, 3.064146192630562648, -26.76842720397229414 ) ) ;
#694 = CARTESIAN_POINT ( 'NONE',  ( 4.025651875296647475, 0.02227542419200734952, -10.49999999999251443 ) ) ;
#695 = VERTEX_POINT ( 'NONE', #7306 ) ;
#696 = CARTESIAN_POINT ( 'NONE',  ( 35.50000000000000711, -8.673617379884035472E-15, -15.00000000000000355 ) ) ;
#697 = B_SPLINE_CURVE_WITH_KNOTS ( 'NONE', 3,
 ( #4065, #4199, #6861, #7050, #4757, #1222, #532, #3552, #3598, #6435, #7242, #4384, #5833, #2992, #3041, #712, #2161, #2122, #4295, #5083 ),
 .UNSPECIFIED., .F., .F.,
 ( 4, 2, 2, 2, 2, 2, 2, 2, 2, 4 ),
 ( 0.5000000000000000000, 0.5624999999999998890, 0.6249999999999997780, 0.6874999999999995559, 0.7499999999999995559, 0.8124999999999993339, 0.8437499999999995559, 0.8749999999999995559, 0.9374999999999997780, 1.000000000000000000 ),
 .UNSPECIFIED. ) ;
#698 = CARTESIAN_POINT ( 'NONE',  ( 2.311405410358197354, -35.42492389591338053, -16.23749250284341983 ) ) ;
#699 = CARTESIAN_POINT ( 'NONE',  ( -26.02980089911931927, 24.14135429466804084, -15.31632817220723020 ) ) ;
#700 = CARTESIAN_POINT ( 'NONE',  ( -2.497529291853469502, 33.40677098190900551, -17.16962608734250395 ) ) ;
#701 = CIRCLE ( 'NONE', #6647, 28.79686653584985123 ) ;
#702 = CARTESIAN_POINT ( 'NONE',  ( -35.50000000000000000, 4.347496136973103281E-15, 0.000000000000000000 ) ) ;
#703 = EDGE_CURVE ( 'NONE', #1505, #6830, #4951, .T. ) ;
#704 = CARTESIAN_POINT ( 'NONE',  ( -33.41176939070526686, 2.432970571065202314, -16.84589223789211943 ) ) ;
#705 = VERTEX_POINT ( 'NONE', #3663 ) ;
#706 = CARTESIAN_POINT ( 'NONE',  ( -3.750000000000000000, 14.00000000000000000, 0.000000000000000000 ) ) ;
#707 = CIRCLE ( 'NONE', #1904, 31.50000000000000000 ) ;
#708 = CARTESIAN_POINT ( 'NONE',  ( 0.000000000000000000, 0.000000000000000000, -2.000000000000003553 ) ) ;
#709 = CARTESIAN_POINT ( 'NONE',  ( 0.5999987683591749832, -4.206706291577758883, -26.86374702145892712 ) ) ;
#710 = AXIS2_PLACEMENT_3D ( 'NONE', #1699, #5374, #8227 ) ;
#711 = CARTESIAN_POINT ( 'NONE',  ( -22.58058128322365832, -24.74716059350980757, -15.49726176816959722 ) ) ;
#712 = CARTESIAN_POINT ( 'NONE',  ( 23.92867568824175351, 26.22460301695837970, -15.49726176814305134 ) ) ;
#713 = DIRECTION ( 'NONE',  ( 0.9271838545667923093, -0.3746065934158998578, 0.000000000000000000 ) ) ;
#714 = CARTESIAN_POINT ( 'NONE',  ( -22.37039295238541925, 0.1238687343950569952, -10.49999999999999822 ) ) ;
#715 = CARTESIAN_POINT ( 'NONE',  ( -0.6003505100114937543, -10.50366094097454983, -15.03563027672162100 ) ) ;
#716 = CARTESIAN_POINT ( 'NONE',  ( 0.000000000000000000, 0.000000000000000000, -8.673617379884043361E-16 ) ) ;
#717 = EDGE_CURVE ( 'NONE', #2113, #2455, #6504, .T. ) ;
#718 = EDGE_CURVE ( 'NONE', #2041, #5874, #2002, .T. ) ;
#719 = CARTESIAN_POINT ( 'NONE',  ( 6.555989039211226554, 8.002763814355166261, -2.000000000000003553 ) ) ;
#720 = FACE_OUTER_BOUND ( 'NONE', #2578, .T. ) ;
#721 = ORIENTED_EDGE ( 'NONE', *, *, #6297, .F. ) ;
#722 = VECTOR ( 'NONE', #2091, 1000.000000000000114 ) ;
#723 = ORIENTED_EDGE ( 'NONE', *, *, #5627, .T. ) ;
#724 = CARTESIAN_POINT ( 'NONE',  ( 4.940580987514929134, -0.9744973585312091124, -23.65439531027760367 ) ) ;
#725 = EDGE_CURVE ( 'NONE', #4268, #733, #6597, .T. ) ;
#726 = CARTESIAN_POINT ( 'NONE',  ( 26.15955188249225927, -13.58387271598076218, -4.464115372123768744 ) ) ;
#727 = CARTESIAN_POINT ( 'NONE',  ( -0.5999999999995487832, -31.49428519588911968, -10.50000000000000355 ) ) ;
#728 = ORIENTED_EDGE ( 'NONE', *, *, #283, .T. ) ;
#729 = CARTESIAN_POINT ( 'NONE',  ( 24.61507175254034152, 25.58078617621145767, -15.07870116200537680 ) ) ;
#730 = B_SPLINE_CURVE_WITH_KNOTS ( 'NONE', 3,
 ( #7587, #6914, #453, #1192, #7631, #3288, #1898, #3420, #4809, #2084, #541, #7769, #4034, #8330, #3463, #6827, #5562, #6125 ),
 .UNSPECIFIED., .F., .F.,
 ( 4, 2, 2, 2, 2, 2, 2, 2, 4 ),
 ( 0.000000000000000000, 0.06250000000000000000, 0.1250000000000000000, 0.1874999999999999722, 0.2500000000000000000, 0.3125000000000000000, 0.3749999999999999445, 0.4375000000000000000, 0.4999148010371693429 ),
 .UNSPECIFIED. ) ;
#731 = CARTESIAN_POINT ( 'NONE',  ( -2.965519056004498388, 2.659988975723813986, -10.50000000000000533 ) ) ;
#732 = EDGE_CURVE ( 'NONE', #3193, #4611, #3706, .T. ) ;
#733 = VERTEX_POINT ( 'NONE', #408 ) ;
#734 = CARTESIAN_POINT ( 'NONE',  ( 0.000000000000000000, 0.000000000000000000, -4.099999999999998757 ) ) ;
#735 = CARTESIAN_POINT ( 'NONE',  ( 0.000000000000000000, 0.000000000000000000, -10.44999999999990514 ) ) ;
#736 = EDGE_CURVE ( 'NONE', #4332, #2747, #2253, .T. ) ;
#737 = CARTESIAN_POINT ( 'NONE',  ( 20.65640829174696336, 8.588519858955464770, -10.50000000000000533 ) ) ;
#738 = ADVANCED_FACE ( 'NONE', ( #5951 ), #3242, .F. ) ;
#739 = CARTESIAN_POINT ( 'NONE',  ( -0.5999999999999398037, -3.904164443258002937, -10.44999999999990514 ) ) ;
#740 = ORIENTED_EDGE ( 'NONE', *, *, #1181, .T. ) ;
#741 = DIRECTION ( 'NONE',  ( 0.000000000000000000, 0.000000000000000000, -1.000000000000000000 ) ) ;
#742 = CARTESIAN_POINT ( 'NONE',  ( 2.240981927637973214, -2.339999999999999858, -45.00000000000000000 ) ) ;
#743 = CARTESIAN_POINT ( 'NONE',  ( 3.948509500395326999, -0.7846285369636509799, -30.50000000000000711 ) ) ;
#744 = ORIENTED_EDGE ( 'NONE', *, *, #8319, .F. ) ;
#745 = CARTESIAN_POINT ( 'NONE',  ( 7.863931386656327405, 11.84460811774934541, -12.43791733398542831 ) ) ;
#746 = CARTESIAN_POINT ( 'NONE',  ( 15.87081097119398976, 22.86507825398969374, -2.000000000000003553 ) ) ;
#747 = CARTESIAN_POINT ( 'NONE',  ( 26.85899096148531839, -23.21341061828415420, -16.84523636444804140 ) ) ;
#748 = CARTESIAN_POINT ( 'NONE',  ( -1.335333399969475865, 35.47636405748819044, -15.31632817220716802 ) ) ;
#749 = EDGE_LOOP ( 'NONE', ( #8236, #3893, #2125, #3236 ) ) ;
#750 = CARTESIAN_POINT ( 'NONE',  ( 2.780220478896653358, 2.805864232054657403, -10.50000000000000355 ) ) ;
#751 = ORIENTED_EDGE ( 'NONE', *, *, #2752, .F. ) ;
#752 = B_SPLINE_CURVE_WITH_KNOTS ( 'NONE', 3,
 ( #5379, #3239, #3417, #7537 ),
 .UNSPECIFIED., .F., .F.,
 ( 4, 4 ),
 ( 2.421166979586301033E-07, 0.003696380871774866683 ),
 .UNSPECIFIED. ) ;
#753 = CARTESIAN_POINT ( 'NONE',  ( -33.40675321179269019, 2.497766974317394251, -17.82748966708707172 ) ) ;
#754 = VERTEX_POINT ( 'NONE', #3194 ) ;
#755 = CARTESIAN_POINT ( 'NONE',  ( 22.57741158133570636, 24.75003765965444913, -19.49867079307225737 ) ) ;
#756 = CARTESIAN_POINT ( 'NONE',  ( 2.432585591749893528, -33.41180035762386780, -16.84523636481001674 ) ) ;
#757 = B_SPLINE_CURVE_WITH_KNOTS ( 'NONE', 3,
 ( #1623, #5908, #3155, #2320 ),
 .UNSPECIFIED., .F., .F.,
 ( 4, 4 ),
 ( 0.000000000000000000, 1.000000000000000000 ),
 .UNSPECIFIED. ) ;
#758 = CARTESIAN_POINT ( 'NONE',  ( 5.492325517527466339, -2.415442073310115401, -2.000000000000003553 ) ) ;
#759 = CARTESIAN_POINT ( 'NONE',  ( -24.14622553064173260, -23.22286412990482063, -19.93550015081902060 ) ) ;
#760 = PLANE ( 'NONE',  #4431 ) ;
#761 = CARTESIAN_POINT ( 'NONE',  ( -21.54361738035169083, 22.59198489662104592, -4.075933793973239183 ) ) ;
#762 = CARTESIAN_POINT ( 'NONE',  ( 3.332745408909502771, 2.258378768285716820, -30.50000000000000711 ) ) ;
#763 = CARTESIAN_POINT ( 'NONE',  ( 35.47631591612277902, 1.336970708440063493, -15.31699032998547416 ) ) ;
#764 = CARTESIAN_POINT ( 'NONE',  ( -0.5999999999998545386, -9.923036223629281949, -2.700039350607325694 ) ) ;
#765 = DIRECTION ( 'NONE',  ( -1.415534356397074431E-14, 1.000000000000000000, 0.000000000000000000 ) ) ;
#766 = DIRECTION ( 'NONE',  ( -1.000000000000000000, 0.000000000000000000, 0.000000000000000000 ) ) ;
#767 = VERTEX_POINT ( 'NONE', #5381 ) ;
#768 = CARTESIAN_POINT ( 'NONE',  ( -35.49466771488430794, 0.6936622672676818757, -15.06543078863676222 ) ) ;
#769 = CARTESIAN_POINT ( 'NONE',  ( 35.49748211175328549, -0.4313596693918490543, -19.96783694629364803 ) ) ;
#770 = CARTESIAN_POINT ( 'NONE',  ( 1.809374981418587991, 3.511219471439586570, -30.50000000000000711 ) ) ;
#771 = ORIENTED_EDGE ( 'NONE', *, *, #1696, .T. ) ;
#772 = FACE_OUTER_BOUND ( 'NONE', #8001, .T. ) ;
#773 = CARTESIAN_POINT ( 'NONE',  ( -3.550256487452074783, 1.807075951864906882, -10.50000000000000533 ) ) ;
#774 = ADVANCED_FACE ( 'NONE', ( #6825 ), #6729, .F. ) ;
#775 = ORIENTED_EDGE ( 'NONE', *, *, #218, .T. ) ;
#776 = CARTESIAN_POINT ( 'NONE',  ( -25.38817419733548419, 21.85613440037218780, -17.16962608727447659 ) ) ;
#777 = CARTESIAN_POINT ( 'NONE',  ( -0.3460106594850336226, -35.50001387694789656, -19.99991912760877355 ) ) ;
#778 = VERTEX_POINT ( 'NONE', #8926 ) ;
#779 = CARTESIAN_POINT ( 'NONE',  ( 0.6000000000001398659, -9.518127934849241356, -3.400044570078941231 ) ) ;
#780 = DIRECTION ( 'NONE',  ( 0.9271838545667923093, -0.3746065934158998578, 0.000000000000000000 ) ) ;
#781 = CARTESIAN_POINT ( 'NONE',  ( 2.780246739361992070, 2.805838211349149791, -30.50000000000000711 ) ) ;
#782 = VERTEX_POINT ( 'NONE', #1093 ) ;
#783 = CARTESIAN_POINT ( 'NONE',  ( 11.62848110432604720, 17.02601212455769186, -10.50000000000000533 ) ) ;
#784 = CARTESIAN_POINT ( 'NONE',  ( -2.578222545362135243, -35.40650189164945516, -16.84589223768767141 ) ) ;
#785 = CARTESIAN_POINT ( 'NONE',  ( 26.67375006841584906, -23.42584923677139130, -16.24555671983312166 ) ) ;
#786 = EDGE_CURVE ( 'NONE', #3766, #672, #364, .T. ) ;
#787 = DIRECTION ( 'NONE',  ( 0.3090169943749582204, -0.9510565162951499785, 0.000000000000000000 ) ) ;
#788 = VERTEX_POINT ( 'NONE', #3148 ) ;
#789 = EDGE_CURVE ( 'NONE', #8215, #3282, #3142, .T. ) ;
#790 = DIRECTION ( 'NONE',  ( -0.5877852522924806866, 0.8090169943749420112, 0.000000000000000000 ) ) ;
#791 = CARTESIAN_POINT ( 'NONE',  ( -33.40676543542021903, -2.497603480177854607, -17.82637605770336009 ) ) ;
#792 = EDGE_LOOP ( 'NONE', ( #1228, #8356, #5315, #5852 ) ) ;
#793 = CARTESIAN_POINT ( 'NONE',  ( 23.22830714676342012, 24.13961512403052723, -15.07870116200537680 ) ) ;
#794 = CARTESIAN_POINT ( 'NONE',  ( 1.260925924853421032, -33.47763333078713544, -19.68347431263108049 ) ) ;
#795 = CARTESIAN_POINT ( 'NONE',  ( 0.6000026581595756525, -8.834994700362891251, -16.77689163863891508 ) ) ;
#796 = EDGE_CURVE ( 'NONE', #4071, #778, #5993, .T. ) ;
#797 = CARTESIAN_POINT ( 'NONE',  ( -25.18125735304890256, -22.09456841777443614, -18.75985287860905970 ) ) ;
#798 = CARTESIAN_POINT ( 'NONE',  ( -3.452279912713134280, 3.730939680727170416, -23.51426717151331758 ) ) ;
#799 = CARTESIAN_POINT ( 'NONE',  ( -2.588471276116572906, 3.028144824016601788, -30.50000000000000711 ) ) ;
#800 = EDGE_CURVE ( 'NONE', #8581, #8797, #3940, .T. ) ;
#801 = CARTESIAN_POINT ( 'NONE',  ( -25.22468639561398618, 24.97989506863089204, -14.99981109353421793 ) ) ;
#802 = CARTESIAN_POINT ( 'NONE',  ( 0.000000000000000000, 0.000000000000000000, 0.000000000000000000 ) ) ;
#803 = CARTESIAN_POINT ( 'NONE',  ( -0.6000265039902095143, -9.200357297234059928, -16.35836888625445695 ) ) ;
#804 = AXIS2_PLACEMENT_3D ( 'NONE', #4399, #8747, #8091 ) ;
#805 = DIRECTION ( 'NONE',  ( -0.000000000000000000, -0.000000000000000000, 1.000000000000000000 ) ) ;
#806 = AXIS2_PLACEMENT_3D ( 'NONE', #2741, #564, #3399 ) ;
#807 = CARTESIAN_POINT ( 'NONE',  ( -4.465475396350969461, -29.00702687538254310, -4.272944771188475599 ) ) ;
#808 = CARTESIAN_POINT ( 'NONE',  ( 0.000000000000000000, 0.000000000000000000, 0.000000000000000000 ) ) ;
#809 = EDGE_LOOP ( 'NONE', ( #2632, #90, #3456, #7487 ) ) ;
#810 = LINE ( 'NONE', #2262, #6474 ) ;
#811 = DIRECTION ( 'NONE',  ( 0.3090169943749446757, 0.9510565162951544194, 0.000000000000000000 ) ) ;
#812 = DIRECTION ( 'NONE',  ( 1.000000000000000000, 0.000000000000000000, -0.000000000000000000 ) ) ;
#813 = ORIENTED_EDGE ( 'NONE', *, *, #3570, .F. ) ;
#814 = CARTESIAN_POINT ( 'NONE',  ( -25.52487149273523670, -12.67797521647221792, -2.999864845264820001 ) ) ;
#815 = AXIS2_PLACEMENT_3D ( 'NONE', #2510, #1863, #5394 ) ;
#816 = AXIS2_PLACEMENT_3D ( 'NONE', #489, #4630, #5233 ) ;
#817 = CYLINDRICAL_SURFACE ( 'NONE', #1564, 2.740000000000000213 ) ;
#818 = B_SPLINE_SURFACE_WITH_KNOTS ( 'NONE', 1, 3, ( 
 ( #4753, #526, #8357, #2070, #617, #6856, #8999, #3448, #2613, #3363, #6294, #4894, #5546, #4194, #7041, #7616, #2020, #3406, #8402, #661, #6203, #4844, #3497, #7708, #6342, #481, #9180, #5646, #4935, #3317, #5737, #6480, #5122, #6431, #7937, #4979 ),
 ( #7142, #26, #2890, #5876, #2849, #1496, #8586, #1402, #1541, #2198, #5031, #6530, #4378, #1450, #8540, #8725, #4290, #7982, #7233, #7892, #755, #203, #3547, #5691, #4333, #6392, #7183, #114, #5826, #2334, #839, #2938, #793, #3685, #158, #8678 ) ),
 .UNSPECIFIED., .F., .T., .F.,
 ( 2, 2 ),
 ( 4, 2, 2, 2, 2, 2, 2, 2, 2, 2, 2, 2, 2, 2, 2, 2, 2, 4 ),
 ( 0.000000000000000000, 1.000000000000000000 ),
 ( 0.000000000000000000, 0.06250000000000000000, 0.1250000000000000000, 0.1875000000000000000, 0.2500000000000000000, 0.3125000000000000000, 0.3750000000000000000, 0.4375000000000000000, 0.5000000000000000000, 0.5625000000000000000, 0.6250000000000000000, 0.6875000000000000000, 0.7500000000000000000, 0.8125000000000000000, 0.8750000000000000000, 0.9375000000000000000, 0.9687500000000000000, 1.000000000000000000 ),
 .UNSPECIFIED. ) ;
#819 = CARTESIAN_POINT ( 'NONE',  ( 0.000000000000000000, 0.000000000000000000, -4.500000000000002665 ) ) ;
#820 = CARTESIAN_POINT ( 'NONE',  ( 0.3459785682306169008, -35.49871374579768712, -15.01551170377325661 ) ) ;
#821 = CARTESIAN_POINT ( 'NONE',  ( -1.996076829548781406, 3.768144763739849523, -26.77834456923126893 ) ) ;
#822 = EDGE_LOOP ( 'NONE', ( #7212, #4843, #6640, #5953 ) ) ;
#823 = CARTESIAN_POINT ( 'NONE',  ( 26.02830389331664307, 24.14291385022732683, -19.68467263740660300 ) ) ;
#824 = CARTESIAN_POINT ( 'NONE',  ( 20.12590617746372601, 20.64725191513481306, -3.499999999999999556 ) ) ;
#825 = CARTESIAN_POINT ( 'NONE',  ( -1.532002922261139322, 33.46576721928585840, -15.49726176816129986 ) ) ;
#826 = EDGE_LOOP ( 'NONE', ( #3060, #9107, #3472, #8244 ) ) ;
#827 = CARTESIAN_POINT ( 'NONE',  ( 33.49078568033235825, 0.8004787946551934485, -15.12618847594108296 ) ) ;
#828 = DIRECTION ( 'NONE',  ( 1.000000000000000000, 0.000000000000000000, 0.000000000000000000 ) ) ;
#829 = CARTESIAN_POINT ( 'NONE',  ( -4.644074671265104648, -0.8786199067404709684, -24.65140806925334971 ) ) ;
#830 = AXIS2_PLACEMENT_3D ( 'NONE', #6732, #5954, #4499 ) ;
#831 = PLANE ( 'NONE',  #4858 ) ;
#832 = ORIENTED_EDGE ( 'NONE', *, *, #1572, .F. ) ;
#833 = EDGE_CURVE ( 'NONE', #7885, #1103, #8150, .T. ) ;
#834 = CARTESIAN_POINT ( 'NONE',  ( -2.780220478896693326, 2.805864232054615659, -2.000000000000003553 ) ) ;
#835 = EDGE_CURVE ( 'NONE', #932, #5259, #6262, .T. ) ;
#836 = CARTESIAN_POINT ( 'NONE',  ( -35.50000000000001421, 4.347496136973105648E-15, -33.50000000000000000 ) ) ;
#837 = VERTEX_POINT ( 'NONE', #5340 ) ;
#838 = CARTESIAN_POINT ( 'NONE',  ( -21.85611709943455594, 25.38818909153263093, -17.17385420698250442 ) ) ;
#839 = CARTESIAN_POINT ( 'NONE',  ( 22.78127799633879746, 24.56333324286686803, -15.31632817220721243 ) ) ;
#840 = VERTEX_POINT ( 'NONE', #4591 ) ;
#841 = CIRCLE ( 'NONE', #6052, 9.132863896322508168 ) ;
#842 = CARTESIAN_POINT ( 'NONE',  ( 12.94152193302962139, 26.50975311195698580, -4.500000000000002665 ) ) ;
#843 = ADVANCED_FACE ( 'NONE', ( #7450 ), #2674, .T. ) ;
#844 = CARTESIAN_POINT ( 'NONE',  ( 2.183116565201157933, -33.42902615898733387, -18.75847698606483149 ) ) ;
#845 = CARTESIAN_POINT ( 'NONE',  ( 21.05112819320598305, -6.209048843353092373, -10.50000000000000355 ) ) ;
#846 = CARTESIAN_POINT ( 'NONE',  ( 0.3461872145753904229, 35.50000000000000711, -15.00037781293156591 ) ) ;
#847 = DIRECTION ( 'NONE',  ( 0.000000000000000000, -0.000000000000000000, 1.000000000000000000 ) ) ;
#848 = CARTESIAN_POINT ( 'NONE',  ( -3.592364382459583894, -1.721848647825681367, -10.49999999998007638 ) ) ;
#849 = VECTOR ( 'NONE', #7321, 1000.000000000000000 ) ;
#850 = CARTESIAN_POINT ( 'NONE',  ( -23.92084648227211474, 23.45528926200019981, -19.99993715641065961 ) ) ;
#851 = EDGE_CURVE ( 'NONE', #8833, #8581, #4709, .T. ) ;
#852 = FACE_OUTER_BOUND ( 'NONE', #153, .T. ) ;
#853 = CARTESIAN_POINT ( 'NONE',  ( 30.13825535823345092, -9.161635441443440442, -2.000000000000003553 ) ) ;
#854 = ADVANCED_FACE ( 'NONE', ( #349 ), #6751, .T. ) ;
#855 = AXIS2_PLACEMENT_3D ( 'NONE', #8087, #5231, #6116 ) ;
#856 = CARTESIAN_POINT ( 'NONE',  ( 13.33254604188274151, 25.42003367161322913, -0.3063886183192851553 ) ) ;
#857 = CARTESIAN_POINT ( 'NONE',  ( 0.6000000000000542677, -3.904164443257985617, -10.44999999999990514 ) ) ;
#858 = DIRECTION ( 'NONE',  ( -1.000000000000000000, 0.000000000000000000, 0.000000000000000000 ) ) ;
#859 = CARTESIAN_POINT ( 'NONE',  ( -4.049736784963978486, 14.35721239031346208, 0.000000000000000000 ) ) ;
#860 = ORIENTED_EDGE ( 'NONE', *, *, #2652, .T. ) ;
#861 = CARTESIAN_POINT ( 'NONE',  ( 8.609548236044272329, -2.166534261179612120, -16.74907605144234068 ) ) ;
#862 = CARTESIAN_POINT ( 'NONE',  ( -3.283692341844998808, 14.00000000000000000, 0.000000000000000000 ) ) ;
#863 = AXIS2_PLACEMENT_3D ( 'NONE', #2099, #4876, #4223 ) ;
#864 = VECTOR ( 'NONE', #1967, 1000.000000000000000 ) ;
#865 = DIRECTION ( 'NONE',  ( -0.000000000000000000, -0.000000000000000000, 1.000000000000000000 ) ) ;
#866 = VERTEX_POINT ( 'NONE', #3228 ) ;
#867 = CARTESIAN_POINT ( 'NONE',  ( 1.005615334656411013E-14, 35.50000000000000711, -15.00000000000000000 ) ) ;
#868 = CARTESIAN_POINT ( 'NONE',  ( -10.04185244138086297, -19.72864048089953926, -10.50000000000000533 ) ) ;
#869 = EDGE_LOOP ( 'NONE', ( #1838, #3427, #3719, #228, #9103, #1289, #4184, #2889, #1679, #4364, #8853, #252, #5173, #8193, #7485, #4540 ) ) ;
#870 = CONICAL_SURFACE ( 'NONE', #434, 27.83333333333332860, 0.5880026035475688362 ) ;
#871 = CARTESIAN_POINT ( 'NONE',  ( -23.91807993415463685, 23.45635784822727388, -15.01551170377316957 ) ) ;
#872 = CARTESIAN_POINT ( 'NONE',  ( 2.118049622611515748, -35.43762392410501860, -15.96412339898252064 ) ) ;
#873 = CARTESIAN_POINT ( 'NONE',  ( 25.31683323032059008, -12.62610545198899459, -0.04062238679463835850 ) ) ;
#874 = ORIENTED_EDGE ( 'NONE', *, *, #3639, .F. ) ;
#875 = DIRECTION ( 'NONE',  ( 1.000000000000000000, 0.000000000000000000, 0.000000000000000000 ) ) ;
#876 = CARTESIAN_POINT ( 'NONE',  ( 33.42915353557776115, 2.181185387275310639, -16.23749250277983336 ) ) ;
#877 = CARTESIAN_POINT ( 'NONE',  ( -2.433818831060756693, 33.41170923154187733, -18.15144138421802467 ) ) ;
#878 = ORIENTED_EDGE ( 'NONE', *, *, #4926, .T. ) ;
#879 = CARTESIAN_POINT ( 'NONE',  ( 35.49871374579717553, 0.3459785682825117781, -15.01551170377320510 ) ) ;
#880 = CIRCLE ( 'NONE', #8914, 27.83333333333332860 ) ;
#881 = CARTESIAN_POINT ( 'NONE',  ( -2.116661196731588923, -35.43769088425040081, -19.03685471101641014 ) ) ;
#882 = CARTESIAN_POINT ( 'NONE',  ( -5.754632168195178643, -1.237492125820755184, -21.46657426182807171 ) ) ;
#883 = DIRECTION ( 'NONE',  ( 1.000000000000000000, 0.000000000000000000, 0.000000000000000000 ) ) ;
#884 = EDGE_LOOP ( 'NONE', ( #6386, #183, #8172, #1166, #908, #6507, #6440 ) ) ;
#885 = CARTESIAN_POINT ( 'NONE',  ( -25.58931128690437262, 24.60772870846248139, -19.93459846103375455 ) ) ;
#886 = CARTESIAN_POINT ( 'NONE',  ( -25.10128603360072219, -25.10329539043353364, -19.99992814200971125 ) ) ;
#887 = ORIENTED_EDGE ( 'NONE', *, *, #6549, .T. ) ;
#888 = FACE_OUTER_BOUND ( 'NONE', #7829, .T. ) ;
#889 = ORIENTED_EDGE ( 'NONE', *, *, #9156, .T. ) ;
#890 = CARTESIAN_POINT ( 'NONE',  ( 13.18687782981584533, 26.36672459376477207, -4.470314497633391504 ) ) ;
#891 = CARTESIAN_POINT ( 'NONE',  ( 25.10229073212211048, 25.10229073212277129, -15.00000000000000178 ) ) ;
#892 = CARTESIAN_POINT ( 'NONE',  ( -23.91896888596977533, -23.45720397286483561, -19.99991912762039448 ) ) ;
#893 = EDGE_CURVE ( 'NONE', #6661, #7503, #3476, .T. ) ;
#894 = CARTESIAN_POINT ( 'NONE',  ( -1.536278632840271552, 33.46556029457268977, -19.49867079320532781 ) ) ;
#895 = CARTESIAN_POINT ( 'NONE',  ( -5.331578212488083501, 6.316227483697037570, -17.50438814906502216 ) ) ;
#896 = CARTESIAN_POINT ( 'NONE',  ( -3.550256487452074783, 1.807075951864906882, -10.50000000000000533 ) ) ;
#897 = CARTESIAN_POINT ( 'NONE',  ( -22.09418396602605483, 25.18159475674125147, -16.24166244695344830 ) ) ;
#898 = CARTESIAN_POINT ( 'NONE',  ( 0.000000000000000000, 0.000000000000000000, -33.00000000000000000 ) ) ;
#899 = PRODUCT_DEFINITION_SHAPE ( 'NONE', 'NONE',  #6781 ) ;
#900 = EDGE_CURVE ( 'NONE', #754, #7424, #7571, .T. ) ;
#901 = CARTESIAN_POINT ( 'NONE',  ( 2.646887390694704578, 35.40118623936239572, -17.82748966714402883 ) ) ;
#902 = EDGE_CURVE ( 'NONE', #2175, #2054, #7198, .T. ) ;
#903 = EDGE_CURVE ( 'NONE', #4835, #1712, #3276, .T. ) ;
#904 = CARTESIAN_POINT ( 'NONE',  ( 3.895520702654602818, -0.8181925404193933771, -30.50000000000000711 ) ) ;
#905 = DIRECTION ( 'NONE',  ( 1.000000000000000000, 0.000000000000000000, 0.000000000000000000 ) ) ;
#906 = ORIENTED_EDGE ( 'NONE', *, *, #4490, .F. ) ;
#907 = ADVANCED_FACE ( 'NONE', ( #6809 ), #5055, .T. ) ;
#908 = ORIENTED_EDGE ( 'NONE', *, *, #1001, .T. ) ;
#909 = CARTESIAN_POINT ( 'NONE',  ( 8.613104448873555086, -2.167689946607169293, -16.74469814582813143 ) ) ;
#910 = CARTESIAN_POINT ( 'NONE',  ( 0.000000000000000000, 0.000000000000000000, -44.49999999999998579 ) ) ;
#911 = ORIENTED_EDGE ( 'NONE', *, *, #2036, .T. ) ;
#912 = B_SPLINE_CURVE_WITH_KNOTS ( 'NONE', 3,
 ( #5114, #195, #7176, #4283, #2930, #8022, #6469, #3024, #7136, #2234, #747, #5867, #785, #1629, #5775, #5068, #7320, #925, #3769, #243 ),
 .UNSPECIFIED., .F., .F.,
 ( 4, 2, 2, 2, 2, 2, 2, 2, 2, 4 ),
 ( 0.5000000000000000000, 0.5625000000000000000, 0.6250000000000001110, 0.6875000000000002220, 0.7500000000000002220, 0.8125000000000002220, 0.8437500000000000000, 0.8749999999999997780, 0.9374999999999998890, 1.000000000000000000 ),
 .UNSPECIFIED. ) ;
#913 = FACE_OUTER_BOUND ( 'NONE', #3535, .T. ) ;
#914 = FACE_OUTER_BOUND ( 'NONE', #2352, .T. ) ;
#915 = VERTEX_POINT ( 'NONE', #6144 ) ;
#916 = LINE ( 'NONE', #5808, #7989 ) ;
#917 = CARTESIAN_POINT ( 'NONE',  ( 2.433818831015752693, -33.41170923154498240, -18.15144138432807353 ) ) ;
#918 = ORIENTED_EDGE ( 'NONE', *, *, #8988, .F. ) ;
#919 = CARTESIAN_POINT ( 'NONE',  ( 14.73106042184978826, 27.08671820823362708, -3.499999999999997335 ) ) ;
#920 = CARTESIAN_POINT ( 'NONE',  ( 33.49417904839544491, 0.6443920504875610966, -15.07870116200535726 ) ) ;
#921 = CARTESIAN_POINT ( 'NONE',  ( 3.950000000000000178, 0.000000000000000000, 0.000000000000000000 ) ) ;
#922 = ORIENTED_EDGE ( 'NONE', *, *, #34, .T. ) ;
#923 = CARTESIAN_POINT ( 'NONE',  ( 33.42905698874938025, -2.182618677452595524, -18.75985287883610297 ) ) ;
#924 = CARTESIAN_POINT ( 'NONE',  ( 0.1633418547479551508, -33.50000000000000000, -14.99981109353423570 ) ) ;
#925 = CARTESIAN_POINT ( 'NONE',  ( 25.58366996592264897, -24.61364160589036842, -15.06280857718564548 ) ) ;
#926 = DIRECTION ( 'NONE',  ( 1.000000000000000000, 0.000000000000000000, 0.000000000000000000 ) ) ;
#927 = ORIENTED_EDGE ( 'NONE', *, *, #5916, .T. ) ;
#928 = CARTESIAN_POINT ( 'NONE',  ( -35.40650189164289685, 2.578222545457154347, -16.84589223789211943 ) ) ;
#929 = LINE ( 'NONE', #8068, #6222 ) ;
#930 = ORIENTED_EDGE ( 'NONE', *, *, #169, .T. ) ;
#931 = CARTESIAN_POINT ( 'NONE',  ( -21.90573087360730398, 25.34570240378618067, -18.15506602320147422 ) ) ;
#932 = VERTEX_POINT ( 'NONE', #605 ) ;
#933 = CARTESIAN_POINT ( 'NONE',  ( 25.58931128696699275, -24.60772870839617710, -19.93459846099838728 ) ) ;
#934 = ORIENTED_EDGE ( 'NONE', *, *, #1885, .T. ) ;
#935 = DIRECTION ( 'NONE',  ( -0.9702957262759980273, 0.2419218955996609577, 0.000000000000000000 ) ) ;
#936 = CARTESIAN_POINT ( 'NONE',  ( -12.41154252288843729, 18.10380370368495662, -10.50000000000000355 ) ) ;
#937 = CARTESIAN_POINT ( 'NONE',  ( 0.6000000000001266542, -8.862655637467261371, -16.74446801128462781 ) ) ;
#938 = CARTESIAN_POINT ( 'NONE',  ( -2.497529291853469502, 33.40677098190900551, -17.16962608734250395 ) ) ;
#939 = FACE_OUTER_BOUND ( 'NONE', #9165, .T. ) ;
#940 = CARTESIAN_POINT ( 'NONE',  ( -3.028144824029120663, -2.588471276124082454, -10.50000000001995026 ) ) ;
#941 = CARTESIAN_POINT ( 'NONE',  ( 0.000000000000000000, 0.000000000000000000, -4.500000000000000000 ) ) ;
#942 = EDGE_CURVE ( 'NONE', #1316, #2237, #1165, .T. ) ;
#943 = CARTESIAN_POINT ( 'NONE',  ( -0.5999999999999366951, -3.991990993535532439, -28.11474104344059555 ) ) ;
#944 = AXIS2_PLACEMENT_3D ( 'NONE', #7258, #6595, #4496 ) ;
#945 = CARTESIAN_POINT ( 'NONE',  ( 0.000000000000000000, 0.000000000000000000, -0.4452998037747721294 ) ) ;
#946 = CARTESIAN_POINT ( 'NONE',  ( -3.779566059573613135, -1.248759776470446337, -30.50000000000000711 ) ) ;
#947 = PLANE ( 'NONE',  #3838 ) ;
#948 = ADVANCED_FACE ( 'NONE', ( #7746 ), #2646, .T. ) ;
#949 = VECTOR ( 'NONE', #8051, 1000.000000000000000 ) ;
#950 = ORIENTED_EDGE ( 'NONE', *, *, #2943, .T. ) ;
#951 = FACE_OUTER_BOUND ( 'NONE', #749, .T. ) ;
#952 = CARTESIAN_POINT ( 'NONE',  ( -33.49999998629449038, -0.0006703859853786739605, -19.99992793849283146 ) ) ;
#953 = DIRECTION ( 'NONE',  ( 0.000000000000000000, 0.000000000000000000, 1.000000000000000000 ) ) ;
#954 = EDGE_LOOP ( 'NONE', ( #4163, #7353, #7602, #4288 ) ) ;
#955 = EDGE_CURVE ( 'NONE', #1803, #5467, #8346, .T. ) ;
#956 = CARTESIAN_POINT ( 'NONE',  ( -1.724022489422963433, -6.914676529564829366, -4.500000000000000000 ) ) ;
#957 = DIRECTION ( 'NONE',  ( 1.000000000000000000, 0.000000000000000000, 0.000000000000000000 ) ) ;
#958 = VERTEX_POINT ( 'NONE', #4009 ) ;
#959 = LINE ( 'NONE', #4681, #7689 ) ;
#960 = CARTESIAN_POINT ( 'NONE',  ( 2.432585591749893528, -33.41180035762386780, -16.84523636481001674 ) ) ;
#961 = ORIENTED_EDGE ( 'NONE', *, *, #2050, .T. ) ;
#962 = CARTESIAN_POINT ( 'NONE',  ( 14.28563970867955923, 26.55588647309712869, -2.481296856322389388 ) ) ;
#963 = CARTESIAN_POINT ( 'NONE',  ( 1.258879677945507813, 33.47770288097871116, -15.31533489718471941 ) ) ;
#964 = CARTESIAN_POINT ( 'NONE',  ( -18.01745678418379626, 23.77812080059835154, -2.000000000000003553 ) ) ;
#965 = VERTEX_POINT ( 'NONE', #2009 ) ;
#966 = CARTESIAN_POINT ( 'NONE',  ( 35.46356059726001320, -1.626671323312551820, -19.50000510125887843 ) ) ;
#967 = AXIS2_PLACEMENT_3D ( 'NONE', #2410, #7170, #2924 ) ;
#968 = CARTESIAN_POINT ( 'NONE',  ( -2.497552057251120505, -33.40676928008652879, -17.17385420672569296 ) ) ;
#969 = CARTESIAN_POINT ( 'NONE',  ( -18.02646617301205723, 25.83208310054093815, -4.500000000000002665 ) ) ;
#970 = CARTESIAN_POINT ( 'NONE',  ( 0.000000000000000000, 9.132863896322508168, -4.099999999999999645 ) ) ;
#971 = EDGE_CURVE ( 'NONE', #4683, #1381, #1915, .T. ) ;
#972 = ORIENTED_EDGE ( 'NONE', *, *, #7119, .T. ) ;
#973 = CIRCLE ( 'NONE', #2317, 3.950000000000000178 ) ;
#974 = DIRECTION ( 'NONE',  ( 1.000000000000000000, 0.000000000000000000, 0.000000000000000000 ) ) ;
#975 = VERTEX_POINT ( 'NONE', #5445 ) ;
#976 = CARTESIAN_POINT ( 'NONE',  ( 2.030270917882635917, -1.840000000000000080, -33.00000000000000000 ) ) ;
#977 = ORIENTED_EDGE ( 'NONE', *, *, #4703, .F. ) ;
#978 = CARTESIAN_POINT ( 'NONE',  ( 23.16095991134164933, -26.90390187311618320, -17.17385420697664955 ) ) ;
#979 = ORIENTED_EDGE ( 'NONE', *, *, #8492, .T. ) ;
#980 = CARTESIAN_POINT ( 'NONE',  ( 13.50165257879949721, 25.65249281571688300, -3.733038658339572713 ) ) ;
#981 = DIRECTION ( 'NONE',  ( 0.9271838545667923093, -0.3746065934158998578, 0.000000000000000000 ) ) ;
#982 = VECTOR ( 'NONE', #4015, 1000.000000000000114 ) ;
#983 = CARTESIAN_POINT ( 'NONE',  ( 0.6000318405126570109, -14.20447617576082244, -12.43793080081756131 ) ) ;
#984 = VECTOR ( 'NONE', #8628, 1000.000000000000000 ) ;
#985 = CARTESIAN_POINT ( 'NONE',  ( 30.13825535823345803, -9.161635441443429784, -9.500000000000005329 ) ) ;
#986 = CARTESIAN_POINT ( 'NONE',  ( 0.000000000000000000, 0.000000000000000000, -4.500000000000002665 ) ) ;
#987 = CARTESIAN_POINT ( 'NONE',  ( 2.233532463794362322, 3.257887771728281034, -30.50000000000000711 ) ) ;
#988 = CARTESIAN_POINT ( 'NONE',  ( -25.18158761285523539, 22.09419455810986577, -18.75847698594912316 ) ) ;
#989 = CARTESIAN_POINT ( 'NONE',  ( -0.5999740570732270406, -4.252125543239787753, -26.60261437187861588 ) ) ;
#990 = PLANE ( 'NONE',  #8906 ) ;
#991 = VECTOR ( 'NONE', #8046, 1000.000000000000000 ) ;
#992 = CARTESIAN_POINT ( 'NONE',  ( -1.981897137999954595, 3.452043498045492154, -30.50000000000000711 ) ) ;
#993 = PLANE ( 'NONE',  #8012 ) ;
#994 = ORIENTED_EDGE ( 'NONE', *, *, #7709, .T. ) ;
#995 = CARTESIAN_POINT ( 'NONE',  ( -33.49496780572274446, -0.6549803906942006648, -19.93459846099842991 ) ) ;
#996 = DIRECTION ( 'NONE',  ( -0.000000000000000000, -0.000000000000000000, -1.000000000000000000 ) ) ;
#997 = DIRECTION ( 'NONE',  ( 1.000000000000000000, 0.000000000000000000, 0.000000000000000000 ) ) ;
#998 = EDGE_LOOP ( 'NONE', ( #3334, #3433, #4180, #2910 ) ) ;
#999 = VECTOR ( 'NONE', #2487, 1000.000000000000000 ) ;
#1000 = CARTESIAN_POINT ( 'NONE',  ( -28.73061767160789870, -4.885984820813511043, -3.964655755743113019 ) ) ;
#1001 = EDGE_CURVE ( 'NONE', #6234, #3899, #8986, .T. ) ;
#1002 = ADVANCED_FACE ( 'NONE', ( #4743 ), #9077, .F. ) ;
#1003 = CARTESIAN_POINT ( 'NONE',  ( 0.000000000000000000, 0.000000000000000000, 0.000000000000000000 ) ) ;
#1004 = VERTEX_POINT ( 'NONE', #7605 ) ;
#1005 = EDGE_LOOP ( 'NONE', ( #3442, #6282, #775, #7371 ) ) ;
#1006 = CARTESIAN_POINT ( 'NONE',  ( -0.6545827034110855980, -33.49496812529915957, -15.06543078888019238 ) ) ;
#1007 = CARTESIAN_POINT ( 'NONE',  ( -23.41323972519179009, 26.68497354818848777, -16.24166244695344830 ) ) ;
#1008 = ADVANCED_FACE ( 'NONE', ( #6984 ), #3436, .T. ) ;
#1009 = VECTOR ( 'NONE', #4933, 1000.000000000000000 ) ;
#1010 = ORIENTED_EDGE ( 'NONE', *, *, #1134, .T. ) ;
#1011 = CARTESIAN_POINT ( 'NONE',  ( 11.63954449597860297, -4.413283731076280247, -13.46111700943573908 ) ) ;
#1012 = DIRECTION ( 'NONE',  ( -0.06975647374411471369, -0.9975640502598250858, 0.000000000000000000 ) ) ;
#1013 = CARTESIAN_POINT ( 'NONE',  ( -4.184808153618529758, -27.97942037308883556, -0.04062238679463875402 ) ) ;
#1014 = ORIENTED_EDGE ( 'NONE', *, *, #5393, .F. ) ;
#1015 = CARTESIAN_POINT ( 'NONE',  ( 35.42482158509263002, -2.312924270136332616, -18.75985287883610297 ) ) ;
#1016 = CARTESIAN_POINT ( 'NONE',  ( -0.6529151078854887880, -33.49500451760779640, -19.93550015082134408 ) ) ;
#1017 = CIRCLE ( 'NONE', #6814, 27.96481624151200762 ) ;
#1018 = CARTESIAN_POINT ( 'NONE',  ( -13.39346758508473734, 25.49263713959059174, -0.4452998037747750160 ) ) ;
#1019 = FACE_OUTER_BOUND ( 'NONE', #2033, .T. ) ;
#1020 = CARTESIAN_POINT ( 'NONE',  ( -23.57084925350904925, -26.54570437273448391, -15.97300927171447782 ) ) ;
#1021 = EDGE_CURVE ( 'NONE', #3265, #1163, #6285, .T. ) ;
#1022 = DIRECTION ( 'NONE',  ( 1.000000000000000000, 0.000000000000000000, 0.000000000000000000 ) ) ;
#1023 = EDGE_CURVE ( 'NONE', #6328, #5874, #4784, .T. ) ;
#1024 = ORIENTED_EDGE ( 'NONE', *, *, #71, .F. ) ;
#1025 = LINE ( 'NONE', #3870, #6626 ) ;
#1026 = AXIS2_PLACEMENT_3D ( 'NONE', #1514, #4349, #811 ) ;
#1027 = CARTESIAN_POINT ( 'NONE',  ( 22.78274968980793602, -24.56192057523521655, -19.68467263747256979 ) ) ;
#1028 = ORIENTED_EDGE ( 'NONE', *, *, #8083, .F. ) ;
#1029 = DIRECTION ( 'NONE',  ( 0.000000000000000000, 0.000000000000000000, -1.000000000000000000 ) ) ;
#1030 = PLANE ( 'NONE',  #5574 ) ;
#1031 = CARTESIAN_POINT ( 'NONE',  ( 3.898491231073335062, -0.6358192520239692724, -10.44999999999990514 ) ) ;
#1032 = CARTESIAN_POINT ( 'NONE',  ( 35.40118623936242415, -2.646887390694278697, -17.82748966696158988 ) ) ;
#1033 = EDGE_CURVE ( 'NONE', #5793, #5467, #5707, .T. ) ;
#1034 = B_SPLINE_CURVE_WITH_KNOTS ( 'NONE', 1,
 ( #2180, #6459 ),
 .UNSPECIFIED., .F., .F.,
 ( 2, 2 ),
 ( 0.000000000000000000, 1.000000000000000000 ),
 .UNSPECIFIED. ) ;
#1035 = LINE ( 'NONE', #6713, #5450 ) ;
#1036 = CARTESIAN_POINT ( 'NONE',  ( -0.3488523191601123896, 35.49998606618571273, -19.99993715642229120 ) ) ;
#1037 = DIRECTION ( 'NONE',  ( 1.000000000000000000, 0.000000000000000000, 0.000000000000000000 ) ) ;
#1038 = CARTESIAN_POINT ( 'NONE',  ( -10.04185244138086297, -19.72864048089953926, -10.50000000000000533 ) ) ;
#1039 = CARTESIAN_POINT ( 'NONE',  ( 7.794099516060463806, 9.706085237792501985, -13.46099818820821170 ) ) ;
#1040 = CARTESIAN_POINT ( 'NONE',  ( -0.5999982699262653707, -4.226982982501799491, -26.74518224353446172 ) ) ;
#1041 = CARTESIAN_POINT ( 'NONE',  ( 3.811524521881858529, 1.147519671785844686, -10.50000000000000888 ) ) ;
#1042 = CARTESIAN_POINT ( 'NONE',  ( 5.863145910777382674, -1.274174253755927300, -4.099999999999999645 ) ) ;
#1043 = DIRECTION ( 'NONE',  ( -1.000000000000000000, 0.000000000000000000, 0.000000000000000000 ) ) ;
#1044 = CARTESIAN_POINT ( 'NONE',  ( 4.208095910700447639, -27.64638993119861254, -2.168404344971008868E-16 ) ) ;
#1045 = EDGE_LOOP ( 'NONE', ( #625, #5623, #8650, #5570 ) ) ;
#1046 = CARTESIAN_POINT ( 'NONE',  ( -33.41180889124409248, 2.432427195854065083, -18.15506602361177002 ) ) ;
#1047 = LINE ( 'NONE', #5193, #2951 ) ;
#1048 = DIRECTION ( 'NONE',  ( 0.3090169943749447312, 0.9510565162951544194, 0.000000000000000000 ) ) ;
#1049 = VERTEX_POINT ( 'NONE', #4881 ) ;
#1050 = CARTESIAN_POINT ( 'NONE',  ( 3.592364382474951601, 1.721848647828806866, -30.50000000000000711 ) ) ;
#1051 = DIRECTION ( 'NONE',  ( -1.000000000000000000, 0.000000000000000000, 0.000000000000000000 ) ) ;
#1052 = ORIENTED_EDGE ( 'NONE', *, *, #1021, .F. ) ;
#1053 = ORIENTED_EDGE ( 'NONE', *, *, #1294, .F. ) ;
#1054 = CARTESIAN_POINT ( 'NONE',  ( 0.000000000000000000, 0.000000000000000000, -44.49999999999998579 ) ) ;
#1055 = CARTESIAN_POINT ( 'NONE',  ( 33.44113806923080290, 1.998722883215782176, -15.96412339891647036 ) ) ;
#1056 = ORIENTED_EDGE ( 'NONE', *, *, #3795, .F. ) ;
#1057 = CARTESIAN_POINT ( 'NONE',  ( 4.002969551342443921, -1.931140590732021378, -25.83633616502224939 ) ) ;
#1058 = CARTESIAN_POINT ( 'NONE',  ( -27.46869363289109245, -4.490580646955644184, -2.000000000000003109 ) ) ;
#1059 = LINE ( 'NONE', #3113, #7662 ) ;
#1060 = ORIENTED_EDGE ( 'NONE', *, *, #1581, .F. ) ;
#1061 = CARTESIAN_POINT ( 'NONE',  ( 0.000000000000000000, 0.000000000000000000, -2.000000000000003553 ) ) ;
#1062 = ADVANCED_FACE ( 'NONE', ( #2693 ), #4050, .F. ) ;
#1063 = CARTESIAN_POINT ( 'NONE',  ( 26.49349465711527074, -12.91948009555431298, -1.463028680160340489 ) ) ;
#1064 = CARTESIAN_POINT ( 'NONE',  ( 23.41323972519241536, -26.68497354818794420, -16.24166244696487382 ) ) ;
#1065 = DIRECTION ( 'NONE',  ( -1.000000000000000000, 0.000000000000000000, 0.000000000000000000 ) ) ;
#1066 = EDGE_LOOP ( 'NONE', ( #9096, #1578, #4999, #2798, #4306, #691, #4614, #539, #8968, #1568 ) ) ;
#1067 = CARTESIAN_POINT ( 'NONE',  ( 0.6001100506512210275, -3.904147528860479888, -30.50000000000000711 ) ) ;
#1068 = CARTESIAN_POINT ( 'NONE',  ( 21.85611709943507819, -25.38818909153217618, -17.17385420697664955 ) ) ;
#1069 = ORIENTED_EDGE ( 'NONE', *, *, #8026, .T. ) ;
#1070 = CARTESIAN_POINT ( 'NONE',  ( 1.980453553742411721, 3.746633298103670295, -26.93596350078167490 ) ) ;
#1071 = CARTESIAN_POINT ( 'NONE',  ( -31.11864321197791483, -4.886721257205135949, -4.500000000000000000 ) ) ;
#1072 = CARTESIAN_POINT ( 'NONE',  ( 26.85887866663902201, 23.21353570195099536, -18.15506602333612918 ) ) ;
#1073 = EDGE_CURVE ( 'NONE', #7132, #3004, #7030, .T. ) ;
#1074 = CARTESIAN_POINT ( 'NONE',  ( 33.50000000000000000, -8.185726402265558477E-15, -15.00000000000000355 ) ) ;
#1075 = EDGE_CURVE ( 'NONE', #3004, #6512, #367, .T. ) ;
#1076 = DIRECTION ( 'NONE',  ( 0.8090169943749512260, -0.5877852522924679191, 0.000000000000000000 ) ) ;
#1077 = CARTESIAN_POINT ( 'NONE',  ( -0.6940836975957906940, 35.49466737621381895, -19.93459846097855959 ) ) ;
#1078 = CARTESIAN_POINT ( 'NONE',  ( -5.694949724520411927, 6.817644868799606073, -16.74448101405085509 ) ) ;
#1079 = CARTESIAN_POINT ( 'NONE',  ( -18.99728656626197676, 25.12674079778996017, -10.50000000000000355 ) ) ;
#1080 = CARTESIAN_POINT ( 'NONE',  ( 9.142948888524369266, 11.56340857993424720, -12.17377114275054240 ) ) ;
#1081 = B_SPLINE_CURVE_WITH_KNOTS ( 'NONE', 3,
 ( #9066, #459, #1101, #8203 ),
 .UNSPECIFIED., .F., .F.,
 ( 4, 4 ),
 ( 0.0001227968273480574629, 0.003127625643707515439 ),
 .UNSPECIFIED. ) ;
#1082 = CARTESIAN_POINT ( 'NONE',  ( -0.5999999999999332534, -4.219889252526209056, -26.78627657273141338 ) ) ;
#1083 = ADVANCED_FACE ( 'NONE', ( #4095 ), #3485, .F. ) ;
#1084 = CARTESIAN_POINT ( 'NONE',  ( -3.621187049162241323, 1.652732565477152527, -30.50000000000000711 ) ) ;
#1085 = PLANE ( 'NONE',  #3538 ) ;
#1086 = CARTESIAN_POINT ( 'NONE',  ( 25.38822273444628408, -21.85607801934118655, -17.82637605772023193 ) ) ;
#1087 = ORIENTED_EDGE ( 'NONE', *, *, #7511, .T. ) ;
#1088 = CARTESIAN_POINT ( 'NONE',  ( -33.46561352134852285, 1.535027868658110917, -19.50000510109366303 ) ) ;
#1089 = CARTESIAN_POINT ( 'NONE',  ( 12.30007449020309096, 7.449214920469584555, 0.000000000000000000 ) ) ;
#1090 = DIRECTION ( 'NONE',  ( 0.000000000000000000, 0.000000000000000000, 1.000000000000000000 ) ) ;
#1091 = ORIENTED_EDGE ( 'NONE', *, *, #4886, .F. ) ;
#1092 = VECTOR ( 'NONE', #981, 1000.000000000000114 ) ;
#1093 = CARTESIAN_POINT ( 'NONE',  ( -35.50000000000000000, 4.347496136973103281E-15, -8.673617379884043361E-16 ) ) ;
#1094 = CARTESIAN_POINT ( 'NONE',  ( -1.809373243870850079, 3.511220366818961214, -30.50000000000000711 ) ) ;
#1095 = ORIENTED_EDGE ( 'NONE', *, *, #2120, .T. ) ;
#1096 = VECTOR ( 'NONE', #5304, 1000.000000000000114 ) ;
#1097 = CARTESIAN_POINT ( 'NONE',  ( 4.699082784379627343E-13, -33.50000000000000000, -15.00000000000000000 ) ) ;
#1098 = DIRECTION ( 'NONE',  ( -1.000000000000000000, 0.000000000000000000, -0.000000000000000000 ) ) ;
#1099 = ORIENTED_EDGE ( 'NONE', *, *, #7119, .F. ) ;
#1100 = CARTESIAN_POINT ( 'NONE',  ( 8.271345908727596452, -3.318400704500356735, -16.71077709881702233 ) ) ;
#1101 = CARTESIAN_POINT ( 'NONE',  ( -16.19743291294099308, 23.31463478943877021, -2.833329964864183204 ) ) ;
#1102 = CARTESIAN_POINT ( 'NONE',  ( 8.627836415909397871, -20.64001733679410577, -10.50000000000000178 ) ) ;
#1103 = VERTEX_POINT ( 'NONE', #5400 ) ;
#1104 = CARTESIAN_POINT ( 'NONE',  ( -28.38374776655663467, -4.860286515015392439, -0.4452998037747728510 ) ) ;
#1105 = ADVANCED_FACE ( 'NONE', ( #7560 ), #561, .F. ) ;
#1106 = AXIS2_PLACEMENT_3D ( 'NONE', #5287, #7303, #6553 ) ;
#1107 = CARTESIAN_POINT ( 'NONE',  ( 0.000000000000000000, 0.000000000000000000, -2.000000000000003553 ) ) ;
#1108 = CARTESIAN_POINT ( 'NONE',  ( 6.043495923599501829, -3.776395381046203870, -4.500000000000000000 ) ) ;
#1109 = AXIS2_PLACEMENT_3D ( 'NONE', #7946, #6541, #8217 ) ;
#1110 = CARTESIAN_POINT ( 'NONE',  ( -9.787270076634101201, 14.49228729232451940, -11.11190692064088026 ) ) ;
#1111 = ORIENTED_EDGE ( 'NONE', *, *, #4317, .F. ) ;
#1112 = CARTESIAN_POINT ( 'NONE',  ( 29.15121459041903762, -4.393700104156932795, -4.470314497633393280 ) ) ;
#1113 = CARTESIAN_POINT ( 'NONE',  ( 26.90388608971105100, -23.16097824517363435, -17.16962608725159711 ) ) ;
#1114 = VERTEX_POINT ( 'NONE', #4278 ) ;
#1115 = CARTESIAN_POINT ( 'NONE',  ( 1.966702077637512591, 3.727683499758199126, -27.07989359952075503 ) ) ;
#1116 = CARTESIAN_POINT ( 'NONE',  ( 4.871155301354686884, 7.725351058614442046, -4.099999999999998757 ) ) ;
#1117 = CARTESIAN_POINT ( 'NONE',  ( 24.49556977811309011, 25.69520269919507172, -15.12618847594110072 ) ) ;
#1118 = CARTESIAN_POINT ( 'NONE',  ( 33.50001309514800596, -0.3265171013801735911, -19.99991912762039448 ) ) ;
#1119 = EDGE_CURVE ( 'NONE', #4193, #3122, #4917, .T. ) ;
#1120 = AXIS2_PLACEMENT_3D ( 'NONE', #7938, #1542, #4379 ) ;
#1121 = ADVANCED_FACE ( 'NONE', ( #7968 ), #6792, .T. ) ;
#1122 = DIRECTION ( 'NONE',  ( -0.000000000000000000, -0.000000000000000000, -1.000000000000000000 ) ) ;
#1123 = CARTESIAN_POINT ( 'NONE',  ( 2.313451882526600834, -35.42478891474776503, -18.75847698606483149 ) ) ;
#1124 = CARTESIAN_POINT ( 'NONE',  ( -2.780220478896689773, 2.805864232054616991, -30.50000000000000711 ) ) ;
#1125 = CARTESIAN_POINT ( 'NONE',  ( -7.506387045501580424, 9.310096154396335422, -13.85010134105344726 ) ) ;
#1126 = CARTESIAN_POINT ( 'NONE',  ( -19.96263245450251134, -9.568247549349797154, -10.50000000000001243 ) ) ;
#1127 = EDGE_CURVE ( 'NONE', #4067, #1316, #214, .T. ) ;
#1128 = VERTEX_POINT ( 'NONE', #964 ) ;
#1129 = AXIS2_PLACEMENT_3D ( 'NONE', #7028, #741, #5583 ) ;
#1130 = CARTESIAN_POINT ( 'NONE',  ( -0.6026722602845091536, -7.593342160788917994, -18.33232235677116151 ) ) ;
#1131 = EDGE_CURVE ( 'NONE', #6420, #1538, #5959, .T. ) ;
#1132 = CARTESIAN_POINT ( 'NONE',  ( 12.78910838401213113, -18.04756937400324190, -10.50000000000000533 ) ) ;
#1133 = CARTESIAN_POINT ( 'NONE',  ( 0.000000000000000000, 28.50000000000000000, -2.449293598294703949E-16 ) ) ;
#1134 = EDGE_CURVE ( 'NONE', #4420, #2287, #5910, .T. ) ;
#1135 = DIRECTION ( 'NONE',  ( -0.000000000000000000, -0.000000000000000000, 1.000000000000000000 ) ) ;
#1136 = B_SPLINE_CURVE_WITH_KNOTS ( 'NONE', 3,
 ( #7664, #9051, #6257, #8457 ),
 .UNSPECIFIED., .F., .F.,
 ( 4, 4 ),
 ( 0.000000000000000000, 1.000000000000000000 ),
 .UNSPECIFIED. ) ;
#1137 = ORIENTED_EDGE ( 'NONE', *, *, #2211, .T. ) ;
#1138 = CARTESIAN_POINT ( 'NONE',  ( -33.44113806923176924, -1.998722883197627143, -15.96412339890950349 ) ) ;
#1139 = CARTESIAN_POINT ( 'NONE',  ( -19.58314288377739842, 19.77864907515179027, -2.000000000000006217 ) ) ;
#1140 = EDGE_CURVE ( 'NONE', #8812, #4311, #4602, .T. ) ;
#1141 = DIRECTION ( 'NONE',  ( 0.000000000000000000, -0.000000000000000000, 1.000000000000000000 ) ) ;
#1142 = ORIENTED_EDGE ( 'NONE', *, *, #2280, .F. ) ;
#1143 = DIRECTION ( 'NONE',  ( -0.8090169943749507819, 0.5877852522924685852, 0.000000000000000000 ) ) ;
#1144 = VECTOR ( 'NONE', #1331, 1000.000000000000000 ) ;
#1145 = DIRECTION ( 'NONE',  ( -0.5877852522924688072, -0.8090169943749505599, 0.000000000000000000 ) ) ;
#1146 = EDGE_CURVE ( 'NONE', #4770, #3153, #4666, .T. ) ;
#1147 = B_SPLINE_CURVE_WITH_KNOTS ( 'NONE', 3,
 ( #6184, #4648, #5442, #7644, #2689, #1299, #8940, #8983, #2597, #3390 ),
 .UNSPECIFIED., .F., .F.,
 ( 4, 2, 2, 2, 4 ),
 ( 1.515930221376808328E-16, 0.0004177826574207632875, 0.0008355653148413760877, 0.001253347972261988725, 0.001671130629682601688 ),
 .UNSPECIFIED. ) ;
#1148 = ORIENTED_EDGE ( 'NONE', *, *, #5558, .T. ) ;
#1149 = CARTESIAN_POINT ( 'NONE',  ( -25.18125735304890256, -22.09456841777443614, -18.75985287860905970 ) ) ;
#1150 = DIRECTION ( 'NONE',  ( 1.000000000000000000, 0.000000000000000000, 0.000000000000000000 ) ) ;
#1151 = EDGE_LOOP ( 'NONE', ( #8515, #4263, #2681, #6526 ) ) ;
#1152 = LINE ( 'NONE', #498, #4689 ) ;
#1153 = CARTESIAN_POINT ( 'NONE',  ( 29.50000000000000000, 0.000000000000000000, 0.000000000000000000 ) ) ;
#1154 = VECTOR ( 'NONE', #5451, 1000.000000000000000 ) ;
#1155 = CARTESIAN_POINT ( 'NONE',  ( -21.05112834584223691, -6.209048892948281662, -10.50000000000000355 ) ) ;
#1156 = ORIENTED_EDGE ( 'NONE', *, *, #5791, .T. ) ;
#1157 = CARTESIAN_POINT ( 'NONE',  ( 22.23358406260604170, -25.05935372636932357, -15.96378118974993754 ) ) ;
#1158 = CARTESIAN_POINT ( 'NONE',  ( 27.83885172224547588, -13.25491528571417987, -3.500000000004495071 ) ) ;
#1159 = B_SPLINE_CURVE_WITH_KNOTS ( 'NONE', 3,
 ( #8213, #2600, #1868, #6844, #1164, #8252, #5444, #5357, #6056, #3215, #3961, #4008, #426, #8901, #1914, #4093, #3166, #8854, #1823, #9028, #7603, #6885, #4741, #3348, #3263, #6102, #2516, #5488, #2469, #5313, #8170, #4650, #1779, #6797, #4137, #8527, #8437, #6235, #2104, #4966, #5722, #9166, #1301, #7876, #2055, #7830, #5677, #4879, #5631, #692, #9075, #8486, #6982, #2144, #7744, #1347, #1437, #4276, #7129 ),
 .UNSPECIFIED., .F., .F.,
 ( 4, 2, 2, 1, 1, 1, 1, 1, 2, 2, 2, 2, 2, 1, 1, 2, 2, 2, 2, 2, 1, 1, 1, 1, 2, 2, 2, 2, 2, 1, 1, 1, 1, 2, 2, 2, 4 ),
 ( 0.000000000000000000, 0.06249999999997873923, 0.09374999999996810884, 0.1093749999999626271, 0.1171874999999598932, 0.1210937499999585193, 0.1230468749999578393, 0.1240234374999576589, 0.1245117187499574091, 0.1249999999999571593, 0.1874999999999435452, 0.2187499999999365508, 0.2343749999999330536, 0.2421874999999314437, 0.2460937499999307498, 0.2480468749999305278, 0.2499999999999302780, 0.3749999999999007461, 0.4374999999998858136, 0.4687499999998782640, 0.4843749999998746003, 0.4921874999998727684, 0.4960937499998719913, 0.4980468749998714917, 0.4990234374998714917, 0.4999999999998715472, 0.6249999999999027445, 0.6874999999999182876, 0.7187499999999261702, 0.7343749999999300559, 0.7421874999999319433, 0.7460937499999328315, 0.7480468749999333866, 0.7490234374999336087, 0.7499999999999338307, 0.8749999999999669154, 1.000000000000000000 ),
 .UNSPECIFIED. ) ;
#1160 = VECTOR ( 'NONE', #7484, 1000.000000000000114 ) ;
#1161 = CARTESIAN_POINT ( 'NONE',  ( -23.42584923675168085, -26.67375006843324314, -16.24555671983299376 ) ) ;
#1162 = CARTESIAN_POINT ( 'NONE',  ( -3.406811256444067570, 5.714791287051421698, -19.93866155269565255 ) ) ;
#1163 = VERTEX_POINT ( 'NONE', #3020 ) ;
#1164 = CARTESIAN_POINT ( 'NONE',  ( -3.651477896541778456, -1.817087842545754173, -28.08952426414468562 ) ) ;
#1165 = LINE ( 'NONE', #7697, #7514 ) ;
#1166 = ORIENTED_EDGE ( 'NONE', *, *, #1518, .F. ) ;
#1167 = CARTESIAN_POINT ( 'NONE',  ( 2.515239145958445111, 4.482693279876004411, -23.34756973031251803 ) ) ;
#1168 = AXIS2_PLACEMENT_3D ( 'NONE', #735, #4177, #6280 ) ;
#1169 = DIRECTION ( 'NONE',  ( 0.2419218955996749465, -0.9702957262759946966, 0.000000000000000000 ) ) ;
#1170 = CONICAL_SURFACE ( 'NONE', #5909, 27.83333333333332860, 0.5880026035475688362 ) ;
#1171 = CARTESIAN_POINT ( 'NONE',  ( 35.47629800725196247, 1.336205084548807820, -19.68347431265409142 ) ) ;
#1172 = CARTESIAN_POINT ( 'NONE',  ( 4.148653262751434312, -28.49645940093279251, -0.4452998037747735172 ) ) ;
#1173 = DIRECTION ( 'NONE',  ( -0.000000000000000000, -0.000000000000000000, 1.000000000000000000 ) ) ;
#1174 = AXIS2_PLACEMENT_3D ( 'NONE', #132, #5568, #7395 ) ;
#1175 = CARTESIAN_POINT ( 'NONE',  ( 4.155264578783016027, -28.40191317684751127, -0.3063886183192809920 ) ) ;
#1176 = DIRECTION ( 'NONE',  ( -0.5877852522924806866, 0.8090169943749420112, 0.000000000000000000 ) ) ;
#1177 = CARTESIAN_POINT ( 'NONE',  ( -35.43764399865354875, 2.117411690881921160, -15.96378118986502237 ) ) ;
#1178 = CARTESIAN_POINT ( 'NONE',  ( -16.82728579421319992, -14.38403658500395110, -10.50000000000001243 ) ) ;
#1179 = FACE_BOUND ( 'NONE', #5386, .T. ) ;
#1180 = DIRECTION ( 'NONE',  ( -0.5299192642331969072, -0.8480480961564309528, 0.000000000000000000 ) ) ;
#1181 = EDGE_CURVE ( 'NONE', #8057, #5793, #1059, .T. ) ;
#1182 = CARTESIAN_POINT ( 'NONE',  ( -26.02830389319322535, -24.14291385035799209, -19.68467263744189566 ) ) ;
#1183 = DIRECTION ( 'NONE',  ( -0.8090169943749422332, -0.5877852522924802425, 0.000000000000000000 ) ) ;
#1184 = CARTESIAN_POINT ( 'NONE',  ( -9.636992702065626304, -3.762126075896984556, -2.000000000000003553 ) ) ;
#1185 = EDGE_LOOP ( 'NONE', ( #3391, #4534, #4803, #2006 ) ) ;
#1186 = CARTESIAN_POINT ( 'NONE',  ( -1.809400085646768908, 3.511206534805590529, -10.50000000000000355 ) ) ;
#1187 = CARTESIAN_POINT ( 'NONE',  ( -35.46372347118295920, -1.623465783302447729, -15.49726176817137890 ) ) ;
#1188 = CARTESIAN_POINT ( 'NONE',  ( 29.76743496498354702, -10.30290326099762410, -4.500000000000002665 ) ) ;
#1189 = VERTEX_POINT ( 'NONE', #6737 ) ;
#1190 = ADVANCED_FACE ( 'NONE', ( #373 ), #6048, .F. ) ;
#1191 = EDGE_CURVE ( 'NONE', #915, #3168, #3934, .T. ) ;
#1192 = CARTESIAN_POINT ( 'NONE',  ( 33.47770288097093783, -1.258879678217595055, -15.31533489731661035 ) ) ;
#1193 = EDGE_CURVE ( 'NONE', #7668, #4211, #8260, .T. ) ;
#1194 = EDGE_CURVE ( 'NONE', #2575, #5019, #237, .T. ) ;
#1195 = CARTESIAN_POINT ( 'NONE',  ( -25.34605869684033053, -21.90531871837671218, -16.84589223791972401 ) ) ;
#1196 = CARTESIAN_POINT ( 'NONE',  ( -3.708346146534010845, -1.418439619925010442, -30.50000000000000711 ) ) ;
#1197 = ORIENTED_EDGE ( 'NONE', *, *, #6097, .F. ) ;
#1198 = CARTESIAN_POINT ( 'NONE',  ( 8.253743434817318203, -3.312681144167987757, -16.73236627255746001 ) ) ;
#1199 = DIRECTION ( 'NONE',  ( 0.000000000000000000, 0.000000000000000000, 1.000000000000000000 ) ) ;
#1200 = CARTESIAN_POINT ( 'NONE',  ( -20.93832143038924087, -6.593767735426620646, -10.50000000000000355 ) ) ;
#1201 = ORIENTED_EDGE ( 'NONE', *, *, #2102, .T. ) ;
#1202 = CARTESIAN_POINT ( 'NONE',  ( -29.76743496498324149, -10.30290326099850695, -4.500000000000002665 ) ) ;
#1203 = CARTESIAN_POINT ( 'NONE',  ( -0.3108961472276153826, -3.971547331726644536, -10.50000000000000533 ) ) ;
#1204 = CARTESIAN_POINT ( 'NONE',  ( 22.57833364238359408, -24.74919087265478623, -19.50000510122382025 ) ) ;
#1205 = CARTESIAN_POINT ( 'NONE',  ( -8.945771915280273490, 13.33378426009845796, -11.59940128067846032 ) ) ;
#1206 = ORIENTED_EDGE ( 'NONE', *, *, #8085, .F. ) ;
#1207 = CARTESIAN_POINT ( 'NONE',  ( 28.49242553960105440, -4.904195185490270781, -3.617102734979082079 ) ) ;
#1208 = DIRECTION ( 'NONE',  ( 0.000000000000000000, 0.000000000000000000, 1.000000000000000000 ) ) ;
#1209 = ORIENTED_EDGE ( 'NONE', *, *, #5070, .F. ) ;
#1210 = DIRECTION ( 'NONE',  ( 0.000000000000000000, 0.000000000000000000, -1.000000000000000000 ) ) ;
#1211 = CARTESIAN_POINT ( 'NONE',  ( -6.000000000000000888, 0.000000000000000000, -1.599999999999999423 ) ) ;
#1212 = CARTESIAN_POINT ( 'NONE',  ( 35.46350419275210442, 1.627996760250133734, -19.49867079312600637 ) ) ;
#1213 = CARTESIAN_POINT ( 'NONE',  ( 0.3461872145753904229, 35.50000000000000711, -15.00037781293156591 ) ) ;
#1214 = LINE ( 'NONE', #8352, #2749 ) ;
#1215 = CARTESIAN_POINT ( 'NONE',  ( -3.357058439208463252, -2.221829843051704501, -30.50000000000000711 ) ) ;
#1216 = DIRECTION ( 'NONE',  ( -0.8090169943749422332, -0.5877852522924802425, 0.000000000000000000 ) ) ;
#1217 = ORIENTED_EDGE ( 'NONE', *, *, #3998, .T. ) ;
#1218 = CARTESIAN_POINT ( 'NONE',  ( -9.568247549334865099, 19.96263245450748158, -10.50000000000000533 ) ) ;
#1219 = CARTESIAN_POINT ( 'NONE',  ( 26.05195309802002512, -13.84000504980272872, -4.500000000000002665 ) ) ;
#1220 = CARTESIAN_POINT ( 'NONE',  ( -30.31314787250693144, -5.639814757948445667, -3.499999999999999112 ) ) ;
#1221 = CARTESIAN_POINT ( 'NONE',  ( -17.25530280799171479, 13.83945730771352345, -10.50000000000000533 ) ) ;
#1222 = CARTESIAN_POINT ( 'NONE',  ( 23.55958276962161335, 26.55666701229757010, -19.03432852971192091 ) ) ;
#1223 = CARTESIAN_POINT ( 'NONE',  ( -14.32950796606113109, 1.203260922029041113, -2.000000000000003553 ) ) ;
#1224 = EDGE_LOOP ( 'NONE', ( #2677, #6338, #7147, #4092 ) ) ;
#1225 = CARTESIAN_POINT ( 'NONE',  ( 2.577646730046970980, 35.40654375041511059, -18.15506602342782472 ) ) ;
#1226 = CARTESIAN_POINT ( 'NONE',  ( -35.50000000000000711, -1.060082699627688355E-13, -14.99999999999999645 ) ) ;
#1227 = DIRECTION ( 'NONE',  ( -0.000000000000000000, -0.000000000000000000, 1.000000000000000000 ) ) ;
#1228 = ORIENTED_EDGE ( 'NONE', *, *, #7594, .F. ) ;
#1229 = DIRECTION ( 'NONE',  ( 1.000000000000000000, 0.000000000000000000, 0.000000000000000000 ) ) ;
#1230 = EDGE_CURVE ( 'NONE', #1822, #6313, #7380, .T. ) ;
#1231 = ADVANCED_FACE ( 'NONE', ( #281 ), #1813, .F. ) ;
#1232 = CARTESIAN_POINT ( 'NONE',  ( -26.02830389319322535, -24.14291385035799209, -19.68467263744189566 ) ) ;
#1233 = CARTESIAN_POINT ( 'NONE',  ( -23.56152604804841033, 26.55493701963241548, -19.03685471090980030 ) ) ;
#1234 = CIRCLE ( 'NONE', #3176, 31.50000000000000000 ) ;
#1235 = EDGE_CURVE ( 'NONE', #8201, #5640, #5250, .T. ) ;
#1236 = VERTEX_POINT ( 'NONE', #4686 ) ;
#1237 = CARTESIAN_POINT ( 'NONE',  ( 4.291062651255751703, -28.89914169123849774, -4.073818833115714355 ) ) ;
#1238 = DIRECTION ( 'NONE',  ( -0.000000000000000000, -0.000000000000000000, 1.000000000000000000 ) ) ;
#1239 = DIRECTION ( 'NONE',  ( 0.000000000000000000, 0.000000000000000000, -1.000000000000000000 ) ) ;
#1240 = ORIENTED_EDGE ( 'NONE', *, *, #4035, .F. ) ;
#1241 = CARTESIAN_POINT ( 'NONE',  ( -2.498671158101283929, 1.442744808219094121, -4.099999999999999645 ) ) ;
#1242 = CARTESIAN_POINT ( 'NONE',  ( 0.2160423916238677355, -3.977834876854685398, -30.50000000000000711 ) ) ;
#1243 = VECTOR ( 'NONE', #5534, 1000.000000000000000 ) ;
#1244 = CARTESIAN_POINT ( 'NONE',  ( 26.22460301697473639, -23.92867568822357072, -15.49726176817998535 ) ) ;
#1245 = CARTESIAN_POINT ( 'NONE',  ( 20.47409582145236229, 21.20447182506434558, -1.463028680158845463 ) ) ;
#1246 = EDGE_LOOP ( 'NONE', ( #8697, #2927, #1326 ) ) ;
#1247 = CARTESIAN_POINT ( 'NONE',  ( 4.003495269361334152, -30.57231541889893833, -3.500000000000000444 ) ) ;
#1248 = CARTESIAN_POINT ( 'NONE',  ( 3.073596826383634628, 3.210277147377264217, -25.83606021515957707 ) ) ;
#1249 = CARTESIAN_POINT ( 'NONE',  ( 3.283692341844998808, 15.00000000000000000, 0.000000000000000000 ) ) ;
#1250 = ORIENTED_EDGE ( 'NONE', *, *, #8439, .F. ) ;
#1251 = CARTESIAN_POINT ( 'NONE',  ( -3.898491231073317298, -0.6358192520240811829, -2.000000000000003553 ) ) ;
#1252 = AXIS2_PLACEMENT_3D ( 'NONE', #5389, #9019, #2635 ) ;
#1253 = ORIENTED_EDGE ( 'NONE', *, *, #1882, .F. ) ;
#1254 = FACE_OUTER_BOUND ( 'NONE', #8485, .T. ) ;
#1255 = EDGE_CURVE ( 'NONE', #3324, #1457, #588, .T. ) ;
#1256 = EDGE_CURVE ( 'NONE', #7063, #3766, #1477, .T. ) ;
#1257 = CARTESIAN_POINT ( 'NONE',  ( -30.62427699290608629, -5.652379953255063150, -3.962296814609494344 ) ) ;
#1258 = LINE ( 'NONE', #8766, #3250 ) ;
#1259 = ORIENTED_EDGE ( 'NONE', *, *, #1256, .T. ) ;
#1260 = VECTOR ( 'NONE', #341, 1000.000000000000000 ) ;
#1261 = CARTESIAN_POINT ( 'NONE',  ( 0.000000000000000000, 29.50000000000000355, -9.500000000000005329 ) ) ;
#1262 = CARTESIAN_POINT ( 'NONE',  ( 0.000000000000000000, 0.000000000000000000, -2.168404344971008868E-16 ) ) ;
#1263 = CARTESIAN_POINT ( 'NONE',  ( -35.49470627985115811, 0.6918951143924038094, -19.93550015080729665 ) ) ;
#1264 = ORIENTED_EDGE ( 'NONE', *, *, #1581, .T. ) ;
#1265 = DIRECTION ( 'NONE',  ( 0.3090169943749588310, -0.9510565162951497564, 0.000000000000000000 ) ) ;
#1266 = CIRCLE ( 'NONE', #8148, 10.34529946162073166 ) ;
#1267 = CARTESIAN_POINT ( 'NONE',  ( -33.44113806923176924, -1.998722883197627143, -15.96412339890950349 ) ) ;
#1268 = VECTOR ( 'NONE', #3778, 1000.000000000000000 ) ;
#1269 = FACE_OUTER_BOUND ( 'NONE', #1185, .T. ) ;
#1270 = AXIS2_PLACEMENT_3D ( 'NONE', #7777, #4822, #2333 ) ;
#1271 = CARTESIAN_POINT ( 'NONE',  ( -2.884518476514397634, -21.93070009657670738, -10.50000000000000533 ) ) ;
#1272 = CARTESIAN_POINT ( 'NONE',  ( -5.492325517527397949, -2.415442073310273052, -1.599999999999999423 ) ) ;
#1273 = ORIENTED_EDGE ( 'NONE', *, *, #8948, .T. ) ;
#1274 = CARTESIAN_POINT ( 'NONE',  ( -21.86105092844347197, 22.54634024041159890, -4.356401921130936827 ) ) ;
#1275 = ORIENTED_EDGE ( 'NONE', *, *, #4369, .T. ) ;
#1276 = CARTESIAN_POINT ( 'NONE',  ( 2.646887390694704578, 35.40118623936239572, -17.82748966714402883 ) ) ;
#1277 = CARTESIAN_POINT ( 'NONE',  ( -28.55285746764129939, -8.646508440424895525, -2.000000000000003553 ) ) ;
#1278 = DIRECTION ( 'NONE',  ( 1.000000000000000000, 1.776356839400250465E-15, 0.000000000000000000 ) ) ;
#1279 = ORIENTED_EDGE ( 'NONE', *, *, #2389, .F. ) ;
#1280 = VECTOR ( 'NONE', #3821, 1000.000000000000000 ) ;
#1281 = CARTESIAN_POINT ( 'NONE',  ( -2.780220478896693770, 2.805864232054616103, -10.44999999999990514 ) ) ;
#1282 = CARTESIAN_POINT ( 'NONE',  ( -23.91907743607775672, -23.45707690342093699, -15.00037781293159611 ) ) ;
#1283 = CARTESIAN_POINT ( 'NONE',  ( -22.78214836877581106, 24.56247308260449103, -15.31533489714581542 ) ) ;
#1284 = AXIS2_PLACEMENT_3D ( 'NONE', #1493, #4976, #2885 ) ;
#1285 = VERTEX_POINT ( 'NONE', #6274 ) ;
#1286 = CARTESIAN_POINT ( 'NONE',  ( 3.527432842589112383, -1.777009742238884193, -29.35806819586789729 ) ) ;
#1287 = CARTESIAN_POINT ( 'NONE',  ( 6.105647386760283624, 7.382921705886568375, -4.820036564298091797 ) ) ;
#1288 = LINE ( 'NONE', #4127, #7364 ) ;
#1290 = ADVANCED_FACE ( 'NONE', ( #500 ), #8290, .F. ) ;
#1289 = ORIENTED_EDGE ( 'NONE', *, *, #5558, .F. ) ;
#1291 = CARTESIAN_POINT ( 'NONE',  ( -27.74896277713765969, -4.603816731523633798, 3.371191130072114363E-16 ) ) ;
#1292 = CARTESIAN_POINT ( 'NONE',  ( 23.11553767793770575, 24.24758564571929398, -15.12618847594110072 ) ) ;
#1293 = CARTESIAN_POINT ( 'NONE',  ( 3.971547331726443808, -0.3108961472249892055, -30.50000000000000711 ) ) ;
#1294 = EDGE_CURVE ( 'NONE', #1538, #767, #665, .T. ) ;
#1295 = EDGE_CURVE ( 'NONE', #2227, #3515, #4000, .T. ) ;
#1296 = CARTESIAN_POINT ( 'NONE',  ( 24.14765994685618011, -23.22137779524709700, -19.93459846099838728 ) ) ;
#1297 = CIRCLE ( 'NONE', #6064, 11.50000000000000000 ) ;
#1298 = B_SPLINE_CURVE_WITH_KNOTS ( 'NONE', 3,
 ( #2857, #6492, #5837, #5137, #4991, #2998, #5795, #2903, #8551, #7295, #1416, #3557, #5748, #4252, #8598, #4342, #3700, #4441, #5701, #763, #6542, #2950, #2166 ),
 .UNSPECIFIED., .F., .F.,
 ( 4, 2, 1, 2, 2, 2, 2, 2, 2, 2, 2, 4 ),
 ( 0.4999160766602988581, 0.5077298879624816408, 0.5155436992646644789, 0.5311713218690300442, 0.5624265670777611748, 0.6249370574952238799, 0.6874475479126865851, 0.7499580383301492903, 0.8124685287476119955, 0.8749790191650745896, 0.9374895095825372948, 1.000000000000000000 ),
 .UNSPECIFIED. ) ;
#1299 = CARTESIAN_POINT ( 'NONE',  ( -20.66113777727893108, 20.84281551709185720, -4.271858384064485037 ) ) ;
#1300 = ORIENTED_EDGE ( 'NONE', *, *, #8872, .F. ) ;
#1301 = CARTESIAN_POINT ( 'NONE',  ( -11.17382801031061668, -4.261955128429088191, -13.85022781173358375 ) ) ;
#1302 = CARTESIAN_POINT ( 'NONE',  ( -33.40675321179269019, 2.497766974317394251, -17.82748966708707172 ) ) ;
#1303 = CARTESIAN_POINT ( 'NONE',  ( -14.47360495703820860, 0.7597759851423976363, 0.000000000000000000 ) ) ;
#1304 = VERTEX_POINT ( 'NONE', #3337 ) ;
#1305 = CARTESIAN_POINT ( 'NONE',  ( -25.10128603360072219, -25.10329539043353364, -19.99992814200971125 ) ) ;
#1306 = CARTESIAN_POINT ( 'NONE',  ( 20.68188545522535904, -7.350829274178157569, -10.50000000000000355 ) ) ;
#1307 = CIRCLE ( 'NONE', #1758, 1.000000000000000000 ) ;
#1308 = CARTESIAN_POINT ( 'NONE',  ( -26.22460301702784236, 23.92867568816454593, -15.49726176820534462 ) ) ;
#1309 = EDGE_CURVE ( 'NONE', #1867, #4676, #6094, .T. ) ;
#1310 = CARTESIAN_POINT ( 'NONE',  ( -2.119258591911609813, 35.43754006842711846, -19.03432852957876165 ) ) ;
#1311 = CARTESIAN_POINT ( 'NONE',  ( 2.030270917882635917, 1.840000000000000080, -44.49999999999998579 ) ) ;
#1312 = ADVANCED_FACE ( 'NONE', ( #6789 ), #4773, .F. ) ;
#1313 = ORIENTED_EDGE ( 'NONE', *, *, #5180, .F. ) ;
#1314 = B_SPLINE_CURVE_WITH_KNOTS ( 'NONE', 3,
 ( #8905, #430, #1735, #1873, #8947, #2563, #5403, #8257 ),
 .UNSPECIFIED., .F., .F.,
 ( 4, 2, 2, 4 ),
 ( 2.385971272002173465E-07, 0.0002491498565360462957, 0.0004980611159448921970, 0.0009958836347625872523 ),
 .UNSPECIFIED. ) ;
#1315 = CARTESIAN_POINT ( 'NONE',  ( 8.228993532094724728, -11.32623792124919149, -2.000000000000003553 ) ) ;
#1316 = VERTEX_POINT ( 'NONE', #6133 ) ;
#1317 = CONICAL_SURFACE ( 'NONE', #1168, 3.950000000000000178, 0.7853981633974533860 ) ;
#1318 = DIRECTION ( 'NONE',  ( -0.000000000000000000, -0.000000000000000000, 1.000000000000000000 ) ) ;
#1319 = CARTESIAN_POINT ( 'NONE',  ( -33.50000000000000000, 4.102566777143633774E-15, 0.000000000000000000 ) ) ;
#1320 = CARTESIAN_POINT ( 'NONE',  ( 24.60930377941605229, -25.58779123399699529, -19.93550015078836068 ) ) ;
#1321 = CIRCLE ( 'NONE', #3701, 35.50000000000000000 ) ;
#1322 = CARTESIAN_POINT ( 'NONE',  ( 1.809400085646714507, 3.511206534805612289, -10.50000000000000533 ) ) ;
#1323 = CARTESIAN_POINT ( 'NONE',  ( 25.38818909153165748, 21.85611709943569281, -17.17385420701961962 ) ) ;
#1324 = ORIENTED_EDGE ( 'NONE', *, *, #3508, .F. ) ;
#1325 = CARTESIAN_POINT ( 'NONE',  ( -23.41364712931317271, 26.68461600096616237, -18.75985287868912721 ) ) ;
#1326 = ORIENTED_EDGE ( 'NONE', *, *, #3309, .T. ) ;
#1327 = DIRECTION ( 'NONE',  ( -0.000000000000000000, -0.000000000000000000, -1.000000000000000000 ) ) ;
#1328 = CARTESIAN_POINT ( 'NONE',  ( -2.843898464293794781, -2.849317293307854548, -30.50000000000000711 ) ) ;
#1329 = ORIENTED_EDGE ( 'NONE', *, *, #4301, .T. ) ;
#1330 = UNCERTAINTY_MEASURE_WITH_UNIT (LENGTH_MEASURE( 1.000000000000000082E-05 ), #2288, 'distance_accuracy_value', 'NONE');
#1331 = DIRECTION ( 'NONE',  ( 0.000000000000000000, 0.000000000000000000, 1.000000000000000000 ) ) ;
#1332 = CARTESIAN_POINT ( 'NONE',  ( -24.14622553064173260, -23.22286412990482063, -19.93550015081902060 ) ) ;
#1333 = CARTESIAN_POINT ( 'NONE',  ( -24.74716059353331232, 22.58058128319752811, -15.49726176820533929 ) ) ;
#1334 = ORIENTED_EDGE ( 'NONE', *, *, #5393, .T. ) ;
#1335 = CARTESIAN_POINT ( 'NONE',  ( 3.897416304446562840, -0.6354699871910154396, -29.92901415198382509 ) ) ;
#1336 = CARTESIAN_POINT ( 'NONE',  ( 16.52405171766138636, 23.76418700714252807, -3.666663488590729880 ) ) ;
#1337 = FACE_OUTER_BOUND ( 'NONE', #6246, .T. ) ;
#1338 = VERTEX_POINT ( 'NONE', #6878 ) ;
#1339 = CARTESIAN_POINT ( 'NONE',  ( -22.09419455814707334, -25.18158761282283820, -18.75847698608141911 ) ) ;
#1340 = FACE_OUTER_BOUND ( 'NONE', #3016, .T. ) ;
#1341 = CARTESIAN_POINT ( 'NONE',  ( 1.322654360282095931, 3.757716070398191999, -30.50000000000000711 ) ) ;
#1342 = ORIENTED_EDGE ( 'NONE', *, *, #4833, .T. ) ;
#1343 = CARTESIAN_POINT ( 'NONE',  ( 22.23358406260604170, -25.05935372636932357, -15.96378118974993754 ) ) ;
#1344 = CARTESIAN_POINT ( 'NONE',  ( -31.50000000000000000, 3.857637417314162689E-15, 0.000000000000000000 ) ) ;
#1345 = CARTESIAN_POINT ( 'NONE',  ( 11.47334169323866249, -10.20514898402188386, -4.500000000000000000 ) ) ;
#1346 = ORIENTED_EDGE ( 'NONE', *, *, #5965, .T. ) ;
#1347 = CARTESIAN_POINT ( 'NONE',  ( -15.85664023595200334, -5.783308153045483735, -11.26024141971265813 ) ) ;
#1348 = CARTESIAN_POINT ( 'NONE',  ( -33.41180889124409248, 2.432427195854065083, -18.15506602361177002 ) ) ;
#1349 = CARTESIAN_POINT ( 'NONE',  ( 0.000000000000000000, 0.000000000000000000, -10.50000000000000355 ) ) ;
#1350 = ADVANCED_FACE ( 'NONE', ( #3383 ), #548, .F. ) ;
#1351 = ORIENTED_EDGE ( 'NONE', *, *, #955, .T. ) ;
#1352 = CARTESIAN_POINT ( 'NONE',  ( 0.000000000000000000, 0.000000000000000000, -10.50000000000000355 ) ) ;
#1353 = CARTESIAN_POINT ( 'NONE',  ( 0.6000000000001621814, -10.97370020371842791, -3.410121489636321002 ) ) ;
#1354 = CARTESIAN_POINT ( 'NONE',  ( -3.240000000000000657, 0.000000000000000000, -45.00000000000000000 ) ) ;
#1355 = CARTESIAN_POINT ( 'NONE',  ( 0.6545827030433706284, 33.49496812530967560, -15.06543078870605612 ) ) ;
#1356 = DIRECTION ( 'NONE',  ( 1.000000000000000000, 0.000000000000000000, 0.000000000000000000 ) ) ;
#1357 = CARTESIAN_POINT ( 'NONE',  ( -35.42482158507213086, 2.312924270433115659, -18.75985287827878878 ) ) ;
#1358 = ORIENTED_EDGE ( 'NONE', *, *, #7070, .T. ) ;
#1359 = CARTESIAN_POINT ( 'NONE',  ( 0.000000000000000000, 0.000000000000000000, -4.500000000000002665 ) ) ;
#1360 = B_SPLINE_CURVE_WITH_KNOTS ( 'NONE', 3,
 ( #4788, #7652, #4973, #1257, #2840, #5494, #2014, #5638, #4099, #7790 ),
 .UNSPECIFIED., .F., .F.,
 ( 4, 2, 2, 2, 4 ),
 ( 4.336808689942017736E-19, 0.0004180340405659028666, 0.0008360680811318052996, 0.001254102121697707678, 0.001672136162263610165 ),
 .UNSPECIFIED. ) ;
#1361 = ADVANCED_FACE ( 'NONE', ( #6924 ), #4042, .F. ) ;
#1362 = CARTESIAN_POINT ( 'NONE',  ( 12.39999999999998970, 0.000000000000000000, -2.000000000000003553 ) ) ;
#1363 = CARTESIAN_POINT ( 'NONE',  ( 0.5999992214281018033, -5.146800209802226078, -23.22712393865790759 ) ) ;
#1364 = CARTESIAN_POINT ( 'NONE',  ( -23.41479346994684718, -26.68361434967113155, -16.23749250300987157 ) ) ;
#1365 = CARTESIAN_POINT ( 'NONE',  ( 19.65456138640164951, 19.89294257091452067, 0.000000000000000000 ) ) ;
#1366 = VERTEX_POINT ( 'NONE', #8935 ) ;
#1367 = CARTESIAN_POINT ( 'NONE',  ( -26.55587143679966289, 23.56049693495937802, -15.96412339887555731 ) ) ;
#1368 = ORIENTED_EDGE ( 'NONE', *, *, #2598, .F. ) ;
#1369 = CARTESIAN_POINT ( 'NONE',  ( 0.000000000000000000, 0.000000000000000000, -4.500000000000002665 ) ) ;
#1370 = EDGE_CURVE ( 'NONE', #159, #1957, #5264, .T. ) ;
#1371 = CARTESIAN_POINT ( 'NONE',  ( 0.7770837895921043348, -3.950001050246476186, -10.49999999999251443 ) ) ;
#1372 = ORIENTED_EDGE ( 'NONE', *, *, #4423, .F. ) ;
#1373 = ADVANCED_FACE ( 'NONE', ( #5569 ), #3633, .F. ) ;
#1374 = CARTESIAN_POINT ( 'NONE',  ( 3.023623453860338817, 5.182441626228479592, -1.599999999999999423 ) ) ;
#1375 = CARTESIAN_POINT ( 'NONE',  ( -20.12590617746494459, 20.64725191513601033, -3.500000000002557954 ) ) ;
#1376 = CARTESIAN_POINT ( 'NONE',  ( -21.85611709943455594, 25.38818909153263093, -17.17385420698250442 ) ) ;
#1377 = ORIENTED_EDGE ( 'NONE', *, *, #1295, .F. ) ;
#1378 = CARTESIAN_POINT ( 'NONE',  ( 18.01745678418341967, 23.77812080059862510, -2.000000000000003553 ) ) ;
#1379 = CARTESIAN_POINT ( 'NONE',  ( -3.283692341844998808, 14.00000000000000000, -2.000000000000003553 ) ) ;
#1380 = CARTESIAN_POINT ( 'NONE',  ( -13.06564926954087369, 26.44364946060631638, -4.492960760209228077 ) ) ;
#1381 = VERTEX_POINT ( 'NONE', #5480 ) ;
#1382 = CARTESIAN_POINT ( 'NONE',  ( -26.11445662587237493, -12.93306702777693751, -3.962284092018673043 ) ) ;
#1383 = CARTESIAN_POINT ( 'NONE',  ( 23.21341061813477680, 26.85899096161540456, -16.84523636480906461 ) ) ;
#1384 = CARTESIAN_POINT ( 'NONE',  ( 2.588471276120438702, -3.028144824014086911, -30.50000000000000711 ) ) ;
#1385 = CARTESIAN_POINT ( 'NONE',  ( 25.58931128696699275, -24.60772870839617710, -19.93459846099838728 ) ) ;
#1386 = CARTESIAN_POINT ( 'NONE',  ( -0.3461872145389482958, -35.50000000000001421, -15.00037781293152861 ) ) ;
#1387 = CARTESIAN_POINT ( 'NONE',  ( -2.313465172584241891, -35.42478633092979123, -16.24166244720776220 ) ) ;
#1388 = EDGE_LOOP ( 'NONE', ( #7068, #40, #3103, #1069, #2819, #1346, #1028, #5630, #2685 ) ) ;
#1389 = DIRECTION ( 'NONE',  ( 1.000000000000000000, 0.000000000000000000, 0.000000000000000000 ) ) ;
#1390 = CARTESIAN_POINT ( 'NONE',  ( 20.46003304666510303, 20.85779764919969281, -4.076053988288476759 ) ) ;
#1391 = CARTESIAN_POINT ( 'NONE',  ( 3.357037644546554400, -2.221861262257801783, -10.49999999999251443 ) ) ;
#1392 = ORIENTED_EDGE ( 'NONE', *, *, #5673, .T. ) ;
#1393 = CARTESIAN_POINT ( 'NONE',  ( -26.85887866667193435, -23.21353570191320159, -18.15506602328148844 ) ) ;
#1394 = CARTESIAN_POINT ( 'NONE',  ( -11.96469724926772749, -3.256688461207948304, -2.000000000000003553 ) ) ;
#1395 = AXIS2_PLACEMENT_3D ( 'NONE', #5150, #8563, #1563 ) ;
#1396 = CARTESIAN_POINT ( 'NONE',  ( -21.05112834584223691, -6.209048892948281662, -10.50000000000000355 ) ) ;
#1397 = CARTESIAN_POINT ( 'NONE',  ( -2.118049622503584306, 35.43762392411071716, -15.96412339891959853 ) ) ;
#1398 = CARTESIAN_POINT ( 'NONE',  ( 18.99728656626160017, 25.12674079779025860, -2.000000000000003553 ) ) ;
#1399 = AXIS2_PLACEMENT_3D ( 'NONE', #6176, #4081, #8426 ) ;
#1400 = CARTESIAN_POINT ( 'NONE',  ( -33.41180035762004508, -2.432585591805299874, -16.84523636506550659 ) ) ;
#1401 = ORIENTED_EDGE ( 'NONE', *, *, #7045, .F. ) ;
#1402 = CARTESIAN_POINT ( 'NONE',  ( 25.34605869684048685, 21.90531871837653100, -16.84589223791968493 ) ) ;
#1403 = CARTESIAN_POINT ( 'NONE',  ( 3.527653735345242403, -1.777121021063213790, -30.50000000000000711 ) ) ;
#1404 = EDGE_CURVE ( 'NONE', #6126, #2097, #3187, .T. ) ;
#1405 = EDGE_CURVE ( 'NONE', #2461, #4651, #1288, .T. ) ;
#1406 = CARTESIAN_POINT ( 'NONE',  ( 23.41364712924884728, -26.68461600102218512, -18.75985287850459926 ) ) ;
#1407 = VECTOR ( 'NONE', #4763, 1000.000000000000000 ) ;
#1408 = EDGE_CURVE ( 'NONE', #3730, #8392, #6972, .T. ) ;
#1409 = CARTESIAN_POINT ( 'NONE',  ( -24.14135429462877624, -26.02980089915639184, -15.31632817220718401 ) ) ;
#1410 = CARTESIAN_POINT ( 'NONE',  ( -5.678695829755628921, 6.795268779537407156, -16.77690021783095631 ) ) ;
#1411 = CARTESIAN_POINT ( 'NONE',  ( -23.21309894036531318, 26.85925623098355786, -16.84589223794203150 ) ) ;
#1412 = B_SPLINE_CURVE_WITH_KNOTS ( 'NONE', 3,
 ( #4299, #4945, #7193, #213, #7246, #2209, #8510, #7947, #124, #1461, #36, #6442, #2300, #5658, #7105, #8688, #7996, #78, #715, #5041, #7900, #1507, #803, #3652, #8643, #2255, #5087, #5186, #8825, #8134, #1130, #1793, #4624, #1839, #6627, #352, #6718, #7340, #3976, #3788, #4664, #8081, #2482, #8913, #3837, #6811, #3044, #5326, #396, #1648, #989, #7482, #1040, #8184, #4484, #5228, #1082, #943, #3230, #8870 ),
 .UNSPECIFIED., .F., .F.,
 ( 4, 2, 2, 2, 1, 1, 1, 1, 2, 2, 2, 2, 2, 1, 1, 1, 1, 2, 2, 2, 2, 2, 2, 1, 1, 2, 2, 2, 2, 2, 1, 1, 1, 1, 2, 2, 4 ),
 ( 0.000000000000000000, 0.1250000000000273948, 0.1875000000000410783, 0.2187500000000479339, 0.2343750000000512923, 0.2421875000000529854, 0.2460937500000539291, 0.2480468750000543177, 0.2490234375000544842, 0.2500000000000546785, 0.3750000000000699996, 0.4375000000000777156, 0.4687500000000817124, 0.4843750000000837108, 0.4921875000000845990, 0.4960937500000851541, 0.4980468750000852096, 0.4990234375000853206, 0.5000000000000853762, 0.6250000000000698330, 0.6875000000000620615, 0.7187500000000582867, 0.7343750000000562883, 0.7421875000000552891, 0.7460937500000549560, 0.7480468750000549560, 0.7500000000000548450, 0.8125000000000502931, 0.8437500000000478506, 0.8593750000000467404, 0.8671875000000462963, 0.8710937500000458522, 0.8730468750000455191, 0.8740234375000454081, 0.8745117187500454081, 0.8750000000000454081, 1.000000000000000000 ),
 .UNSPECIFIED. ) ;
#1413 = AXIS2_PLACEMENT_3D ( 'NONE', #7213, #5244, #875 ) ;
#1414 = EDGE_LOOP ( 'NONE', ( #4510, #9026, #7658, #2010 ) ) ;
#1415 = CARTESIAN_POINT ( 'NONE',  ( -4.025651579130670399, 0.02229072896884818147, -30.50000000000000711 ) ) ;
#1416 = CARTESIAN_POINT ( 'NONE',  ( 35.43757443145551633, 2.118705947364424080, -19.03503245418898615 ) ) ;
#1417 = EDGE_CURVE ( 'NONE', #1992, #958, #4595, .T. ) ;
#1418 = DIRECTION ( 'NONE',  ( 1.000000000000000000, 0.000000000000000000, 0.000000000000000000 ) ) ;
#1419 = AXIS2_PLACEMENT_3D ( 'NONE', #8412, #2712, #8508 ) ;
#1420 = CARTESIAN_POINT ( 'NONE',  ( 21.25112350928899474, 22.44797606393026612, -3.617269320720283066 ) ) ;
#1421 = CARTESIAN_POINT ( 'NONE',  ( -26.55587143679966289, 23.56049693495937802, -15.96412339887555731 ) ) ;
#1422 = ORIENTED_EDGE ( 'NONE', *, *, #6183, .F. ) ;
#1423 = CARTESIAN_POINT ( 'NONE',  ( 5.063478379134120466, -1.014350432651030198, -23.27560497305428910 ) ) ;
#1424 = CARTESIAN_POINT ( 'NONE',  ( 25.85595051350854945, -12.76052248750448825, -3.499999999999999556 ) ) ;
#1425 = CARTESIAN_POINT ( 'NONE',  ( -2.378007703376963988, 35.42032659876595346, -16.38942846832624056 ) ) ;
#1426 = VERTEX_POINT ( 'NONE', #2823 ) ;
#1427 = VECTOR ( 'NONE', #5924, 1000.000000000000114 ) ;
#1428 = CARTESIAN_POINT ( 'NONE',  ( 23.45635784825480741, 23.91807993412764333, -15.01551170377322109 ) ) ;
#1429 = CARTESIAN_POINT ( 'NONE',  ( 14.38403658502070215, -16.82728579421052473, -10.50000000000000888 ) ) ;
#1430 = ORIENTED_EDGE ( 'NONE', *, *, #5237, .F. ) ;
#1431 = AXIS2_PLACEMENT_3D ( 'NONE', #1727, #5966, #3162 ) ;
#1432 = CARTESIAN_POINT ( 'NONE',  ( 31.11864321197798589, -4.886721257204695412, -4.500000000000002665 ) ) ;
#1433 = CARTESIAN_POINT ( 'NONE',  ( 0.3488523191692308734, -35.49998606618571273, -19.99993715641065606 ) ) ;
#1434 = CARTESIAN_POINT ( 'NONE',  ( -3.332725053872507281, 2.258409185433494226, -10.50000000000000533 ) ) ;
#1435 = CARTESIAN_POINT ( 'NONE',  ( -2.578222545362135687, -35.40650189164945516, -16.84589223768767141 ) ) ;
#1436 = ORIENTED_EDGE ( 'NONE', *, *, #1408, .T. ) ;
#1437 = CARTESIAN_POINT ( 'NONE',  ( -18.17449968583739661, -6.536440389043474575, -10.66707378990567534 ) ) ;
#1438 = CARTESIAN_POINT ( 'NONE',  ( 20.22614966491629218, 20.76896567610889477, -3.735678521575903410 ) ) ;
#1439 = CARTESIAN_POINT ( 'NONE',  ( -2.497529291853469502, 33.40677098190900551, -17.16962608734250395 ) ) ;
#1440 = EDGE_LOOP ( 'NONE', ( #3803, #7052, #8334, #3756 ) ) ;
#1441 = CARTESIAN_POINT ( 'NONE',  ( -26.85925623098005133, -23.21309894036935262, -16.84589223791972046 ) ) ;
#1442 = CARTESIAN_POINT ( 'NONE',  ( -1.333172084535962032, -35.47640828685002390, -19.68467263743957929 ) ) ;
#1443 = CARTESIAN_POINT ( 'NONE',  ( -3.981621454262680881, -0.6628298988905451106, -28.11479760563417329 ) ) ;
#1444 = CARTESIAN_POINT ( 'NONE',  ( -0.3264868179450745034, 33.49878621082280716, -15.01551170377321043 ) ) ;
#1445 = ORIENTED_EDGE ( 'NONE', *, *, #283, .F. ) ;
#1446 = CIRCLE ( 'NONE', #264, 6.000000000000000888 ) ;
#1447 = CARTESIAN_POINT ( 'NONE',  ( -35.46349690234730190, 1.628014711601901476, -15.50119477818428315 ) ) ;
#1448 = DIRECTION ( 'NONE',  ( 0.9271838545667923093, -0.3746065934158998578, 0.000000000000000000 ) ) ;
#1449 = ORIENTED_EDGE ( 'NONE', *, *, #4710, .T. ) ;
#1450 = CARTESIAN_POINT ( 'NONE',  ( 24.74919087280032670, 22.57833364222183548, -19.50000510105720508 ) ) ;
#1451 = CONICAL_SURFACE ( 'NONE', #6204, 2.740000000000000213, 0.7853981633974346233 ) ;
#1452 = CARTESIAN_POINT ( 'NONE',  ( -23.92629385969707201, 26.22675450697111899, -19.50000510108212026 ) ) ;
#1453 = CARTESIAN_POINT ( 'NONE',  ( 0.6011122583470593916, -8.082977319230101543, -17.71482899699818248 ) ) ;
#1454 = CONICAL_SURFACE ( 'NONE', #566, 3.950000000000000178, 0.7853981633974533860 ) ;
#1455 = CARTESIAN_POINT ( 'NONE',  ( -24.61507175253923663, -25.58078617621251993, -15.07870116200536970 ) ) ;
#1456 = CARTESIAN_POINT ( 'NONE',  ( -3.500904862178793042, 3.797807516744322598, -23.27541552495810961 ) ) ;
#1457 = VERTEX_POINT ( 'NONE', #4955 ) ;
#1458 = CARTESIAN_POINT ( 'NONE',  ( -25.58078617623979767, 24.61507175251088242, -15.07870116200531641 ) ) ;
#1459 = CARTESIAN_POINT ( 'NONE',  ( -3.948512510017234689, -0.7846123064255527968, -30.50000000000000711 ) ) ;
#1460 = EDGE_CURVE ( 'NONE', #7914, #8088, #2483, .T. ) ;
#1461 = CARTESIAN_POINT ( 'NONE',  ( -0.6000045993044198500, -14.94349525114026456, -12.07128761734556299 ) ) ;
#1462 = VECTOR ( 'NONE', #2831, 999.9999999999998863 ) ;
#1463 = CARTESIAN_POINT ( 'NONE',  ( -14.32950796606113286, 1.203260922029041113, 0.000000000000000000 ) ) ;
#1464 = ORIENTED_EDGE ( 'NONE', *, *, #5162, .F. ) ;
#1465 = CARTESIAN_POINT ( 'NONE',  ( -4.835284566134285811, -29.07685979986962721, -4.464115372123771408 ) ) ;
#1466 = FACE_OUTER_BOUND ( 'NONE', #1645, .T. ) ;
#1467 = AXIS2_PLACEMENT_3D ( 'NONE', #55, #2185, #4362 ) ;
#1468 = VERTEX_POINT ( 'NONE', #6452 ) ;
#1469 = CARTESIAN_POINT ( 'NONE',  ( -35.46356059724993059, 1.626671323503371402, -19.50000510109366303 ) ) ;
#1470 = CARTESIAN_POINT ( 'NONE',  ( 35.49374852105131595, -0.6877831626755884775, -19.91980685520069727 ) ) ;
#1471 = CARTESIAN_POINT ( 'NONE',  ( -13.00531258882868890, 26.47861181208671866, -4.500000000000002665 ) ) ;
#1472 = ORIENTED_EDGE ( 'NONE', *, *, #8496, .F. ) ;
#1473 = EDGE_CURVE ( 'NONE', #1625, #4760, #4310, .T. ) ;
#1474 = CARTESIAN_POINT ( 'NONE',  ( 0.000000000000000000, 0.000000000000000000, -45.00000000000000000 ) ) ;
#1475 = ADVANCED_FACE ( 'NONE', ( #5002 ), #2265, .T. ) ;
#1476 = CARTESIAN_POINT ( 'NONE',  ( -1.200539366100950911, 22.10467735366389874, -10.50000000000000533 ) ) ;
#1477 = B_SPLINE_CURVE_WITH_KNOTS ( 'NONE', 3,
 ( #1155, #1200, #9067, #7551 ),
 .UNSPECIFIED., .F., .F.,
 ( 4, 4 ),
 ( 0.000000000000000000, 1.000000000000000000 ),
 .UNSPECIFIED. ) ;
#1478 = ORIENTED_EDGE ( 'NONE', *, *, #7630, .T. ) ;
#1479 = DIRECTION ( 'NONE',  ( 0.000000000000000000, 0.000000000000000000, -1.000000000000000000 ) ) ;
#1480 = FACE_OUTER_BOUND ( 'NONE', #1440, .T. ) ;
#1481 = DIRECTION ( 'NONE',  ( 0.5877852522924795764, -0.8090169943749425663, -0.000000000000000000 ) ) ;
#1482 = ORIENTED_EDGE ( 'NONE', *, *, #5412, .T. ) ;
#1483 = DIRECTION ( 'NONE',  ( -0.000000000000000000, -0.000000000000000000, 1.000000000000000000 ) ) ;
#1484 = DIRECTION ( 'NONE',  ( 0.9271838545667869802, 0.3746065934159130140, -0.000000000000000000 ) ) ;
#1485 = CARTESIAN_POINT ( 'NONE',  ( 0.7770717392865701401, -3.950003636419659792, -10.50000000000749623 ) ) ;
#1486 = ORIENTED_EDGE ( 'NONE', *, *, #3185, .F. ) ;
#1487 = CARTESIAN_POINT ( 'NONE',  ( 14.32950796606111155, 1.203260922029246727, -2.000000000000003553 ) ) ;
#1488 = CARTESIAN_POINT ( 'NONE',  ( 28.18203707439163352, -9.787776259978240745, -2.000000000000003553 ) ) ;
#1489 = CARTESIAN_POINT ( 'NONE',  ( -4.198308398743382241, -0.7332357550688546333, -26.78639445255952012 ) ) ;
#1490 = CARTESIAN_POINT ( 'NONE',  ( 6.160215875535744345, -14.06536084722638336, -2.000000000000003553 ) ) ;
#1491 = EDGE_CURVE ( 'NONE', #8205, #9171, #3660, .T. ) ;
#1492 = ORIENTED_EDGE ( 'NONE', *, *, #5179, .T. ) ;
#1493 = CARTESIAN_POINT ( 'NONE',  ( 0.000000000000000000, 0.000000000000000000, -4.500000000000002665 ) ) ;
#1494 = CARTESIAN_POINT ( 'NONE',  ( -33.42905698873003928, 2.182618677732658607, -18.75985287827878878 ) ) ;
#1495 = ORIENTED_EDGE ( 'NONE', *, *, #7803, .T. ) ;
#1496 = CARTESIAN_POINT ( 'NONE',  ( 25.05935372629604174, 22.23358406268749832, -15.96378118965331439 ) ) ;
#1497 = CARTESIAN_POINT ( 'NONE',  ( 2.181185387239425566, -33.42915353558023384, -16.23749250284341983 ) ) ;
#1498 = CARTESIAN_POINT ( 'NONE',  ( -24.56192057526684991, -22.78274968977444459, -19.68467263744189566 ) ) ;
#1499 = ORIENTED_EDGE ( 'NONE', *, *, #4074, .F. ) ;
#1500 = CARTESIAN_POINT ( 'NONE',  ( -25.34570240376084271, -21.90573087363639715, -18.15506602328148489 ) ) ;
#1501 = CARTESIAN_POINT ( 'NONE',  ( -2.958364412230841900, 3.051060416317847857, -26.86377203360298438 ) ) ;
#1502 = CARTESIAN_POINT ( 'NONE',  ( 0.3108961472251233205, 3.971547331726651198, -10.50000000000498979 ) ) ;
#1503 = CARTESIAN_POINT ( 'NONE',  ( -0.5999999999995230260, -31.49428519588913389, -2.000000000000003553 ) ) ;
#1504 = ADVANCED_FACE ( 'NONE', ( #8519 ), #3471, .F. ) ;
#1505 = VERTEX_POINT ( 'NONE', #6316 ) ;
#1506 = CARTESIAN_POINT ( 'NONE',  ( 4.025651639366497392, 0.02227984727390017530, -10.50000000000000533 ) ) ;
#1507 = CARTESIAN_POINT ( 'NONE',  ( -0.6000560720308172336, -9.348097143736520565, -16.19698540780399654 ) ) ;
#1508 = DIRECTION ( 'NONE',  ( -0.000000000000000000, -0.000000000000000000, 1.000000000000000000 ) ) ;
#1509 = CARTESIAN_POINT ( 'NONE',  ( -13.54267341872863106, 19.66067181840573141, -9.500000000000005329 ) ) ;
#1510 = DIRECTION ( 'NONE',  ( -0.000000000000000000, -0.000000000000000000, 1.000000000000000000 ) ) ;
#1511 = VERTEX_POINT ( 'NONE', #770 ) ;
#1512 = EDGE_LOOP ( 'NONE', ( #8103, #1392, #6134, #1478, #7207 ) ) ;
#1513 = CARTESIAN_POINT ( 'NONE',  ( 14.90595788894036566, 0.5850940618374106394, -2.000000000000003553 ) ) ;
#1514 = CARTESIAN_POINT ( 'NONE',  ( 0.000000000000000000, 0.000000000000000000, -4.500000000000000000 ) ) ;
#1515 = CARTESIAN_POINT ( 'NONE',  ( 30.13825535823346158, -9.161635441443431560, -10.50000000000000355 ) ) ;
#1516 = EDGE_LOOP ( 'NONE', ( #1631, #6341, #3932, #8772 ) ) ;
#1517 = CARTESIAN_POINT ( 'NONE',  ( -29.18691280096519236, -4.254633800802685606, -4.492960760209226301 ) ) ;
#1518 = EDGE_CURVE ( 'NONE', #6234, #6302, #2135, .T. ) ;
#1519 = EDGE_CURVE ( 'NONE', #9020, #2227, #5872, .T. ) ;
#1520 = CARTESIAN_POINT ( 'NONE',  ( 10.04185244136931487, 19.72864048090745470, -10.50000000000000178 ) ) ;
#1521 = ORIENTED_EDGE ( 'NONE', *, *, #241, .T. ) ;
#1522 = CARTESIAN_POINT ( 'NONE',  ( -24.74716059353331232, 22.58058128319752811, -15.49726176820533929 ) ) ;
#1523 = ADVANCED_FACE ( 'NONE', ( #1337 ), #2219, .F. ) ;
#1524 = CARTESIAN_POINT ( 'NONE',  ( -1.258879677576834499, -33.47770288098924851, -15.31533489701057960 ) ) ;
#1525 = DIRECTION ( 'NONE',  ( -1.000000000000000000, 0.000000000000000000, 0.000000000000000000 ) ) ;
#1526 = ORIENTED_EDGE ( 'NONE', *, *, #6260, .T. ) ;
#1527 = CARTESIAN_POINT ( 'NONE',  ( 26.85925623098021120, 23.21309894036915367, -16.84589223791968138 ) ) ;
#1528 = DIRECTION ( 'NONE',  ( 1.000000000000000000, 0.000000000000000000, 0.000000000000000000 ) ) ;
#1529 = CARTESIAN_POINT ( 'NONE',  ( 1.552617487151255471, -3.714262800929216901, -10.50000000000000178 ) ) ;
#1530 = ORIENTED_EDGE ( 'NONE', *, *, #1831, .T. ) ;
#1531 = CARTESIAN_POINT ( 'NONE',  ( 33.41180889122477993, -2.432427196133750691, -18.15506602305445938 ) ) ;
#1532 = CARTESIAN_POINT ( 'NONE',  ( 1.627996760436913215, -35.46350419274224208, -19.49867079296896932 ) ) ;
#1533 = CARTESIAN_POINT ( 'NONE',  ( -5.204299124209477156, -1.060043269926278953, -22.86608973499615871 ) ) ;
#1534 = CARTESIAN_POINT ( 'NONE',  ( -12.15597749922612181, 7.892699857356057613, -4.500000000000000000 ) ) ;
#1535 = ORIENTED_EDGE ( 'NONE', *, *, #3811, .T. ) ;
#1536 = CARTESIAN_POINT ( 'NONE',  ( -26.03037056872303268, 24.14069121591877476, -19.68347431259574876 ) ) ;
#1537 = CARTESIAN_POINT ( 'NONE',  ( 3.898491231073332841, -0.6358192520239684953, -10.50000000000000355 ) ) ;
#1538 = VERTEX_POINT ( 'NONE', #1515 ) ;
#1539 = DIRECTION ( 'NONE',  ( -0.000000000000000000, -0.000000000000000000, 1.000000000000000000 ) ) ;
#1540 = EDGE_CURVE ( 'NONE', #5988, #2498, #5118, .T. ) ;
#1541 = CARTESIAN_POINT ( 'NONE',  ( 25.38818909153165748, 21.85611709943569281, -17.17385420701961962 ) ) ;
#1542 = DIRECTION ( 'NONE',  ( -0.000000000000000000, -0.000000000000000000, 1.000000000000000000 ) ) ;
#1543 = VECTOR ( 'NONE', #1180, 1000.000000000000114 ) ;
#1544 = CARTESIAN_POINT ( 'NONE',  ( -24.85763406084645410, 25.34696702836632909, -19.99991912760876289 ) ) ;
#1545 = CARTESIAN_POINT ( 'NONE',  ( 0.6000021759622289341, -14.59001915486410361, -12.24192707244070988 ) ) ;
#1546 = VECTOR ( 'NONE', #4139, 1000.000000000000000 ) ;
#1547 = CARTESIAN_POINT ( 'NONE',  ( -25.38832969884737523, -21.85595376812085888, -17.82748966708716054 ) ) ;
#1548 = CARTESIAN_POINT ( 'NONE',  ( -3.486040216999841235, 3.777359133496980714, -23.34757485442064251 ) ) ;
#1549 = CARTESIAN_POINT ( 'NONE',  ( -1.807075951869890895, -3.550256487454566567, -10.50000000000000533 ) ) ;
#1550 = CARTESIAN_POINT ( 'NONE',  ( -21.90531871837290367, 25.34605869684363810, -16.84589223794203150 ) ) ;
#1551 = EDGE_CURVE ( 'NONE', #6002, #8057, #6758, .T. ) ;
#1552 = CARTESIAN_POINT ( 'NONE',  ( 1.724022489423064242, -6.914676529564808050, -3.499999999999999556 ) ) ;
#1553 = CARTESIAN_POINT ( 'NONE',  ( 29.89104176273352564, -9.922480654479564066, -2.000000000000003553 ) ) ;
#1554 = DIRECTION ( 'NONE',  ( -0.000000000000000000, -0.000000000000000000, 1.000000000000000000 ) ) ;
#1555 = AXIS2_PLACEMENT_3D ( 'NONE', #5865, #3584, #7175 ) ;
#1556 = CARTESIAN_POINT ( 'NONE',  ( -14.73106042184978648, 27.08671820823362708, -3.500000000000000000 ) ) ;
#1557 = CARTESIAN_POINT ( 'NONE',  ( 0.000000000000000000, 0.000000000000000000, -4.500000000000002665 ) ) ;
#1558 = VERTEX_POINT ( 'NONE', #3007 ) ;
#1559 = CARTESIAN_POINT ( 'NONE',  ( 19.78396632556383494, -5.797322994240908578, -10.50000000000016342 ) ) ;
#1560 = FACE_OUTER_BOUND ( 'NONE', #1151, .T. ) ;
#1561 = DIRECTION ( 'NONE',  ( -0.9702957262759946966, -0.2419218955996750020, 0.000000000000000000 ) ) ;
#1562 = ORIENTED_EDGE ( 'NONE', *, *, #7622, .T. ) ;
#1563 = DIRECTION ( 'NONE',  ( -0.7660444431189792347, 0.6427876096865378086, 0.000000000000000000 ) ) ;
#1564 = AXIS2_PLACEMENT_3D ( 'NONE', #2138, #3664, #6505 ) ;
#1565 = CIRCLE ( 'NONE', #675, 1.000000000000000888 ) ;
#1566 = DIRECTION ( 'NONE',  ( -1.000000000000000000, 0.000000000000000000, 0.000000000000000000 ) ) ;
#1567 = PRODUCT ( 'WheelRim', 'WheelRim', '', ( #6439 ) ) ;
#1568 = ORIENTED_EDGE ( 'NONE', *, *, #8976, .F. ) ;
#1569 = B_SPLINE_CURVE_WITH_KNOTS ( 'NONE', 3,
 ( #3632, #8582, #3729, #6475, #1447, #6524, #198, #928, #5733, #5921, #3589, #3680, #154, #4373, #2195, #3078, #110, #3029 ),
 .UNSPECIFIED., .F., .F.,
 ( 4, 2, 2, 2, 2, 2, 2, 2, 4 ),
 ( 0.000000000000000000, 0.06250000000000000000, 0.1250000000000000000, 0.1875000000000000000, 0.2500000000000000000, 0.3125000000000000000, 0.3750000000000000000, 0.4375000000000000000, 0.5000000000000000000 ),
 .UNSPECIFIED. ) ;
#1570 = CARTESIAN_POINT ( 'NONE',  ( -25.18158761285523539, 22.09419455810986577, -18.75847698594912316 ) ) ;
#1571 = CARTESIAN_POINT ( 'NONE',  ( 4.699203266095297593E-13, -33.50000000000000000, -15.00000000000000178 ) ) ;
#1572 = EDGE_CURVE ( 'NONE', #2444, #2227, #8042, .T. ) ;
#1573 = CARTESIAN_POINT ( 'NONE',  ( 25.15543804202921052, -12.58586511202381075, 1.009663273127126004E-15 ) ) ;
#1574 = ORIENTED_EDGE ( 'NONE', *, *, #614, .T. ) ;
#1575 = FACE_BOUND ( 'NONE', #8374, .T. ) ;
#1576 = DIRECTION ( 'NONE',  ( 0.3090169943749447312, 0.9510565162951544194, 0.000000000000000000 ) ) ;
#1577 = CARTESIAN_POINT ( 'NONE',  ( 3.357037644558543921, -2.221861262263397307, -30.50000000000000711 ) ) ;
#1578 = ORIENTED_EDGE ( 'NONE', *, *, #52, .T. ) ;
#1579 = CARTESIAN_POINT ( 'NONE',  ( 33.44120125694971790, -1.997412678965191812, -19.03685471073302793 ) ) ;
#1580 = CARTESIAN_POINT ( 'NONE',  ( -2.646887390694318665, -35.40118623936241704, -17.82748966746368424 ) ) ;
#1581 = EDGE_CURVE ( 'NONE', #1366, #8676, #2493, .T. ) ;
#1582 = CARTESIAN_POINT ( 'NONE',  ( -7.407070526547500755, -1.773015310327884952, -18.33229254080124093 ) ) ;
#1583 = AXIS2_PLACEMENT_3D ( 'NONE', #8567, #1479, #7962 ) ;
#1584 = LINE ( 'NONE', #3819, #849 ) ;
#1585 = ORIENTED_EDGE ( 'NONE', *, *, #305, .F. ) ;
#1586 = CARTESIAN_POINT ( 'NONE',  ( -5.585168645961411826, 8.708106117106048316, -2.000000000000003553 ) ) ;
#1587 = CARTESIAN_POINT ( 'NONE',  ( -33.42915353558409919, -2.181185387183341096, -16.23749250258791577 ) ) ;
#1588 = ORIENTED_EDGE ( 'NONE', *, *, #6267, .T. ) ;
#1589 = CARTESIAN_POINT ( 'NONE',  ( -21.90531871837290367, 25.34605869684363810, -16.84589223794203150 ) ) ;
#1590 = DIRECTION ( 'NONE',  ( 1.000000000000000000, 0.000000000000000000, 0.000000000000000000 ) ) ;
#1591 = ORIENTED_EDGE ( 'NONE', *, *, #1193, .F. ) ;
#1592 = CARTESIAN_POINT ( 'NONE',  ( 0.6000000000004450662, -29.49389767392569439, -9.500000000000005329 ) ) ;
#1593 = CARTESIAN_POINT ( 'NONE',  ( 0.001340783090431104784, -33.49999997316866285, -19.99992814200971480 ) ) ;
#1594 = EDGE_CURVE ( 'NONE', #4447, #1778, #3102, .T. ) ;
#1595 = VECTOR ( 'NONE', #2608, 1000.000000000000114 ) ;
#1596 = CARTESIAN_POINT ( 'NONE',  ( -24.74919087279858587, -22.57833364222375749, -19.50000510104706208 ) ) ;
#1597 = B_SPLINE_CURVE_WITH_KNOTS ( 'NONE', 3,
 ( #402, #5420, #9052, #5282, #2666, #1274, #582, #761, #5697, #9137, #9186, #2811 ),
 .UNSPECIFIED., .F., .F.,
 ( 4, 2, 2, 2, 2, 4 ),
 ( 0.000000000000000000, 0.0002102482285964174405, 0.0004204964571928348810, 0.0008409929143856685694, 0.001261489371578502529, 0.001681985828771336488 ),
 .UNSPECIFIED. ) ;
#1598 = EDGE_CURVE ( 'NONE', #3384, #705, #361, .T. ) ;
#1599 = CARTESIAN_POINT ( 'NONE',  ( 2.183129106472252001, 33.42902372074008355, -16.24166244714356111 ) ) ;
#1600 = CARTESIAN_POINT ( 'NONE',  ( -4.953665791758667503, 5.793696345807267001, -18.37952527382924472 ) ) ;
#1601 = CARTESIAN_POINT ( 'NONE',  ( 0.3108961472256717151, 3.971547331726301699, -30.50000000000000711 ) ) ;
#1602 = AXIS2_PLACEMENT_3D ( 'NONE', #7905, #3656, #6497 ) ;
#1603 = CARTESIAN_POINT ( 'NONE',  ( 18.99728656626159662, 25.12674079779025149, -4.500000000000002665 ) ) ;
#1604 = CARTESIAN_POINT ( 'NONE',  ( 30.01464856048349716, -9.542058047961498701, -2.000000000000003553 ) ) ;
#1605 = CIRCLE ( 'NONE', #2348, 29.50000000000000000 ) ;
#1606 = CARTESIAN_POINT ( 'NONE',  ( 30.13825535823345092, -9.161635441443440442, -10.50000000000000355 ) ) ;
#1607 = CARTESIAN_POINT ( 'NONE',  ( 2.780246739361992070, 2.805838211349149791, -30.50000000000000711 ) ) ;
#1608 = CARTESIAN_POINT ( 'NONE',  ( 0.000000000000000000, 0.000000000000000000, -1.000000000000000000 ) ) ;
#1609 = ORIENTED_EDGE ( 'NONE', *, *, #6243, .F. ) ;
#1610 = CARTESIAN_POINT ( 'NONE',  ( 14.17556416727454227, -3.975042668617315922, -12.18223229996202761 ) ) ;
#1611 = CARTESIAN_POINT ( 'NONE',  ( 28.55285746764155164, -8.646508440424048203, -2.000000000000003553 ) ) ;
#1612 = AXIS2_PLACEMENT_3D ( 'NONE', #5905, #8056, #7872 ) ;
#1613 = VECTOR ( 'NONE', #5139, 1000.000000000000000 ) ;
#1614 = CARTESIAN_POINT ( 'NONE',  ( -25.10128603360072219, -25.10329539043353364, -19.99992814200971125 ) ) ;
#1615 = ORIENTED_EDGE ( 'NONE', *, *, #3560, .T. ) ;
#1616 = CARTESIAN_POINT ( 'NONE',  ( -3.527670837823366323, -1.777087071578254740, -10.50000000000000355 ) ) ;
#1617 = CARTESIAN_POINT ( 'NONE',  ( 12.41165508361677006, 18.10395863023691732, -10.50000000000000178 ) ) ;
#1618 = VECTOR ( 'NONE', #2588, 1000.000000000000000 ) ;
#1619 = CARTESIAN_POINT ( 'NONE',  ( -23.68902522759177742, 23.68712907396167466, -19.99992814200971480 ) ) ;
#1620 = CARTESIAN_POINT ( 'NONE',  ( -0.6545827034110855980, -33.49496812529915957, -15.06543078888019238 ) ) ;
#1621 = EDGE_LOOP ( 'NONE', ( #3800, #6449, #9068, #2870 ) ) ;
#1622 = CARTESIAN_POINT ( 'NONE',  ( 14.73106042184978826, 27.08671820823362708, -3.499999999999997335 ) ) ;
#1623 = CARTESIAN_POINT ( 'NONE',  ( -12.41154252288843729, 18.10380370368495662, -10.50000000000000355 ) ) ;
#1624 = DIRECTION ( 'NONE',  ( 1.000000000000000000, 0.000000000000000000, 0.000000000000000000 ) ) ;
#1625 = VERTEX_POINT ( 'NONE', #5991 ) ;
#1626 = CARTESIAN_POINT ( 'NONE',  ( 33.50000000000000000, -0.3266837095536533897, -15.00037781293159611 ) ) ;
#1627 = VECTOR ( 'NONE', #8191, 1000.000000000000000 ) ;
#1628 = CARTESIAN_POINT ( 'NONE',  ( 0.8004787946224991568, -33.49078568033328196, -15.12618847594110960 ) ) ;
#1629 = CARTESIAN_POINT ( 'NONE',  ( 26.54570437275197747, -23.57084925348921800, -15.97300927171434104 ) ) ;
#1630 = PLANE ( 'NONE',  #2803 ) ;
#1631 = ORIENTED_EDGE ( 'NONE', *, *, #3520, .F. ) ;
#1632 = CARTESIAN_POINT ( 'NONE',  ( -26.85984677232517370, 23.21241824184669866, -18.15144138444375344 ) ) ;
#1633 = EDGE_CURVE ( 'NONE', #2128, #3338, #6683, .T. ) ;
#1634 = CARTESIAN_POINT ( 'NONE',  ( 0.000000000000000000, 0.000000000000000000, -2.168404344971008868E-16 ) ) ;
#1635 = ORIENTED_EDGE ( 'NONE', *, *, #4667, .T. ) ;
#1636 = CARTESIAN_POINT ( 'NONE',  ( -23.68807716974935218, 23.68807716974933442, -15.00000000000000000 ) ) ;
#1637 = CARTESIAN_POINT ( 'NONE',  ( 23.91807993416260913, -23.45635784821914882, -15.01551170377315891 ) ) ;
#1638 = ORIENTED_EDGE ( 'NONE', *, *, #8590, .T. ) ;
#1639 = CARTESIAN_POINT ( 'NONE',  ( 13.43805281916660910, 26.09069392255629793, -4.271858384064482372 ) ) ;
#1640 = LINE ( 'NONE', #254, #1092 ) ;
#1641 = DIRECTION ( 'NONE',  ( -0.000000000000000000, -0.000000000000000000, 1.000000000000000000 ) ) ;
#1642 = CARTESIAN_POINT ( 'NONE',  ( 2.116661196716040916, 35.43769088425121083, -19.03685471104485316 ) ) ;
#1643 = EDGE_CURVE ( 'NONE', #5259, #9032, #4960, .T. ) ;
#1644 = PLANE ( 'NONE',  #7114 ) ;
#1645 = EDGE_LOOP ( 'NONE', ( #6897, #6875 ) ) ;
#1646 = CARTESIAN_POINT ( 'NONE',  ( -3.757716070402830066, 1.322654360282645269, -10.50000000000000533 ) ) ;
#1647 = DIRECTION ( 'NONE',  ( 1.000000000000000000, 0.000000000000000000, 0.000000000000000000 ) ) ;
#1648 = CARTESIAN_POINT ( 'NONE',  ( -0.5999446501022922540, -4.267745257042715679, -26.51736778626227675 ) ) ;
#1649 = LINE ( 'NONE', #263, #3693 ) ;
#1650 = CARTESIAN_POINT ( 'NONE',  ( -3.799962740760933322, 1.185244171822449344, -30.50000000000000711 ) ) ;
#1651 = CARTESIAN_POINT ( 'NONE',  ( 0.000000000000000000, 0.000000000000000000, -10.50000000000000355 ) ) ;
#1652 = EDGE_LOOP ( 'NONE', ( #176, #4599, #450, #8791, #5800, #5604, #1782, #5676, #6190, #6502, #4010, #6706, #1053, #3509, #1663, #113 ) ) ;
#1653 = ORIENTED_EDGE ( 'NONE', *, *, #1769, .F. ) ;
#1654 = CARTESIAN_POINT ( 'NONE',  ( -35.40654375042284130, 2.577646729934905068, -18.15506602361177002 ) ) ;
#1655 = CARTESIAN_POINT ( 'NONE',  ( -20.12590617746494459, 20.64725191513601033, -3.500000000002557954 ) ) ;
#1656 = CARTESIAN_POINT ( 'NONE',  ( 0.000000000000000000, 0.000000000000000000, -4.500000000000000000 ) ) ;
#1657 = ORIENTED_EDGE ( 'NONE', *, *, #4847, .T. ) ;
#1658 = EDGE_CURVE ( 'NONE', #7684, #7501, #7988, .T. ) ;
#1659 = CARTESIAN_POINT ( 'NONE',  ( 0.000000000000000000, 0.000000000000000000, -4.500000000000002665 ) ) ;
#1660 = FACE_OUTER_BOUND ( 'NONE', #7452, .T. ) ;
#1661 = CARTESIAN_POINT ( 'NONE',  ( 13.06474840316187347, 17.64283109673039007, -10.50000000000000355 ) ) ;
#1662 = CARTESIAN_POINT ( 'NONE',  ( 0.6549803906944716703, -33.49496780572274446, -19.93459846099844412 ) ) ;
#1663 = ORIENTED_EDGE ( 'NONE', *, *, #3344, .T. ) ;
#1664 = DIRECTION ( 'NONE',  ( -0.8090169943749507819, 0.5877852522924685852, 0.000000000000000000 ) ) ;
#1665 = CARTESIAN_POINT ( 'NONE',  ( -12.15597749922612181, 7.892699857356057613, 0.000000000000000000 ) ) ;
#1666 = B_SPLINE_CURVE_WITH_KNOTS ( 'NONE', 3,
 ( #6120, #5377, #8190, #1754, #7582, #1702 ),
 .UNSPECIFIED., .F., .F.,
 ( 4, 2, 4 ),
 ( 0.0009969199348458389516, 0.001494136143687322315, 0.001991352352528805679 ),
 .UNSPECIFIED. ) ;
#1667 = DIRECTION ( 'NONE',  ( -0.5877852522924802425, 0.8090169943749422332, 0.000000000000000000 ) ) ;
#1668 = VERTEX_POINT ( 'NONE', #1614 ) ;
#1669 = CARTESIAN_POINT ( 'NONE',  ( 33.40677098190896288, 2.497529291854056144, -17.16962608733032170 ) ) ;
#1670 = CARTESIAN_POINT ( 'NONE',  ( 1.335333400023284822, -35.47636405748664856, -15.31632817220711296 ) ) ;
#1671 = EDGE_CURVE ( 'NONE', #1701, #840, #4305, .T. ) ;
#1672 = CARTESIAN_POINT ( 'NONE',  ( 0.6000000000004449552, -29.49389767392569084, -4.500000000000002665 ) ) ;
#1673 = DIRECTION ( 'NONE',  ( 0.9702957262759946966, 0.2419218955996750020, -0.000000000000000000 ) ) ;
#1674 = ORIENTED_EDGE ( 'NONE', *, *, #3356, .T. ) ;
#1675 = CARTESIAN_POINT ( 'NONE',  ( 24.60802694395709267, -25.58901353034967840, -15.06543078875061603 ) ) ;
#1676 = LINE ( 'NONE', #8722, #3249 ) ;
#1677 = EDGE_LOOP ( 'NONE', ( #1827, #2093, #454, #5614 ) ) ;
#1678 = SURFACE_SIDE_STYLE ('',( #4515 ) ) ;
#1679 = ORIENTED_EDGE ( 'NONE', *, *, #1786, .F. ) ;
#1680 = CARTESIAN_POINT ( 'NONE',  ( 22.09418396602664814, -25.18159475674073278, -16.24166244696487382 ) ) ;
#1681 = ORIENTED_EDGE ( 'NONE', *, *, #1598, .T. ) ;
#1682 = CARTESIAN_POINT ( 'NONE',  ( 3.527670837823419170, -1.777087071578154820, -10.44999999999990514 ) ) ;
#1683 = CARTESIAN_POINT ( 'NONE',  ( 17.69985853778545959, 25.38254625632803041, -3.666664066441805314 ) ) ;
#1684 = CARTESIAN_POINT ( 'NONE',  ( -25.34570240376084271, -21.90573087363639715, -18.15506602328148489 ) ) ;
#1685 = B_SPLINE_CURVE_WITH_KNOTS ( 'NONE', 3,
 ( #7453, #368, #8889, #2499, #5343, #1807 ),
 .UNSPECIFIED., .F., .F.,
 ( 4, 2, 4 ),
 ( 9.905261040401391098E-07, 0.005987115715835388680, 0.01197324090556673749 ),
 .UNSPECIFIED. ) ;
#1686 = CARTESIAN_POINT ( 'NONE',  ( -1.260103349266969985, 33.47769565988321716, -15.31632817220716802 ) ) ;
#1687 = CARTESIAN_POINT ( 'NONE',  ( -9.115812009122810977, 11.52605753298072244, -12.19638195248982626 ) ) ;
#1688 = ORIENTED_EDGE ( 'NONE', *, *, #8371, .F. ) ;
#1689 = CARTESIAN_POINT ( 'NONE',  ( -1.232614777547426321, 3.788206096911972409, -10.50000000000498979 ) ) ;
#1690 = CARTESIAN_POINT ( 'NONE',  ( -25.10229073212245154, 25.10229073212242668, -15.00000000000000178 ) ) ;
#1691 = B_SPLINE_CURVE_WITH_KNOTS ( 'NONE', 3,
 ( #4880, #604, #3925, #4094, #6937, #8183, #6983, #7481, #3883, #6717, #1959, #6886, #5270, #2735, #1080, #6237, #1039, #513, #3435, #6674, #7696, #3135, #1744, #3180, #5980, #3349, #9076, #6284, #6188, #9116, #9029, #8824, #2056, #5584, #8438, #2645, #7745, #2434, #4577, #7434, #4783, #5489, #6023, #8867, #8345, #7647, #1248, #560, #6463, #4227, #5062, #8665, #2105, #693, #8528, #5769, #4321, #4182, #2787, #4923 ),
 .UNSPECIFIED., .F., .F.,
 ( 4, 2, 2, 2, 1, 1, 1, 1, 2, 2, 2, 2, 2, 1, 1, 1, 1, 2, 2, 2, 2, 2, 2, 1, 1, 2, 2, 2, 2, 2, 1, 1, 1, 1, 2, 2, 4 ),
 ( 0.000000000000000000, 0.1249999999999937828, 0.1874999999999907019, 0.2187499999999890921, 0.2343749999999883982, 0.2421874999999881206, 0.2460937499999880096, 0.2480468749999880096, 0.2490234374999879818, 0.2499999999999879541, 0.3749999999999842348, 0.4374999999999823475, 0.4687499999999814593, 0.4843749999999810707, 0.4921874999999809597, 0.4960937499999809042, 0.4980468749999809042, 0.4990234374999810152, 0.4999999999999811262, 0.6250000000000029976, 0.6875000000000140998, 0.7187500000000197620, 0.7343750000000226485, 0.7421875000000242029, 0.7460937500000249800, 0.7480468750000253131, 0.7500000000000256462, 0.8125000000000344169, 0.8437500000000389688, 0.8593750000000411893, 0.8671875000000420775, 0.8710937500000424105, 0.8730468750000425215, 0.8740234375000427436, 0.8745117187500426326, 0.8750000000000425215, 1.000000000000000000 ),
 .UNSPECIFIED. ) ;
#1692 = EDGE_CURVE ( 'NONE', #1778, #2287, #4522, .T. ) ;
#1693 = EDGE_CURVE ( 'NONE', #2240, #7424, #4959, .T. ) ;
#1694 = CARTESIAN_POINT ( 'NONE',  ( -23.68902522759177742, 23.68712907396167466, -19.99992814200971480 ) ) ;
#1695 = AXIS2_PLACEMENT_3D ( 'NONE', #2057, #8440, #2736 ) ;
#1696 = EDGE_CURVE ( 'NONE', #5608, #9175, #6592, .T. ) ;
#1697 = CARTESIAN_POINT ( 'NONE',  ( 14.68740755246591867, 27.75829723380326897, -4.356401921130936827 ) ) ;
#1698 = CARTESIAN_POINT ( 'NONE',  ( 3.413613199250552288, 2.047380156178714827, -30.50000000000000711 ) ) ;
#1699 = CARTESIAN_POINT ( 'NONE',  ( 0.000000000000000000, 0.000000000000000000, -35.00000000000000000 ) ) ;
#1700 = AXIS2_PLACEMENT_3D ( 'NONE', #3518, #5666, #812 ) ;
#1701 = VERTEX_POINT ( 'NONE', #8881 ) ;
#1702 = CARTESIAN_POINT ( 'NONE',  ( -25.81973904263819364, -12.75149395379278872, -0.4452998037747710747 ) ) ;
#1703 = DIRECTION ( 'NONE',  ( 0.7660444431189792347, 0.6427876096865378086, 0.000000000000000000 ) ) ;
#1704 = CARTESIAN_POINT ( 'NONE',  ( -18.99728656626197676, 25.12674079778996017, -2.000000000000003553 ) ) ;
#1705 = EDGE_LOOP ( 'NONE', ( #5, #5582, #6728, #5481 ) ) ;
#1706 = CARTESIAN_POINT ( 'NONE',  ( -8.228993532094559527, -11.32623792124931050, -2.000000000000003553 ) ) ;
#1707 = EDGE_CURVE ( 'NONE', #7906, #7132, #6310, .T. ) ;
#1708 = EDGE_CURVE ( 'NONE', #2227, #335, #2887, .T. ) ;
#1709 = CARTESIAN_POINT ( 'NONE',  ( 28.41835030084938651, -4.874266846349597948, -3.500000000002557510 ) ) ;
#1710 = AXIS2_PLACEMENT_3D ( 'NONE', #2949, #2996, #1828 ) ;
#1711 = EDGE_CURVE ( 'NONE', #6328, #2077, #6018, .T. ) ;
#1712 = VERTEX_POINT ( 'NONE', #5897 ) ;
#1713 = FACE_OUTER_BOUND ( 'NONE', #8052, .T. ) ;
#1714 = CARTESIAN_POINT ( 'NONE',  ( 0.000000000000000000, 0.000000000000000000, 0.000000000000000000 ) ) ;
#1715 = ORIENTED_EDGE ( 'NONE', *, *, #3365, .F. ) ;
#1716 = CARTESIAN_POINT ( 'NONE',  ( 26.90390187311563963, 23.16095991134231369, -17.17385420701962317 ) ) ;
#1717 = CARTESIAN_POINT ( 'NONE',  ( 0.3266837095288894766, 33.50000000000000000, -15.00037781293156591 ) ) ;
#1718 = AXIS2_PLACEMENT_3D ( 'NONE', #9022, #6231, #2001 ) ;
#1719 = CARTESIAN_POINT ( 'NONE',  ( -4.155806104661770028, -28.39416899598026944, -0.3136142966344712124 ) ) ;
#1720 = EDGE_LOOP ( 'NONE', ( #5719, #8520, #6177, #8233, #148, #5956, #2278 ) ) ;
#1721 = CARTESIAN_POINT ( 'NONE',  ( 33.49998685118932684, 0.3291986675607936896, -19.99993715639902447 ) ) ;
#1722 = CONICAL_SURFACE ( 'NONE', #2596, 3.950000000000000178, 0.7853981633974533860 ) ;
#1723 = CARTESIAN_POINT ( 'NONE',  ( -0.6545827034110855980, -33.49496812529915957, -15.06543078888019238 ) ) ;
#1724 = DIRECTION ( 'NONE',  ( -0.000000000000000000, -0.000000000000000000, 1.000000000000000000 ) ) ;
#1725 = CARTESIAN_POINT ( 'NONE',  ( 2.030270917882635917, -1.840000000000000080, -33.00000000000000000 ) ) ;
#1726 = VECTOR ( 'NONE', #2562, 1000.000000000000114 ) ;
#1727 = CARTESIAN_POINT ( 'NONE',  ( 0.000000000000000000, 0.000000000000000000, -33.50000000000000000 ) ) ;
#1728 = ORIENTED_EDGE ( 'NONE', *, *, #52, .F. ) ;
#1729 = CARTESIAN_POINT ( 'NONE',  ( -5.109205032912504052, 8.052998405303403828, -3.400044570078941231 ) ) ;
#1730 = ORIENTED_EDGE ( 'NONE', *, *, #3643, .T. ) ;
#1731 = CARTESIAN_POINT ( 'NONE',  ( -5.195179803188493928, -13.53043261734606872, 0.000000000000000000 ) ) ;
#1732 = CARTESIAN_POINT ( 'NONE',  ( 22.78214836877610949, -24.56247308260421391, -15.31533489714015950 ) ) ;
#1733 = ORIENTED_EDGE ( 'NONE', *, *, #5237, .T. ) ;
#1734 = CARTESIAN_POINT ( 'NONE',  ( 13.46881049104363548, 25.58242731844359241, -3.617102734979081635 ) ) ;
#1735 = CARTESIAN_POINT ( 'NONE',  ( -13.32755602293871178, 25.41408679860956354, -0.3136142966344728777 ) ) ;
#1736 = CARTESIAN_POINT ( 'NONE',  ( 4.699082784379627343E-13, -33.50000000000000000, -15.00000000000000000 ) ) ;
#1737 = VECTOR ( 'NONE', #1173, 1000.000000000000000 ) ;
#1738 = CARTESIAN_POINT ( 'NONE',  ( 33.40675321179271151, -2.497766974317136235, -17.82748966696158988 ) ) ;
#1739 = CARTESIAN_POINT ( 'NONE',  ( 4.318158146162079269, -21.95002020744274063, -10.50000000000000533 ) ) ;
#1740 = VECTOR ( 'NONE', #790, 999.9999999999998863 ) ;
#1741 = CARTESIAN_POINT ( 'NONE',  ( 1.004242262264698482E-14, 35.50000000000000711, -15.00000000000000000 ) ) ;
#1742 = CARTESIAN_POINT ( 'NONE',  ( -8.455957569207670943, 10.61760055216581655, -12.79407085018571699 ) ) ;
#1743 = DIRECTION ( 'NONE',  ( -1.000000000000000000, 0.000000000000000000, 0.000000000000000000 ) ) ;
#1744 = CARTESIAN_POINT ( 'NONE',  ( 5.893345257519370328, 7.090667807829991176, -16.35837981794213292 ) ) ;
#1745 = CARTESIAN_POINT ( 'NONE',  ( 27.83885172224547588, -13.25491528571417987, -3.500000000004495071 ) ) ;
#1746 = DIRECTION ( 'NONE',  ( -0.000000000000000000, -0.000000000000000000, 1.000000000000000000 ) ) ;
#1747 = AXIS2_PLACEMENT_3D ( 'NONE', #8796, #6090, #1098 ) ;
#1748 = CARTESIAN_POINT ( 'NONE',  ( -3.779566059576644932, -1.248759776471638494, -10.50000000000000533 ) ) ;
#1749 = DIRECTION ( 'NONE',  ( 1.000000000000000000, 0.000000000000000000, 0.000000000000000000 ) ) ;
#1750 = CARTESIAN_POINT ( 'NONE',  ( 25.34580837210586068, -21.90561283697237371, -16.84523636444804140 ) ) ;
#1751 = EDGE_CURVE ( 'NONE', #1797, #9020, #3192, .T. ) ;
#1752 = CARTESIAN_POINT ( 'NONE',  ( -0.5999999999996844524, -21.94158779086097155, -10.50000000000000355 ) ) ;
#1753 = ORIENTED_EDGE ( 'NONE', *, *, #6362, .T. ) ;
#1754 = CARTESIAN_POINT ( 'NONE',  ( -25.60271040515586449, -12.69738263704953773, -0.1936872831438094245 ) ) ;
#1755 = CARTESIAN_POINT ( 'NONE',  ( 28.30564387214161215, -9.407353653460177156, -2.000000000000002665 ) ) ;
#1756 = DIRECTION ( 'NONE',  ( 1.000000000000000000, 0.000000000000000000, 0.000000000000000000 ) ) ;
#1757 = EDGE_LOOP ( 'NONE', ( #4463, #6978, #1946, #4206, #4038, #5401, #723, #1095, #3415, #8932, #4921, #201 ) ) ;
#1758 = AXIS2_PLACEMENT_3D ( 'NONE', #7716, #3412, #5552 ) ;
#1759 = CARTESIAN_POINT ( 'NONE',  ( -2.173789353111310163, -2.172691838682536236, -44.83269183868252838 ) ) ;
#1760 = FACE_OUTER_BOUND ( 'NONE', #3240, .T. ) ;
#1761 = ORIENTED_EDGE ( 'NONE', *, *, #8149, .F. ) ;
#1762 = CARTESIAN_POINT ( 'NONE',  ( -4.693063937959951026, 3.937948219433572206, -2.000000000000003553 ) ) ;
#1763 = CARTESIAN_POINT ( 'NONE',  ( 33.41170923154334105, 2.433818831039616271, -18.15144138432285104 ) ) ;
#1764 = VECTOR ( 'NONE', #3823, 1000.000000000000000 ) ;
#1765 = EDGE_CURVE ( 'NONE', #6404, #6824, #4812, .T. ) ;
#1766 = VERTEX_POINT ( 'NONE', #5425 ) ;
#1767 = CARTESIAN_POINT ( 'NONE',  ( 13.82887792928147519, -5.124152173240586805, -12.17069515328838847 ) ) ;
#1768 = CARTESIAN_POINT ( 'NONE',  ( 33.44105893781526362, 1.999863741591897837, -19.03432852965813993 ) ) ;
#1769 = EDGE_CURVE ( 'NONE', #6126, #8130, #6165, .T. ) ;
#1770 = DIRECTION ( 'NONE',  ( 1.000000000000000000, 0.000000000000000000, 0.000000000000000000 ) ) ;
#1771 = ORIENTED_EDGE ( 'NONE', *, *, #5839, .F. ) ;
#1772 = CARTESIAN_POINT ( 'NONE',  ( -27.90318690565449700, -4.666127324101008611, -0.04062238679463951035 ) ) ;
#1773 = CARTESIAN_POINT ( 'NONE',  ( 4.979876103497482553E-13, -35.50000000000001421, -15.00000000000000178 ) ) ;
#1774 = AXIS2_PLACEMENT_3D ( 'NONE', #7017, #6406, #4911 ) ;
#1775 = DIRECTION ( 'NONE',  ( 1.000000000000000000, 0.000000000000000000, 0.000000000000000000 ) ) ;
#1776 = CARTESIAN_POINT ( 'NONE',  ( -16.85066788873204757, 24.21373559993697100, -9.500000000000005329 ) ) ;
#1777 = CARTESIAN_POINT ( 'NONE',  ( 33.50000000000000000, 0.000000000000000000, -33.50000000000000000 ) ) ;
#1778 = VERTEX_POINT ( 'NONE', #7628 ) ;
#1779 = CARTESIAN_POINT ( 'NONE',  ( -7.880093700177545735, -3.191626698276371243, -17.20547154058088068 ) ) ;
#1780 = CIRCLE ( 'NONE', #3264, 33.49999999999999289 ) ;
#1781 = CARTESIAN_POINT ( 'NONE',  ( 22.23358406260604170, -25.05935372636932357, -15.96378118974993754 ) ) ;
#1782 = ORIENTED_EDGE ( 'NONE', *, *, #8149, .T. ) ;
#1783 = CARTESIAN_POINT ( 'NONE',  ( 0.000000000000000000, 0.000000000000000000, -10.44999999999990514 ) ) ;
#1784 = CARTESIAN_POINT ( 'NONE',  ( 11.96469724926782163, -3.256688461207603691, -2.000000000000003553 ) ) ;
#1785 = CARTESIAN_POINT ( 'NONE',  ( 26.22765938681520481, 23.92529890164586703, -15.50119477839591831 ) ) ;
#1786 = EDGE_CURVE ( 'NONE', #9190, #6947, #5563, .T. ) ;
#1787 = CARTESIAN_POINT ( 'NONE',  ( 35.47640830523278765, -1.333171440288120291, -19.68467288941753779 ) ) ;
#1788 = CARTESIAN_POINT ( 'NONE',  ( 18.02646617301165932, 25.83208310054120105, -10.50000000000000355 ) ) ;
#1789 = CARTESIAN_POINT ( 'NONE',  ( -1.623465783291655251, 35.46372347118352764, -15.49726176816129986 ) ) ;
#1790 = DIRECTION ( 'NONE',  ( 0.000000000000000000, -0.000000000000000000, 1.000000000000000000 ) ) ;
#1791 = CARTESIAN_POINT ( 'NONE',  ( -16.47927677956433357, 14.78145772586513296, -10.50000000000000533 ) ) ;
#1792 = CARTESIAN_POINT ( 'NONE',  ( -18.01745678418379626, 23.77812080059835154, -2.000000000000003553 ) ) ;
#1793 = CARTESIAN_POINT ( 'NONE',  ( -0.6029014477445713283, -6.625415746129608152, -19.93881785783322513 ) ) ;
#1795 = ADVANCED_FACE ( 'NONE', ( #2536 ), #8701, .F. ) ;
#1794 = CARTESIAN_POINT ( 'NONE',  ( -3.105168386859616270, 2.490471816194008259, -30.50000000000000711 ) ) ;
#1796 = CARTESIAN_POINT ( 'NONE',  ( 3.023623453860338817, 5.182441626228479592, -4.099999999999999645 ) ) ;
#1797 = VERTEX_POINT ( 'NONE', #5470 ) ;
#1798 = CARTESIAN_POINT ( 'NONE',  ( -18.02646617301206433, 25.83208310054094525, -2.000000000000003553 ) ) ;
#1799 = ORIENTED_EDGE ( 'NONE', *, *, #3177, .T. ) ;
#1800 = CARTESIAN_POINT ( 'NONE',  ( -18.02646617301205723, 25.83208310054093815, -4.500000000000002665 ) ) ;
#1801 = CARTESIAN_POINT ( 'NONE',  ( -35.49466737621365553, -0.6940836976013174953, -19.93459846099842991 ) ) ;
#1802 = CARTESIAN_POINT ( 'NONE',  ( -27.86495337710443110, -9.684749521376197379, -4.500000000000002665 ) ) ;
#1803 = VERTEX_POINT ( 'NONE', #6867 ) ;
#1804 = CARTESIAN_POINT ( 'NONE',  ( -29.89104176273323077, -9.922480654480452245, -2.000000000000003553 ) ) ;
#1805 = LINE ( 'NONE', #3941, #2628 ) ;
#1806 = ORIENTED_EDGE ( 'NONE', *, *, #2707, .T. ) ;
#1807 = CARTESIAN_POINT ( 'NONE',  ( 3.527670837823419170, -1.777087071578154820, -10.44999999999990514 ) ) ;
#1808 = CARTESIAN_POINT ( 'NONE',  ( 33.46576721928625631, 1.532002922253665966, -15.49726176816445999 ) ) ;
#1809 = EDGE_LOOP ( 'NONE', ( #8069, #6734, #961, #2984 ) ) ;
#1810 = CARTESIAN_POINT ( 'NONE',  ( 0.6000000000004508394, -29.82729920354469044, -2.000000000000003553 ) ) ;
#1811 = DIRECTION ( 'NONE',  ( -0.000000000000000000, -0.000000000000000000, -1.000000000000000000 ) ) ;
#1812 = B_SPLINE_CURVE_WITH_KNOTS ( 'NONE', 3,
 ( #2005, #1245, #1912, #7557 ),
 .UNSPECIFIED., .F., .F.,
 ( 4, 4 ),
 ( 2.421166979510144830E-07, 0.003696380871774861479 ),
 .UNSPECIFIED. ) ;
#1813 = PLANE ( 'NONE',  #7961 ) ;
#1815 = ADVANCED_FACE ( 'NONE', ( #9057 ), #538, .F. ) ;
#1814 = VERTEX_POINT ( 'NONE', #6776 ) ;
#1816 = DIRECTION ( 'NONE',  ( -0.000000000000000000, -0.000000000000000000, 1.000000000000000000 ) ) ;
#1817 = EDGE_CURVE ( 'NONE', #249, #6824, #5749, .T. ) ;
#1818 = DIRECTION ( 'NONE',  ( -0.000000000000000000, -0.000000000000000000, -1.000000000000000000 ) ) ;
#1819 = ADVANCED_FACE ( 'NONE', ( #491 ), #6084, .T. ) ;
#1820 = DIRECTION ( 'NONE',  ( 0.000000000000000000, 0.000000000000000000, -1.000000000000000000 ) ) ;
#1821 = CARTESIAN_POINT ( 'NONE',  ( 23.22137779524155121, 24.14765994686141326, -19.93459846096797605 ) ) ;
#1822 = VERTEX_POINT ( 'NONE', #1986 ) ;
#1823 = CARTESIAN_POINT ( 'NONE',  ( -4.432886407567190545, -2.070955645552107427, -24.10917705305147152 ) ) ;
#1824 = CARTESIAN_POINT ( 'NONE',  ( 24.14765994685618011, -23.22137779524709700, -19.93459846099838728 ) ) ;
#1825 = ORIENTED_EDGE ( 'NONE', *, *, #5505, .F. ) ;
#1826 = CARTESIAN_POINT ( 'NONE',  ( 4.707884975047316622, 7.500633255669048260, -16.77690202509779738 ) ) ;
#1827 = ORIENTED_EDGE ( 'NONE', *, *, #4088, .F. ) ;
#1828 = DIRECTION ( 'NONE',  ( 1.000000000000000000, 0.000000000000000000, 0.000000000000000000 ) ) ;
#1829 = CARTESIAN_POINT ( 'NONE',  ( -5.459108381078930705, 4.580735829120110125, -4.500000000000000000 ) ) ;
#1830 = CARTESIAN_POINT ( 'NONE',  ( 35.42478633093598717, -2.313465172494449718, -16.24166244702568207 ) ) ;
#1831 = EDGE_CURVE ( 'NONE', #5243, #5771, #752, .T. ) ;
#1832 = CARTESIAN_POINT ( 'NONE',  ( -0.5999999999995492272, -31.49428519588911968, -9.500000000000005329 ) ) ;
#1833 = FACE_BOUND ( 'NONE', #2136, .T. ) ;
#1834 = CARTESIAN_POINT ( 'NONE',  ( -28.41835030084769897, -4.874266846349343929, -3.500000000000000444 ) ) ;
#1835 = DIRECTION ( 'NONE',  ( 1.000000000000000000, 0.000000000000000000, 0.000000000000000000 ) ) ;
#1836 = DIRECTION ( 'NONE',  ( -0.000000000000000000, -0.000000000000000000, 1.000000000000000000 ) ) ;
#1837 = ADVANCED_FACE ( 'NONE', ( #9010 ), #7585, .F. ) ;
#1838 = ORIENTED_EDGE ( 'NONE', *, *, #1023, .F. ) ;
#1839 = CARTESIAN_POINT ( 'NONE',  ( -0.6013536713027604064, -5.856119938509856127, -21.46653639907716382 ) ) ;
#1840 = CARTESIAN_POINT ( 'NONE',  ( -25.58901353038287851, -24.60802694392193501, -15.06543078878103969 ) ) ;
#1841 = CARTESIAN_POINT ( 'NONE',  ( 0.000000000000000000, 29.50000000000000355, -9.500000000000005329 ) ) ;
#1842 = ORIENTED_EDGE ( 'NONE', *, *, #1235, .T. ) ;
#1843 = DIRECTION ( 'NONE',  ( -0.000000000000000000, -0.000000000000000000, -1.000000000000000000 ) ) ;
#1844 = VERTEX_POINT ( 'NONE', #6823 ) ;
#1845 = CARTESIAN_POINT ( 'NONE',  ( -33.44115701281391040, 1.998120891395615661, -15.96378118986502237 ) ) ;
#1846 = DIRECTION ( 'NONE',  ( -0.000000000000000000, -0.000000000000000000, 1.000000000000000000 ) ) ;
#1847 = CARTESIAN_POINT ( 'NONE',  ( 0.6000000000000542677, -3.904164443257983841, -2.000000000000003553 ) ) ;
#1848 = ORIENTED_EDGE ( 'NONE', *, *, #7409, .F. ) ;
#1849 = AXIS2_PLACEMENT_3D ( 'NONE', #470, #1208, #9030 ) ;
#1850 = DIRECTION ( 'NONE',  ( -0.000000000000000000, -0.000000000000000000, 1.000000000000000000 ) ) ;
#1851 = DIRECTION ( 'NONE',  ( 1.000000000000000000, 0.000000000000000000, 0.000000000000000000 ) ) ;
#1852 = EDGE_LOOP ( 'NONE', ( #1368, #8928, #4815, #5972, #374, #8229, #7672 ) ) ;
#1853 = VECTOR ( 'NONE', #4870, 1000.000000000000000 ) ;
#1854 = CARTESIAN_POINT ( 'NONE',  ( -1.997412678605865466, -33.44120125696868939, -19.03685471101641014 ) ) ;
#1855 = CARTESIAN_POINT ( 'NONE',  ( -8.866867398744304296, -3.511897196280535205, -3.400044570078939898 ) ) ;
#1856 = ORIENTED_EDGE ( 'NONE', *, *, #6506, .F. ) ;
#1857 = PLANE ( 'NONE',  #1875 ) ;
#1858 = DIRECTION ( 'NONE',  ( -0.8090169943749507819, 0.5877852522924685852, 0.000000000000000000 ) ) ;
#1859 = CARTESIAN_POINT ( 'NONE',  ( -0.3488523191601126117, 35.49998606618572694, -19.99993715642229830 ) ) ;
#1860 = VERTEX_POINT ( 'NONE', #3285 ) ;
#1861 = PLANE ( 'NONE',  #8132 ) ;
#1862 = VECTOR ( 'NONE', #4866, 1000.000000000000000 ) ;
#1863 = DIRECTION ( 'NONE',  ( 0.000000000000000000, -0.000000000000000000, 1.000000000000000000 ) ) ;
#1864 = CARTESIAN_POINT ( 'NONE',  ( 23.92529890173263851, -26.22765938673714103, -15.50119477829934667 ) ) ;
#1865 = AXIS2_PLACEMENT_3D ( 'NONE', #7756, #1318, #7659 ) ;
#1866 = CARTESIAN_POINT ( 'NONE',  ( -6.822594280739454398, 10.41206784602108826, -13.46097955520001221 ) ) ;
#1867 = VERTEX_POINT ( 'NONE', #1802 ) ;
#1868 = CARTESIAN_POINT ( 'NONE',  ( -3.548683479326667278, -1.783651293433657026, -29.33318199634417667 ) ) ;
#1869 = CARTESIAN_POINT ( 'NONE',  ( 0.000000000000000000, 0.000000000000000000, -2.000000000000003553 ) ) ;
#1870 = EDGE_CURVE ( 'NONE', #3683, #6352, #2626, .T. ) ;
#1871 = ORIENTED_EDGE ( 'NONE', *, *, #7048, .T. ) ;
#1872 = LINE ( 'NONE', #7562, #4393 ) ;
#1873 = CARTESIAN_POINT ( 'NONE',  ( -13.24739187407795704, 25.31855088620751104, -0.2033801135337983956 ) ) ;
#1874 = CARTESIAN_POINT ( 'NONE',  ( 35.49998606618570562, 0.3488523193554678992, -19.99993715639902447 ) ) ;
#1875 = AXIS2_PLACEMENT_3D ( 'NONE', #8972, #8842, #5387 ) ;
#1876 = CARTESIAN_POINT ( 'NONE',  ( -20.65632790933502605, 8.588713185614375689, -10.50000000000000533 ) ) ;
#1877 = CARTESIAN_POINT ( 'NONE',  ( 4.148653262751434312, -28.49645940093279251, -0.4452998037747735172 ) ) ;
#1878 = CARTESIAN_POINT ( 'NONE',  ( -30.13825535823319157, -9.161635441444326844, -4.500000000000002665 ) ) ;
#1879 = LINE ( 'NONE', #1315, #2640 ) ;
#1880 = VERTEX_POINT ( 'NONE', #4806 ) ;
#1881 = CARTESIAN_POINT ( 'NONE',  ( 12.41165508361677006, 18.10395863023691732, -10.50000000000000178 ) ) ;
#1882 = EDGE_CURVE ( 'NONE', #335, #7090, #5338, .T. ) ;
#1883 = CONICAL_SURFACE ( 'NONE', #7686, 31.50000000000000000, 0.5880026035475672819 ) ;
#1884 = EDGE_CURVE ( 'NONE', #7839, #6328, #8555, .T. ) ;
#1885 = EDGE_CURVE ( 'NONE', #1992, #4193, #6191, .T. ) ;
#1886 = CARTESIAN_POINT ( 'NONE',  ( -23.68807716974887612, -23.68807716974980693, -15.00000000000000178 ) ) ;
#1887 = EDGE_CURVE ( 'NONE', #3794, #3324, #7490, .T. ) ;
#1888 = CIRCLE ( 'NONE', #257, 35.50000000000000000 ) ;
#1889 = CARTESIAN_POINT ( 'NONE',  ( -26.90405087489796188, -23.16078682890419671, -17.82748966708716054 ) ) ;
#1890 = CARTESIAN_POINT ( 'NONE',  ( 25.38832969884829183, 21.85595376811979662, -17.82748966716971850 ) ) ;
#1891 = DIRECTION ( 'NONE',  ( -1.000000000000000000, 0.000000000000000000, 0.000000000000000000 ) ) ;
#1892 = VERTEX_POINT ( 'NONE', #6215 ) ;
#1893 = CARTESIAN_POINT ( 'NONE',  ( 0.3461872145753904229, 35.50000000000000000, -15.00037781293156591 ) ) ;
#1894 = CARTESIAN_POINT ( 'NONE',  ( -33.50000000000000000, -9.259528367083139930E-14, -14.99999999999999645 ) ) ;
#1895 = DIRECTION ( 'NONE',  ( 0.3090169943749447312, 0.9510565162951544194, 0.000000000000000000 ) ) ;
#1896 = ORIENTED_EDGE ( 'NONE', *, *, #3712, .F. ) ;
#1897 = AXIS2_PLACEMENT_3D ( 'NONE', #6965, #586, #7011 ) ;
#1898 = CARTESIAN_POINT ( 'NONE',  ( 33.42902372074241413, -2.183129106438423950, -16.24166244702568207 ) ) ;
#1899 = CARTESIAN_POINT ( 'NONE',  ( -24.85560503878572192, -25.34895672007000300, -19.99993715639902447 ) ) ;
#1900 = CARTESIAN_POINT ( 'NONE',  ( -23.56096221571575455, 26.55543454574761597, -15.96378118959905201 ) ) ;
#1901 = EDGE_LOOP ( 'NONE', ( #3751, #5380, #3217, #511 ) ) ;
#1902 = CARTESIAN_POINT ( 'NONE',  ( 9.804239980301359125, -3.816836514242941902, -15.03576879767909524 ) ) ;
#1903 = CARTESIAN_POINT ( 'NONE',  ( 0.000000000000000000, 0.000000000000000000, -4.500000000000000000 ) ) ;
#1904 = AXIS2_PLACEMENT_3D ( 'NONE', #1651, #7250, #7861 ) ;
#1905 = CARTESIAN_POINT ( 'NONE',  ( 0.000000000000000000, 0.000000000000000000, -2.000000000000003553 ) ) ;
#1906 = ORIENTED_EDGE ( 'NONE', *, *, #1831, .F. ) ;
#1907 = DIRECTION ( 'NONE',  ( 1.526556658859590243E-14, -1.000000000000000000, 0.000000000000000000 ) ) ;
#1908 = B_SPLINE_CURVE_WITH_KNOTS ( 'NONE', 3,
 ( #7064, #6272, #7016, #2090, #1237, #3469, #1993, #3516, #9104, #2721 ),
 .UNSPECIFIED., .F., .F.,
 ( 4, 2, 2, 2, 4 ),
 ( 1.506440298824840640E-16, 0.0004177826574207632333, 0.0008355653148413746782, 0.001253347972261986123, 0.001671130629682597785 ),
 .UNSPECIFIED. ) ;
#1909 = CARTESIAN_POINT ( 'NONE',  ( 3.977834876854677404, 0.2160423916228565167, -10.50000000000997424 ) ) ;
#1910 = VECTOR ( 'NONE', #347, 1000.000000000000227 ) ;
#1911 = CARTESIAN_POINT ( 'NONE',  ( 25.18158761285704728, -22.09419455810778388, -18.75847698606482084 ) ) ;
#1912 = CARTESIAN_POINT ( 'NONE',  ( 20.84164343073354431, 21.79267095526352804, -2.481296856322391609 ) ) ;
#1913 = ORIENTED_EDGE ( 'NONE', *, *, #5792, .F. ) ;
#1914 = CARTESIAN_POINT ( 'NONE',  ( -3.896092524580594407, -1.896794534125033627, -26.37154999122445176 ) ) ;
#1915 = LINE ( 'NONE', #6845, #5261 ) ;
#1916 = ORIENTED_EDGE ( 'NONE', *, *, #5683, .F. ) ;
#1917 = CARTESIAN_POINT ( 'NONE',  ( 4.716323003749812948, 7.512244303861433714, -16.76006576012876792 ) ) ;
#1918 = AXIS2_PLACEMENT_3D ( 'NONE', #3213, #8899, #5354 ) ;
#1919 = CARTESIAN_POINT ( 'NONE',  ( 3.527670837823419614, -1.777087071578154598, -10.50000000000000355 ) ) ;
#1920 = AXIS2_PLACEMENT_3D ( 'NONE', #2129, #2816, #8512 ) ;
#1921 = CARTESIAN_POINT ( 'NONE',  ( 35.49023557169547871, 0.8482685734405781552, -15.12618847594108296 ) ) ;
#1922 = DIRECTION ( 'NONE',  ( 0.000000000000000000, -0.000000000000000000, 1.000000000000000000 ) ) ;
#1923 = EDGE_CURVE ( 'NONE', #837, #3913, #4528, .T. ) ;
#1924 = CARTESIAN_POINT ( 'NONE',  ( -27.91614864679889507, -13.27418757353755119, -3.617112386346103214 ) ) ;
#1925 = AXIS2_PLACEMENT_3D ( 'NONE', #7717, #6438, #8363 ) ;
#1926 = CARTESIAN_POINT ( 'NONE',  ( 3.357037644558543921, -2.221861262263397307, -30.50000000000000711 ) ) ;
#1927 = CYLINDRICAL_SURFACE ( 'NONE', #8599, 1.000000000000000000 ) ;
#1928 = CARTESIAN_POINT ( 'NONE',  ( 1.727638083947385939, 22.06973770414948532, -10.50000000000000533 ) ) ;
#1929 = CARTESIAN_POINT ( 'NONE',  ( -30.13825535823319868, -9.161635441444301975, -10.50000000000000355 ) ) ;
#1930 = B_SPLINE_CURVE_WITH_KNOTS ( 'NONE', 1,
 ( #7933, #5119 ),
 .UNSPECIFIED., .F., .F.,
 ( 2, 2 ),
 ( 0.000000000000000000, 1.000000000000000000 ),
 .UNSPECIFIED. ) ;
#1931 = CARTESIAN_POINT ( 'NONE',  ( -6.105647496087430071, 7.382921856362237634, -4.820036380850611479 ) ) ;
#1932 = ADVANCED_FACE ( 'NONE', ( #4116 ), #6490, .T. ) ;
#1933 = EDGE_CURVE ( 'NONE', #5884, #6404, #8762, .T. ) ;
#1934 = ADVANCED_FACE ( 'NONE', ( #8550 ), #6491, .T. ) ;
#1935 = CARTESIAN_POINT ( 'NONE',  ( -1.533032504231131465, 3.673463205071644477, -10.50000000000474820 ) ) ;
#1936 = CARTESIAN_POINT ( 'NONE',  ( 19.94858328023104832, 20.36347595990375936, -0.1554362787622172171 ) ) ;
#1937 = CARTESIAN_POINT ( 'NONE',  ( 0.000000000000000000, 0.000000000000000000, 0.000000000000000000 ) ) ;
#1938 = VERTEX_POINT ( 'NONE', #4856 ) ;
#1939 = CARTESIAN_POINT ( 'NONE',  ( 0.3460106594768523891, 35.50001387694788946, -19.99991912759713131 ) ) ;
#1940 = CARTESIAN_POINT ( 'NONE',  ( -35.40643814088717534, -2.579121447847568582, -18.15144138419044495 ) ) ;
#1941 = CARTESIAN_POINT ( 'NONE',  ( 0.000000000000000000, 0.000000000000000000, -2.000000000000003553 ) ) ;
#1942 = ORIENTED_EDGE ( 'NONE', *, *, #8494, .T. ) ;
#1943 = DIRECTION ( 'NONE',  ( 0.000000000000000000, 0.000000000000000000, -1.000000000000000000 ) ) ;
#1944 = CARTESIAN_POINT ( 'NONE',  ( -22.09565017586533742, -25.18031213278824865, -16.23749250300987157 ) ) ;
#1945 = CARTESIAN_POINT ( 'NONE',  ( -25.38822273444285216, 21.85607801934516914, -17.82637605769736311 ) ) ;
#1946 = ORIENTED_EDGE ( 'NONE', *, *, #3573, .F. ) ;
#1947 = ORIENTED_EDGE ( 'NONE', *, *, #7529, .F. ) ;
#1948 = CARTESIAN_POINT ( 'NONE',  ( 4.802549233015684038, -0.9298190002238262419, -24.10902650848029438 ) ) ;
#1949 = EDGE_CURVE ( 'NONE', #8812, #1189, #5881, .T. ) ;
#1950 = CARTESIAN_POINT ( 'NONE',  ( -8.484422274688595778, 3.387633242746306728, -9.500000000000005329 ) ) ;
#1951 = CARTESIAN_POINT ( 'NONE',  ( -7.109000419432091711, -0.4971097354359914067, -4.500000000000000000 ) ) ;
#1952 = ORIENTED_EDGE ( 'NONE', *, *, #4981, .T. ) ;
#1953 = CARTESIAN_POINT ( 'NONE',  ( -28.17304202371275323, -4.775155868972386308, -0.2033801135337988120 ) ) ;
#1954 = CARTESIAN_POINT ( 'NONE',  ( 3.550256487453182341, -1.807075951862622043, -30.50000000000000711 ) ) ;
#1955 = CARTESIAN_POINT ( 'NONE',  ( 24.56387081831428532, -22.78065227423843453, -19.68347431263111247 ) ) ;
#1956 = CARTESIAN_POINT ( 'NONE',  ( -2.583398130026994810, 4.576547920133944736, -23.02168501096382158 ) ) ;
#1957 = VERTEX_POINT ( 'NONE', #1784 ) ;
#1958 = CARTESIAN_POINT ( 'NONE',  ( 29.76743496498354702, -10.30290326099762410, -4.500000000000002665 ) ) ;
#1959 = CARTESIAN_POINT ( 'NONE',  ( 9.203004470695097083, 11.64606599253948893, -12.12454682586698418 ) ) ;
#1960 = ADVANCED_FACE ( 'NONE', ( #8858 ), #4390, .F. ) ;
#1961 = ADVANCED_FACE ( 'NONE', ( #3170 ), #8687, .F. ) ;
#1962 = DIRECTION ( 'NONE',  ( 0.000000000000000000, 0.000000000000000000, 1.000000000000000000 ) ) ;
#1963 = EDGE_LOOP ( 'NONE', ( #362, #3670 ) ) ;
#1964 = CARTESIAN_POINT ( 'NONE',  ( 1.886081234732308154, 3.616382587185505759, -28.08946740259532504 ) ) ;
#1965 = CARTESIAN_POINT ( 'NONE',  ( 27.59365244646933490, -4.541067284790084813, -2.168404344971008868E-16 ) ) ;
#1966 = DIRECTION ( 'NONE',  ( -0.000000000000000000, -0.000000000000000000, 1.000000000000000000 ) ) ;
#1967 = DIRECTION ( 'NONE',  ( -0.000000000000000000, -0.000000000000000000, -1.000000000000000000 ) ) ;
#1968 = ORIENTED_EDGE ( 'NONE', *, *, #1134, .F. ) ;
#1969 = DIRECTION ( 'NONE',  ( 1.000000000000000000, 0.000000000000000000, 0.000000000000000000 ) ) ;
#1970 = PLANE ( 'NONE',  #5740 ) ;
#1971 = CARTESIAN_POINT ( 'NONE',  ( -35.49466771488430794, 0.6936622672676818757, -15.06543078863676222 ) ) ;
#1972 = VERTEX_POINT ( 'NONE', #3917 ) ;
#1973 = FACE_BOUND ( 'NONE', #3322, .T. ) ;
#1974 = CARTESIAN_POINT ( 'NONE',  ( -0.5999999999995775379, -29.49389767392570860, -4.500000000000002665 ) ) ;
#1975 = CARTESIAN_POINT ( 'NONE',  ( 0.5997497318110170950, -3.925694722962149719, -29.33312973188582973 ) ) ;
#1976 = B_SPLINE_CURVE_WITH_KNOTS ( 'NONE', 3,
 ( #1965, #4053, #6890, #2013, #6848, #4837 ),
 .UNSPECIFIED., .F., .F.,
 ( 4, 2, 4 ),
 ( 0.0009969199348458435053, 0.001494136143687327736, 0.001991352352528811750 ),
 .UNSPECIFIED. ) ;
#1977 = EDGE_CURVE ( 'NONE', #8368, #4448, #6765, .T. ) ;
#1978 = CARTESIAN_POINT ( 'NONE',  ( -26.85887866667193080, -23.21353570191319804, -18.15506602328148489 ) ) ;
#1979 = CARTESIAN_POINT ( 'NONE',  ( 12.97867687848855489, 24.99830882482989836, -2.499859741078402475 ) ) ;
#1980 = EDGE_CURVE ( 'NONE', #5667, #8368, #2639, .T. ) ;
#1981 = B_SPLINE_CURVE_WITH_KNOTS ( 'NONE', 1,
 ( #7130, #5678 ),
 .UNSPECIFIED., .F., .F.,
 ( 2, 2 ),
 ( 0.000000000000000000, 1.000000000000000000 ),
 .UNSPECIFIED. ) ;
#1982 = CARTESIAN_POINT ( 'NONE',  ( -24.85749940513937872, 25.34708205910549950, -15.00037781293156236 ) ) ;
#1983 = ORIENTED_EDGE ( 'NONE', *, *, #8422, .F. ) ;
#1984 = DIRECTION ( 'NONE',  ( -0.000000000000000000, -0.000000000000000000, 1.000000000000000000 ) ) ;
#1985 = CARTESIAN_POINT ( 'NONE',  ( 6.318024555380956642, 7.675233801096926101, -2.700039325476422558 ) ) ;
#1986 = CARTESIAN_POINT ( 'NONE',  ( 18.99728656626161438, 25.12674079779023373, -2.000000000000003553 ) ) ;
#1987 = ORIENTED_EDGE ( 'NONE', *, *, #9142, .F. ) ;
#1988 = EDGE_CURVE ( 'NONE', #8833, #6649, #5362, .T. ) ;
#1989 = CARTESIAN_POINT ( 'NONE',  ( 13.25113100649824283, 7.758231914844540889, -2.000000000000003553 ) ) ;
#1990 = CARTESIAN_POINT ( 'NONE',  ( -23.56049693493068276, -26.55587143682548046, -15.96412339891131005 ) ) ;
#1991 = CARTESIAN_POINT ( 'NONE',  ( -21.90531871837290367, 25.34605869684363810, -16.84589223794203150 ) ) ;
#1992 = VERTEX_POINT ( 'NONE', #4012 ) ;
#1993 = CARTESIAN_POINT ( 'NONE',  ( 4.574291522468234561, -29.04574707484870544, -4.355214366836870354 ) ) ;
#1994 = CARTESIAN_POINT ( 'NONE',  ( 0.000000000000000000, 0.000000000000000000, -2.000000000000003553 ) ) ;
#1995 = DIRECTION ( 'NONE',  ( 0.000000000000000000, 0.000000000000000000, -1.000000000000000000 ) ) ;
#1996 = ORIENTED_EDGE ( 'NONE', *, *, #1404, .F. ) ;
#1997 = CARTESIAN_POINT ( 'NONE',  ( -23.68807716974887612, -23.68807716974980693, -15.00000000000000178 ) ) ;
#1998 = ADVANCED_FACE ( 'NONE', ( #852 ), #1030, .F. ) ;
#1999 = CARTESIAN_POINT ( 'NONE',  ( 24.56247308264091345, 22.78214836873724281, -15.31533489716144381 ) ) ;
#2000 = EDGE_CURVE ( 'NONE', #8797, #6600, #6708, .T. ) ;
#2001 = DIRECTION ( 'NONE',  ( 1.000000000000000000, 0.000000000000000000, 0.000000000000000000 ) ) ;
#2002 = CIRCLE ( 'NONE', #7354, 31.50000000000000000 ) ;
#2003 = CARTESIAN_POINT ( 'NONE',  ( -3.527670837823367656, -1.777087071578255184, -10.44999999999990514 ) ) ;
#2004 = EDGE_CURVE ( 'NONE', #6884, #4447, #6467, .T. ) ;
#2005 = CARTESIAN_POINT ( 'NONE',  ( 20.10612957175407089, 20.61560273015042810, -0.4452998037747740168 ) ) ;
#2006 = ORIENTED_EDGE ( 'NONE', *, *, #441, .F. ) ;
#2007 = DIRECTION ( 'NONE',  ( -0.000000000000000000, -0.000000000000000000, 1.000000000000000000 ) ) ;
#2008 = CARTESIAN_POINT ( 'NONE',  ( -30.13825535823319868, -9.161635441444332173, -2.000000000000003553 ) ) ;
#2009 = CARTESIAN_POINT ( 'NONE',  ( 22.30316851333123296, 22.24452009520435070, -4.500000000000000000 ) ) ;
#2010 = ORIENTED_EDGE ( 'NONE', *, *, #1230, .T. ) ;
#2011 = CARTESIAN_POINT ( 'NONE',  ( 1.921440527655908781, 3.665216139645826932, -27.60857393871922838 ) ) ;
#2012 = VECTOR ( 'NONE', #8790, 1000.000000000000114 ) ;
#2013 = CARTESIAN_POINT ( 'NONE',  ( 28.17636207660364889, -4.776497257411044473, -0.1936872831438099241 ) ) ;
#2014 = CARTESIAN_POINT ( 'NONE',  ( -30.93743214336845782, -5.392217833507306324, -4.355391244064601430 ) ) ;
#2015 = CARTESIAN_POINT ( 'NONE',  ( -2.313451882477974397, 35.42478891475113301, -18.75847698617484127 ) ) ;
#2016 = AXIS2_PLACEMENT_3D ( 'NONE', #7700, #3353, #5588 ) ;
#2017 = CARTESIAN_POINT ( 'NONE',  ( 0.6940836976016042659, -35.49466737621365553, -19.93459846099844057 ) ) ;
#2018 = CARTESIAN_POINT ( 'NONE',  ( -35.43769088424033242, 2.116661196921948651, -19.03685471089824333 ) ) ;
#2019 = ORIENTED_EDGE ( 'NONE', *, *, #3520, .T. ) ;
#2020 = CARTESIAN_POINT ( 'NONE',  ( 25.34696702842521887, 24.85763406078757143, -19.99991912763202251 ) ) ;
#2021 = CIRCLE ( 'NONE', #2899, 28.79686653584985123 ) ;
#2022 = CARTESIAN_POINT ( 'NONE',  ( -33.40677098190899841, -2.497529291853560984, -17.16962608726845119 ) ) ;
#2023 = VECTOR ( 'NONE', #5061, 1000.000000000000000 ) ;
#2024 = CARTESIAN_POINT ( 'NONE',  ( 0.5998309871459286402, -4.910804481674390765, -23.93020074346758719 ) ) ;
#2025 = B_SPLINE_CURVE_WITH_KNOTS ( 'NONE', 3,
 ( #5074, #7931, #885, #1536, #6570, #5168, #8027, #1632, #7323, #9173, #2651, #8493, #8350, #4885, #4145, #1308, #699, #567, #5538, #2796 ),
 .UNSPECIFIED., .F., .F.,
 ( 4, 2, 2, 2, 2, 2, 2, 2, 2, 4 ),
 ( 0.5000000000000000000, 0.5625000000000002220, 0.6250000000000005551, 0.6875000000000007772, 0.7500000000000011102, 0.8125000000000013323, 0.8437500000000012212, 0.8750000000000011102, 0.9375000000000005551, 1.000000000000000000 ),
 .UNSPECIFIED. ) ;
#2026 = AXIS2_PLACEMENT_3D ( 'NONE', #7069, #2725, #6228 ) ;
#2027 = CARTESIAN_POINT ( 'NONE',  ( 17.39192275905898555, 13.66745356262946487, -10.50000000000000533 ) ) ;
#2028 = CARTESIAN_POINT ( 'NONE',  ( 23.68807716974902888, 23.68807716974965416, -15.00000000000000000 ) ) ;
#2029 = CARTESIAN_POINT ( 'NONE',  ( -26.03037056872302912, 24.14069121591877831, -19.68347431259574520 ) ) ;
#2030 = ORIENTED_EDGE ( 'NONE', *, *, #1127, .T. ) ;
#2031 = CARTESIAN_POINT ( 'NONE',  ( 4.146049948680574637, -28.53368852662156385, -3.500000000002559286 ) ) ;
#2032 = DIRECTION ( 'NONE',  ( 1.000000000000000000, 0.000000000000000000, 0.000000000000000000 ) ) ;
#2033 = EDGE_LOOP ( 'NONE', ( #6672, #6935, #7401, #1947 ) ) ;
#2034 = VECTOR ( 'NONE', #3002, 1000.000000000000000 ) ;
#2035 = CARTESIAN_POINT ( 'NONE',  ( 4.871155301354686884, 7.725351058614442046, -4.099999999999998757 ) ) ;
#2036 = EDGE_CURVE ( 'NONE', #5217, #3903, #5794, .T. ) ;
#2037 = CARTESIAN_POINT ( 'NONE',  ( -23.16091849810791459, -26.90393752456239440, -17.82637605772025680 ) ) ;
#2038 = CARTESIAN_POINT ( 'NONE',  ( -21.90573087360730398, 25.34570240378618067, -18.15506602320147422 ) ) ;
#2039 = ORIENTED_EDGE ( 'NONE', *, *, #509, .T. ) ;
#2040 = AXIS2_PLACEMENT_3D ( 'NONE', #9038, #7793, #6247 ) ;
#2041 = VERTEX_POINT ( 'NONE', #4655 ) ;
#2042 = CARTESIAN_POINT ( 'NONE',  ( 4.208095910700447639, -27.64638993119861254, -2.168404344971008868E-16 ) ) ;
#2043 = DIRECTION ( 'NONE',  ( 0.000000000000000000, 0.000000000000000000, -1.000000000000000000 ) ) ;
#2044 = CARTESIAN_POINT ( 'NONE',  ( 16.85066788873168164, 24.21373559993721614, 0.000000000000000000 ) ) ;
#2045 = ORIENTED_EDGE ( 'NONE', *, *, #1786, .T. ) ;
#2046 = CARTESIAN_POINT ( 'NONE',  ( -26.16638013453934875, -13.58007597021139290, -4.470314497633390616 ) ) ;
#2047 = CARTESIAN_POINT ( 'NONE',  ( 25.38832969884829183, 21.85595376811979662, -17.82748966716971850 ) ) ;
#2048 = B_SPLINE_CURVE_WITH_KNOTS ( 'NONE', 3,
 ( #4359, #7828, #9164, #7026, #6327, #6460, #1387, #1435, #7782, #4318, #4224, #7078, #7741, #4274, #7127, #7168, #777, #3618 ),
 .UNSPECIFIED., .F., .F.,
 ( 4, 2, 2, 2, 2, 2, 2, 2, 4 ),
 ( 0.000000000000000000, 0.06250000000000000000, 0.1250000000000000000, 0.1875000000000000000, 0.2500000000000000000, 0.3125000000000000000, 0.3750000000000000000, 0.4375000000000000000, 0.5000000000000000000 ),
 .UNSPECIFIED. ) ;
#2049 = CARTESIAN_POINT ( 'NONE',  ( -4.877362519149850861, -2.215628482682955092, -9.047317909798888280 ) ) ;
#2050 = EDGE_CURVE ( 'NONE', #1844, #8856, #7971, .T. ) ;
#2051 = FACE_OUTER_BOUND ( 'NONE', #4459, .T. ) ;
#2052 = CIRCLE ( 'NONE', #6954, 6.000000000000000888 ) ;
#2053 = DIRECTION ( 'NONE',  ( -0.000000000000000000, -0.000000000000000000, 1.000000000000000000 ) ) ;
#2054 = VERTEX_POINT ( 'NONE', #5836 ) ;
#2055 = CARTESIAN_POINT ( 'NONE',  ( -12.44504379105625347, -4.674736304922181063, -12.96076883715302053 ) ) ;
#2056 = CARTESIAN_POINT ( 'NONE',  ( 4.195284013071764129, 4.749386700591427868, -20.52155415895242641 ) ) ;
#2057 = CARTESIAN_POINT ( 'NONE',  ( -15.28056448235628473, 1.512277916403987676, 0.000000000000000000 ) ) ;
#2058 = EDGE_LOOP ( 'NONE', ( #6777, #4217, #5487, #4956, #3915, #5923 ) ) ;
#2059 = CARTESIAN_POINT ( 'NONE',  ( 9.429235620812560725, 13.99948948805301185, -11.26019504926487791 ) ) ;
#2060 = DIRECTION ( 'NONE',  ( -0.9510565162951497564, -0.3090169943749588866, 0.000000000000000000 ) ) ;
#2061 = CIRCLE ( 'NONE', #9044, 27.96481624151200762 ) ;
#2062 = CARTESIAN_POINT ( 'NONE',  ( -9.558950940025852105, -2.474820748546167959, -15.66375253326589601 ) ) ;
#2063 = CARTESIAN_POINT ( 'NONE',  ( 0.3266837095288894766, 33.50000000000000000, -15.00037781293156591 ) ) ;
#2064 = ORIENTED_EDGE ( 'NONE', *, *, #3998, .F. ) ;
#2065 = CARTESIAN_POINT ( 'NONE',  ( 2.646714135716042637, -35.40119919275837646, -17.82637605771441969 ) ) ;
#2066 = CARTESIAN_POINT ( 'NONE',  ( -35.46350419275770349, -1.627996760144233335, -19.49867079322195806 ) ) ;
#2067 = ORIENTED_EDGE ( 'NONE', *, *, #8868, .F. ) ;
#2068 = AXIS2_PLACEMENT_3D ( 'NONE', #112, #5689, #8538 ) ;
#2069 = AXIS2_PLACEMENT_3D ( 'NONE', #7152, #1508, #1418 ) ;
#2070 = CARTESIAN_POINT ( 'NONE',  ( 26.02888938608216307, 24.14227662955737941, -15.31533489716144381 ) ) ;
#2071 = CARTESIAN_POINT ( 'NONE',  ( -12.97867687848818008, 24.99830882482945071, -2.499859741077550268 ) ) ;
#2072 = CARTESIAN_POINT ( 'NONE',  ( 0.5999999773589501650, -4.217231016461936655, -26.80178276005529270 ) ) ;
#2073 = CONICAL_SURFACE ( 'NONE', #140, 31.50000000000000000, 0.5880026035475672819 ) ;
#2074 = CARTESIAN_POINT ( 'NONE',  ( -23.45635784825377357, -23.91807993412865585, -15.01551170377322109 ) ) ;
#2075 = CARTESIAN_POINT ( 'NONE',  ( 19.83147157746930134, 20.17605805821935050, -0.04062238679463880953 ) ) ;
#2076 = CARTESIAN_POINT ( 'NONE',  ( 0.001340783090431104784, -33.49999997316866285, -19.99992814200971480 ) ) ;
#2077 = VERTEX_POINT ( 'NONE', #1071 ) ;
#2078 = CARTESIAN_POINT ( 'NONE',  ( 1.628014711680058735, 35.46349690234318075, -15.50119477827131931 ) ) ;
#2079 =( LENGTH_UNIT ( ) NAMED_UNIT ( * ) SI_UNIT ( .MILLI., .METRE. ) );
#2080 = AXIS2_PLACEMENT_3D ( 'NONE', #6775, #1846, #9055 ) ;
#2081 = CARTESIAN_POINT ( 'NONE',  ( 3.332745408899236317, 2.258378768276693815, -10.50000000000000533 ) ) ;
#2082 = ORIENTED_EDGE ( 'NONE', *, *, #3072, .F. ) ;
#2083 = B_SPLINE_CURVE_WITH_KNOTS ( 'NONE', 1,
 ( #8923, #6911 ),
 .UNSPECIFIED., .F., .F.,
 ( 2, 2 ),
 ( 0.000000000000000000, 1.000000000000000000 ),
 .UNSPECIFIED. ) ;
#2084 = CARTESIAN_POINT ( 'NONE',  ( 33.40675321179271151, -2.497766974317136235, -17.82748966696158988 ) ) ;
#2085 = B_SPLINE_CURVE_WITH_KNOTS ( 'NONE', 3,
 ( #4107, #6858, #4021, #1931, #6295, #4195 ),
 .UNSPECIFIED., .F., .F.,
 ( 4, 2, 4 ),
 ( 0.005212208753388718023, 0.01122138280558866719, 0.01723055685778861895 ),
 .UNSPECIFIED. ) ;
#2086 = CARTESIAN_POINT ( 'NONE',  ( -24.14069121598063106, -26.03037056866460830, -19.68347431264994896 ) ) ;
#2087 = CARTESIAN_POINT ( 'NONE',  ( -24.56387081837243258, 22.78065227417687311, -19.68347431259574520 ) ) ;
#2088 = ORIENTED_EDGE ( 'NONE', *, *, #3916, .F. ) ;
#2089 = ORIENTED_EDGE ( 'NONE', *, *, #2652, .F. ) ;
#2090 = CARTESIAN_POINT ( 'NONE',  ( 4.230266776187329825, -28.83286164451642009, -3.962284092018673043 ) ) ;
#2091 = DIRECTION ( 'NONE',  ( 0.9271838545667869802, 0.3746065934159130140, 0.000000000000000000 ) ) ;
#2092 = CARTESIAN_POINT ( 'NONE',  ( -2.577814582235132601, 35.40653470733737862, -16.84523636482767373 ) ) ;
#2093 = ORIENTED_EDGE ( 'NONE', *, *, #3281, .T. ) ;
#2094 = CARTESIAN_POINT ( 'NONE',  ( -23.45635784825377357, -23.91807993412865585, -15.01551170377322109 ) ) ;
#2095 = CARTESIAN_POINT ( 'NONE',  ( 23.41479347003184941, 26.68361434959709655, -16.23749250284440393 ) ) ;
#2096 = CARTESIAN_POINT ( 'NONE',  ( -2.965519056004009002, 2.659988975725189775, -30.50000000000000711 ) ) ;
#2097 = VERTEX_POINT ( 'NONE', #3874 ) ;
#2098 = CARTESIAN_POINT ( 'NONE',  ( 25.05976600379159080, -22.23314499490491158, -15.96412339890090593 ) ) ;
#2099 = CARTESIAN_POINT ( 'NONE',  ( 0.000000000000000000, 0.000000000000000000, 0.000000000000000000 ) ) ;
#2100 = ADVANCED_FACE ( 'NONE', ( #6752 ), #2299, .F. ) ;
#2101 = CARTESIAN_POINT ( 'NONE',  ( -2.004251215287316423, 3.779384583154357102, -26.69833697351207746 ) ) ;
#2102 = EDGE_CURVE ( 'NONE', #754, #1128, #2978, .T. ) ;
#2103 = EDGE_LOOP ( 'NONE', ( #4680, #930, #5143, #7497 ) ) ;
#2104 = CARTESIAN_POINT ( 'NONE',  ( -8.240109149134479338, -3.308251297880096420, -16.74913176477472376 ) ) ;
#2105 = CARTESIAN_POINT ( 'NONE',  ( 2.970231521820513532, 3.067394938829357987, -26.74521464404343973 ) ) ;
#2106 = CARTESIAN_POINT ( 'NONE',  ( -2.780220478896689773, 2.805864232054616991, -30.50000000000000711 ) ) ;
#2107 = ORIENTED_EDGE ( 'NONE', *, *, #1540, .T. ) ;
#2108 = DIRECTION ( 'NONE',  ( 1.000000000000000000, 0.000000000000000000, 0.000000000000000000 ) ) ;
#2109 = DIRECTION ( 'NONE',  ( -0.9510565162951587492, 0.3090169943749315196, 0.000000000000000000 ) ) ;
#2110 = EDGE_CURVE ( 'NONE', #5243, #6360, #1314, .T. ) ;
#2111 = CARTESIAN_POINT ( 'NONE',  ( -5.964768736794712645, 9.230580819138209492, -3.410121845480087011 ) ) ;
#2112 = CARTESIAN_POINT ( 'NONE',  ( -1.627996760174019286, 35.46350419275613319, -19.49867079320532781 ) ) ;
#2113 = VERTEX_POINT ( 'NONE', #4700 ) ;
#2114 = FACE_OUTER_BOUND ( 'NONE', #6457, .T. ) ;
#2115 = CARTESIAN_POINT ( 'NONE',  ( 8.866867398744403772, -3.511897196280279854, -3.400044570078940787 ) ) ;
#2116 = EDGE_LOOP ( 'NONE', ( #2314, #6834, #7326, #1842, #6691, #271, #4259 ) ) ;
#2117 = CARTESIAN_POINT ( 'NONE',  ( -4.003495269360893616, -30.57231541889899873, -3.499999999999999112 ) ) ;
#2118 = CARTESIAN_POINT ( 'NONE',  ( 1.998722883309458132, -33.44113806922586463, -15.96412339898252064 ) ) ;
#2119 = CARTESIAN_POINT ( 'NONE',  ( 23.16095991134165644, -26.90390187311619030, -17.17385420697664600 ) ) ;
#2120 = EDGE_CURVE ( 'NONE', #3762, #2128, #6908, .T. ) ;
#2121 = CARTESIAN_POINT ( 'NONE',  ( -21.85613440037520405, -25.38817419733288361, -17.16962608725161488 ) ) ;
#2122 = CARTESIAN_POINT ( 'NONE',  ( 24.61364160594155237, 25.58366996587428233, -15.06280857718573429 ) ) ;
#2123 = B_SPLINE_CURVE_WITH_KNOTS ( 'NONE', 3,
 ( #2587, #3997, #8241, #4640, #7498, #8156, #414, #6835, #458, #3252, #5999, #8288, #3202, #1767, #5433, #6046, #1011, #6092, #1902, #3335, #9017, #5301, #2633, #5347, #4731, #7593, #1100, #8933, #1198, #3855, #2545, #4600, #4040, #3948, #6876, #6174, #5478, #8335, #6692, #4550, #3900, #7406, #323, #2456, #3154, #7456, #1057, #6735, #371, #546, #8375, #679, #635, #7635, #7730, #3424, #5567, #3564, #1286, #4863 ),
 .UNSPECIFIED., .F., .F.,
 ( 4, 2, 2, 2, 1, 1, 1, 1, 2, 2, 2, 2, 2, 1, 1, 1, 1, 2, 2, 2, 2, 2, 2, 1, 1, 2, 2, 2, 2, 2, 1, 1, 1, 1, 2, 2, 4 ),
 ( 0.000000000000000000, 0.1250000000000192624, 0.1875000000000289491, 0.2187500000000339173, 0.2343750000000364431, 0.2421875000000376921, 0.2460937500000382749, 0.2480468750000385525, 0.2490234375000387468, 0.2500000000000389133, 0.3750000000000631162, 0.4375000000000753286, 0.4687500000000814904, 0.4843750000000848210, 0.4921875000000864309, 0.4960937500000873190, 0.4980468750000876521, 0.4990234375000875411, 0.5000000000000874856, 0.6250000000000862643, 0.6875000000000857092, 0.7187500000000855982, 0.7343750000000853762, 0.7421875000000851541, 0.7460937500000850431, 0.7480468750000848210, 0.7500000000000847100, 0.8125000000000780487, 0.8437500000000747180, 0.8593750000000730527, 0.8671875000000720535, 0.8710937500000717204, 0.8730468750000716094, 0.8740234375000717204, 0.8745117187500716094, 0.8750000000000713873, 1.000000000000000000 ),
 .UNSPECIFIED. ) ;
#2124 = CARTESIAN_POINT ( 'NONE',  ( -23.92529890161323181, 26.22765938684457154, -15.50119477845026417 ) ) ;
#2125 = ORIENTED_EDGE ( 'NONE', *, *, #9090, .T. ) ;
#2126 = CARTESIAN_POINT ( 'NONE',  ( 5.195179803188689327, -13.53043261734599234, -4.500000000000000000 ) ) ;
#2127 = CARTESIAN_POINT ( 'NONE',  ( -18.51990575427484131, 12.54977511514125332, -10.50000000000000533 ) ) ;
#2128 = VERTEX_POINT ( 'NONE', #2604 ) ;
#2129 = CARTESIAN_POINT ( 'NONE',  ( 0.6000000000000542677, -3.904164443257983841, -10.50000000000000355 ) ) ;
#2130 = CARTESIAN_POINT ( 'NONE',  ( -14.50701861473409338, 27.93825337371693251, -4.469861726502639243 ) ) ;
#2131 = CARTESIAN_POINT ( 'NONE',  ( -25.22468639561398618, 24.97989506863089204, -14.99981109353421793 ) ) ;
#2132 = ORIENTED_EDGE ( 'NONE', *, *, #8885, .T. ) ;
#2133 = CARTESIAN_POINT ( 'NONE',  ( 7.872147553651020147, -1.925768722086959928, -17.71489155201860299 ) ) ;
#2134 = CARTESIAN_POINT ( 'NONE',  ( -2.294974802407375503, 5.680261962360138916, -2.000000000000003553 ) ) ;
#2135 = LINE ( 'NONE', #3566, #3045 ) ;
#2136 = EDGE_LOOP ( 'NONE', ( #2503, #6527 ) ) ;
#2137 = CARTESIAN_POINT ( 'NONE',  ( 22.09565017594555059, 25.18031213271838809, -16.23749250284440393 ) ) ;
#2138 = CARTESIAN_POINT ( 'NONE',  ( 0.000000000000000000, 0.000000000000000000, -33.00000000000000000 ) ) ;
#2139 = CARTESIAN_POINT ( 'NONE',  ( -25.34661596825050012, 21.90467636906659266, -18.15144138444374633 ) ) ;
#2140 = CARTESIAN_POINT ( 'NONE',  ( -1.333172084535962032, -35.47640828685002390, -19.68467263743957929 ) ) ;
#2141 = CARTESIAN_POINT ( 'NONE',  ( 0.7770717392865699180, -3.950003636420202469, -30.50000000000000711 ) ) ;
#2142 = CARTESIAN_POINT ( 'NONE',  ( -1.997079114217485518, 3.769523813143363711, -26.76844687673049705 ) ) ;
#2143 = ORIENTED_EDGE ( 'NONE', *, *, #6017, .T. ) ;
#2144 = CARTESIAN_POINT ( 'NONE',  ( -13.80623550337940486, -5.116795180421517486, -12.18225784052796712 ) ) ;
#2145 = CARTESIAN_POINT ( 'NONE',  ( 5.195179803188689327, -13.53043261734599234, 0.000000000000000000 ) ) ;
#2146 = CARTESIAN_POINT ( 'NONE',  ( -3.332725053872507281, 2.258409185433494226, -10.50000000000000533 ) ) ;
#2147 = ORIENTED_EDGE ( 'NONE', *, *, #4704, .T. ) ;
#2148 = DIRECTION ( 'NONE',  ( 0.5299192642332088976, -0.8480480961564234033, -0.000000000000000000 ) ) ;
#2149 = CYLINDRICAL_SURFACE ( 'NONE', #5128, 31.50000000000000000 ) ;
#2150 = CIRCLE ( 'NONE', #6013, 31.50000000000000000 ) ;
#2151 = CARTESIAN_POINT ( 'NONE',  ( 2.030270917882635917, -1.840000000000000080, -44.49999999999998579 ) ) ;
#2152 = CARTESIAN_POINT ( 'NONE',  ( -0.3459785682701535525, 35.49871374579731054, -15.01551170377321043 ) ) ;
#2153 = DIRECTION ( 'NONE',  ( -0.8090169943749512260, 0.5877852522924680301, 0.000000000000000000 ) ) ;
#2154 = ADVANCED_FACE ( 'NONE', ( #7608 ), #518, .F. ) ;
#2155 = CARTESIAN_POINT ( 'NONE',  ( -33.44120125695919654, 1.997412678785500439, -19.03685471089824333 ) ) ;
#2156 = ORIENTED_EDGE ( 'NONE', *, *, #3977, .F. ) ;
#2157 = CARTESIAN_POINT ( 'NONE',  ( -24.85749940513937517, 25.34708205910549950, -15.00037781293155703 ) ) ;
#2158 = CARTESIAN_POINT ( 'NONE',  ( 0.5999819806688203583, -4.171231015536333686, -27.07984765087729073 ) ) ;
#2159 = CARTESIAN_POINT ( 'NONE',  ( -22.23314499493458740, -25.05976600376488861, -15.96412339891131005 ) ) ;
#2160 = ADVANCED_FACE ( 'NONE', ( #608 ), #5537, .F. ) ;
#2161 = CARTESIAN_POINT ( 'NONE',  ( 24.14135429462767846, 26.02980089915742212, -15.31632817220721243 ) ) ;
#2162 = EDGE_CURVE ( 'NONE', #2366, #5804, #1976, .T. ) ;
#2163 = CARTESIAN_POINT ( 'NONE',  ( -24.14227662959824983, 26.02888938604356284, -15.31533489714581542 ) ) ;
#2164 = VECTOR ( 'NONE', #8798, 1000.000000000000227 ) ;
#2165 = CARTESIAN_POINT ( 'NONE',  ( -0.7770944667925187010, -3.949998949746297505, -10.50000000000749623 ) ) ;
#2166 = CARTESIAN_POINT ( 'NONE',  ( 35.50000000000000711, -8.691081090493156209E-15, -15.00000000000000355 ) ) ;
#2167 = CARTESIAN_POINT ( 'NONE',  ( 28.38374776655670573, -4.860286515014993647, -0.4452998037747718518 ) ) ;
#2168 = AXIS2_PLACEMENT_3D ( 'NONE', #647, #3532, #603 ) ;
#2169 = CARTESIAN_POINT ( 'NONE',  ( -4.972854868134849227, -29.07315775918650402, -4.492960760209226301 ) ) ;
#2170 = DIRECTION ( 'NONE',  ( -0.9702957262759981383, 0.2419218955996609577, 0.000000000000000000 ) ) ;
#2171 = ORIENTED_EDGE ( 'NONE', *, *, #444, .F. ) ;
#2172 = CARTESIAN_POINT ( 'NONE',  ( -35.46349690234730900, 1.628014711601901032, -15.50119477818428138 ) ) ;
#2173 = CARTESIAN_POINT ( 'NONE',  ( 35.43763597682537636, -2.117595935388774109, -15.96389440041313534 ) ) ;
#2174 = CARTESIAN_POINT ( 'NONE',  ( 14.47360495703819439, 0.7597759851426028055, -4.500000000000000000 ) ) ;
#2175 = VERTEX_POINT ( 'NONE', #1211 ) ;
#2176 = DIRECTION ( 'NONE',  ( 1.000000000000000000, 0.000000000000000000, 0.000000000000000000 ) ) ;
#2177 = CARTESIAN_POINT ( 'NONE',  ( -0.2160423916216004381, 3.977834876854215995, -10.49999999999502087 ) ) ;
#2178 = CIRCLE ( 'NONE', #8587, 10.34529946162073166 ) ;
#2179 = LINE ( 'NONE', #3013, #2915 ) ;
#2180 = CARTESIAN_POINT ( 'NONE',  ( 0.001420829842098642092, -35.49999997156679399, -19.99992814200971480 ) ) ;
#2181 = CARTESIAN_POINT ( 'NONE',  ( 15.44972555164448380, 15.59193638964908857, -10.50000000000000533 ) ) ;
#2182 = CARTESIAN_POINT ( 'NONE',  ( -2.103388519329395745, 3.915231851373166982, -25.83607435133747998 ) ) ;
#2183 = ORIENTED_EDGE ( 'NONE', *, *, #6863, .F. ) ;
#2184 = CARTESIAN_POINT ( 'NONE',  ( 3.527653735345242403, -1.777121021063213790, -30.50000000000000711 ) ) ;
#2185 = DIRECTION ( 'NONE',  ( -0.000000000000000000, -0.000000000000000000, 1.000000000000000000 ) ) ;
#2186 = CARTESIAN_POINT ( 'NONE',  ( -1.552652249529415940, -3.714248269535422864, -10.50000000000749978 ) ) ;
#2187 = ORIENTED_EDGE ( 'NONE', *, *, #2457, .F. ) ;
#2188 = CARTESIAN_POINT ( 'NONE',  ( 8.155925046469331363, 12.24644881673913765, -12.18731444936645225 ) ) ;
#2189 = CARTESIAN_POINT ( 'NONE',  ( 3.898491231073332841, -0.6358192520239684953, -10.50000000000000355 ) ) ;
#2190 = CARTESIAN_POINT ( 'NONE',  ( -4.228956183562848636, -0.7432210899009483729, -26.60270930056044136 ) ) ;
#2191 = DIRECTION ( 'NONE',  ( -0.000000000000000000, -0.000000000000000000, 1.000000000000000000 ) ) ;
#2192 = B_SPLINE_CURVE_WITH_KNOTS ( 'NONE', 3,
 ( #6214, #9009, #5424, #1277 ),
 .UNSPECIFIED., .F., .F.,
 ( 4, 4 ),
 ( 0.000000000000000000, 1.000000000000000000 ),
 .UNSPECIFIED. ) ;
#2193 = ORIENTED_EDGE ( 'NONE', *, *, #2557, .T. ) ;
#2194 = VECTOR ( 'NONE', #8580, 1000.000000000000000 ) ;
#2195 = CARTESIAN_POINT ( 'NONE',  ( -35.47640828685189263, 1.333172084470629404, -19.68467263745364804 ) ) ;
#2196 = DIRECTION ( 'NONE',  ( 0.9510565162951590823, -0.3090169943749303538, 0.000000000000000000 ) ) ;
#2197 = ORIENTED_EDGE ( 'NONE', *, *, #8816, .F. ) ;
#2198 = CARTESIAN_POINT ( 'NONE',  ( 25.38832969884829183, 21.85595376811979662, -17.82748966716971850 ) ) ;
#2199 = CIRCLE ( 'NONE', #422, 29.50000000000000000 ) ;
#2200 = CARTESIAN_POINT ( 'NONE',  ( 0.000000000000000000, 33.49999999999999289, -1.500000000000000000 ) ) ;
#2201 = DIRECTION ( 'NONE',  ( 1.000000000000000000, 0.000000000000000000, 0.000000000000000000 ) ) ;
#2202 = B_SPLINE_CURVE_WITH_KNOTS ( 'NONE', 3,
 ( #6288, #652, #5493, #4787 ),
 .UNSPECIFIED., .F., .F.,
 ( 4, 4 ),
 ( 2.421166979548702299E-07, 0.003696380871774865382 ),
 .UNSPECIFIED. ) ;
#2203 = CARTESIAN_POINT ( 'NONE',  ( 2.578222545417046874, 35.40650189164566797, -16.84589223775190803 ) ) ;
#2204 = CARTESIAN_POINT ( 'NONE',  ( -2.892077270921111776, 2.960022734833137381, -27.60855428263431222 ) ) ;
#2205 = CARTESIAN_POINT ( 'NONE',  ( -33.42902372074270545, 2.183129106434170463, -16.24166244700334616 ) ) ;
#2206 = ADVANCED_FACE ( 'NONE', ( #4143 ), #8991, .F. ) ;
#2207 = EDGE_CURVE ( 'NONE', #7796, #6420, #5414, .T. ) ;
#2208 = CARTESIAN_POINT ( 'NONE',  ( -1.552637708195151456, -3.714254118962272866, -10.49999999999251443 ) ) ;
#2209 = CARTESIAN_POINT ( 'NONE',  ( -0.6001202591201229009, -16.04532008382691899, -11.59942113706655142 ) ) ;
#2210 = AXIS2_PLACEMENT_3D ( 'NONE', #8289, #6971, #9018 ) ;
#2211 = EDGE_CURVE ( 'NONE', #6173, #7843, #9120, .T. ) ;
#2212 = CARTESIAN_POINT ( 'NONE',  ( 30.46578264805156522, -5.679292644520494981, -3.735904735502672214 ) ) ;
#2213 = CARTESIAN_POINT ( 'NONE',  ( -4.231401417062040871, -28.83429349765680527, -3.964655755743111243 ) ) ;
#2214 = CARTESIAN_POINT ( 'NONE',  ( -0.5999999999999197087, -5.323321663083804722, -9.047310593155174274 ) ) ;
#2215 = VECTOR ( 'NONE', #7447, 999.9999999999998863 ) ;
#2216 = VERTEX_POINT ( 'NONE', #7789 ) ;
#2217 = CARTESIAN_POINT ( 'NONE',  ( -35.47637170968997111, 1.334036673779970483, -15.31533489725400798 ) ) ;
#2218 = CARTESIAN_POINT ( 'NONE',  ( 35.49999998547622937, 0.0007104085850295147877, -19.99992795037453774 ) ) ;
#2219 = PLANE ( 'NONE',  #6456 ) ;
#2220 = VERTEX_POINT ( 'NONE', #4929 ) ;
#2221 = CARTESIAN_POINT ( 'NONE',  ( -24.86213704079822051, -12.51273695915538831, -2.000000000000003553 ) ) ;
#2222 = CARTESIAN_POINT ( 'NONE',  ( 12.41165508361677006, 18.10395863023691732, -10.50000000000000178 ) ) ;
#2223 = ORIENTED_EDGE ( 'NONE', *, *, #1131, .T. ) ;
#2224 = CARTESIAN_POINT ( 'NONE',  ( -25.05976600374052765, 22.23314499496166974, -15.96412339887555731 ) ) ;
#2225 = CARTESIAN_POINT ( 'NONE',  ( -0.3265171012041865883, -33.50001309514800596, -19.99991912760877000 ) ) ;
#2226 = CYLINDRICAL_SURFACE ( 'NONE', #6669, 1.000000000000000888 ) ;
#2227 = VERTEX_POINT ( 'NONE', #7749 ) ;
#2228 = CARTESIAN_POINT ( 'NONE',  ( 13.39346758508473911, 25.49263713959059530, -0.4452998037747736282 ) ) ;
#2229 = CARTESIAN_POINT ( 'NONE',  ( 21.00277675998065163, 20.68156476254123888, -4.464115372123769632 ) ) ;
#2230 = CARTESIAN_POINT ( 'NONE',  ( 22.37039459824721988, 0.1237836863525994535, -10.50000000000000533 ) ) ;
#2231 = ORIENTED_EDGE ( 'NONE', *, *, #5745, .F. ) ;
#2232 = CARTESIAN_POINT ( 'NONE',  ( 35.42492389591075863, 2.311405410396224713, -16.23749250277983336 ) ) ;
#2233 = CARTESIAN_POINT ( 'NONE',  ( -0.3460106594850335671, -35.50001387694788235, -19.99991912760877000 ) ) ;
#2234 = CARTESIAN_POINT ( 'NONE',  ( 26.90388608971105455, -23.16097824517362724, -17.16962608725159356 ) ) ;
#2235 = CARTESIAN_POINT ( 'NONE',  ( -24.86213704079822051, -12.51273695915538831, -2.000000000000003553 ) ) ;
#2236 = LINE ( 'NONE', #7979, #8861 ) ;
#2237 = VERTEX_POINT ( 'NONE', #1394 ) ;
#2238 = EDGE_CURVE ( 'NONE', #312, #3153, #9172, .T. ) ;
#2239 = CARTESIAN_POINT ( 'NONE',  ( -18.99728656626197676, 25.12674079778996017, -2.000000000000003553 ) ) ;
#2240 = VERTEX_POINT ( 'NONE', #5637 ) ;
#2241 = CARTESIAN_POINT ( 'NONE',  ( 5.162651825275920814, -13.99560437348226927, 0.000000000000000000 ) ) ;
#2242 = FACE_OUTER_BOUND ( 'NONE', #4160, .T. ) ;
#2243 = CARTESIAN_POINT ( 'NONE',  ( -23.21353570188236404, 26.85887866669879287, -18.15506602320147422 ) ) ;
#2244 = CARTESIAN_POINT ( 'NONE',  ( 0.6000105174320422563, -8.801437037863969692, -16.81639001194617578 ) ) ;
#2245 = ORIENTED_EDGE ( 'NONE', *, *, #6138, .T. ) ;
#2246 = B_SPLINE_CURVE_WITH_KNOTS ( 'NONE', 3,
 ( #6152, #6760, #3403, #6248 ),
 .UNSPECIFIED., .F., .F.,
 ( 4, 4 ),
 ( 2.422455444517889753E-07, 0.001816574447397677119 ),
 .UNSPECIFIED. ) ;
#2247 = CARTESIAN_POINT ( 'NONE',  ( -23.21241824180631141, -26.85984677236031715, -18.15144138431149301 ) ) ;
#2248 = CARTESIAN_POINT ( 'NONE',  ( -2.963513713487380574, 3.058145916932016206, -26.81214185486413726 ) ) ;
#2249 = ORIENTED_EDGE ( 'NONE', *, *, #2211, .F. ) ;
#2250 = CARTESIAN_POINT ( 'NONE',  ( -1.807075951866921715, -3.550256487450232257, -30.50000000000000711 ) ) ;
#2251 = CARTESIAN_POINT ( 'NONE',  ( -25.18031213268490731, 22.09565017598399095, -16.23749250276430089 ) ) ;
#2252 = B_SPLINE_CURVE_WITH_KNOTS ( 'NONE', 3,
 ( #3773, #8116, #1729, #4470 ),
 .UNSPECIFIED., .F., .F.,
 ( 4, 4 ),
 ( 2.310375141334754960E-07, 0.002426261243687847981 ),
 .UNSPECIFIED. ) ;
#2253 = B_SPLINE_CURVE_WITH_KNOTS ( 'NONE', 3,
 ( #6124, #5289, #2538, #3988 ),
 .UNSPECIFIED., .F., .F.,
 ( 4, 4 ),
 ( 0.000000000000000000, 0.0007378340800153708858 ),
 .UNSPECIFIED. ) ;
#2254 = CARTESIAN_POINT ( 'NONE',  ( 5.347204162131016680, 8.380576103847888092, -2.700039325476423002 ) ) ;
#2255 = CARTESIAN_POINT ( 'NONE',  ( -0.6000004507475144022, -8.909255418207559174, -16.69013026606269889 ) ) ;
#2256 = CARTESIAN_POINT ( 'NONE',  ( -31.50000000000000000, 3.857637417314162689E-15, -4.898587196589407898E-16 ) ) ;
#2257 = EDGE_CURVE ( 'NONE', #4770, #4447, #7544, .T. ) ;
#2258 = CARTESIAN_POINT ( 'NONE',  ( -4.577246281236001302, -29.04641242951491265, -4.356895280068775023 ) ) ;
#2259 = DIRECTION ( 'NONE',  ( 0.3746065934159130695, -0.9271838545667870912, 0.000000000000000000 ) ) ;
#2260 = EDGE_CURVE ( 'NONE', #4468, #220, #2202, .T. ) ;
#2261 = VERTEX_POINT ( 'NONE', #7651 ) ;
#2262 = CARTESIAN_POINT ( 'NONE',  ( -6.043495923599450315, -3.776395381046290911, -4.500000000000000000 ) ) ;
#2263 = ADVANCED_FACE ( 'NONE', ( #1254 ), #4098, .F. ) ;
#2264 = CARTESIAN_POINT ( 'NONE',  ( -5.162651825275719197, -13.99560437348234210, 0.000000000000000000 ) ) ;
#2265 = PLANE ( 'NONE',  #1700 ) ;
#2266 = VERTEX_POINT ( 'NONE', #6241 ) ;
#2267 = DIRECTION ( 'NONE',  ( 0.5877852522924679191, 0.8090169943749512260, 0.000000000000000000 ) ) ;
#2268 = DIRECTION ( 'NONE',  ( 0.000000000000000000, 0.000000000000000000, -1.000000000000000000 ) ) ;
#2269 = ORIENTED_EDGE ( 'NONE', *, *, #2941, .F. ) ;
#2270 = DIRECTION ( 'NONE',  ( 0.9702957262759981383, -0.2419218955996609577, -0.000000000000000000 ) ) ;
#2271 = CARTESIAN_POINT ( 'NONE',  ( -1.258063798083231655, -33.47773739745002786, -19.68467263743957929 ) ) ;
#2272 = EDGE_CURVE ( 'NONE', #7842, #8002, #8443, .T. ) ;
#2273 = CARTESIAN_POINT ( 'NONE',  ( 21.20885184147515901, 22.38032725432763215, -3.500000000000000444 ) ) ;
#2274 = ORIENTED_EDGE ( 'NONE', *, *, #5127, .T. ) ;
#2275 = CARTESIAN_POINT ( 'NONE',  ( 25.34696702842521532, 24.85763406078756788, -19.99991912763202251 ) ) ;
#2276 = CARTESIAN_POINT ( 'NONE',  ( 20.66254809381229407, 20.84243711602544025, -4.272944771188477375 ) ) ;
#2277 = CARTESIAN_POINT ( 'NONE',  ( -0.3264868179450745034, 33.49878621082280716, -15.01551170377321043 ) ) ;
#2278 = ORIENTED_EDGE ( 'NONE', *, *, #398, .F. ) ;
#2279 = CARTESIAN_POINT ( 'NONE',  ( 35.49023557169547871, 0.8482685734405781552, -15.12618847594108296 ) ) ;
#2280 = EDGE_CURVE ( 'NONE', #5804, #7111, #379, .T. ) ;
#2281 = CARTESIAN_POINT ( 'NONE',  ( -2.117411690800342416, -35.43764399865786174, -15.96378118975006544 ) ) ;
#2282 = CARTESIAN_POINT ( 'NONE',  ( -5.251904707561107166, -1.075441958733992065, -22.73409062149380944 ) ) ;
#2283 = LINE ( 'NONE', #8024, #2194 ) ;
#2284 = ORIENTED_EDGE ( 'NONE', *, *, #4203, .T. ) ;
#2285 = CARTESIAN_POINT ( 'NONE',  ( 24.86213704079840170, -12.51273695915502771, -2.000000000000005329 ) ) ;
#2286 = CARTESIAN_POINT ( 'NONE',  ( -33.49878621082269348, -0.3264868179558131911, -15.01551170377319622 ) ) ;
#2287 = VERTEX_POINT ( 'NONE', #150 ) ;
#2288 =( LENGTH_UNIT ( ) NAMED_UNIT ( * ) SI_UNIT ( .MILLI., .METRE. ) );
#2289 = CARTESIAN_POINT ( 'NONE',  ( 12.84571917496949922, 24.83985600399798344, -2.168404344971008868E-16 ) ) ;
#2290 = VERTEX_POINT ( 'NONE', #746 ) ;
#2291 = DIRECTION ( 'NONE',  ( -0.000000000000000000, -0.000000000000000000, 1.000000000000000000 ) ) ;
#2292 = CARTESIAN_POINT ( 'NONE',  ( 0.6000000000004769296, -31.49428519588910902, -4.500000000000002665 ) ) ;
#2293 = CARTESIAN_POINT ( 'NONE',  ( 0.6000000000005969447, -15.73529245117921072, -11.68481788182139525 ) ) ;
#2294 = VECTOR ( 'NONE', #1850, 1000.000000000000000 ) ;
#2295 = CARTESIAN_POINT ( 'NONE',  ( -0.1633418547644305274, 33.50000000000000000, -14.99981109353421438 ) ) ;
#2296 = CARTESIAN_POINT ( 'NONE',  ( -2.937500641422399639, 3.022372457464757467, -27.07987030920786253 ) ) ;
#2297 = CARTESIAN_POINT ( 'NONE',  ( -3.757716070398279040, 1.322654360281682706, -30.50000000000000711 ) ) ;
#2298 = CARTESIAN_POINT ( 'NONE',  ( -23.91807993415463685, 23.45635784822727388, -15.01551170377316957 ) ) ;
#2299 = CYLINDRICAL_SURFACE ( 'NONE', #83, 29.50000000000000000 ) ;
#2300 = CARTESIAN_POINT ( 'NONE',  ( -0.6000001069197452574, -14.75155986592883117, -12.16288665345904541 ) ) ;
#2301 = LINE ( 'NONE', #674, #1613 ) ;
#2302 = VECTOR ( 'NONE', #5021, 1000.000000000000114 ) ;
#2303 = CARTESIAN_POINT ( 'NONE',  ( -14.39091865908056533, 28.02091731486777704, -4.500000000000001776 ) ) ;
#2304 = CARTESIAN_POINT ( 'NONE',  ( 0.000000000000000000, 0.000000000000000000, -44.49999999999998579 ) ) ;
#2305 = EDGE_LOOP ( 'NONE', ( #7445, #5159, #8212, #4429 ) ) ;
#2306 = ORIENTED_EDGE ( 'NONE', *, *, #3882, .T. ) ;
#2307 = CARTESIAN_POINT ( 'NONE',  ( 21.05112819320598305, -6.209048843353092373, -10.50000000000000355 ) ) ;
#2308 = CARTESIAN_POINT ( 'NONE',  ( 0.000000000000000000, 0.000000000000000000, -4.500000000000002665 ) ) ;
#2309 = CARTESIAN_POINT ( 'NONE',  ( -18.99728656626197676, 25.12674079778996017, -10.50000000000000355 ) ) ;
#2310 = VERTEX_POINT ( 'NONE', #7835 ) ;
#2311 = CARTESIAN_POINT ( 'NONE',  ( 2.233532463794364098, 3.257887771728283699, -30.50000000000000711 ) ) ;
#2312 = CARTESIAN_POINT ( 'NONE',  ( 4.623338300234919984, -31.11966549974784613, -4.441752137684932933 ) ) ;
#2313 = EDGE_CURVE ( 'NONE', #2310, #6931, #7813, .T. ) ;
#2314 = ORIENTED_EDGE ( 'NONE', *, *, #1933, .F. ) ;
#2315 = CARTESIAN_POINT ( 'NONE',  ( 13.54267341872849073, 19.66067181840613287, -9.500000000000005329 ) ) ;
#2316 = CARTESIAN_POINT ( 'NONE',  ( 4.699203266095297593E-13, -33.50000000000000000, -15.00000000000000178 ) ) ;
#2317 = AXIS2_PLACEMENT_3D ( 'NONE', #6146, #8989, #472 ) ;
#2318 = ORIENTED_EDGE ( 'NONE', *, *, #1884, .T. ) ;
#2319 = DIRECTION ( 'NONE',  ( -0.000000000000000000, -0.000000000000000000, 1.000000000000000000 ) ) ;
#2320 = CARTESIAN_POINT ( 'NONE',  ( -13.38246765079994027, 17.39860555582858836, -10.50000000000000355 ) ) ;
#2321 = CARTESIAN_POINT ( 'NONE',  ( 18.02646617301165932, 25.83208310054121881, -2.000000000000003553 ) ) ;
#2322 = EDGE_LOOP ( 'NONE', ( #4371, #4239, #7361, #165, #2490, #8254, #918, #8585, #8276 ) ) ;
#2323 = CARTESIAN_POINT ( 'NONE',  ( 35.47629800725196247, 1.336205084548807820, -19.68347431265409142 ) ) ;
#2324 = CARTESIAN_POINT ( 'NONE',  ( 2.579121447792812383, -35.40643814089094832, -18.15144138432807353 ) ) ;
#2325 = CARTESIAN_POINT ( 'NONE',  ( -5.413986219654685961, -1.127776549517970572, -22.30031413808331564 ) ) ;
#2326 = CIRCLE ( 'NONE', #540, 1.000000000000000888 ) ;
#2327 = ADVANCED_FACE ( 'NONE', ( #4366 ), #7882, .F. ) ;
#2328 = DIRECTION ( 'NONE',  ( 0.9510565162951545304, -0.3090169943749447312, 0.000000000000000000 ) ) ;
#2329 = VERTEX_POINT ( 'NONE', #8533 ) ;
#2330 = DIRECTION ( 'NONE',  ( 0.9510565162951590823, -0.3090169943749305204, -3.061189136958036493E-15 ) ) ;
#2331 = CARTESIAN_POINT ( 'NONE',  ( 0.6000000000004664935, -31.49428519588910191, -10.50000000000000355 ) ) ;
#2332 = VERTEX_POINT ( 'NONE', #7219 ) ;
#2333 = DIRECTION ( 'NONE',  ( 1.000000000000000000, 0.000000000000000000, 0.000000000000000000 ) ) ;
#2334 = CARTESIAN_POINT ( 'NONE',  ( 22.58058128327038006, 24.74716059346776476, -15.49726176814304779 ) ) ;
#2335 = ORIENTED_EDGE ( 'NONE', *, *, #2839, .F. ) ;
#2336 = DIRECTION ( 'NONE',  ( 1.000000000000000000, 0.000000000000000000, 0.000000000000000000 ) ) ;
#2337 = DIRECTION ( 'NONE',  ( -0.000000000000000000, -0.000000000000000000, -1.000000000000000000 ) ) ;
#2338 = CIRCLE ( 'NONE', #7998, 1.000000000000000888 ) ;
#2339 = CYLINDRICAL_SURFACE ( 'NONE', #7710, 35.50000000000000711 ) ;
#2340 = CARTESIAN_POINT ( 'NONE',  ( -2.313451882477974397, 35.42478891475113301, -18.75847698617484127 ) ) ;
#2341 = DIRECTION ( 'NONE',  ( -0.000000000000000000, -0.000000000000000000, -1.000000000000000000 ) ) ;
#2342 = CARTESIAN_POINT ( 'NONE',  ( -1.322654360280154595, -3.757716070397842056, -10.50000000000000533 ) ) ;
#2343 = EDGE_CURVE ( 'NONE', #6960, #1049, #5682, .T. ) ;
#2344 = VECTOR ( 'NONE', #3993, 999.9999999999998863 ) ;
#2345 = CARTESIAN_POINT ( 'NONE',  ( 0.000000000000000000, 0.000000000000000000, -10.44999999999990514 ) ) ;
#2346 = CARTESIAN_POINT ( 'NONE',  ( 28.19837448599088958, -13.82217049299346279, -4.355391244065524248 ) ) ;
#2347 = B_SPLINE_CURVE_WITH_KNOTS ( 'NONE', 3,
 ( #6098, #6742, #3259, #288, #3161, #8979 ),
 .UNSPECIFIED., .F., .F.,
 ( 4, 2, 4 ),
 ( 0.005212208753388717156, 0.01122138280558866372, 0.01723055685778860854 ),
 .UNSPECIFIED. ) ;
#2348 = AXIS2_PLACEMENT_3D ( 'NONE', #5978, #6069, #3833 ) ;
#2349 = CARTESIAN_POINT ( 'NONE',  ( -28.23577377035439184, -8.543481701821995955, -4.500000000000002665 ) ) ;
#2350 = CARTESIAN_POINT ( 'NONE',  ( 1.372029424547148713, 3.736593023412362324, -30.50000000000000711 ) ) ;
#2351 = CARTESIAN_POINT ( 'NONE',  ( -0.5999999999998397726, -10.97369984745737526, -3.410121845480087011 ) ) ;
#2352 = EDGE_LOOP ( 'NONE', ( #3380, #7707, #1615, #326 ) ) ;
#2353 = CARTESIAN_POINT ( 'NONE',  ( 13.93688958526868227, -3.897483709868565960, -12.30651185819826487 ) ) ;
#2354 = LINE ( 'NONE', #222, #3258 ) ;
#2355 = AXIS2_PLACEMENT_3D ( 'NONE', #8188, #6907, #1043 ) ;
#2356 = VECTOR ( 'NONE', #4119, 1000.000000000000000 ) ;
#2357 = CARTESIAN_POINT ( 'NONE',  ( -4.685268710847472207, -31.12953336896330470, -4.469861726502638355 ) ) ;
#2358 = ORIENTED_EDGE ( 'NONE', *, *, #4308, .T. ) ;
#2359 = CARTESIAN_POINT ( 'NONE',  ( -25.85595051351005935, -12.76052248750528406, -3.500000000002556177 ) ) ;
#2360 = CARTESIAN_POINT ( 'NONE',  ( 0.000000000000000000, 0.000000000000000000, -4.099999999999999645 ) ) ;
#2361 = B_SPLINE_CURVE_WITH_KNOTS ( 'NONE', 3,
 ( #8594, #7290, #119, #5743, #6486, #2204, #5788, #2296, #5036, #1501, #4940, #2248, #4337, #7189, #3696, #8637, #4988, #31, #210, #7850, #8684, #798, #1548, #1456, #6538, #8547, #164, #5130, #7991, #1600, #4437, #895, #3740, #6580, #8505, #7804, #1410, #4247, #7099, #1078, #5225, #8733, #1125, #2526, #5322, #1742, #3974, #4621, #7479, #2479, #3880, #1687, #6808, #3133, #4574, #4662, #7382, #6762, #259 ),
 .UNSPECIFIED., .F., .F.,
 ( 4, 2, 2, 1, 1, 1, 1, 1, 2, 2, 2, 2, 2, 1, 1, 2, 2, 2, 2, 2, 1, 1, 1, 1, 2, 2, 2, 2, 2, 1, 1, 1, 1, 2, 2, 2, 4 ),
 ( 0.000000000000000000, 0.06250000000002431388, 0.09375000000003630429, 0.1093750000000422995, 0.1171875000000452971, 0.1210937500000467959, 0.1230468750000473926, 0.1240234375000476980, 0.1245117187500476841, 0.1250000000000476841, 0.1875000000000182077, 0.2187500000000036360, 0.2343749999999963640, 0.2421874999999925615, 0.2460937499999905631, 0.2480468749999895917, 0.2499999999999885925, 0.3749999999999413247, 0.4374999999999176770, 0.4687499999999058531, 0.4843749999998999134, 0.4921874999998971378, 0.4960937499998959721, 0.4980468749998953615, 0.4990234374998953060, 0.4999999999998952505, 0.6249999999999219513, 0.6874999999999352740, 0.7187499999999419353, 0.7343749999999453770, 0.7421874999999472644, 0.7460937499999480416, 0.7480468749999484857, 0.7490234374999488187, 0.7499999999999490408, 0.8749999999999745759, 1.000000000000000000 ),
 .UNSPECIFIED. ) ;
#2362 = EDGE_LOOP ( 'NONE', ( #2918, #7199, #3947, #656, #4474 ) ) ;
#2363 = CONICAL_SURFACE ( 'NONE', #1467, 3.950000000000000178, 0.7853981633974533860 ) ;
#2364 = CARTESIAN_POINT ( 'NONE',  ( 19.94509001354522226, 20.35788556460727960, -2.999864845263116919 ) ) ;
#2365 = CARTESIAN_POINT ( 'NONE',  ( 2.183116565201157933, -33.42902615898733387, -18.75847698606483149 ) ) ;
#2366 = VERTEX_POINT ( 'NONE', #8714 ) ;
#2367 = CARTESIAN_POINT ( 'NONE',  ( 0.6000000000001337597, -9.113133541694152129, -4.099999999999998757 ) ) ;
#2368 = CARTESIAN_POINT ( 'NONE',  ( -27.78543622416671965, -4.618552960669985552, -2.499859741077549824 ) ) ;
#2369 = DIRECTION ( 'NONE',  ( -0.000000000000000000, -0.000000000000000000, 1.000000000000000000 ) ) ;
#2370 = ORIENTED_EDGE ( 'NONE', *, *, #8422, .T. ) ;
#2371 = CARTESIAN_POINT ( 'NONE',  ( 35.40653470733538910, 2.577814582263905141, -16.84523636487362097 ) ) ;
#2372 = VECTOR ( 'NONE', #4805, 1000.000000000000000 ) ;
#2373 = CARTESIAN_POINT ( 'NONE',  ( -2.497766974317173982, -33.40675321179270441, -17.82748966746368424 ) ) ;
#2374 = CARTESIAN_POINT ( 'NONE',  ( -4.212829969883765457, -0.7379612199555967145, -26.69839506173216748 ) ) ;
#2375 = LINE ( 'NONE', #8716, #7851 ) ;
#2376 = ORIENTED_EDGE ( 'NONE', *, *, #8369, .F. ) ;
#2377 = ADVANCED_FACE ( 'NONE', ( #8020 ), #2149, .F. ) ;
#2378 = CARTESIAN_POINT ( 'NONE',  ( -24.61364160594013129, -25.58366996587563591, -15.06280857718572719 ) ) ;
#2379 = EDGE_CURVE ( 'NONE', #6172, #975, #59, .T. ) ;
#2380 = CARTESIAN_POINT ( 'NONE',  ( 23.68807716974902888, 23.68807716974965416, -15.00000000000000000 ) ) ;
#2381 = VERTEX_POINT ( 'NONE', #1488 ) ;
#2382 =( NAMED_UNIT ( * ) SI_UNIT ( $, .STERADIAN. ) SOLID_ANGLE_UNIT ( ) );
#2383 = CARTESIAN_POINT ( 'NONE',  ( 26.85899096148531484, -23.21341061828415775, -16.84523636444804140 ) ) ;
#2384 = ORIENTED_EDGE ( 'NONE', *, *, #3339, .F. ) ;
#2385 = DIRECTION ( 'NONE',  ( 1.000000000000000000, 0.000000000000000000, 0.000000000000000000 ) ) ;
#2386 = EDGE_CURVE ( 'NONE', #7309, #5015, #8099, .T. ) ;
#2387 = DIRECTION ( 'NONE',  ( -0.9702957262759981383, 0.2419218955996609577, 0.000000000000000000 ) ) ;
#2388 = CARTESIAN_POINT ( 'NONE',  ( 0.6002949995688146023, -19.30512359605285866, -10.66707101008469216 ) ) ;
#2389 = EDGE_CURVE ( 'NONE', #4332, #7469, #6383, .T. ) ;
#2390 = CARTESIAN_POINT ( 'NONE',  ( -0.6828632176683446797, 35.49383152889691218, -15.07870116200535904 ) ) ;
#2391 = CARTESIAN_POINT ( 'NONE',  ( 25.10229073212299511, -25.10229073212189022, -15.00000000000000000 ) ) ;
#2392 = CARTESIAN_POINT ( 'NONE',  ( -3.977834876855529611, -0.2160423916193507099, -30.50000000000000711 ) ) ;
#2393 = CARTESIAN_POINT ( 'NONE',  ( -33.50000000000000000, 0.3266837095036179694, -15.00037781293153749 ) ) ;
#2394 = DIRECTION ( 'NONE',  ( 0.000000000000000000, -0.000000000000000000, -1.000000000000000000 ) ) ;
#2395 = CARTESIAN_POINT ( 'NONE',  ( 29.67065432173296458, -5.380230513505360079, -2.481296856322389832 ) ) ;
#2396 = B_SPLINE_CURVE_WITH_KNOTS ( 'NONE', 3,
 ( #6639, #3149, #5341, #273 ),
 .UNSPECIFIED., .F., .F.,
 ( 4, 4 ),
 ( 2.403872770668796762E-07, 0.003005069203636528182 ),
 .UNSPECIFIED. ) ;
#2397 = CARTESIAN_POINT ( 'NONE',  ( 3.129753753904825242, 2.459518978233538267, -10.50000000000000533 ) ) ;
#2398 = FACE_OUTER_BOUND ( 'NONE', #5918, .T. ) ;
#2399 = ORIENTED_EDGE ( 'NONE', *, *, #7221, .T. ) ;
#2400 = CARTESIAN_POINT ( 'NONE',  ( -33.40676543542021903, -2.497603480177854607, -17.82637605770336009 ) ) ;
#2401 = CARTESIAN_POINT ( 'NONE',  ( -35.49999997156679399, -0.001420829841753978124, -19.99992814200970415 ) ) ;
#2402 = CARTESIAN_POINT ( 'NONE',  ( -18.02646617301206433, 25.83208310054094525, -2.000000000000003553 ) ) ;
#2403 = ORIENTED_EDGE ( 'NONE', *, *, #2379, .T. ) ;
#2404 = CARTESIAN_POINT ( 'NONE',  ( 2.659988975723879712, 2.965519056004906506, -30.50000000000000711 ) ) ;
#2405 = DIRECTION ( 'NONE',  ( 1.000000000000000000, 0.000000000000000000, 0.000000000000000000 ) ) ;
#2406 = ORIENTED_EDGE ( 'NONE', *, *, #8761, .T. ) ;
#2407 = CARTESIAN_POINT ( 'NONE',  ( 4.828345057142083618, 5.624865872424350322, -4.099999999999999645 ) ) ;
#2408 = CARTESIAN_POINT ( 'NONE',  ( -8.481694842071156870, -3.386747046169040765, -4.099999999999998757 ) ) ;
#2409 = ORIENTED_EDGE ( 'NONE', *, *, #6741, .F. ) ;
#2410 = CARTESIAN_POINT ( 'NONE',  ( 0.000000000000000000, 0.000000000000000000, -2.000000000000003553 ) ) ;
#2411 = CARTESIAN_POINT ( 'NONE',  ( 33.49496780572281551, 0.6549803906917330831, -19.93459846097544030 ) ) ;
#2412 = CARTESIAN_POINT ( 'NONE',  ( -4.148653262751024862, -28.49645940093285290, -0.4452998037747729621 ) ) ;
#2413 = ORIENTED_EDGE ( 'NONE', *, *, #1551, .F. ) ;
#2414 = CARTESIAN_POINT ( 'NONE',  ( 33.46561352135802991, -1.535027868478041624, -19.50000510125887843 ) ) ;
#2415 = CARTESIAN_POINT ( 'NONE',  ( 1.532002922160231595, -33.46576721929118037, -15.49726176809836531 ) ) ;
#2416 = CARTESIAN_POINT ( 'NONE',  ( -21.20885184147547164, 22.38032725432733017, -3.499999999999998224 ) ) ;
#2417 = CARTESIAN_POINT ( 'NONE',  ( 0.6000000000004194201, -27.82686551598012414, -2.000000000000003553 ) ) ;
#2418 = DIRECTION ( 'NONE',  ( -0.5299192642331970182, -0.8480480961564310638, 0.000000000000000000 ) ) ;
#2419 = ORIENTED_EDGE ( 'NONE', *, *, #2783, .T. ) ;
#2420 = PLANE ( 'NONE',  #7122 ) ;
#2421 = ORIENTED_EDGE ( 'NONE', *, *, #7058, .F. ) ;
#2422 = CARTESIAN_POINT ( 'NONE',  ( 18.02646617301165932, 25.83208310054120105, -10.50000000000000355 ) ) ;
#2423 = CARTESIAN_POINT ( 'NONE',  ( 24.60930377941604874, -25.58779123399699529, -19.93550015078835358 ) ) ;
#2424 = ORIENTED_EDGE ( 'NONE', *, *, #902, .F. ) ;
#2425 = CARTESIAN_POINT ( 'NONE',  ( 13.52517314336100362, 25.81276349118099844, -3.962284092018673043 ) ) ;
#2426 = PLANE ( 'NONE',  #6298 ) ;
#2427 = CARTESIAN_POINT ( 'NONE',  ( 33.42902372074241413, -2.183129106438423950, -16.24166244702568207 ) ) ;
#2428 = ADVANCED_FACE ( 'NONE', ( #3537 ), #401, .T. ) ;
#2429 = CARTESIAN_POINT ( 'NONE',  ( -28.19376304435782643, -13.70540622271636977, -4.272556101004806983 ) ) ;
#2430 = CARTESIAN_POINT ( 'NONE',  ( 0.6918951143598309761, 35.49470627985208893, -19.93550015080845839 ) ) ;
#2431 = CIRCLE ( 'NONE', #3614, 6.000000000000000888 ) ;
#2432 = DIRECTION ( 'NONE',  ( 0.000000000000000000, -0.000000000000000000, 1.000000000000000000 ) ) ;
#2433 = CARTESIAN_POINT ( 'NONE',  ( 22.06973770414739988, -1.727638083948607184, -10.50000000000000533 ) ) ;
#2434 = CARTESIAN_POINT ( 'NONE',  ( 3.617373106701585961, 3.957898921590270902, -22.73393051570542767 ) ) ;
#2435 = DIRECTION ( 'NONE',  ( -1.000000000000000000, 0.000000000000000000, 0.000000000000000000 ) ) ;
#2436 = AXIS2_PLACEMENT_3D ( 'NONE', #6901, #525, #1743 ) ;
#2437 = CARTESIAN_POINT ( 'NONE',  ( -14.90595788894037277, 0.5850940618371998081, -2.000000000000003553 ) ) ;
#2438 = ADVANCED_FACE ( 'NONE', ( #9128 ), #8501, .F. ) ;
#2439 = ADVANCED_FACE ( 'NONE', ( #4060, #1973, #4105, #1179 ), #6902, .T. ) ;
#2440 = CARTESIAN_POINT ( 'NONE',  ( -1.923767394595106150, -3.484772530532554313, -10.50000000000000533 ) ) ;
#2441 = DIRECTION ( 'NONE',  ( -0.000000000000000000, -0.000000000000000000, -1.000000000000000000 ) ) ;
#2442 = ORIENTED_EDGE ( 'NONE', *, *, #8672, .T. ) ;
#2443 = CARTESIAN_POINT ( 'NONE',  ( -4.049736784963982039, 14.35721239031346741, -2.000000000000003553 ) ) ;
#2444 = VERTEX_POINT ( 'NONE', #2117 ) ;
#2445 = CARTESIAN_POINT ( 'NONE',  ( -33.49878621082269348, -0.3264868179558131911, -15.01551170377319622 ) ) ;
#2446 = FACE_OUTER_BOUND ( 'NONE', #7606, .T. ) ;
#2447 = DIRECTION ( 'NONE',  ( 1.000000000000000000, 0.000000000000000000, 0.000000000000000000 ) ) ;
#2448 = ORIENTED_EDGE ( 'NONE', *, *, #6245, .T. ) ;
#2449 = DIRECTION ( 'NONE',  ( -0.000000000000000000, -0.000000000000000000, 1.000000000000000000 ) ) ;
#2450 = DIRECTION ( 'NONE',  ( 0.8090169943749422332, 0.5877852522924802425, 0.000000000000000000 ) ) ;
#2451 = AXIS2_PLACEMENT_3D ( 'NONE', #4616, #8641, #7472 ) ;
#2452 = ORIENTED_EDGE ( 'NONE', *, *, #232, .F. ) ;
#2453 = CARTESIAN_POINT ( 'NONE',  ( 12.41165508361676295, 18.10395863023692087, -10.50000000000000355 ) ) ;
#2454 = LINE ( 'NONE', #8239, #3835 ) ;
#2455 = VERTEX_POINT ( 'NONE', #1219 ) ;
#2456 = CARTESIAN_POINT ( 'NONE',  ( 4.462793908349624417, -2.080926975593868633, -23.95624858243483857 ) ) ;
#2457 = EDGE_CURVE ( 'NONE', #7953, #8215, #9045, .T. ) ;
#2458 = DIRECTION ( 'NONE',  ( 1.000000000000000000, -0.000000000000000000, -0.000000000000000000 ) ) ;
#2459 = AXIS2_PLACEMENT_3D ( 'NONE', #4330, #2330, #7179 ) ;
#2460 = CARTESIAN_POINT ( 'NONE',  ( -15.44957962323604050, 15.59208098572123369, -10.50000000000000533 ) ) ;
#2461 = VERTEX_POINT ( 'NONE', #2660 ) ;
#2462 = DIRECTION ( 'NONE',  ( -1.415534356397074589E-14, 1.000000000000000000, -0.000000000000000000 ) ) ;
#2463 = AXIS2_PLACEMENT_3D ( 'NONE', #1186, #8277, #404 ) ;
#2464 = CARTESIAN_POINT ( 'NONE',  ( -2.182618677700498999, -33.42905698873226328, -18.75985287847622018 ) ) ;
#2465 = CYLINDRICAL_SURFACE ( 'NONE', #3204, 35.50000000000000711 ) ;
#2466 = CARTESIAN_POINT ( 'NONE',  ( -0.5999999999995571098, -30.93862709805090105, -3.666664066441805758 ) ) ;
#2467 = CARTESIAN_POINT ( 'NONE',  ( -2.740000000000000213, 0.000000000000000000, -33.00000000000000000 ) ) ;
#2468 = ORIENTED_EDGE ( 'NONE', *, *, #8705, .T. ) ;
#2469 = CARTESIAN_POINT ( 'NONE',  ( -6.728578081629952301, -2.820014891612294239, -18.86864728332694696 ) ) ;
#2470 = CARTESIAN_POINT ( 'NONE',  ( 25.58078617624813589, -24.61507175250222090, -15.07870116200530752 ) ) ;
#2471 = ORIENTED_EDGE ( 'NONE', *, *, #1572, .T. ) ;
#2472 = CARTESIAN_POINT ( 'NONE',  ( -3.527670837823366323, -1.777087071578254740, -2.000000000000003553 ) ) ;
#2473 = DIRECTION ( 'NONE',  ( 0.000000000000000000, 0.000000000000000000, -1.000000000000000000 ) ) ;
#2474 = CARTESIAN_POINT ( 'NONE',  ( 27.86495337710470466, -9.684749521375396242, -4.500000000000002665 ) ) ;
#2475 = AXIS2_PLACEMENT_3D ( 'NONE', #734, #7871, #5853 ) ;
#2476 = CARTESIAN_POINT ( 'NONE',  ( 35.40119919275874594, 2.646714135710798832, -17.82637605764155353 ) ) ;
#2477 = CARTESIAN_POINT ( 'NONE',  ( 0.000000000000000000, 0.000000000000000000, -1.500000000000000000 ) ) ;
#2478 = CARTESIAN_POINT ( 'NONE',  ( 1.536295572993858105, 33.46555341488723201, -15.50119477827131931 ) ) ;
#2479 = CARTESIAN_POINT ( 'NONE',  ( -9.061366989065568589, 11.45111702715888136, -12.24192278703556269 ) ) ;
#2480 = DIRECTION ( 'NONE',  ( 0.000000000000000000, 0.000000000000000000, 1.000000000000000000 ) ) ;
#2481 = CARTESIAN_POINT ( 'NONE',  ( -33.47773739745179000, 1.258063798021579638, -19.68467263745364804 ) ) ;
#2482 = CARTESIAN_POINT ( 'NONE',  ( -0.5999999999998847366, -5.172698674088017867, -23.15432679166513452 ) ) ;
#2483 = B_SPLINE_CURVE_WITH_KNOTS ( 'NONE', 3,
 ( #134, #1471, #1380, #4262, #2961, #4350, #7067, #7158, #681, #7819, #3608, #9152 ),
 .UNSPECIFIED., .F., .F.,
 ( 4, 2, 2, 2, 2, 4 ),
 ( 0.000000000000000000, 0.0002100866932174962987, 0.0004201733864349925973, 0.0008403467728699885557, 0.001260520159304984351, 0.001680693545739980364 ),
 .UNSPECIFIED. ) ;
#2484 = AXIS2_PLACEMENT_3D ( 'NONE', #244, #4370, #108 ) ;
#2485 = EDGE_CURVE ( 'NONE', #4760, #3164, #9087, .T. ) ;
#2486 = CARTESIAN_POINT ( 'NONE',  ( -0.01972823285144190142, -3.980468738086025748, -10.50000000000000888 ) ) ;
#2487 = DIRECTION ( 'NONE',  ( 1.000000000000000000, 0.000000000000000000, 0.000000000000000000 ) ) ;
#2488 = ADVANCED_FACE ( 'NONE', ( #5457 ), #5500, .F. ) ;
#2489 = DIRECTION ( 'NONE',  ( 0.06975647374412907720, -0.9975640502598240866, -0.000000000000000000 ) ) ;
#2490 = ORIENTED_EDGE ( 'NONE', *, *, #971, .T. ) ;
#2491 = CARTESIAN_POINT ( 'NONE',  ( -33.42902615899095053, -2.183116565148779387, -18.75847698620240678 ) ) ;
#2492 = LINE ( 'NONE', #3984, #2372 ) ;
#2493 = LINE ( 'NONE', #8696, #8990 ) ;
#2494 = ORIENTED_EDGE ( 'NONE', *, *, #8445, .T. ) ;
#2495 = ADVANCED_FACE ( 'NONE', ( #8314 ), #3047, .T. ) ;
#2496 = CARTESIAN_POINT ( 'NONE',  ( -2.240981927637972770, -2.339999999999999858, -45.00000000000000000 ) ) ;
#2497 = CARTESIAN_POINT ( 'NONE',  ( 0.000000000000000000, 0.000000000000000000, -10.50000000000000355 ) ) ;
#2498 = VERTEX_POINT ( 'NONE', #2804 ) ;
#2499 = CARTESIAN_POINT ( 'NONE',  ( 6.220920162411698762, -2.652176824002808075, -7.638112240242369566 ) ) ;
#2500 = FACE_OUTER_BOUND ( 'NONE', #2820, .T. ) ;
#2501 = AXIS2_PLACEMENT_3D ( 'NONE', #8877, #5375, #3888 ) ;
#2502 = AXIS2_PLACEMENT_3D ( 'NONE', #8645, #1554, #4392 ) ;
#2503 = ORIENTED_EDGE ( 'NONE', *, *, #3643, .F. ) ;
#2504 = CARTESIAN_POINT ( 'NONE',  ( 0.2000000000004509004, -29.82729920354469755, -2.000000000000001332 ) ) ;
#2505 = CARTESIAN_POINT ( 'NONE',  ( 33.41180035762635470, 2.432585591713825934, -16.84523636487362097 ) ) ;
#2506 = DIRECTION ( 'NONE',  ( -0.000000000000000000, -0.000000000000000000, 1.000000000000000000 ) ) ;
#2507 = ORIENTED_EDGE ( 'NONE', *, *, #3906, .T. ) ;
#2508 = CARTESIAN_POINT ( 'NONE',  ( 0.6000000000000542677, -3.904164443257983841, -10.50000000000000355 ) ) ;
#2509 = VECTOR ( 'NONE', #5520, 1000.000000000000000 ) ;
#2510 = CARTESIAN_POINT ( 'NONE',  ( 0.000000000000000000, 31.50000000000000000, -35.00000000000000000 ) ) ;
#2511 = ADVANCED_FACE ( 'NONE', ( #6156 ), #818, .T. ) ;
#2512 = EDGE_CURVE ( 'NONE', #595, #4835, #5893, .T. ) ;
#2513 = LINE ( 'NONE', #8114, #1280 ) ;
#2514 = CARTESIAN_POINT ( 'NONE',  ( 22.23228233189645309, 25.06051675808361878, -19.03432852971191735 ) ) ;
#2515 = EDGE_LOOP ( 'NONE', ( #5376, #2358, #4862, #4909 ) ) ;
#2516 = CARTESIAN_POINT ( 'NONE',  ( -5.214436021140160804, -2.325150302557788429, -21.73895601900612107 ) ) ;
#2517 = CIRCLE ( 'NONE', #4891, 31.50000000000000000 ) ;
#2518 = CARTESIAN_POINT ( 'NONE',  ( 23.92629385983932977, -26.22675450684313248, -19.50000510122382025 ) ) ;
#2519 = EDGE_LOOP ( 'NONE', ( #7322, #3201, #6994, #2993 ) ) ;
#2520 = CARTESIAN_POINT ( 'NONE',  ( 9.622778472362945479, -2.495752923613578478, -2.700039325476422114 ) ) ;
#2521 = CARTESIAN_POINT ( 'NONE',  ( -18.67067893103578413, 24.67720395357678242, -3.666664066441804870 ) ) ;
#2522 = CARTESIAN_POINT ( 'NONE',  ( 24.85560503877663763, 25.34895672007909084, -19.99993715638739289 ) ) ;
#2523 = CARTESIAN_POINT ( 'NONE',  ( 35.50000000000000711, 0.1730936073008033371, -14.99981109353420727 ) ) ;
#2524 = CARTESIAN_POINT ( 'NONE',  ( 28.23577377035463698, -8.543481701821182384, -4.500000000000002665 ) ) ;
#2525 = CARTESIAN_POINT ( 'NONE',  ( 4.025651875312521888, 0.02227542419557730635, -30.50000000000000711 ) ) ;
#2526 = CARTESIAN_POINT ( 'NONE',  ( -7.811196537523268368, 9.729763119977338448, -13.47923635832246170 ) ) ;
#2527 = CARTESIAN_POINT ( 'NONE',  ( 12.41165508361677006, 18.10395863023691732, -10.50000000000000178 ) ) ;
#2528 = CARTESIAN_POINT ( 'NONE',  ( 28.11277971324971503, -14.21062855095529720, -4.500000000000000888 ) ) ;
#2529 = CARTESIAN_POINT ( 'NONE',  ( 14.95280101299893261, -16.29999372494059884, -10.50000000000000533 ) ) ;
#2530 = CARTESIAN_POINT ( 'NONE',  ( 0.6000000000000857980, -5.969924622639712020, -4.099999999999999645 ) ) ;
#2531 = B_SPLINE_CURVE_WITH_KNOTS ( 'NONE', 3,
 ( #4215, #4864, #7113, #726, #5616, #7066, #5710, #6315, #5665, #8425, #9151, #1424 ),
 .UNSPECIFIED., .F., .F.,
 ( 4, 2, 2, 2, 2, 4 ),
 ( 0.000000000000000000, 0.0002100866932174987110, 0.0004201733864349974220, 0.0008403467728699907241, 0.001260520159304984135, 0.001680693545739976244 ),
 .UNSPECIFIED. ) ;
#2532 = CARTESIAN_POINT ( 'NONE',  ( -5.195179803188493928, -13.53043261734606872, -3.499999999999999556 ) ) ;
#2533 = ORIENTED_EDGE ( 'NONE', *, *, #8369, .T. ) ;
#2534 = CARTESIAN_POINT ( 'NONE',  ( -33.50000000000000000, -1.000447554660999216E-13, -14.99999999999999822 ) ) ;
#2535 = CARTESIAN_POINT ( 'NONE',  ( 6.080025426162326774, 7.347656102552517332, -3.400044570078940342 ) ) ;
#2536 = FACE_OUTER_BOUND ( 'NONE', #6991, .T. ) ;
#2537 = ORIENTED_EDGE ( 'NONE', *, *, #390, .F. ) ;
#2538 = CARTESIAN_POINT ( 'NONE',  ( -2.173789353111309719, 2.172691838682536680, -44.83269183868252838 ) ) ;
#2539 = DIRECTION ( 'NONE',  ( 0.8480480961564235143, 0.5299192642332090086, 0.000000000000000000 ) ) ;
#2540 = VERTEX_POINT ( 'NONE', #2289 ) ;
#2541 = EDGE_CURVE ( 'NONE', #4611, #220, #7844, .T. ) ;
#2542 = CARTESIAN_POINT ( 'NONE',  ( -2.432427195885665139, -33.41180889124191822, -18.15506602341434927 ) ) ;
#2543 = CYLINDRICAL_SURFACE ( 'NONE', #7858, 31.50000000000000000 ) ;
#2544 = ORIENTED_EDGE ( 'NONE', *, *, #2386, .T. ) ;
#2545 = CARTESIAN_POINT ( 'NONE',  ( 7.035413230162490095, -2.919631651726710686, -18.33314311009608844 ) ) ;
#2546 = CARTESIAN_POINT ( 'NONE',  ( -8.855242667938536982, 2.246365423192144828, -9.500000000000005329 ) ) ;
#2547 = CARTESIAN_POINT ( 'NONE',  ( -4.208095910700049735, -27.64638993119867294, 0.000000000000000000 ) ) ;
#2548 = EDGE_LOOP ( 'NONE', ( #5690, #5995, #7887, #6095 ) ) ;
#2549 = CARTESIAN_POINT ( 'NONE',  ( -29.23897271020203092, -10.13119546570442964, -3.666664066441806202 ) ) ;
#2550 = B_SPLINE_SURFACE_WITH_KNOTS ( 'NONE', 1, 3, ( 
 ( #3597, #846, #2895, #3644, #5741, #8593, #2755, #2203, #8456, #117, #5082, #3694, #1642, #4480, #5266, #2430, #3879, #1036, #1077, #7990, #208, #163, #2340, #3132, #5223, #8732, #6537, #5129, #2991, #1789, #3175, #5977, #2390, #4620, #8126, #1741 ),
 ( #5882, #258, #5321, #3040, #2478, #6020, #1599, #8779, #5832, #8864, #8180, #7478, #4436, #5182, #7334, #4573, #6670, #8683, #7288, #8819, #894, #8038, #7431, #3832, #302, #938, #6714, #3784, #3739, #6579, #1686, #4523, #346, #8077, #2295, #6622 ) ),
 .UNSPECIFIED., .F., .T., .F.,
 ( 2, 2 ),
 ( 4, 2, 2, 2, 2, 2, 2, 2, 2, 2, 2, 2, 2, 2, 2, 2, 2, 4 ),
 ( 0.000000000000000000, 1.000000000000000000 ),
 ( 0.000000000000000000, 0.06250000000000000000, 0.1250000000000000000, 0.1875000000000000000, 0.2500000000000000000, 0.3125000000000000000, 0.3750000000000000000, 0.4375000000000000000, 0.5000000000000000000, 0.5625000000000000000, 0.6250000000000000000, 0.6875000000000000000, 0.7500000000000000000, 0.8125000000000000000, 0.8750000000000000000, 0.9375000000000000000, 0.9687500000000000000, 1.000000000000000000 ),
 .UNSPECIFIED. ) ;
#2551 = DIRECTION ( 'NONE',  ( -1.000000000000000000, 0.000000000000000000, 0.000000000000000000 ) ) ;
#2552 = EDGE_CURVE ( 'NONE', #1189, #8812, #8994, .T. ) ;
#2553 = CARTESIAN_POINT ( 'NONE',  ( 23.16078682890421803, -26.90405087489793701, -17.82748966721275607 ) ) ;
#2554 = ADVANCED_FACE ( 'NONE', ( #2242 ), #7369, .F. ) ;
#2555 = ADVANCED_FACE ( 'NONE', ( #888 ), #6574, .F. ) ;
#2556 = CARTESIAN_POINT ( 'NONE',  ( -8.431539243642745873, 12.62582889371956441, -11.96622429220608375 ) ) ;
#2557 = EDGE_CURVE ( 'NONE', #6360, #6746, #7093, .T. ) ;
#2558 = EDGE_LOOP ( 'NONE', ( #1250, #282, #8809, #585, #1351, #294, #9074 ) ) ;
#2559 = DIRECTION ( 'NONE',  ( 0.9510565162951500895, 0.3090169943749578874, 0.000000000000000000 ) ) ;
#2560 = DIRECTION ( 'NONE',  ( 0.000000000000000000, 0.000000000000000000, -1.000000000000000000 ) ) ;
#2561 = ORIENTED_EDGE ( 'NONE', *, *, #7529, .T. ) ;
#2562 = DIRECTION ( 'NONE',  ( 0.9510565162951500895, 0.3090169943749578874, -0.000000000000000000 ) ) ;
#2563 = CARTESIAN_POINT ( 'NONE',  ( -13.06030974851681137, 25.09559509095985774, -0.04062238679463727603 ) ) ;
#2564 = CARTESIAN_POINT ( 'NONE',  ( 35.43764399864665648, -2.117411691012615282, -15.96378119003855822 ) ) ;
#2565 = DIRECTION ( 'NONE',  ( 1.000000000000000000, 0.000000000000000000, 0.000000000000000000 ) ) ;
#2566 = LINE ( 'NONE', #5578, #8763 ) ;
#2567 = CARTESIAN_POINT ( 'NONE',  ( -0.7771087080456805518, -3.949996363493294194, -30.50000000000000711 ) ) ;
#2568 = CARTESIAN_POINT ( 'NONE',  ( -33.46555341489112578, 1.536295572920103769, -15.50119477818428138 ) ) ;
#2569 = CARTESIAN_POINT ( 'NONE',  ( 23.56096221559744919, -26.55543454585405883, -15.96378118974993754 ) ) ;
#2570 = CARTESIAN_POINT ( 'NONE',  ( 0.1999997480751100065, -21.95279338061241248, -10.50000000000000355 ) ) ;
#2571 = B_SPLINE_CURVE_WITH_KNOTS ( 'NONE', 3,
 ( #1556, #7153, #5704, #5044, #4948, #4997, #6496, #2130, #2303, #2817 ),
 .UNSPECIFIED., .F., .F.,
 ( 4, 2, 2, 2, 4 ),
 ( 0.000000000000000000, 0.0004180340405659040593, 0.0008360680811318081185, 0.001254102121697712232, 0.001672136162263616237 ),
 .UNSPECIFIED. ) ;
#2572 = CARTESIAN_POINT ( 'NONE',  ( -22.06339931607752547, -1.575583760663824329, -10.50000000000000533 ) ) ;
#2573 = CYLINDRICAL_SURFACE ( 'NONE', #3987, 35.50000000000000711 ) ;
#2574 = LINE ( 'NONE', #6772, #7722 ) ;
#2575 = VERTEX_POINT ( 'NONE', #8664 ) ;
#2576 = DIRECTION ( 'NONE',  ( -1.000000000000000000, 0.000000000000000000, 0.000000000000000000 ) ) ;
#2577 = DIRECTION ( 'NONE',  ( 1.526556658859590243E-14, -1.000000000000000000, 0.000000000000000000 ) ) ;
#2578 = EDGE_LOOP ( 'NONE', ( #334, #7304, #4410, #4279 ) ) ;
#2579 = AXIS2_PLACEMENT_3D ( 'NONE', #137, #5096, #8656 ) ;
#2580 = LINE ( 'NONE', #8370, #6371 ) ;
#2581 = ORIENTED_EDGE ( 'NONE', *, *, #5647, .T. ) ;
#2582 = AXIS2_PLACEMENT_3D ( 'NONE', #43, #2773, #2913 ) ;
#2583 = CARTESIAN_POINT ( 'NONE',  ( -21.85607801934127181, -25.38822273444620237, -17.82637605772025680 ) ) ;
#2584 = CARTESIAN_POINT ( 'NONE',  ( -24.85749940513937872, 25.34708205910549950, -15.00037781293156236 ) ) ;
#2585 = ORIENTED_EDGE ( 'NONE', *, *, #8774, .F. ) ;
#2586 = ORIENTED_EDGE ( 'NONE', *, *, #6097, .T. ) ;
#2587 = CARTESIAN_POINT ( 'NONE',  ( 20.68188545522535904, -7.350829274178157569, -10.50000000000000355 ) ) ;
#2588 = DIRECTION ( 'NONE',  ( -0.000000000000000000, -0.000000000000000000, 1.000000000000000000 ) ) ;
#2589 = DIRECTION ( 'NONE',  ( 0.000000000000000000, 0.000000000000000000, -1.000000000000000000 ) ) ;
#2590 = ORIENTED_EDGE ( 'NONE', *, *, #4198, .F. ) ;
#2591 = CARTESIAN_POINT ( 'NONE',  ( -27.83885172224231752, -13.25491528571384237, -3.499999999999999112 ) ) ;
#2592 = ADVANCED_FACE ( 'NONE', ( #3066 ), #8104, .F. ) ;
#2593 = AXIS2_PLACEMENT_3D ( 'NONE', #2696, #6988, #3308 ) ;
#2594 = PLANE ( 'NONE',  #815 ) ;
#2595 = CARTESIAN_POINT ( 'NONE',  ( 23.22286412987148196, -24.14622553067321675, -19.93550015078835358 ) ) ;
#2596 = AXIS2_PLACEMENT_3D ( 'NONE', #1783, #8680, #2385 ) ;
#2597 = CARTESIAN_POINT ( 'NONE',  ( -21.11397025753065293, 20.60268473753768603, -4.500000000000003553 ) ) ;
#2598 = EDGE_CURVE ( 'NONE', #2686, #837, #2738, .T. ) ;
#2599 = ORIENTED_EDGE ( 'NONE', *, *, #3637, .F. ) ;
#2600 = CARTESIAN_POINT ( 'NONE',  ( -3.527432819964852140, -1.777009734887993186, -29.92903409517358426 ) ) ;
#2601 = CARTESIAN_POINT ( 'NONE',  ( -11.71526358883818908, -9.234853257746054922, 0.000000000000000000 ) ) ;
#2602 = ORIENTED_EDGE ( 'NONE', *, *, #8307, .F. ) ;
#2603 = CARTESIAN_POINT ( 'NONE',  ( 2.401517760192588113, 4.325899106663161575, -23.93020751056144846 ) ) ;
#2604 = CARTESIAN_POINT ( 'NONE',  ( 12.30007449020309096, 7.449214920469583667, -2.000000000000003553 ) ) ;
#2605 = EDGE_CURVE ( 'NONE', #7128, #1880, #3763, .T. ) ;
#2606 = CARTESIAN_POINT ( 'NONE',  ( 33.46556029456888837, 1.536278632912097875, -19.49867079312600637 ) ) ;
#2607 = CIRCLE ( 'NONE', #1270, 1.000000000000000888 ) ;
#2608 = DIRECTION ( 'NONE',  ( -0.06975647374411469981, -0.9975640502598249748, 0.000000000000000000 ) ) ;
#2609 = CARTESIAN_POINT ( 'NONE',  ( -21.94175815677462182, -4.359945627220698228, -10.50000000000000533 ) ) ;
#2610 = CARTESIAN_POINT ( 'NONE',  ( 0.000000000000000000, 0.000000000000000000, -4.500000000000002665 ) ) ;
#2611 = CARTESIAN_POINT ( 'NONE',  ( -35.42492389591748747, -2.311405410298764451, -16.23749250258791577 ) ) ;
#2612 = CARTESIAN_POINT ( 'NONE',  ( 24.60802694395709267, -25.58901353034967840, -15.06543078875061603 ) ) ;
#2613 = CARTESIAN_POINT ( 'NONE',  ( 26.90390187311563608, 23.16095991134230303, -17.17385420701961962 ) ) ;
#2614 =( GEOMETRIC_REPRESENTATION_CONTEXT ( 3 ) GLOBAL_UNCERTAINTY_ASSIGNED_CONTEXT ( ( #1330 ) ) GLOBAL_UNIT_ASSIGNED_CONTEXT ( ( #2288, #7372, #2382 ) ) REPRESENTATION_CONTEXT ( 'NONE', 'WORKASPACE' ) );
#2615 = CARTESIAN_POINT ( 'NONE',  ( -33.42915353558409919, -2.181185387183341096, -16.23749250258791577 ) ) ;
#2616 = ADVANCED_FACE ( 'NONE', ( #8014 ), #4411, .F. ) ;
#2617 = APPLICATION_CONTEXT ( 'automotive_design' ) ;
#2618 = VECTOR ( 'NONE', #765, 1000.000000000000000 ) ;
#2619 = EDGE_CURVE ( 'NONE', #4113, #8130, #4404, .T. ) ;
#2620 = CARTESIAN_POINT ( 'NONE',  ( -26.22765938669935437, -23.92529890177464225, -15.50119477820776481 ) ) ;
#2621 = CARTESIAN_POINT ( 'NONE',  ( 0.000000000000000000, 0.000000000000000000, -4.500000000000000000 ) ) ;
#2622 = CARTESIAN_POINT ( 'NONE',  ( -27.33647731103733491, -9.513037238523308403, -3.666663488590733433 ) ) ;
#2623 = VERTEX_POINT ( 'NONE', #3621 ) ;
#2624 = CYLINDRICAL_SURFACE ( 'NONE', #1419, 1.000000000000000000 ) ;
#2625 = CARTESIAN_POINT ( 'NONE',  ( -35.44414881087919156, -1.994403662695367396, -15.84740799122496746 ) ) ;
#2626 = LINE ( 'NONE', #4632, #1407 ) ;
#2627 = ORIENTED_EDGE ( 'NONE', *, *, #8699, .T. ) ;
#2628 = VECTOR ( 'NONE', #3895, 1000.000000000000114 ) ;
#2629 = LINE ( 'NONE', #4164, #2356 ) ;
#2630 = CARTESIAN_POINT ( 'NONE',  ( -24.85673742128384944, -25.34602500482290210, -15.01551170377322109 ) ) ;
#2631 = CARTESIAN_POINT ( 'NONE',  ( -25.34580837226155126, 21.90561283679359406, -16.84523636488913212 ) ) ;
#2632 = ORIENTED_EDGE ( 'NONE', *, *, #7566, .F. ) ;
#2633 = CARTESIAN_POINT ( 'NONE',  ( 8.564840744926023319, -3.413790654103070921, -16.35860676684196591 ) ) ;
#2634 = CARTESIAN_POINT ( 'NONE',  ( 33.50000000000000000, -8.202206241854447415E-15, -15.00000000000000178 ) ) ;
#2635 = DIRECTION ( 'NONE',  ( -1.000000000000000000, 0.000000000000000000, 0.000000000000000000 ) ) ;
#2636 = ORIENTED_EDGE ( 'NONE', *, *, #8076, .T. ) ;
#2637 = CARTESIAN_POINT ( 'NONE',  ( 21.85611709943507819, -25.38818909153217618, -17.17385420697664955 ) ) ;
#2638 = CARTESIAN_POINT ( 'NONE',  ( 3.788206096911087783, 1.232614777547328622, -30.50000000000000711 ) ) ;
#2639 = B_SPLINE_CURVE_WITH_KNOTS ( 'NONE', 3,
 ( #1116, #5086, #2254, #6014 ),
 .UNSPECIFIED., .F., .F.,
 ( 4, 4 ),
 ( 2.310652082908667713E-07, 0.002426261271382006580 ),
 .UNSPECIFIED. ) ;
#2640 = VECTOR ( 'NONE', #1216, 1000.000000000000114 ) ;
#2641 = CARTESIAN_POINT ( 'NONE',  ( 22.78274968980793602, -24.56192057523521655, -19.68467263747256979 ) ) ;
#2642 = CARTESIAN_POINT ( 'NONE',  ( -4.922537205304015728, 7.796117268124158173, -16.35836041481411129 ) ) ;
#2643 = ORIENTED_EDGE ( 'NONE', *, *, #1405, .F. ) ;
#2644 = CARTESIAN_POINT ( 'NONE',  ( -0.6001100417513325347, -3.904147530228489593, -30.50000000000000711 ) ) ;
#2645 = CARTESIAN_POINT ( 'NONE',  ( 3.717744232123995740, 4.095515873577524779, -22.30016820254402532 ) ) ;
#2646 = PLANE ( 'NONE',  #8100 ) ;
#2647 = EDGE_LOOP ( 'NONE', ( #1983, #6986, #8458, #972 ) ) ;
#2648 = CARTESIAN_POINT ( 'NONE',  ( 6.534843118728458577, 10.01599921368434920, -13.85010156716711904 ) ) ;
#2649 = VECTOR ( 'NONE', #4877, 1000.000000000000000 ) ;
#2650 = CARTESIAN_POINT ( 'NONE',  ( 0.6000000000001406431, -9.561718808920296908, -4.820036375773753434 ) ) ;
#2651 = CARTESIAN_POINT ( 'NONE',  ( -26.85899096165030642, 23.21341061809470929, -16.84523636488913212 ) ) ;
#2652 = EDGE_CURVE ( 'NONE', #7684, #1426, #344, .T. ) ;
#2653 = CARTESIAN_POINT ( 'NONE',  ( 14.75339778387581191, 27.65978467309167854, -4.272556101004807871 ) ) ;
#2654 = ADVANCED_FACE ( 'NONE', ( #279 ), #3111, .T. ) ;
#2655 = DIRECTION ( 'NONE',  ( -0.000000000000000000, -0.000000000000000000, 1.000000000000000000 ) ) ;
#2656 = FACE_OUTER_BOUND ( 'NONE', #3824, .T. ) ;
#2657 = CARTESIAN_POINT ( 'NONE',  ( -35.47636405748861677, -1.335333399954568234, -15.31632817220718756 ) ) ;
#2658 = ORIENTED_EDGE ( 'NONE', *, *, #236, .F. ) ;
#2659 = EDGE_CURVE ( 'NONE', #6952, #366, #5438, .T. ) ;
#2660 = CARTESIAN_POINT ( 'NONE',  ( 0.6000000000004753753, -31.49428519588910902, -10.50000000000000355 ) ) ;
#2661 = CARTESIAN_POINT ( 'NONE',  ( 12.15597749922600812, 7.892699857356227255, 0.000000000000000000 ) ) ;
#2662 = CARTESIAN_POINT ( 'NONE',  ( 23.21353570194783345, -26.85887866664178247, -18.15506602338598796 ) ) ;
#2663 = CARTESIAN_POINT ( 'NONE',  ( 18.49417429883541786, -12.13431376600320810, -10.50000000000000533 ) ) ;
#2664 = EDGE_CURVE ( 'NONE', #1938, #5988, #7966, .T. ) ;
#2665 = DIRECTION ( 'NONE',  ( 0.000000000000000000, 0.000000000000000000, 1.000000000000000000 ) ) ;
#2666 = CARTESIAN_POINT ( 'NONE',  ( -22.03203969266116857, 22.45880817932284401, -4.441752137684933821 ) ) ;
#2667 = ORIENTED_EDGE ( 'NONE', *, *, #8537, .T. ) ;
#2668 = ADVANCED_FACE ( 'NONE', ( #1575, #5155 ), #3017, .F. ) ;
#2669 = CARTESIAN_POINT ( 'NONE',  ( 0.000000000000000000, 0.000000000000000000, -10.44999999999990514 ) ) ;
#2670 = CARTESIAN_POINT ( 'NONE',  ( -35.46350419275770349, -1.627996760144233335, -19.49867079322196162 ) ) ;
#2671 = CARTESIAN_POINT ( 'NONE',  ( 0.000000000000000000, 0.000000000000000000, -0.4452998037747721294 ) ) ;
#2672 = ORIENTED_EDGE ( 'NONE', *, *, #800, .F. ) ;
#2673 = DIRECTION ( 'NONE',  ( -1.000000000000000000, 0.000000000000000000, 0.000000000000000000 ) ) ;
#2674 =( BOUNDED_SURFACE ( )  B_SPLINE_SURFACE ( 2, 3, ( 
 ( #7539, #2404, #452, #1050, #4385, #6487, #166, #3134, #120, #7992, #2994, #7897, #8040, #8638, #6624, #3090, #2250, #5885, #5226, #4525, #7243, #2392, #5184, #2297, #7944, #6673, #799, #2946, #5132, #3647, #1601, #3742, #5937, #987 ),
 ( #7383, #8079, #260, #211, #5789, #5084, #4339, #3042, #8735, #8781, #3834, #5834, #304, #4438, #8685, #2342, #1549, #7293, #940, #848, #5979, #3697, #6582, #1646, #896, #6539, #8823, #4482, #1689, #5037, #1502, #7336, #7190, #3786 ),
 ( #2527, #3362, #6022, #3924, #8311, #6202, #2433, #3316, #480, #4752, #6855, #5269, #5411, #5456, #3179, #6716, #1038, #8866, #1178, #1126, #8129, #8224, #6763, #6070, #4059, #1791, #5369, #1218, #8182, #7615, #1928, #3881, #7480, #1881 ) ),
 .UNSPECIFIED., .F., .T., .F. ) 
 B_SPLINE_SURFACE_WITH_KNOTS ( ( 3, 3 ),
 ( 4, 2, 2, 2, 2, 2, 2, 2, 2, 2, 2, 2, 2, 2, 2, 2, 4 ),
 ( 0.000000000000000000, 1.000000000000000000 ),
 ( -4.111408706821528369, -3.718709625122804230, -3.326010543424080090, -2.933311461725355951, -2.540612380026631811, -2.147913298327907672, -1.755214216629183532, -1.362515134930459393, -0.9698160532317354754, -0.5771169715330113359, -0.1844178898342872519, 0.2082811918644368598, 0.6009802735631609716, 0.9936793552618850001, 1.386378436960609140, 1.779077518659333279, 2.171776600358057863 ),
 .UNSPECIFIED. ) 
 GEOMETRIC_REPRESENTATION_ITEM ( )  RATIONAL_B_SPLINE_SURFACE ( (
 ( 1.000000000000000000, 1.000000000000000000, 1.000000000000000000, 1.000000000000000000, 1.000000000000000000, 1.000000000000000000, 1.000000000000000000, 1.000000000000000000, 1.000000000000000000, 1.000000000000000000, 1.000000000000000000, 1.000000000000000000, 1.000000000000000000, 1.000000000000000000, 1.000000000000000000, 1.000000000000000000, 1.000000000000000000, 1.000000000000000000, 1.000000000000000000, 1.000000000000000000, 1.000000000000000000, 1.000000000000000000, 1.000000000000000000, 1.000000000000000000, 1.000000000000000000, 1.000000000000000000, 1.000000000000000000, 1.000000000000000000, 1.000000000000000000, 1.000000000000000000, 1.000000000000000000, 1.000000000000000000, 1.000000000000000000, 1.000000000000000000),
 ( 0.7071067811865475727, 0.7071067811865475727, 0.7071067811865476838, 0.7071067811865476838, 0.7071067811865476838, 0.7071067811865476838, 0.7071067811865476838, 0.7071067811865476838, 0.7071067811865476838, 0.7071067811865476838, 0.7071067811865476838, 0.7071067811865476838, 0.7071067811865476838, 0.7071067811865476838, 0.7071067811865476838, 0.7071067811865476838, 0.7071067811865476838, 0.7071067811865476838, 0.7071067811865476838, 0.7071067811865476838, 0.7071067811865476838, 0.7071067811865476838, 0.7071067811865476838, 0.7071067811865476838, 0.7071067811865476838, 0.7071067811865476838, 0.7071067811865476838, 0.7071067811865476838, 0.7071067811865476838, 0.7071067811865476838, 0.7071067811865476838, 0.7071067811865476838, 0.7071067811865475727, 0.7071067811865475727),
 ( 1.000000000000000000, 1.000000000000000000, 1.000000000000000000, 1.000000000000000000, 1.000000000000000000, 1.000000000000000000, 1.000000000000000000, 1.000000000000000000, 1.000000000000000000, 1.000000000000000000, 1.000000000000000000, 1.000000000000000000, 1.000000000000000000, 1.000000000000000000, 1.000000000000000000, 1.000000000000000000, 1.000000000000000000, 1.000000000000000000, 1.000000000000000000, 1.000000000000000000, 1.000000000000000000, 1.000000000000000000, 1.000000000000000000, 1.000000000000000000, 1.000000000000000000, 1.000000000000000000, 1.000000000000000000, 1.000000000000000000, 1.000000000000000000, 1.000000000000000000, 1.000000000000000000, 1.000000000000000000, 1.000000000000000000, 1.000000000000000000) ) ) 
 REPRESENTATION_ITEM ( '' )  SURFACE ( )  );
#2675 = CARTESIAN_POINT ( 'NONE',  ( -22.09419455814707334, -25.18158761282283820, -18.75847698608141911 ) ) ;
#2676 = CARTESIAN_POINT ( 'NONE',  ( -22.57739473814206477, 24.75004477350121235, -15.50119477845026417 ) ) ;
#2677 = ORIENTED_EDGE ( 'NONE', *, *, #2619, .F. ) ;
#2678 = CARTESIAN_POINT ( 'NONE',  ( 4.573261384081922287, -0.8555928423860466037, -24.95326364646858863 ) ) ;
#2679 = CARTESIAN_POINT ( 'NONE',  ( 18.99728656626161438, 25.12674079779023728, -9.500000000000005329 ) ) ;
#2680 = CARTESIAN_POINT ( 'NONE',  ( -6.043495923599450315, -3.776395381046290911, -3.499999999999999556 ) ) ;
#2681 = ORIENTED_EDGE ( 'NONE', *, *, #4992, .T. ) ;
#2682 = CARTESIAN_POINT ( 'NONE',  ( -22.23314499493458740, -25.05976600376488861, -15.96412339891131005 ) ) ;
#2683 = CARTESIAN_POINT ( 'NONE',  ( 25.18159475674390535, 22.09418396602300660, -16.24166244697568828 ) ) ;
#2684 = CARTESIAN_POINT ( 'NONE',  ( 3.757716070398049890, -1.322654360282766284, -30.50000000000000711 ) ) ;
#2685 = ORIENTED_EDGE ( 'NONE', *, *, #3811, .F. ) ;
#2686 = VERTEX_POINT ( 'NONE', #1622 ) ;
#2687 = B_SPLINE_CURVE_WITH_KNOTS ( 'NONE', 3,
 ( #1311, #4841, #4236, #6948 ),
 .UNSPECIFIED., .F., .F.,
 ( 4, 4 ),
 ( 0.000000000000000000, 0.0007378340800153727289 ),
 .UNSPECIFIED. ) ;
#2688 = CARTESIAN_POINT ( 'NONE',  ( 26.90388608971105100, -23.16097824517363435, -17.16962608725159711 ) ) ;
#2689 = CARTESIAN_POINT ( 'NONE',  ( -20.45803189881393891, 20.85767340799044334, -4.073818833115714355 ) ) ;
#2690 = ORIENTED_EDGE ( 'NONE', *, *, #1518, .T. ) ;
#2691 = CARTESIAN_POINT ( 'NONE',  ( 0.000000000000000000, 0.000000000000000000, -4.500000000000002665 ) ) ;
#2692 = CARTESIAN_POINT ( 'NONE',  ( -33.41176939070526686, 2.432970571065202314, -16.84589223789211943 ) ) ;
#2693 = FACE_OUTER_BOUND ( 'NONE', #7009, .T. ) ;
#2694 = EDGE_LOOP ( 'NONE', ( #3581, #2039 ) ) ;
#2695 = CARTESIAN_POINT ( 'NONE',  ( 3.786257253165449921, 6.236793551448073458, -18.86773182887445799 ) ) ;
#2696 = CARTESIAN_POINT ( 'NONE',  ( 13.25113100649824283, 7.758231914844540889, -2.000000000000003553 ) ) ;
#2697 = CARTESIAN_POINT ( 'NONE',  ( -6.794589565149940391, 10.37273120451673947, -2.000000000000003553 ) ) ;
#2698 = CARTESIAN_POINT ( 'NONE',  ( -2.579121447840503567, 35.40643814088765851, -18.15144138421802467 ) ) ;
#2699 = ORIENTED_EDGE ( 'NONE', *, *, #4372, .T. ) ;
#2700 = CARTESIAN_POINT ( 'NONE',  ( -4.148653262751024862, -28.49645940093285290, -0.4452998037747729621 ) ) ;
#2701 = CARTESIAN_POINT ( 'NONE',  ( -14.26373768937468256, 28.08550848976589620, -4.500000000000002665 ) ) ;
#2702 = CARTESIAN_POINT ( 'NONE',  ( -35.40118623936240283, 2.646887390694552256, -17.82748966708707172 ) ) ;
#2703 = ORIENTED_EDGE ( 'NONE', *, *, #5097, .T. ) ;
#2704 = DIRECTION ( 'NONE',  ( -0.000000000000000000, -0.000000000000000000, 1.000000000000000000 ) ) ;
#2705 = CARTESIAN_POINT ( 'NONE',  ( -6.000000000000000888, 0.000000000000000000, -1.599999999999999423 ) ) ;
#2706 = CARTESIAN_POINT ( 'NONE',  ( 0.5995725953043977707, -4.701260586354456983, -24.62860472782231724 ) ) ;
#2707 = EDGE_CURVE ( 'NONE', #975, #3683, #4242, .T. ) ;
#2708 = CARTESIAN_POINT ( 'NONE',  ( -23.92531675047015582, -26.22765184820103812, -19.49867079319877661 ) ) ;
#2709 = CARTESIAN_POINT ( 'NONE',  ( 24.56192057538330786, 22.78274968965113700, -19.68467263740660300 ) ) ;
#2710 = CARTESIAN_POINT ( 'NONE',  ( -23.92629385969707201, 26.22675450697112254, -19.50000510108211316 ) ) ;
#2711 = ORIENTED_EDGE ( 'NONE', *, *, #8530, .T. ) ;
#2712 = DIRECTION ( 'NONE',  ( 0.000000000000000000, 0.000000000000000000, -1.000000000000000000 ) ) ;
#2713 = CARTESIAN_POINT ( 'NONE',  ( -21.94173407464689873, -4.360060791405226510, -10.50000000000000533 ) ) ;
#2714 = ORIENTED_EDGE ( 'NONE', *, *, #893, .T. ) ;
#2715 = ADVANCED_FACE ( 'NONE', ( #8619 ), #1857, .F. ) ;
#2716 = LINE ( 'NONE', #1374, #1144 ) ;
#2717 = CARTESIAN_POINT ( 'NONE',  ( -26.22675450699551547, -23.92629385966995059, -19.50000510104706208 ) ) ;
#2718 = CARTESIAN_POINT ( 'NONE',  ( -23.92084648227211474, 23.45528926200019981, -19.99993715641065961 ) ) ;
#2719 = CONICAL_SURFACE ( 'NONE', #6443, 27.83333333333332860, 0.5880026035475688362 ) ;
#2720 = ORIENTED_EDGE ( 'NONE', *, *, #7640, .T. ) ;
#2721 = CARTESIAN_POINT ( 'NONE',  ( 5.112130744225981793, -29.05367651871169343, -4.500000000000000000 ) ) ;
#2722 = FACE_OUTER_BOUND ( 'NONE', #8155, .T. ) ;
#2723 = DIRECTION ( 'NONE',  ( -0.06975647374412907720, 0.9975640502598240866, 0.000000000000000000 ) ) ;
#2724 = ORIENTED_EDGE ( 'NONE', *, *, #7526, .T. ) ;
#2725 = DIRECTION ( 'NONE',  ( 0.000000000000000000, 0.000000000000000000, -1.000000000000000000 ) ) ;
#2726 = CARTESIAN_POINT ( 'NONE',  ( 21.85607801934576955, 25.38822273444233346, -17.82637605762963062 ) ) ;
#2727 = CARTESIAN_POINT ( 'NONE',  ( -1.232614777546967799, 3.788206096911155285, -30.50000000000000711 ) ) ;
#2728 = AXIS2_PLACEMENT_3D ( 'NONE', #5490, #4183, #514 ) ;
#2729 = CARTESIAN_POINT ( 'NONE',  ( 23.45707690344192997, -23.91907743605677084, -15.00037781293155881 ) ) ;
#2730 = FACE_OUTER_BOUND ( 'NONE', #954, .T. ) ;
#2731 = EDGE_CURVE ( 'NONE', #3796, #3265, #1565, .T. ) ;
#2732 = CARTESIAN_POINT ( 'NONE',  ( -29.60979310345198812, -8.989927646150228213, -3.666664066441805314 ) ) ;
#2733 = ORIENTED_EDGE ( 'NONE', *, *, #7761, .T. ) ;
#2734 = DIRECTION ( 'NONE',  ( 1.000000000000000000, 0.000000000000000000, 0.000000000000000000 ) ) ;
#2735 = CARTESIAN_POINT ( 'NONE',  ( 9.146818376665134309, 11.56873443676809288, -12.17057966523038637 ) ) ;
#2736 = DIRECTION ( 'NONE',  ( -1.000000000000000000, 0.000000000000000000, 0.000000000000000000 ) ) ;
#2737 = EDGE_LOOP ( 'NONE', ( #2448, #4147, #3458, #5845 ) ) ;
#2738 = B_SPLINE_CURVE_WITH_KNOTS ( 'NONE', 3,
 ( #919, #962, #7920, #2228 ),
 .UNSPECIFIED., .F., .F.,
 ( 4, 4 ),
 ( 0.001209501529602787818, 0.004905640284679694055 ),
 .UNSPECIFIED. ) ;
#2739 = CARTESIAN_POINT ( 'NONE',  ( 8.014652633893140532, 12.05201833185015659, -12.30640873673138280 ) ) ;
#2740 = AXIS2_PLACEMENT_3D ( 'NONE', #8279, #4031, #3374 ) ;
#2741 = CARTESIAN_POINT ( 'NONE',  ( -0.5999999999999398037, -3.904164443258003825, -10.50000000000000355 ) ) ;
#2742 = CARTESIAN_POINT ( 'NONE',  ( -14.80022149865861536, -4.177967339690763282, -11.87894679307587786 ) ) ;
#2743 = CARTESIAN_POINT ( 'NONE',  ( -2.497603480177743140, 33.40676543542022614, -17.82637605762931088 ) ) ;
#2744 = VECTOR ( 'NONE', #1227, 1000.000000000000000 ) ;
#2745 = CARTESIAN_POINT ( 'NONE',  ( -4.003495269360893616, -30.57231541889899873, -3.499999999999999112 ) ) ;
#2746 = CARTESIAN_POINT ( 'NONE',  ( -35.49023557169550713, -0.8482685734397261701, -15.12618847594106875 ) ) ;
#2747 = VERTEX_POINT ( 'NONE', #4684 ) ;
#2748 = CARTESIAN_POINT ( 'NONE',  ( -30.13825535823319868, -9.161635441444332173, -2.000000000000003553 ) ) ;
#2749 = VECTOR ( 'NONE', #6291, 1000.000000000000114 ) ;
#2750 = CARTESIAN_POINT ( 'NONE',  ( -33.47769565988362928, -1.260103349252902571, -15.31632817220718756 ) ) ;
#2751 = CIRCLE ( 'NONE', #5135, 1.000000000000000000 ) ;
#2752 = EDGE_CURVE ( 'NONE', #2812, #5721, #1152, .T. ) ;
#2753 = CARTESIAN_POINT ( 'NONE',  ( 25.10329539043361535, -25.10128603360064758, -19.99992814200970770 ) ) ;
#2754 = CIRCLE ( 'NONE', #3654, 29.49999999999999645 ) ;
#2755 = CARTESIAN_POINT ( 'NONE',  ( 2.313465172530296599, 35.42478633093351448, -16.24166244714356111 ) ) ;
#2756 = CARTESIAN_POINT ( 'NONE',  ( 23.91907743607211856, 23.45707690342657159, -15.00037781293158368 ) ) ;
#2757 = CARTESIAN_POINT ( 'NONE',  ( 5.195179803188689327, -13.53043261734599234, 0.000000000000000000 ) ) ;
#2758 = ORIENTED_EDGE ( 'NONE', *, *, #1870, .T. ) ;
#2759 = DIRECTION ( 'NONE',  ( -0.06975647374411469981, -0.9975640502598249748, 0.000000000000000000 ) ) ;
#2760 = DIRECTION ( 'NONE',  ( 0.000000000000000000, 0.000000000000000000, 1.000000000000000000 ) ) ;
#2761 = CARTESIAN_POINT ( 'NONE',  ( 20.65640235411298775, 8.588531078854718004, -10.50000000000000533 ) ) ;
#2762 = EDGE_LOOP ( 'NONE', ( #413, #2370, #3141, #6941 ) ) ;
#2763 = CONICAL_SURFACE ( 'NONE', #4548, 2.740000000000000213, 0.7853981633974346233 ) ;
#2764 = DIRECTION ( 'NONE',  ( 1.000000000000000000, 0.000000000000000000, 0.000000000000000000 ) ) ;
#2765 = EDGE_CURVE ( 'NONE', #8945, #4096, #3443, .T. ) ;
#2766 = EDGE_CURVE ( 'NONE', #7796, #312, #2123, .T. ) ;
#2767 = CARTESIAN_POINT ( 'NONE',  ( -23.41325094967824683, -26.68496597776748658, -18.75847698608141911 ) ) ;
#2768 = CARTESIAN_POINT ( 'NONE',  ( -22.57833364224934769, 24.74919087277556784, -19.50000510108211316 ) ) ;
#2769 = VERTEX_POINT ( 'NONE', #2042 ) ;
#2770 = ORIENTED_EDGE ( 'NONE', *, *, #5121, .F. ) ;
#2771 = CARTESIAN_POINT ( 'NONE',  ( 4.196929798229606767, -0.7327878206085626234, -26.79484584179115458 ) ) ;
#2772 = DIRECTION ( 'NONE',  ( 0.000000000000000000, 0.000000000000000000, -1.000000000000000000 ) ) ;
#2773 = DIRECTION ( 'NONE',  ( 0.000000000000000000, 0.000000000000000000, 1.000000000000000000 ) ) ;
#2774 = EDGE_LOOP ( 'NONE', ( #462, #4636, #6770, #8971, #3031, #6162, #1275, #5686, #1240, #1091 ) ) ;
#2775 = CARTESIAN_POINT ( 'NONE',  ( -21.85607801934127181, -25.38822273444620237, -17.82637605772025680 ) ) ;
#2776 = AXIS2_PLACEMENT_3D ( 'NONE', #4635, #8095, #6040 ) ;
#2777 = DIRECTION ( 'NONE',  ( 1.000000000000000000, 0.000000000000000000, 0.000000000000000000 ) ) ;
#2778 = CARTESIAN_POINT ( 'NONE',  ( -3.592364382459583894, -1.721848647825681367, -10.49999999998007638 ) ) ;
#2779 = ORIENTED_EDGE ( 'NONE', *, *, #8105, .T. ) ;
#2780 = CARTESIAN_POINT ( 'NONE',  ( 22.09456841774186486, -25.18125735307726387, -18.75985287850459216 ) ) ;
#2781 = CARTESIAN_POINT ( 'NONE',  ( -2.117411690800342416, -35.43764399865786174, -15.96378118975006544 ) ) ;
#2782 = VECTOR ( 'NONE', #1673, 1000.000000000000114 ) ;
#2783 = EDGE_CURVE ( 'NONE', #2971, #3286, #1908, .T. ) ;
#2784 = DIRECTION ( 'NONE',  ( 1.000000000000000000, 0.000000000000000000, 0.000000000000000000 ) ) ;
#2785 = ORIENTED_EDGE ( 'NONE', *, *, #3231, .T. ) ;
#2786 = CARTESIAN_POINT ( 'NONE',  ( 20.10612957175407089, 20.61560273015042810, -0.4452998037747740168 ) ) ;
#2787 = CARTESIAN_POINT ( 'NONE',  ( 2.780077433805892895, 2.805667347378032250, -29.35801411451194198 ) ) ;
#2788 = EDGE_CURVE ( 'NONE', #366, #2623, #2864, .T. ) ;
#2789 = CARTESIAN_POINT ( 'NONE',  ( 9.488273331404264753E-15, 33.50000000000000000, -15.00000000000000000 ) ) ;
#2790 = VERTEX_POINT ( 'NONE', #1378 ) ;
#2791 = CARTESIAN_POINT ( 'NONE',  ( 8.128660444356194503, 12.20892318219061679, -12.20998931325772396 ) ) ;
#2792 = DIRECTION ( 'NONE',  ( 1.000000000000000000, 0.000000000000000000, 0.000000000000000000 ) ) ;
#2793 = B_SPLINE_CURVE_WITH_KNOTS ( 'NONE', 3,
 ( #2416, #8849, #7462, #8164 ),
 .UNSPECIFIED., .F., .F.,
 ( 4, 4 ),
 ( 0.001209501529602788252, 0.004905640284679696657 ),
 .UNSPECIFIED. ) ;
#2794 = EDGE_CURVE ( 'NONE', #6960, #6420, #3001, .T. ) ;
#2795 = AXIS2_PLACEMENT_3D ( 'NONE', #5368, #1790, #8223 ) ;
#2796 = CARTESIAN_POINT ( 'NONE',  ( -25.10229073212244799, 25.10229073212242312, -15.00000000000000000 ) ) ;
#2797 = CARTESIAN_POINT ( 'NONE',  ( -0.3488523191601123896, 35.49998606618571273, -19.99993715642229120 ) ) ;
#2798 = ORIENTED_EDGE ( 'NONE', *, *, #6025, .T. ) ;
#2799 = CARTESIAN_POINT ( 'NONE',  ( -0.5999999999999398037, -3.904164443258003825, -2.000000000000003553 ) ) ;
#2800 = DIRECTION ( 'NONE',  ( -0.3090169943749304093, -0.9510565162951591933, 0.000000000000000000 ) ) ;
#2801 = ORIENTED_EDGE ( 'NONE', *, *, #2839, .T. ) ;
#2802 = CIRCLE ( 'NONE', #8021, 1.000000000000000000 ) ;
#2803 = AXIS2_PLACEMENT_3D ( 'NONE', #1534, #2328, #4419 ) ;
#2804 = CARTESIAN_POINT ( 'NONE',  ( -0.5999999999998660849, -9.113133541694169892, -4.099999999999998757 ) ) ;
#2805 = CARTESIAN_POINT ( 'NONE',  ( 19.58314288377711776, 19.77864907515207094, -2.000000000000006217 ) ) ;
#2806 = CARTESIAN_POINT ( 'NONE',  ( 0.000000000000000000, 0.000000000000000000, -10.44999999999990514 ) ) ;
#2807 = B_SPLINE_CURVE_WITH_KNOTS ( 'NONE', 3,
 ( #622, #4024, #9135, #5602, #1936, #2075, #6160, #1365 ),
 .UNSPECIFIED., .F., .F.,
 ( 4, 2, 2, 4 ),
 ( 2.385971271977599981E-07, 0.0002491498565360432058, 0.0004980611159448888360, 0.0009958836347625800965 ),
 .UNSPECIFIED. ) ;
#2808 = CIRCLE ( 'NONE', #5483, 3.950000000000000178 ) ;
#2809 = CARTESIAN_POINT ( 'NONE',  ( -24.56192057526684991, -22.78274968977444459, -19.68467263744189566 ) ) ;
#2810 = CARTESIAN_POINT ( 'NONE',  ( 12.75908913207826423, 24.73661433915576779, -2.000000000000005329 ) ) ;
#2811 = CARTESIAN_POINT ( 'NONE',  ( -21.20885184147547164, 22.38032725432733017, -3.499999999999998224 ) ) ;
#2812 = VERTEX_POINT ( 'NONE', #1513 ) ;
#2813 = DIRECTION ( 'NONE',  ( 1.000000000000000000, 2.664535259100375697E-15, 0.000000000000000000 ) ) ;
#2814 = CARTESIAN_POINT ( 'NONE',  ( -20.65637913847507789, 8.588586914912298198, -10.49999999999999822 ) ) ;
#2815 = ORIENTED_EDGE ( 'NONE', *, *, #6206, .F. ) ;
#2816 = DIRECTION ( 'NONE',  ( -1.000000000000000000, -1.526556658859590243E-14, 0.000000000000000000 ) ) ;
#2817 = CARTESIAN_POINT ( 'NONE',  ( -14.26373768937468256, 28.08550848976589620, -4.500000000000002665 ) ) ;
#2818 = CARTESIAN_POINT ( 'NONE',  ( -25.06051675825039027, 22.23228233171107249, -19.03432852941214293 ) ) ;
#2819 = ORIENTED_EDGE ( 'NONE', *, *, #1309, .T. ) ;
#2820 = EDGE_LOOP ( 'NONE', ( #8711, #8837, #4136, #2602 ) ) ;
#2821 = CARTESIAN_POINT ( 'NONE',  ( 4.078655221671260378, -0.6944821809231396248, -27.60861911549120506 ) ) ;
#2822 = DIRECTION ( 'NONE',  ( -1.000000000000000000, 0.000000000000000000, 0.000000000000000000 ) ) ;
#2823 = CARTESIAN_POINT ( 'NONE',  ( 25.10128603360092825, 25.10329539043333114, -19.99992814200970770 ) ) ;
#2824 = VERTEX_POINT ( 'NONE', #5801 ) ;
#2825 = CARTESIAN_POINT ( 'NONE',  ( 23.56049693488151320, 26.55587143686972240, -15.96412339893792165 ) ) ;
#2826 = CARTESIAN_POINT ( 'NONE',  ( -16.82728579421319992, -14.38403658500395110, -10.50000000000001243 ) ) ;
#2827 = EDGE_CURVE ( 'NONE', #4653, #7839, #810, .T. ) ;
#2828 = VERTEX_POINT ( 'NONE', #6632 ) ;
#2829 = CARTESIAN_POINT ( 'NONE',  ( 33.49999998629436249, 0.0006703912523994923645, -19.99992794400424501 ) ) ;
#2830 = CARTESIAN_POINT ( 'NONE',  ( 4.979876103497482553E-13, -35.50000000000001421, -15.00000000000000178 ) ) ;
#2831 = DIRECTION ( 'NONE',  ( 0.7071067811865511255, 0.000000000000000000, 0.7071067811865440200 ) ) ;
#2832 = EDGE_LOOP ( 'NONE', ( #5214, #7397 ) ) ;
#2833 = DIRECTION ( 'NONE',  ( 1.000000000000000000, 0.000000000000000000, 0.000000000000000000 ) ) ;
#2834 = DIRECTION ( 'NONE',  ( -0.8090169943749422332, -0.5877852522924802425, 0.000000000000000000 ) ) ;
#2835 = CARTESIAN_POINT ( 'NONE',  ( 2.843884560463056044, -2.849331469386645388, -10.50000000000000178 ) ) ;
#2836 = ORIENTED_EDGE ( 'NONE', *, *, #3319, .T. ) ;
#2837 = FACE_OUTER_BOUND ( 'NONE', #7357, .T. ) ;
#2838 = CARTESIAN_POINT ( 'NONE',  ( -1.628014711682791882, -35.46349690234303864, -15.50119477829921522 ) ) ;
#2839 = EDGE_CURVE ( 'NONE', #7469, #4347, #93, .T. ) ;
#2840 = CARTESIAN_POINT ( 'NONE',  ( -30.70660268052726849, -5.615365416249648689, -4.073592716983513107 ) ) ;
#2841 = ADVANCED_FACE ( 'NONE', ( #951 ), #6477, .T. ) ;
#2842 = CARTESIAN_POINT ( 'NONE',  ( 2.497766974317538136, 33.40675321179267598, -17.82748966714402883 ) ) ;
#2843 = ORIENTED_EDGE ( 'NONE', *, *, #8496, .T. ) ;
#2844 = EDGE_CURVE ( 'NONE', #2962, #2266, #1666, .T. ) ;
#2845 = CARTESIAN_POINT ( 'NONE',  ( 1.994403662754818507, -35.44414881087606517, -15.84740799126148758 ) ) ;
#2846 = ADVANCED_FACE ( 'NONE', ( #4587 ), #3983, .F. ) ;
#2847 = FACE_OUTER_BOUND ( 'NONE', #4517, .T. ) ;
#2848 = EDGE_LOOP ( 'NONE', ( #5544, #2082, #545, #6888 ) ) ;
#2849 = CARTESIAN_POINT ( 'NONE',  ( 24.75004477347350118, 22.57739473817285969, -15.50119477839591831 ) ) ;
#2850 = CARTESIAN_POINT ( 'NONE',  ( 2.433818831015752693, -33.41170923154498240, -18.15144138432807353 ) ) ;
#2851 = CARTESIAN_POINT ( 'NONE',  ( 0.6027486562066896036, -7.270699945702109090, -18.86782082038611819 ) ) ;
#2852 = CARTESIAN_POINT ( 'NONE',  ( -24.56247308257300332, -22.78214836880915328, -15.31533489710971807 ) ) ;
#2853 = CARTESIAN_POINT ( 'NONE',  ( -0.5999999999995230260, -31.49428519588913389, -2.000000000000003553 ) ) ;
#2854 = CARTESIAN_POINT ( 'NONE',  ( -25.34895672001970368, 24.85560503883603545, -19.99993715641065961 ) ) ;
#2855 = CARTESIAN_POINT ( 'NONE',  ( 35.50000000000000711, -8.691081090493156209E-15, -15.00000000000000355 ) ) ;
#2856 = CARTESIAN_POINT ( 'NONE',  ( -2.780239154922231393, 2.805845726592478773, -10.50000000000000533 ) ) ;
#2857 = CARTESIAN_POINT ( 'NONE',  ( 35.49999998547622937, 0.0007104085850295147877, -19.99992795037453774 ) ) ;
#2858 = CARTESIAN_POINT ( 'NONE',  ( -31.50000000000000000, 3.857637417314162689E-15, -35.00000000000000000 ) ) ;
#2859 = VERTEX_POINT ( 'NONE', #5423 ) ;
#2860 = B_SPLINE_CURVE_WITH_KNOTS ( 'NONE', 3,
 ( #742, #3579, #3672, #7967 ),
 .UNSPECIFIED., .F., .F.,
 ( 4, 4 ),
 ( 0.000000000000000000, 0.0007378340800153706689 ),
 .UNSPECIFIED. ) ;
#2861 = CARTESIAN_POINT ( 'NONE',  ( 22.20243757454901967, 22.34551661446171522, -4.500000000000001776 ) ) ;
#2862 = CARTESIAN_POINT ( 'NONE',  ( -2.740000000000000213, 0.000000000000000000, -44.49999999999998579 ) ) ;
#2863 = ORIENTED_EDGE ( 'NONE', *, *, #2004, .F. ) ;
#2864 = LINE ( 'NONE', #6314, #4389 ) ;
#2865 = CARTESIAN_POINT ( 'NONE',  ( 0.000000000000000000, 0.000000000000000000, -44.49999999999998579 ) ) ;
#2866 = CARTESIAN_POINT ( 'NONE',  ( -2.119258591911610257, 35.43754006842711846, -19.03432852957876875 ) ) ;
#2867 = ORIENTED_EDGE ( 'NONE', *, *, #7873, .F. ) ;
#2868 = CARTESIAN_POINT ( 'NONE',  ( 25.34605869684048685, 21.90531871837653100, -16.84589223791968493 ) ) ;
#2869 = CARTESIAN_POINT ( 'NONE',  ( 9.568247549333108282, -19.96263245450514745, -10.50000000000000888 ) ) ;
#2870 = ORIENTED_EDGE ( 'NONE', *, *, #354, .F. ) ;
#2871 = CARTESIAN_POINT ( 'NONE',  ( -0.5999999999999398037, -3.904164443258003825, -10.50000000000000355 ) ) ;
#2872 = CARTESIAN_POINT ( 'NONE',  ( 2.119258591649667345, -35.43754006844095983, -19.03432852981515921 ) ) ;
#2873 = CARTESIAN_POINT ( 'NONE',  ( 15.80335850690935118, -15.83362677293579601, -10.50000000000000178 ) ) ;
#2874 = CARTESIAN_POINT ( 'NONE',  ( -1.995410745053791235, 3.767228189771340663, -26.78493179350499886 ) ) ;
#2875 = VERTEX_POINT ( 'NONE', #1800 ) ;
#2876 = LINE ( 'NONE', #6329, #5890 ) ;
#2877 = CARTESIAN_POINT ( 'NONE',  ( 0.000000000000000000, 0.000000000000000000, -4.500000000000002665 ) ) ;
#2878 = CARTESIAN_POINT ( 'NONE',  ( -3.357058439242055936, -2.221829843064319299, -10.50000000000000533 ) ) ;
#2879 = ORIENTED_EDGE ( 'NONE', *, *, #9046, .F. ) ;
#2880 = CARTESIAN_POINT ( 'NONE',  ( -25.34696702841572602, -24.85763406079707138, -19.99991912762039803 ) ) ;
#2881 = DIRECTION ( 'NONE',  ( -0.000000000000000000, -0.000000000000000000, 1.000000000000000000 ) ) ;
#2882 = CARTESIAN_POINT ( 'NONE',  ( -4.205053973348842788, -0.7354293434327793255, -26.74529382685170731 ) ) ;
#2883 = LINE ( 'NONE', #8351, #864 ) ;
#2884 = ADVANCED_FACE ( 'NONE', ( #313 ), #7446, .F. ) ;
#2885 = DIRECTION ( 'NONE',  ( 1.000000000000000000, 0.000000000000000000, 0.000000000000000000 ) ) ;
#2886 = EDGE_CURVE ( 'NONE', #6041, #8201, #7226, .T. ) ;
#2887 = CIRCLE ( 'NONE', #7518, 31.50000000000000000 ) ;
#2888 = CARTESIAN_POINT ( 'NONE',  ( 14.47360495703819439, 0.7597759851426028055, 0.000000000000000000 ) ) ;
#2889 = ORIENTED_EDGE ( 'NONE', *, *, #3864, .F. ) ;
#2890 = CARTESIAN_POINT ( 'NONE',  ( 24.14737896522326821, 23.22165922884299860, -15.06543078872929264 ) ) ;
#2891 = EDGE_CURVE ( 'NONE', #958, #1992, #3559, .T. ) ;
#2892 = FACE_OUTER_BOUND ( 'NONE', #7816, .T. ) ;
#2893 = CARTESIAN_POINT ( 'NONE',  ( 0.6004342697572763177, -10.47469708151709966, -15.01742916751230617 ) ) ;
#2894 = VECTOR ( 'NONE', #7671, 1000.000000000000114 ) ;
#2895 = CARTESIAN_POINT ( 'NONE',  ( 0.6936622674041689196, 35.49466771488039996, -15.06543078870605612 ) ) ;
#2896 = DIRECTION ( 'NONE',  ( -0.8480480961564310638, 0.5299192642331970182, 0.000000000000000000 ) ) ;
#2897 = ORIENTED_EDGE ( 'NONE', *, *, #555, .F. ) ;
#2898 = CARTESIAN_POINT ( 'NONE',  ( -22.78274968980745285, 24.56192057523566419, -19.68467263747258400 ) ) ;
#2899 = AXIS2_PLACEMENT_3D ( 'NONE', #318, #3059, #957 ) ;
#2900 = AXIS2_PLACEMENT_3D ( 'NONE', #6450, #4307, #8003 ) ;
#2901 = ORIENTED_EDGE ( 'NONE', *, *, #5127, .F. ) ;
#2902 = CARTESIAN_POINT ( 'NONE',  ( 4.318225109252328053, -21.95000583629824220, -10.50000000000000533 ) ) ;
#2903 = CARTESIAN_POINT ( 'NONE',  ( 35.49010653960287698, 0.8533327061489303089, -19.87223709147071915 ) ) ;
#2904 = ADVANCED_FACE ( 'NONE', ( #3416 ), #9140, .F. ) ;
#2905 = ADVANCED_FACE ( 'NONE', ( #584 ), #2624, .F. ) ;
#2906 = CARTESIAN_POINT ( 'NONE',  ( 30.86506909265603582, -5.483971575112189356, -4.272556101004809648 ) ) ;
#2907 = CIRCLE ( 'NONE', #255, 31.50000000000000000 ) ;
#2908 = CARTESIAN_POINT ( 'NONE',  ( 21.45317495082960235, 22.57336981939767995, -3.962296814609497453 ) ) ;
#2909 = CYLINDRICAL_SURFACE ( 'NONE', #3689, 35.50000000000001421 ) ;
#2910 = ORIENTED_EDGE ( 'NONE', *, *, #2794, .T. ) ;
#2911 = CARTESIAN_POINT ( 'NONE',  ( -35.40643814088717534, -2.579121447847568138, -18.15144138419044140 ) ) ;
#2912 = CARTESIAN_POINT ( 'NONE',  ( 35.49960312340315483, -0.1733491273932263876, -19.99485466107144305 ) ) ;
#2913 = DIRECTION ( 'NONE',  ( -0.8090169943749507819, 0.5877852522924685852, 0.000000000000000000 ) ) ;
#2914 = ORIENTED_EDGE ( 'NONE', *, *, #5412, .F. ) ;
#2915 = VECTOR ( 'NONE', #7165, 1000.000000000000000 ) ;
#2916 = CARTESIAN_POINT ( 'NONE',  ( 3.857524663892149430, 6.330208175175314977, -4.099999999999999645 ) ) ;
#2917 = CARTESIAN_POINT ( 'NONE',  ( -7.349940052694755366, -20.88148550512460488, -10.50000000000000533 ) ) ;
#2918 = ORIENTED_EDGE ( 'NONE', *, *, #8566, .F. ) ;
#2919 = AXIS2_PLACEMENT_3D ( 'NONE', #9083, #5541, #1969 ) ;
#2920 = LINE ( 'NONE', #2871, #9012 ) ;
#2921 = CARTESIAN_POINT ( 'NONE',  ( -19.74319688318284349, 20.03478901691144642, 1.852461055645154053E-15 ) ) ;
#2922 = CARTESIAN_POINT ( 'NONE',  ( -28.55285746764129939, -8.646508440424895525, -2.000000000000003553 ) ) ;
#2923 = ORIENTED_EDGE ( 'NONE', *, *, #4308, .F. ) ;
#2924 = DIRECTION ( 'NONE',  ( -1.000000000000000000, 0.000000000000000000, 0.000000000000000000 ) ) ;
#2925 = DIRECTION ( 'NONE',  ( 0.000000000000000000, 0.000000000000000000, -1.000000000000000000 ) ) ;
#2926 = CARTESIAN_POINT ( 'NONE',  ( 3.332746190569198408, 2.258377993736182532, -10.50000000000000533 ) ) ;
#2927 = ORIENTED_EDGE ( 'NONE', *, *, #7048, .F. ) ;
#2928 = CARTESIAN_POINT ( 'NONE',  ( 30.13825535823346158, -9.161635441443433336, -4.500000000000002665 ) ) ;
#2929 = CARTESIAN_POINT ( 'NONE',  ( 25.85595051350854945, -12.76052248750448825, -3.499999999999999556 ) ) ;
#2930 = CARTESIAN_POINT ( 'NONE',  ( 26.22765184821765416, -23.92531675045168171, -19.49867079316377172 ) ) ;
#2931 = DIRECTION ( 'NONE',  ( 1.000000000000000000, 0.000000000000000000, 0.000000000000000000 ) ) ;
#2932 = EDGE_LOOP ( 'NONE', ( #4679, #977 ) ) ;
#2933 = AXIS2_PLACEMENT_3D ( 'NONE', #4848, #5548, #6254 ) ;
#2934 = DIRECTION ( 'NONE',  ( -0.7912802033287106296, 0.2571025233006615229, -0.5547737668027453717 ) ) ;
#2935 = ORIENTED_EDGE ( 'NONE', *, *, #8165, .F. ) ;
#2936 = CARTESIAN_POINT ( 'NONE',  ( 9.636992702065734662, -3.762126075896707444, -2.000000000000003553 ) ) ;
#2937 = ORIENTED_EDGE ( 'NONE', *, *, #1473, .T. ) ;
#2938 = CARTESIAN_POINT ( 'NONE',  ( 23.11553767793770575, 24.24758564571929398, -15.12618847594110072 ) ) ;
#2939 = CIRCLE ( 'NONE', #4126, 29.50000000000000355 ) ;
#2940 = CARTESIAN_POINT ( 'NONE',  ( -24.14291385039297211, 26.02830389316018511, -19.68467263747258400 ) ) ;
#2941 = EDGE_CURVE ( 'NONE', #3351, #2461, #4204, .T. ) ;
#2942 = CARTESIAN_POINT ( 'NONE',  ( -24.56247308257300332, -22.78214836880915328, -15.31533489710971807 ) ) ;
#2943 = EDGE_CURVE ( 'NONE', #3541, #5608, #9001, .T. ) ;
#2944 = CARTESIAN_POINT ( 'NONE',  ( -23.68807716974887612, -23.68807716974981403, -15.00000000000000355 ) ) ;
#2945 = DIRECTION ( 'NONE',  ( -0.5299192642331969072, -0.8480480961564309528, 0.000000000000000000 ) ) ;
#2946 = CARTESIAN_POINT ( 'NONE',  ( -1.721848647833194246, 3.592364382472092554, -30.50000000000000711 ) ) ;
#2947 = CARTESIAN_POINT ( 'NONE',  ( -24.75003765948719092, 22.57741158152162342, -19.49867079337194653 ) ) ;
#2948 = ORIENTED_EDGE ( 'NONE', *, *, #7305, .T. ) ;
#2949 = CARTESIAN_POINT ( 'NONE',  ( 0.000000000000000000, 0.000000000000000000, -2.000000000000003553 ) ) ;
#2950 = CARTESIAN_POINT ( 'NONE',  ( 35.50000000000000000, 0.3490570839505242051, -14.99961905502393478 ) ) ;
#2951 = VECTOR ( 'NONE', #996, 1000.000000000000000 ) ;
#2952 = CARTESIAN_POINT ( 'NONE',  ( 30.70838812326419287, -5.614279140825780168, -4.075933793973241848 ) ) ;
#2953 = EDGE_CURVE ( 'NONE', #4683, #2220, #8564, .T. ) ;
#2954 = CARTESIAN_POINT ( 'NONE',  ( 0.6000000000000857980, -5.969924622639712020, -1.599999999999999423 ) ) ;
#2955 = FACE_OUTER_BOUND ( 'NONE', #3165, .T. ) ;
#2956 = ADVANCED_FACE ( 'NONE', ( #7053, #3372 ), #670, .F. ) ;
#2957 = TOROIDAL_SURFACE ( 'NONE', #7287, 27.96481624151200762, 1.000000000000000000 ) ;
#2958 = ORIENTED_EDGE ( 'NONE', *, *, #1023, .T. ) ;
#2959 = CARTESIAN_POINT ( 'NONE',  ( 14.16544268062468426, -3.971753956199230551, -12.18741473534070074 ) ) ;
#2960 = CARTESIAN_POINT ( 'NONE',  ( 0.000000000000000000, 0.000000000000000000, 0.000000000000000000 ) ) ;
#2961 = CARTESIAN_POINT ( 'NONE',  ( -13.23193735800571069, 26.32285225125621508, -4.442071776254559623 ) ) ;
#2962 = VERTEX_POINT ( 'NONE', #9188 ) ;
#2963 = B_SPLINE_CURVE_WITH_KNOTS ( 'NONE', 1,
 ( #6035, #1894 ),
 .UNSPECIFIED., .F., .F.,
 ( 2, 2 ),
 ( 0.000000000000000000, 1.000000000000000000 ),
 .UNSPECIFIED. ) ;
#2964 = DIRECTION ( 'NONE',  ( 1.000000000000000000, 0.000000000000000000, 0.000000000000000000 ) ) ;
#2965 = B_SPLINE_CURVE_WITH_KNOTS ( 'NONE', 3,
 ( #1031, #5879, #8175, #8074, #8036, #3171 ),
 .UNSPECIFIED., .F., .F.,
 ( 4, 2, 4 ),
 ( 0.005212076845214618295, 0.01122124663063494773, 0.01723041641605527197 ),
 .UNSPECIFIED. ) ;
#2966 = CARTESIAN_POINT ( 'NONE',  ( -14.78145772585267181, -16.47927677957430248, -10.50000000000000533 ) ) ;
#2967 = ORIENTED_EDGE ( 'NONE', *, *, #8404, .T. ) ;
#2968 = CARTESIAN_POINT ( 'NONE',  ( -10.25119888944140456, -3.961693763723501682, -3.410121490213372297 ) ) ;
#2969 = CARTESIAN_POINT ( 'NONE',  ( -0.3266837094945005404, -33.50000000000000711, -15.00037781293152861 ) ) ;
#2970 = LINE ( 'NONE', #5811, #2649 ) ;
#2971 = VERTEX_POINT ( 'NONE', #2031 ) ;
#2972 = DIRECTION ( 'NONE',  ( -0.000000000000000000, -0.000000000000000000, 1.000000000000000000 ) ) ;
#2973 = CARTESIAN_POINT ( 'NONE',  ( 2.294974802407295122, 5.680261962360171779, -2.000000000000003553 ) ) ;
#2974 = CARTESIAN_POINT ( 'NONE',  ( -4.025651666656369976, 0.02231310099394783961, -30.50000000000000711 ) ) ;
#2975 = VERTEX_POINT ( 'NONE', #3325 ) ;
#2976 = CARTESIAN_POINT ( 'NONE',  ( 35.40650189164323791, -2.578222545452183656, -16.84589223786971601 ) ) ;
#2977 = CARTESIAN_POINT ( 'NONE',  ( -0.6936622677938371062, -35.49466771486925865, -15.06543078888019238 ) ) ;
#2978 = B_SPLINE_CURVE_WITH_KNOTS ( 'NONE', 3,
 ( #7515, #2521, #3965, #6801 ),
 .UNSPECIFIED., .F., .F.,
 ( 4, 4 ),
 ( 4.456146730162773149E-07, 0.003005248819322607883 ),
 .UNSPECIFIED. ) ;
#2979 = CARTESIAN_POINT ( 'NONE',  ( -6.486700964221634003, -1.473727841567326280, -19.93877262199145761 ) ) ;
#2980 = CARTESIAN_POINT ( 'NONE',  ( 1.809400085646715395, 3.511206534805614066, -10.44999999999990514 ) ) ;
#2981 = VERTEX_POINT ( 'NONE', #4855 ) ;
#2982 = LINE ( 'NONE', #7139, #8416 ) ;
#2983 = CARTESIAN_POINT ( 'NONE',  ( 8.481694842071252793, -3.386747046168796071, -4.099999999999998757 ) ) ;
#2984 = ORIENTED_EDGE ( 'NONE', *, *, #7692, .F. ) ;
#2985 = LINE ( 'NONE', #2241, #3211 ) ;
#2986 = CARTESIAN_POINT ( 'NONE',  ( 2.233532463794365430, 3.257887771728284587, -10.50000000000000178 ) ) ;
#2987 = ORIENTED_EDGE ( 'NONE', *, *, #2605, .F. ) ;
#2988 = FACE_OUTER_BOUND ( 'NONE', #4314, .T. ) ;
#2989 = CARTESIAN_POINT ( 'NONE',  ( -23.56152604804841388, 26.55493701963241904, -19.03685471090980030 ) ) ;
#2990 = CARTESIAN_POINT ( 'NONE',  ( -25.38818909153225079, -21.85611709943500003, -17.17385420710221666 ) ) ;
#2991 = CARTESIAN_POINT ( 'NONE',  ( -2.118049622503584306, 35.43762392411071716, -15.96412339891959853 ) ) ;
#2992 = CARTESIAN_POINT ( 'NONE',  ( 23.57084925354358163, 26.54570437270396965, -15.97300927165337292 ) ) ;
#2993 = ORIENTED_EDGE ( 'NONE', *, *, #3117, .F. ) ;
#2994 = CARTESIAN_POINT ( 'NONE',  ( 2.588471276120438702, -3.028144824014086911, -30.50000000000000711 ) ) ;
#2995 = CARTESIAN_POINT ( 'NONE',  ( -22.23411612984850194, 25.05888422979396779, -19.03685471090980030 ) ) ;
#2996 = DIRECTION ( 'NONE',  ( 0.000000000000000000, 0.000000000000000000, -1.000000000000000000 ) ) ;
#2997 = EDGE_CURVE ( 'NONE', #7491, #3850, #4975, .T. ) ;
#2998 = CARTESIAN_POINT ( 'NONE',  ( 35.49748004061216022, 0.4315215033867029204, -19.96789906999452313 ) ) ;
#2999 = DIRECTION ( 'NONE',  ( -1.000000000000000000, 0.000000000000000000, 0.000000000000000000 ) ) ;
#3000 = LINE ( 'NONE', #702, #6766 ) ;
#3001 = B_SPLINE_CURVE_WITH_KNOTS ( 'NONE', 3,
 ( #7773, #1335, #8424, #5709, #4260, #2821, #6922, #4079, #4168, #9150, #41, #6361, #2, #2771, #5615, #8472, #2678, #6224, #1948, #5519, #724, #4910, #4771, #1423, #7112, #6405, #9065, #7681, #4214, #5664, #2133, #3381, #4818, #4953, #4124, #6970, #7817, #592, #861, #909, #4449, #7252, #5895, #7200, #8694, #5755, #8651, #4492, #2353, #5047, #5145, #7907, #2959, #1610, #7156, #7954, #5192, #1559, #2307 ),
 .UNSPECIFIED., .F., .F.,
 ( 4, 2, 2, 1, 1, 1, 1, 1, 2, 2, 2, 2, 2, 1, 1, 2, 2, 2, 2, 2, 1, 1, 1, 1, 2, 2, 2, 2, 2, 1, 1, 1, 1, 2, 2, 2, 4 ),
 ( 0.000000000000000000, 0.06249999999995534128, 0.09374999999993301192, 0.1093749999999216876, 0.1171874999999158451, 0.1210937499999130834, 0.1230468749999118760, 0.1240234374999114181, 0.1245117187499113626, 0.1249999999999112932, 0.1874999999999273081, 0.2187499999999351352, 0.2343749999999390488, 0.2421874999999411582, 0.2460937499999421019, 0.2480468749999425460, 0.2499999999999429900, 0.3749999999999740208, 0.4374999999999895084, 0.4687499999999972800, 0.4843750000000011657, 0.4921875000000032196, 0.4960937500000043299, 0.4980468750000049405, 0.4990234375000051070, 0.5000000000000052180, 0.6250000000000087708, 0.6875000000000105471, 0.7187500000000115463, 0.7343750000000121014, 0.7421875000000122125, 0.7460937500000124345, 0.7480468750000126565, 0.7490234375000125455, 0.7500000000000125455, 0.8750000000000062172, 1.000000000000000000 ),
 .UNSPECIFIED. ) ;
#3002 = DIRECTION ( 'NONE',  ( 0.000000000000000000, 0.000000000000000000, 1.000000000000000000 ) ) ;
#3003 = CARTESIAN_POINT ( 'NONE',  ( 7.765409958399732027, 9.667388901765873399, -2.000000000000003553 ) ) ;
#3004 = VERTEX_POINT ( 'NONE', #9054 ) ;
#3005 = CARTESIAN_POINT ( 'NONE',  ( -35.43754006842553395, -2.119258591941627579, -19.03432852956215626 ) ) ;
#3006 = FACE_OUTER_BOUND ( 'NONE', #8287, .T. ) ;
#3007 = CARTESIAN_POINT ( 'NONE',  ( 29.76743496498352926, -10.30290326099764542, -9.500000000000005329 ) ) ;
#3008 = ORIENTED_EDGE ( 'NONE', *, *, #1194, .T. ) ;
#3009 = ADVANCED_FACE ( 'NONE', ( #6163 ), #4161, .F. ) ;
#3010 = DIRECTION ( 'NONE',  ( -0.000000000000000000, -0.000000000000000000, 1.000000000000000000 ) ) ;
#3011 = CARTESIAN_POINT ( 'NONE',  ( 4.828961460876405098, -31.12293922323640771, -4.492893942089978943 ) ) ;
#3012 = ORIENTED_EDGE ( 'NONE', *, *, #7062, .F. ) ;
#3013 = CARTESIAN_POINT ( 'NONE',  ( 2.030270917882635917, -1.840000000000000080, -33.00000000000000000 ) ) ;
#3014 = CARTESIAN_POINT ( 'NONE',  ( -2.183129106523157503, -33.42902372073655926, -16.24166244720775865 ) ) ;
#3015 = CARTESIAN_POINT ( 'NONE',  ( 25.81973904263838193, -12.75149395379241568, -0.4452998037747720739 ) ) ;
#3016 = EDGE_LOOP ( 'NONE', ( #5110, #5281, #642, #7698, #8649, #3396, #5443, #3467, #2690, #7862 ) ) ;
#3017 = PLANE ( 'NONE',  #1413 ) ;
#3018 = CARTESIAN_POINT ( 'NONE',  ( 0.3265171011964663750, 33.50001309514799885, -19.99991912759713486 ) ) ;
#3019 = ORIENTED_EDGE ( 'NONE', *, *, #1594, .T. ) ;
#3020 = CARTESIAN_POINT ( 'NONE',  ( 10.88555644094618202, -9.396131989646940852, 0.000000000000000000 ) ) ;
#3021 = EDGE_LOOP ( 'NONE', ( #4405, #7638, #7164, #6037, #7228, #1674 ) ) ;
#3022 = CARTESIAN_POINT ( 'NONE',  ( 33.47773741479713294, -1.258063190131043285, -19.68467288941753779 ) ) ;
#3023 = CARTESIAN_POINT ( 'NONE',  ( 2.577814582302125679, -35.40653470733275299, -16.84523636481001674 ) ) ;
#3024 = CARTESIAN_POINT ( 'NONE',  ( 26.85984677232417184, -23.21241824184780000, -18.15144138432805931 ) ) ;
#3025 = CONICAL_SURFACE ( 'NONE', #209, 27.83333333333332860, 0.5880026035475688362 ) ;
#3026 = CARTESIAN_POINT ( 'NONE',  ( 0.000000000000000000, 0.000000000000000000, -10.50000000000000355 ) ) ;
#3027 = EDGE_CURVE ( 'NONE', #6250, #1880, #4828, .T. ) ;
#3028 = ORIENTED_EDGE ( 'NONE', *, *, #2827, .T. ) ;
#3029 = CARTESIAN_POINT ( 'NONE',  ( -35.49999997156679399, -0.001420829841753978124, -19.99992814200970415 ) ) ;
#3030 = CARTESIAN_POINT ( 'NONE',  ( 23.45635784825480741, 23.91807993412764333, -15.01551170377322109 ) ) ;
#3031 = ORIENTED_EDGE ( 'NONE', *, *, #6892, .T. ) ;
#3032 = DIRECTION ( 'NONE',  ( 1.000000000000000000, 0.000000000000000000, 0.000000000000000000 ) ) ;
#3033 = CARTESIAN_POINT ( 'NONE',  ( -3.283692341844998808, 15.00000000000000000, -4.500000000000000000 ) ) ;
#3034 = ORIENTED_EDGE ( 'NONE', *, *, #800, .T. ) ;
#3035 = CARTESIAN_POINT ( 'NONE',  ( -0.5999999999995774269, -29.49389767392571216, -9.500000000000005329 ) ) ;
#3036 = VECTOR ( 'NONE', #1962, 1000.000000000000000 ) ;
#3037 = CARTESIAN_POINT ( 'NONE',  ( 24.99290614573722280, -12.54534135892301450, 0.000000000000000000 ) ) ;
#3038 = CARTESIAN_POINT ( 'NONE',  ( -25.34605869684033053, -21.90531871837671218, -16.84589223791972401 ) ) ;
#3039 = AXIS2_PLACEMENT_3D ( 'NONE', #4589, #865, #997 ) ;
#3040 = CARTESIAN_POINT ( 'NONE',  ( 1.258879677945507813, 33.47770288097871116, -15.31533489718471941 ) ) ;
#3041 = CARTESIAN_POINT ( 'NONE',  ( 23.65254162322156972, 26.47305433189188406, -15.84740799123920318 ) ) ;
#3042 = CARTESIAN_POINT ( 'NONE',  ( 3.757716070392343788, -1.322654360280745678, -10.49999999999502620 ) ) ;
#3043 = CARTESIAN_POINT ( 'NONE',  ( -23.22286412987094906, 24.14622553067372834, -19.93550015078834647 ) ) ;
#3044 = CARTESIAN_POINT ( 'NONE',  ( -0.5996383963340927714, -4.403342531108760838, -25.83607787314915072 ) ) ;
#3045 = VECTOR ( 'NONE', #6407, 1000.000000000000114 ) ;
#3046 = CARTESIAN_POINT ( 'NONE',  ( 7.109000419432098816, -0.4971097354358892106, -4.500000000000000000 ) ) ;
#3047 = CONICAL_SURFACE ( 'NONE', #227, 31.50000000000000000, 0.5880026035475672819 ) ;
#3048 = CARTESIAN_POINT ( 'NONE',  ( 3.967401193613626642, -0.3228751258973338034, -30.50000000000000711 ) ) ;
#3049 = DIRECTION ( 'NONE',  ( 1.000000000000000000, -0.000000000000000000, -0.000000000000000000 ) ) ;
#3050 = ORIENTED_EDGE ( 'NONE', *, *, #4713, .T. ) ;
#3051 = CARTESIAN_POINT ( 'NONE',  ( -35.50000000000000711, -1.060349724690823336E-13, -14.99999999999999822 ) ) ;
#3052 = CARTESIAN_POINT ( 'NONE',  ( -8.852515235321106957, -2.245479226614860657, -4.099999999999998757 ) ) ;
#3053 = DIRECTION ( 'NONE',  ( -0.000000000000000000, -0.000000000000000000, 1.000000000000000000 ) ) ;
#3054 = ORIENTED_EDGE ( 'NONE', *, *, #5290, .F. ) ;
#3055 = DIRECTION ( 'NONE',  ( 1.000000000000000000, 0.000000000000000000, 0.000000000000000000 ) ) ;
#3056 = EDGE_CURVE ( 'NONE', #5857, #8251, #529, .T. ) ;
#3057 = AXIS2_PLACEMENT_3D ( 'NONE', #627, #3506, #6213 ) ;
#3058 = EDGE_CURVE ( 'NONE', #8251, #5857, #4531, .T. ) ;
#3059 = DIRECTION ( 'NONE',  ( 0.000000000000000000, 0.000000000000000000, -1.000000000000000000 ) ) ;
#3060 = ORIENTED_EDGE ( 'NONE', *, *, #2707, .F. ) ;
#3061 = CARTESIAN_POINT ( 'NONE',  ( -0.3265171012041865883, -33.50001309514800596, -19.99991912760877000 ) ) ;
#3062 = CYLINDRICAL_SURFACE ( 'NONE', #1612, 0.9999999999999995559 ) ;
#3063 = ADVANCED_FACE ( 'NONE', ( #5510 ), #7235, .T. ) ;
#3064 = AXIS2_PLACEMENT_3D ( 'NONE', #7467, #4612, #4696 ) ;
#3065 = ORIENTED_EDGE ( 'NONE', *, *, #5913, .T. ) ;
#3066 = FACE_OUTER_BOUND ( 'NONE', #1621, .T. ) ;
#3067 = CARTESIAN_POINT ( 'NONE',  ( 28.71050695390832885, -9.959486532699061812, -2.833330587785095833 ) ) ;
#3068 = DIRECTION ( 'NONE',  ( -0.5877852522924805756, 0.8090169943749419001, 0.000000000000000000 ) ) ;
#3069 = ORIENTED_EDGE ( 'NONE', *, *, #579, .T. ) ;
#3070 = CARTESIAN_POINT ( 'NONE',  ( 35.49466737621372658, 0.6940836975987023649, -19.93459846097544030 ) ) ;
#3071 = CARTESIAN_POINT ( 'NONE',  ( -1.998120891318633019, -33.44115701281798181, -15.96378118975006544 ) ) ;
#3072 = EDGE_CURVE ( 'NONE', #915, #8368, #8173, .T. ) ;
#3073 = CARTESIAN_POINT ( 'NONE',  ( -3.023623453860414312, 5.182441626228436071, -1.599999999999999423 ) ) ;
#3074 = AXIS2_PLACEMENT_3D ( 'NONE', #141, #6372, #7824 ) ;
#3075 = CARTESIAN_POINT ( 'NONE',  ( -3.898491231073317298, -0.6358192520240811829, -10.50000000000000355 ) ) ;
#3076 = ORIENTED_EDGE ( 'NONE', *, *, #717, .F. ) ;
#3077 = ADVANCED_FACE ( 'NONE', ( #8773 ), #1722, .T. ) ;
#3078 = CARTESIAN_POINT ( 'NONE',  ( -35.49470627985115811, 0.6918951143924039204, -19.93550015080730020 ) ) ;
#3079 = CARTESIAN_POINT ( 'NONE',  ( 22.78127799633879746, 24.56333324286686803, -15.31632817220721243 ) ) ;
#3080 = ORIENTED_EDGE ( 'NONE', *, *, #6997, .F. ) ;
#3081 = CARTESIAN_POINT ( 'NONE',  ( -30.13825535823319157, -9.161635441444300199, -10.50000000000000355 ) ) ;
#3082 = CARTESIAN_POINT ( 'NONE',  ( 26.03037056866141086, -24.14069121598401324, -19.68347431263111247 ) ) ;
#3083 = ORIENTED_EDGE ( 'NONE', *, *, #7044, .F. ) ;
#3084 = DIRECTION ( 'NONE',  ( -1.000000000000000000, 0.000000000000000000, 0.000000000000000000 ) ) ;
#3085 = CARTESIAN_POINT ( 'NONE',  ( -1.482100593823303170, -5.944380803288833448, -2.000000000000003553 ) ) ;
#3086 = AXIS2_PLACEMENT_3D ( 'NONE', #7057, #6544, #2999 ) ;
#3087 = CARTESIAN_POINT ( 'NONE',  ( -23.68712907396124834, -23.68902522759220375, -19.99992814200971125 ) ) ;
#3088 = CARTESIAN_POINT ( 'NONE',  ( -6.160215875535541841, -14.06536084722647217, 0.000000000000000000 ) ) ;
#3089 = DIRECTION ( 'NONE',  ( -0.000000000000000000, -0.000000000000000000, 1.000000000000000000 ) ) ;
#3090 = CARTESIAN_POINT ( 'NONE',  ( -1.322654360279710950, -3.757716070398692931, -30.50000000000000711 ) ) ;
#3091 = CARTESIAN_POINT ( 'NONE',  ( -22.09456841780257363, 25.18125735302440305, -18.75985287868912721 ) ) ;
#3092 = DIRECTION ( 'NONE',  ( -0.000000000000000000, 0.000000000000000000, -1.000000000000000000 ) ) ;
#3093 = CIRCLE ( 'NONE', #8313, 12.39999999999998970 ) ;
#3094 = CARTESIAN_POINT ( 'NONE',  ( 14.83908903552085512, 27.38063695982758361, -3.964755308625542263 ) ) ;
#3095 = CARTESIAN_POINT ( 'NONE',  ( 3.925396326342978970, 0.6601395755013391708, -30.50000000000000711 ) ) ;
#3096 = DIRECTION ( 'NONE',  ( 0.6427876096865378086, -0.7660444431189792347, 0.000000000000000000 ) ) ;
#3097 = ORIENTED_EDGE ( 'NONE', *, *, #3138, .T. ) ;
#3098 = CARTESIAN_POINT ( 'NONE',  ( -35.50000000000000711, 0.3461872145486101227, -15.00037781293153749 ) ) ;
#3099 = CARTESIAN_POINT ( 'NONE',  ( 0.000000000000000000, 0.000000000000000000, -1.000000000000000000 ) ) ;
#3100 = CIRCLE ( 'NONE', #6964, 9.132863896322508168 ) ;
#3101 = VECTOR ( 'NONE', #3511, 1000.000000000000000 ) ;
#3102 = LINE ( 'NONE', #6634, #949 ) ;
#3103 = ORIENTED_EDGE ( 'NONE', *, *, #3229, .T. ) ;
#3104 = CARTESIAN_POINT ( 'NONE',  ( -25.19360741868616316, -12.59538180647586536, -2.499859741078401587 ) ) ;
#3105 = DIRECTION ( 'NONE',  ( -0.000000000000000000, -0.000000000000000000, -1.000000000000000000 ) ) ;
#3106 = ORIENTED_EDGE ( 'NONE', *, *, #4158, .T. ) ;
#3107 = VECTOR ( 'NONE', #4125, 999.9999999999998863 ) ;
#3108 = CARTESIAN_POINT ( 'NONE',  ( -2.497552057251120505, -33.40676928008652879, -17.17385420672569296 ) ) ;
#3109 = CARTESIAN_POINT ( 'NONE',  ( 0.000000000000000000, 0.000000000000000000, 0.000000000000000000 ) ) ;
#3110 = EDGE_LOOP ( 'NONE', ( #7299, #7251, #7543, #3514, #2409 ) ) ;
#3111 = PLANE ( 'NONE',  #5732 ) ;
#3112 = CARTESIAN_POINT ( 'NONE',  ( 0.6529151079170236738, 33.49500451760689401, -19.93550015080845839 ) ) ;
#3113 = CARTESIAN_POINT ( 'NONE',  ( -14.32950796606113286, 1.203260922029043112, 0.000000000000000000 ) ) ;
#3114 = VERTEX_POINT ( 'NONE', #3169 ) ;
#3115 = CARTESIAN_POINT ( 'NONE',  ( 35.47640830523278765, -1.333171440288120291, -19.68467288941753779 ) ) ;
#3116 = CARTESIAN_POINT ( 'NONE',  ( 4.699203266095297593E-13, -33.50000000000000000, -15.00000000000000178 ) ) ;
#3117 = EDGE_CURVE ( 'NONE', #7281, #5592, #3782, .T. ) ;
#3118 = CARTESIAN_POINT ( 'NONE',  ( -9.279144995100155668, -2.384099638566191004, -4.820036564298093573 ) ) ;
#3119 = CARTESIAN_POINT ( 'NONE',  ( 12.25113100649824105, 7.758231914844540889, 0.000000000000000000 ) ) ;
#3120 = CYLINDRICAL_SURFACE ( 'NONE', #6343, 0.9999999999999995559 ) ;
#3121 = CARTESIAN_POINT ( 'NONE',  ( 21.85607801934576955, 25.38822273444233346, -17.82637605762963062 ) ) ;
#3122 = VERTEX_POINT ( 'NONE', #5927 ) ;
#3123 = LINE ( 'NONE', #8070, #6039 ) ;
#3124 = EDGE_LOOP ( 'NONE', ( #8333, #7729, #6239, #8274 ) ) ;
#3125 = CARTESIAN_POINT ( 'NONE',  ( 22.57739473825473908, -24.75004477339983566, -15.50119477829934667 ) ) ;
#3126 = ORIENTED_EDGE ( 'NONE', *, *, #8642, .F. ) ;
#3127 = LINE ( 'NONE', #2472, #7530 ) ;
#3128 = CARTESIAN_POINT ( 'NONE',  ( 26.90405087489893532, 23.16078682890306695, -17.82748966716971850 ) ) ;
#3129 = EDGE_CURVE ( 'NONE', #2128, #9143, #7376, .T. ) ;
#3130 = CARTESIAN_POINT ( 'NONE',  ( 35.43762392411026241, 2.118049622512247154, -15.96412339891647036 ) ) ;
#3131 = EDGE_CURVE ( 'NONE', #3147, #8797, #3955, .T. ) ;
#3132 = CARTESIAN_POINT ( 'NONE',  ( -2.579121447840503567, 35.40643814088765851, -18.15144138421802467 ) ) ;
#3133 = CARTESIAN_POINT ( 'NONE',  ( -9.132977329073833417, 11.54968390578724957, -12.18213887494727210 ) ) ;
#3134 = CARTESIAN_POINT ( 'NONE',  ( 3.757716070398049890, -1.322654360282766284, -30.50000000000000711 ) ) ;
#3135 = CARTESIAN_POINT ( 'NONE',  ( 5.980208006046012770, 7.210173826982659406, -16.19699119003481513 ) ) ;
#3136 = CARTESIAN_POINT ( 'NONE',  ( 18.01745678418341967, 23.77812080059862510, -2.000000000000003553 ) ) ;
#3137 = CARTESIAN_POINT ( 'NONE',  ( 1.004242262264698482E-14, 35.50000000000000711, -15.00000000000000000 ) ) ;
#3138 = EDGE_CURVE ( 'NONE', #7621, #5869, #5278, .T. ) ;
#3139 = CARTESIAN_POINT ( 'NONE',  ( 1.434520912488314259, -3.713040577412999088, -10.50000000000000533 ) ) ;
#3140 = FACE_OUTER_BOUND ( 'NONE', #4774, .T. ) ;
#3141 = ORIENTED_EDGE ( 'NONE', *, *, #4645, .T. ) ;
#3142 = B_SPLINE_CURVE_WITH_KNOTS ( 'NONE', 3,
 ( #8234, #8792, #1804, #8884 ),
 .UNSPECIFIED., .F., .F.,
 ( 4, 4 ),
 ( 0.000000000000000000, 1.000000000000000000 ),
 .UNSPECIFIED. ) ;
#3143 = ORIENTED_EDGE ( 'NONE', *, *, #5040, .T. ) ;
#3144 = CARTESIAN_POINT ( 'NONE',  ( -33.42905698873003928, 2.182618677732658607, -18.75985287827878878 ) ) ;
#3145 = DIRECTION ( 'NONE',  ( -0.000000000000000000, -0.000000000000000000, 1.000000000000000000 ) ) ;
#3146 = CARTESIAN_POINT ( 'NONE',  ( 23.68902522759228191, -23.68712907396117373, -19.99992814200970770 ) ) ;
#3147 = VERTEX_POINT ( 'NONE', #3873 ) ;
#3148 = CARTESIAN_POINT ( 'NONE',  ( -17.82148828198198842, 23.50839329718597881, -4.500000000000002665 ) ) ;
#3149 = CARTESIAN_POINT ( 'NONE',  ( -17.16825330619094458, 22.60929248668778158, -2.833329964864179207 ) ) ;
#3150 = ORIENTED_EDGE ( 'NONE', *, *, #7525, .T. ) ;
#3151 = CARTESIAN_POINT ( 'NONE',  ( 2.030270917882635917, -1.840000000000000080, -44.49999999999998579 ) ) ;
#3152 = LINE ( 'NONE', #8930, #4714 ) ;
#3153 = VERTEX_POINT ( 'NONE', #1682 ) ;
#3154 = CARTESIAN_POINT ( 'NONE',  ( 4.274536441851751967, -2.019211901017615496, -24.65163759169589497 ) ) ;
#3155 = CARTESIAN_POINT ( 'NONE',  ( -13.06568778592395930, 17.64231898230361395, -10.50000000000000355 ) ) ;
#3156 = CARTESIAN_POINT ( 'NONE',  ( 18.99728656626161438, 25.12674079779023373, -2.000000000000003553 ) ) ;
#3157 = VERTEX_POINT ( 'NONE', #4475 ) ;
#3158 = CARTESIAN_POINT ( 'NONE',  ( 33.47770288097093783, -1.258879678217595055, -15.31533489731661035 ) ) ;
#3159 = EDGE_CURVE ( 'NONE', #6123, #7885, #2751, .T. ) ;
#3160 = CARTESIAN_POINT ( 'NONE',  ( 2.497529291849350574, -33.40677098190931105, -17.16962608725743067 ) ) ;
#3161 = CARTESIAN_POINT ( 'NONE',  ( 5.964768944646274385, 9.230581105221613569, -3.410121492275872246 ) ) ;
#3162 = DIRECTION ( 'NONE',  ( 1.000000000000000000, 0.000000000000000000, 0.000000000000000000 ) ) ;
#3163 = CARTESIAN_POINT ( 'NONE',  ( -25.10329539043307889, 25.10128603360117694, -19.99992814200971480 ) ) ;
#3164 = VERTEX_POINT ( 'NONE', #3035 ) ;
#3165 = EDGE_LOOP ( 'NONE', ( #5654, #298 ) ) ;
#3166 = CARTESIAN_POINT ( 'NONE',  ( -4.203700152967798864, -1.996214264968753982, -24.95349256403054383 ) ) ;
#3167 = CARTESIAN_POINT ( 'NONE',  ( 25.05976600379159080, -22.23314499490491158, -15.96412339890090593 ) ) ;
#3168 = VERTEX_POINT ( 'NONE', #6618 ) ;
#3169 = CARTESIAN_POINT ( 'NONE',  ( 0.6000000000004769296, -31.49428519588910902, -4.500000000000002665 ) ) ;
#3170 = FACE_OUTER_BOUND ( 'NONE', #8096, .T. ) ;
#3171 = CARTESIAN_POINT ( 'NONE',  ( 11.96469724926782163, -3.256688461207603691, -2.000000000000003553 ) ) ;
#3172 = CARTESIAN_POINT ( 'NONE',  ( 35.47637170968562259, -1.334036673932078143, -15.31533489731661035 ) ) ;
#3173 = EDGE_CURVE ( 'NONE', #7512, #4202, #7425, .T. ) ;
#3174 = CYLINDRICAL_SURFACE ( 'NONE', #8136, 1.000000000000000888 ) ;
#3175 = CARTESIAN_POINT ( 'NONE',  ( -1.335333399969475865, 35.47636405748819044, -15.31632817220716802 ) ) ;
#3176 = AXIS2_PLACEMENT_3D ( 'NONE', #3927, #8225, #262 ) ;
#3177 = EDGE_CURVE ( 'NONE', #7981, #3188, #5553, .T. ) ;
#3178 = FACE_OUTER_BOUND ( 'NONE', #7300, .T. ) ;
#3179 = CARTESIAN_POINT ( 'NONE',  ( -1.727638083962346194, -22.06973770414948177, -10.50000000000000533 ) ) ;
#3180 = CARTESIAN_POINT ( 'NONE',  ( 5.794850165056062430, 6.955134191308481206, -16.54773222423785128 ) ) ;
#3181 = LINE ( 'NONE', #4578, #7194 ) ;
#3182 = AXIS2_PLACEMENT_3D ( 'NONE', #4663, #8912, #8954 ) ;
#3183 = CARTESIAN_POINT ( 'NONE',  ( -3.062995491581835594, -2.542160340459658219, -10.50000000000000533 ) ) ;
#3184 = CARTESIAN_POINT ( 'NONE',  ( -1.809400085646768908, 3.511206534805590529, -10.50000000000000355 ) ) ;
#3185 = EDGE_CURVE ( 'NONE', #5946, #1316, #8133, .T. ) ;
#3186 = LINE ( 'NONE', #8958, #8608 ) ;
#3187 = CIRCLE ( 'NONE', #8552, 6.000000000000000888 ) ;
#3188 = VERTEX_POINT ( 'NONE', #8121 ) ;
#3189 = CARTESIAN_POINT ( 'NONE',  ( -35.50000000000000711, -1.060349724690823336E-13, -14.99999999999999822 ) ) ;
#3190 = CARTESIAN_POINT ( 'NONE',  ( 35.50000000000001421, 0.000000000000000000, -35.00000000000000000 ) ) ;
#3191 = EDGE_CURVE ( 'NONE', #471, #5821, #299, .T. ) ;
#3192 = LINE ( 'NONE', #6036, #8848 ) ;
#3193 = VERTEX_POINT ( 'NONE', #253 ) ;
#3194 = CARTESIAN_POINT ( 'NONE',  ( -18.99728656626198742, 25.12674079778996017, -4.500000000000002665 ) ) ;
#3195 = CARTESIAN_POINT ( 'NONE',  ( -18.02646617301203591, 25.83208310054095591, -10.50000000000000355 ) ) ;
#3196 = AXIS2_PLACEMENT_3D ( 'NONE', #105, #6468, #828 ) ;
#3197 = ORIENTED_EDGE ( 'NONE', *, *, #3970, .T. ) ;
#3198 = VERTEX_POINT ( 'NONE', #1592 ) ;
#3199 = CARTESIAN_POINT ( 'NONE',  ( -5.863145910777345371, -1.274174253756096054, -4.099999999999999645 ) ) ;
#3200 = CARTESIAN_POINT ( 'NONE',  ( 33.44105893781526362, 1.999863741591897837, -19.03432852965813993 ) ) ;
#3201 = ORIENTED_EDGE ( 'NONE', *, *, #1671, .T. ) ;
#3202 = CARTESIAN_POINT ( 'NONE',  ( 13.84399507636375581, -5.129064121815670951, -12.16300062161178808 ) ) ;
#3203 = CARTESIAN_POINT ( 'NONE',  ( 33.40677098190896288, 2.497529291854056144, -17.16962608733032170 ) ) ;
#3204 = AXIS2_PLACEMENT_3D ( 'NONE', #5352, #5251, #1775 ) ;
#3205 = CARTESIAN_POINT ( 'NONE',  ( 21.94171735030262838, -4.360150983881319497, -10.50000000000000533 ) ) ;
#3206 = VERTEX_POINT ( 'NONE', #8727 ) ;
#3207 = DIRECTION ( 'NONE',  ( 0.9510565162951591933, -0.3090169943749304093, 0.000000000000000000 ) ) ;
#3208 = AXIS2_PLACEMENT_3D ( 'NONE', #2669, #5079, #4804 ) ;
#3209 = ADVANCED_FACE ( 'NONE', ( #8857 ), #3499, .F. ) ;
#3210 = CARTESIAN_POINT ( 'NONE',  ( 29.76743496498353991, -10.30290326099764897, -10.50000000000000355 ) ) ;
#3211 = VECTOR ( 'NONE', #4377, 1000.000000000000000 ) ;
#3212 = CARTESIAN_POINT ( 'NONE',  ( -0.5999999999995648814, -30.38296531850426163, -2.833330587785094501 ) ) ;
#3213 = CARTESIAN_POINT ( 'NONE',  ( 2.780220478896653358, 2.805864232054657403, -10.50000000000000355 ) ) ;
#3214 = ORIENTED_EDGE ( 'NONE', *, *, #7305, .F. ) ;
#3215 = CARTESIAN_POINT ( 'NONE',  ( -3.815870911833109336, -1.870727656727431798, -26.86385091667146341 ) ) ;
#3216 = CARTESIAN_POINT ( 'NONE',  ( 26.90393752456247611, -23.16091849810782577, -17.82637605772023193 ) ) ;
#3217 = ORIENTED_EDGE ( 'NONE', *, *, #1519, .T. ) ;
#3218 = CARTESIAN_POINT ( 'NONE',  ( 2.227555250104013673, 4.085893948240554963, -24.95319460581091420 ) ) ;
#3219 = DIRECTION ( 'NONE',  ( -0.000000000000000000, -0.000000000000000000, 1.000000000000000000 ) ) ;
#3220 = CARTESIAN_POINT ( 'NONE',  ( 26.22675450699735933, 23.92629385966791133, -19.50000510105720508 ) ) ;
#3221 = AXIS2_PLACEMENT_3D ( 'NONE', #3088, #5934, #7381 ) ;
#3222 = CARTESIAN_POINT ( 'NONE',  ( 35.43769088423029245, -2.116661197112367443, -19.03685471073302793 ) ) ;
#3223 = B_SPLINE_CURVE_WITH_KNOTS ( 'NONE', 3,
 ( #1202, #2549, #6839, #8245 ),
 .UNSPECIFIED., .F., .F.,
 ( 4, 4 ),
 ( 3.790624817496973813E-07, 0.003005182267131348197 ),
 .UNSPECIFIED. ) ;
#3224 = DIRECTION ( 'NONE',  ( 1.000000000000000000, 0.000000000000000000, 0.000000000000000000 ) ) ;
#3225 = CONICAL_SURFACE ( 'NONE', #2040, 27.83333333333332860, 0.5880026035475688362 ) ;
#3226 = CARTESIAN_POINT ( 'NONE',  ( -3.717197960905462395, 1.545577088070808625, -30.50000000000000711 ) ) ;
#3227 = CARTESIAN_POINT ( 'NONE',  ( -1.809373243870850079, 3.511220366818961214, -30.50000000000000711 ) ) ;
#3228 = CARTESIAN_POINT ( 'NONE',  ( -6.000000000000000888, 0.000000000000000000, -4.099999999999999645 ) ) ;
#3229 = EDGE_CURVE ( 'NONE', #3774, #4319, #3127, .T. ) ;
#3230 = CARTESIAN_POINT ( 'NONE',  ( -0.5999999999999384714, -3.903431629473562925, -29.35801089154547583 ) ) ;
#3231 = EDGE_CURVE ( 'NONE', #2329, #975, #6219, .T. ) ;
#3232 = AXIS2_PLACEMENT_3D ( 'NONE', #369, #7496, #1150 ) ;
#3233 = CARTESIAN_POINT ( 'NONE',  ( 0.8923460542982143417, 3.879205988006842354, -30.50000000000000711 ) ) ;
#3234 = DIRECTION ( 'NONE',  ( -1.000000000000000000, 0.000000000000000000, -0.000000000000000000 ) ) ;
#3235 = CARTESIAN_POINT ( 'NONE',  ( 13.41745644144535987, 25.52122594534058919, -3.500000000002557066 ) ) ;
#3236 = ORIENTED_EDGE ( 'NONE', *, *, #8209, .T. ) ;
#3237 = CARTESIAN_POINT ( 'NONE',  ( 1.005615334656411013E-14, 35.50000000000000711, -15.00000000000000000 ) ) ;
#3238 = CARTESIAN_POINT ( 'NONE',  ( 5.841975694604628622, 7.020008755863481831, -4.099999999999998757 ) ) ;
#3239 = CARTESIAN_POINT ( 'NONE',  ( -13.83980755053426215, 26.02456439693344237, -1.463028680158844574 ) ) ;
#3240 = EDGE_LOOP ( 'NONE', ( #8283, #3150, #497, #4727, #6055, #6846, #5634, #1313, #3303, #275, #3735, #6461 ) ) ;
#3241 = VECTOR ( 'NONE', #6722, 1000.000000000000227 ) ;
#3242 = CYLINDRICAL_SURFACE ( 'NONE', #8838, 31.50000000000000000 ) ;
#3243 = ADVANCED_FACE ( 'NONE', ( #2988 ), #1883, .T. ) ;
#3244 = DIRECTION ( 'NONE',  ( -0.000000000000000000, -0.000000000000000000, 1.000000000000000000 ) ) ;
#3245 = EDGE_CURVE ( 'NONE', #1285, #4151, #6800, .T. ) ;
#3246 = ORIENTED_EDGE ( 'NONE', *, *, #2272, .F. ) ;
#3247 = CARTESIAN_POINT ( 'NONE',  ( 0.001340783090431104784, -33.49999997316866285, -19.99992814200971480 ) ) ;
#3248 = CARTESIAN_POINT ( 'NONE',  ( 33.49878621082268637, 0.3264868179567365081, -15.01551170377320510 ) ) ;
#3249 = VECTOR ( 'NONE', #1065, 1000.000000000000000 ) ;
#3250 = VECTOR ( 'NONE', #5868, 1000.000000000000000 ) ;
#3251 = ORIENTED_EDGE ( 'NONE', *, *, #5611, .T. ) ;
#3252 = CARTESIAN_POINT ( 'NONE',  ( 14.02653417382348877, -5.188379393004978191, -12.07139238111510515 ) ) ;
#3253 = LINE ( 'NONE', #1950, #3107 ) ;
#3254 = CARTESIAN_POINT ( 'NONE',  ( 30.13825535823346158, -9.161635441443433336, -4.500000000000002665 ) ) ;
#3255 = ORIENTED_EDGE ( 'NONE', *, *, #4354, .T. ) ;
#3256 = CARTESIAN_POINT ( 'NONE',  ( -5.112130744225562573, -29.05367651871177159, -4.500000000000002665 ) ) ;
#3257 = B_SPLINE_CURVE_WITH_KNOTS ( 'NONE', 3,
 ( #2028, #2756, #4111, #6347, #9004, #7620, #6210, #3455, #1323, #1890, #3321, #8322, #5652, #7763, #2709, #8408, #4156, #3369 ),
 .UNSPECIFIED., .F., .F.,
 ( 4, 2, 2, 2, 2, 2, 2, 2, 4 ),
 ( 0.000000000000000000, 0.06250000000000000000, 0.1250000000000000000, 0.1875000000000000000, 0.2500000000000000000, 0.3125000000000000000, 0.3750000000000000000, 0.4375000000000000000, 0.5000000000000000000 ),
 .UNSPECIFIED. ) ;
#3258 = VECTOR ( 'NONE', #5146, 1000.000000000000000 ) ;
#3259 = CARTESIAN_POINT ( 'NONE',  ( 3.473917016060763974, 5.802217544145716666, -7.638116806342710952 ) ) ;
#3260 = CARTESIAN_POINT ( 'NONE',  ( 23.56096221559744919, -26.55543454585405883, -15.96378118974993754 ) ) ;
#3261 = CARTESIAN_POINT ( 'NONE',  ( -5.959082659983756081, 9.223506505632718344, -14.62828440040535760 ) ) ;
#3262 = EDGE_LOOP ( 'NONE', ( #3661, #1942, #25, #3577 ) ) ;
#3263 = CARTESIAN_POINT ( 'NONE',  ( -4.709932323799518983, -2.161226295298904088, -23.22734697275070559 ) ) ;
#3264 = AXIS2_PLACEMENT_3D ( 'NONE', #6121, #360, #3326 ) ;
#3265 = VERTEX_POINT ( 'NONE', #6889 ) ;
#3266 = CARTESIAN_POINT ( 'NONE',  ( 25.34661596824957996, -21.90467636906764426, -18.15144138432806287 ) ) ;
#3267 = ORIENTED_EDGE ( 'NONE', *, *, #6985, .T. ) ;
#3268 = CARTESIAN_POINT ( 'NONE',  ( 1.987538699086375704, 3.756391206527031734, -26.86379680719375429 ) ) ;
#3269 = DIRECTION ( 'NONE',  ( -0.000000000000000000, -0.000000000000000000, 1.000000000000000000 ) ) ;
#3270 = CARTESIAN_POINT ( 'NONE',  ( 35.40120507038113828, 2.646635518233402706, -17.16962608733032170 ) ) ;
#3271 = CARTESIAN_POINT ( 'NONE',  ( 5.572430623243263881, -13.25634385285144035, -2.000000000000003553 ) ) ;
#3272 = CARTESIAN_POINT ( 'NONE',  ( 2.646714135716042193, -35.40119919275835514, -17.82637605771441613 ) ) ;
#3273 = CARTESIAN_POINT ( 'NONE',  ( -3.357058439242055936, -2.221829843064319299, -10.50000000000000533 ) ) ;
#3274 = CARTESIAN_POINT ( 'NONE',  ( -35.46349690234730900, 1.628014711601901032, -15.50119477818428138 ) ) ;
#3275 = B_SPLINE_CURVE_WITH_KNOTS ( 'NONE', 3,
 ( #3760, #2364, #6042, #5199 ),
 .UNSPECIFIED., .F., .F.,
 ( 4, 4 ),
 ( 0.001210597731249376694, 0.003026929933099502430 ),
 .UNSPECIFIED. ) ;
#3276 = LINE ( 'NONE', #5323, #4808 ) ;
#3277 = CARTESIAN_POINT ( 'NONE',  ( -33.42902615899095053, -2.183116565148779387, -18.75847698620240678 ) ) ;
#3278 = CARTESIAN_POINT ( 'NONE',  ( -0.4803023687328573654, 22.11437006116029380, -10.50000000000000533 ) ) ;
#3279 = CYLINDRICAL_SURFACE ( 'NONE', #5765, 2.740000000000000213 ) ;
#3280 = CARTESIAN_POINT ( 'NONE',  ( 25.34661596824957996, -21.90467636906764426, -18.15144138432806287 ) ) ;
#3281 = EDGE_CURVE ( 'NONE', #9171, #7705, #973, .T. ) ;
#3282 = VERTEX_POINT ( 'NONE', #8904 ) ;
#3283 = CARTESIAN_POINT ( 'NONE',  ( -33.50000000000000000, -0.1633418547519590314, -14.99981109353422681 ) ) ;
#3284 = DIRECTION ( 'NONE',  ( 0.9510565162951500895, 0.3090169943749578874, -0.000000000000000000 ) ) ;
#3285 = CARTESIAN_POINT ( 'NONE',  ( 2.780246739361992958, 2.805838211349152900, -30.50000000000000711 ) ) ;
#3286 = VERTEX_POINT ( 'NONE', #563 ) ;
#3287 = CARTESIAN_POINT ( 'NONE',  ( -28.49230124597809422, -4.904144967610643668, -3.616906243914456365 ) ) ;
#3288 = CARTESIAN_POINT ( 'NONE',  ( 33.44115701280740893, -1.998120891518946785, -15.96378119003855822 ) ) ;
#3289 = B_SPLINE_CURVE_WITH_KNOTS ( 'NONE', 3,
 ( #3714, #182, #3011, #5851, #2312, #3758, #6596, #5669, #4958, #5994, #8886, #365 ),
 .UNSPECIFIED., .F., .F.,
 ( 4, 2, 2, 2, 2, 4 ),
 ( 0.000000000000000000, 0.0002102482285964164105, 0.0004204964571928328210, 0.0008409929143856645578, 0.001261489371578496240, 0.001681985828771329333 ),
 .UNSPECIFIED. ) ;
#3290 = ORIENTED_EDGE ( 'NONE', *, *, #8530, .F. ) ;
#3291 = CARTESIAN_POINT ( 'NONE',  ( -22.57741158142958326, -24.75003765956999402, -19.49867079319877661 ) ) ;
#3292 = CARTESIAN_POINT ( 'NONE',  ( -2.030270917882635473, -1.840000000000000302, -33.00000000000000000 ) ) ;
#3293 = EDGE_CURVE ( 'NONE', #3004, #2540, #1872, .T. ) ;
#3294 = ORIENTED_EDGE ( 'NONE', *, *, #3916, .T. ) ;
#3295 = DIRECTION ( 'NONE',  ( 1.000000000000000000, 0.000000000000000000, 0.000000000000000000 ) ) ;
#3296 = DIRECTION ( 'NONE',  ( -0.6427876096865378086, 0.7660444431189792347, -0.000000000000000000 ) ) ;
#3297 = CARTESIAN_POINT ( 'NONE',  ( -4.196411172069087314, -27.81348947865698307, 9.825582188149885905E-16 ) ) ;
#3298 = ORIENTED_EDGE ( 'NONE', *, *, #5053, .T. ) ;
#3299 = DIRECTION ( 'NONE',  ( 0.000000000000000000, 0.000000000000000000, 1.000000000000000000 ) ) ;
#3300 = PLANE ( 'NONE',  #6915 ) ;
#3301 = CARTESIAN_POINT ( 'NONE',  ( -24.85551152212193315, -25.34906994212294862, -14.99961911895357503 ) ) ;
#3302 = CARTESIAN_POINT ( 'NONE',  ( -2.870107823578500472, 4.972748149621884828, -21.79311555779992204 ) ) ;
#3303 = ORIENTED_EDGE ( 'NONE', *, *, #2050, .F. ) ;
#3304 = FACE_OUTER_BOUND ( 'NONE', #8903, .T. ) ;
#3305 = CARTESIAN_POINT ( 'NONE',  ( -31.50000000000000000, 3.857637417314162689E-15, 0.000000000000000000 ) ) ;
#3306 = ORIENTED_EDGE ( 'NONE', *, *, #786, .T. ) ;
#3307 = CARTESIAN_POINT ( 'NONE',  ( 2.369031332871214701, 4.281062536631540461, -24.10890208438274129 ) ) ;
#3308 = DIRECTION ( 'NONE',  ( 1.000000000000000000, 0.000000000000000000, 0.000000000000000000 ) ) ;
#3309 = EDGE_CURVE ( 'NONE', #1511, #4835, #8016, .T. ) ;
#3310 = CARTESIAN_POINT ( 'NONE',  ( 35.49466771488865646, -0.6936622671150788344, -15.06543078857414031 ) ) ;
#3311 = LINE ( 'NONE', #1606, #8466 ) ;
#3312 = CYLINDRICAL_SURFACE ( 'NONE', #4849, 1.000000000000000000 ) ;
#3313 = FACE_OUTER_BOUND ( 'NONE', #1677, .T. ) ;
#3314 = DIRECTION ( 'NONE',  ( -0.000000000000000000, -0.000000000000000000, 1.000000000000000000 ) ) ;
#3315 = FACE_OUTER_BOUND ( 'NONE', #1005, .T. ) ;
#3316 = CARTESIAN_POINT ( 'NONE',  ( 20.88148550512669743, -7.349940052708421767, -10.50000000000000533 ) ) ;
#3317 = CARTESIAN_POINT ( 'NONE',  ( 23.92867568824175351, 26.22460301695837970, -15.49726176814304779 ) ) ;
#3318 = CARTESIAN_POINT ( 'NONE',  ( -0.2000002126488131526, -21.95279342639847187, -10.50000000000000355 ) ) ;
#3319 = EDGE_CURVE ( 'NONE', #6600, #6391, #5778, .T. ) ;
#3320 = CARTESIAN_POINT ( 'NONE',  ( -8.519003409581399566, 20.41329553195790325, -10.50000000000000533 ) ) ;
#3321 = CARTESIAN_POINT ( 'NONE',  ( 25.34570240372978134, 21.90573087367206639, -18.15506602333612918 ) ) ;
#3322 = EDGE_LOOP ( 'NONE', ( #5936, #8618 ) ) ;
#3323 = CARTESIAN_POINT ( 'NONE',  ( 25.05976600379159080, -22.23314499490491158, -15.96412339890090593 ) ) ;
#3324 = VERTEX_POINT ( 'NONE', #2928 ) ;
#3325 = CARTESIAN_POINT ( 'NONE',  ( -28.18203707439134575, -9.787776259979073856, -2.000000000000003553 ) ) ;
#3326 = DIRECTION ( 'NONE',  ( 1.000000000000000000, 0.000000000000000000, 0.000000000000000000 ) ) ;
#3327 = DIRECTION ( 'NONE',  ( 1.000000000000000000, 0.000000000000000000, 0.000000000000000000 ) ) ;
#3328 = ORIENTED_EDGE ( 'NONE', *, *, #7511, .F. ) ;
#3329 = AXIS2_PLACEMENT_3D ( 'NONE', #1474, #8611, #3055 ) ;
#3330 = FACE_OUTER_BOUND ( 'NONE', #7634, .T. ) ;
#3331 = VECTOR ( 'NONE', #6365, 1000.000000000000000 ) ;
#3332 = CARTESIAN_POINT ( 'NONE',  ( -26.02888938601019575, -24.14227662963358156, -15.31533489710971807 ) ) ;
#3333 = CARTESIAN_POINT ( 'NONE',  ( -26.22765184811328965, 23.92531675056769203, -19.49867079337194653 ) ) ;
#3334 = ORIENTED_EDGE ( 'NONE', *, *, #2207, .F. ) ;
#3335 = CARTESIAN_POINT ( 'NONE',  ( 9.189472990486672543, -3.616911449144728952, -15.66375838722505343 ) ) ;
#3336 = DIRECTION ( 'NONE',  ( -1.000000000000000000, 0.000000000000000000, 0.000000000000000000 ) ) ;
#3337 = CARTESIAN_POINT ( 'NONE',  ( 6.000000000000000888, 7.347880794884120722E-16, -4.099999999999999645 ) ) ;
#3339 = EDGE_CURVE ( 'NONE', #4479, #1668, #6895, .T. ) ;
#3338 = VERTEX_POINT ( 'NONE', #1487 ) ;
#3340 = LINE ( 'NONE', #5351, #683 ) ;
#3341 = ADVANCED_FACE ( 'NONE', ( #2837 ), #7748, .T. ) ;
#3342 = AXIS2_PLACEMENT_3D ( 'NONE', #8192, #8328, #8367 ) ;
#3343 = CARTESIAN_POINT ( 'NONE',  ( -2.659988975721799154, -2.965519056006333365, -30.50000000000000711 ) ) ;
#3344 = EDGE_CURVE ( 'NONE', #4590, #5827, #2907, .T. ) ;
#3345 = CARTESIAN_POINT ( 'NONE',  ( 24.85763406080339877, -25.34696702840939508, -19.99991912762039092 ) ) ;
#3346 = CARTESIAN_POINT ( 'NONE',  ( -2.646393278998273146, 4.663435880376302300, -22.73391137217155844 ) ) ;
#3347 = ORIENTED_EDGE ( 'NONE', *, *, #4198, .T. ) ;
#3348 = CARTESIAN_POINT ( 'NONE',  ( -4.693756103141210723, -2.155967226520245195, -23.27561793698849613 ) ) ;
#3349 = CARTESIAN_POINT ( 'NONE',  ( 5.722219418590350770, 6.855177615927853907, -16.69015344807381140 ) ) ;
#3350 = CARTESIAN_POINT ( 'NONE',  ( 4.049736784963978486, 14.35721239031346208, 0.000000000000000000 ) ) ;
#3351 = VERTEX_POINT ( 'NONE', #8490 ) ;
#3352 = CARTESIAN_POINT ( 'NONE',  ( 1.822578165200212208, 3.528918864031137748, -29.33314151481884124 ) ) ;
#3353 = DIRECTION ( 'NONE',  ( 0.9975640502598240866, 0.06975647374412907720, 0.000000000000000000 ) ) ;
#3354 = CARTESIAN_POINT ( 'NONE',  ( -16.24608079150480222, -4.647555010372104611, -11.29207830925060918 ) ) ;
#3355 = AXIS2_PLACEMENT_3D ( 'NONE', #6573, #5171, #3032 ) ;
#3356 = EDGE_CURVE ( 'NONE', #7914, #778, #4543, .T. ) ;
#3357 = CARTESIAN_POINT ( 'NONE',  ( 2.646659642759245923, 35.40120326695731734, -17.17385420704539101 ) ) ;
#3358 = DIRECTION ( 'NONE',  ( 1.000000000000000000, 0.000000000000000000, 0.000000000000000000 ) ) ;
#3359 = FACE_OUTER_BOUND ( 'NONE', #3447, .T. ) ;
#3360 = CARTESIAN_POINT ( 'NONE',  ( 25.85595051350854945, -12.76052248750448825, -3.499999999999999556 ) ) ;
#3361 = ORIENTED_EDGE ( 'NONE', *, *, #1119, .T. ) ;
#3362 = CARTESIAN_POINT ( 'NONE',  ( 14.78145772586422524, 16.47927677956637993, -10.50000000000000178 ) ) ;
#3363 = CARTESIAN_POINT ( 'NONE',  ( 26.90405087489893532, 23.16078682890306695, -17.82748966716971850 ) ) ;
#3364 = CIRCLE ( 'NONE', #8579, 31.50000000000000000 ) ;
#3365 = EDGE_CURVE ( 'NONE', #501, #4471, #8532, .T. ) ;
#3366 = CARTESIAN_POINT ( 'NONE',  ( -33.46556029457417480, -1.536278632812164036, -19.49867079322195806 ) ) ;
#3367 = AXIS2_PLACEMENT_3D ( 'NONE', #3493, #5593, #1356 ) ;
#3368 = CARTESIAN_POINT ( 'NONE',  ( -26.68461600099212205, -23.41364712928335479, -18.75985287860905970 ) ) ;
#3369 = CARTESIAN_POINT ( 'NONE',  ( 23.68712907396144018, 23.68902522759201545, -19.99992814200970770 ) ) ;
#3370 = CARTESIAN_POINT ( 'NONE',  ( 24.56387081831428532, -22.78065227423843453, -19.68347431263111247 ) ) ;
#3371 = ORIENTED_EDGE ( 'NONE', *, *, #1707, .F. ) ;
#3372 = FACE_OUTER_BOUND ( 'NONE', #4888, .T. ) ;
#3373 = CARTESIAN_POINT ( 'NONE',  ( -3.950000000000000178, 4.837354856632045057E-16, 0.000000000000000000 ) ) ;
#3374 = DIRECTION ( 'NONE',  ( 1.000000000000000000, 0.000000000000000000, 0.000000000000000000 ) ) ;
#3375 = ORIENTED_EDGE ( 'NONE', *, *, #2659, .F. ) ;
#3376 = CIRCLE ( 'NONE', #4118, 29.49999999999999645 ) ;
#3377 = DIRECTION ( 'NONE',  ( 1.000000000000000000, 0.000000000000000000, 0.000000000000000000 ) ) ;
#3378 = CARTESIAN_POINT ( 'NONE',  ( -22.58058128322365832, -24.74716059350980757, -15.49726176816959722 ) ) ;
#3379 = CARTESIAN_POINT ( 'NONE',  ( -26.85899096165030286, 23.21341061809470929, -16.84523636488913212 ) ) ;
#3380 = ORIENTED_EDGE ( 'NONE', *, *, #6476, .F. ) ;
#3381 = CARTESIAN_POINT ( 'NONE',  ( 8.024517980480322166, -1.975655769884916868, -17.50453369418265481 ) ) ;
#3382 = DIRECTION ( 'NONE',  ( 0.000000000000000000, 0.000000000000000000, -1.000000000000000000 ) ) ;
#3383 = FACE_OUTER_BOUND ( 'NONE', #7121, .T. ) ;
#3384 = VERTEX_POINT ( 'NONE', #3438 ) ;
#3385 = CARTESIAN_POINT ( 'NONE',  ( 22.09418396602664814, -25.18159475674073278, -16.24166244696487382 ) ) ;
#3386 = CARTESIAN_POINT ( 'NONE',  ( 22.58058128327038006, 24.74716059346776476, -15.49726176814304779 ) ) ;
#3387 = CARTESIAN_POINT ( 'NONE',  ( -1.721848647833194246, 3.592364382472092554, -30.50000000000000711 ) ) ;
#3388 = TOROIDAL_SURFACE ( 'NONE', #6519, 27.96481624151200762, 1.000000000000000000 ) ;
#3389 = CARTESIAN_POINT ( 'NONE',  ( -8.908324782523328267, -3.525367516824627678, -4.820036376883775731 ) ) ;
#3390 = CARTESIAN_POINT ( 'NONE',  ( -21.21312323212020345, 20.50008299346326623, -4.500000000000000000 ) ) ;
#3391 = ORIENTED_EDGE ( 'NONE', *, *, #8195, .T. ) ;
#3392 = CARTESIAN_POINT ( 'NONE',  ( 3.898518870446026519, -0.6356497595187470262, -30.50000000000000711 ) ) ;
#3393 = CARTESIAN_POINT ( 'NONE',  ( -33.49499274848008668, 0.6533275722777425187, -19.93532918885375693 ) ) ;
#3394 = CARTESIAN_POINT ( 'NONE',  ( 0.000000000000000000, 0.000000000000000000, 0.000000000000000000 ) ) ;
#3395 = ADVANCED_FACE ( 'NONE', ( #607 ), #6928, .F. ) ;
#3396 = ORIENTED_EDGE ( 'NONE', *, *, #3159, .T. ) ;
#3397 = CARTESIAN_POINT ( 'NONE',  ( 2.037125646228018727, 3.824643879218886600, -26.37136687540192170 ) ) ;
#3398 = AXIS2_PLACEMENT_3D ( 'NONE', #3599, #6258, #713 ) ;
#3399 = DIRECTION ( 'NONE',  ( -1.415534356397074431E-14, 1.000000000000000000, 0.000000000000000000 ) ) ;
#3400 = DIRECTION ( 'NONE',  ( 1.000000000000000000, 0.000000000000000000, 0.000000000000000000 ) ) ;
#3401 = CARTESIAN_POINT ( 'NONE',  ( 1.535027868852682165, 33.46561352133825551, -19.50000510094706385 ) ) ;
#3402 = DIRECTION ( 'NONE',  ( -1.415534356397074589E-14, 1.000000000000000000, -0.000000000000000000 ) ) ;
#3403 = CARTESIAN_POINT ( 'NONE',  ( 4.169851872562632344, -28.19330515691655847, -2.999864845264823554 ) ) ;
#3404 = PLANE ( 'NONE',  #6665 ) ;
#3405 = ORIENTED_EDGE ( 'NONE', *, *, #1417, .T. ) ;
#3406 = CARTESIAN_POINT ( 'NONE',  ( 24.85560503877663763, 25.34895672007909084, -19.99993715638739289 ) ) ;
#3407 = ADVANCED_FACE ( 'NONE', ( #4230 ), #3969, .T. ) ;
#3408 = EDGE_CURVE ( 'NONE', #4319, #6302, #9155, .T. ) ;
#3409 = CARTESIAN_POINT ( 'NONE',  ( -33.41170923154141548, -2.433818831067423361, -18.15144138419044140 ) ) ;
#3410 = CARTESIAN_POINT ( 'NONE',  ( 0.5994980712576168935, -4.614368957604797039, -24.95319466942734010 ) ) ;
#3411 = FACE_OUTER_BOUND ( 'NONE', #7754, .T. ) ;
#3412 = DIRECTION ( 'NONE',  ( 0.000000000000000000, 0.000000000000000000, -1.000000000000000000 ) ) ;
#3413 = EDGE_LOOP ( 'NONE', ( #4857, #2045, #5849, #4965, #3646, #2720, #7224, #5198, #6059, #7015 ) ) ;
#3414 = PLANE ( 'NONE',  #3398 ) ;
#3415 = ORIENTED_EDGE ( 'NONE', *, *, #1633, .T. ) ;
#3416 = FACE_OUTER_BOUND ( 'NONE', #267, .T. ) ;
#3417 = CARTESIAN_POINT ( 'NONE',  ( -14.28563970867955746, 26.55588647309712869, -2.481296856322391609 ) ) ;
#3418 = ORIENTED_EDGE ( 'NONE', *, *, #2752, .T. ) ;
#3419 = EDGE_CURVE ( 'NONE', #6838, #2329, #4644, .T. ) ;
#3420 = CARTESIAN_POINT ( 'NONE',  ( 33.41176939070558660, -2.432970571060511844, -16.84589223786971601 ) ) ;
#3421 = CARTESIAN_POINT ( 'NONE',  ( -23.91896888596976822, -23.45720397286483561, -19.99991912762039448 ) ) ;
#3422 = CARTESIAN_POINT ( 'NONE',  ( -23.92629385969707201, 26.22675450697112254, -19.50000510108211316 ) ) ;
#3423 = ORIENTED_EDGE ( 'NONE', *, *, #6141, .F. ) ;
#3424 = CARTESIAN_POINT ( 'NONE',  ( 3.828637633899717230, -1.874877078353170301, -26.78498206449691921 ) ) ;
#3425 = LINE ( 'NONE', #4080, #2509 ) ;
#3426 = DIRECTION ( 'NONE',  ( -0.3090169943749582204, 0.9510565162951500895, 0.000000000000000000 ) ) ;
#3427 = ORIENTED_EDGE ( 'NONE', *, *, #1884, .F. ) ;
#3428 = CARTESIAN_POINT ( 'NONE',  ( -22.78065227423524419, -24.56387081831730868, -19.68347431264994896 ) ) ;
#3429 = CARTESIAN_POINT ( 'NONE',  ( 0.000000000000000000, 0.000000000000000000, -1.599999999999999423 ) ) ;
#3430 = CARTESIAN_POINT ( 'NONE',  ( -1.807075951866921715, -3.550256487450232257, -30.50000000000000711 ) ) ;
#3431 = CARTESIAN_POINT ( 'NONE',  ( 24.24758564574220898, -23.11553767791344782, -15.12618847594104565 ) ) ;
#3432 = CARTESIAN_POINT ( 'NONE',  ( -2.555269151729957056, 4.537807232401148916, -23.15435450805458473 ) ) ;
#3433 = ORIENTED_EDGE ( 'NONE', *, *, #2766, .T. ) ;
#3434 = CARTESIAN_POINT ( 'NONE',  ( -11.71526358883818908, -9.234853257746054922, 0.000000000000000000 ) ) ;
#3435 = CARTESIAN_POINT ( 'NONE',  ( 6.659663183384759044, 8.144862798958836692, -15.03560940701265025 ) ) ;
#3436 = PLANE ( 'NONE',  #1849 ) ;
#3437 = ORIENTED_EDGE ( 'NONE', *, *, #6183, .T. ) ;
#3438 = CARTESIAN_POINT ( 'NONE',  ( -18.99728656626198742, 25.12674079778996372, -10.50000000000000355 ) ) ;
#3439 = CARTESIAN_POINT ( 'NONE',  ( 3.898491231073332841, -0.6358192520239684953, -10.50000000000000355 ) ) ;
#3440 = CARTESIAN_POINT ( 'NONE',  ( -14.61156715519847715, -4.116690239446447741, -11.96631990064744144 ) ) ;
#3441 = CARTESIAN_POINT ( 'NONE',  ( 0.3265171011964663750, 33.50001309514799885, -19.99991912759713486 ) ) ;
#3442 = ORIENTED_EDGE ( 'NONE', *, *, #9133, .F. ) ;
#3443 = B_SPLINE_CURVE_WITH_KNOTS ( 'NONE', 3,
 ( #1810, #2504, #6131, #7549 ),
 .UNSPECIFIED., .F., .F.,
 ( 4, 4 ),
 ( 0.000000000000000000, 1.000000000000000000 ),
 .UNSPECIFIED. ) ;
#3444 = LINE ( 'NONE', #2799, #92 ) ;
#3445 = CARTESIAN_POINT ( 'NONE',  ( -33.50000000000000000, -1.000447554660999216E-13, -14.99999999999999822 ) ) ;
#3446 = EDGE_LOOP ( 'NONE', ( #6306, #1334, #4545, #2658, #7405, #358, #5003, #291, #8679, #5898, #4323, #8516, #3953, #4028, #8108, #9187, #7328, #6523, #5650, #7367, #6561, #874, #8707, #3741, #7275, #4051, #4785, #3777, #7787, #1848, #8300 ) ) ;
#3447 = EDGE_LOOP ( 'NONE', ( #5350, #492, #1056, #5205 ) ) ;
#3448 = CARTESIAN_POINT ( 'NONE',  ( 26.85925623098021475, 23.21309894036915722, -16.84589223791968493 ) ) ;
#3449 = LINE ( 'NONE', #5501, #5702 ) ;
#3450 = EDGE_CURVE ( 'NONE', #5592, #840, #9005, .T. ) ;
#3451 = ADVANCED_FACE ( 'NONE', ( #3954 ), #502, .F. ) ;
#3452 = CARTESIAN_POINT ( 'NONE',  ( 0.5999213779101462141, -5.000555904957112219, -23.65422261880917532 ) ) ;
#3453 = EDGE_CURVE ( 'NONE', #6824, #6011, #8896, .T. ) ;
#3454 = CARTESIAN_POINT ( 'NONE',  ( -25.34708205912717460, -24.85749940511770717, -15.00037781293159611 ) ) ;
#3455 = CARTESIAN_POINT ( 'NONE',  ( 25.34605869684048685, 21.90531871837653100, -16.84589223791968493 ) ) ;
#3456 = ORIENTED_EDGE ( 'NONE', *, *, #1882, .T. ) ;
#3457 = DIRECTION ( 'NONE',  ( -0.000000000000000000, -0.000000000000000000, 1.000000000000000000 ) ) ;
#3458 = ORIENTED_EDGE ( 'NONE', *, *, #1633, .F. ) ;
#3459 = DIRECTION ( 'NONE',  ( -0.000000000000000000, -0.000000000000000000, 1.000000000000000000 ) ) ;
#3460 = EDGE_LOOP ( 'NONE', ( #4687, #6447, #1913, #1771 ) ) ;
#3461 = CARTESIAN_POINT ( 'NONE',  ( -0.7770944667925185900, -3.949998949725961772, -30.50000000000000711 ) ) ;
#3462 = ORIENTED_EDGE ( 'NONE', *, *, #4985, .T. ) ;
#3463 = CARTESIAN_POINT ( 'NONE',  ( 33.47773741479713294, -1.258063190131043285, -19.68467288941753779 ) ) ;
#3464 = EDGE_CURVE ( 'NONE', #602, #2266, #5328, .T. ) ;
#3465 = CARTESIAN_POINT ( 'NONE',  ( -22.23228233180221025, -25.06051675816839719, -19.03432852958535548 ) ) ;
#3466 = CARTESIAN_POINT ( 'NONE',  ( -26.55666701247429629, 23.55958276942516605, -19.03432852941214293 ) ) ;
#3467 = ORIENTED_EDGE ( 'NONE', *, *, #3617, .T. ) ;
#3468 = ORIENTED_EDGE ( 'NONE', *, *, #9, .T. ) ;
#3469 = CARTESIAN_POINT ( 'NONE',  ( 4.464112007741743327, -29.00650404501659807, -4.271858384064485925 ) ) ;
#3470 = CARTESIAN_POINT ( 'NONE',  ( 35.40121009642489014, -2.646568297059771258, -17.17199328909244116 ) ) ;
#3471 = PLANE ( 'NONE',  #6158 ) ;
#3472 = ORIENTED_EDGE ( 'NONE', *, *, #5745, .T. ) ;
#3473 = CARTESIAN_POINT ( 'NONE',  ( -23.22137779525042234, -24.14765994685303596, -19.93459846097958987 ) ) ;
#3474 = DIRECTION ( 'NONE',  ( 1.000000000000000000, 0.000000000000000000, 0.000000000000000000 ) ) ;
#3475 = CARTESIAN_POINT ( 'NONE',  ( -3.977834876855529611, -0.2160423916193507099, -30.50000000000000711 ) ) ;
#3476 = CIRCLE ( 'NONE', #3182, 2.740000000000000213 ) ;
#3477 = B_SPLINE_CURVE_WITH_KNOTS ( 'NONE', 3,
 ( #2408, #1855, #5242, #3945 ),
 .UNSPECIFIED., .F., .F.,
 ( 4, 4 ),
 ( 2.310652082933298637E-07, 0.002426261271382007013 ),
 .UNSPECIFIED. ) ;
#3478 = CARTESIAN_POINT ( 'NONE',  ( 21.85611709943507819, -25.38818909153217618, -17.17385420697664955 ) ) ;
#3479 = DIRECTION ( 'NONE',  ( -1.000000000000000000, 0.000000000000000000, 0.000000000000000000 ) ) ;
#3480 = CARTESIAN_POINT ( 'NONE',  ( 25.10229073212210693, 25.10229073212276418, -15.00000000000000000 ) ) ;
#3481 = ORIENTED_EDGE ( 'NONE', *, *, #50, .F. ) ;
#3482 = CARTESIAN_POINT ( 'NONE',  ( 35.50000000000000711, -8.691081090493156209E-15, -15.00000000000000355 ) ) ;
#3483 = CARTESIAN_POINT ( 'NONE',  ( -2.780239154922234501, 2.805845726592483658, -30.50000000000000711 ) ) ;
#3484 = ORIENTED_EDGE ( 'NONE', *, *, #3245, .F. ) ;
#3485 = PLANE ( 'NONE',  #6899 ) ;
#3486 = EDGE_LOOP ( 'NONE', ( #4536, #4424, #7721, #8794 ) ) ;
#3487 = CARTESIAN_POINT ( 'NONE',  ( 8.162181136794115943, 12.25505951831727991, -12.18213200221068426 ) ) ;
#3488 = CARTESIAN_POINT ( 'NONE',  ( 0.6000000000000759171, -5.323314270562670814, -9.047317899893927873 ) ) ;
#3489 = CARTESIAN_POINT ( 'NONE',  ( -15.18242092233301932, -4.302104027109358242, -11.70812380313203427 ) ) ;
#3490 = CARTESIAN_POINT ( 'NONE',  ( 1.004242262264698482E-14, 35.50000000000000711, -15.00000000000000000 ) ) ;
#3491 = ORIENTED_EDGE ( 'NONE', *, *, #1817, .T. ) ;
#3492 = AXIS2_PLACEMENT_3D ( 'NONE', #1552, #4568, #1169 ) ;
#3493 = CARTESIAN_POINT ( 'NONE',  ( 0.000000000000000000, 0.000000000000000000, -33.50000000000000000 ) ) ;
#3494 = ORIENTED_EDGE ( 'NONE', *, *, #4443, .T. ) ;
#3495 = CARTESIAN_POINT ( 'NONE',  ( -33.47763333078714965, -1.260925924853071312, -19.68347431263111247 ) ) ;
#3496 = ORIENTED_EDGE ( 'NONE', *, *, #8417, .T. ) ;
#3497 = CARTESIAN_POINT ( 'NONE',  ( 23.41325094965988640, 26.68496597778346668, -18.75847698611589465 ) ) ;
#3498 = FACE_OUTER_BOUND ( 'NONE', #6610, .T. ) ;
#3499 = CONICAL_SURFACE ( 'NONE', #8718, 27.83333333333332860, 0.5880026035475688362 ) ;
#3500 = CARTESIAN_POINT ( 'NONE',  ( 24.14291385039348725, -26.02830389315971615, -19.68467263747256979 ) ) ;
#3501 = AXIS2_PLACEMENT_3D ( 'NONE', #5257, #4564, #7936 ) ;
#3502 = CARTESIAN_POINT ( 'NONE',  ( -24.75004477336417708, -22.57739473829437671, -15.50119477820776481 ) ) ;
#3503 = CARTESIAN_POINT ( 'NONE',  ( 13.41745644144535987, 25.52122594534058919, -3.500000000002557066 ) ) ;
#3504 = CARTESIAN_POINT ( 'NONE',  ( 0.000000000000000000, 0.000000000000000000, -9.500000000000005329 ) ) ;
#3505 = ORIENTED_EDGE ( 'NONE', *, *, #5116, .F. ) ;
#3506 = DIRECTION ( 'NONE',  ( 0.000000000000000000, 0.000000000000000000, -1.000000000000000000 ) ) ;
#3507 = CARTESIAN_POINT ( 'NONE',  ( -2.843898464292147210, -2.849317293310984933, -10.50000000000749623 ) ) ;
#3508 = EDGE_CURVE ( 'NONE', #4549, #2975, #3223, .T. ) ;
#3509 = ORIENTED_EDGE ( 'NONE', *, *, #8988, .T. ) ;
#3510 = CIRCLE ( 'NONE', #830, 27.96481624151200762 ) ;
#3511 = DIRECTION ( 'NONE',  ( -0.000000000000000000, -0.000000000000000000, 1.000000000000000000 ) ) ;
#3512 = LINE ( 'NONE', #3603, #2618 ) ;
#3513 = CARTESIAN_POINT ( 'NONE',  ( -24.14291385039296856, 26.02830389316018511, -19.68467263747258400 ) ) ;
#3514 = ORIENTED_EDGE ( 'NONE', *, *, #3570, .T. ) ;
#3515 = VERTEX_POINT ( 'NONE', #3256 ) ;
#3516 = CARTESIAN_POINT ( 'NONE',  ( 4.829563600405185397, -29.08218059450784665, -4.470314497633389728 ) ) ;
#3517 = CARTESIAN_POINT ( 'NONE',  ( 35.50000000000000711, -8.691081090493156209E-15, -15.00000000000000355 ) ) ;
#3518 = CARTESIAN_POINT ( 'NONE',  ( 0.000000000000000000, 0.000000000000000000, -4.500000000000000000 ) ) ;
#3519 = ORIENTED_EDGE ( 'NONE', *, *, #8642, .T. ) ;
#3520 = EDGE_CURVE ( 'NONE', #5019, #6145, #6998, .T. ) ;
#3521 = B_SPLINE_CURVE_WITH_KNOTS ( 'NONE', 3,
 ( #537, #1985, #2535, #3238 ),
 .UNSPECIFIED., .F., .F.,
 ( 4, 4 ),
 ( 2.310375141320220140E-07, 0.002426261243687846247 ),
 .UNSPECIFIED. ) ;
#3522 = AXIS2_PLACEMENT_3D ( 'NONE', #5452, #6150, #8784 ) ;
#3523 = CARTESIAN_POINT ( 'NONE',  ( 21.90561283683140914, 25.34580837222862115, -16.84523636480906461 ) ) ;
#3524 = ADVANCED_FACE ( 'NONE', ( #8292 ), #1861, .F. ) ;
#3525 = EDGE_CURVE ( 'NONE', #1938, #7141, #7540, .T. ) ;
#3526 = CARTESIAN_POINT ( 'NONE',  ( 1.232614777545146145, -3.788206096911495013, -30.50000000000000711 ) ) ;
#3527 = CARTESIAN_POINT ( 'NONE',  ( 22.23411612971531781, -25.05888422991380793, -19.03685471076806834 ) ) ;
#3528 = DIRECTION ( 'NONE',  ( 1.000000000000000000, 0.000000000000000000, 0.000000000000000000 ) ) ;
#3529 = VECTOR ( 'NONE', #7144, 1000.000000000000114 ) ;
#3530 = CARTESIAN_POINT ( 'NONE',  ( -2.056877557034806348, 3.851514882781026827, -26.22026378998418750 ) ) ;
#3531 = ORIENTED_EDGE ( 'NONE', *, *, #3928, .F. ) ;
#3532 = DIRECTION ( 'NONE',  ( -0.000000000000000000, -0.000000000000000000, 1.000000000000000000 ) ) ;
#3533 = CARTESIAN_POINT ( 'NONE',  ( 20.37164813462073099, 20.84027811092098048, -3.964655755743112131 ) ) ;
#3534 = CARTESIAN_POINT ( 'NONE',  ( -0.001340783089988905339, 33.49999997316866285, -19.99992814200971480 ) ) ;
#3535 = EDGE_LOOP ( 'NONE', ( #5120, #6045, #4140, #5566 ) ) ;
#3536 = CARTESIAN_POINT ( 'NONE',  ( 8.145015344745395680, 12.23143316927213498, -12.19637518871191517 ) ) ;
#3537 = FACE_OUTER_BOUND ( 'NONE', #5355, .T. ) ;
#3538 = AXIS2_PLACEMENT_3D ( 'NONE', #1133, #7344, #3234 ) ;
#3539 = CARTESIAN_POINT ( 'NONE',  ( -14.19820598639713083, -3.982399418933749047, -12.17067000138696820 ) ) ;
#3540 = CARTESIAN_POINT ( 'NONE',  ( -0.1730936072876801124, 35.50000000000000711, -14.99981109353421438 ) ) ;
#3541 = VERTEX_POINT ( 'NONE', #5482 ) ;
#3542 = CARTESIAN_POINT ( 'NONE',  ( 2.378007703344180435, -35.42032659876822720, -16.38942846833507261 ) ) ;
#3543 = CARTESIAN_POINT ( 'NONE',  ( -33.40677098190899841, -2.497529291853560984, -17.16962608726845119 ) ) ;
#3544 = ORIENTED_EDGE ( 'NONE', *, *, #6549, .F. ) ;
#3545 = AXIS2_PLACEMENT_3D ( 'NONE', #4660, #644, #3528 ) ;
#3546 = AXIS2_PLACEMENT_3D ( 'NONE', #493, #9100, #8467 ) ;
#3547 = CARTESIAN_POINT ( 'NONE',  ( 22.09419455812975031, 25.18158761283791947, -18.75847698611589465 ) ) ;
#3548 = DIRECTION ( 'NONE',  ( -1.000000000000000000, 0.000000000000000000, 0.000000000000000000 ) ) ;
#3549 = LINE ( 'NONE', #4108, #3529 ) ;
#3550 = AXIS2_PLACEMENT_3D ( 'NONE', #1503, #4340, #3787 ) ;
#3551 = CARTESIAN_POINT ( 'NONE',  ( -29.76743496498324149, -10.30290326099850695, -4.500000000000002665 ) ) ;
#3552 = CARTESIAN_POINT ( 'NONE',  ( 23.21241824182505198, 26.85984677234398887, -18.15144138427705656 ) ) ;
#3553 = CARTESIAN_POINT ( 'NONE',  ( -24.60930377941548741, 25.58779123399753175, -19.93550015078834647 ) ) ;
#3554 = DIRECTION ( 'NONE',  ( 1.000000000000000000, 0.000000000000000000, 0.000000000000000000 ) ) ;
#3555 = AXIS2_PLACEMENT_3D ( 'NONE', #8549, #2760, #3554 ) ;
#3556 = CARTESIAN_POINT ( 'NONE',  ( -4.169851872562308159, -28.19330515691545003, -2.999864845263117363 ) ) ;
#3557 = CARTESIAN_POINT ( 'NONE',  ( 35.42481923746590411, 2.312994598011388625, -18.75924170991469353 ) ) ;
#3558 = DIRECTION ( 'NONE',  ( 1.000000000000000000, 0.000000000000000000, 0.000000000000000000 ) ) ;
#3559 = B_SPLINE_CURVE_WITH_KNOTS ( 'NONE', 3,
 ( #3237, #1893, #4719, #8089, #2078, #9008, #5556, #9097, #5655, #1276, #1225, #8325, #6303, #6350, #4068, #7626, #1939, #536 ),
 .UNSPECIFIED., .F., .F.,
 ( 4, 2, 2, 2, 2, 2, 2, 2, 4 ),
 ( 0.000000000000000000, 0.06250000000000000000, 0.1250000000000000000, 0.1875000000000000000, 0.2500000000000000000, 0.3125000000000000000, 0.3750000000000000000, 0.4375000000000000000, 0.5000000000000000000 ),
 .UNSPECIFIED. ) ;
#3560 = EDGE_CURVE ( 'NONE', #6604, #5259, #3340, .T. ) ;
#3561 = CARTESIAN_POINT ( 'NONE',  ( 4.051833130600594579, -29.88105179775291020, -2.481296856322390720 ) ) ;
#3562 = FACE_OUTER_BOUND ( 'NONE', #1720, .T. ) ;
#3563 = ORIENTED_EDGE ( 'NONE', *, *, #9059, .F. ) ;
#3564 = CARTESIAN_POINT ( 'NONE',  ( 3.611657770175044302, -1.804376080125375426, -28.11483526130505339 ) ) ;
#3565 = CARTESIAN_POINT ( 'NONE',  ( 15.87081097119398976, 22.86507825398969374, -2.000000000000003553 ) ) ;
#3566 = CARTESIAN_POINT ( 'NONE',  ( 1.482100593823389101, -5.944380803288812132, -2.000000000000003553 ) ) ;
#3567 = ORIENTED_EDGE ( 'NONE', *, *, #3173, .F. ) ;
#3568 = CARTESIAN_POINT ( 'NONE',  ( 25.10229073212211048, 25.10229073212277129, -15.00000000000000178 ) ) ;
#3569 = EDGE_CURVE ( 'NONE', #4468, #1803, #4271, .T. ) ;
#3570 = EDGE_CURVE ( 'NONE', #180, #1797, #7292, .T. ) ;
#3571 = CARTESIAN_POINT ( 'NONE',  ( 2.233532463794365874, 3.257887771728284587, -10.50000000000000178 ) ) ;
#3572 = CARTESIAN_POINT ( 'NONE',  ( -25.06051675825039027, 22.23228233171107249, -19.03432852941214293 ) ) ;
#3573 = EDGE_CURVE ( 'NONE', #6663, #159, #395, .T. ) ;
#3574 = CARTESIAN_POINT ( 'NONE',  ( -1.628014711682791882, -35.46349690234303864, -15.50119477829921522 ) ) ;
#3575 = CARTESIAN_POINT ( 'NONE',  ( 22.37039459824721988, 0.1237836863525994535, -10.50000000000000533 ) ) ;
#3576 = FACE_OUTER_BOUND ( 'NONE', #6227, .T. ) ;
#3577 = ORIENTED_EDGE ( 'NONE', *, *, #6357, .T. ) ;
#3578 = DIRECTION ( 'NONE',  ( 0.000000000000000000, 0.000000000000000000, 1.000000000000000000 ) ) ;
#3579 = CARTESIAN_POINT ( 'NONE',  ( 2.173789353111310163, -2.172691838682536236, -44.83269183868252838 ) ) ;
#3580 = CARTESIAN_POINT ( 'NONE',  ( -0.7771087080456805518, -3.949996363493294194, -30.50000000000000711 ) ) ;
#3581 = ORIENTED_EDGE ( 'NONE', *, *, #902, .T. ) ;
#3582 = CARTESIAN_POINT ( 'NONE',  ( 17.82148828198164381, 23.50839329718624171, -4.500000000000000000 ) ) ;
#3583 = B_SPLINE_CURVE_WITH_KNOTS ( 'NONE', 3,
 ( #5780, #155, #4375, #4425 ),
 .UNSPECIFIED., .F., .F.,
 ( 4, 4 ),
 ( 0.000000000000000000, 1.000000000000000000 ),
 .UNSPECIFIED. ) ;
#3584 = DIRECTION ( 'NONE',  ( 1.000000000000000000, 1.415534356397074431E-14, 0.000000000000000000 ) ) ;
#3585 = LINE ( 'NONE', #3073, #4558 ) ;
#3586 = CARTESIAN_POINT ( 'NONE',  ( -0.1633418547644305274, 33.50000000000000000, -14.99981109353421438 ) ) ;
#3587 = ORIENTED_EDGE ( 'NONE', *, *, #8492, .F. ) ;
#3588 = B_SPLINE_CURVE_WITH_KNOTS ( 'NONE', 1,
 ( #886, #3731 ),
 .UNSPECIFIED., .F., .F.,
 ( 2, 2 ),
 ( 0.000000000000000000, 1.000000000000000000 ),
 .UNSPECIFIED. ) ;
#3589 = CARTESIAN_POINT ( 'NONE',  ( -35.40654375042284840, 2.577646729934905512, -18.15506602361177002 ) ) ;
#3590 = CARTESIAN_POINT ( 'NONE',  ( -33.49998685118932684, -0.3291986674929289758, -19.99993715639901737 ) ) ;
#3591 = ORIENTED_EDGE ( 'NONE', *, *, #2541, .F. ) ;
#3592 = CARTESIAN_POINT ( 'NONE',  ( 2.233532463794364098, 3.257887771728283699, -30.50000000000000711 ) ) ;
#3593 = EDGE_CURVE ( 'NONE', #7747, #127, #8511, .T. ) ;
#3594 = CARTESIAN_POINT ( 'NONE',  ( 0.3291986673850488265, -33.49998685118932684, -19.99993715641065606 ) ) ;
#3595 = CARTESIAN_POINT ( 'NONE',  ( 24.14227662959856957, -26.02888938604327862, -15.31533489714016305 ) ) ;
#3596 = B_SPLINE_CURVE_WITH_KNOTS ( 'NONE', 3,
 ( #1097, #3897, #1006, #6641, #5384, #8101, #7402, #8238, #3108, #6689, #2542, #276, #1854, #411, #8055, #5996, #3061, #3247 ),
 .UNSPECIFIED., .F., .F.,
 ( 4, 2, 2, 2, 2, 2, 2, 2, 4 ),
 ( 0.000000000000000000, 0.06250000000000000000, 0.1250000000000000000, 0.1875000000000000000, 0.2500000000000000000, 0.3125000000000000000, 0.3750000000000000000, 0.4375000000000000000, 0.5000000000000000000 ),
 .UNSPECIFIED. ) ;
#3597 = CARTESIAN_POINT ( 'NONE',  ( 1.004242262264698482E-14, 35.50000000000000711, -15.00000000000000000 ) ) ;
#3598 = CARTESIAN_POINT ( 'NONE',  ( 23.16091849811267878, 26.90393752455829457, -17.82637605762963062 ) ) ;
#3599 = CARTESIAN_POINT ( 'NONE',  ( 14.47360495703819439, 0.7597759851426028055, -4.500000000000000000 ) ) ;
#3600 = CARTESIAN_POINT ( 'NONE',  ( 21.94172228894078458, -4.360120101846253426, -10.50000000000000533 ) ) ;
#3601 = FACE_OUTER_BOUND ( 'NONE', #5210, .T. ) ;
#3602 = CARTESIAN_POINT ( 'NONE',  ( -3.994443847110342283, 4.477099323477461645, -1.599999999999999423 ) ) ;
#3603 = CARTESIAN_POINT ( 'NONE',  ( -0.6000000000001243228, 9.132863896322501063, -4.099999999999999645 ) ) ;
#3604 = CARTESIAN_POINT ( 'NONE',  ( -0.5999999999998996136, -6.736014368517794004, -7.638112240242371342 ) ) ;
#3605 = ORIENTED_EDGE ( 'NONE', *, *, #7440, .F. ) ;
#3606 = CARTESIAN_POINT ( 'NONE',  ( -35.43769088424033242, 2.116661196921948651, -19.03685471089824333 ) ) ;
#3607 = CARTESIAN_POINT ( 'NONE',  ( 35.49842100810685963, -0.3457258502316684634, -19.97981750014460189 ) ) ;
#3608 = CARTESIAN_POINT ( 'NONE',  ( -13.46872432215984006, 25.58232462636196303, -3.616906243914458141 ) ) ;
#3609 = ORIENTED_EDGE ( 'NONE', *, *, #1146, .T. ) ;
#3610 = CARTESIAN_POINT ( 'NONE',  ( 0.000000000000000000, 0.000000000000000000, -4.898587196589407898E-16 ) ) ;
#3611 = B_SPLINE_CURVE_WITH_KNOTS ( 'NONE', 3,
 ( #3802, #8235, #8927, #1094 ),
 .UNSPECIFIED., .F., .F.,
 ( 4, 4 ),
 ( 0.000000000000000000, 1.000000000000000000 ),
 .UNSPECIFIED. ) ;
#3612 = CARTESIAN_POINT ( 'NONE',  ( 22.10467735366148290, 1.200539366099622862, -10.50000000000000533 ) ) ;
#3613 = EDGE_LOOP ( 'NONE', ( #7755, #5894 ) ) ;
#3614 = AXIS2_PLACEMENT_3D ( 'NONE', #3429, #9070, #3474 ) ;
#3615 = DIRECTION ( 'NONE',  ( 1.000000000000000000, 0.000000000000000000, 0.000000000000000000 ) ) ;
#3616 = CARTESIAN_POINT ( 'NONE',  ( 2.497529291849350574, -33.40677098190931105, -17.16962608725743067 ) ) ;
#3617 = EDGE_CURVE ( 'NONE', #1103, #6234, #2607, .T. ) ;
#3618 = CARTESIAN_POINT ( 'NONE',  ( 0.001420829842098642092, -35.49999997156679399, -19.99992814200971480 ) ) ;
#3619 = ADVANCED_FACE ( 'NONE', ( #6528 ), #157, .T. ) ;
#3620 = ORIENTED_EDGE ( 'NONE', *, *, #4272, .T. ) ;
#3621 = CARTESIAN_POINT ( 'NONE',  ( -28.23577377035439184, -8.543481701822001284, -9.500000000000005329 ) ) ;
#3622 = LINE ( 'NONE', #9167, #8614 ) ;
#3623 = CARTESIAN_POINT ( 'NONE',  ( 3.332746190583497636, 2.258377993741209622, -30.50000000000000711 ) ) ;
#3624 = ORIENTED_EDGE ( 'NONE', *, *, #610, .T. ) ;
#3625 = CARTESIAN_POINT ( 'NONE',  ( 35.47637170968562259, -1.334036673932078143, -15.31533489731661035 ) ) ;
#3626 = CARTESIAN_POINT ( 'NONE',  ( -1.626671323693074100, -35.46356059723991194, -19.50000510097546425 ) ) ;
#3627 = VECTOR ( 'NONE', #7867, 1000.000000000000000 ) ;
#3628 = EDGE_CURVE ( 'NONE', #4420, #4078, #2985, .T. ) ;
#3629 = DIRECTION ( 'NONE',  ( 1.000000000000000000, 0.000000000000000000, 0.000000000000000000 ) ) ;
#3630 = LINE ( 'NONE', #7366, #9024 ) ;
#3631 = ORIENTED_EDGE ( 'NONE', *, *, #6863, .T. ) ;
#3632 = CARTESIAN_POINT ( 'NONE',  ( -35.50000000000000711, -1.060082699627688355E-13, -14.99999999999999645 ) ) ;
#3633 = CONICAL_SURFACE ( 'NONE', #6607, 27.83333333333332860, 0.5880026035475688362 ) ;
#3634 = CARTESIAN_POINT ( 'NONE',  ( -33.46556029457417480, -1.536278632812164036, -19.49867079322195806 ) ) ;
#3635 = EDGE_LOOP ( 'NONE', ( #3842, #1087, #44, #4629 ) ) ;
#3636 = CARTESIAN_POINT ( 'NONE',  ( -14.47360495703820860, 0.7597759851423976363, -3.499999999999999556 ) ) ;
#3637 = EDGE_CURVE ( 'NONE', #1712, #7668, #7327, .T. ) ;
#3638 = PLANE ( 'NONE',  #5549 ) ;
#3639 = EDGE_CURVE ( 'NONE', #5640, #8967, #3825, .T. ) ;
#3640 = CARTESIAN_POINT ( 'NONE',  ( 0.6003346771319216790, -8.480594218661797967, -17.20500177090579186 ) ) ;
#3641 = MANIFOLD_SOLID_BREP ( 'Chamfer1', #67 ) ;
#3642 = AXIS2_PLACEMENT_3D ( 'NONE', #3439, #6147, #8393 ) ;
#3643 = EDGE_CURVE ( 'NONE', #8500, #75, #5829, .T. ) ;
#3644 = CARTESIAN_POINT ( 'NONE',  ( 1.334036673643747006, 35.47637170969385068, -15.31533489718471941 ) ) ;
#3645 = CARTESIAN_POINT ( 'NONE',  ( 12.15597749922600812, 7.892699857356227255, -4.500000000000000000 ) ) ;
#3646 = ORIENTED_EDGE ( 'NONE', *, *, #1923, .T. ) ;
#3647 = CARTESIAN_POINT ( 'NONE',  ( -0.2160423916220582941, 3.977834876855024682, -30.50000000000000711 ) ) ;
#3648 = CARTESIAN_POINT ( 'NONE',  ( -25.34602500485043564, 24.85673742125576879, -15.01551170377316957 ) ) ;
#3649 = CIRCLE ( 'NONE', #8444, 29.50000000000000000 ) ;
#3650 = AXIS2_PLACEMENT_3D ( 'NONE', #7719, #1327, #2813 ) ;
#3651 = DIRECTION ( 'NONE',  ( -0.000000000000000000, -0.000000000000000000, 1.000000000000000000 ) ) ;
#3652 = CARTESIAN_POINT ( 'NONE',  ( -0.6000069588624714623, -9.032813664335824555, -16.54771449318741361 ) ) ;
#3653 = CARTESIAN_POINT ( 'NONE',  ( -29.76743496498323793, -10.30290326099849452, -10.50000000000000355 ) ) ;
#3654 = AXIS2_PLACEMENT_3D ( 'NONE', #559, #8387, #2833 ) ;
#3655 = CARTESIAN_POINT ( 'NONE',  ( -23.11553767793695258, -24.24758564572000452, -15.12618847594108829 ) ) ;
#3656 = DIRECTION ( 'NONE',  ( -0.000000000000000000, -0.000000000000000000, 1.000000000000000000 ) ) ;
#3657 = ORIENTED_EDGE ( 'NONE', *, *, #7974, .T. ) ;
#3658 = CARTESIAN_POINT ( 'NONE',  ( -35.40120326695732444, 2.646659642759135345, -17.17385420710234811 ) ) ;
#3659 = FACE_OUTER_BOUND ( 'NONE', #5166, .T. ) ;
#3660 = LINE ( 'NONE', #5094, #3331 ) ;
#3661 = ORIENTED_EDGE ( 'NONE', *, *, #451, .T. ) ;
#3662 = VECTOR ( 'NONE', #7545, 1000.000000000000114 ) ;
#3663 = CARTESIAN_POINT ( 'NONE',  ( -18.99728656626198031, 25.12674079778995306, -9.500000000000005329 ) ) ;
#3664 = DIRECTION ( 'NONE',  ( -0.000000000000000000, -0.000000000000000000, -1.000000000000000000 ) ) ;
#3665 = VERTEX_POINT ( 'NONE', #3081 ) ;
#3666 = AXIS2_PLACEMENT_3D ( 'NONE', #8719, #2934, #7886 ) ;
#3667 = DIRECTION ( 'NONE',  ( 0.000000000000000000, 0.000000000000000000, 1.000000000000000000 ) ) ;
#3668 = CARTESIAN_POINT ( 'NONE',  ( 2.181185387239425566, -33.42915353558023384, -16.23749250284341983 ) ) ;
#3669 = CARTESIAN_POINT ( 'NONE',  ( 6.794589565149789401, 10.37273120451683717, -2.000000000000003553 ) ) ;
#3670 = ORIENTED_EDGE ( 'NONE', *, *, #23, .T. ) ;
#3671 = CARTESIAN_POINT ( 'NONE',  ( 2.669581395823194647, 6.607445816926963644, -3.499999999999999556 ) ) ;
#3672 = CARTESIAN_POINT ( 'NONE',  ( 2.103841323021467424, -2.005964282189125480, -44.66596428218911541 ) ) ;
#3673 = ORIENTED_EDGE ( 'NONE', *, *, #7339, .F. ) ;
#3674 = CARTESIAN_POINT ( 'NONE',  ( 33.44105893781526362, 1.999863741591897837, -19.03432852965813993 ) ) ;
#3675 = CARTESIAN_POINT ( 'NONE',  ( 25.19360741868577946, -12.59538180647535910, -2.499859741077551156 ) ) ;
#3676 = CARTESIAN_POINT ( 'NONE',  ( -4.274957754610991145, -0.7582718744617261697, -26.34262680484824770 ) ) ;
#3677 = DIRECTION ( 'NONE',  ( 1.000000000000000000, 0.000000000000000000, 0.000000000000000000 ) ) ;
#3678 = ORIENTED_EDGE ( 'NONE', *, *, #1140, .T. ) ;
#3679 = AXIS2_PLACEMENT_3D ( 'NONE', #5220, #1641, #2201 ) ;
#3680 = CARTESIAN_POINT ( 'NONE',  ( -35.42482158507214507, 2.312924270433116103, -18.75985287827878523 ) ) ;
#3681 = EDGE_CURVE ( 'NONE', #6404, #6123, #3123, .T. ) ;
#3682 = CARTESIAN_POINT ( 'NONE',  ( -33.50001309514800596, 0.3265171013127172728, -19.99991912762038737 ) ) ;
#3683 = VERTEX_POINT ( 'NONE', #5970 ) ;
#3684 = CARTESIAN_POINT ( 'NONE',  ( -22.78214836877581106, 24.56247308260449103, -15.31533489714581542 ) ) ;
#3685 = CARTESIAN_POINT ( 'NONE',  ( 23.45635784825480741, 23.91807993412764333, -15.01551170377322109 ) ) ;
#3686 = B_SPLINE_CURVE_WITH_KNOTS ( 'NONE', 3,
 ( #7108, #3561, #676, #6402 ),
 .UNSPECIFIED., .F., .F.,
 ( 4, 4 ),
 ( 0.001209501529602782614, 0.004905640284679695790 ),
 .UNSPECIFIED. ) ;
#3687 = EDGE_LOOP ( 'NONE', ( #109, #6349, #8347, #8787 ) ) ;
#3688 = CARTESIAN_POINT ( 'NONE',  ( -27.70729770428729566, -8.371769418969110532, -3.666663488590733433 ) ) ;
#3689 = AXIS2_PLACEMENT_3D ( 'NONE', #5753, #5842, #905 ) ;
#3690 = DIRECTION ( 'NONE',  ( 0.000000000000000000, -0.000000000000000000, 1.000000000000000000 ) ) ;
#3691 = CARTESIAN_POINT ( 'NONE',  ( -23.68807716974887612, -23.68807716974980693, -15.00000000000000178 ) ) ;
#3692 = VECTOR ( 'NONE', #6340, 1000.000000000000000 ) ;
#3693 = VECTOR ( 'NONE', #4529, 1000.000000000000227 ) ;
#3694 = CARTESIAN_POINT ( 'NONE',  ( 2.312924270321344622, 35.42482158507985446, -18.75985287846275540 ) ) ;
#3695 = EDGE_CURVE ( 'NONE', #705, #6952, #6179, .T. ) ;
#3696 = CARTESIAN_POINT ( 'NONE',  ( -3.007953331374729533, 3.119311612902706532, -26.37133870786389167 ) ) ;
#3697 = CARTESIAN_POINT ( 'NONE',  ( -3.977834876854215995, -0.2160423916197286576, -10.50000000000000533 ) ) ;
#3698 = CARTESIAN_POINT ( 'NONE',  ( -21.85595376812036150, 25.38832969884780510, -17.82748966720692252 ) ) ;
#3699 = DIRECTION ( 'NONE',  ( 0.000000000000000000, 1.000000000000000000, -0.000000000000000000 ) ) ;
#3700 = CARTESIAN_POINT ( 'NONE',  ( 35.42490370229652541, 2.311708953011311518, -16.23801761398357613 ) ) ;
#3701 = AXIS2_PLACEMENT_3D ( 'NONE', #6378, #5108, #14 ) ;
#3702 = CARTESIAN_POINT ( 'NONE',  ( -4.146049948680286867, -28.53368852661987631, -3.500000000000001332 ) ) ;
#3703 = DIRECTION ( 'NONE',  ( 0.9271838545667870912, 0.3746065934159130140, -0.000000000000000000 ) ) ;
#3704 = CARTESIAN_POINT ( 'NONE',  ( 22.30316851333123296, 22.24452009520435070, -4.500000000000000000 ) ) ;
#3705 = AXIS2_PLACEMENT_3D ( 'NONE', #8278, #7627, #7670 ) ;
#3706 = B_SPLINE_CURVE_WITH_KNOTS ( 'NONE', 3,
 ( #6555, #181, #1517, #4352, #5850, #4453, #8194, #3894, #1000, #4542, #3287, #3848 ),
 .UNSPECIFIED., .F., .F.,
 ( 4, 2, 2, 2, 2, 4 ),
 ( 0.000000000000000000, 0.0002100866932174960276, 0.0004201733864349920552, 0.0008403467728699873631, 0.001260520159304982617, 0.001680693545739977979 ),
 .UNSPECIFIED. ) ;
#3707 = EDGE_LOOP ( 'NONE', ( #8822, #3405 ) ) ;
#3708 = CARTESIAN_POINT ( 'NONE',  ( -35.49470627985115811, 0.6918951143924038094, -19.93550015080729665 ) ) ;
#3709 = CARTESIAN_POINT ( 'NONE',  ( -9.622778472362876201, -2.495752923613855589, -2.700039325476423002 ) ) ;
#3710 = DIRECTION ( 'NONE',  ( 1.000000000000000000, 0.000000000000000000, 0.000000000000000000 ) ) ;
#3711 = ORIENTED_EDGE ( 'NONE', *, *, #8417, .F. ) ;
#3712 = EDGE_CURVE ( 'NONE', #5608, #1004, #1025, .T. ) ;
#3713 = CYLINDRICAL_SURFACE ( 'NONE', #1395, 1.000000000000000222 ) ;
#3714 = CARTESIAN_POINT ( 'NONE',  ( 4.968641499409146789, -31.10566832026518824, -4.500000000000002665 ) ) ;
#3715 = ORIENTED_EDGE ( 'NONE', *, *, #2238, .F. ) ;
#3716 = CARTESIAN_POINT ( 'NONE',  ( -24.56333324283090036, 22.78127799637687900, -15.31632817220722664 ) ) ;
#3717 = CARTESIAN_POINT ( 'NONE',  ( 2.497603480182744029, -33.40676543541984955, -17.82637605771441613 ) ) ;
#3718 = CARTESIAN_POINT ( 'NONE',  ( 4.196428284853814361, -27.81324475443953048, 9.414771208731544324E-16 ) ) ;
#3719 = ORIENTED_EDGE ( 'NONE', *, *, #3970, .F. ) ;
#3720 = CARTESIAN_POINT ( 'NONE',  ( 25.34708205912119894, 24.85749940512367573, -15.00037781293158012 ) ) ;
#3721 = CARTESIAN_POINT ( 'NONE',  ( 33.44113806923080290, 1.998722883215782176, -15.96412339891647036 ) ) ;
#3722 = CARTESIAN_POINT ( 'NONE',  ( -2.181185387301747713, 33.42915353557592795, -16.23749250282575574 ) ) ;
#3723 = ORIENTED_EDGE ( 'NONE', *, *, #7566, .T. ) ;
#3724 = CARTESIAN_POINT ( 'NONE',  ( 35.40643814088921459, 2.579121447818100599, -18.15144138432285104 ) ) ;
#3725 = CARTESIAN_POINT ( 'NONE',  ( 2.313451882526600834, -35.42478891474776503, -18.75847698606483149 ) ) ;
#3726 = CARTESIAN_POINT ( 'NONE',  ( 0.000000000000000000, 0.000000000000000000, 0.000000000000000000 ) ) ;
#3727 = LINE ( 'NONE', #5917, #2782 ) ;
#3728 = ORIENTED_EDGE ( 'NONE', *, *, #2783, .F. ) ;
#3729 = CARTESIAN_POINT ( 'NONE',  ( -35.49466771488432215, 0.6936622672676822088, -15.06543078863676222 ) ) ;
#3730 = VERTEX_POINT ( 'NONE', #336 ) ;
#3731 = CARTESIAN_POINT ( 'NONE',  ( -23.68712907396124834, -23.68902522759220375, -19.99992814200971125 ) ) ;
#3732 = ORIENTED_EDGE ( 'NONE', *, *, #6308, .F. ) ;
#3733 = CARTESIAN_POINT ( 'NONE',  ( -23.22165922880382993, 24.14737896526027683, -15.06543078874496011 ) ) ;
#3734 = CARTESIAN_POINT ( 'NONE',  ( 0.000000000000000000, 0.000000000000000000, -2.000000000000003553 ) ) ;
#3735 = ORIENTED_EDGE ( 'NONE', *, *, #5561, .T. ) ;
#3736 = CARTESIAN_POINT ( 'NONE',  ( 0.000000000000000000, 0.000000000000000000, -2.000000000000003553 ) ) ;
#3737 = CARTESIAN_POINT ( 'NONE',  ( 23.92531675037067274, 26.22765184829053098, -19.49867079307225737 ) ) ;
#3738 = FACE_OUTER_BOUND ( 'NONE', #4514, .T. ) ;
#3739 = CARTESIAN_POINT ( 'NONE',  ( -1.998722883207607381, 33.44113806923124343, -15.96412339891959853 ) ) ;
#3740 = CARTESIAN_POINT ( 'NONE',  ( -5.470677965958786082, 6.508391874877280436, -17.20496984531237317 ) ) ;
#3741 = ORIENTED_EDGE ( 'NONE', *, *, #8105, .F. ) ;
#3742 = CARTESIAN_POINT ( 'NONE',  ( 1.322654360282095931, 3.757716070398191999, -30.50000000000000711 ) ) ;
#3743 = CARTESIAN_POINT ( 'NONE',  ( -21.90573087360730398, 25.34570240378618067, -18.15506602320147422 ) ) ;
#3744 = EDGE_CURVE ( 'NONE', #5869, #4355, #5782, .T. ) ;
#3745 = ADVANCED_FACE ( 'NONE', ( #3304 ), #3910, .T. ) ;
#3746 = LINE ( 'NONE', #171, #4062 ) ;
#3747 = EDGE_CURVE ( 'NONE', #7665, #2220, #6270, .T. ) ;
#3748 = CARTESIAN_POINT ( 'NONE',  ( 2.577646730046970536, 35.40654375041510349, -18.15506602342782116 ) ) ;
#3749 = CARTESIAN_POINT ( 'NONE',  ( -0.5190819126299525132, -3.946526896650834892, -30.50000000000000711 ) ) ;
#3750 = CARTESIAN_POINT ( 'NONE',  ( -23.68807716974935573, 23.68807716974933442, -15.00000000000000178 ) ) ;
#3751 = ORIENTED_EDGE ( 'NONE', *, *, #5212, .T. ) ;
#3752 = EDGE_LOOP ( 'NONE', ( #5736, #616, #1856, #1535 ) ) ;
#3753 = CARTESIAN_POINT ( 'NONE',  ( -35.49998606618570562, -0.3488523192835515929, -19.99993715639901737 ) ) ;
#3754 = PLANE ( 'NONE',  #3705 ) ;
#3755 = CARTESIAN_POINT ( 'NONE',  ( -5.195447827443025801, -3.246476116813081791, -2.000000000000003553 ) ) ;
#3756 = ORIENTED_EDGE ( 'NONE', *, *, #4033, .F. ) ;
#3757 = DIRECTION ( 'NONE',  ( 0.3090169943749582204, -0.9510565162951500895, 0.000000000000000000 ) ) ;
#3758 = CARTESIAN_POINT ( 'NONE',  ( 4.433555429524902003, -31.08997575080644538, -4.356401921130938604 ) ) ;
#3759 = EDGE_LOOP ( 'NONE', ( #4927, #6286, #7772, #1060 ) ) ;
#3760 = CARTESIAN_POINT ( 'NONE',  ( 20.12590617746372601, 20.64725191513481306, -3.499999999999999556 ) ) ;
#3761 = CARTESIAN_POINT ( 'NONE',  ( 1.532002922160231595, -33.46576721929118037, -15.49726176809836531 ) ) ;
#3762 = VERTEX_POINT ( 'NONE', #4049 ) ;
#3763 = LINE ( 'NONE', #8058, #2023 ) ;
#3764 = CARTESIAN_POINT ( 'NONE',  ( 33.50000000000000000, 0.1633418547768143991, -14.99981109353420727 ) ) ;
#3765 = CARTESIAN_POINT ( 'NONE',  ( 18.35007297076164079, 25.59696899962423089, -2.000000000000003553 ) ) ;
#3766 = VERTEX_POINT ( 'NONE', #4782 ) ;
#3767 = CARTESIAN_POINT ( 'NONE',  ( 35.50000000000000711, -8.673617379884035472E-15, -15.00000000000000355 ) ) ;
#3768 = CARTESIAN_POINT ( 'NONE',  ( 2.181185387239425566, -33.42915353558023384, -16.23749250284341983 ) ) ;
#3769 = CARTESIAN_POINT ( 'NONE',  ( 25.34906994217135434, -24.85551152207352743, -14.99961911895349509 ) ) ;
#3770 = CARTESIAN_POINT ( 'NONE',  ( 8.481694842071252793, -3.386747046168796071, -4.099999999999998757 ) ) ;
#3771 = ORIENTED_EDGE ( 'NONE', *, *, #5446, .F. ) ;
#3772 = DIRECTION ( 'NONE',  ( 0.06975647374411469981, 0.9975640502598249748, -0.000000000000000000 ) ) ;
#3773 = CARTESIAN_POINT ( 'NONE',  ( -5.585168645961411826, 8.708106117106048316, -2.000000000000003553 ) ) ;
#3774 = VERTEX_POINT ( 'NONE', #6143 ) ;
#3775 = CARTESIAN_POINT ( 'NONE',  ( -22.78274968980745285, 24.56192057523566419, -19.68467263747258400 ) ) ;
#3776 = CARTESIAN_POINT ( 'NONE',  ( 26.55666701237095495, -23.55958276954002883, -19.03432852962032840 ) ) ;
#3777 = ORIENTED_EDGE ( 'NONE', *, *, #3191, .F. ) ;
#3778 = DIRECTION ( 'NONE',  ( 0.5877852522924679191, 0.8090169943749512260, 0.000000000000000000 ) ) ;
#3779 = CIRCLE ( 'NONE', #2579, 3.950000000000000178 ) ;
#3780 = CARTESIAN_POINT ( 'NONE',  ( 25.58901353031122383, 24.60802694399780677, -15.06543078872929264 ) ) ;
#3781 = FACE_OUTER_BOUND ( 'NONE', #4229, .T. ) ;
#3782 = B_SPLINE_CURVE_WITH_KNOTS ( 'NONE', 1,
 ( #5174, #8034 ),
 .UNSPECIFIED., .F., .F.,
 ( 2, 2 ),
 ( 0.000000000000000000, 1.000000000000000000 ),
 .UNSPECIFIED. ) ;
#3783 = AXIS2_PLACEMENT_3D ( 'NONE', #3857, #8204, #6603 ) ;
#3784 = CARTESIAN_POINT ( 'NONE',  ( -2.181185387301747713, 33.42915353557592795, -16.23749250282575574 ) ) ;
#3785 = CARTESIAN_POINT ( 'NONE',  ( 0.000000000000000000, 0.000000000000000000, -2.000000000000003553 ) ) ;
#3786 = CARTESIAN_POINT ( 'NONE',  ( 2.233532463794365874, 3.257887771728284587, -10.50000000000000178 ) ) ;
#3787 = DIRECTION ( 'NONE',  ( 1.000000000000000000, 1.521005543736464145E-14, 0.000000000000000000 ) ) ;
#3788 = CARTESIAN_POINT ( 'NONE',  ( -0.6000143803226126726, -5.220572815286546486, -23.02167190291044108 ) ) ;
#3789 = AXIS2_PLACEMENT_3D ( 'NONE', #4020, #4152, #4796 ) ;
#3790 = CARTESIAN_POINT ( 'NONE',  ( -4.871155301354801459, 7.725351058614371880, -4.099999999999998757 ) ) ;
#3791 = VECTOR ( 'NONE', #5813, 1000.000000000000000 ) ;
#3792 = CARTESIAN_POINT ( 'NONE',  ( 1.809400085646712952, 3.511206534805612289, -30.50000000000000711 ) ) ;
#3793 = CARTESIAN_POINT ( 'NONE',  ( 14.26373768937468611, 28.08550848976589265, -4.500000000000002665 ) ) ;
#3794 = VERTEX_POINT ( 'NONE', #1958 ) ;
#3795 = EDGE_CURVE ( 'NONE', #1766, #5663, #5165, .T. ) ;
#3796 = VERTEX_POINT ( 'NONE', #7509 ) ;
#3797 = CARTESIAN_POINT ( 'NONE',  ( -35.42492389591748747, -2.311405410298764451, -16.23749250258791577 ) ) ;
#3798 = CARTESIAN_POINT ( 'NONE',  ( 4.979690780034018454E-13, -35.50000000000000711, -15.00000000000000000 ) ) ;
#3799 = CARTESIAN_POINT ( 'NONE',  ( -4.148332197299471780, -30.93895791584820287, -4.073592716983512219 ) ) ;
#3800 = ORIENTED_EDGE ( 'NONE', *, *, #3747, .F. ) ;
#3801 = CARTESIAN_POINT ( 'NONE',  ( 0.000000000000000000, 0.000000000000000000, -2.000000000000003553 ) ) ;
#3802 = CARTESIAN_POINT ( 'NONE',  ( -2.780239154922234501, 2.805845726592483658, -30.50000000000000711 ) ) ;
#3803 = ORIENTED_EDGE ( 'NONE', *, *, #4487, .F. ) ;
#3804 = LINE ( 'NONE', #2407, #3662 ) ;
#3805 = CARTESIAN_POINT ( 'NONE',  ( 1.536278633088354661, -33.46556029455957315, -19.49867079296896932 ) ) ;
#3806 = VECTOR ( 'NONE', #1483, 1000.000000000000000 ) ;
#3807 = EDGE_CURVE ( 'NONE', #8507, #7776, #8985, .T. ) ;
#3808 = VERTEX_POINT ( 'NONE', #1247 ) ;
#3809 = CARTESIAN_POINT ( 'NONE',  ( 0.6000000000001523004, -10.32788559922165383, -2.000000000000003553 ) ) ;
#3810 = CARTESIAN_POINT ( 'NONE',  ( 1.997412678591193202, 33.44120125696944967, -19.03685471104485316 ) ) ;
#3811 = EDGE_CURVE ( 'NONE', #8205, #3766, #1159, .T. ) ;
#3812 = EDGE_CURVE ( 'NONE', #3850, #2220, #2754, .T. ) ;
#3813 = DIRECTION ( 'NONE',  ( -0.000000000000000000, -0.000000000000000000, 1.000000000000000000 ) ) ;
#3814 = ORIENTED_EDGE ( 'NONE', *, *, #7805, .F. ) ;
#3815 = CARTESIAN_POINT ( 'NONE',  ( 35.46372347118393975, 1.623465783283735808, -15.49726176816445999 ) ) ;
#3816 = CARTESIAN_POINT ( 'NONE',  ( -2.432970570975535818, -33.41176939071145569, -16.84589223768767141 ) ) ;
#3817 = CARTESIAN_POINT ( 'NONE',  ( -10.62201894441639993, -2.820425834257124453, -3.410121845480087899 ) ) ;
#3818 = AXIS2_PLACEMENT_3D ( 'NONE', #1262, #7655, #3921 ) ;
#3819 = CARTESIAN_POINT ( 'NONE',  ( 31.50000000000000000, 0.000000000000000000, 0.000000000000000000 ) ) ;
#3820 = VERTEX_POINT ( 'NONE', #7080 ) ;
#3821 = DIRECTION ( 'NONE',  ( 0.6427876096865378086, -0.7660444431189792347, 0.000000000000000000 ) ) ;
#3822 = ORIENTED_EDGE ( 'NONE', *, *, #942, .T. ) ;
#3823 = DIRECTION ( 'NONE',  ( -0.000000000000000000, -0.000000000000000000, 1.000000000000000000 ) ) ;
#3824 = EDGE_LOOP ( 'NONE', ( #3935, #4695, #1906, #6008, #2193, #3827, #7727 ) ) ;
#3825 = LINE ( 'NONE', #1731, #1427 ) ;
#3826 = CARTESIAN_POINT ( 'NONE',  ( 25.38822273444628408, -21.85607801934118655, -17.82637605772023193 ) ) ;
#3827 = ORIENTED_EDGE ( 'NONE', *, *, #8834, .T. ) ;
#3828 = CARTESIAN_POINT ( 'NONE',  ( 13.06974194450584648, 26.44715871193504597, -4.500000000000004441 ) ) ;
#3829 = FACE_OUTER_BOUND ( 'NONE', #6369, .T. ) ;
#3830 = VECTOR ( 'NONE', #5799, 1000.000000000000000 ) ;
#3831 = CARTESIAN_POINT ( 'NONE',  ( 0.6000001979817539688, -14.68265193987649120, -12.19638538704140274 ) ) ;
#3832 = CARTESIAN_POINT ( 'NONE',  ( -2.433818831060756693, 33.41170923154187733, -18.15144138421802467 ) ) ;
#3833 = DIRECTION ( 'NONE',  ( 1.000000000000000000, 0.000000000000000000, 0.000000000000000000 ) ) ;
#3834 = CARTESIAN_POINT ( 'NONE',  ( 2.588471276121217191, -3.028144824010299718, -10.50000000000000888 ) ) ;
#3835 = VECTOR ( 'NONE', #4682, 1000.000000000000000 ) ;
#3836 = DIRECTION ( 'NONE',  ( -0.4890380602820638689, -0.6731031445945335756, -0.5547737668027454827 ) ) ;
#3837 = CARTESIAN_POINT ( 'NONE',  ( -0.5994805247526523440, -4.688848170207987387, -24.65133000935028207 ) ) ;
#3838 = AXIS2_PLACEMENT_3D ( 'NONE', #3886, #5280, #8139 ) ;
#3839 = FACE_OUTER_BOUND ( 'NONE', #5447, .T. ) ;
#3840 = CARTESIAN_POINT ( 'NONE',  ( 2.301456861823222955, -3.247740274607142208, -10.50000000000000533 ) ) ;
#3841 = CARTESIAN_POINT ( 'NONE',  ( 0.000000000000000000, 0.000000000000000000, -4.500000000000002665 ) ) ;
#3842 = ORIENTED_EDGE ( 'NONE', *, *, #5097, .F. ) ;
#3843 = CARTESIAN_POINT ( 'NONE',  ( -33.44105893781000560, -1.999863741691394692, -19.03432852956215626 ) ) ;
#3844 = LINE ( 'NONE', #5234, #8327 ) ;
#3845 = AXIS2_PLACEMENT_3D ( 'NONE', #1798, #5332, #8919 ) ;
#3846 = DIRECTION ( 'NONE',  ( 0.000000000000000000, 0.000000000000000000, -1.000000000000000000 ) ) ;
#3847 = ORIENTED_EDGE ( 'NONE', *, *, #1765, .T. ) ;
#3848 = CARTESIAN_POINT ( 'NONE',  ( -28.41835030084769897, -4.874266846349343929, -3.500000000000000444 ) ) ;
#3849 = CARTESIAN_POINT ( 'NONE',  ( 0.000000000000000000, 0.000000000000000000, -10.50000000000000355 ) ) ;
#3850 = VERTEX_POINT ( 'NONE', #4181 ) ;
#3851 = AXIS2_PLACEMENT_3D ( 'NONE', #4309, #2043, #7818 ) ;
#3852 = CARTESIAN_POINT ( 'NONE',  ( 13.38229346729099767, 17.39836581279658390, -10.50000000000000355 ) ) ;
#3853 = CARTESIAN_POINT ( 'NONE',  ( 33.40677098190896288, 2.497529291854056144, -17.16962608733032170 ) ) ;
#3854 = ORIENTED_EDGE ( 'NONE', *, *, #5855, .T. ) ;
#3855 = CARTESIAN_POINT ( 'NONE',  ( 7.667594823511926450, -3.122229915435311920, -17.45285452210892885 ) ) ;
#3856 = CARTESIAN_POINT ( 'NONE',  ( 16.85066788873168875, 24.21373559993721614, -9.500000000000005329 ) ) ;
#3857 = CARTESIAN_POINT ( 'NONE',  ( 0.000000000000000000, 0.000000000000000000, -2.000000000000003553 ) ) ;
#3859 = EDGE_CURVE ( 'NONE', #6332, #1366, #7986, .T. ) ;
#3858 = EDGE_LOOP ( 'NONE', ( #6644, #2089, #5526, #8072 ) ) ;
#3860 = CARTESIAN_POINT ( 'NONE',  ( 35.43769088423029245, -2.116661197112367443, -19.03685471073302793 ) ) ;
#3861 = EDGE_CURVE ( 'NONE', #695, #3206, #4839, .T. ) ;
#3862 = CARTESIAN_POINT ( 'NONE',  ( 0.3291986673850488265, -33.49998685118932684, -19.99993715641065606 ) ) ;
#3863 = CARTESIAN_POINT ( 'NONE',  ( -17.37324873850572615, 24.93300643354992019, -2.833330587785096277 ) ) ;
#3864 = EDGE_CURVE ( 'NONE', #6947, #4603, #8869, .T. ) ;
#3865 = DIRECTION ( 'NONE',  ( 0.000000000000000000, -0.000000000000000000, -1.000000000000000000 ) ) ;
#3866 = CARTESIAN_POINT ( 'NONE',  ( 3.994443847110276113, 4.477099323477520265, -4.099999999999999645 ) ) ;
#3867 = VERTEX_POINT ( 'NONE', #6377 ) ;
#3868 = CARTESIAN_POINT ( 'NONE',  ( 22.23314499488818896, 25.05976600380664010, -15.96412339893792165 ) ) ;
#3869 = EDGE_LOOP ( 'NONE', ( #4157, #6531 ) ) ;
#3870 = CARTESIAN_POINT ( 'NONE',  ( -12.40308291034193111, 8.288151179077566155, 0.000000000000000000 ) ) ;
#3871 = CARTESIAN_POINT ( 'NONE',  ( 26.85984677232417894, -23.21241824184780711, -18.15144138432806287 ) ) ;
#3872 = ORIENTED_EDGE ( 'NONE', *, *, #8820, .T. ) ;
#3873 = CARTESIAN_POINT ( 'NONE',  ( 29.50000000000000711, 0.000000000000000000, -9.500000000000005329 ) ) ;
#3874 = CARTESIAN_POINT ( 'NONE',  ( -0.5999999999999106048, -5.969924622639730671, -2.000000000000003553 ) ) ;
#3875 = LINE ( 'NONE', #4520, #8093 ) ;
#3876 = FACE_OUTER_BOUND ( 'NONE', #3021, .T. ) ;
#3877 = B_SPLINE_CURVE_WITH_KNOTS ( 'NONE', 3,
 ( #6682, #6726, #8789, #1655 ),
 .UNSPECIFIED., .F., .F.,
 ( 4, 4 ),
 ( 2.422455444474262791E-07, 0.001816574447397671698 ),
 .UNSPECIFIED. ) ;
#3878 = CARTESIAN_POINT ( 'NONE',  ( -28.08019399390799364, -14.27437401800431083, -4.500000000000003553 ) ) ;
#3879 = CARTESIAN_POINT ( 'NONE',  ( 0.3460106594768523891, 35.50001387694788235, -19.99991912759713486 ) ) ;
#3880 = CARTESIAN_POINT ( 'NONE',  ( -9.099457775637786128, 11.50354725958923652, -12.20999601439367943 ) ) ;
#3881 = CARTESIAN_POINT ( 'NONE',  ( 7.349940052709704297, 20.88148550512460488, -10.50000000000000533 ) ) ;
#3882 = EDGE_CURVE ( 'NONE', #6838, #6172, #13, .T. ) ;
#3883 = CARTESIAN_POINT ( 'NONE',  ( 9.402310836150801876, 11.92035992793012156, -11.96623936663957899 ) ) ;
#3884 = CARTESIAN_POINT ( 'NONE',  ( 18.99728656626159662, 25.12674079779025149, -4.500000000000002665 ) ) ;
#3885 = CARTESIAN_POINT ( 'NONE',  ( -3.974600746819251018, 0.2169550213734977584, -10.50000000000949107 ) ) ;
#3886 = CARTESIAN_POINT ( 'NONE',  ( 3.527670837823419614, -1.777087071578154598, -10.50000000000000355 ) ) ;
#3887 = B_SPLINE_SURFACE_WITH_KNOTS ( 'NONE', 1, 3, ( 
 ( #6754, #388, #3310, #3172, #8176, #2564, #1830, #432, #6667, #1032, #7429, #8304, #3222, #5405, #1787, #4618, #8259, #1874, #4013, #1171, #1212, #8123, #343, #301, #2476, #3270, #8219, #8860, #3130, #5263, #5976, #1921, #6149, #6108, #2523, #7609 ),
 ( #1074, #6065, #7565, #7474, #8815, #8908, #2427, #6016, #5319, #1738, #8949, #6849, #4658, #4570, #6711, #7517, #1118, #474, #8992, #3968, #2606, #3200, #412, #1763, #6690, #3853, #4726, #6043, #1055, #1808, #456, #4597, #6873, #3248, #321, #8890 ) ),
 .UNSPECIFIED., .F., .T., .F.,
 ( 2, 2 ),
 ( 4, 2, 2, 2, 2, 2, 2, 2, 2, 2, 2, 2, 2, 2, 2, 2, 2, 4 ),
 ( 0.000000000000000000, 1.000000000000000000 ),
 ( 0.000000000000000000, 0.06250000000000000000, 0.1250000000000000000, 0.1875000000000000000, 0.2500000000000000000, 0.3125000000000000000, 0.3750000000000000000, 0.4375000000000000000, 0.5000000000000000000, 0.5625000000000000000, 0.6250000000000000000, 0.6875000000000000000, 0.7500000000000000000, 0.8125000000000000000, 0.8750000000000000000, 0.9375000000000000000, 0.9687500000000000000, 1.000000000000000000 ),
 .UNSPECIFIED. ) ;
#3888 = DIRECTION ( 'NONE',  ( 1.000000000000000000, 0.000000000000000000, 0.000000000000000000 ) ) ;
#3889 = EDGE_LOOP ( 'NONE', ( #7110, #6166, #4452, #740 ) ) ;
#3890 = CARTESIAN_POINT ( 'NONE',  ( -33.47763333078714965, -1.260925924853071312, -19.68347431263111247 ) ) ;
#3891 = CARTESIAN_POINT ( 'NONE',  ( -3.023623453860414756, 5.182441626228436959, -2.000000000000003553 ) ) ;
#3892 = CARTESIAN_POINT ( 'NONE',  ( -4.431888386782460998, -31.08953338531514632, -4.355391244064601430 ) ) ;
#3893 = ORIENTED_EDGE ( 'NONE', *, *, #4983, .F. ) ;
#3894 = CARTESIAN_POINT ( 'NONE',  ( -28.81242029372532798, -4.848207077189742975, -4.076053988288479424 ) ) ;
#3895 = DIRECTION ( 'NONE',  ( -0.9271838545667923093, 0.3746065934158998578, -0.000000000000000000 ) ) ;
#3896 = EDGE_LOOP ( 'NONE', ( #5383, #8575, #3083, #9123 ) ) ;
#3897 = CARTESIAN_POINT ( 'NONE',  ( -0.3266837094945005404, -33.50000000000000711, -15.00037781293152861 ) ) ;
#3898 = CARTESIAN_POINT ( 'NONE',  ( -3.527653733719267937, -1.777121024290835960, -30.50000000000000711 ) ) ;
#3899 = VERTEX_POINT ( 'NONE', #3434 ) ;
#3900 = CARTESIAN_POINT ( 'NONE',  ( 4.756963868364148418, -2.176514035358053878, -23.08905458178487891 ) ) ;
#3901 = CARTESIAN_POINT ( 'NONE',  ( 33.41170923154334105, 2.433818831039616271, -18.15144138432285104 ) ) ;
#3902 = CARTESIAN_POINT ( 'NONE',  ( -4.318363580152578152, -21.94997979207658290, -10.50000000000000533 ) ) ;
#3903 = VERTEX_POINT ( 'NONE', #3482 ) ;
#3904 = CARTESIAN_POINT ( 'NONE',  ( 0.000000000000000000, 0.000000000000000000, -4.099999999999999645 ) ) ;
#3905 = DIRECTION ( 'NONE',  ( 0.000000000000000000, 0.6360170256337528416, -0.7716750242841828866 ) ) ;
#3906 = EDGE_CURVE ( 'NONE', #6960, #312, #6063, .T. ) ;
#3907 = CARTESIAN_POINT ( 'NONE',  ( -24.14135429462876914, -26.02980089915638118, -15.31632817220718223 ) ) ;
#3908 = CARTESIAN_POINT ( 'NONE',  ( 22.09419455812975031, 25.18158761283791947, -18.75847698611589465 ) ) ;
#3909 = ORIENTED_EDGE ( 'NONE', *, *, #4191, .F. ) ;
#3910 = PLANE ( 'NONE',  #3064 ) ;
#3911 = CARTESIAN_POINT ( 'NONE',  ( 23.22286412987148196, -24.14622553067321675, -19.93550015078835358 ) ) ;
#3912 = EDGE_CURVE ( 'NONE', #5874, #2041, #6336, .T. ) ;
#3913 = VERTEX_POINT ( 'NONE', #2786 ) ;
#3914 = CARTESIAN_POINT ( 'NONE',  ( 4.499325537857049362, 7.214140688418263281, -17.20497971438427953 ) ) ;
#3915 = ORIENTED_EDGE ( 'NONE', *, *, #8601, .T. ) ;
#3916 = EDGE_CURVE ( 'NONE', #3164, #249, #2876, .T. ) ;
#3917 = CARTESIAN_POINT ( 'NONE',  ( 9.132863896322508168, 0.000000000000000000, -4.099999999999998757 ) ) ;
#3918 = CARTESIAN_POINT ( 'NONE',  ( 26.90390187311563608, 23.16095991134230303, -17.17385420701961962 ) ) ;
#3919 = FACE_OUTER_BOUND ( 'NONE', #5432, .T. ) ;
#3920 = CARTESIAN_POINT ( 'NONE',  ( -28.04785388742993035, -14.33763900749987208, -4.500000000000002665 ) ) ;
#3921 = DIRECTION ( 'NONE',  ( -1.000000000000000000, 0.000000000000000000, 0.000000000000000000 ) ) ;
#3922 = VECTOR ( 'NONE', #2337, 1000.000000000000000 ) ;
#3923 = CARTESIAN_POINT ( 'NONE',  ( 5.572430623243263881, -13.25634385285144035, 0.000000000000000000 ) ) ;
#3924 = CARTESIAN_POINT ( 'NONE',  ( 19.96263245450514745, 9.568247549333108282, -10.50000000000000178 ) ) ;
#3925 = CARTESIAN_POINT ( 'NONE',  ( 11.83289389423774018, 15.26529845565081800, -10.66706590113615327 ) ) ;
#3926 = EDGE_CURVE ( 'NONE', #7346, #381, #7087, .T. ) ;
#3927 = CARTESIAN_POINT ( 'NONE',  ( 0.000000000000000000, 0.000000000000000000, -4.500000000000002665 ) ) ;
#3928 = EDGE_CURVE ( 'NONE', #1511, #6250, #4226, .T. ) ;
#3929 = AXIS2_PLACEMENT_3D ( 'NONE', #1616, #7912, #7160 ) ;
#3930 = CARTESIAN_POINT ( 'NONE',  ( -3.974600746831226328, 0.2169550213732860666, -30.50000000000000711 ) ) ;
#3931 = DIRECTION ( 'NONE',  ( -0.000000000000000000, -0.000000000000000000, 1.000000000000000000 ) ) ;
#3932 = ORIENTED_EDGE ( 'NONE', *, *, #5860, .T. ) ;
#3933 = LINE ( 'NONE', #2532, #7870 ) ;
#3934 = CIRCLE ( 'NONE', #3783, 6.000000000000000888 ) ;
#3935 = ORIENTED_EDGE ( 'NONE', *, *, #274, .F. ) ;
#3936 = CARTESIAN_POINT ( 'NONE',  ( -33.49500451760602004, 0.6529151079477614195, -19.93550015080729665 ) ) ;
#3937 = DIRECTION ( 'NONE',  ( -1.000000000000000000, 0.000000000000000000, 0.000000000000000000 ) ) ;
#3938 = DIRECTION ( 'NONE',  ( -0.000000000000000000, -0.000000000000000000, 1.000000000000000000 ) ) ;
#3939 = ORIENTED_EDGE ( 'NONE', *, *, #555, .T. ) ;
#3940 = LINE ( 'NONE', #4634, #72 ) ;
#3941 = CARTESIAN_POINT ( 'NONE',  ( 14.47360495703819439, 0.7597759851426028055, -3.499999999999999556 ) ) ;
#3942 = VECTOR ( 'NONE', #2881, 1000.000000000000000 ) ;
#3943 = VERTEX_POINT ( 'NONE', #4320 ) ;
#3944 = CARTESIAN_POINT ( 'NONE',  ( -25.10229073212194351, -25.10229073212294182, -15.00000000000000355 ) ) ;
#3945 = CARTESIAN_POINT ( 'NONE',  ( -9.636992702065626304, -3.762126075896984556, -2.000000000000003553 ) ) ;
#3946 = B_SPLINE_CURVE_WITH_KNOTS ( 'NONE', 3,
 ( #229, #5297, #8199, #8929 ),
 .UNSPECIFIED., .F., .F.,
 ( 4, 4 ),
 ( 0.000000000000000000, 1.000000000000000000 ),
 .UNSPECIFIED. ) ;
#3947 = ORIENTED_EDGE ( 'NONE', *, *, #1460, .T. ) ;
#3948 = CARTESIAN_POINT ( 'NONE',  ( 5.383919089852660100, -2.381641322531329319, -21.46717915660126508 ) ) ;
#3949 = DIRECTION ( 'NONE',  ( 0.3090169943749582204, -0.9510565162951500895, 0.000000000000000000 ) ) ;
#3950 = AXIS2_PLACEMENT_3D ( 'NONE', #1398, #7089, #2153 ) ;
#3951 = CARTESIAN_POINT ( 'NONE',  ( 0.000000000000000000, 0.000000000000000000, -2.000000000000003553 ) ) ;
#3952 = B_SPLINE_CURVE_WITH_KNOTS ( 'NONE', 3,
 ( #6354, #5889, #7438, #5984, #6197, #1697, #2653, #5188, #3094, #7610, #5495, #475 ),
 .UNSPECIFIED., .F., .F.,
 ( 4, 2, 2, 2, 2, 4 ),
 ( 0.000000000000000000, 0.0002102482285964160581, 0.0004204964571928321163, 0.0008409929143856630400, 0.001261489371578494072, 0.001681985828771323912 ),
 .UNSPECIFIED. ) ;
#3953 = ORIENTED_EDGE ( 'NONE', *, *, #4486, .T. ) ;
#3954 = FACE_OUTER_BOUND ( 'NONE', #8959, .T. ) ;
#3955 = CIRCLE ( 'NONE', #4090, 29.50000000000000355 ) ;
#3956 = FACE_OUTER_BOUND ( 'NONE', #4048, .T. ) ;
#3957 = VECTOR ( 'NONE', #1539, 1000.000000000000000 ) ;
#3958 = CARTESIAN_POINT ( 'NONE',  ( -6.794589565149940391, 10.37273120451673947, -2.000000000000003553 ) ) ;
#3959 = CARTESIAN_POINT ( 'NONE',  ( -5.688335957849205649, 8.850699975989890333, -15.03559041458226631 ) ) ;
#3960 = ORIENTED_EDGE ( 'NONE', *, *, #4372, .F. ) ;
#3961 = CARTESIAN_POINT ( 'NONE',  ( -3.821689800133403203, -1.872619294908918208, -26.82771716790499283 ) ) ;
#3962 = CARTESIAN_POINT ( 'NONE',  ( 25.34602500485888399, -24.85673742124716057, -15.01551170377315891 ) ) ;
#3963 = ORIENTED_EDGE ( 'NONE', *, *, #6411, .F. ) ;
#3964 = CARTESIAN_POINT ( 'NONE',  ( 3.217150806786745587, 5.453875833341784052, -20.47422312597329253 ) ) ;
#3965 = CARTESIAN_POINT ( 'NONE',  ( -18.34406913175567411, 24.22766413079893155, -2.833330587785098054 ) ) ;
#3966 = CARTESIAN_POINT ( 'NONE',  ( 24.14135429462768201, 26.02980089915742923, -15.31632817220721243 ) ) ;
#3967 = CIRCLE ( 'NONE', #397, 6.000000000000000888 ) ;
#3968 = CARTESIAN_POINT ( 'NONE',  ( 33.47763333078706438, 1.260925924855917479, -19.68347431265409142 ) ) ;
#3969 = B_SPLINE_SURFACE_WITH_KNOTS ( 'NONE', 1, 3, ( 
 ( #696, #6287, #7174, #3625, #7084, #6466, #9119, #2976, #6517, #327, #5817, #1015, #3860, #966, #3115, #8759, #6650, #149, #3070, #2323, #8712, #8109, #7970, #3724, #7362, #6605, #2371, #2232, #5206, #3815, #8668, #2279, #284, #879, #7924, #3767 ),
 ( #239, #1626, #5111, #3158, #6566, #5961, #8802, #192, #7318, #8062, #1531, #923, #1579, #2414, #3022, #5863, #5248, #1721, #4554, #7413, #6003, #3674, #4416, #5065, #7269, #1669, #8019, #5160, #4365, #6696, #7217, #827, #4464, #5912, #4506, #6927 ) ),
 .UNSPECIFIED., .F., .T., .F.,
 ( 2, 2 ),
 ( 4, 2, 2, 2, 2, 2, 2, 2, 2, 2, 2, 2, 2, 2, 2, 2, 2, 4 ),
 ( 0.000000000000000000, 1.000000000000000000 ),
 ( 0.000000000000000000, 0.06250000000000000000, 0.1250000000000000000, 0.1875000000000000000, 0.2500000000000000000, 0.3125000000000000000, 0.3750000000000000000, 0.4375000000000000000, 0.5000000000000000000, 0.5625000000000000000, 0.6250000000000000000, 0.6875000000000000000, 0.7500000000000000000, 0.8125000000000000000, 0.8750000000000000000, 0.9375000000000000000, 0.9687500000000000000, 1.000000000000000000 ),
 .UNSPECIFIED. ) ;
#3970 = EDGE_CURVE ( 'NONE', #754, #7839, #6181, .T. ) ;
#3971 = CARTESIAN_POINT ( 'NONE',  ( -27.86495337710443110, -9.684749521376206260, -9.500000000000005329 ) ) ;
#3972 = CARTESIAN_POINT ( 'NONE',  ( 2.579121447792812383, -35.40643814089094832, -18.15144138432807353 ) ) ;
#3973 = CARTESIAN_POINT ( 'NONE',  ( -2.843911227749441828, -2.849304852841036517, -10.49999999999251798 ) ) ;
#3974 = CARTESIAN_POINT ( 'NONE',  ( -8.707595125730497543, 10.96408288433623568, -12.55486271754191563 ) ) ;
#3975 = CARTESIAN_POINT ( 'NONE',  ( 24.14227662959856602, -26.02888938604327151, -15.31533489714015950 ) ) ;
#3976 = CARTESIAN_POINT ( 'NONE',  ( -0.6000557899585574617, -5.277856513829012997, -22.86590511948282511 ) ) ;
#3977 = EDGE_CURVE ( 'NONE', #4603, #7914, #2513, .T. ) ;
#3978 = CIRCLE ( 'NONE', #2933, 2.740000000000000213 ) ;
#3979 = CARTESIAN_POINT ( 'NONE',  ( 5.319295194034831198, -21.47047163446181628, -10.50000000000000533 ) ) ;
#3980 = LINE ( 'NONE', #6817, #6364 ) ;
#3981 = CARTESIAN_POINT ( 'NONE',  ( 24.14765994685618011, -23.22137779524709700, -19.93459846099838728 ) ) ;
#3982 = ORIENTED_EDGE ( 'NONE', *, *, #353, .F. ) ;
#3983 = CYLINDRICAL_SURFACE ( 'NONE', #5887, 0.9999999999999991118 ) ;
#3984 = CARTESIAN_POINT ( 'NONE',  ( -35.50000000000001421, 4.347496136973105648E-15, 0.000000000000000000 ) ) ;
#3985 = DIRECTION ( 'NONE',  ( 1.000000000000000000, 0.000000000000000000, 0.000000000000000000 ) ) ;
#3986 = ORIENTED_EDGE ( 'NONE', *, *, #3319, .F. ) ;
#3987 = AXIS2_PLACEMENT_3D ( 'NONE', #7532, #3931, #6077 ) ;
#3988 = CARTESIAN_POINT ( 'NONE',  ( -2.240981927637972326, 2.340000000000000302, -45.00000000000000000 ) ) ;
#3989 = CARTESIAN_POINT ( 'NONE',  ( -17.04663639093386607, 24.48346310334932951, -2.000000000000003553 ) ) ;
#3990 = ORIENTED_EDGE ( 'NONE', *, *, #2765, .T. ) ;
#3991 = EDGE_CURVE ( 'NONE', #1668, #4479, #6393, .T. ) ;
#3992 = CARTESIAN_POINT ( 'NONE',  ( -26.68497354819113454, -23.41323972518875252, -16.24166244697568473 ) ) ;
#3993 = DIRECTION ( 'NONE',  ( -0.5877852522924806866, 0.8090169943749420112, 0.000000000000000000 ) ) ;
#3994 = VECTOR ( 'NONE', #624, 1000.000000000000114 ) ;
#3995 = AXIS2_PLACEMENT_3D ( 'NONE', #8965, #6869, #1229 ) ;
#3996 = VERTEX_POINT ( 'NONE', #3866 ) ;
#3997 = CARTESIAN_POINT ( 'NONE',  ( 19.41472963000144603, -6.939105388354602333, -10.50000000000011191 ) ) ;
#3998 = EDGE_CURVE ( 'NONE', #4096, #335, #5042, .T. ) ;
#3999 = CARTESIAN_POINT ( 'NONE',  ( 3.614380163394640633, 3.953986540583638298, -9.047310593155174274 ) ) ;
#4000 = LINE ( 'NONE', #1951, #79 ) ;
#4001 = ORIENTED_EDGE ( 'NONE', *, *, #6668, .F. ) ;
#4002 = CARTESIAN_POINT ( 'NONE',  ( -6.555989039211344682, 8.002763814355070338, -2.000000000000003553 ) ) ;
#4003 = AXIS2_PLACEMENT_3D ( 'NONE', #7457, #1012, #6646 ) ;
#4004 = LINE ( 'NONE', #8207, #6194 ) ;
#4005 = CARTESIAN_POINT ( 'NONE',  ( -23.55958276952173946, -26.55666701238741112, -19.03432852958534838 ) ) ;
#4006 = CARTESIAN_POINT ( 'NONE',  ( -8.185418138626554097, 12.28704268939695687, -12.16286877141194012 ) ) ;
#4007 = ORIENTED_EDGE ( 'NONE', *, *, #3508, .T. ) ;
#4008 = CARTESIAN_POINT ( 'NONE',  ( -3.824201768675161262, -1.873435693689017079, -26.81222058513528239 ) ) ;
#4009 = CARTESIAN_POINT ( 'NONE',  ( 1.005615334656411013E-14, 35.50000000000000711, -15.00000000000000000 ) ) ;
#4010 = ORIENTED_EDGE ( 'NONE', *, *, #8319, .T. ) ;
#4011 = CARTESIAN_POINT ( 'NONE',  ( 1.992686191430250053, 3.763478026439875279, -26.81216698259284925 ) ) ;
#4012 = CARTESIAN_POINT ( 'NONE',  ( -0.001420829841630015218, 35.49999997156679399, -19.99992814200971480 ) ) ;
#4013 = CARTESIAN_POINT ( 'NONE',  ( 35.49466737621372658, 0.6940836975987023649, -19.93459846097544030 ) ) ;
#4014 = CARTESIAN_POINT ( 'NONE',  ( -0.5999999999998197886, -12.38547536431282658, -2.000000000000003553 ) ) ;
#4015 = DIRECTION ( 'NONE',  ( -0.9702957262759946966, -0.2419218955996750020, 0.000000000000000000 ) ) ;
#4016 = LINE ( 'NONE', #1344, #7575 ) ;
#4017 = B_SPLINE_CURVE_WITH_KNOTS ( 'NONE', 3,
 ( #5963, #3817, #3118, #8938, #7415, #329 ),
 .UNSPECIFIED., .F., .F.,
 ( 4, 2, 4 ),
 ( 9.905261040402341892E-07, 0.005987115715835386945, 0.01197324090556673749 ),
 .UNSPECIFIED. ) ;
#4018 = CARTESIAN_POINT ( 'NONE',  ( -4.025651666656369976, 0.02231310099394783961, -30.50000000000000711 ) ) ;
#4019 = DIRECTION ( 'NONE',  ( 0.000000000000000000, 0.000000000000000000, -1.000000000000000000 ) ) ;
#4020 = CARTESIAN_POINT ( 'NONE',  ( 1.809400085646715395, 3.511206534805614066, -10.50000000000000355 ) ) ;
#4021 = CARTESIAN_POINT ( 'NONE',  ( -4.444737409310776322, 5.096875241394688061, -7.638116806342711840 ) ) ;
#4022 = EDGE_CURVE ( 'NONE', #7512, #6790, #4106, .T. ) ;
#4023 = CARTESIAN_POINT ( 'NONE',  ( -15.11363641768733146, -16.15097668258092867, -10.50000000000000533 ) ) ;
#4024 = CARTESIAN_POINT ( 'NONE',  ( 20.08098646257034758, 20.57536534435626052, -0.3757584578515211771 ) ) ;
#4025 = ORIENTED_EDGE ( 'NONE', *, *, #578, .T. ) ;
#4026 = ADVANCED_FACE ( 'NONE', ( #8208 ), #3120, .F. ) ;
#4027 = CARTESIAN_POINT ( 'NONE',  ( 24.75003765958567570, -22.57741158141215720, -19.49867079316377172 ) ) ;
#4028 = ORIENTED_EDGE ( 'NONE', *, *, #8419, .F. ) ;
#4029 = CARTESIAN_POINT ( 'NONE',  ( -33.46556029457417480, -1.536278632812164036, -19.49867079322195806 ) ) ;
#4030 = CARTESIAN_POINT ( 'NONE',  ( -35.47636405748861677, -1.335333399954568456, -15.31632817220718756 ) ) ;
#4031 = DIRECTION ( 'NONE',  ( -0.000000000000000000, -0.000000000000000000, 1.000000000000000000 ) ) ;
#4032 = ORIENTED_EDGE ( 'NONE', *, *, #1980, .T. ) ;
#4033 = EDGE_CURVE ( 'NONE', #965, #7491, #5353, .T. ) ;
#4034 = CARTESIAN_POINT ( 'NONE',  ( 33.44120125694971790, -1.997412678965191812, -19.03685471073302793 ) ) ;
#4035 = EDGE_CURVE ( 'NONE', #7743, #2290, #378, .T. ) ;
#4036 = CARTESIAN_POINT ( 'NONE',  ( -23.45528926195272135, -23.92084648231957900, -19.99993715639902447 ) ) ;
#4037 = DIRECTION ( 'NONE',  ( 1.000000000000000000, 0.000000000000000000, 0.000000000000000000 ) ) ;
#4038 = ORIENTED_EDGE ( 'NONE', *, *, #8076, .F. ) ;
#4039 = ORIENTED_EDGE ( 'NONE', *, *, #4158, .F. ) ;
#4040 = CARTESIAN_POINT ( 'NONE',  ( 5.813144845075033373, -2.522243184262854765, -20.52248247588757479 ) ) ;
#4041 = CARTESIAN_POINT ( 'NONE',  ( 0.000000000000000000, 0.000000000000000000, -2.000000000000003553 ) ) ;
#4042 = CYLINDRICAL_SURFACE ( 'NONE', #1252, 0.9999999999999991118 ) ;
#4043 = ORIENTED_EDGE ( 'NONE', *, *, #664, .F. ) ;
#4044 = DIRECTION ( 'NONE',  ( 1.000000000000000000, 0.000000000000000000, 0.000000000000000000 ) ) ;
#4045 = CARTESIAN_POINT ( 'NONE',  ( -3.028144824029120663, -2.588471276124082454, -10.50000000001995026 ) ) ;
#4046 = CARTESIAN_POINT ( 'NONE',  ( 24.14291385039348370, -26.02830389315970905, -19.68467263747256979 ) ) ;
#4047 = CARTESIAN_POINT ( 'NONE',  ( -5.308485313049263965, 8.327597000521260284, -15.66355153464773053 ) ) ;
#4048 = EDGE_LOOP ( 'NONE', ( #4764, #911 ) ) ;
#4049 = CARTESIAN_POINT ( 'NONE',  ( 12.25113100649824105, 7.758231914844540889, -2.000000000000003553 ) ) ;
#4050 = PLANE ( 'NONE',  #2728 ) ;
#4051 = ORIENTED_EDGE ( 'NONE', *, *, #8268, .F. ) ;
#4052 = CARTESIAN_POINT ( 'NONE',  ( 1.991134004966568671, 3.761341284219992698, -26.82766341013615730 ) ) ;
#4053 = CARTESIAN_POINT ( 'NONE',  ( 27.74873531871722321, -4.603724832356075325, 8.614325073576231490E-16 ) ) ;
#4054 = CARTESIAN_POINT ( 'NONE',  ( -2.643559770144769061, 4.659328843334558101, -9.047310593155172498 ) ) ;
#4055 = CARTESIAN_POINT ( 'NONE',  ( 1.334036673643747006, 35.47637170969385068, -15.31533489718471941 ) ) ;
#4056 = CARTESIAN_POINT ( 'NONE',  ( 1.335333400023284822, -35.47636405748666277, -15.31632817220711473 ) ) ;
#4057 = CARTESIAN_POINT ( 'NONE',  ( -3.332725053872117815, 2.258409185412539877, -30.50000000000000711 ) ) ;
#4058 = DIRECTION ( 'NONE',  ( 1.526556658859590243E-14, -1.000000000000000000, 0.000000000000000000 ) ) ;
#4059 = CARTESIAN_POINT ( 'NONE',  ( -19.72864048090950817, 10.04185244136840005, -10.50000000000000533 ) ) ;
#4060 = FACE_OUTER_BOUND ( 'NONE', #457, .T. ) ;
#4061 = FACE_OUTER_BOUND ( 'NONE', #428, .T. ) ;
#4062 = VECTOR ( 'NONE', #4391, 1000.000000000000000 ) ;
#4063 = B_SPLINE_CURVE_WITH_KNOTS ( 'NONE', 3,
 ( #1745, #8737, #5273, #4527, #6675, #5888, #2346, #308, #2528, #8783 ),
 .UNSPECIFIED., .F., .F.,
 ( 4, 2, 2, 2, 4 ),
 ( 2.507864386793907159E-16, 0.0004180340405649114180, 0.0008360680811295720600, 0.001254102121694232810, 0.001672136162258893452 ),
 .UNSPECIFIED. ) ;
#4064 = CARTESIAN_POINT ( 'NONE',  ( -25.34696702841572602, -24.85763406079706428, -19.99991912762039448 ) ) ;
#4065 = CARTESIAN_POINT ( 'NONE',  ( 25.10128603360092825, 25.10329539043333114, -19.99992814200970770 ) ) ;
#4066 = CARTESIAN_POINT ( 'NONE',  ( 0.000000000000000000, 0.000000000000000000, -2.000000000000003553 ) ) ;
#4067 = VERTEX_POINT ( 'NONE', #8939 ) ;
#4068 = CARTESIAN_POINT ( 'NONE',  ( 1.333172084503466248, 35.47640828685096182, -19.68467263745247919 ) ) ;
#4069 = CARTESIAN_POINT ( 'NONE',  ( 0.000000000000000000, 0.000000000000000000, -1.000000000000000000 ) ) ;
#4070 = CARTESIAN_POINT ( 'NONE',  ( -0.001420829841630015218, 35.49999997156679399, -19.99992814200971480 ) ) ;
#4071 = VERTEX_POINT ( 'NONE', #1776 ) ;
#4072 = AXIS2_PLACEMENT_3D ( 'NONE', #6686, #317, #8964 ) ;
#4073 = PLANE ( 'NONE',  #3546 ) ;
#4074 = EDGE_CURVE ( 'NONE', #3899, #6939, #2326, .T. ) ;
#4075 = AXIS2_PLACEMENT_3D ( 'NONE', #1656, #953, #1048 ) ;
#4076 = CARTESIAN_POINT ( 'NONE',  ( -25.34696702841572602, -24.85763406079706428, -19.99991912762039448 ) ) ;
#4077 = CARTESIAN_POINT ( 'NONE',  ( -26.68361434956161915, 23.41479347007258482, -16.23749250276430089 ) ) ;
#4078 = VERTEX_POINT ( 'NONE', #6006 ) ;
#4079 = CARTESIAN_POINT ( 'NONE',  ( 4.152038310560998369, -0.7182206330941279804, -27.07995222934251700 ) ) ;
#4080 = CARTESIAN_POINT ( 'NONE',  ( 31.50000000000000000, 0.000000000000000000, 0.000000000000000000 ) ) ;
#4081 = DIRECTION ( 'NONE',  ( 0.000000000000000000, -0.000000000000000000, -1.000000000000000000 ) ) ;
#4082 = VERTEX_POINT ( 'NONE', #3958 ) ;
#4083 = CARTESIAN_POINT ( 'NONE',  ( 22.78214836877610949, -24.56247308260421391, -15.31533489714015950 ) ) ;
#4084 = AXIS2_PLACEMENT_3D ( 'NONE', #7245, #2473, #6107 ) ;
#4085 = CARTESIAN_POINT ( 'NONE',  ( -3.592364382472546414, -1.721848647832499468, -30.50000000000000711 ) ) ;
#4086 = CARTESIAN_POINT ( 'NONE',  ( 22.09418396602664814, -25.18159475674073278, -16.24166244696487382 ) ) ;
#4087 = ADVANCED_FACE ( 'NONE', ( #331 ), #7229, .T. ) ;
#4088 = EDGE_CURVE ( 'NONE', #9171, #3774, #9148, .T. ) ;
#4089 = AXIS2_PLACEMENT_3D ( 'NONE', #1261, #22, #3358 ) ;
#4090 = AXIS2_PLACEMENT_3D ( 'NONE', #5878, #6664, #5218 ) ;
#4091 = CARTESIAN_POINT ( 'NONE',  ( -5.009352677338817728, 7.915658811950707197, -16.19697185499227743 ) ) ;
#4092 = ORIENTED_EDGE ( 'NONE', *, *, #1769, .T. ) ;
#4093 = CARTESIAN_POINT ( 'NONE',  ( -3.991191327384517873, -1.927221370099670983, -25.85905756826540625 ) ) ;
#4094 = CARTESIAN_POINT ( 'NONE',  ( 10.75847624308057249, 13.78650647529047113, -11.11191335300078542 ) ) ;
#4095 = FACE_OUTER_BOUND ( 'NONE', #826, .T. ) ;
#4096 = VERTEX_POINT ( 'NONE', #4961 ) ;
#4097 = CARTESIAN_POINT ( 'NONE',  ( 3.979368522284103538, 6.501570511683917530, -18.37954865831321172 ) ) ;
#4098 = PLANE ( 'NONE',  #806 ) ;
#4099 = CARTESIAN_POINT ( 'NONE',  ( -31.09651443519610581, -5.027637317922818205, -4.500000000000000000 ) ) ;
#4100 = VECTOR ( 'NONE', #2462, 1000.000000000000000 ) ;
#4101 = CARTESIAN_POINT ( 'NONE',  ( 1.997412678591193202, 33.44120125696944967, -19.03685471104485316 ) ) ;
#4102 = DIRECTION ( 'NONE',  ( 0.000000000000000000, 0.000000000000000000, -1.000000000000000000 ) ) ;
#4103 = CARTESIAN_POINT ( 'NONE',  ( -35.43762392411127848, -2.118049622493007877, -15.96412339890950349 ) ) ;
#4104 = EDGE_LOOP ( 'NONE', ( #3728, #1209, #5807, #32 ) ) ;
#4105 = FACE_BOUND ( 'NONE', #8237, .T. ) ;
#4106 = CIRCLE ( 'NONE', #1431, 33.50000000000000000 ) ;
#4107 = CARTESIAN_POINT ( 'NONE',  ( -2.780220478896693770, 2.805864232054616103, -10.44999999999990514 ) ) ;
#4108 = CARTESIAN_POINT ( 'NONE',  ( 18.99728656626159662, 25.12674079779025149, -4.500000000000002665 ) ) ;
#4109 = VECTOR ( 'NONE', #421, 1000.000000000000000 ) ;
#4110 = CARTESIAN_POINT ( 'NONE',  ( 19.87071225630386451, -9.717553601324304680, -10.50000000000000888 ) ) ;
#4111 = CARTESIAN_POINT ( 'NONE',  ( 24.14737896522326821, 23.22165922884299860, -15.06543078872929264 ) ) ;
#4112 = CARTESIAN_POINT ( 'NONE',  ( -23.41323972519179009, 26.68497354818848777, -16.24166244695344830 ) ) ;
#4113 = VERTEX_POINT ( 'NONE', #47 ) ;
#4114 = CARTESIAN_POINT ( 'NONE',  ( 0.000000000000000000, 0.000000000000000000, -10.50000000000000355 ) ) ;
#4115 = FACE_OUTER_BOUND ( 'NONE', #3687, .T. ) ;
#4116 = FACE_OUTER_BOUND ( 'NONE', #3752, .T. ) ;
#4117 = ORIENTED_EDGE ( 'NONE', *, *, #2619, .T. ) ;
#4118 = AXIS2_PLACEMENT_3D ( 'NONE', #5209, #5069, #3677 ) ;
#4119 = DIRECTION ( 'NONE',  ( 0.000000000000000000, 0.000000000000000000, -1.000000000000000000 ) ) ;
#4120 = EDGE_CURVE ( 'NONE', #5663, #7705, #916, .T. ) ;
#4121 = CARTESIAN_POINT ( 'NONE',  ( -24.14737896529088346, -23.22165922877140432, -15.06543078878103969 ) ) ;
#4122 = CARTESIAN_POINT ( 'NONE',  ( -24.60930377941548741, 25.58779123399753175, -19.93550015078834647 ) ) ;
#4123 = ORIENTED_EDGE ( 'NONE', *, *, #7742, .T. ) ;
#4124 = CARTESIAN_POINT ( 'NONE',  ( 8.490872229573067642, -2.127931015761439504, -16.89642701982216622 ) ) ;
#4125 = DIRECTION ( 'NONE',  ( 0.9510565162951591933, -0.3090169943749304093, 0.000000000000000000 ) ) ;
#4126 = AXIS2_PLACEMENT_3D ( 'NONE', #4801, #7002, #5465 ) ;
#4127 = CARTESIAN_POINT ( 'NONE',  ( 0.6000000000004664935, -31.49428519588910191, -10.50000000000000355 ) ) ;
#4128 = ORIENTED_EDGE ( 'NONE', *, *, #8316, .F. ) ;
#4129 = CARTESIAN_POINT ( 'NONE',  ( -22.57741158142958326, -24.75003765956999402, -19.49867079319877661 ) ) ;
#4130 = LINE ( 'NONE', #6975, #1853 ) ;
#4131 = CARTESIAN_POINT ( 'NONE',  ( -2.588471276116572906, 3.028144824016601788, -30.50000000000000711 ) ) ;
#4132 = CARTESIAN_POINT ( 'NONE',  ( 25.69520269921935807, -24.49556977808738623, -15.12618847594104565 ) ) ;
#4133 = EDGE_CURVE ( 'NONE', #1625, #7783, #2920, .T. ) ;
#4134 = CARTESIAN_POINT ( 'NONE',  ( -12.41154252288843729, 18.10380370368495662, -10.50000000000000355 ) ) ;
#4135 = EDGE_CURVE ( 'NONE', #638, #2824, #7547, .T. ) ;
#4136 = ORIENTED_EDGE ( 'NONE', *, *, #5839, .T. ) ;
#4137 = CARTESIAN_POINT ( 'NONE',  ( -8.121325973749481619, -3.269699344590457635, -16.89657999376974473 ) ) ;
#4138 = CARTESIAN_POINT ( 'NONE',  ( -33.40676928008648616, 2.497552057251578361, -17.17385420710234811 ) ) ;
#4139 = DIRECTION ( 'NONE',  ( 0.000000000000000000, -0.000000000000000000, 1.000000000000000000 ) ) ;
#4140 = ORIENTED_EDGE ( 'NONE', *, *, #5938, .F. ) ;
#4141 = DIRECTION ( 'NONE',  ( 1.000000000000000000, 0.000000000000000000, 0.000000000000000000 ) ) ;
#4142 = CIRCLE ( 'NONE', #8031, 29.49999999999999645 ) ;
#4143 = FACE_OUTER_BOUND ( 'NONE', #2116, .T. ) ;
#4144 = EDGE_CURVE ( 'NONE', #7309, #8013, #5057, .T. ) ;
#4145 = CARTESIAN_POINT ( 'NONE',  ( -26.47305433185671220, 23.65254162326066734, -15.84740799120800858 ) ) ;
#4146 = CARTESIAN_POINT ( 'NONE',  ( 1.333172084503465804, 35.47640828685094760, -19.68467263745247919 ) ) ;
#4147 = ORIENTED_EDGE ( 'NONE', *, *, #8978, .T. ) ;
#4148 = CARTESIAN_POINT ( 'NONE',  ( 0.6000000000000542677, -3.904164443257983841, -10.50000000000000355 ) ) ;
#4149 =( GEOMETRIC_REPRESENTATION_CONTEXT ( 3 ) GLOBAL_UNCERTAINTY_ASSIGNED_CONTEXT ( ( #7673 ) ) GLOBAL_UNIT_ASSIGNED_CONTEXT ( ( #2079, #5699, #5606 ) ) REPRESENTATION_CONTEXT ( 'NONE', 'WORKASPACE' ) );
#4150 = CARTESIAN_POINT ( 'NONE',  ( -35.42478891475160907, -2.313451882471094567, -18.75847698620240678 ) ) ;
#4151 = VERTEX_POINT ( 'NONE', #5716 ) ;
#4152 = DIRECTION ( 'NONE',  ( 0.8090169943749512260, -0.5877852522924679191, 0.000000000000000000 ) ) ;
#4153 = CARTESIAN_POINT ( 'NONE',  ( -33.49999999961232788, -0.0004469249397461977076, -19.99992799774213026 ) ) ;
#4154 = CARTESIAN_POINT ( 'NONE',  ( 0.5999364203469751411, -4.127183184444335851, -27.36607709612815498 ) ) ;
#4155 = CARTESIAN_POINT ( 'NONE',  ( -24.85560503878572192, -25.34895672007000300, -19.99993715639902447 ) ) ;
#4156 = CARTESIAN_POINT ( 'NONE',  ( 23.91896888597872817, 23.45720397285587566, -19.99991912763202251 ) ) ;
#4157 = ORIENTED_EDGE ( 'NONE', *, *, #4135, .F. ) ;
#4158 = EDGE_CURVE ( 'NONE', #8392, #7668, #5102, .T. ) ;
#4159 = LINE ( 'NONE', #2757, #3994 ) ;
#4160 = EDGE_LOOP ( 'NONE', ( #4171, #6259, #6186, #4455, #549 ) ) ;
#4161 = PLANE ( 'NONE',  #6767 ) ;
#4162 = CARTESIAN_POINT ( 'NONE',  ( 1.552627668235892155, -3.714258315872080107, -10.50000000000749623 ) ) ;
#4163 = ORIENTED_EDGE ( 'NONE', *, *, #4981, .F. ) ;
#4164 = CARTESIAN_POINT ( 'NONE',  ( 0.6000000000004449552, -29.49389767392569084, 0.000000000000000000 ) ) ;
#4165 = CARTESIAN_POINT ( 'NONE',  ( -24.56192057526684991, -22.78274968977444459, -19.68467263744189566 ) ) ;
#4166 = CARTESIAN_POINT ( 'NONE',  ( -24.85763406084645766, 25.34696702836632198, -19.99991912760876644 ) ) ;
#4167 = ORIENTED_EDGE ( 'NONE', *, *, #5098, .T. ) ;
#4168 = CARTESIAN_POINT ( 'NONE',  ( 4.174305978879360168, -0.7254419244921777032, -26.93602604615917073 ) ) ;
#4169 = CARTESIAN_POINT ( 'NONE',  ( 35.49467009990515720, -0.6935278182196834562, -15.06540167717301593 ) ) ;
#4170 = CARTESIAN_POINT ( 'NONE',  ( -2.646635518232780537, 35.40120507038118802, -17.16962608734250395 ) ) ;
#4171 = ORIENTED_EDGE ( 'NONE', *, *, #8258, .F. ) ;
#4172 = CARTESIAN_POINT ( 'NONE',  ( -26.21061320852786736, -13.32603922032168065, -4.355214366836868578 ) ) ;
#4173 = PLANE ( 'NONE',  #658 ) ;
#4174 = CARTESIAN_POINT ( 'NONE',  ( 1.721848647828560841, -3.592364382478401730, -10.50000000000000888 ) ) ;
#4175 = ORIENTED_EDGE ( 'NONE', *, *, #8316, .T. ) ;
#4176 = CARTESIAN_POINT ( 'NONE',  ( 26.68496597780374202, -23.41325094963660547, -18.75847698606482084 ) ) ;
#4177 = DIRECTION ( 'NONE',  ( -0.000000000000000000, -0.000000000000000000, 1.000000000000000000 ) ) ;
#4178 = B_SPLINE_CURVE_WITH_KNOTS ( 'NONE', 3,
 ( #7150, #1553, #1604, #853 ),
 .UNSPECIFIED., .F., .F.,
 ( 4, 4 ),
 ( 0.000000000000000000, 1.000000000000000000 ),
 .UNSPECIFIED. ) ;
#4179 = CARTESIAN_POINT ( 'NONE',  ( 25.10128603360092825, 25.10329539043333114, -19.99992814200970770 ) ) ;
#4180 = ORIENTED_EDGE ( 'NONE', *, *, #3906, .F. ) ;
#4181 = CARTESIAN_POINT ( 'NONE',  ( 29.49999999999999645, 0.000000000000000000, -4.500000000000000000 ) ) ;
#4182 = CARTESIAN_POINT ( 'NONE',  ( 2.832125279699903686, 2.877305061465910363, -28.11475638186974990 ) ) ;
#4183 = DIRECTION ( 'NONE',  ( 0.8090169943749420112, 0.5877852522924806866, 0.000000000000000000 ) ) ;
#4184 = ORIENTED_EDGE ( 'NONE', *, *, #4203, .F. ) ;
#4185 = CARTESIAN_POINT ( 'NONE',  ( 0.000000000000000000, 0.000000000000000000, -9.500000000000005329 ) ) ;
#4186 = CARTESIAN_POINT ( 'NONE',  ( 0.6000000000001837197, -12.38547536431280882, -2.000000000000003553 ) ) ;
#4187 = CARTESIAN_POINT ( 'NONE',  ( 0.000000000000000000, 0.000000000000000000, -4.500000000000002665 ) ) ;
#4188 = ADVANCED_FACE ( 'NONE', ( #8 ), #4269, .T. ) ;
#4189 = CARTESIAN_POINT ( 'NONE',  ( 1.536295572993858105, 33.46555341488723201, -15.50119477827131931 ) ) ;
#4190 = FACE_OUTER_BOUND ( 'NONE', #1414, .T. ) ;
#4191 = EDGE_CURVE ( 'NONE', #7503, #4347, #2179, .T. ) ;
#4192 = CARTESIAN_POINT ( 'NONE',  ( -35.49998606618570562, -0.3488523192835515929, -19.99993715639901737 ) ) ;
#4193 = VERTEX_POINT ( 'NONE', #7915 ) ;
#4194 = CARTESIAN_POINT ( 'NONE',  ( 26.22675450699735933, 23.92629385966791133, -19.50000510105720508 ) ) ;
#4195 = CARTESIAN_POINT ( 'NONE',  ( -7.765409958399875912, 9.667388901765759712, -2.000000000000003553 ) ) ;
#4196 = CARTESIAN_POINT ( 'NONE',  ( 16.84163136444394837, 22.15973595123872641, -2.000000000000003553 ) ) ;
#4197 = CARTESIAN_POINT ( 'NONE',  ( -24.49556977811229075, -25.69520269919582489, -15.12618847594108829 ) ) ;
#4198 = EDGE_CURVE ( 'NONE', #866, #4355, #3967, .T. ) ;
#4199 = CARTESIAN_POINT ( 'NONE',  ( 24.85560503877663407, 25.34895672007908729, -19.99993715638739644 ) ) ;
#4200 = EDGE_CURVE ( 'NONE', #1972, #5843, #7845, .T. ) ;
#4201 = FACE_OUTER_BOUND ( 'NONE', #884, .T. ) ;
#4202 = VERTEX_POINT ( 'NONE', #2829 ) ;
#4203 = EDGE_CURVE ( 'NONE', #4603, #2875, #3364, .T. ) ;
#4204 = LINE ( 'NONE', #8461, #6169 ) ;
#4205 = CARTESIAN_POINT ( 'NONE',  ( -2.780239154922231393, 2.805845726592478329, -30.50000000000000711 ) ) ;
#4206 = ORIENTED_EDGE ( 'NONE', *, *, #5040, .F. ) ;
#4207 = AXIS2_PLACEMENT_3D ( 'NONE', #8043, #3092, #2435 ) ;
#4208 = DIRECTION ( 'NONE',  ( 1.000000000000000000, 0.000000000000000000, 0.000000000000000000 ) ) ;
#4209 = CARTESIAN_POINT ( 'NONE',  ( 21.20885184147515901, 22.38032725432763215, -3.500000000000000444 ) ) ;
#4210 = CARTESIAN_POINT ( 'NONE',  ( -22.78274968980745285, 24.56192057523566419, -19.68467263747258400 ) ) ;
#4211 = VERTEX_POINT ( 'NONE', #5009 ) ;
#4212 = VECTOR ( 'NONE', #6155, 1000.000000000000000 ) ;
#4213 = ORIENTED_EDGE ( 'NONE', *, *, #5212, .F. ) ;
#4214 = CARTESIAN_POINT ( 'NONE',  ( 7.100280613631061222, -1.673252801594608208, -18.86778591166130425 ) ) ;
#4215 = CARTESIAN_POINT ( 'NONE',  ( 26.05195309802002512, -13.84000504980272872, -4.500000000000002665 ) ) ;
#4216 = DIRECTION ( 'NONE',  ( -0.000000000000000000, -0.000000000000000000, 1.000000000000000000 ) ) ;
#4217 = ORIENTED_EDGE ( 'NONE', *, *, #3812, .T. ) ;
#4218 = CARTESIAN_POINT ( 'NONE',  ( -26.20733821176933986, -13.20912551174992444, -4.271858384064483261 ) ) ;
#4219 = CARTESIAN_POINT ( 'NONE',  ( 23.22137779524155121, 24.14765994686141326, -19.93459846096797605 ) ) ;
#4220 = CARTESIAN_POINT ( 'NONE',  ( -3.028144824016154590, -2.588471276117264352, -30.50000000000000711 ) ) ;
#4221 = VECTOR ( 'NONE', #5949, 1000.000000000000114 ) ;
#4222 = CARTESIAN_POINT ( 'NONE',  ( 25.34661596824957996, -21.90467636906764426, -18.15144138432806287 ) ) ;
#4223 = DIRECTION ( 'NONE',  ( 1.000000000000000000, 0.000000000000000000, 0.000000000000000000 ) ) ;
#4224 = CARTESIAN_POINT ( 'NONE',  ( -2.577646729968392059, -35.40654375042053914, -18.15506602341434927 ) ) ;
#4225 = ORIENTED_EDGE ( 'NONE', *, *, #136, .F. ) ;
#4226 = LINE ( 'NONE', #5016, #3806 ) ;
#4227 = CARTESIAN_POINT ( 'NONE',  ( 2.994146914351075051, 3.100402851393607495, -26.51738192517381876 ) ) ;
#4228 = CARTESIAN_POINT ( 'NONE',  ( 3.948509500407323625, -0.7846285369692519440, -10.50000000000749623 ) ) ;
#4229 = EDGE_LOOP ( 'NONE', ( #860, #1358 ) ) ;
#4230 = FACE_OUTER_BOUND ( 'NONE', #6031, .T. ) ;
#4231 = VECTOR ( 'NONE', #6953, 1000.000000000000000 ) ;
#4232 = CARTESIAN_POINT ( 'NONE',  ( -1.334036673253063521, -35.47637170970502751, -15.31533489701057960 ) ) ;
#4233 = CARTESIAN_POINT ( 'NONE',  ( -10.61198422746322834, -2.816700612205544463, -14.62846156320811275 ) ) ;
#4234 = CARTESIAN_POINT ( 'NONE',  ( 1.626671323709558692, 35.46356059723903797, -19.50000510094706385 ) ) ;
#4235 = VECTOR ( 'NONE', #2109, 1000.000000000000000 ) ;
#4236 = CARTESIAN_POINT ( 'NONE',  ( 2.173789353111310163, 2.172691838682535792, -44.83269183868252838 ) ) ;
#4237 = CARTESIAN_POINT ( 'NONE',  ( -13.38246765079994027, 17.39860555582858836, -10.50000000000000355 ) ) ;
#4238 = ORIENTED_EDGE ( 'NONE', *, *, #1885, .F. ) ;
#4239 = ORIENTED_EDGE ( 'NONE', *, *, #441, .T. ) ;
#4240 = DIRECTION ( 'NONE',  ( -1.000000000000000000, 0.000000000000000000, 0.000000000000000000 ) ) ;
#4241 = CARTESIAN_POINT ( 'NONE',  ( -25.10229073212244799, 25.10229073212242312, -15.00000000000000000 ) ) ;
#4242 = CIRCLE ( 'NONE', #967, 10.34529946162073166 ) ;
#4243 = CARTESIAN_POINT ( 'NONE',  ( 23.56152604790727878, -26.55493701975941079, -19.03685471076806834 ) ) ;
#4244 = EDGE_CURVE ( 'NONE', #75, #8500, #6833, .T. ) ;
#4245 = AXIS2_PLACEMENT_3D ( 'NONE', #5530, #7695, #1389 ) ;
#4246 = CARTESIAN_POINT ( 'NONE',  ( -22.57741158142958326, -24.75003765956999402, -19.49867079319877661 ) ) ;
#4247 = CARTESIAN_POINT ( 'NONE',  ( -5.687130897743801761, 6.806881556596406035, -16.76006431360129767 ) ) ;
#4248 = CARTESIAN_POINT ( 'NONE',  ( -23.16095991134109511, 26.90390187311666637, -17.17385420698250442 ) ) ;
#4249 = ORIENTED_EDGE ( 'NONE', *, *, #8871, .F. ) ;
#4250 = EDGE_CURVE ( 'NONE', #1712, #8833, #5299, .T. ) ;
#4251 = CARTESIAN_POINT ( 'NONE',  ( 15.80339297039575541, -15.83359071501332771, -10.50000000000000533 ) ) ;
#4252 = CARTESIAN_POINT ( 'NONE',  ( 35.40120593446704333, 2.646623960455393387, -17.82765270411045933 ) ) ;
#4253 = CIRCLE ( 'NONE', #4701, 0.9999999999999991118 ) ;
#4254 = EDGE_CURVE ( 'NONE', #8507, #338, #3275, .T. ) ;
#4255 = DIRECTION ( 'NONE',  ( 0.000000000000000000, 0.000000000000000000, 1.000000000000000000 ) ) ;
#4256 = CARTESIAN_POINT ( 'NONE',  ( 22.08794263531175162, 22.43038967118994975, -4.469861726502639243 ) ) ;
#4257 = CARTESIAN_POINT ( 'NONE',  ( -23.21353570188236404, 26.85887866669878576, -18.15506602320147422 ) ) ;
#4258 = ORIENTED_EDGE ( 'NONE', *, *, #6534, .F. ) ;
#4259 = ORIENTED_EDGE ( 'NONE', *, *, #3681, .F. ) ;
#4260 = CARTESIAN_POINT ( 'NONE',  ( 4.021295609712274732, -0.6759472796040472131, -28.08950143596519311 ) ) ;
#4261 = CARTESIAN_POINT ( 'NONE',  ( 35.46353100706113537, -1.627336683903533698, -15.50061489671510273 ) ) ;
#4262 = CARTESIAN_POINT ( 'NONE',  ( -13.17912198669755242, 26.36578267976348044, -4.464115372123772296 ) ) ;
#4263 = ORIENTED_EDGE ( 'NONE', *, *, #6932, .T. ) ;
#4264 = CIRCLE ( 'NONE', #3522, 29.50000000000000355 ) ;
#4265 = CARTESIAN_POINT ( 'NONE',  ( 23.68807716974903244, 23.68807716974965416, -15.00000000000000178 ) ) ;
#4266 = EDGE_CURVE ( 'NONE', #7090, #3820, #3946, .T. ) ;
#4267 = CARTESIAN_POINT ( 'NONE',  ( -1.721848647838143842, 3.592364382474531048, -10.50000000000000533 ) ) ;
#4268 = VERTEX_POINT ( 'NONE', #1432 ) ;
#4269 = PLANE ( 'NONE',  #1583 ) ;
#4271 = B_SPLINE_CURVE_WITH_KNOTS ( 'NONE', 3,
 ( #1104, #8339, #8206, #1953, #8161, #1772, #1291, #7020 ),
 .UNSPECIFIED., .F., .F.,
 ( 4, 2, 2, 4 ),
 ( 2.385971271995820189E-07, 0.0002491498565360432058, 0.0004980611159448868844, 0.0009958836347625824818 ),
 .UNSPECIFIED. ) ;
#4270 = CARTESIAN_POINT ( 'NONE',  ( 0.6940836976016041548, -35.49466737621364842, -19.93459846099844412 ) ) ;
#4272 = EDGE_CURVE ( 'NONE', #932, #2310, #5241, .T. ) ;
#4273 = CARTESIAN_POINT ( 'NONE',  ( -3.717197960941120982, 1.545577088079322037, -10.50000000000749623 ) ) ;
#4274 = CARTESIAN_POINT ( 'NONE',  ( -1.626671323693074322, -35.46356059723991905, -19.50000510097546069 ) ) ;
#4275 = ORIENTED_EDGE ( 'NONE', *, *, #8976, .T. ) ;
#4276 = CARTESIAN_POINT ( 'NONE',  ( -19.41472972523297713, -6.939105419297820987, -10.49999999999995204 ) ) ;
#4277 = CARTESIAN_POINT ( 'NONE',  ( 0.000000000000000000, 0.000000000000000000, -9.500000000000005329 ) ) ;
#4278 = CARTESIAN_POINT ( 'NONE',  ( -12.30007449020320109, 7.449214920469410472, 0.000000000000000000 ) ) ;
#4279 = ORIENTED_EDGE ( 'NONE', *, *, #4992, .F. ) ;
#4280 = CARTESIAN_POINT ( 'NONE',  ( -12.15597749922612181, 7.892699857356057613, -3.499999999999999556 ) ) ;
#4281 = CARTESIAN_POINT ( 'NONE',  ( -0.6918951143264134851, -35.49470627985303395, -19.93550015082134408 ) ) ;
#4282 = VECTOR ( 'NONE', #5507, 1000.000000000000000 ) ;
#4283 = CARTESIAN_POINT ( 'NONE',  ( 26.03037056866141796, -24.14069121598402035, -19.68347431263111602 ) ) ;
#4284 = CARTESIAN_POINT ( 'NONE',  ( -1.623465783291655251, 35.46372347118352764, -15.49726176816129986 ) ) ;
#4285 = ORIENTED_EDGE ( 'NONE', *, *, #3628, .T. ) ;
#4286 = FACE_OUTER_BOUND ( 'NONE', #7350, .T. ) ;
#4287 = CARTESIAN_POINT ( 'NONE',  ( -33.47773739745179000, 1.258063798021579638, -19.68467263745364804 ) ) ;
#4288 = ORIENTED_EDGE ( 'NONE', *, *, #9156, .F. ) ;
#4289 = CONICAL_SURFACE ( 'NONE', #3545, 3.950000000000000178, 0.7853981633974533860 ) ;
#4290 = CARTESIAN_POINT ( 'NONE',  ( 23.91896888597872817, 23.45720397285587566, -19.99991912763202251 ) ) ;
#4291 = CARTESIAN_POINT ( 'NONE',  ( 1.999863741415883300, -33.44105893782456462, -19.03432852981515921 ) ) ;
#4292 = CARTESIAN_POINT ( 'NONE',  ( 0.6007519909516065848, -8.243345264852301568, -17.50444332808428527 ) ) ;
#4293 = AXIS2_PLACEMENT_3D ( 'NONE', #4277, #8573, #1528 ) ;
#4294 = CARTESIAN_POINT ( 'NONE',  ( -22.09419455814707334, -25.18158761282283820, -18.75847698608141911 ) ) ;
#4295 = CARTESIAN_POINT ( 'NONE',  ( 24.85551152212331516, 25.34906994212153819, -14.99961911895357325 ) ) ;
#4296 = CARTESIAN_POINT ( 'NONE',  ( 0.6000000000001523004, -10.32788559922165383, -2.000000000000003553 ) ) ;
#4297 = CARTESIAN_POINT ( 'NONE',  ( 33.50000000000000000, -8.202206241854447415E-15, -15.00000000000000178 ) ) ;
#4298 = CARTESIAN_POINT ( 'NONE',  ( -3.332739304321517881, 2.258387777015994580, -10.50000000000000533 ) ) ;
#4299 = CARTESIAN_POINT ( 'NONE',  ( -0.5999999999996844524, -21.94158779086097155, -10.50000000000000355 ) ) ;
#4300 = CARTESIAN_POINT ( 'NONE',  ( -0.5999999999998603117, -9.518127922991892476, -3.400044590572131931 ) ) ;
#4301 = EDGE_CURVE ( 'NONE', #7455, #8092, #3596, .T. ) ;
#4302 = EDGE_CURVE ( 'NONE', #562, #2540, #3510, .T. ) ;
#4303 = CARTESIAN_POINT ( 'NONE',  ( -35.50000000000000711, -1.060082699627688355E-13, -14.99999999999999645 ) ) ;
#4304 = DIRECTION ( 'NONE',  ( 1.000000000000000000, 0.000000000000000000, 0.000000000000000000 ) ) ;
#4305 = B_SPLINE_CURVE_WITH_KNOTS ( 'NONE', 1,
 ( #4451, #3146 ),
 .UNSPECIFIED., .F., .F.,
 ( 2, 2 ),
 ( 0.000000000000000000, 1.000000000000000000 ),
 .UNSPECIFIED. ) ;
#4306 = ORIENTED_EDGE ( 'NONE', *, *, #2280, .T. ) ;
#4307 = DIRECTION ( 'NONE',  ( 0.000000000000000000, 0.000000000000000000, -1.000000000000000000 ) ) ;
#4308 = EDGE_CURVE ( 'NONE', #6649, #4835, #9042, .T. ) ;
#4309 = CARTESIAN_POINT ( 'NONE',  ( 15.28056448235626164, 1.512277916404204392, 0.000000000000000000 ) ) ;
#4310 = LINE ( 'NONE', #727, #8406 ) ;
#4311 = VERTEX_POINT ( 'NONE', #7355 ) ;
#4312 = PLANE ( 'NONE',  #3929 ) ;
#4313 = CARTESIAN_POINT ( 'NONE',  ( 0.3108961472251233205, 3.971547331726651198, -10.50000000000498979 ) ) ;
#4314 = EDGE_LOOP ( 'NONE', ( #6925, #1273, #5201, #81, #7203, #1342, #2471, #5725, #2064, #5529 ) ) ;
#4315 = DIRECTION ( 'NONE',  ( -1.415534356397074589E-14, 1.000000000000000000, -0.000000000000000000 ) ) ;
#4316 = CARTESIAN_POINT ( 'NONE',  ( -12.94152193302961784, 26.50975311195698936, -4.500000000000002665 ) ) ;
#4317 = EDGE_CURVE ( 'NONE', #6332, #3762, #959, .T. ) ;
#4318 = CARTESIAN_POINT ( 'NONE',  ( -2.646887390694319109, -35.40118623936242415, -17.82748966746368069 ) ) ;
#4319 = VERTEX_POINT ( 'NONE', #8751 ) ;
#4320 = CARTESIAN_POINT ( 'NONE',  ( -5.572430623243072034, -13.25634385285152206, 0.000000000000000000 ) ) ;
#4321 = CARTESIAN_POINT ( 'NONE',  ( 2.966063348012101919, 3.061654997153653746, -26.78631339977148684 ) ) ;
#4322 = CARTESIAN_POINT ( 'NONE',  ( -0.6549803906889856142, 33.49496780572290078, -19.93459846097855959 ) ) ;
#4323 = ORIENTED_EDGE ( 'NONE', *, *, #69, .T. ) ;
#4324 = CARTESIAN_POINT ( 'NONE',  ( -26.02830389319322890, -24.14291385035799919, -19.68467263744189921 ) ) ;
#4325 = ADVANCED_FACE ( 'NONE', ( #1713 ), #2763, .F. ) ;
#4326 = CARTESIAN_POINT ( 'NONE',  ( 4.979876103497482553E-13, -35.50000000000001421, -15.00000000000000178 ) ) ;
#4327 = DIRECTION ( 'NONE',  ( -0.000000000000000000, -0.000000000000000000, 1.000000000000000000 ) ) ;
#4328 = LINE ( 'NONE', #8065, #417 ) ;
#4329 = ORIENTED_EDGE ( 'NONE', *, *, #900, .F. ) ;
#4330 = CARTESIAN_POINT ( 'NONE',  ( 29.76743496498355412, -10.30290326099762588, -2.000000000000003553 ) ) ;
#4331 = CARTESIAN_POINT ( 'NONE',  ( -33.49500451760602004, 0.6529151079477614195, -19.93550015080729665 ) ) ;
#4332 = VERTEX_POINT ( 'NONE', #8795 ) ;
#4333 = CARTESIAN_POINT ( 'NONE',  ( 21.85607801934576955, 25.38822273444233346, -17.82637605762963062 ) ) ;
#4334 = CARTESIAN_POINT ( 'NONE',  ( -23.41323972519178653, 26.68497354818849132, -16.24166244695344830 ) ) ;
#4335 = CARTESIAN_POINT ( 'NONE',  ( 0.6004575358209934821, -11.94384351744452566, -13.85012551576647155 ) ) ;
#4336 = CARTESIAN_POINT ( 'NONE',  ( -23.56049693493068276, -26.55587143682548046, -15.96412339891131005 ) ) ;
#4337 = CARTESIAN_POINT ( 'NONE',  ( -2.964551173495079794, 3.059573706003165583, -26.80180846201897182 ) ) ;
#4338 = EDGE_LOOP ( 'NONE', ( #6271, #7879 ) ) ;
#4339 = CARTESIAN_POINT ( 'NONE',  ( 3.971547331732156572, -0.3108961472270133086, -10.50000000000499334 ) ) ;
#4340 = DIRECTION ( 'NONE',  ( 1.521005543736464145E-14, -1.000000000000000000, -3.061189136958036099E-15 ) ) ;
#4341 = CARTESIAN_POINT ( 'NONE',  ( 2.780246739361995623, 2.805838211349154676, -10.50000000000000533 ) ) ;
#4342 = CARTESIAN_POINT ( 'NONE',  ( 35.40652713991456579, 2.577913204688565330, -16.84562894249562248 ) ) ;
#4343 = CARTESIAN_POINT ( 'NONE',  ( 31.09190531110948541, -5.024901870573922125, -4.492893942089978054 ) ) ;
#4344 = CARTESIAN_POINT ( 'NONE',  ( 5.162651825275920814, -13.99560437348227282, -2.000000000000003553 ) ) ;
#4345 = CARTESIAN_POINT ( 'NONE',  ( -0.5999999999998197886, -12.38547536431282658, -2.000000000000003553 ) ) ;
#4346 = ORIENTED_EDGE ( 'NONE', *, *, #6543, .T. ) ;
#4347 = VERTEX_POINT ( 'NONE', #3151 ) ;
#4348 = CARTESIAN_POINT ( 'NONE',  ( -35.43764399865354875, 2.117411690881921160, -15.96378118986502237 ) ) ;
#4349 = DIRECTION ( 'NONE',  ( 0.000000000000000000, -0.000000000000000000, 1.000000000000000000 ) ) ;
#4350 = CARTESIAN_POINT ( 'NONE',  ( -13.36998282911404168, 26.18947914132243326, -4.356895280068777687 ) ) ;
#4351 = EDGE_LOOP ( 'NONE', ( #2399, #4167, #2987, #7957, #7031, #8401, #3494, #5960, #4902 ) ) ;
#4352 = CARTESIAN_POINT ( 'NONE',  ( -29.14792208964102116, -4.386614926453967556, -4.464115372123771408 ) ) ;
#4353 = CARTESIAN_POINT ( 'NONE',  ( 1.807075951867817443, 3.550256487455990317, -10.50000000000000178 ) ) ;
#4354 = EDGE_CURVE ( 'NONE', #5843, #3996, #3804, .T. ) ;
#4355 = VERTEX_POINT ( 'NONE', #3199 ) ;
#4356 = VECTOR ( 'NONE', #6205, 1000.000000000000000 ) ;
#4357 = CARTESIAN_POINT ( 'NONE',  ( -24.24758564573685504, 23.11553767791910730, -15.12618847594104921 ) ) ;
#4358 = CARTESIAN_POINT ( 'NONE',  ( 1.999863741415883300, -33.44105893782456462, -19.03432852981515921 ) ) ;
#4359 = CARTESIAN_POINT ( 'NONE',  ( 4.979690780034018454E-13, -35.50000000000000711, -15.00000000000000000 ) ) ;
#4360 = EDGE_LOOP ( 'NONE', ( #5619, #1635, #3673, #8558 ) ) ;
#4361 = CARTESIAN_POINT ( 'NONE',  ( 26.22765938681521547, 23.92529890164587414, -15.50119477839592008 ) ) ;
#4362 = DIRECTION ( 'NONE',  ( 1.000000000000000000, 0.000000000000000000, 0.000000000000000000 ) ) ;
#4363 = CARTESIAN_POINT ( 'NONE',  ( -0.1633418547644305274, 33.50000000000000000, -14.99981109353421438 ) ) ;
#4364 = ORIENTED_EDGE ( 'NONE', *, *, #4755, .T. ) ;
#4365 = CARTESIAN_POINT ( 'NONE',  ( 33.44113806923080290, 1.998722883215782176, -15.96412339891647036 ) ) ;
#4366 = FACE_OUTER_BOUND ( 'NONE', #7019, .T. ) ;
#4367 = VECTOR ( 'NONE', #4642, 1000.000000000000114 ) ;
#4368 = CARTESIAN_POINT ( 'NONE',  ( -5.149809169824288269, -1.042381969699280431, -23.02187642720229732 ) ) ;
#4369 = EDGE_CURVE ( 'NONE', #7132, #4649, #8839, .T. ) ;
#4370 = DIRECTION ( 'NONE',  ( -0.000000000000000000, -0.000000000000000000, 1.000000000000000000 ) ) ;
#4371 = ORIENTED_EDGE ( 'NONE', *, *, #2343, .T. ) ;
#4372 = EDGE_CURVE ( 'NONE', #6884, #3153, #1685, .T. ) ;
#4373 = CARTESIAN_POINT ( 'NONE',  ( -35.46356059724993770, 1.626671323503371624, -19.50000510109366658 ) ) ;
#4374 = AXIS2_PLACEMENT_3D ( 'NONE', #8474, #5848, #3710 ) ;
#4375 = CARTESIAN_POINT ( 'NONE',  ( 2.612049240989147592, 2.972501615008158904, -30.50000000000000711 ) ) ;
#4376 = ORIENTED_EDGE ( 'NONE', *, *, #5759, .F. ) ;
#4377 = DIRECTION ( 'NONE',  ( 0.000000000000000000, 0.000000000000000000, 1.000000000000000000 ) ) ;
#4378 = CARTESIAN_POINT ( 'NONE',  ( 25.05888422976876484, 22.23411612987652219, -19.03685471093467285 ) ) ;
#4379 = DIRECTION ( 'NONE',  ( 1.000000000000000000, 0.000000000000000000, 0.000000000000000000 ) ) ;
#4380 = CARTESIAN_POINT ( 'NONE',  ( 0.000000000000000000, 0.000000000000000000, -2.000000000000003553 ) ) ;
#4381 = CARTESIAN_POINT ( 'NONE',  ( 0.6000411509681750077, -8.734074256179706452, -16.89623113350731742 ) ) ;
#4382 = VECTOR ( 'NONE', #3269, 1000.000000000000000 ) ;
#4383 = CARTESIAN_POINT ( 'NONE',  ( -22.09565017586533742, -25.18031213278824865, -16.23749250300987157 ) ) ;
#4384 = CARTESIAN_POINT ( 'NONE',  ( 23.36444775705758303, 26.72745850260167444, -16.38942846833556999 ) ) ;
#4385 = CARTESIAN_POINT ( 'NONE',  ( 3.788206096911087783, 1.232614777547328622, -30.50000000000000711 ) ) ;
#4386 = ADVANCED_FACE ( 'NONE', ( #4637 ), #8644, .T. ) ;
#4387 = CARTESIAN_POINT ( 'NONE',  ( -23.68807716974935573, 23.68807716974933442, -15.00000000000000178 ) ) ;
#4388 = CIRCLE ( 'NONE', #8883, 29.49999999999999645 ) ;
#4389 = VECTOR ( 'NONE', #8517, 1000.000000000000227 ) ;
#4390 = PLANE ( 'NONE',  #1109 ) ;
#4391 = DIRECTION ( 'NONE',  ( -0.000000000000000000, -0.000000000000000000, 1.000000000000000000 ) ) ;
#4392 = DIRECTION ( 'NONE',  ( 1.000000000000000000, 0.000000000000000000, 0.000000000000000000 ) ) ;
#4393 = VECTOR ( 'NONE', #429, 1000.000000000000000 ) ;
#4394 = CARTESIAN_POINT ( 'NONE',  ( -28.38374776655663467, -4.860286515015392439, -0.4452998037747728510 ) ) ;
#4395 = DIRECTION ( 'NONE',  ( -0.000000000000000000, -0.000000000000000000, 1.000000000000000000 ) ) ;
#4396 = ORIENTED_EDGE ( 'NONE', *, *, #4872, .T. ) ;
#4397 = CARTESIAN_POINT ( 'NONE',  ( -35.47640828685189263, 1.333172084470629182, -19.68467263745364804 ) ) ;
#4398 = CARTESIAN_POINT ( 'NONE',  ( 14.32950796606111155, 1.203260922029246505, -2.000000000000003553 ) ) ;
#4399 = CARTESIAN_POINT ( 'NONE',  ( 0.000000000000000000, 0.000000000000000000, -2.000000000000003553 ) ) ;
#4400 = ORIENTED_EDGE ( 'NONE', *, *, #7902, .F. ) ;
#4401 = VECTOR ( 'NONE', #1176, 999.9999999999998863 ) ;
#4402 = DIRECTION ( 'NONE',  ( -0.000000000000000000, -0.000000000000000000, 1.000000000000000000 ) ) ;
#4403 = CARTESIAN_POINT ( 'NONE',  ( 21.05091742460881932, 6.849593510675043184, -10.50000000000000533 ) ) ;
#4404 = B_SPLINE_CURVE_WITH_KNOTS ( 'NONE', 3,
 ( #2367, #779, #234, #3809 ),
 .UNSPECIFIED., .F., .F.,
 ( 4, 4 ),
 ( 0.009110048506470661348, 0.01153607822489744958 ),
 .UNSPECIFIED. ) ;
#4405 = ORIENTED_EDGE ( 'NONE', *, *, #796, .F. ) ;
#4406 = CIRCLE ( 'NONE', #1718, 6.000000000000000888 ) ;
#4407 = CARTESIAN_POINT ( 'NONE',  ( 0.000000000000000000, 0.000000000000000000, -4.099999999999999645 ) ) ;
#4408 = CARTESIAN_POINT ( 'NONE',  ( -1.998120891318633019, -33.44115701281798181, -15.96378118975006544 ) ) ;
#4409 = CARTESIAN_POINT ( 'NONE',  ( 24.99290614573722280, -12.54534135892301450, 0.000000000000000000 ) ) ;
#4410 = ORIENTED_EDGE ( 'NONE', *, *, #4847, .F. ) ;
#4411 = CYLINDRICAL_SURFACE ( 'NONE', #5580, 31.50000000000000000 ) ;
#4412 = CARTESIAN_POINT ( 'NONE',  ( 2.432427195959817379, 33.41180889123679520, -18.15506602342782116 ) ) ;
#4413 = CIRCLE ( 'NONE', #6521, 27.83333333333332860 ) ;
#4414 = CARTESIAN_POINT ( 'NONE',  ( -1.999863741663068462, 33.44105893781150485, -19.03432852957876165 ) ) ;
#4415 = VERTEX_POINT ( 'NONE', #4303 ) ;
#4416 = CARTESIAN_POINT ( 'NONE',  ( 33.42902615898900365, 2.183116565177053214, -18.75847698607005754 ) ) ;
#4417 = CARTESIAN_POINT ( 'NONE',  ( -2.312924270399036253, -35.42482158507448986, -18.75985287847622018 ) ) ;
#4418 = CARTESIAN_POINT ( 'NONE',  ( -5.615186674996548888, -1.192616712955114400, -21.79326070731883647 ) ) ;
#4419 = DIRECTION ( 'NONE',  ( 0.3090169943749446757, 0.9510565162951544194, 0.000000000000000000 ) ) ;
#4420 = VERTEX_POINT ( 'NONE', #4344 ) ;
#4421 = ADVANCED_FACE ( 'NONE', ( #84 ), #128, .F. ) ;
#4422 = LINE ( 'NONE', #750, #984 ) ;
#4423 = EDGE_CURVE ( 'NONE', #5771, #4603, #2571, .T. ) ;
#4424 = ORIENTED_EDGE ( 'NONE', *, *, #1643, .F. ) ;
#4425 = CARTESIAN_POINT ( 'NONE',  ( 2.780246739361992958, 2.805838211349152900, -30.50000000000000711 ) ) ;
#4426 = ORIENTED_EDGE ( 'NONE', *, *, #7166, .T. ) ;
#4427 = SURFACE_STYLE_USAGE ( .BOTH. , #1678 ) ;
#4428 = CARTESIAN_POINT ( 'NONE',  ( 12.41165508361676295, 18.10395863023692087, -10.50000000000000355 ) ) ;
#4429 = ORIENTED_EDGE ( 'NONE', *, *, #7166, .F. ) ;
#4430 = CARTESIAN_POINT ( 'NONE',  ( 9.237687791994320108, -2.370629376726088200, -3.400044570078941231 ) ) ;
#4431 = AXIS2_PLACEMENT_3D ( 'NONE', #3645, #2896, #2945 ) ;
#4432 = CARTESIAN_POINT ( 'NONE',  ( 24.14069121599041168, 26.03037056865537480, -19.68347431266159120 ) ) ;
#4433 = CARTESIAN_POINT ( 'NONE',  ( 0.6002084472175598373, -13.28051702794862443, -12.96066601901320858 ) ) ;
#4434 = AXIS2_PLACEMENT_3D ( 'NONE', #7024, #6324, #4706 ) ;
#4435 = AXIS2_PLACEMENT_3D ( 'NONE', #6167, #8415, #2673 ) ;
#4436 = CARTESIAN_POINT ( 'NONE',  ( 1.997412678591193202, 33.44120125696944967, -19.03685471104485316 ) ) ;
#4437 = CARTESIAN_POINT ( 'NONE',  ( -5.237615792823892669, 6.186286350369985421, -17.71476039009981562 ) ) ;
#4438 = CARTESIAN_POINT ( 'NONE',  ( 0.2160423916265786504, -3.977834876864184022, -10.50000000000000533 ) ) ;
#4439 = EDGE_CURVE ( 'NONE', #2498, #7141, #3512, .T. ) ;
#4440 = CARTESIAN_POINT ( 'NONE',  ( -22.78214836877581106, 24.56247308260449103, -15.31533489714581542 ) ) ;
#4441 = CARTESIAN_POINT ( 'NONE',  ( 35.43767540795109028, 2.117041317801159561, -15.96323229652865017 ) ) ;
#4442 = VECTOR ( 'NONE', #6836, 1000.000000000000000 ) ;
#4443 = EDGE_CURVE ( 'NONE', #4211, #4071, #7814, .T. ) ;
#4444 = DIRECTION ( 'NONE',  ( -0.000000000000000000, -0.000000000000000000, 1.000000000000000000 ) ) ;
#4445 = CARTESIAN_POINT ( 'NONE',  ( -1.471255112956256106, -3.698638799694843105, -30.50000000000000711 ) ) ;
#4446 = CARTESIAN_POINT ( 'NONE',  ( 13.38229346729099767, 17.39836581279658390, -10.50000000000000355 ) ) ;
#4447 = VERTEX_POINT ( 'NONE', #5660 ) ;
#4448 = VERTEX_POINT ( 'NONE', #719 ) ;
#4449 = CARTESIAN_POINT ( 'NONE',  ( 9.326170311564347060, -2.399379090106703138, -15.86817288910992829 ) ) ;
#4450 = DIRECTION ( 'NONE',  ( -0.000000000000000000, -0.000000000000000000, -1.000000000000000000 ) ) ;
#4451 = CARTESIAN_POINT ( 'NONE',  ( 25.10329539043361535, -25.10128603360064758, -19.99992814200970770 ) ) ;
#4452 = ORIENTED_EDGE ( 'NONE', *, *, #4710, .F. ) ;
#4453 = CARTESIAN_POINT ( 'NONE',  ( -29.03922670442818088, -4.622615163886472089, -4.356895280068777687 ) ) ;
#4454 = CARTESIAN_POINT ( 'NONE',  ( -15.87081097119432549, 22.86507825398946991, -2.000000000000003553 ) ) ;
#4455 = ORIENTED_EDGE ( 'NONE', *, *, #3747, .T. ) ;
#4456 = B_SPLINE_CURVE_WITH_KNOTS ( 'NONE', 3,
 ( #4508, #1063, #4606, #1158 ),
 .UNSPECIFIED., .F., .F.,
 ( 4, 4 ),
 ( 2.421166979535552642E-07, 0.003696380871780302439 ),
 .UNSPECIFIED. ) ;
#4457 = CARTESIAN_POINT ( 'NONE',  ( 0.000000000000000000, 0.000000000000000000, -10.50000000000000355 ) ) ;
#4458 = CARTESIAN_POINT ( 'NONE',  ( 0.3291986673850488265, -33.49998685118932684, -19.99993715641065606 ) ) ;
#4459 = EDGE_LOOP ( 'NONE', ( #5056, #3423, #156, #2815 ) ) ;
#4460 = CARTESIAN_POINT ( 'NONE',  ( 26.02888938608216662, 24.14227662955738651, -15.31533489716144381 ) ) ;
#4461 = CARTESIAN_POINT ( 'NONE',  ( 33.49999998629436249, 0.0006703912523994923645, -19.99992794400424501 ) ) ;
#4462 = CARTESIAN_POINT ( 'NONE',  ( 0.000000000000000000, 0.000000000000000000, -2.000000000000003553 ) ) ;
#4463 = ORIENTED_EDGE ( 'NONE', *, *, #4946, .F. ) ;
#4464 = CARTESIAN_POINT ( 'NONE',  ( 33.49417904839544491, 0.6443920504875610966, -15.07870116200535726 ) ) ;
#4465 = CARTESIAN_POINT ( 'NONE',  ( 1.999863741415883300, -33.44105893782456462, -19.03432852981515921 ) ) ;
#4466 = CARTESIAN_POINT ( 'NONE',  ( -4.832604593528084358, -0.9393310820000172479, -23.95609881661234297 ) ) ;
#4467 = CARTESIAN_POINT ( 'NONE',  ( -6.555989039211344682, 8.002763814355070338, -2.000000000000003553 ) ) ;
#4468 = VERTEX_POINT ( 'NONE', #4394 ) ;
#4469 = CARTESIAN_POINT ( 'NONE',  ( -30.13825535823319868, -9.161635441444301975, -10.50000000000000355 ) ) ;
#4470 = CARTESIAN_POINT ( 'NONE',  ( -4.871155301354801459, 7.725351058614371880, -4.099999999999998757 ) ) ;
#4471 = VERTEX_POINT ( 'NONE', #1375 ) ;
#4472 = CARTESIAN_POINT ( 'NONE',  ( -22.23411612984850194, 25.05888422979396779, -19.03685471090980030 ) ) ;
#4473 = CARTESIAN_POINT ( 'NONE',  ( 25.10229073212299511, -25.10229073212189022, -15.00000000000000000 ) ) ;
#4474 = ORIENTED_EDGE ( 'NONE', *, *, #8931, .T. ) ;
#4475 = CARTESIAN_POINT ( 'NONE',  ( 14.32950796606111155, 1.203260922029246283, 0.000000000000000000 ) ) ;
#4476 = LINE ( 'NONE', #3085, #5404 ) ;
#4477 = LINE ( 'NONE', #8075, #1154 ) ;
#4478 = EDGE_CURVE ( 'NONE', #6864, #6126, #38, .T. ) ;
#4479 = VERTEX_POINT ( 'NONE', #5798 ) ;
#4480 = CARTESIAN_POINT ( 'NONE',  ( 1.626671323709558692, 35.46356059723903797, -19.50000510094706385 ) ) ;
#4481 = CARTESIAN_POINT ( 'NONE',  ( 0.000000000000000000, 9.132863896322508168, -4.099999999999999645 ) ) ;
#4482 = CARTESIAN_POINT ( 'NONE',  ( -1.721848647838143842, 3.592364382474531048, -10.50000000000000533 ) ) ;
#4483 = PLANE ( 'NONE',  #3550 ) ;
#4484 = CARTESIAN_POINT ( 'NONE',  ( -0.5999998434134707903, -4.221263353405487528, -26.77828938566118566 ) ) ;
#4485 = CARTESIAN_POINT ( 'NONE',  ( 2.578222545417046874, 35.40650189164566797, -16.84589223775190803 ) ) ;
#4486 = EDGE_CURVE ( 'NONE', #1004, #1114, #4253, .T. ) ;
#4487 = EDGE_CURVE ( 'NONE', #7776, #965, #4897, .T. ) ;
#4488 = CARTESIAN_POINT ( 'NONE',  ( 2.690822961336774455, -2.933256273964680361, -30.50000000000000711 ) ) ;
#4489 = LINE ( 'NONE', #8786, #1160 ) ;
#4490 = EDGE_CURVE ( 'NONE', #3808, #6041, #3686, .T. ) ;
#4491 = ORIENTED_EDGE ( 'NONE', *, *, #7065, .T. ) ;
#4492 = CARTESIAN_POINT ( 'NONE',  ( 13.69307324845197016, -3.818238390405457761, -12.43802351869813272 ) ) ;
#4493 = CARTESIAN_POINT ( 'NONE',  ( 17.82148828198164736, 23.50839329718624171, -9.500000000000005329 ) ) ;
#4494 = DIRECTION ( 'NONE',  ( 1.000000000000000000, 0.000000000000000000, 0.000000000000000000 ) ) ;
#4495 = EDGE_LOOP ( 'NONE', ( #4893, #4275, #5586, #5232 ) ) ;
#4496 = DIRECTION ( 'NONE',  ( 0.6427876096865378086, 0.7660444431189792347, 0.000000000000000000 ) ) ;
#4497 = DIRECTION ( 'NONE',  ( -0.8090169943749505599, 0.5877852522924688072, 0.000000000000000000 ) ) ;
#4498 = ORIENTED_EDGE ( 'NONE', *, *, #6892, .F. ) ;
#4499 = DIRECTION ( 'NONE',  ( -1.000000000000000000, 0.000000000000000000, 0.000000000000000000 ) ) ;
#4500 = CARTESIAN_POINT ( 'NONE',  ( 2.646635518228416473, -35.40120507038150777, -17.16962608725743067 ) ) ;
#4501 = ORIENTED_EDGE ( 'NONE', *, *, #285, .T. ) ;
#4502 = DIRECTION ( 'NONE',  ( 0.9271838545667924203, -0.3746065934158999133, 0.000000000000000000 ) ) ;
#4503 = CARTESIAN_POINT ( 'NONE',  ( 33.49999999105632753, 0.0008938526629062300104, -19.99992812972144307 ) ) ;
#4504 = DIRECTION ( 'NONE',  ( -0.8090169943749422332, -0.5877852522924802425, 0.000000000000000000 ) ) ;
#4505 = EDGE_LOOP ( 'NONE', ( #3126, #1401, #6843, #4978, #678 ) ) ;
#4506 = CARTESIAN_POINT ( 'NONE',  ( 33.50000000000000000, 0.1633418547768143991, -14.99981109353420727 ) ) ;
#4507 = CARTESIAN_POINT ( 'NONE',  ( -2.183129106523157503, -33.42902372073655926, -16.24166244720775865 ) ) ;
#4508 = CARTESIAN_POINT ( 'NONE',  ( 25.81973904263838193, -12.75149395379241568, -0.4452998037747720739 ) ) ;
#4509 = CARTESIAN_POINT ( 'NONE',  ( 0.000000000000000000, 0.000000000000000000, 0.000000000000000000 ) ) ;
#4510 = ORIENTED_EDGE ( 'NONE', *, *, #4755, .F. ) ;
#4511 = CARTESIAN_POINT ( 'NONE',  ( 24.14227662959856602, -26.02888938604327151, -15.31533489714015950 ) ) ;
#4512 = ORIENTED_EDGE ( 'NONE', *, *, #6195, .F. ) ;
#4513 = LINE ( 'NONE', #2331, #1764 ) ;
#4514 = EDGE_LOOP ( 'NONE', ( #7459, #5535, #4213, #8801, #2088, #7169 ) ) ;
#4515 = SURFACE_STYLE_FILL_AREA ( #5875 ) ;
#4516 = CARTESIAN_POINT ( 'NONE',  ( 23.56152604790727878, -26.55493701975940724, -19.03685471076806834 ) ) ;
#4517 = EDGE_LOOP ( 'NONE', ( #1111, #1014, #8921, #8900 ) ) ;
#4518 = CARTESIAN_POINT ( 'NONE',  ( 33.50000000000000000, 0.000000000000000000, 0.000000000000000000 ) ) ;
#4519 = AXIS2_PLACEMENT_3D ( 'NONE', #4575, #2480, #8998 ) ;
#4520 = CARTESIAN_POINT ( 'NONE',  ( -3.283692341844998808, 14.00000000000000000, 0.000000000000000000 ) ) ;
#4521 = CARTESIAN_POINT ( 'NONE',  ( 0.6001443817215147414, -13.55981230388138314, -12.79408437339339422 ) ) ;
#4522 = CIRCLE ( 'NONE', #1106, 27.83333333333332860 ) ;
#4523 = CARTESIAN_POINT ( 'NONE',  ( -0.8004787946471914051, 33.49078568033257852, -15.12618847594107763 ) ) ;
#4524 = CARTESIAN_POINT ( 'NONE',  ( 0.000000000000000000, 0.000000000000000000, -4.500000000000002665 ) ) ;
#4525 = CARTESIAN_POINT ( 'NONE',  ( -3.592364382472546414, -1.721848647832499468, -30.50000000000000711 ) ) ;
#4526 = CARTESIAN_POINT ( 'NONE',  ( -25.05976600374052765, 22.23314499496166974, -15.96412339887555731 ) ) ;
#4527 = CARTESIAN_POINT ( 'NONE',  ( 28.09794610458503428, -13.42762693770404958, -3.962296814612481288 ) ) ;
#4528 = CIRCLE ( 'NONE', #8115, 28.79686653584985123 ) ;
#4529 = DIRECTION ( 'NONE',  ( -0.9510565162951497564, -0.3090169943749588310, -0.000000000000000000 ) ) ;
#4530 = EDGE_CURVE ( 'NONE', #3515, #5884, #7014, .T. ) ;
#4531 = CIRCLE ( 'NONE', #1120, 31.50000000000000000 ) ;
#4532 = CARTESIAN_POINT ( 'NONE',  ( -1.923767394588697055, -3.484772530527889600, -30.50000000000000711 ) ) ;
#4533 = CARTESIAN_POINT ( 'NONE',  ( -10.88555644094604524, -9.396131989647098948, 0.000000000000000000 ) ) ;
#4534 = ORIENTED_EDGE ( 'NONE', *, *, #7677, .T. ) ;
#4535 = ADVANCED_FACE ( 'NONE', ( #7439 ), #483, .T. ) ;
#4536 = ORIENTED_EDGE ( 'NONE', *, *, #6710, .F. ) ;
#4537 = CARTESIAN_POINT ( 'NONE',  ( -33.50000000000000000, 0.3266837095036179694, -15.00037781293153749 ) ) ;
#4538 = CARTESIAN_POINT ( 'NONE',  ( 0.000000000000000000, 0.000000000000000000, -2.000000000000003553 ) ) ;
#4539 = CARTESIAN_POINT ( 'NONE',  ( -4.320579506169723416, -31.04835824580540660, -4.271157366989790205 ) ) ;
#4540 = ORIENTED_EDGE ( 'NONE', *, *, #718, .T. ) ;
#4541 = ADVANCED_FACE ( 'NONE', ( #3411 ), #6198, .T. ) ;
#4542 = CARTESIAN_POINT ( 'NONE',  ( -28.57099053947384704, -4.913813703863677773, -3.735678521575904742 ) ) ;
#4543 = CIRCLE ( 'NONE', #9002, 29.50000000000000000 ) ;
#4544 = DIRECTION ( 'NONE',  ( 0.000000000000000000, 0.000000000000000000, -1.000000000000000000 ) ) ;
#4545 = ORIENTED_EDGE ( 'NONE', *, *, #3859, .T. ) ;
#4546 = DIRECTION ( 'NONE',  ( 0.000000000000000000, 0.000000000000000000, -1.000000000000000000 ) ) ;
#4547 = DIRECTION ( 'NONE',  ( -0.000000000000000000, -0.000000000000000000, 1.000000000000000000 ) ) ;
#4548 = AXIS2_PLACEMENT_3D ( 'NONE', #1054, #4546, #7495 ) ;
#4549 = VERTEX_POINT ( 'NONE', #3551 ) ;
#4550 = CARTESIAN_POINT ( 'NONE',  ( 4.780073664214135043, -2.184032527636062593, -23.02193730963206519 ) ) ;
#4551 = CARTESIAN_POINT ( 'NONE',  ( 1.998120891322095138, 33.44115701281780417, -15.96378118977798799 ) ) ;
#4552 = CARTESIAN_POINT ( 'NONE',  ( -4.164505663055487084, -28.26975951481095350, -0.2033801135337979793 ) ) ;
#4553 = ORIENTED_EDGE ( 'NONE', *, *, #241, .F. ) ;
#4554 = CARTESIAN_POINT ( 'NONE',  ( 33.49496780572281551, 0.6549803906917330831, -19.93459846097544030 ) ) ;
#4555 = CARTESIAN_POINT ( 'NONE',  ( -2.432427195885665139, -33.41180889124191822, -18.15506602341434927 ) ) ;
#4556 = ADVANCED_FACE ( 'NONE', ( #4987 ), #2550, .T. ) ;
#4557 = CARTESIAN_POINT ( 'NONE',  ( -33.50000000000000000, -9.259528367083139930E-14, -14.99999999999999645 ) ) ;
#4558 = VECTOR ( 'NONE', #5915, 1000.000000000000000 ) ;
#4559 = CARTESIAN_POINT ( 'NONE',  ( -31.50000000000000000, 3.857637417314162689E-15, -4.500000000000000000 ) ) ;
#4560 = EDGE_CURVE ( 'NONE', #3943, #8967, #7240, .T. ) ;
#4561 = DIRECTION ( 'NONE',  ( -0.9975640502598239756, -0.06975647374412904944, 0.000000000000000000 ) ) ;
#4562 = CARTESIAN_POINT ( 'NONE',  ( 0.000000000000000000, 0.000000000000000000, -4.099999999999998757 ) ) ;
#4563 = ORIENTED_EDGE ( 'NONE', *, *, #732, .F. ) ;
#4564 = DIRECTION ( 'NONE',  ( -0.000000000000000000, -0.000000000000000000, 1.000000000000000000 ) ) ;
#4565 = CARTESIAN_POINT ( 'NONE',  ( 21.90531871837340461, -25.34605869684320467, -16.84589223793057400 ) ) ;
#4566 = ORIENTED_EDGE ( 'NONE', *, *, #7428, .T. ) ;
#4567 = CARTESIAN_POINT ( 'NONE',  ( -27.17881737688427890, -8.200055751524248038, -2.833329964864182759 ) ) ;
#4568 = DIRECTION ( 'NONE',  ( -0.9702957262759946966, -0.2419218955996750298, 0.000000000000000000 ) ) ;
#4569 = CARTESIAN_POINT ( 'NONE',  ( 26.27951158041699031, -9.169608254400699821, -2.000000000000003553 ) ) ;
#4570 = CARTESIAN_POINT ( 'NONE',  ( 33.46561352135802991, -1.535027868478041624, -19.50000510125887843 ) ) ;
#4571 = EDGE_CURVE ( 'NONE', #2287, #2971, #2246, .T. ) ;
#4572 = CARTESIAN_POINT ( 'NONE',  ( -15.80350669597216395, -15.83347886577405106, -10.50000000000000888 ) ) ;
#4573 = CARTESIAN_POINT ( 'NONE',  ( 0.6529151079170236738, 33.49500451760689401, -19.93550015080845839 ) ) ;
#4574 = CARTESIAN_POINT ( 'NONE',  ( -9.734540171890223803, 12.37766412666696070, -11.68480780168886213 ) ) ;
#4575 = CARTESIAN_POINT ( 'NONE',  ( 0.000000000000000000, 0.000000000000000000, -1.599999999999999423 ) ) ;
#4576 = VECTOR ( 'NONE', #4058, 1000.000000000000000 ) ;
#4577 = CARTESIAN_POINT ( 'NONE',  ( 3.587908769785023377, 3.917456854679785661, -22.86592503300866852 ) ) ;
#4578 = CARTESIAN_POINT ( 'NONE',  ( -10.88555644094604524, -9.396131989647098948, -2.000000000000003553 ) ) ;
#4579 = CONICAL_SURFACE ( 'NONE', #5774, 31.50000000000000000, 0.5880026035475672819 ) ;
#4580 = DIRECTION ( 'NONE',  ( 0.000000000000000000, 0.000000000000000000, -1.000000000000000000 ) ) ;
#4581 = CARTESIAN_POINT ( 'NONE',  ( -3.970406710634868386, -0.2835332963379019744, -10.50000000000000533 ) ) ;
#4582 = FACE_OUTER_BOUND ( 'NONE', #7316, .T. ) ;
#4583 = ORIENTED_EDGE ( 'NONE', *, *, #6206, .T. ) ;
#4584 = CARTESIAN_POINT ( 'NONE',  ( 25.18031213284155712, -22.09565017580412061, -16.23749250320539161 ) ) ;
#4585 = DIRECTION ( 'NONE',  ( 0.000000000000000000, 0.000000000000000000, -1.000000000000000000 ) ) ;
#4586 = ORIENTED_EDGE ( 'NONE', *, *, #851, .F. ) ;
#4587 = FACE_OUTER_BOUND ( 'NONE', #6581, .T. ) ;
#4588 = CARTESIAN_POINT ( 'NONE',  ( -9.237687791994252606, -2.370629376726355098, -3.400044570078941231 ) ) ;
#4589 = CARTESIAN_POINT ( 'NONE',  ( -15.28056448235628473, 1.512277916403987676, -2.000000000000003553 ) ) ;
#4590 = VERTEX_POINT ( 'NONE', #985 ) ;
#4591 = CARTESIAN_POINT ( 'NONE',  ( 23.68902522759228191, -23.68712907396117373, -19.99992814200970770 ) ) ;
#4592 = EDGE_CURVE ( 'NONE', #788, #4653, #6785, .T. ) ;
#4593 = CYLINDRICAL_SURFACE ( 'NONE', #5459, 6.000000000000000888 ) ;
#4594 = VERTEX_POINT ( 'NONE', #8263 ) ;
#4595 = B_SPLINE_CURVE_WITH_KNOTS ( 'NONE', 3,
 ( #7732, #1859, #89, #4, #7018, #2866, #5757, #6501, #5803, #4170, #2092, #1425, #637, #4912, #7775, #7202, #5711, #7115, #8561, #8653 ),
 .UNSPECIFIED., .F., .F.,
 ( 4, 2, 2, 2, 2, 2, 2, 2, 2, 4 ),
 ( 0.5000000000000000000, 0.5625000000000001110, 0.6250000000000002220, 0.6875000000000004441, 0.7500000000000004441, 0.8125000000000006661, 0.8437500000000003331, 0.8750000000000000000, 0.9375000000000000000, 1.000000000000000000 ),
 .UNSPECIFIED. ) ;
#4596 = DIRECTION ( 'NONE',  ( 0.6427876096865378086, 0.7660444431189792347, 0.000000000000000000 ) ) ;
#4597 = CARTESIAN_POINT ( 'NONE',  ( 33.49078568033235825, 0.8004787946551934485, -15.12618847594108296 ) ) ;
#4598 = ADVANCED_FACE ( 'NONE', ( #2656 ), #1970, .F. ) ;
#4599 = ORIENTED_EDGE ( 'NONE', *, *, #7854, .T. ) ;
#4600 = CARTESIAN_POINT ( 'NONE',  ( 6.114907599595662546, -2.620781308992590652, -19.93965595917366684 ) ) ;
#4601 = CARTESIAN_POINT ( 'NONE',  ( 33.42902615898900365, 2.183116565177053214, -18.75847698607005754 ) ) ;
#4602 = LINE ( 'NONE', #921, #6307 ) ;
#4603 = VERTEX_POINT ( 'NONE', #2701 ) ;
#4604 = DIRECTION ( 'NONE',  ( -1.000000000000000000, -1.526556658859590243E-14, 0.000000000000000000 ) ) ;
#4605 = CARTESIAN_POINT ( 'NONE',  ( -1.535027868837126386, -33.46561352133907263, -19.50000510097546425 ) ) ;
#4606 = CARTESIAN_POINT ( 'NONE',  ( 27.16648373028110441, -13.08727511710202762, -2.481296856325386102 ) ) ;
#4607 = CARTESIAN_POINT ( 'NONE',  ( 1.809400085646715395, 3.511206534805614066, -2.000000000000003553 ) ) ;
#4608 = EDGE_CURVE ( 'NONE', #471, #2366, #686, .T. ) ;
#4609 = DIRECTION ( 'NONE',  ( 1.000000000000000000, 0.000000000000000000, 0.000000000000000000 ) ) ;
#4610 = ADVANCED_FACE ( 'NONE', ( #478 ), #5542, .F. ) ;
#4611 = VERTEX_POINT ( 'NONE', #1834 ) ;
#4612 = DIRECTION ( 'NONE',  ( 0.000000000000000000, -0.000000000000000000, 1.000000000000000000 ) ) ;
#4613 = CARTESIAN_POINT ( 'NONE',  ( 26.22460301697473639, -23.92867568822357072, -15.49726176817998535 ) ) ;
#4614 = ORIENTED_EDGE ( 'NONE', *, *, #71, .T. ) ;
#4615 = CARTESIAN_POINT ( 'NONE',  ( 0.000000000000000000, 0.000000000000000000, -4.099999999999998757 ) ) ;
#4616 = CARTESIAN_POINT ( 'NONE',  ( 0.000000000000000000, 0.000000000000000000, -2.000000000000003553 ) ) ;
#4617 = CARTESIAN_POINT ( 'NONE',  ( 26.85925623098021475, 23.21309894036915722, -16.84589223791968493 ) ) ;
#4618 = CARTESIAN_POINT ( 'NONE',  ( 35.49470626147026309, -0.6918957585745114658, -19.93549989884338913 ) ) ;
#4619 = CARTESIAN_POINT ( 'NONE',  ( 4.968641499409146789, -31.10566832026518824, -4.500000000000002665 ) ) ;
#4620 = CARTESIAN_POINT ( 'NONE',  ( -0.3459785682701535525, 35.49871374579731054, -15.01551170377321043 ) ) ;
#4621 = CARTESIAN_POINT ( 'NONE',  ( -8.834780816314518503, 11.13919745585572230, -12.43792297990204609 ) ) ;
#4622 = CARTESIAN_POINT ( 'NONE',  ( 25.10229073212299511, -25.10229073212189022, -15.00000000000000000 ) ) ;
#4623 = CARTESIAN_POINT ( 'NONE',  ( -17.69384998643381834, 24.01323490151533946, -2.000000000000005329 ) ) ;
#4624 = CARTESIAN_POINT ( 'NONE',  ( -0.6024361651569358767, -6.307904253632598213, -20.52168848071948659 ) ) ;
#4625 = B_SPLINE_CURVE_WITH_KNOTS ( 'NONE', 3,
 ( #5176, #1683, #5363, #7427 ),
 .UNSPECIFIED., .F., .F.,
 ( 4, 4 ),
 ( 4.456146729891371088E-07, 0.003005248819322587500 ),
 .UNSPECIFIED. ) ;
#4626 = CARTESIAN_POINT ( 'NONE',  ( -0.5851472799284463955, 3.937273579369536591, -30.50000000000000711 ) ) ;
#4627 = DIRECTION ( 'NONE',  ( 0.000000000000000000, -0.000000000000000000, 1.000000000000000000 ) ) ;
#4628 = DIRECTION ( 'NONE',  ( -0.000000000000000000, -0.000000000000000000, 1.000000000000000000 ) ) ;
#4629 = ORIENTED_EDGE ( 'NONE', *, *, #8312, .F. ) ;
#4630 = DIRECTION ( 'NONE',  ( 0.000000000000000000, 0.000000000000000000, -1.000000000000000000 ) ) ;
#4631 = CARTESIAN_POINT ( 'NONE',  ( -35.43754006842554105, -2.119258591941627135, -19.03432852956215626 ) ) ;
#4632 = CARTESIAN_POINT ( 'NONE',  ( 3.527670837823419614, -1.777087071578154598, -2.000000000000003553 ) ) ;
#4633 = EDGE_LOOP ( 'NONE', ( #4225, #3624, #2948, #5288, #3267 ) ) ;
#4634 = CARTESIAN_POINT ( 'NONE',  ( 14.51349381197843513, 18.95532951565515134, -9.500000000000005329 ) ) ;
#4635 = CARTESIAN_POINT ( 'NONE',  ( 0.000000000000000000, 0.000000000000000000, -33.50000000000000000 ) ) ;
#4636 = ORIENTED_EDGE ( 'NONE', *, *, #8931, .F. ) ;
#4637 = FACE_OUTER_BOUND ( 'NONE', #2305, .T. ) ;
#4638 = CYLINDRICAL_SURFACE ( 'NONE', #7257, 35.50000000000000000 ) ;
#4639 = VERTEX_POINT ( 'NONE', #8353 ) ;
#4640 = CARTESIAN_POINT ( 'NONE',  ( 16.43610501403581026, -5.971591184630661076, -11.11194951650518092 ) ) ;
#4641 = FACE_OUTER_BOUND ( 'NONE', #2362, .T. ) ;
#4642 = DIRECTION ( 'NONE',  ( 0.9510565162951590823, -0.3090169943749304649, 0.000000000000000000 ) ) ;
#4643 = ORIENTED_EDGE ( 'NONE', *, *, #1193, .T. ) ;
#4644 = LINE ( 'NONE', #1241, #4982 ) ;
#4645 = EDGE_CURVE ( 'NONE', #7391, #3384, #4750, .T. ) ;
#4646 = DIRECTION ( 'NONE',  ( 0.000000000000000000, 0.000000000000000000, -1.000000000000000000 ) ) ;
#4647 = CARTESIAN_POINT ( 'NONE',  ( -24.14069121598063106, -26.03037056866461185, -19.68347431264995251 ) ) ;
#4648 = CARTESIAN_POINT ( 'NONE',  ( -20.16824286810492595, 20.71500478301249970, -3.617102734979081635 ) ) ;
#4649 = VERTEX_POINT ( 'NONE', #523 ) ;
#4650 = CARTESIAN_POINT ( 'NONE',  ( -7.654279692496650078, -3.118693916762210971, -17.50501308188976779 ) ) ;
#4651 = VERTEX_POINT ( 'NONE', #7569 ) ;
#4652 = CARTESIAN_POINT ( 'NONE',  ( 23.41364712924884017, -26.68461600102217801, -18.75985287850459216 ) ) ;
#4653 = VERTEX_POINT ( 'NONE', #8996 ) ;
#4654 = CARTESIAN_POINT ( 'NONE',  ( 7.484924132722497347, 11.32314082878316519, -12.79406683745338036 ) ) ;
#4655 = CARTESIAN_POINT ( 'NONE',  ( 31.50000000000000000, 0.000000000000000000, -4.898587196589407898E-16 ) ) ;
#4656 = DIRECTION ( 'NONE',  ( 0.6427876096865378086, 0.7660444431189792347, -0.000000000000000000 ) ) ;
#4657 = ADVANCED_FACE ( 'NONE', ( #3359 ), #194, .T. ) ;
#4658 = CARTESIAN_POINT ( 'NONE',  ( 33.44120125694971790, -1.997412678965191812, -19.03685471073302793 ) ) ;
#4659 = CARTESIAN_POINT ( 'NONE',  ( -11.26280726100062601, -9.122043225152552282, 0.000000000000000000 ) ) ;
#4660 = CARTESIAN_POINT ( 'NONE',  ( 0.000000000000000000, 0.000000000000000000, -10.44999999999990514 ) ) ;
#4661 = CARTESIAN_POINT ( 'NONE',  ( 3.332746190583497636, 2.258377993741209622, -30.50000000000000711 ) ) ;
#4662 = CARTESIAN_POINT ( 'NONE',  ( -10.40049387878473830, 13.29379169001615679, -11.26019682039955683 ) ) ;
#4663 = CARTESIAN_POINT ( 'NONE',  ( 0.000000000000000000, 0.000000000000000000, -33.00000000000000000 ) ) ;
#4664 = CARTESIAN_POINT ( 'NONE',  ( -0.6000051827055927767, -5.196263099051484424, -23.08880888006791210 ) ) ;
#4665 = ADVANCED_FACE ( 'NONE', ( #8863 ), #7476, .F. ) ;
#4666 = CIRCLE ( 'NONE', #8248, 3.950000000000000178 ) ;
#4667 = EDGE_CURVE ( 'NONE', #7155, #6516, #6109, .T. ) ;
#4668 = CARTESIAN_POINT ( 'NONE',  ( -26.55543454589193075, -23.56096221555534598, -15.96378118984150696 ) ) ;
#4669 = LINE ( 'NONE', #3184, #3241 ) ;
#4670 = CYLINDRICAL_SURFACE ( 'NONE', #6370, 29.50000000000000000 ) ;
#4671 = AXIS2_PLACEMENT_3D ( 'NONE', #8232, #8924, #6122 ) ;
#4672 = VERTEX_POINT ( 'NONE', #4619 ) ;
#4673 = CARTESIAN_POINT ( 'NONE',  ( -33.40675321179269019, 2.497766974317394251, -17.82748966708707172 ) ) ;
#4674 = CARTESIAN_POINT ( 'NONE',  ( 30.13825535823345092, -9.161635441443440442, -10.50000000000000355 ) ) ;
#4675 = CARTESIAN_POINT ( 'NONE',  ( -0.5999999999995854205, -28.93822505404211043, -3.666663488590730768 ) ) ;
#4676 = VERTEX_POINT ( 'NONE', #3971 ) ;
#4677 = DIRECTION ( 'NONE',  ( -0.9510565162951497564, -0.3090169943749588866, 0.000000000000000000 ) ) ;
#4678 = FACE_OUTER_BOUND ( 'NONE', #7923, .T. ) ;
#4679 = ORIENTED_EDGE ( 'NONE', *, *, #3861, .F. ) ;
#4680 = ORIENTED_EDGE ( 'NONE', *, *, #4133, .T. ) ;
#4681 = CARTESIAN_POINT ( 'NONE',  ( 12.25113100649824105, 7.758231914844540889, -4.500000000000000000 ) ) ;
#4682 = DIRECTION ( 'NONE',  ( -0.9510565162951587492, 0.3090169943749315196, -0.000000000000000000 ) ) ;
#4683 = VERTEX_POINT ( 'NONE', #2524 ) ;
#4684 = CARTESIAN_POINT ( 'NONE',  ( -2.240981927637972326, 2.340000000000000302, -45.00000000000000000 ) ) ;
#4685 = CARTESIAN_POINT ( 'NONE',  ( -3.750000000000000000, 14.00000000000000000, -3.499999999999999556 ) ) ;
#4686 = CARTESIAN_POINT ( 'NONE',  ( -16.84163136444426812, 22.15973595123847772, -2.000000000000003553 ) ) ;
#4687 = ORIENTED_EDGE ( 'NONE', *, *, #3861, .T. ) ;
#4688 = CARTESIAN_POINT ( 'NONE',  ( -5.841975694604732539, 7.020008755863394789, -4.099999999999998757 ) ) ;
#4689 = VECTOR ( 'NONE', #6787, 1000.000000000000000 ) ;
#4690 = CARTESIAN_POINT ( 'NONE',  ( -2.030270917882635473, -1.840000000000000302, -44.49999999999998579 ) ) ;
#4691 = AXIS2_PLACEMENT_3D ( 'NONE', #1352, #5681, #4836 ) ;
#4692 = CARTESIAN_POINT ( 'NONE',  ( 23.41364712924884017, -26.68461600102217801, -18.75985287850459216 ) ) ;
#4693 = CARTESIAN_POINT ( 'NONE',  ( -4.730285298185787468, 7.531460133115826849, -16.73209729469144591 ) ) ;
#4694 = ORIENTED_EDGE ( 'NONE', *, *, #8211, .T. ) ;
#4695 = ORIENTED_EDGE ( 'NONE', *, *, #8589, .T. ) ;
#4696 = DIRECTION ( 'NONE',  ( 1.000000000000000000, 0.000000000000000000, 0.000000000000000000 ) ) ;
#4697 = DIRECTION ( 'NONE',  ( 0.9510565162951500895, 0.3090169943749578874, -0.000000000000000000 ) ) ;
#4698 = ORIENTED_EDGE ( 'NONE', *, *, #7903, .T. ) ;
#4699 = DIRECTION ( 'NONE',  ( -1.000000000000000000, 0.000000000000000000, 0.000000000000000000 ) ) ;
#4700 = CARTESIAN_POINT ( 'NONE',  ( 28.04785388743013286, -14.33763900749946174, -4.500000000000000000 ) ) ;
#4701 = AXIS2_PLACEMENT_3D ( 'NONE', #7249, #8647, #858 ) ;
#4702 = CARTESIAN_POINT ( 'NONE',  ( 0.000000000000000000, 0.000000000000000000, 0.000000000000000000 ) ) ;
#4703 = EDGE_CURVE ( 'NONE', #3206, #695, #1888, .T. ) ;
#4704 = EDGE_CURVE ( 'NONE', #9020, #602, #6685, .T. ) ;
#4705 = CARTESIAN_POINT ( 'NONE',  ( 0.000000000000000000, 0.000000000000000000, -9.500000000000005329 ) ) ;
#4706 = DIRECTION ( 'NONE',  ( 1.000000000000000000, 0.000000000000000000, 0.000000000000000000 ) ) ;
#4707 = DIRECTION ( 'NONE',  ( 0.7912802033287030801, 0.2571025233006851707, -0.5547737668027454827 ) ) ;
#4708 = DIRECTION ( 'NONE',  ( 1.000000000000000000, 0.000000000000000000, 0.000000000000000000 ) ) ;
#4709 = LINE ( 'NONE', #394, #7047 ) ;
#4710 = EDGE_CURVE ( 'NONE', #8057, #3541, #1035, .T. ) ;
#4711 = CIRCLE ( 'NONE', #8739, 3.240000000000000657 ) ;
#4712 = CARTESIAN_POINT ( 'NONE',  ( -33.49999999105632753, -0.0008938526585032036727, -19.99992812972143597 ) ) ;
#4713 = EDGE_CURVE ( 'NONE', #8392, #4071, #7837, .T. ) ;
#4714 = VECTOR ( 'NONE', #4547, 1000.000000000000000 ) ;
#4715 = CARTESIAN_POINT ( 'NONE',  ( -0.1096290407842856474, -22.11931362047692318, -10.50000000000000533 ) ) ;
#4716 = LINE ( 'NONE', #1272, #4282 ) ;
#4717 = CARTESIAN_POINT ( 'NONE',  ( 23.92084648231374544, -23.45528926195855490, -19.99993715639902092 ) ) ;
#4718 = VERTEX_POINT ( 'NONE', #6067 ) ;
#4719 = CARTESIAN_POINT ( 'NONE',  ( 0.6936622674041692527, 35.49466771488039996, -15.06543078870605790 ) ) ;
#4720 = CARTESIAN_POINT ( 'NONE',  ( -35.42478891475160907, -2.313451882471094567, -18.75847698620240678 ) ) ;
#4721 = CARTESIAN_POINT ( 'NONE',  ( -0.5999999999995775379, -29.49389767392570860, -4.500000000000002665 ) ) ;
#4722 = VERTEX_POINT ( 'NONE', #8220 ) ;
#4723 = CONICAL_SURFACE ( 'NONE', #5022, 31.50000000000000000, 0.5880026035475672819 ) ;
#4724 = DIRECTION ( 'NONE',  ( -0.000000000000000000, -0.000000000000000000, 1.000000000000000000 ) ) ;
#4725 = CARTESIAN_POINT ( 'NONE',  ( -23.92531675047015582, -26.22765184820103812, -19.49867079319877661 ) ) ;
#4726 = CARTESIAN_POINT ( 'NONE',  ( 33.41180035762635470, 2.432585591713825934, -16.84523636487362097 ) ) ;
#4727 = ORIENTED_EDGE ( 'NONE', *, *, #5345, .F. ) ;
#4728 = AXIS2_PLACEMENT_3D ( 'NONE', #1537, #2800, #2196 ) ;
#4729 = CIRCLE ( 'NONE', #3995, 29.50000000000000000 ) ;
#4730 = ORIENTED_EDGE ( 'NONE', *, *, #1404, .T. ) ;
#4731 = CARTESIAN_POINT ( 'NONE',  ( 8.326971756825914284, -3.336476341746255958, -16.64288922018533512 ) ) ;
#4732 = CARTESIAN_POINT ( 'NONE',  ( 20.12590617746372601, 20.64725191513481306, -3.499999999999999556 ) ) ;
#4733 = DIRECTION ( 'NONE',  ( -1.000000000000000000, 0.000000000000000000, 0.000000000000000000 ) ) ;
#4734 = EDGE_LOOP ( 'NONE', ( #4007, #187, #1562, #5305 ) ) ;
#4735 = DIRECTION ( 'NONE',  ( 1.000000000000000000, 0.000000000000000000, 0.000000000000000000 ) ) ;
#4736 = CARTESIAN_POINT ( 'NONE',  ( 3.550256487453492760, -1.807075951867820995, -10.50000000000997424 ) ) ;
#4737 = ORIENTED_EDGE ( 'NONE', *, *, #111, .T. ) ;
#4738 = CARTESIAN_POINT ( 'NONE',  ( 23.68807716974986377, -23.68807716974882638, -15.00000000000000000 ) ) ;
#4739 = CARTESIAN_POINT ( 'NONE',  ( -8.176075234821118087, 12.27418314032642854, -12.17056259463518231 ) ) ;
#4740 = ORIENTED_EDGE ( 'NONE', *, *, #7709, .F. ) ;
#4741 = CARTESIAN_POINT ( 'NONE',  ( -4.669711332587988650, -2.148147774145223732, -23.34778574293579823 ) ) ;
#4742 = CIRCLE ( 'NONE', #2080, 31.50000000000000000 ) ;
#4743 = FACE_OUTER_BOUND ( 'NONE', #1809, .T. ) ;
#4744 = ORIENTED_EDGE ( 'NONE', *, *, #8445, .F. ) ;
#4745 = CARTESIAN_POINT ( 'NONE',  ( 4.721944491004011368, 7.519980323438123726, -16.74886158997992425 ) ) ;
#4746 = DIRECTION ( 'NONE',  ( 1.000000000000000000, 0.000000000000000000, 0.000000000000000000 ) ) ;
#4747 = DIRECTION ( 'NONE',  ( -0.000000000000000000, -0.000000000000000000, 1.000000000000000000 ) ) ;
#4748 = DIRECTION ( 'NONE',  ( 1.000000000000000000, 0.000000000000000000, 0.000000000000000000 ) ) ;
#4749 = LINE ( 'NONE', #4659, #982 ) ;
#4750 = LINE ( 'NONE', #436, #4401 ) ;
#4751 = DIRECTION ( 'NONE',  ( -0.000000000000000000, -0.000000000000000000, 1.000000000000000000 ) ) ;
#4752 = CARTESIAN_POINT ( 'NONE',  ( 16.47927677956636217, -14.78145772586674944, -10.50000000000000533 ) ) ;
#4753 = CARTESIAN_POINT ( 'NONE',  ( 25.10229073212211048, 25.10229073212277129, -15.00000000000000178 ) ) ;
#4754 = CARTESIAN_POINT ( 'NONE',  ( -33.49998685118932684, -0.3291986674929289758, -19.99993715639901737 ) ) ;
#4755 = EDGE_CURVE ( 'NONE', #9190, #6313, #8178, .T. ) ;
#4756 = CARTESIAN_POINT ( 'NONE',  ( -26.22675450699551547, -23.92629385966995059, -19.50000510104706208 ) ) ;
#4757 = CARTESIAN_POINT ( 'NONE',  ( 23.92531675037067984, 26.22765184829053453, -19.49867079307225737 ) ) ;
#4758 = ORIENTED_EDGE ( 'NONE', *, *, #1708, .F. ) ;
#4759 = CARTESIAN_POINT ( 'NONE',  ( 23.68902522759228191, -23.68712907396117373, -19.99992814200970770 ) ) ;
#4760 = VERTEX_POINT ( 'NONE', #1832 ) ;
#4761 = DIRECTION ( 'NONE',  ( 1.000000000000000000, 0.000000000000000000, 0.000000000000000000 ) ) ;
#4762 = CARTESIAN_POINT ( 'NONE',  ( -35.50000000000000711, -0.3489985057088886844, -14.99961911895354483 ) ) ;
#4763 = DIRECTION ( 'NONE',  ( -0.9510565162951587492, 0.3090169943749315196, -0.000000000000000000 ) ) ;
#4764 = ORIENTED_EDGE ( 'NONE', *, *, #8774, .T. ) ;
#4765 = EDGE_CURVE ( 'NONE', #3899, #2962, #4749, .T. ) ;
#4766 = CYLINDRICAL_SURFACE ( 'NONE', #4435, 0.9999999999999991118 ) ;
#4767 = ADVANCED_FACE ( 'NONE', ( #345 ), #3174, .F. ) ;
#4768 = CARTESIAN_POINT ( 'NONE',  ( -22.23314499493458740, -25.05976600376488861, -15.96412339891131005 ) ) ;
#4769 = CARTESIAN_POINT ( 'NONE',  ( -23.45720397291144010, 23.91896888592314951, -19.99991912760876644 ) ) ;
#4770 = VERTEX_POINT ( 'NONE', #857 ) ;
#4771 = CARTESIAN_POINT ( 'NONE',  ( 5.039438358397068107, -1.006546180762592613, -23.34775882611983278 ) ) ;
#4772 = CARTESIAN_POINT ( 'NONE',  ( -23.68807716974935218, 23.68807716974933442, -15.00000000000000000 ) ) ;
#4773 = PLANE ( 'NONE',  #1399 ) ;
#4774 = EDGE_LOOP ( 'NONE', ( #4969, #1591, #4039, #3050 ) ) ;
#4775 = CARTESIAN_POINT ( 'NONE',  ( 23.45707690344192997, -23.91907743605677084, -15.00037781293155881 ) ) ;
#4776 = B_SPLINE_SURFACE_WITH_KNOTS ( 'NONE', 1, 3, ( 
 ( #3137, #1213, #7342, #4055, #6628, #5276, #6894, #4485, #3357, #901, #3748, #6586, #5591, #4234, #4146, #4931, #7035, #2797, #655, #7751, #2112, #1310, #2015, #2698, #9122, #4887, #8447, #4840, #1397, #4284, #748, #6425, #6990, #2152, #3540, #3490 ),
 ( #9174, #2063, #1355, #5539, #4189, #7791, #8495, #6337, #568, #2842, #611, #6244, #4101, #3401, #6385, #7703, #3441, #9082, #5639, #8396, #6946, #4789, #7088, #6290, #2743, #700, #20, #5685, #7653, #8535, #7137, #4974, #7838, #1444, #3586, #62 ) ),
 .UNSPECIFIED., .F., .T., .F.,
 ( 2, 2 ),
 ( 4, 2, 2, 2, 2, 2, 2, 2, 2, 2, 2, 2, 2, 2, 2, 2, 2, 4 ),
 ( 0.000000000000000000, 1.000000000000000000 ),
 ( 0.000000000000000000, 0.06250000000000000000, 0.1250000000000000000, 0.1875000000000000000, 0.2500000000000000000, 0.3125000000000000000, 0.3750000000000000000, 0.4375000000000000000, 0.5000000000000000000, 0.5625000000000000000, 0.6250000000000000000, 0.6875000000000000000, 0.7500000000000000000, 0.8125000000000000000, 0.8750000000000000000, 0.9375000000000000000, 0.9687500000000000000, 1.000000000000000000 ),
 .UNSPECIFIED. ) ;
#4777 = CARTESIAN_POINT ( 'NONE',  ( 2.233532463794365874, 3.257887771728284587, -10.50000000000000178 ) ) ;
#4778 = CARTESIAN_POINT ( 'NONE',  ( 23.45720397287081482, -23.91896888596379256, -19.99991912762039092 ) ) ;
#4779 = ADVANCED_FACE ( 'NONE', ( #476 ), #3312, .F. ) ;
#4780 = CARTESIAN_POINT ( 'NONE',  ( -9.132863896322508168, 1.263398536393717487E-15, -4.099999999999998757 ) ) ;
#4781 = EDGE_LOOP ( 'NONE', ( #4238, #9169, #9127, #2967 ) ) ;
#4782 = CARTESIAN_POINT ( 'NONE',  ( -20.68188555396934447, -7.350829306262686380, -10.50000000000000355 ) ) ;
#4783 = CARTESIAN_POINT ( 'NONE',  ( 3.539908129266670311, 3.851475759735353499, -23.08884925473656580 ) ) ;
#4784 = LINE ( 'NONE', #3305, #5113 ) ;
#4785 = ORIENTED_EDGE ( 'NONE', *, *, #6871, .T. ) ;
#4786 = CARTESIAN_POINT ( 'NONE',  ( 1.867117504434025799, 3.590204436262898202, -28.40469807282372727 ) ) ;
#4787 = CARTESIAN_POINT ( 'NONE',  ( -30.31314787250693144, -5.639814757948445667, -3.499999999999999112 ) ) ;
#4788 = CARTESIAN_POINT ( 'NONE',  ( -30.31314787250693144, -5.639814757948445667, -3.499999999999999112 ) ) ;
#4789 = CARTESIAN_POINT ( 'NONE',  ( -1.999863741663068462, 33.44105893781150485, -19.03432852957876165 ) ) ;
#4790 = VERTEX_POINT ( 'NONE', #173 ) ;
#4791 = CARTESIAN_POINT ( 'NONE',  ( -4.100215642592137222, -29.18914964109443488, -1.463028680158841910 ) ) ;
#4792 = CARTESIAN_POINT ( 'NONE',  ( -1.552652249529491213, -3.714248269537439917, -30.50000000000000711 ) ) ;
#4793 = LINE ( 'NONE', #6112, #4576 ) ;
#4794 = ORIENTED_EDGE ( 'NONE', *, *, #23, .F. ) ;
#4795 = ORIENTED_EDGE ( 'NONE', *, *, #5070, .T. ) ;
#4796 = DIRECTION ( 'NONE',  ( 0.5877852522924679191, 0.8090169943749512260, 0.000000000000000000 ) ) ;
#4797 = LINE ( 'NONE', #439, #4799 ) ;
#4798 = CARTESIAN_POINT ( 'NONE',  ( 0.5997845572134233860, -4.033788502909622764, -28.08943812708051624 ) ) ;
#4799 = VECTOR ( 'NONE', #6114, 1000.000000000000000 ) ;
#4800 = CARTESIAN_POINT ( 'NONE',  ( 7.971578235263357293, -20.63322548722259242, -10.50000000000000533 ) ) ;
#4801 = CARTESIAN_POINT ( 'NONE',  ( 0.000000000000000000, 0.000000000000000000, -9.500000000000005329 ) ) ;
#4802 = CARTESIAN_POINT ( 'NONE',  ( -24.60802694395629686, 25.58901353035044224, -15.06543078874496011 ) ) ;
#4803 = ORIENTED_EDGE ( 'NONE', *, *, #1370, .T. ) ;
#4804 = DIRECTION ( 'NONE',  ( 1.000000000000000000, 0.000000000000000000, 0.000000000000000000 ) ) ;
#4805 = DIRECTION ( 'NONE',  ( -0.000000000000000000, -0.000000000000000000, 1.000000000000000000 ) ) ;
#4806 = CARTESIAN_POINT ( 'NONE',  ( -1.809400085646767575, 3.511206534805588753, -10.44999999999990514 ) ) ;
#4807 = ORIENTED_EDGE ( 'NONE', *, *, #5295, .T. ) ;
#4808 = VECTOR ( 'NONE', #7433, 1000.000000000000000 ) ;
#4809 = CARTESIAN_POINT ( 'NONE',  ( 33.40676928008650748, -2.497552057251399393, -17.17385420722779088 ) ) ;
#4810 = EDGE_CURVE ( 'NONE', #3206, #782, #3000, .T. ) ;
#4811 = ADVANCED_FACE ( 'NONE', ( #2114 ), #569, .F. ) ;
#4812 = CIRCLE ( 'NONE', #804, 27.83333333333332860 ) ;
#4813 = CARTESIAN_POINT ( 'NONE',  ( -25.38818909153225079, -21.85611709943500003, -17.17385420710221666 ) ) ;
#4814 = CARTESIAN_POINT ( 'NONE',  ( -26.03037056872302912, 24.14069121591877831, -19.68347431259574520 ) ) ;
#4815 = ORIENTED_EDGE ( 'NONE', *, *, #7025, .F. ) ;
#4816 = EDGE_CURVE ( 'NONE', #1766, #4770, #613, .T. ) ;
#4817 = ORIENTED_EDGE ( 'NONE', *, *, #6066, .F. ) ;
#4818 = CARTESIAN_POINT ( 'NONE',  ( 8.249963601963806070, -2.049346371667279065, -17.20513998341924022 ) ) ;
#4819 = FACE_OUTER_BOUND ( 'NONE', #2694, .T. ) ;
#4820 = DIRECTION ( 'NONE',  ( -1.000000000000000000, 0.000000000000000000, 0.000000000000000000 ) ) ;
#4821 = EDGE_LOOP ( 'NONE', ( #535, #9153, #3019, #6317, #6614, #5708, #2643, #2269, #3963 ) ) ;
#4822 = DIRECTION ( 'NONE',  ( -0.000000000000000000, -0.000000000000000000, 1.000000000000000000 ) ) ;
#4823 = CARTESIAN_POINT ( 'NONE',  ( 22.09419455812975031, 25.18158761283791947, -18.75847698611589465 ) ) ;
#4824 = VECTOR ( 'NONE', #170, 1000.000000000000000 ) ;
#4825 = CARTESIAN_POINT ( 'NONE',  ( 2.233532463794362322, 3.257887771728281034, -30.50000000000000711 ) ) ;
#4826 = CARTESIAN_POINT ( 'NONE',  ( 23.68807716974986377, -23.68807716974882638, -15.00000000000000000 ) ) ;
#4827 = AXIS2_PLACEMENT_3D ( 'NONE', #3726, #4327, #3629 ) ;
#4828 = CIRCLE ( 'NONE', #3208, 3.950000000000000178 ) ;
#4829 = CARTESIAN_POINT ( 'NONE',  ( -4.368222402739525556, 7.033123309750155094, -17.45215229325735251 ) ) ;
#4830 = VERTEX_POINT ( 'NONE', #7704 ) ;
#4831 = CARTESIAN_POINT ( 'NONE',  ( 0.000000000000000000, 0.000000000000000000, -4.500000000000002665 ) ) ;
#4832 = CARTESIAN_POINT ( 'NONE',  ( -33.49999943319210161, 0.3274069377428182048, -19.99974338451363565 ) ) ;
#4833 = EDGE_CURVE ( 'NONE', #8201, #2444, #7256, .T. ) ;
#4834 = DIRECTION ( 'NONE',  ( 0.000000000000000000, 0.000000000000000000, -1.000000000000000000 ) ) ;
#4835 = VERTEX_POINT ( 'NONE', #7752 ) ;
#4836 = DIRECTION ( 'NONE',  ( 0.8090169943749507819, -0.5877852522924685852, 0.000000000000000000 ) ) ;
#4837 = CARTESIAN_POINT ( 'NONE',  ( 28.38374776655670573, -4.860286515014993647, -0.4452998037747718518 ) ) ;
#4838 = CARTESIAN_POINT ( 'NONE',  ( -1.809400085646767575, 3.511206534805588753, -10.44999999999990514 ) ) ;
#4839 = CIRCLE ( 'NONE', #2168, 35.50000000000000000 ) ;
#4840 = CARTESIAN_POINT ( 'NONE',  ( -2.311405410424239637, 35.42492389590882595, -16.23749250282575574 ) ) ;
#4841 = CARTESIAN_POINT ( 'NONE',  ( 2.103841323021466536, 2.005964282189123704, -44.66596428218911541 ) ) ;
#4842 = CARTESIAN_POINT ( 'NONE',  ( -35.46356059724993059, 1.626671323503371402, -19.50000510109366303 ) ) ;
#4843 = ORIENTED_EDGE ( 'NONE', *, *, #614, .F. ) ;
#4844 = CARTESIAN_POINT ( 'NONE',  ( 23.55958276962161690, 26.55666701229756654, -19.03432852971191735 ) ) ;
#4845 = AXIS2_PLACEMENT_3D ( 'NONE', #4457, #8703, #7310 ) ;
#4846 = CARTESIAN_POINT ( 'NONE',  ( -25.85595051351005935, -12.76052248750528406, -3.500000000002556177 ) ) ;
#4847 = EDGE_CURVE ( 'NONE', #381, #7346, #6493, .T. ) ;
#4848 = CARTESIAN_POINT ( 'NONE',  ( 0.000000000000000000, 0.000000000000000000, -33.00000000000000000 ) ) ;
#4849 = AXIS2_PLACEMENT_3D ( 'NONE', #6151, #3703, #6546 ) ;
#4850 = CARTESIAN_POINT ( 'NONE',  ( 18.96931891735658482, 11.37721377926290245, -10.50000000000000888 ) ) ;
#4851 = CARTESIAN_POINT ( 'NONE',  ( 3.898518870446026519, -0.6356497595187470262, -30.50000000000000711 ) ) ;
#4852 = B_SPLINE_CURVE_WITH_KNOTS ( 'NONE', 3,
 ( #7359, #3067, #5203, #8059 ),
 .UNSPECIFIED., .F., .F.,
 ( 4, 4 ),
 ( 2.403850484246724952E-07, 0.003005043589698025864 ),
 .UNSPECIFIED. ) ;
#4853 = CARTESIAN_POINT ( 'NONE',  ( -26.68496597780181290, 23.41325094963881170, -18.75847698594912316 ) ) ;
#4854 = EDGE_LOOP ( 'NONE', ( #2537, #1916, #2442, #2544, #3657 ) ) ;
#4855 = CARTESIAN_POINT ( 'NONE',  ( -33.49999998629449038, -0.0006703859853786739605, -19.99992793849283146 ) ) ;
#4856 = CARTESIAN_POINT ( 'NONE',  ( -5.492325517527396173, -2.415442073310272164, -4.099999999999999645 ) ) ;
#4857 = ORIENTED_EDGE ( 'NONE', *, *, #451, .F. ) ;
#4858 = AXIS2_PLACEMENT_3D ( 'NONE', #970, #6609, #883 ) ;
#4859 = CARTESIAN_POINT ( 'NONE',  ( 14.90595788894036211, 0.5850940618374123048, 0.000000000000000000 ) ) ;
#4860 = CARTESIAN_POINT ( 'NONE',  ( -23.68807716974887612, -23.68807716974981403, -15.00000000000000355 ) ) ;
#4861 = CARTESIAN_POINT ( 'NONE',  ( -25.38817419733548419, 21.85613440037218780, -17.16962608727447659 ) ) ;
#4862 = ORIENTED_EDGE ( 'NONE', *, *, #903, .T. ) ;
#4863 = CARTESIAN_POINT ( 'NONE',  ( 3.527653735345242403, -1.777121021063213790, -30.50000000000000711 ) ) ;
#4864 = CARTESIAN_POINT ( 'NONE',  ( 26.08525642584283943, -13.77731600226799458, -4.500000000000001776 ) ) ;
#4865 = CIRCLE ( 'NONE', #855, 1.000000000000000888 ) ;
#4866 = DIRECTION ( 'NONE',  ( 0.000000000000000000, 0.000000000000000000, -1.000000000000000000 ) ) ;
#4868 = ADVANCED_FACE ( 'NONE', ( #6339 ), #3225, .F. ) ;
#4867 = ORIENTED_EDGE ( 'NONE', *, *, #8439, .T. ) ;
#4869 = CARTESIAN_POINT ( 'NONE',  ( -23.68712907396124834, -23.68902522759220375, -19.99992814200971125 ) ) ;
#4870 = DIRECTION ( 'NONE',  ( 0.000000000000000000, 0.000000000000000000, -1.000000000000000000 ) ) ;
#4871 = CARTESIAN_POINT ( 'NONE',  ( 2.588471276121217191, -3.028144824010299718, -10.50000000000000888 ) ) ;
#4872 = EDGE_CURVE ( 'NONE', #7469, #6931, #2687, .T. ) ;
#4873 = VECTOR ( 'NONE', #1481, 1000.000000000000227 ) ;
#4874 = CIRCLE ( 'NONE', #431, 1.000000000000000000 ) ;
#4875 = CARTESIAN_POINT ( 'NONE',  ( 26.02980089910948536, -24.14135429467843252, -15.31632817220725329 ) ) ;
#4876 = DIRECTION ( 'NONE',  ( -0.000000000000000000, -0.000000000000000000, 1.000000000000000000 ) ) ;
#4877 = DIRECTION ( 'NONE',  ( -0.6427876096865378086, -0.7660444431189792347, -0.000000000000000000 ) ) ;
#4878 = ORIENTED_EDGE ( 'NONE', *, *, #5792, .T. ) ;
#4879 = CARTESIAN_POINT ( 'NONE',  ( -13.32373852717303819, -4.960055879601484641, -12.43804119700228838 ) ) ;
#4880 = CARTESIAN_POINT ( 'NONE',  ( 13.38229346729099767, 17.39836581279658390, -10.50000000000000355 ) ) ;
#4881 = CARTESIAN_POINT ( 'NONE',  ( 3.898491231073335062, -0.6358192520239692724, -10.44999999999990514 ) ) ;
#4882 = ORIENTED_EDGE ( 'NONE', *, *, #305, .T. ) ;
#4883 = CARTESIAN_POINT ( 'NONE',  ( -26.55493701960716635, -23.56152604807649809, -19.03685471094480874 ) ) ;
#4884 = CARTESIAN_POINT ( 'NONE',  ( -2.869491551351206482, 0.3014769886649192321, -4.099999999999999645 ) ) ;
#4885 = CARTESIAN_POINT ( 'NONE',  ( -26.54570437272574424, 23.57084925351892934, -15.97300927170267393 ) ) ;
#4886 = EDGE_CURVE ( 'NONE', #4082, #7743, #7247, .T. ) ;
#4887 = CARTESIAN_POINT ( 'NONE',  ( -2.646635518232780537, 35.40120507038118802, -17.16962608734250395 ) ) ;
#4888 = EDGE_LOOP ( 'NONE', ( #4878, #5471 ) ) ;
#4889 = CARTESIAN_POINT ( 'NONE',  ( 0.3488523191692309289, -35.49998606618570562, -19.99993715641065606 ) ) ;
#4890 = ADVANCED_FACE ( 'NONE', ( #4190 ), #9177, .F. ) ;
#4891 = AXIS2_PLACEMENT_3D ( 'NONE', #2308, #8652, #8004 ) ;
#4892 = DIRECTION ( 'NONE',  ( -1.000000000000000000, 0.000000000000000000, 0.000000000000000000 ) ) ;
#4893 = ORIENTED_EDGE ( 'NONE', *, *, #1255, .T. ) ;
#4894 = CARTESIAN_POINT ( 'NONE',  ( 26.68461600102536480, 23.41364712924518443, -18.75985287855436212 ) ) ;
#4895 = CARTESIAN_POINT ( 'NONE',  ( -12.75908913207826423, 24.73661433915576779, -2.000000000000004885 ) ) ;
#4896 = CARTESIAN_POINT ( 'NONE',  ( 0.5999998879320621592, -4.215465965757350553, -26.81211626835230888 ) ) ;
#4897 = B_SPLINE_CURVE_WITH_KNOTS ( 'NONE', 3,
 ( #4209, #1420, #7196, #2908, #5841, #7860, #7060, #4256, #2861, #3704 ),
 .UNSPECIFIED., .F., .F.,
 ( 4, 2, 2, 2, 4 ),
 ( 4.336808689942017736E-19, 0.0004180340405659036798, 0.0008360680811318069259, 0.001254102121697710064, 0.001672136162263613418 ),
 .UNSPECIFIED. ) ;
#4898 = CARTESIAN_POINT ( 'NONE',  ( -23.21341061821942375, -26.85899096154168930, -16.84523636464357566 ) ) ;
#4899 = CARTESIAN_POINT ( 'NONE',  ( 0.000000000000000000, 0.000000000000000000, -4.500000000000002665 ) ) ;
#4900 = ORIENTED_EDGE ( 'NONE', *, *, #6078, .T. ) ;
#4901 = CARTESIAN_POINT ( 'NONE',  ( -26.90388608971372264, 23.16097824517052928, -17.16962608727447659 ) ) ;
#4902 = ORIENTED_EDGE ( 'NONE', *, *, #8566, .T. ) ;
#4903 = DIRECTION ( 'NONE',  ( 0.000000000000000000, 0.000000000000000000, -1.000000000000000000 ) ) ;
#4904 = CARTESIAN_POINT ( 'NONE',  ( -4.025651579113918466, 0.02229072896487544961, -10.49999999996254552 ) ) ;
#4905 = ORIENTED_EDGE ( 'NONE', *, *, #7392, .F. ) ;
#4906 = DIRECTION ( 'NONE',  ( -1.000000000000000000, 0.000000000000000000, 0.000000000000000000 ) ) ;
#4907 = CARTESIAN_POINT ( 'NONE',  ( -26.22765938669935437, -23.92529890177464225, -15.50119477820776481 ) ) ;
#4908 = CARTESIAN_POINT ( 'NONE',  ( -25.05976600374052765, 22.23314499496166974, -15.96412339887555731 ) ) ;
#4909 = ORIENTED_EDGE ( 'NONE', *, *, #4250, .T. ) ;
#4910 = CARTESIAN_POINT ( 'NONE',  ( 4.984852256092033862, -0.9888395020310758454, -23.51443877360374302 ) ) ;
#4911 = DIRECTION ( 'NONE',  ( 1.000000000000000000, 0.000000000000000000, 0.000000000000000000 ) ) ;
#4912 = CARTESIAN_POINT ( 'NONE',  ( -2.103540227811188768, 35.43775491881856965, -15.97300927167093221 ) ) ;
#4913 = ORIENTED_EDGE ( 'NONE', *, *, #3912, .T. ) ;
#4914 = CARTESIAN_POINT ( 'NONE',  ( -23.22830714676237918, -24.13961512403153620, -15.07870116200536970 ) ) ;
#4915 = CARTESIAN_POINT ( 'NONE',  ( 24.14737896522326821, 23.22165922884299860, -15.06543078872929264 ) ) ;
#4916 = CARTESIAN_POINT ( 'NONE',  ( -2.659988975718830417, -2.965519056002005716, -10.50000000000000533 ) ) ;
#4917 = B_SPLINE_CURVE_WITH_KNOTS ( 'NONE', 3,
 ( #3534, #5815, #4322, #5724, #7172, #4414, #56, #877, #6379, #1439, #8666, #3722, #9168, #825, #7215, #4968, #5063, #2277, #4363, #2789 ),
 .UNSPECIFIED., .F., .F.,
 ( 4, 2, 2, 2, 2, 2, 2, 2, 2, 4 ),
 ( 0.5000000000000000000, 0.5625000000000000000, 0.6250000000000000000, 0.6875000000000000000, 0.7500000000000000000, 0.8125000000000000000, 0.8750000000000000000, 0.9375000000000000000, 0.9687500000000000000, 1.000000000000000000 ),
 .UNSPECIFIED. ) ;
#4918 = CARTESIAN_POINT ( 'NONE',  ( 24.74716059348320485, -22.58058128325322755, -15.49726176817998535 ) ) ;
#4919 = CARTESIAN_POINT ( 'NONE',  ( -2.646887390694318665, -35.40118623936241704, -17.82748966746368424 ) ) ;
#4920 = CARTESIAN_POINT ( 'NONE',  ( -20.10612957175436222, 20.61560273015013678, -0.4452998037747741278 ) ) ;
#4921 = ORIENTED_EDGE ( 'NONE', *, *, #8371, .T. ) ;
#4922 = DIRECTION ( 'NONE',  ( 1.000000000000000000, 0.000000000000000000, 0.000000000000000000 ) ) ;
#4923 = CARTESIAN_POINT ( 'NONE',  ( 2.780246739361992958, 2.805838211349152900, -30.50000000000000711 ) ) ;
#4924 = EDGE_LOOP ( 'NONE', ( #8975, #3990, #1217, #7264 ) ) ;
#4925 = CARTESIAN_POINT ( 'NONE',  ( 2.780246739361995623, 2.805838211349154676, -10.50000000000000533 ) ) ;
#4926 = EDGE_CURVE ( 'NONE', #7820, #2097, #3444, .T. ) ;
#4927 = ORIENTED_EDGE ( 'NONE', *, *, #3859, .F. ) ;
#4928 = CARTESIAN_POINT ( 'NONE',  ( 10.86177245830394256, 15.97123002750334919, -10.66706669861494561 ) ) ;
#4929 = CARTESIAN_POINT ( 'NONE',  ( 29.21142365288473286, -4.116154536905284544, -4.500000000000000000 ) ) ;
#4930 = FACE_OUTER_BOUND ( 'NONE', #3460, .T. ) ;
#4931 = CARTESIAN_POINT ( 'NONE',  ( 0.6918951143598309761, 35.49470627985208893, -19.93550015080845839 ) ) ;
#4932 = DIRECTION ( 'NONE',  ( -0.000000000000000000, -0.000000000000000000, 1.000000000000000000 ) ) ;
#4933 = DIRECTION ( 'NONE',  ( 1.000000000000000000, 1.521005543736464145E-14, -0.000000000000000000 ) ) ;
#4934 = ORIENTED_EDGE ( 'NONE', *, *, #34, .F. ) ;
#4935 = CARTESIAN_POINT ( 'NONE',  ( 23.56049693488151320, 26.55587143686972240, -15.96412339893792165 ) ) ;
#4936 = EDGE_CURVE ( 'NONE', #3515, #249, #5277, .T. ) ;
#4937 = FACE_OUTER_BOUND ( 'NONE', #7932, .T. ) ;
#4938 = CARTESIAN_POINT ( 'NONE',  ( 23.92629385983933687, -26.22675450684313248, -19.50000510122382025 ) ) ;
#4939 = CARTESIAN_POINT ( 'NONE',  ( -21.90561283691128835, -25.34580837215905902, -16.84523636464357566 ) ) ;
#4940 = CARTESIAN_POINT ( 'NONE',  ( -2.961961203581571667, 3.056009411204561488, -26.82763838868875084 ) ) ;
#4941 = ORIENTED_EDGE ( 'NONE', *, *, #7622, .F. ) ;
#4942 = CARTESIAN_POINT ( 'NONE',  ( -26.85984677232515949, 23.21241824184668445, -18.15144138444374633 ) ) ;
#4943 = EDGE_LOOP ( 'NONE', ( #606, #5426, #1825, #1688, #3418, #7943, #5356 ) ) ;
#4944 = CARTESIAN_POINT ( 'NONE',  ( -15.44968340520077454, 15.59197815157087597, -10.50000000000000533 ) ) ;
#4945 = CARTESIAN_POINT ( 'NONE',  ( -0.5999999999518830229, -20.60914413052625704, -10.49999999999994138 ) ) ;
#4946 = EDGE_CURVE ( 'NONE', #1957, #1505, #1214, .T. ) ;
#4947 = CARTESIAN_POINT ( 'NONE',  ( 5.841975694604628622, 7.020008755863481831, -4.099999999999998757 ) ) ;
#4948 = CARTESIAN_POINT ( 'NONE',  ( -14.82939193830483937, 27.46847122935524155, -4.073592716983512219 ) ) ;
#4949 = CARTESIAN_POINT ( 'NONE',  ( -23.80357730290333862, 23.57257703659534798, -14.99981109353421793 ) ) ;
#4950 = ORIENTED_EDGE ( 'NONE', *, *, #5981, .F. ) ;
#4951 = CIRCLE ( 'NONE', #9125, 27.83333333333332860 ) ;
#4952 = ORIENTED_EDGE ( 'NONE', *, *, #4530, .F. ) ;
#4953 = CARTESIAN_POINT ( 'NONE',  ( 8.361911704253378375, -2.085907048822611909, -17.05947681335586452 ) ) ;
#4954 = CARTESIAN_POINT ( 'NONE',  ( 35.46353740876506322, -1.627207739966374245, -19.49967999426703358 ) ) ;
#4955 = CARTESIAN_POINT ( 'NONE',  ( 28.55285746764155164, -8.646508440424048203, -2.000000000000003553 ) ) ;
#4956 = ORIENTED_EDGE ( 'NONE', *, *, #725, .T. ) ;
#4957 = CARTESIAN_POINT ( 'NONE',  ( 22.78127799633879746, 24.56333324286686803, -15.31632817220721243 ) ) ;
#4958 = CARTESIAN_POINT ( 'NONE',  ( 4.088859392581818852, -30.87359830984538434, -3.964755308625544039 ) ) ;
#4959 = B_SPLINE_CURVE_WITH_KNOTS ( 'NONE', 3,
 ( #2402, #270, #7349, #1704 ),
 .UNSPECIFIED., .F., .F.,
 ( 4, 4 ),
 ( 0.000000000000000000, 1.000000000000000000 ),
 .UNSPECIFIED. ) ;
#4960 = CIRCLE ( 'NONE', #376, 2.740000000000000213 ) ;
#4961 = CARTESIAN_POINT ( 'NONE',  ( -0.5999999999995490052, -29.82729920354470821, -2.000000000000003553 ) ) ;
#4962 = CARTESIAN_POINT ( 'NONE',  ( -0.6918951143264134851, -35.49470627985303395, -19.93550015082134408 ) ) ;
#4963 = CARTESIAN_POINT ( 'NONE',  ( 3.717212426075942489, 1.545542298080814891, -30.50000000000000711 ) ) ;
#4964 = CARTESIAN_POINT ( 'NONE',  ( -1.809400085646768908, 3.511206534805590529, -2.000000000000003553 ) ) ;
#4965 = ORIENTED_EDGE ( 'NONE', *, *, #2598, .T. ) ;
#4966 = CARTESIAN_POINT ( 'NONE',  ( -8.243671553121124873, -3.309408591427032142, -16.74474654348722780 ) ) ;
#4967 = CARTESIAN_POINT ( 'NONE',  ( 27.17881737688451338, -8.200055751523466441, -2.833329964864181427 ) ) ;
#4968 = CARTESIAN_POINT ( 'NONE',  ( -0.8004787946471914051, 33.49078568033257852, -15.12618847594107763 ) ) ;
#4969 = ORIENTED_EDGE ( 'NONE', *, *, #4443, .F. ) ;
#4970 = CARTESIAN_POINT ( 'NONE',  ( 8.090566812233992877, 12.15649455822621761, -12.24191623306236032 ) ) ;
#4971 = AXIS2_PLACEMENT_3D ( 'NONE', #5784, #8632, #1590 ) ;
#4972 = CARTESIAN_POINT ( 'NONE',  ( -2.313465172584241447, -35.42478633092978413, -16.24166244720775865 ) ) ;
#4973 = CARTESIAN_POINT ( 'NONE',  ( -30.46398521494911193, -5.679251504316901844, -3.733243394663867232 ) ) ;
#4974 = CARTESIAN_POINT ( 'NONE',  ( -0.8004787946471914051, 33.49078568033257852, -15.12618847594107763 ) ) ;
#4975 = CIRCLE ( 'NONE', #3650, 29.49999999999999645 ) ;
#4976 = DIRECTION ( 'NONE',  ( -0.000000000000000000, -0.000000000000000000, 1.000000000000000000 ) ) ;
#4977 = CARTESIAN_POINT ( 'NONE',  ( -33.49496780572274446, -0.6549803906942006648, -19.93459846099842991 ) ) ;
#4978 = ORIENTED_EDGE ( 'NONE', *, *, #2953, .T. ) ;
#4979 = CARTESIAN_POINT ( 'NONE',  ( 25.10229073212211048, 25.10229073212277129, -15.00000000000000178 ) ) ;
#4980 = CARTESIAN_POINT ( 'NONE',  ( 0.6549803906944716703, -33.49496780572274446, -19.93459846099844412 ) ) ;
#4981 = EDGE_CURVE ( 'NONE', #2828, #8888, #7591, .T. ) ;
#4982 = VECTOR ( 'NONE', #3207, 999.9999999999998863 ) ;
#4983 = EDGE_CURVE ( 'NONE', #4415, #407, #1569, .T. ) ;
#4984 = CARTESIAN_POINT ( 'NONE',  ( 0.6000000000000605960, -4.218439386405618663, -26.79472775121360684 ) ) ;
#4985 = EDGE_CURVE ( 'NONE', #4113, #6173, #841, .T. ) ;
#4986 = AXIS2_PLACEMENT_3D ( 'NONE', #4705, #7567, #3224 ) ;
#4987 = FACE_OUTER_BOUND ( 'NONE', #8630, .T. ) ;
#4988 = CARTESIAN_POINT ( 'NONE',  ( -3.197568117243449137, 3.381147703985350805, -24.95317614293105279 ) ) ;
#4989 = CARTESIAN_POINT ( 'NONE',  ( -26.85899096165030286, 23.21341061809470929, -16.84523636488913212 ) ) ;
#4990 = CARTESIAN_POINT ( 'NONE',  ( 18.51993967735132074, 12.54972505413723027, -10.50000000000000533 ) ) ;
#4991 = CARTESIAN_POINT ( 'NONE',  ( 35.49889153735998093, 0.3028294672080749650, -19.98597500366948410 ) ) ;
#4992 = EDGE_CURVE ( 'NONE', #9114, #381, #2982, .T. ) ;
#4993 = VECTOR ( 'NONE', #7227, 1000.000000000000000 ) ;
#4994 = CARTESIAN_POINT ( 'NONE',  ( -0.5999999999998488764, -10.32788559922167160, -2.000000000000003553 ) ) ;
#4995 = ADVANCED_FACE ( 'NONE', ( #8674 ), #6427, .F. ) ;
#4996 = EDGE_CURVE ( 'NONE', #3188, #7914, #6472, .T. ) ;
#4997 = CARTESIAN_POINT ( 'NONE',  ( -14.75434483873823943, 27.65822238338185457, -4.271157366989792870 ) ) ;
#4998 = CARTESIAN_POINT ( 'NONE',  ( -0.5999999999998597566, -9.561718617837689393, -4.820036564298091797 ) ) ;
#4999 = ORIENTED_EDGE ( 'NONE', *, *, #5864, .T. ) ;
#5000 = CARTESIAN_POINT ( 'NONE',  ( -35.40119919275873883, -2.646714135710861004, -17.82637605770336009 ) ) ;
#5001 = CARTESIAN_POINT ( 'NONE',  ( 35.47635844504371505, -1.334559363881079097, -19.68396728543408258 ) ) ;
#5002 = FACE_OUTER_BOUND ( 'NONE', #2548, .T. ) ;
#5003 = ORIENTED_EDGE ( 'NONE', *, *, #1075, .T. ) ;
#5004 = CIRCLE ( 'NONE', #554, 33.49999999999999289 ) ;
#5005 = ADVANCED_FACE ( 'NONE', ( #4286 ), #7840, .F. ) ;
#5006 = DIRECTION ( 'NONE',  ( -0.9702957262759981383, 0.2419218955996609577, 0.000000000000000000 ) ) ;
#5007 = CARTESIAN_POINT ( 'NONE',  ( -1.727638083962346194, -22.06973770414948177, -10.50000000000000533 ) ) ;
#5008 = ORIENTED_EDGE ( 'NONE', *, *, #7162, .F. ) ;
#5009 = CARTESIAN_POINT ( 'NONE',  ( -18.02646617301202880, 25.83208310054094525, -9.500000000000005329 ) ) ;
#5010 = CARTESIAN_POINT ( 'NONE',  ( -19.65456138640193373, 19.89294257091423290, -2.168404344971008868E-16 ) ) ;
#5011 = VECTOR ( 'NONE', #3049, 1000.000000000000000 ) ;
#5012 = B_SPLINE_CURVE_WITH_KNOTS ( 'NONE', 3,
 ( #7785, #4967, #7029, #8487 ),
 .UNSPECIFIED., .F., .F.,
 ( 4, 4 ),
 ( 2.403872770708785717E-07, 0.003005069203636531652 ),
 .UNSPECIFIED. ) ;
#5013 = CARTESIAN_POINT ( 'NONE',  ( -4.025651666620710500, 0.02231310098543479517, -10.49999999999251443 ) ) ;
#5014 = CARTESIAN_POINT ( 'NONE',  ( 28.41835030084938651, -4.874266846349597948, -3.500000000002557510 ) ) ;
#5015 = VERTEX_POINT ( 'NONE', #2285 ) ;
#5016 = CARTESIAN_POINT ( 'NONE',  ( 1.809400085646715395, 3.511206534805614066, -10.50000000000000355 ) ) ;
#5017 = LINE ( 'NONE', #7877, #5337 ) ;
#5018 = CARTESIAN_POINT ( 'NONE',  ( -3.717197960941120982, 1.545577088079322037, -10.50000000000749623 ) ) ;
#5019 = VERTEX_POINT ( 'NONE', #6611 ) ;
#5020 = CARTESIAN_POINT ( 'NONE',  ( 17.16825330619061418, 22.60929248668803027, -2.833329964864181427 ) ) ;
#5021 = DIRECTION ( 'NONE',  ( 0.9510565162951590823, -0.3090169943749304649, 0.000000000000000000 ) ) ;
#5022 = AXIS2_PLACEMENT_3D ( 'NONE', #3841, #5986, #5944 ) ;
#5023 = CARTESIAN_POINT ( 'NONE',  ( -5.126687651389461919, -1.034879008056817984, -23.08902216614286118 ) ) ;
#5024 = DIRECTION ( 'NONE',  ( 1.000000000000000000, 0.000000000000000000, 0.000000000000000000 ) ) ;
#5025 = ORIENTED_EDGE ( 'NONE', *, *, #2512, .T. ) ;
#5026 = CARTESIAN_POINT ( 'NONE',  ( 0.000000000000000000, 0.000000000000000000, -4.099999999999998757 ) ) ;
#5027 = CARTESIAN_POINT ( 'NONE',  ( -33.40676928008648616, 2.497552057251578361, -17.17385420710234811 ) ) ;
#5028 = B_SPLINE_CURVE_WITH_KNOTS ( 'NONE', 3,
 ( #2810, #1979, #581, #3503 ),
 .UNSPECIFIED., .F., .F.,
 ( 4, 4 ),
 ( 2.422455444413758169E-07, 0.001816574447397664976 ),
 .UNSPECIFIED. ) ;
#5029 = EDGE_LOOP ( 'NONE', ( #8627, #1526, #8441, #1574 ) ) ;
#5030 = AXIS2_PLACEMENT_3D ( 'NONE', #4066, #4628, #534 ) ;
#5031 = CARTESIAN_POINT ( 'NONE',  ( 25.34570240372978134, 21.90573087367206639, -18.15506602333612918 ) ) ;
#5032 = CARTESIAN_POINT ( 'NONE',  ( 0.1633418547479551508, -33.50000000000000000, -14.99981109353423570 ) ) ;
#5033 = CARTESIAN_POINT ( 'NONE',  ( -25.18125735304890256, -22.09456841777443614, -18.75985287860905970 ) ) ;
#5034 = AXIS2_PLACEMENT_3D ( 'NONE', #2345, #5185, #1647 ) ;
#5035 = CARTESIAN_POINT ( 'NONE',  ( -22.23228233180221025, -25.06051675816839719, -19.03432852958535548 ) ) ;
#5036 = CARTESIAN_POINT ( 'NONE',  ( -2.951273523598246129, 3.041306687946747633, -26.93593922236280136 ) ) ;
#5037 = CARTESIAN_POINT ( 'NONE',  ( -0.2160423916216004381, 3.977834876854215995, -10.49999999999502087 ) ) ;
#5038 = CARTESIAN_POINT ( 'NONE',  ( -24.74716059353331232, 22.58058128319752811, -15.49726176820533929 ) ) ;
#5039 = CARTESIAN_POINT ( 'NONE',  ( 3.948510389126214548, -0.7846229796021069181, -30.50000000000000711 ) ) ;
#5040 = EDGE_CURVE ( 'NONE', #6391, #6663, #7276, .T. ) ;
#5041 = CARTESIAN_POINT ( 'NONE',  ( -0.6001838960925630628, -9.857188316238275405, -15.66357943817187071 ) ) ;
#5042 = B_SPLINE_CURVE_WITH_KNOTS ( 'NONE', 3,
 ( #6657, #3212, #2466, #5310 ),
 .UNSPECIFIED., .F., .F.,
 ( 4, 4 ),
 ( 0.004770855741310314410, 0.007775658945958668564 ),
 .UNSPECIFIED. ) ;
#5043 = CARTESIAN_POINT ( 'NONE',  ( 30.31314787250700959, -5.639814757948016677, -3.499999999999998224 ) ) ;
#5044 = CARTESIAN_POINT ( 'NONE',  ( -14.83915481837293804, 27.37873672671104330, -3.962296814609495677 ) ) ;
#5045 = FACE_OUTER_BOUND ( 'NONE', #1705, .T. ) ;
#5046 = ORIENTED_EDGE ( 'NONE', *, *, #3058, .T. ) ;
#5047 = CARTESIAN_POINT ( 'NONE',  ( 14.05970209940942794, -3.937394513038237953, -12.24201782698597363 ) ) ;
#5048 = FACE_OUTER_BOUND ( 'NONE', #9136, .T. ) ;
#5049 = DIRECTION ( 'NONE',  ( 0.3090169943749579429, -0.9510565162951502005, 0.000000000000000000 ) ) ;
#5050 = ORIENTED_EDGE ( 'NONE', *, *, #5345, .T. ) ;
#5051 = EDGE_CURVE ( 'NONE', #1844, #6145, #247, .T. ) ;
#5052 = DIRECTION ( 'NONE',  ( 0.000000000000000000, 0.000000000000000000, 1.000000000000000000 ) ) ;
#5053 = EDGE_CURVE ( 'NONE', #1860, #4790, #4422, .T. ) ;
#5054 = CARTESIAN_POINT ( 'NONE',  ( -6.849593510673761543, 21.05091742460639992, -10.50000000000000533 ) ) ;
#5055 = B_SPLINE_SURFACE_WITH_KNOTS ( 'NONE', 1, 3, ( 
 ( #4622, #7523, #2612, #3975, #438, #2569, #6113, #8265, #978, #6010, #5359, #4652, #4516, #2518, #5314, #2423, #8071, #6798, #933, #3082, #5258, #3776, #8119, #3871, #3216, #1113, #2383, #297, #6058, #4613, #8171, #8902, #2470, #3962, #5216, #4473 ),
 ( #7510, #5971, #427, #1732, #3125, #1781, #1680, #4565, #1068, #7468, #6616, #7423, #251, #7374, #1027, #3911, #8855, #8214, #1824, #6748, #383, #6705, #337, #3266, #3826, #6662, #8771, #8811, #3167, #6103, #8944, #5172, #8032, #1637, #5925, #7329 ) ),
 .UNSPECIFIED., .F., .T., .F.,
 ( 2, 2 ),
 ( 4, 2, 2, 2, 2, 2, 2, 2, 2, 2, 2, 2, 2, 2, 2, 2, 2, 4 ),
 ( 0.000000000000000000, 1.000000000000000000 ),
 ( 0.000000000000000000, 0.06250000000000000000, 0.1250000000000000000, 0.1875000000000000000, 0.2500000000000000000, 0.3125000000000000000, 0.3750000000000000000, 0.4375000000000000000, 0.5000000000000000000, 0.5625000000000000000, 0.6250000000000000000, 0.6875000000000000000, 0.7500000000000000000, 0.8125000000000000000, 0.8750000000000000000, 0.9375000000000000000, 0.9687500000000000000, 1.000000000000000000 ),
 .UNSPECIFIED. ) ;
#5056 = ORIENTED_EDGE ( 'NONE', *, *, #3159, .F. ) ;
#5057 = LINE ( 'NONE', #8660, #8873 ) ;
#5058 = CARTESIAN_POINT ( 'NONE',  ( 3.283692341844998808, 14.00000000000000000, -2.000000000000003553 ) ) ;
#5059 = DIRECTION ( 'NONE',  ( 0.000000000000000000, 0.000000000000000000, -1.000000000000000000 ) ) ;
#5060 = ORIENTED_EDGE ( 'NONE', *, *, #8209, .F. ) ;
#5061 = DIRECTION ( 'NONE',  ( -0.000000000000000000, -0.000000000000000000, 1.000000000000000000 ) ) ;
#5062 = CARTESIAN_POINT ( 'NONE',  ( 2.984989995005729480, 3.087749416844226769, -26.60263460319186635 ) ) ;
#5063 = CARTESIAN_POINT ( 'NONE',  ( -0.6443920504757619794, 33.49417904839567228, -15.07870116200535904 ) ) ;
#5064 = ORIENTED_EDGE ( 'NONE', *, *, #5303, .T. ) ;
#5065 = CARTESIAN_POINT ( 'NONE',  ( 33.41170923154334105, 2.433818831039616271, -18.15144138432285104 ) ) ;
#5066 = CARTESIAN_POINT ( 'NONE',  ( 0.6940836976016041548, -35.49466737621364842, -19.93459846099844412 ) ) ;
#5067 = EDGE_CURVE ( 'NONE', #3665, #366, #5822, .T. ) ;
#5068 = CARTESIAN_POINT ( 'NONE',  ( 26.22460301697474350, -23.92867568822357782, -15.49726176817998713 ) ) ;
#5069 = DIRECTION ( 'NONE',  ( -0.000000000000000000, -0.000000000000000000, -1.000000000000000000 ) ) ;
#5070 = EDGE_CURVE ( 'NONE', #3808, #2971, #2236, .T. ) ;
#5071 = B_SPLINE_CURVE_WITH_KNOTS ( 'NONE', 3,
 ( #7536, #8880, #1801, #8961, #2670, #4631, #4720, #1940, #5511, #7583, #6164, #6821, #5469, #5378, #2625, #1187, #4030, #8326, #4762, #1226 ),
 .UNSPECIFIED., .F., .F.,
 ( 4, 2, 2, 2, 2, 2, 2, 2, 2, 4 ),
 ( 0.5000000000000000000, 0.5624999999999996669, 0.6249999999999994449, 0.6874999999999991118, 0.7499999999999986677, 0.8124999999999984457, 0.8437499999999984457, 0.8749999999999986677, 0.9374999999999993339, 1.000000000000000000 ),
 .UNSPECIFIED. ) ;
#5072 = ORIENTED_EDGE ( 'NONE', *, *, #4985, .F. ) ;
#5073 = B_SPLINE_CURVE_WITH_KNOTS ( 'NONE', 3,
 ( #8453, #3318, #2570, #482 ),
 .UNSPECIFIED., .F., .F.,
 ( 4, 4 ),
 ( 0.000000000000000000, 1.000000000000000000 ),
 .UNSPECIFIED. ) ;
#5074 = CARTESIAN_POINT ( 'NONE',  ( -25.10329539043307889, 25.10128603360117694, -19.99992814200971480 ) ) ;
#5075 = CARTESIAN_POINT ( 'NONE',  ( 4.699082784379627343E-13, -33.50000000000000000, -15.00000000000000000 ) ) ;
#5076 = ORIENTED_EDGE ( 'NONE', *, *, #579, .F. ) ;
#5077 = CARTESIAN_POINT ( 'NONE',  ( -22.57833364224934769, 24.74919087277556784, -19.50000510108211316 ) ) ;
#5078 = DIRECTION ( 'NONE',  ( -1.000000000000000000, 0.000000000000000000, 0.000000000000000000 ) ) ;
#5079 = DIRECTION ( 'NONE',  ( -0.000000000000000000, -0.000000000000000000, 1.000000000000000000 ) ) ;
#5080 = CARTESIAN_POINT ( 'NONE',  ( -24.60802694395629331, 25.58901353035044934, -15.06543078874496189 ) ) ;
#5081 = CARTESIAN_POINT ( 'NONE',  ( 0.6000000000001384226, -9.612469263791398433, -15.86799577143642459 ) ) ;
#5082 = CARTESIAN_POINT ( 'NONE',  ( 2.577646730046970536, 35.40654375041510349, -18.15506602342782116 ) ) ;
#5083 = CARTESIAN_POINT ( 'NONE',  ( 25.10229073212210693, 25.10229073212276418, -15.00000000000000000 ) ) ;
#5084 = CARTESIAN_POINT ( 'NONE',  ( 3.977834876854677404, 0.2160423916228565167, -10.50000000000997424 ) ) ;
#5085 = DIRECTION ( 'NONE',  ( 1.000000000000000000, 0.000000000000000000, 0.000000000000000000 ) ) ;
#5086 = CARTESIAN_POINT ( 'NONE',  ( 5.109205032912386812, 8.052998405303478435, -3.400044570078941675 ) ) ;
#5087 = CARTESIAN_POINT ( 'NONE',  ( -0.6000001615495916818, -8.891753859520443726, -16.71050231399281216 ) ) ;
#5088 = FACE_OUTER_BOUND ( 'NONE', #3707, .T. ) ;
#5089 = CARTESIAN_POINT ( 'NONE',  ( -4.155607079903208323, -28.69107867126018618, -3.735678521575903410 ) ) ;
#5090 = DIRECTION ( 'NONE',  ( -0.000000000000000000, -0.000000000000000000, 1.000000000000000000 ) ) ;
#5091 = ORIENTED_EDGE ( 'NONE', *, *, #460, .F. ) ;
#5092 = CARTESIAN_POINT ( 'NONE',  ( -35.40650189164288975, 2.578222545457154347, -16.84589223789211943 ) ) ;
#5093 = CARTESIAN_POINT ( 'NONE',  ( 28.18203707439163352, -9.787776259978240745, -2.000000000000003553 ) ) ;
#5094 = CARTESIAN_POINT ( 'NONE',  ( -3.527670837823366323, -1.777087071578254740, -10.50000000000000355 ) ) ;
#5095 = VERTEX_POINT ( 'NONE', #1586 ) ;
#5096 = DIRECTION ( 'NONE',  ( -0.000000000000000000, -0.000000000000000000, 1.000000000000000000 ) ) ;
#5097 = EDGE_CURVE ( 'NONE', #4718, #6430, #2025, .T. ) ;
#5098 = EDGE_CURVE ( 'NONE', #4082, #1880, #8915, .T. ) ;
#5099 = CARTESIAN_POINT ( 'NONE',  ( -21.05091742460639992, -6.849593510688703368, -10.50000000000000533 ) ) ;
#5100 = ORIENTED_EDGE ( 'NONE', *, *, #2272, .T. ) ;
#5101 = AXIS2_PLACEMENT_3D ( 'NONE', #898, #7856, #7810 ) ;
#5102 = LINE ( 'NONE', #2315, #7094 ) ;
#5103 = ADVANCED_FACE ( 'NONE', ( #4930 ), #7702, .T. ) ;
#5104 = CARTESIAN_POINT ( 'NONE',  ( -2.497552057251120505, -33.40676928008652879, -17.17385420672569296 ) ) ;
#5105 = CARTESIAN_POINT ( 'NONE',  ( 20.68188545522535904, -7.350829274178157569, -10.50000000000000355 ) ) ;
#5106 = ORIENTED_EDGE ( 'NONE', *, *, #8592, .T. ) ;
#5107 = CARTESIAN_POINT ( 'NONE',  ( 25.58901353031122383, 24.60802694399781387, -15.06543078872928909 ) ) ;
#5108 = DIRECTION ( 'NONE',  ( -0.000000000000000000, -0.000000000000000000, 1.000000000000000000 ) ) ;
#5109 = CARTESIAN_POINT ( 'NONE',  ( 4.025651875312521888, 0.02227542419557730635, -30.50000000000000711 ) ) ;
#5110 = ORIENTED_EDGE ( 'NONE', *, *, #3229, .F. ) ;
#5111 = CARTESIAN_POINT ( 'NONE',  ( 33.49496812531745604, -0.6545827027705672929, -15.06543078857414031 ) ) ;
#5112 = CARTESIAN_POINT ( 'NONE',  ( 2.030270917882635917, 1.840000000000000080, -44.49999999999998579 ) ) ;
#5113 = VECTOR ( 'NONE', #9117, 1000.000000000000000 ) ;
#5114 = CARTESIAN_POINT ( 'NONE',  ( 25.10329539043361535, -25.10128603360064758, -19.99992814200970770 ) ) ;
#5115 = DIRECTION ( 'NONE',  ( -0.000000000000000000, -0.000000000000000000, 1.000000000000000000 ) ) ;
#5116 = EDGE_CURVE ( 'NONE', #4347, #5259, #519, .T. ) ;
#5117 = DIRECTION ( 'NONE',  ( -0.000000000000000000, -0.000000000000000000, 1.000000000000000000 ) ) ;
#5118 = CIRCLE ( 'NONE', #4374, 9.132863896322508168 ) ;
#5119 = CARTESIAN_POINT ( 'NONE',  ( 33.49999998629436249, 0.0006703912523994923645, -19.99992794400424501 ) ) ;
#5120 = ORIENTED_EDGE ( 'NONE', *, *, #3177, .F. ) ;
#5121 = EDGE_CURVE ( 'NONE', #220, #2077, #1360, .T. ) ;
#5122 = CARTESIAN_POINT ( 'NONE',  ( 24.61507175254034152, 25.58078617621145767, -15.07870116200537680 ) ) ;
#5123 = ORIENTED_EDGE ( 'NONE', *, *, #2102, .F. ) ;
#5124 = DIRECTION ( 'NONE',  ( -0.3090169943749446757, -0.9510565162951544194, 0.000000000000000000 ) ) ;
#5125 = DIRECTION ( 'NONE',  ( 0.000000000000000000, 0.000000000000000000, -1.000000000000000000 ) ) ;
#5126 = CYLINDRICAL_SURFACE ( 'NONE', #7106, 29.50000000000000000 ) ;
#5127 = EDGE_CURVE ( 'NONE', #5256, #3286, #3649, .T. ) ;
#5128 = AXIS2_PLACEMENT_3D ( 'NONE', #6422, #8577, #5818 ) ;
#5129 = CARTESIAN_POINT ( 'NONE',  ( -2.311405410424239637, 35.42492389590882595, -16.23749250282575574 ) ) ;
#5130 = CARTESIAN_POINT ( 'NONE',  ( -4.192789347995739213, 4.745031673690746743, -20.47419828434060918 ) ) ;
#5131 = VERTEX_POINT ( 'NONE', #1354 ) ;
#5132 = CARTESIAN_POINT ( 'NONE',  ( -1.232614777546967799, 3.788206096911155285, -30.50000000000000711 ) ) ;
#5133 = DIRECTION ( 'NONE',  ( -0.000000000000000000, -0.000000000000000000, -1.000000000000000000 ) ) ;
#5134 = B_SPLINE_CURVE_WITH_KNOTS ( 'NONE', 1,
 ( #4179, #6560 ),
 .UNSPECIFIED., .F., .F.,
 ( 2, 2 ),
 ( 0.000000000000000000, 1.000000000000000000 ),
 .UNSPECIFIED. ) ;
#5135 = AXIS2_PLACEMENT_3D ( 'NONE', #6707, #6576, #2336 ) ;
#5136 = DIRECTION ( 'NONE',  ( 1.000000000000000000, 0.000000000000000000, 0.000000000000000000 ) ) ;
#5137 = CARTESIAN_POINT ( 'NONE',  ( 35.49960323617331426, 0.1733245080609892574, -19.99497880061229438 ) ) ;
#5138 = B_SPLINE_SURFACE_WITH_KNOTS ( 'NONE', 1, 3, ( 
 ( #2830, #1386, #9163, #5672, #3574, #2781, #5628, #8483, #8524, #4919, #8221, #6806, #7781, #6413, #2140, #4962, #7825, #1433, #4270, #7125, #48, #2872, #1123, #3972, #3272, #4500, #6559, #7209, #872, #142, #185, #8752, #8661, #820, #8568, #8704 ),
 ( #2316, #2969, #1620, #1524, #5153, #4408, #3014, #7261, #5104, #8011, #7916, #8616, #96, #6509, #2271, #5809, #2225, #4458, #1662, #7356, #3805, #4358, #2365, #917, #3717, #3616, #960, #3668, #6642, #3761, #5854, #277, #5717, #5200, #7963, #1571 ) ),
 .UNSPECIFIED., .F., .T., .F.,
 ( 2, 2 ),
 ( 4, 2, 2, 2, 2, 2, 2, 2, 2, 2, 2, 2, 2, 2, 2, 2, 2, 4 ),
 ( 0.000000000000000000, 1.000000000000000000 ),
 ( 0.000000000000000000, 0.06250000000000000000, 0.1250000000000000000, 0.1875000000000000000, 0.2500000000000000000, 0.3125000000000000000, 0.3750000000000000000, 0.4375000000000000000, 0.5000000000000000000, 0.5625000000000000000, 0.6250000000000000000, 0.6875000000000000000, 0.7500000000000000000, 0.8125000000000000000, 0.8750000000000000000, 0.9375000000000000000, 0.9687500000000000000, 1.000000000000000000 ),
 .UNSPECIFIED. ) ;
#5139 = DIRECTION ( 'NONE',  ( -0.000000000000000000, -0.000000000000000000, -1.000000000000000000 ) ) ;
#5140 = VECTOR ( 'NONE', #3578, 1000.000000000000000 ) ;
#5141 = CARTESIAN_POINT ( 'NONE',  ( 3.895520702662545354, -0.8181925404228653775, -10.50000000000475175 ) ) ;
#5142 = PLANE ( 'NONE',  #7564 ) ;
#5143 = ORIENTED_EDGE ( 'NONE', *, *, #2941, .T. ) ;
#5144 = ORIENTED_EDGE ( 'NONE', *, *, #8211, .F. ) ;
#5145 = CARTESIAN_POINT ( 'NONE',  ( 14.12133171448031810, -3.957420896242554775, -12.21009014409202464 ) ) ;
#5146 = DIRECTION ( 'NONE',  ( -0.000000000000000000, -0.000000000000000000, 1.000000000000000000 ) ) ;
#5147 = DIRECTION ( 'NONE',  ( -0.000000000000000000, -0.000000000000000000, 1.000000000000000000 ) ) ;
#5148 = ORIENTED_EDGE ( 'NONE', *, *, #4144, .F. ) ;
#5149 = VECTOR ( 'NONE', #174, 1000.000000000000227 ) ;
#5150 = CARTESIAN_POINT ( 'NONE',  ( -5.459108381078930705, 4.580735829120110125, -3.499999999999999556 ) ) ;
#5151 = CARTESIAN_POINT ( 'NONE',  ( -3.757716070402830066, 1.322654360282645269, -10.50000000000000533 ) ) ;
#5152 = CARTESIAN_POINT ( 'NONE',  ( -23.68807716974935218, 23.68807716974933442, -15.00000000000000000 ) ) ;
#5153 = CARTESIAN_POINT ( 'NONE',  ( -1.536295572996437375, -33.46555341488708990, -15.50119477829921522 ) ) ;
#5154 = ORIENTED_EDGE ( 'NONE', *, *, #2788, .F. ) ;
#5155 = FACE_OUTER_BOUND ( 'NONE', #8659, .T. ) ;
#5156 = CARTESIAN_POINT ( 'NONE',  ( -28.10198167803016389, -4.746445625699708515, -2.999864845263117363 ) ) ;
#5157 = VECTOR ( 'NONE', #6401, 1000.000000000000000 ) ;
#5158 = CARTESIAN_POINT ( 'NONE',  ( -21.94175815677462182, -4.359945627220698228, -10.50000000000000533 ) ) ;
#5159 = ORIENTED_EDGE ( 'NONE', *, *, #7524, .T. ) ;
#5160 = CARTESIAN_POINT ( 'NONE',  ( 33.42915353557776115, 2.181185387275310639, -16.23749250277983336 ) ) ;
#5161 = CARTESIAN_POINT ( 'NONE',  ( 2.118049622611515748, -35.43762392410501860, -15.96412339898252064 ) ) ;
#5162 = EDGE_CURVE ( 'NONE', #7063, #1338, #8481, .T. ) ;
#5163 = CARTESIAN_POINT ( 'NONE',  ( -3.898518869927138031, -0.6356497627011546969, -30.50000000000000711 ) ) ;
#5164 = DIRECTION ( 'NONE',  ( -1.000000000000000000, 0.000000000000000000, -0.000000000000000000 ) ) ;
#5165 = B_SPLINE_CURVE_WITH_KNOTS ( 'NONE', 3,
 ( #1067, #5399, #6009, #2644 ),
 .UNSPECIFIED., .F., .F.,
 ( 4, 4 ),
 ( 0.000000000000000000, 1.000000000000000000 ),
 .UNSPECIFIED. ) ;
#5166 = EDGE_LOOP ( 'NONE', ( #8984, #3505, #4128, #6498 ) ) ;
#5167 = CONICAL_SURFACE ( 'NONE', #3679, 9.132863896322508168, 0.5235987755983035896 ) ;
#5168 = CARTESIAN_POINT ( 'NONE',  ( -26.55666701247429629, 23.55958276942516250, -19.03432852941214293 ) ) ;
#5169 = CARTESIAN_POINT ( 'NONE',  ( -0.5999999999995230260, -31.49428519588912678, -4.500000000000002665 ) ) ;
#5170 = EDGE_LOOP ( 'NONE', ( #8390, #6589, #5911, #3814, #8047, #6782, #139, #3531, #1871, #8605, #3298, #3587, #191 ) ) ;
#5171 = DIRECTION ( 'NONE',  ( -0.000000000000000000, -0.000000000000000000, 1.000000000000000000 ) ) ;
#5172 = CARTESIAN_POINT ( 'NONE',  ( 24.24758564574220898, -23.11553767791344782, -15.12618847594104565 ) ) ;
#5173 = ORIENTED_EDGE ( 'NONE', *, *, #7574, .F. ) ;
#5174 = CARTESIAN_POINT ( 'NONE',  ( 25.10229073212299511, -25.10229073212189022, -15.00000000000000000 ) ) ;
#5175 = AXIS2_PLACEMENT_3D ( 'NONE', #1608, #7298, #766 ) ;
#5176 = CARTESIAN_POINT ( 'NONE',  ( 18.02646617301165577, 25.83208310054121171, -4.500000000000002665 ) ) ;
#5177 = ADVANCED_FACE ( 'NONE', ( #8578 ), #5728, .F. ) ;
#5178 = FACE_OUTER_BOUND ( 'NONE', #8622, .T. ) ;
#5179 = EDGE_CURVE ( 'NONE', #1701, #7281, #912, .T. ) ;
#5180 = EDGE_CURVE ( 'NONE', #8856, #5706, #3585, .T. ) ;
#5181 = AXIS2_PLACEMENT_3D ( 'NONE', #7400, #2539, #226 ) ;
#5182 = CARTESIAN_POINT ( 'NONE',  ( 1.535027868852682165, 33.46561352133825551, -19.50000510094706385 ) ) ;
#5183 = DIRECTION ( 'NONE',  ( -0.000000000000000000, -0.000000000000000000, 1.000000000000000000 ) ) ;
#5184 = CARTESIAN_POINT ( 'NONE',  ( -3.971547331726213770, 0.3108961472260823866, -30.50000000000000711 ) ) ;
#5185 = DIRECTION ( 'NONE',  ( -0.000000000000000000, -0.000000000000000000, 1.000000000000000000 ) ) ;
#5186 = CARTESIAN_POINT ( 'NONE',  ( -0.6000000325753218622, -8.880100385926489537, -16.72408614522522896 ) ) ;
#5187 = AXIS2_PLACEMENT_3D ( 'NONE', #1903, #6132, #3949 ) ;
#5188 = CARTESIAN_POINT ( 'NONE',  ( 14.82891056113305694, 27.47050496387100793, -4.075933793973240071 ) ) ;
#5189 = CARTESIAN_POINT ( 'NONE',  ( 3.575822934498421812, -1.748716935085482316, -10.49999999999526601 ) ) ;
#5190 = LINE ( 'NONE', #8742, #3830 ) ;
#5191 = ORIENTED_EDGE ( 'NONE', *, *, #9092, .T. ) ;
#5192 = CARTESIAN_POINT ( 'NONE',  ( 18.54392096981727889, -5.394097661249618092, -10.66707638509362788 ) ) ;
#5193 = CARTESIAN_POINT ( 'NONE',  ( -4.049736784963978486, 14.35721239031346208, -2.000000000000003553 ) ) ;
#5194 = CARTESIAN_POINT ( 'NONE',  ( 13.31479122813210125, 4.326237921249415308, -2.000000000000003553 ) ) ;
#5195 = ORIENTED_EDGE ( 'NONE', *, *, #5983, .F. ) ;
#5196 = CARTESIAN_POINT ( 'NONE',  ( 3.527670837823419614, -1.777087071578154598, -2.000000000000003553 ) ) ;
#5197 = LINE ( 'NONE', #5294, #8124 ) ;
#5198 = ORIENTED_EDGE ( 'NONE', *, *, #7574, .T. ) ;
#5199 = CARTESIAN_POINT ( 'NONE',  ( 19.58314288377711776, 19.77864907515207094, -2.000000000000006217 ) ) ;
#5200 = CARTESIAN_POINT ( 'NONE',  ( 0.3264868179077652366, -33.49878621082317665, -15.01551170377325661 ) ) ;
#5201 = ORIENTED_EDGE ( 'NONE', *, *, #5395, .T. ) ;
#5202 = CARTESIAN_POINT ( 'NONE',  ( 25.10128603360092825, 25.10329539043333114, -19.99992814200970770 ) ) ;
#5203 = CARTESIAN_POINT ( 'NONE',  ( 29.23897271020232580, -10.13119546570358942, -3.666664066441804870 ) ) ;
#5204 = DIRECTION ( 'NONE',  ( 1.000000000000000000, 0.000000000000000000, 0.000000000000000000 ) ) ;
#5205 = ORIENTED_EDGE ( 'NONE', *, *, #6411, .T. ) ;
#5206 = CARTESIAN_POINT ( 'NONE',  ( 35.43762392411026241, 2.118049622512247154, -15.96412339891647036 ) ) ;
#5207 = CARTESIAN_POINT ( 'NONE',  ( -1.258879677576834499, -33.47770288098924851, -15.31533489701057960 ) ) ;
#5208 = CARTESIAN_POINT ( 'NONE',  ( -5.111325413843864851, -1.029891852808147101, -23.13387009155617591 ) ) ;
#5209 = CARTESIAN_POINT ( 'NONE',  ( 0.000000000000000000, 0.000000000000000000, -4.500000000000000000 ) ) ;
#5210 = EDGE_LOOP ( 'NONE', ( #2714, #2561, #7255, #591, #3496 ) ) ;
#5211 = DIRECTION ( 'NONE',  ( 0.5877852522924679191, 0.8090169943749512260, 0.000000000000000000 ) ) ;
#5212 = EDGE_CURVE ( 'NONE', #3515, #1797, #4388, .T. ) ;
#5213 = FACE_OUTER_BOUND ( 'NONE', #4924, .T. ) ;
#5214 = ORIENTED_EDGE ( 'NONE', *, *, #8404, .F. ) ;
#5215 = CARTESIAN_POINT ( 'NONE',  ( -22.23358406271768217, 25.05935372626887769, -15.96378118959905201 ) ) ;
#5216 = CARTESIAN_POINT ( 'NONE',  ( 25.22468639561450843, -24.97989506863036269, -14.99981109353421793 ) ) ;
#5217 = VERTEX_POINT ( 'NONE', #6136 ) ;
#5218 = DIRECTION ( 'NONE',  ( 1.000000000000000000, 0.000000000000000000, 0.000000000000000000 ) ) ;
#5219 = CARTESIAN_POINT ( 'NONE',  ( -12.30007449020320109, 7.449214920469410472, -2.000000000000003553 ) ) ;
#5220 = CARTESIAN_POINT ( 'NONE',  ( 0.000000000000000000, 0.000000000000000000, -4.099999999999998757 ) ) ;
#5221 = EDGE_CURVE ( 'NONE', #6250, #7743, #2347, .T. ) ;
#5222 = EDGE_CURVE ( 'NONE', #2237, #5339, #4017, .T. ) ;
#5223 = CARTESIAN_POINT ( 'NONE',  ( -2.646714135710742877, 35.40119919275875304, -17.82637605762931088 ) ) ;
#5224 = EDGE_CURVE ( 'NONE', #7111, #8013, #4456, .T. ) ;
#5225 = CARTESIAN_POINT ( 'NONE',  ( -6.135680846169485392, 7.424259216426360553, -15.86798223679403108 ) ) ;
#5226 = CARTESIAN_POINT ( 'NONE',  ( -3.028144824016154590, -2.588471276117264352, -30.50000000000000711 ) ) ;
#5227 = CARTESIAN_POINT ( 'NONE',  ( -33.49496812531335621, 0.6545827029145731002, -15.06543078863676222 ) ) ;
#5228 = CARTESIAN_POINT ( 'NONE',  ( -0.5999999684545399559, -4.220130302473363848, -26.78487596992846065 ) ) ;
#5229 = DIRECTION ( 'NONE',  ( 0.000000000000000000, 0.000000000000000000, -1.000000000000000000 ) ) ;
#5230 = CARTESIAN_POINT ( 'NONE',  ( 3.413613199246734897, 2.047380156178213007, -10.50000000000000888 ) ) ;
#5231 = DIRECTION ( 'NONE',  ( 0.000000000000000000, 0.000000000000000000, -1.000000000000000000 ) ) ;
#5232 = ORIENTED_EDGE ( 'NONE', *, *, #1887, .T. ) ;
#5233 = DIRECTION ( 'NONE',  ( 1.000000000000000000, 0.000000000000000000, 0.000000000000000000 ) ) ;
#5234 = CARTESIAN_POINT ( 'NONE',  ( 9.132863896322508168, 0.000000000000000000, -4.099999999999998757 ) ) ;
#5235 = CARTESIAN_POINT ( 'NONE',  ( -4.003495269360893616, -30.57231541889899873, -3.499999999999999112 ) ) ;
#5236 = EDGE_LOOP ( 'NONE', ( #1486, #7079, #6749, #4867, #2030 ) ) ;
#5237 = EDGE_CURVE ( 'NONE', #501, #7694, #2793, .T. ) ;
#5238 = CARTESIAN_POINT ( 'NONE',  ( -2.103841323021467424, -2.005964282189125925, -44.66596428218911541 ) ) ;
#5239 = PLANE ( 'NONE',  #9192 ) ;
#5240 = VERTEX_POINT ( 'NONE', #6005 ) ;
#5241 = LINE ( 'NONE', #6598, #6636 ) ;
#5242 = CARTESIAN_POINT ( 'NONE',  ( -9.251958079112926114, -3.637020743168036141, -2.700039325476423002 ) ) ;
#5243 = VERTEX_POINT ( 'NONE', #1018 ) ;
#5244 = DIRECTION ( 'NONE',  ( 0.000000000000000000, -0.000000000000000000, 1.000000000000000000 ) ) ;
#5245 = CARTESIAN_POINT ( 'NONE',  ( 33.46556029456888837, 1.536278632912097875, -19.49867079312600637 ) ) ;
#5246 = CARTESIAN_POINT ( 'NONE',  ( -4.828345057142121810, 5.624865872424214430, -4.099999999999999645 ) ) ;
#5247 = EDGE_LOOP ( 'NONE', ( #8460, #8841, #6465, #4491, #5877, #1264, #4249 ) ) ;
#5248 = CARTESIAN_POINT ( 'NONE',  ( 33.50001309514800596, -0.3265171013801735911, -19.99991912762039448 ) ) ;
#5249 = CARTESIAN_POINT ( 'NONE',  ( -0.3265171012041865883, -33.50001309514800596, -19.99991912760877000 ) ) ;
#5250 = B_SPLINE_CURVE_WITH_KNOTS ( 'NONE', 3,
 ( #2412, #8107, #1719, #4552, #7410, #1013, #3297, #2547 ),
 .UNSPECIFIED., .F., .F.,
 ( 4, 2, 2, 4 ),
 ( 2.385971272015451765E-07, 0.0002491498565360465668, 0.0004980611159448916549, 0.0009958836347625813976 ),
 .UNSPECIFIED. ) ;
#5251 = DIRECTION ( 'NONE',  ( -0.000000000000000000, -0.000000000000000000, 1.000000000000000000 ) ) ;
#5252 = VECTOR ( 'NONE', #4656, 1000.000000000000000 ) ;
#5253 = CARTESIAN_POINT ( 'NONE',  ( 0.6000000000004449552, -29.49389767392569084, -4.500000000000002665 ) ) ;
#5254 = CARTESIAN_POINT ( 'NONE',  ( -24.60772870839969784, -25.58931128696367097, -19.93459846097958632 ) ) ;
#5255 = CARTESIAN_POINT ( 'NONE',  ( 22.58058128327038006, 24.74716059346776476, -15.49726176814304779 ) ) ;
#5256 = VERTEX_POINT ( 'NONE', #1672 ) ;
#5257 = CARTESIAN_POINT ( 'NONE',  ( 0.000000000000000000, 0.000000000000000000, -9.500000000000005329 ) ) ;
#5258 = CARTESIAN_POINT ( 'NONE',  ( 26.22765184821765772, -23.92531675045168527, -19.49867079316377172 ) ) ;
#5259 = VERTEX_POINT ( 'NONE', #4690 ) ;
#5260 = DIRECTION ( 'NONE',  ( -0.000000000000000000, 0.000000000000000000, -1.000000000000000000 ) ) ;
#5261 = VECTOR ( 'NONE', #4834, 1000.000000000000000 ) ;
#5262 = CARTESIAN_POINT ( 'NONE',  ( 26.68497354819130152, 23.41323972518856422, -16.24166244697568828 ) ) ;
#5263 = CARTESIAN_POINT ( 'NONE',  ( 35.46372347118393975, 1.623465783283735808, -15.49726176816445999 ) ) ;
#5264 = CIRCLE ( 'NONE', #517, 12.39999999999998970 ) ;
#5265 = CARTESIAN_POINT ( 'NONE',  ( -4.318363580152578152, -21.94997979207658290, -10.50000000000000533 ) ) ;
#5266 = CARTESIAN_POINT ( 'NONE',  ( 1.333172084503465804, 35.47640828685094760, -19.68467263745247919 ) ) ;
#5267 = PLANE ( 'NONE',  #2795 ) ;
#5268 = ORIENTED_EDGE ( 'NONE', *, *, #7930, .F. ) ;
#5269 = CARTESIAN_POINT ( 'NONE',  ( 9.568247549333108282, -19.96263245450514745, -10.50000000000000888 ) ) ;
#5270 = CARTESIAN_POINT ( 'NONE',  ( 9.156161424785439706, 11.58159389409216899, -12.16288576729081505 ) ) ;
#5271 = ADVANCED_FACE ( 'NONE', ( #3956 ), #2465, .T. ) ;
#5272 = ADVANCED_FACE ( 'NONE', ( #8804 ), #3300, .F. ) ;
#5273 = CARTESIAN_POINT ( 'NONE',  ( 27.98406203358053546, -13.31167025308255347, -3.733243394667789872 ) ) ;
#5274 = AXIS2_PLACEMENT_3D ( 'NONE', #1941, #1141, #3985 ) ;
#5275 = EDGE_CURVE ( 'NONE', #5821, #3796, #4004, .T. ) ;
#5276 = CARTESIAN_POINT ( 'NONE',  ( 2.117411690804011037, 35.43764399865766990, -15.96378118977798799 ) ) ;
#5277 = CIRCLE ( 'NONE', #2919, 29.50000000000000000 ) ;
#5278 = CIRCLE ( 'NONE', #8418, 9.132863896322508168 ) ;
#5279 = CARTESIAN_POINT ( 'NONE',  ( 3.967401193613034671, -0.3228751258971171989, -10.50000000000000533 ) ) ;
#5280 = DIRECTION ( 'NONE',  ( 0.3090169943749315196, 0.9510565162951587492, 0.000000000000000000 ) ) ;
#5281 = ORIENTED_EDGE ( 'NONE', *, *, #7239, .F. ) ;
#5282 = CARTESIAN_POINT ( 'NONE',  ( -22.08980371550998711, 22.42273754503125360, -4.463889547375780253 ) ) ;
#5283 = DIRECTION ( 'NONE',  ( -1.000000000000000000, 0.000000000000000000, 0.000000000000000000 ) ) ;
#5284 = ORIENTED_EDGE ( 'NONE', *, *, #8035, .F. ) ;
#5285 = CARTESIAN_POINT ( 'NONE',  ( -33.49998685118932684, -0.3291986674929289758, -19.99993715639901737 ) ) ;
#5286 = DIRECTION ( 'NONE',  ( 1.000000000000000000, 0.000000000000000000, 0.000000000000000000 ) ) ;
#5287 = CARTESIAN_POINT ( 'NONE',  ( 0.000000000000000000, 0.000000000000000000, -2.000000000000003553 ) ) ;
#5288 = ORIENTED_EDGE ( 'NONE', *, *, #5222, .F. ) ;
#5289 = CARTESIAN_POINT ( 'NONE',  ( -2.103841323021467424, 2.005964282189125480, -44.66596428218911541 ) ) ;
#5290 = EDGE_CURVE ( 'NONE', #8130, #7820, #2178, .T. ) ;
#5291 = B_SPLINE_CURVE_WITH_KNOTS ( 'NONE', 1,
 ( #867, #8053 ),
 .UNSPECIFIED., .F., .F.,
 ( 2, 2 ),
 ( 0.000000000000000000, 1.000000000000000000 ),
 .UNSPECIFIED. ) ;
#5292 = AXIS2_PLACEMENT_3D ( 'NONE', #7133, #651, #2108 ) ;
#5293 = EDGE_CURVE ( 'NONE', #767, #1558, #8897, .T. ) ;
#5294 = CARTESIAN_POINT ( 'NONE',  ( 3.283692341844998808, 14.00000000000000000, -2.000000000000003553 ) ) ;
#5295 = EDGE_CURVE ( 'NONE', #6145, #5095, #1266, .T. ) ;
#5296 = ORIENTED_EDGE ( 'NONE', *, *, #4035, .T. ) ;
#5297 = CARTESIAN_POINT ( 'NONE',  ( -0.1999999999995230315, -31.49428519588912678, -2.000000000000003553 ) ) ;
#5298 = CARTESIAN_POINT ( 'NONE',  ( -24.60802694395629686, 25.58901353035044224, -15.06543078874496011 ) ) ;
#5299 = CIRCLE ( 'NONE', #4845, 31.50000000000000000 ) ;
#5300 = VERTEX_POINT ( 'NONE', #4557 ) ;
#5301 = CARTESIAN_POINT ( 'NONE',  ( 8.705340963191668280, -3.459473029671350730, -16.19720828543196589 ) ) ;
#5302 = CARTESIAN_POINT ( 'NONE',  ( -0.001340783089988905339, 33.49999997316866285, -19.99992814200971480 ) ) ;
#5303 = EDGE_CURVE ( 'NONE', #5555, #2875, #7411, .T. ) ;
#5304 = DIRECTION ( 'NONE',  ( -0.06975647374411469981, -0.9975640502598249748, 0.000000000000000000 ) ) ;
#5305 = ORIENTED_EDGE ( 'NONE', *, *, #8360, .T. ) ;
#5306 = CARTESIAN_POINT ( 'NONE',  ( -6.318024555381070329, 7.675233801096831954, -2.700039325476422114 ) ) ;
#5307 = CARTESIAN_POINT ( 'NONE',  ( -1.997412678605865466, -33.44120125696868939, -19.03685471101641014 ) ) ;
#5308 = DIRECTION ( 'NONE',  ( 1.000000000000000000, 0.000000000000000000, 0.000000000000000000 ) ) ;
#5309 = AXIS2_PLACEMENT_3D ( 'NONE', #8658, #2268, #1566 ) ;
#5310 = CARTESIAN_POINT ( 'NONE',  ( -0.5999999999995230260, -31.49428519588912678, -4.500000000000002665 ) ) ;
#5311 = CARTESIAN_POINT ( 'NONE',  ( 23.57257703658748582, 23.80357730291119722, -14.99981109353420905 ) ) ;
#5312 = ORIENTED_EDGE ( 'NONE', *, *, #5965, .F. ) ;
#5313 = CARTESIAN_POINT ( 'NONE',  ( -7.040438451999205149, -2.920715604509800389, -18.38039813127223709 ) ) ;
#5314 = CARTESIAN_POINT ( 'NONE',  ( 24.14291385039348370, -26.02830389315970905, -19.68467263747256979 ) ) ;
#5315 = ORIENTED_EDGE ( 'NONE', *, *, #5180, .T. ) ;
#5316 = DIRECTION ( 'NONE',  ( -0.9510565162951497564, -0.3090169943749588866, 0.000000000000000000 ) ) ;
#5317 = DIRECTION ( 'NONE',  ( 0.000000000000000000, 0.000000000000000000, 1.000000000000000000 ) ) ;
#5318 = CARTESIAN_POINT ( 'NONE',  ( 26.80799698363458816, -9.341323571077676746, -2.833329964864181871 ) ) ;
#5319 = CARTESIAN_POINT ( 'NONE',  ( 33.40676928008650748, -2.497552057251399393, -17.17385420722779088 ) ) ;
#5320 = DIRECTION ( 'NONE',  ( 0.3090169943749447312, 0.9510565162951544194, 0.000000000000000000 ) ) ;
#5321 = CARTESIAN_POINT ( 'NONE',  ( 0.6545827030433706284, 33.49496812530967560, -15.06543078870605612 ) ) ;
#5322 = CARTESIAN_POINT ( 'NONE',  ( -8.291847521323564507, 10.39161347142543690, -12.96065018960715243 ) ) ;
#5323 = CARTESIAN_POINT ( 'NONE',  ( 1.809400085646715395, 3.511206534805614066, -10.50000000000000355 ) ) ;
#5324 = AXIS2_PLACEMENT_3D ( 'NONE', #5696, #847, #74 ) ;
#5325 = CARTESIAN_POINT ( 'NONE',  ( -33.49999998629449038, -0.0006703859853786739605, -19.99992793849283146 ) ) ;
#5326 = CARTESIAN_POINT ( 'NONE',  ( -0.5998147055304130504, -4.324452004953227124, -26.22024989773144199 ) ) ;
#5327 = CONICAL_SURFACE ( 'NONE', #7271, 27.83333333333332860, 0.5880026035475688362 ) ;
#5328 = B_SPLINE_CURVE_WITH_KNOTS ( 'NONE', 3,
 ( #2591, #420, #7553, #6178 ),
 .UNSPECIFIED., .F., .F.,
 ( 4, 4 ),
 ( 0.001209501529602785433, 0.004905640284679699259 ),
 .UNSPECIFIED. ) ;
#5329 = CARTESIAN_POINT ( 'NONE',  ( -2.768091920552045337, 2.860452358884372437, -10.50000000000000533 ) ) ;
#5330 = CARTESIAN_POINT ( 'NONE',  ( 0.000000000000000000, 0.000000000000000000, -33.00000000000000000 ) ) ;
#5331 = ORIENTED_EDGE ( 'NONE', *, *, #4645, .F. ) ;
#5332 = DIRECTION ( 'NONE',  ( -0.5877852522924805756, 0.8090169943749420112, -3.061189136958036888E-15 ) ) ;
#5333 = ADVANCED_FACE ( 'NONE', ( #6699, #6051 ), #2594, .F. ) ;
#5334 = ORIENTED_EDGE ( 'NONE', *, *, #7070, .F. ) ;
#5335 = CARTESIAN_POINT ( 'NONE',  ( -33.42915353558409919, -2.181185387183341096, -16.23749250258791577 ) ) ;
#5336 = CARTESIAN_POINT ( 'NONE',  ( -28.04785388742993035, -14.33763900749987208, -4.500000000000002665 ) ) ;
#5337 = VECTOR ( 'NONE', #1484, 1000.000000000000114 ) ;
#5338 = LINE ( 'NONE', #8962, #2744 ) ;
#5339 = VERTEX_POINT ( 'NONE', #6793 ) ;
#5340 = CARTESIAN_POINT ( 'NONE',  ( 13.39346758508473911, 25.49263713959059530, -0.4452998037747736282 ) ) ;
#5341 = CARTESIAN_POINT ( 'NONE',  ( -17.49487211091168248, 23.05884470439130141, -3.666663488590734321 ) ) ;
#5342 = ORIENTED_EDGE ( 'NONE', *, *, #5742, .F. ) ;
#5343 = CARTESIAN_POINT ( 'NONE',  ( 4.877369559386070641, -2.215630770194207511, -9.047310593155174274 ) ) ;
#5344 = FACE_OUTER_BOUND ( 'NONE', #6366, .T. ) ;
#5345 = EDGE_CURVE ( 'NONE', #3168, #3996, #6653, .T. ) ;
#5346 = ORIENTED_EDGE ( 'NONE', *, *, #6139, .T. ) ;
#5347 = CARTESIAN_POINT ( 'NONE',  ( 8.405501668194833798, -3.361997699896464908, -16.54797171197752448 ) ) ;
#5348 = CARTESIAN_POINT ( 'NONE',  ( 29.76743496498355412, -10.30290326099762588, -2.000000000000003553 ) ) ;
#5349 = DIRECTION ( 'NONE',  ( -0.000000000000000000, -0.000000000000000000, 1.000000000000000000 ) ) ;
#5350 = ORIENTED_EDGE ( 'NONE', *, *, #169, .F. ) ;
#5351 = CARTESIAN_POINT ( 'NONE',  ( -2.030270917882635473, -1.840000000000000302, -33.00000000000000000 ) ) ;
#5352 = CARTESIAN_POINT ( 'NONE',  ( 0.000000000000000000, 0.000000000000000000, 0.000000000000000000 ) ) ;
#5353 = LINE ( 'NONE', #1108, #107 ) ;
#5354 = DIRECTION ( 'NONE',  ( -0.5877852522924688072, -0.8090169943749505599, 0.000000000000000000 ) ) ;
#5355 = EDGE_LOOP ( 'NONE', ( #4400, #4740, #889, #1329 ) ) ;
#5356 = ORIENTED_EDGE ( 'NONE', *, *, #2162, .T. ) ;
#5357 = CARTESIAN_POINT ( 'NONE',  ( -3.782136077766475424, -1.859748888670613720, -27.07994952588315485 ) ) ;
#5358 = EDGE_CURVE ( 'NONE', #6864, #4113, #598, .T. ) ;
#5359 = CARTESIAN_POINT ( 'NONE',  ( 23.21353570194782989, -26.85887866664177892, -18.15506602338598796 ) ) ;
#5360 = ORIENTED_EDGE ( 'NONE', *, *, #7801, .F. ) ;
#5361 = CARTESIAN_POINT ( 'NONE',  ( 1.940850273739755494, 3.692024040915799166, -27.36611808705966808 ) ) ;
#5362 = LINE ( 'NONE', #7426, #4824 ) ;
#5363 = CARTESIAN_POINT ( 'NONE',  ( 17.37324873850535667, 24.93300643355017598, -2.833330587785095389 ) ) ;
#5364 = EDGE_CURVE ( 'NONE', #6799, #5706, #4406, .T. ) ;
#5365 = CYLINDRICAL_SURFACE ( 'NONE', #6353, 29.50000000000000000 ) ;
#5366 = CARTESIAN_POINT ( 'NONE',  ( -28.09900981414012477, -13.42920292477737121, -3.964755308625542263 ) ) ;
#5367 = CARTESIAN_POINT ( 'NONE',  ( 1.552617487151255471, -3.714262800929216901, -10.50000000000000178 ) ) ;
#5368 = CARTESIAN_POINT ( 'NONE',  ( 0.000000000000000000, 9.132863896322508168, -4.099999999999999645 ) ) ;
#5369 = CARTESIAN_POINT ( 'NONE',  ( -14.38403658501892224, 16.82728579420820481, -10.50000000000000533 ) ) ;
#5370 = B_SPLINE_CURVE_WITH_KNOTS ( 'NONE', 3,
 ( #6079, #9006, #2622, #7624 ),
 .UNSPECIFIED., .F., .F.,
 ( 4, 4 ),
 ( 2.403872770712394077E-07, 0.003005069203636530351 ),
 .UNSPECIFIED. ) ;
#5371 = CARTESIAN_POINT ( 'NONE',  ( 18.67067893103541820, 24.67720395357705243, -3.666664066441804426 ) ) ;
#5373 = ADVANCED_FACE ( 'NONE', ( #7688 ), #7760, .T. ) ;
#5372 = CARTESIAN_POINT ( 'NONE',  ( 15.44972555164448380, 15.59193638964908857, -10.50000000000000533 ) ) ;
#5374 = DIRECTION ( 'NONE',  ( -0.000000000000000000, -0.000000000000000000, 1.000000000000000000 ) ) ;
#5375 = DIRECTION ( 'NONE',  ( -0.000000000000000000, -0.000000000000000000, 1.000000000000000000 ) ) ;
#5376 = ORIENTED_EDGE ( 'NONE', *, *, #1988, .T. ) ;
#5377 = CARTESIAN_POINT ( 'NONE',  ( -25.15520000732616523, -12.58580576330709988, 8.804907486708450052E-16 ) ) ;
#5378 = CARTESIAN_POINT ( 'NONE',  ( -35.43775491882259132, -2.103540227746489855, -15.97300927160972073 ) ) ;
#5379 = CARTESIAN_POINT ( 'NONE',  ( -13.39346758508473734, 25.49263713959059174, -0.4452998037747750160 ) ) ;
#5380 = ORIENTED_EDGE ( 'NONE', *, *, #1751, .T. ) ;
#5381 = CARTESIAN_POINT ( 'NONE',  ( 29.76743496498353281, -10.30290326099764719, -10.50000000000000355 ) ) ;
#5382 = LINE ( 'NONE', #3195, #5933 ) ;
#5383 = ORIENTED_EDGE ( 'NONE', *, *, #6139, .F. ) ;
#5384 = CARTESIAN_POINT ( 'NONE',  ( -1.536295572996437375, -33.46555341488708990, -15.50119477829921522 ) ) ;
#5385 = DIRECTION ( 'NONE',  ( -0.000000000000000000, -0.000000000000000000, 1.000000000000000000 ) ) ;
#5386 = EDGE_LOOP ( 'NONE', ( #7036, #5268 ) ) ;
#5387 = DIRECTION ( 'NONE',  ( -0.5877852522924805756, 0.8090169943749419001, 0.000000000000000000 ) ) ;
#5388 = LINE ( 'NONE', #4685, #5636 ) ;
#5389 = CARTESIAN_POINT ( 'NONE',  ( -15.28056448235628473, 1.512277916403987676, -4.500000000000000000 ) ) ;
#5391 = ADVANCED_FACE ( 'NONE', ( #914 ), #817, .F. ) ;
#5390 = VERTEX_POINT ( 'NONE', #4454 ) ;
#5392 = CARTESIAN_POINT ( 'NONE',  ( 21.85595376812088375, -25.38832969884735036, -17.82748966721275607 ) ) ;
#5393 = EDGE_CURVE ( 'NONE', #9143, #6332, #6027, .T. ) ;
#5394 = DIRECTION ( 'NONE',  ( 1.000000000000000000, 0.000000000000000000, 0.000000000000000000 ) ) ;
#5395 = EDGE_CURVE ( 'NONE', #4672, #3808, #3289, .T. ) ;
#5396 = CARTESIAN_POINT ( 'NONE',  ( -23.16091849810791459, -26.90393752456239085, -17.82637605772025324 ) ) ;
#5397 = CARTESIAN_POINT ( 'NONE',  ( -29.08132734715800183, -8.818218713145686394, -2.833330587785095389 ) ) ;
#5398 = ORIENTED_EDGE ( 'NONE', *, *, #851, .T. ) ;
#5399 = CARTESIAN_POINT ( 'NONE',  ( 0.2031436097210259362, -3.965165599825381637, -30.50000000000000711 ) ) ;
#5400 = CARTESIAN_POINT ( 'NONE',  ( -10.88555644094604524, -9.396131989647100724, -2.000000000000003553 ) ) ;
#5401 = ORIENTED_EDGE ( 'NONE', *, *, #8871, .T. ) ;
#5402 = CARTESIAN_POINT ( 'NONE',  ( 1.809374981418587991, 3.511219471439586570, -30.50000000000000711 ) ) ;
#5403 = CARTESIAN_POINT ( 'NONE',  ( -12.95339097675751816, 24.96817426059995526, 8.995489899840673545E-16 ) ) ;
#5404 = VECTOR ( 'NONE', #2387, 1000.000000000000114 ) ;
#5405 = CARTESIAN_POINT ( 'NONE',  ( 35.46356059726001320, -1.626671323312551820, -19.50000510125887843 ) ) ;
#5406 = CARTESIAN_POINT ( 'NONE',  ( -15.44957962323604050, 15.59208098572123369, -10.50000000000000533 ) ) ;
#5407 = FACE_OUTER_BOUND ( 'NONE', #634, .T. ) ;
#5408 = EDGE_CURVE ( 'NONE', #7694, #5243, #2021, .T. ) ;
#5409 = CARTESIAN_POINT ( 'NONE',  ( -3.948516843669619636, -0.7845915821038157434, -10.50000000000000533 ) ) ;
#5410 = CARTESIAN_POINT ( 'NONE',  ( -33.44115701281391040, 1.998120891395615661, -15.96378118986502237 ) ) ;
#5411 = CARTESIAN_POINT ( 'NONE',  ( 6.849593510661267537, -21.05091742460640702, -10.50000000000000533 ) ) ;
#5412 = EDGE_CURVE ( 'NONE', #6512, #7906, #5197, .T. ) ;
#5413 = CARTESIAN_POINT ( 'NONE',  ( -12.15597749922612181, 7.892699857356057613, 0.000000000000000000 ) ) ;
#5414 = B_SPLINE_CURVE_WITH_KNOTS ( 'NONE', 3,
 ( #1306, #6942, #9034, #8302 ),
 .UNSPECIFIED., .F., .F.,
 ( 4, 4 ),
 ( 0.000000000000000000, 1.000000000000000000 ),
 .UNSPECIFIED. ) ;
#5415 = AXIS2_PLACEMENT_3D ( 'NONE', #8894, #2506, #5204 ) ;
#5416 = CARTESIAN_POINT ( 'NONE',  ( -26.68497354819113454, -23.41323972518875252, -16.24166244697568473 ) ) ;
#5417 = DIRECTION ( 'NONE',  ( -0.000000000000000000, -0.000000000000000000, 1.000000000000000000 ) ) ;
#5418 = EDGE_LOOP ( 'NONE', ( #3290, #7412, #3462, #1137 ) ) ;
#5419 = B_SPLINE_CURVE_WITH_KNOTS ( 'NONE', 3,
 ( #8376, #7682, #1287, #593, #3999, #9105 ),
 .UNSPECIFIED., .F., .F.,
 ( 4, 2, 4 ),
 ( 9.905261040419305845E-07, 0.005987115715835389547, 0.01197324090556673749 ),
 .UNSPECIFIED. ) ;
#5420 = CARTESIAN_POINT ( 'NONE',  ( -22.25299357532007960, 22.29482732111076260, -4.500000000000003553 ) ) ;
#5421 = AXIS2_PLACEMENT_3D ( 'NONE', #6263, #3938, #3327 ) ;
#5422 = ORIENTED_EDGE ( 'NONE', *, *, #3617, .F. ) ;
#5423 = CARTESIAN_POINT ( 'NONE',  ( 30.13825535823345092, -9.161635441443440442, -2.000000000000003553 ) ) ;
#5424 = CARTESIAN_POINT ( 'NONE',  ( -28.42925066989131722, -9.026931046942955561, -2.000000000000004441 ) ) ;
#5425 = CARTESIAN_POINT ( 'NONE',  ( 0.6001100506512210275, -3.904147528860479888, -30.50000000000000711 ) ) ;
#5426 = ORIENTED_EDGE ( 'NONE', *, *, #5533, .T. ) ;
#5427 = CARTESIAN_POINT ( 'NONE',  ( -0.6001100417513325347, -3.904147530228489593, -30.50000000000000711 ) ) ;
#5428 = AXIS2_PLACEMENT_3D ( 'NONE', #7006, #3459, #5605 ) ;
#5429 = ORIENTED_EDGE ( 'NONE', *, *, #5981, .T. ) ;
#5430 = CARTESIAN_POINT ( 'NONE',  ( -24.60772870839969784, -25.58931128696366741, -19.93459846097958987 ) ) ;
#5431 = CARTESIAN_POINT ( 'NONE',  ( -24.14227662959824983, 26.02888938604356284, -15.31533489714581542 ) ) ;
#5432 = EDGE_LOOP ( 'NONE', ( #8018, #2585, #9027, #2581 ) ) ;
#5433 = CARTESIAN_POINT ( 'NONE',  ( 13.82261632646289051, -5.122117632481403504, -12.17388725618424772 ) ) ;
#5434 = FACE_OUTER_BOUND ( 'NONE', #3486, .T. ) ;
#5435 = DIRECTION ( 'NONE',  ( 1.000000000000000000, 0.000000000000000000, 0.000000000000000000 ) ) ;
#5436 = ORIENTED_EDGE ( 'NONE', *, *, #2313, .F. ) ;
#5437 = CARTESIAN_POINT ( 'NONE',  ( -6.080025426162435132, 7.347656102552427626, -3.400044570078940342 ) ) ;
#5438 = CIRCLE ( 'NONE', #8271, 31.50000000000000000 ) ;
#5439 = DIRECTION ( 'NONE',  ( 1.526556658859590243E-14, -1.000000000000000000, 0.000000000000000000 ) ) ;
#5440 = AXIS2_PLACEMENT_3D ( 'NONE', #3904, #3299, #4044 ) ;
#5441 = CARTESIAN_POINT ( 'NONE',  ( 23.22165922880457956, -24.14737896525955207, -15.06543078875061603 ) ) ;
#5442 = CARTESIAN_POINT ( 'NONE',  ( -20.22473035260683716, 20.76789089395823495, -3.733038658339573601 ) ) ;
#5443 = ORIENTED_EDGE ( 'NONE', *, *, #833, .T. ) ;
#5444 = CARTESIAN_POINT ( 'NONE',  ( -3.740256940343003045, -1.846093615536174237, -27.36617565513556727 ) ) ;
#5445 = CARTESIAN_POINT ( 'NONE',  ( 10.00781309531565455, -2.620858256342515791, -2.000000000000003553 ) ) ;
#5446 = EDGE_CURVE ( 'NONE', #3384, #2332, #389, .T. ) ;
#5447 = EDGE_LOOP ( 'NONE', ( #5312, #927, #7393, #1761 ) ) ;
#5448 = CARTESIAN_POINT ( 'NONE',  ( 2.545504918753922485, 4.524367918665796573, -23.20114514452819066 ) ) ;
#5449 = DIRECTION ( 'NONE',  ( 0.000000000000000000, -0.000000000000000000, 1.000000000000000000 ) ) ;
#5450 = VECTOR ( 'NONE', #5320, 1000.000000000000000 ) ;
#5451 = DIRECTION ( 'NONE',  ( -0.000000000000000000, -0.000000000000000000, -1.000000000000000000 ) ) ;
#5452 = CARTESIAN_POINT ( 'NONE',  ( 0.000000000000000000, 0.000000000000000000, -9.500000000000005329 ) ) ;
#5453 = CARTESIAN_POINT ( 'NONE',  ( -28.10744299792456502, -14.21013239918325155, -4.492893942089978054 ) ) ;
#5454 = CARTESIAN_POINT ( 'NONE',  ( -3.750000000000000000, 14.00000000000000000, -4.500000000000000000 ) ) ;
#5455 = CARTESIAN_POINT ( 'NONE',  ( -35.47637170968997111, 1.334036673779970483, -15.31533489725400798 ) ) ;
#5456 = CARTESIAN_POINT ( 'NONE',  ( 1.200539366113381856, -22.10467735366389874, -10.50000000000000533 ) ) ;
#5457 = FACE_OUTER_BOUND ( 'NONE', #8025, .T. ) ;
#5458 = EDGE_CURVE ( 'NONE', #8329, #7128, #3611, .T. ) ;
#5459 = AXIS2_PLACEMENT_3D ( 'NONE', #7451, #3105, #1051 ) ;
#5460 = EDGE_CURVE ( 'NONE', #2461, #1625, #7977, .T. ) ;
#5461 = CARTESIAN_POINT ( 'NONE',  ( -33.49078568033237246, -0.8004787946543894250, -15.12618847594106875 ) ) ;
#5462 = CIRCLE ( 'NONE', #6510, 29.50000000000000000 ) ;
#5463 = B_SPLINE_CURVE_WITH_KNOTS ( 'NONE', 3,
 ( #8782, #2393, #5227, #76, #5746, #8596, #2205, #2692, #4138, #1302, #1348, #8131, #350, #306, #2481, #3393, #4832, #5325 ),
 .UNSPECIFIED., .F., .F.,
 ( 4, 2, 2, 2, 2, 2, 2, 2, 4 ),
 ( 0.000000000000000000, 0.06250000000000000000, 0.1250000000000000000, 0.1874999999999999722, 0.2500000000000000000, 0.3125000000000000000, 0.3749999999999999445, 0.4375000000000000000, 0.4999148010363513306 ),
 .UNSPECIFIED. ) ;
#5464 = CARTESIAN_POINT ( 'NONE',  ( 4.958733137176660755, 21.55660036373701516, -10.50000000000000533 ) ) ;
#5465 = DIRECTION ( 'NONE',  ( 1.000000000000000000, 0.000000000000000000, 0.000000000000000000 ) ) ;
#5466 = CARTESIAN_POINT ( 'NONE',  ( 24.56333324282163133, -22.78127799638668805, -15.31632817220725329 ) ) ;
#5467 = VERTEX_POINT ( 'NONE', #6687 ) ;
#5468 = DIRECTION ( 'NONE',  ( 1.000000000000000000, 0.000000000000000000, 0.000000000000000000 ) ) ;
#5469 = CARTESIAN_POINT ( 'NONE',  ( -35.42576640341864191, -2.296612702807572681, -16.24555671993771355 ) ) ;
#5470 = CARTESIAN_POINT ( 'NONE',  ( -26.05195309801981196, -13.84000504980310353, -4.500000000000000000 ) ) ;
#5471 = ORIENTED_EDGE ( 'NONE', *, *, #8307, .T. ) ;
#5472 = CIRCLE ( 'NONE', #7417, 3.950000000000000178 ) ;
#5473 = CARTESIAN_POINT ( 'NONE',  ( -4.208095910700049735, -27.64638993119867294, 0.000000000000000000 ) ) ;
#5474 = CARTESIAN_POINT ( 'NONE',  ( -24.56247308257300332, -22.78214836880915328, -15.31533489710971807 ) ) ;
#5475 = CARTESIAN_POINT ( 'NONE',  ( -25.10229073212245154, 25.10229073212242668, -15.00000000000000178 ) ) ;
#5476 = ORIENTED_EDGE ( 'NONE', *, *, #6761, .T. ) ;
#5477 = ORIENTED_EDGE ( 'NONE', *, *, #1491, .F. ) ;
#5478 = CARTESIAN_POINT ( 'NONE',  ( 4.978293946427394090, -2.248722096866275333, -22.47244482857090730 ) ) ;
#5479 = CARTESIAN_POINT ( 'NONE',  ( -29.76743496498323438, -10.30290326099850162, -9.500000000000005329 ) ) ;
#5480 = CARTESIAN_POINT ( 'NONE',  ( 28.23577377035464053, -8.543481701821182384, -9.500000000000005329 ) ) ;
#5481 = ORIENTED_EDGE ( 'NONE', *, *, #2886, .F. ) ;
#5482 = CARTESIAN_POINT ( 'NONE',  ( -12.30007449020319754, 7.449214920469411361, -2.000000000000003553 ) ) ;
#5483 = AXIS2_PLACEMENT_3D ( 'NONE', #6923, #1238, #8242 ) ;
#5484 = CARTESIAN_POINT ( 'NONE',  ( -0.2160423916220582941, 3.977834876855024682, -30.50000000000000711 ) ) ;
#5485 = CARTESIAN_POINT ( 'NONE',  ( 26.55587143685377427, -23.56049693489923413, -15.96412339890090593 ) ) ;
#5486 = CARTESIAN_POINT ( 'NONE',  ( -3.220560743746225807, 5.457647852796399413, -20.52154550517819587 ) ) ;
#5487 = ORIENTED_EDGE ( 'NONE', *, *, #354, .T. ) ;
#5488 = CARTESIAN_POINT ( 'NONE',  ( -5.808072432866059565, -2.521164542366317818, -20.47516012795525953 ) ) ;
#5489 = CARTESIAN_POINT ( 'NONE',  ( 3.530410635644050554, 3.838410599436147486, -23.13369548906706896 ) ) ;
#5490 = CARTESIAN_POINT ( 'NONE',  ( -2.780220478896693326, 2.805864232054615659, -10.50000000000000355 ) ) ;
#5491 = ORIENTED_EDGE ( 'NONE', *, *, #3281, .F. ) ;
#5492 = CARTESIAN_POINT ( 'NONE',  ( 6.839779851749754336, 10.43557592445233162, -13.47923524289879182 ) ) ;
#5493 = CARTESIAN_POINT ( 'NONE',  ( -29.67065432173288642, -5.380230513505780188, -2.481296856322389388 ) ) ;
#5494 = CARTESIAN_POINT ( 'NONE',  ( -30.86387592289417370, -5.485355051881302124, -4.271157366989793758 ) ) ;
#5495 = CARTESIAN_POINT ( 'NONE',  ( 14.78226698086827895, 27.14774380890543171, -3.617112386346103214 ) ) ;
#5496 = CARTESIAN_POINT ( 'NONE',  ( 4.979690780034018454E-13, -35.50000000000000711, -15.00000000000000000 ) ) ;
#5497 = DIRECTION ( 'NONE',  ( -0.5740716841873712006, 0.000000000000000000, -0.8188050448148661564 ) ) ;
#5498 = CARTESIAN_POINT ( 'NONE',  ( 2.030270917882635917, 1.840000000000000080, -44.49999999999998579 ) ) ;
#5499 = EDGE_LOOP ( 'NONE', ( #832, #650, #4952, #1377 ) ) ;
#5500 = PLANE ( 'NONE',  #3789 ) ;
#5501 = CARTESIAN_POINT ( 'NONE',  ( 0.000000000000000000, 2.340000000000000302, -45.00000000000000000 ) ) ;
#5502 = EDGE_CURVE ( 'NONE', #1236, #788, #2396, .T. ) ;
#5503 = ADVANCED_FACE ( 'NONE', ( #4678 ), #5239, .F. ) ;
#5504 = CARTESIAN_POINT ( 'NONE',  ( 23.56096221559744919, -26.55543454585406593, -15.96378118974994109 ) ) ;
#5505 = EDGE_CURVE ( 'NONE', #6830, #7665, #8410, .T. ) ;
#5506 = CARTESIAN_POINT ( 'NONE',  ( -0.5851472799261852042, 3.937273579365668574, -10.49999999999526423 ) ) ;
#5507 = DIRECTION ( 'NONE',  ( 0.000000000000000000, 0.000000000000000000, 1.000000000000000000 ) ) ;
#5508 = CARTESIAN_POINT ( 'NONE',  ( -3.283692341844998808, 15.00000000000000000, -2.000000000000003553 ) ) ;
#5509 = ORIENTED_EDGE ( 'NONE', *, *, #8165, .T. ) ;
#5510 = FACE_OUTER_BOUND ( 'NONE', #2762, .T. ) ;
#5511 = CARTESIAN_POINT ( 'NONE',  ( -35.40119919275874594, -2.646714135710861449, -17.82637605770336009 ) ) ;
#5512 = DIRECTION ( 'NONE',  ( 0.000000000000000000, 0.000000000000000000, -1.000000000000000000 ) ) ;
#5513 = ORIENTED_EDGE ( 'NONE', *, *, #736, .F. ) ;
#5514 = DIRECTION ( 'NONE',  ( 0.000000000000000000, 0.000000000000000000, 1.000000000000000000 ) ) ;
#5515 = CARTESIAN_POINT ( 'NONE',  ( -25.10229073212194351, -25.10229073212294182, -15.00000000000000355 ) ) ;
#5516 = CARTESIAN_POINT ( 'NONE',  ( -21.85595376812036150, 25.38832969884780510, -17.82748966720692252 ) ) ;
#5517 = ADVANCED_FACE ( 'NONE', ( #1760 ), #4593, .T. ) ;
#5518 = ORIENTED_EDGE ( 'NONE', *, *, #9089, .F. ) ;
#5519 = CARTESIAN_POINT ( 'NONE',  ( 4.855218671604466962, -0.9468564488999252626, -23.93034589628455322 ) ) ;
#5520 = DIRECTION ( 'NONE',  ( -0.000000000000000000, -0.000000000000000000, 1.000000000000000000 ) ) ;
#5521 = DIRECTION ( 'NONE',  ( -0.5299192642332090086, 0.8480480961564235143, 0.000000000000000000 ) ) ;
#5522 = ORIENTED_EDGE ( 'NONE', *, *, #3185, .T. ) ;
#5523 = CARTESIAN_POINT ( 'NONE',  ( -22.58058128322365832, -24.74716059350980757, -15.49726176816959722 ) ) ;
#5524 = CARTESIAN_POINT ( 'NONE',  ( 25.05888422976876484, 22.23411612987652219, -19.03685471093467285 ) ) ;
#5525 = CARTESIAN_POINT ( 'NONE',  ( 0.3108961472256717151, 3.971547331726301699, -30.50000000000000711 ) ) ;
#5526 = ORIENTED_EDGE ( 'NONE', *, *, #1658, .T. ) ;
#5527 = CARTESIAN_POINT ( 'NONE',  ( 24.56333324282163133, -22.78127799638668805, -15.31632817220725329 ) ) ;
#5528 = CARTESIAN_POINT ( 'NONE',  ( -4.734315801998040030, 7.537007701107730107, -16.72409107523685634 ) ) ;
#5529 = ORIENTED_EDGE ( 'NONE', *, *, #2765, .F. ) ;
#5530 = CARTESIAN_POINT ( 'NONE',  ( 0.000000000000000000, 0.000000000000000000, -33.50000000000000000 ) ) ;
#5531 = B_SPLINE_CURVE_WITH_KNOTS ( 'NONE', 1,
 ( #2401, #952 ),
 .UNSPECIFIED., .F., .F.,
 ( 2, 2 ),
 ( 0.000000000000000000, 1.000000000000000000 ),
 .UNSPECIFIED. ) ;
#5532 = CARTESIAN_POINT ( 'NONE',  ( -17.37024318868384398, 24.24834900243233449, -2.000000000000005329 ) ) ;
#5533 = EDGE_CURVE ( 'NONE', #1892, #7665, #1805, .T. ) ;
#5534 = DIRECTION ( 'NONE',  ( 0.000000000000000000, 0.000000000000000000, 1.000000000000000000 ) ) ;
#5535 = ORIENTED_EDGE ( 'NONE', *, *, #6741, .T. ) ;
#5536 = CARTESIAN_POINT ( 'NONE',  ( 2.454196136582446286, 4.398558426389985065, -23.65423366173227393 ) ) ;
#5537 = PLANE ( 'NONE',  #3642 ) ;
#5538 = CARTESIAN_POINT ( 'NONE',  ( -25.34906994216019882, 24.85551152208468650, -14.99961911895351285 ) ) ;
#5539 = CARTESIAN_POINT ( 'NONE',  ( 1.258879677945507813, 33.47770288097871116, -15.31533489718471941 ) ) ;
#5540 = ORIENTED_EDGE ( 'NONE', *, *, #2162, .F. ) ;
#5541 = DIRECTION ( 'NONE',  ( -0.000000000000000000, -0.000000000000000000, 1.000000000000000000 ) ) ;
#5542 = PLANE ( 'NONE',  #8432 ) ;
#5543 = CARTESIAN_POINT ( 'NONE',  ( -35.47640828685189263, 1.333172084470629182, -19.68467263745364804 ) ) ;
#5544 = ORIENTED_EDGE ( 'NONE', *, *, #1977, .F. ) ;
#5545 = ORIENTED_EDGE ( 'NONE', *, *, #6476, .T. ) ;
#5546 = CARTESIAN_POINT ( 'NONE',  ( 26.55493701960570618, 23.56152604807810746, -19.03685471093467285 ) ) ;
#5547 = CYLINDRICAL_SURFACE ( 'NONE', #8541, 3.950000000000000178 ) ;
#5548 = DIRECTION ( 'NONE',  ( 0.000000000000000000, 0.000000000000000000, -1.000000000000000000 ) ) ;
#5549 = AXIS2_PLACEMENT_3D ( 'NONE', #2200, #3690, #5738 ) ;
#5550 = EDGE_CURVE ( 'NONE', #6790, #7512, #7576, .T. ) ;
#5551 = CARTESIAN_POINT ( 'NONE',  ( -23.55958276952174302, -26.55666701238740757, -19.03432852958535548 ) ) ;
#5552 = DIRECTION ( 'NONE',  ( -1.000000000000000000, 0.000000000000000000, 0.000000000000000000 ) ) ;
#5553 = B_SPLINE_CURVE_WITH_KNOTS ( 'NONE', 3,
 ( #5973, #1734, #980, #2425, #8813, #1639, #7284, #890, #3828, #842 ),
 .UNSPECIFIED., .F., .F.,
 ( 4, 2, 2, 2, 4 ),
 ( 1.507619669824044715E-16, 0.0004177826574207626912, 0.0008355653148413746782, 0.001253347972261986557, 0.001671130629682598435 ),
 .UNSPECIFIED. ) ;
#5554 = CARTESIAN_POINT ( 'NONE',  ( -24.14291385039296856, 26.02830389316018511, -19.68467263747258400 ) ) ;
#5555 = VERTEX_POINT ( 'NONE', #3989 ) ;
#5556 = CARTESIAN_POINT ( 'NONE',  ( 2.313465172530297043, 35.42478633093352158, -16.24166244714356111 ) ) ;
#5557 = CARTESIAN_POINT ( 'NONE',  ( 2.843890762323673549, -2.849324980608836988, -30.50000000000000711 ) ) ;
#5558 = EDGE_CURVE ( 'NONE', #2875, #2240, #5382, .T. ) ;
#5559 = ORIENTED_EDGE ( 'NONE', *, *, #5290, .T. ) ;
#5560 = VECTOR ( 'NONE', #6189, 1000.000000000000000 ) ;
#5561 = EDGE_CURVE ( 'NONE', #2575, #866, #8023, .T. ) ;
#5562 = CARTESIAN_POINT ( 'NONE',  ( 33.49999943314500683, -0.3274069394566199720, -19.99974338382932260 ) ) ;
#5563 = CIRCLE ( 'NONE', #2740, 31.50000000000000000 ) ;
#5564 = CARTESIAN_POINT ( 'NONE',  ( -23.21241824180631141, -26.85984677236031715, -18.15144138431149301 ) ) ;
#5565 = CARTESIAN_POINT ( 'NONE',  ( -24.14765994679708072, 23.22137779530966739, -19.93459846103375455 ) ) ;
#5566 = ORIENTED_EDGE ( 'NONE', *, *, #508, .F. ) ;
#5567 = CARTESIAN_POINT ( 'NONE',  ( 3.828408618108531059, -1.874802699794145378, -26.78638110688591212 ) ) ;
#5568 = DIRECTION ( 'NONE',  ( -0.000000000000000000, -0.7071067811865576758, 0.7071067811865374697 ) ) ;
#5569 = FACE_OUTER_BOUND ( 'NONE', #5236, .T. ) ;
#5570 = ORIENTED_EDGE ( 'NONE', *, *, #3027, .T. ) ;
#5571 = CARTESIAN_POINT ( 'NONE',  ( -25.85595051351005935, -12.76052248750528406, -3.500000000002556177 ) ) ;
#5572 = ADVANCED_FACE ( 'NONE', ( #1660 ), #8793, .F. ) ;
#5573 = CARTESIAN_POINT ( 'NONE',  ( 21.85613440037106159, 25.38817419733645409, -17.16962608734229079 ) ) ;
#5574 = AXIS2_PLACEMENT_3D ( 'NONE', #123, #3699, #5317 ) ;
#5575 = ADVANCED_FACE ( 'NONE', ( #7352 ), #410, .T. ) ;
#5576 = CARTESIAN_POINT ( 'NONE',  ( 3.028144824007807490, 2.588471276118724518, -10.50000000000000178 ) ) ;
#5577 = CARTESIAN_POINT ( 'NONE',  ( 23.92084648231374544, -23.45528926195855490, -19.99993715639902092 ) ) ;
#5578 = CARTESIAN_POINT ( 'NONE',  ( -2.780220478896693326, 2.805864232054615659, -10.50000000000000355 ) ) ;
#5579 = AXIS2_PLACEMENT_3D ( 'NONE', #3849, #4544, #8196 ) ;
#5580 = AXIS2_PLACEMENT_3D ( 'NONE', #5907, #2972, #6601 ) ;
#5581 = CARTESIAN_POINT ( 'NONE',  ( -4.775542684484696210, 7.593754612448237573, -16.64262364983805043 ) ) ;
#5582 = ORIENTED_EDGE ( 'NONE', *, *, #7577, .F. ) ;
#5583 = DIRECTION ( 'NONE',  ( -1.000000000000000000, 0.000000000000000000, 0.000000000000000000 ) ) ;
#5584 = CARTESIAN_POINT ( 'NONE',  ( 3.928856157748571665, 4.384522140723682071, -21.46645052556057465 ) ) ;
#5585 = DIRECTION ( 'NONE',  ( 0.000000000000000000, 0.000000000000000000, -1.000000000000000000 ) ) ;
#5586 = ORIENTED_EDGE ( 'NONE', *, *, #8381, .T. ) ;
#5587 = CARTESIAN_POINT ( 'NONE',  ( -25.10229073212193995, -25.10229073212293827, -15.00000000000000355 ) ) ;
#5588 = DIRECTION ( 'NONE',  ( -0.06975647374412907720, 0.9975640502598240866, 0.000000000000000000 ) ) ;
#5589 = CARTESIAN_POINT ( 'NONE',  ( -3.473919708420031061, 5.802221249860167518, -7.638112240242374007 ) ) ;
#5590 = MECHANICAL_DESIGN_GEOMETRIC_PRESENTATION_REPRESENTATION (  '', ( #7827 ), #2614 ) ;
#5591 = CARTESIAN_POINT ( 'NONE',  ( 2.116661196716040916, 35.43769088425121083, -19.03685471104485316 ) ) ;
#5592 = VERTEX_POINT ( 'NONE', #5901 ) ;
#5593 = DIRECTION ( 'NONE',  ( -0.000000000000000000, -0.000000000000000000, 1.000000000000000000 ) ) ;
#5594 = CARTESIAN_POINT ( 'NONE',  ( -33.49496812531335621, 0.6545827029145731002, -15.06543078863676222 ) ) ;
#5595 = B_SPLINE_CURVE_WITH_KNOTS ( 'NONE', 3,
 ( #8503, #663, #7713, #3595, #9130, #5504, #6433, #8544, #2119, #7759, #2662, #1406, #4243, #4938, #3500, #1320, #8359, #2753 ),
 .UNSPECIFIED., .F., .F.,
 ( 4, 2, 2, 2, 2, 2, 2, 2, 4 ),
 ( 0.000000000000000000, 0.06249999999999966693, 0.1249999999999993339, 0.1874999999999994449, 0.2499999999999995559, 0.3124999999999996669, 0.3749999999999997780, 0.4374999999999998890, 0.5000000000000000000 ),
 .UNSPECIFIED. ) ;
#5596 = ORIENTED_EDGE ( 'NONE', *, *, #5221, .T. ) ;
#5597 = CARTESIAN_POINT ( 'NONE',  ( 4.699203266095297593E-13, -33.50000000000000000, -15.00000000000000178 ) ) ;
#5598 = AXIS2_PLACEMENT_3D ( 'NONE', #8818, #1076, #8909 ) ;
#5599 = CARTESIAN_POINT ( 'NONE',  ( -13.41745644144423721, 25.52122594533924982, -3.500000000000001776 ) ) ;
#5600 = DIRECTION ( 'NONE',  ( -0.000000000000000000, -0.000000000000000000, 1.000000000000000000 ) ) ;
#5601 = CARTESIAN_POINT ( 'NONE',  ( -25.10229073212194351, -25.10229073212294182, -15.00000000000000355 ) ) ;
#5602 = CARTESIAN_POINT ( 'NONE',  ( 19.98570358324317908, 20.42288086254254864, -0.2033801135338014487 ) ) ;
#5603 = CARTESIAN_POINT ( 'NONE',  ( -26.90393752455884524, 23.16091849811204639, -17.82637605769736311 ) ) ;
#5604 = ORIENTED_EDGE ( 'NONE', *, *, #8083, .T. ) ;
#5605 = DIRECTION ( 'NONE',  ( 1.000000000000000000, 0.000000000000000000, 0.000000000000000000 ) ) ;
#5606 =( NAMED_UNIT ( * ) SI_UNIT ( $, .STERADIAN. ) SOLID_ANGLE_UNIT ( ) );
#5607 = CARTESIAN_POINT ( 'NONE',  ( -8.627948783504153951, -20.63996909145999936, -10.50000000000000533 ) ) ;
#5608 = VERTEX_POINT ( 'NONE', #8750 ) ;
#5609 = CIRCLE ( 'NONE', #1602, 9.132863896322508168 ) ;
#5610 = DIRECTION ( 'NONE',  ( -0.000000000000000000, -0.000000000000000000, 1.000000000000000000 ) ) ;
#5611 = EDGE_CURVE ( 'NONE', #6838, #1304, #1446, .T. ) ;
#5612 = CARTESIAN_POINT ( 'NONE',  ( -26.85925623098004777, -23.21309894036935262, -16.84589223791972401 ) ) ;
#5613 = CARTESIAN_POINT ( 'NONE',  ( -24.75003765948719092, 22.57741158152162342, -19.49867079337194653 ) ) ;
#5614 = ORIENTED_EDGE ( 'NONE', *, *, #7239, .T. ) ;
#5615 = CARTESIAN_POINT ( 'NONE',  ( 4.266000931506028770, -0.7552303922511992562, -26.37140402901194136 ) ) ;
#5616 = CARTESIAN_POINT ( 'NONE',  ( 26.17704654269362052, -13.51809717339329531, -4.442071776254559623 ) ) ;
#5617 = VECTOR ( 'NONE', #2341, 1000.000000000000000 ) ;
#5618 = CARTESIAN_POINT ( 'NONE',  ( -3.898491231073317298, -0.6358192520240811829, -10.50000000000000355 ) ) ;
#5619 = ORIENTED_EDGE ( 'NONE', *, *, #8268, .T. ) ;
#5620 = CARTESIAN_POINT ( 'NONE',  ( -21.90561283691128835, -25.34580837215905902, -16.84523636464357566 ) ) ;
#5621 = CARTESIAN_POINT ( 'NONE',  ( 25.34570240372978134, 21.90573087367206639, -18.15506602333612918 ) ) ;
#5622 = CARTESIAN_POINT ( 'NONE',  ( -3.788206096911972409, -1.232614777549292828, -10.50000000000000533 ) ) ;
#5623 = ORIENTED_EDGE ( 'NONE', *, *, #4886, .T. ) ;
#5624 = CIRCLE ( 'NONE', #2355, 2.740000000000000213 ) ;
#5625 = CIRCLE ( 'NONE', #3086, 10.34529946162073166 ) ;
#5626 = CARTESIAN_POINT ( 'NONE',  ( 26.68361434972762325, -23.41479346988197818, -16.23749250320539161 ) ) ;
#5627 = EDGE_CURVE ( 'NONE', #8676, #3762, #2338, .T. ) ;
#5628 = CARTESIAN_POINT ( 'NONE',  ( -2.313465172584241447, -35.42478633092978413, -16.24166244720775865 ) ) ;
#5629 = DIRECTION ( 'NONE',  ( 0.000000000000000000, -0.000000000000000000, 1.000000000000000000 ) ) ;
#5630 = ORIENTED_EDGE ( 'NONE', *, *, #786, .F. ) ;
#5631 = CARTESIAN_POINT ( 'NONE',  ( -13.56756298976895003, -5.039254664426860764, -12.30653339897417631 ) ) ;
#5632 = LINE ( 'NONE', #2145, #6382 ) ;
#5633 = CARTESIAN_POINT ( 'NONE',  ( -2.843911227749360116, -2.849304852839019464, -30.50000000000000711 ) ) ;
#5634 = ORIENTED_EDGE ( 'NONE', *, *, #5364, .T. ) ;
#5635 = DIRECTION ( 'NONE',  ( 1.000000000000000000, 0.000000000000000000, 0.000000000000000000 ) ) ;
#5636 = VECTOR ( 'NONE', #3296, 1000.000000000000000 ) ;
#5637 = CARTESIAN_POINT ( 'NONE',  ( -18.02646617301206433, 25.83208310054094525, -2.000000000000003553 ) ) ;
#5638 = CARTESIAN_POINT ( 'NONE',  ( -31.05377321464506934, -5.163599499926304404, -4.469861726502638355 ) ) ;
#5639 = CARTESIAN_POINT ( 'NONE',  ( -0.6549803906889856142, 33.49496780572290078, -19.93459846097855959 ) ) ;
#5640 = VERTEX_POINT ( 'NONE', #5473 ) ;
#5641 = CARTESIAN_POINT ( 'NONE',  ( 1.627996760436913659, -35.46350419274224919, -19.49867079296897288 ) ) ;
#5642 = VECTOR ( 'NONE', #4450, 1000.000000000000000 ) ;
#5643 = EDGE_CURVE ( 'NONE', #6799, #915, #2716, .T. ) ;
#5644 = CARTESIAN_POINT ( 'NONE',  ( -33.50000000000000000, -0.1633418547519590314, -14.99981109353422681 ) ) ;
#5645 = ORIENTED_EDGE ( 'NONE', *, *, #4200, .F. ) ;
#5646 = CARTESIAN_POINT ( 'NONE',  ( 23.41479347003184941, 26.68361434959709655, -16.23749250284440393 ) ) ;
#5647 = EDGE_CURVE ( 'NONE', #3867, #4202, #730, .T. ) ;
#5648 = CARTESIAN_POINT ( 'NONE',  ( 2.497529291849350574, -33.40677098190931105, -17.16962608725743067 ) ) ;
#5649 = CARTESIAN_POINT ( 'NONE',  ( 0.6029778437072735864, -6.302773534645985443, -20.47431632030390602 ) ) ;
#5650 = ORIENTED_EDGE ( 'NONE', *, *, #4074, .T. ) ;
#5651 = CARTESIAN_POINT ( 'NONE',  ( -22.78065227423524419, -24.56387081831730868, -19.68347431264994896 ) ) ;
#5652 = CARTESIAN_POINT ( 'NONE',  ( 25.05888422976876484, 22.23411612987652219, -19.03685471093467285 ) ) ;
#5653 = CARTESIAN_POINT ( 'NONE',  ( -26.22765184811328965, 23.92531675056769203, -19.49867079337194653 ) ) ;
#5654 = ORIENTED_EDGE ( 'NONE', *, *, #3339, .T. ) ;
#5655 = CARTESIAN_POINT ( 'NONE',  ( 2.646659642759245923, 35.40120326695732444, -17.17385420704539456 ) ) ;
#5656 = CARTESIAN_POINT ( 'NONE',  ( 18.02646617301165577, 25.83208310054121171, -4.500000000000002665 ) ) ;
#5657 = CARTESIAN_POINT ( 'NONE',  ( 3.717211357577157926, 1.545544317152948821, -10.50000000000000533 ) ) ;
#5658 = CARTESIAN_POINT ( 'NONE',  ( -0.6000000215660226122, -14.73566466336113834, -12.17058040062039481 ) ) ;
#5659 = CARTESIAN_POINT ( 'NONE',  ( 13.39346758508473911, 25.49263713959059530, -0.4452998037747736282 ) ) ;
#5660 = CARTESIAN_POINT ( 'NONE',  ( 0.6000000000001837197, -12.38547536431280882, -2.000000000000003553 ) ) ;
#5661 = CARTESIAN_POINT ( 'NONE',  ( -25.18158761285523539, 22.09419455810986577, -18.75847698594912316 ) ) ;
#5662 = ORIENTED_EDGE ( 'NONE', *, *, #4200, .T. ) ;
#5663 = VERTEX_POINT ( 'NONE', #5427 ) ;
#5664 = CARTESIAN_POINT ( 'NONE',  ( 7.411735186207800474, -1.775079796568582502, -18.37962009131714680 ) ) ;
#5665 = CARTESIAN_POINT ( 'NONE',  ( 26.11546777581910561, -12.93458860232830965, -3.964655755743110355 ) ) ;
#5666 = DIRECTION ( 'NONE',  ( 0.000000000000000000, 0.000000000000000000, 1.000000000000000000 ) ) ;
#5667 = VERTEX_POINT ( 'NONE', #2035 ) ;
#5668 = CARTESIAN_POINT ( 'NONE',  ( 24.14622553052563347, 23.22286413002773742, -19.93550015085430616 ) ) ;
#5669 = CARTESIAN_POINT ( 'NONE',  ( 4.149917038768041522, -30.94032029523106431, -4.075933793973240959 ) ) ;
#5670 = ORIENTED_EDGE ( 'NONE', *, *, #9046, .T. ) ;
#5671 = CARTESIAN_POINT ( 'NONE',  ( -23.92084648227210764, 23.45528926200019981, -19.99993715641065961 ) ) ;
#5672 = CARTESIAN_POINT ( 'NONE',  ( -1.334036673253063521, -35.47637170970502751, -15.31533489701057960 ) ) ;
#5673 = EDGE_CURVE ( 'NONE', #1236, #9175, #4413, .T. ) ;
#5674 = CARTESIAN_POINT ( 'NONE',  ( -1.809283244976708005, 3.511045717419837064, -29.35801986303124167 ) ) ;
#5675 = ADVANCED_FACE ( 'NONE', ( #9060 ), #4073, .F. ) ;
#5676 = ORIENTED_EDGE ( 'NONE', *, *, #1473, .F. ) ;
#5677 = CARTESIAN_POINT ( 'NONE',  ( -13.11791062705833255, -4.893214484354251326, -12.55498086401118840 ) ) ;
#5678 = CARTESIAN_POINT ( 'NONE',  ( -23.68807716974935218, 23.68807716974933442, -15.00000000000000000 ) ) ;
#5679 = CARTESIAN_POINT ( 'NONE',  ( -3.948516843669619636, -0.7845915821038157434, -10.50000000000000533 ) ) ;
#5680 = ORIENTED_EDGE ( 'NONE', *, *, #1075, .F. ) ;
#5681 = DIRECTION ( 'NONE',  ( 0.000000000000000000, -0.000000000000000000, -1.000000000000000000 ) ) ;
#5682 = LINE ( 'NONE', #2189, #3942 ) ;
#5683 = EDGE_CURVE ( 'NONE', #2455, #8734, #4729, .T. ) ;
#5684 = CARTESIAN_POINT ( 'NONE',  ( -8.934263628829315351, -2.272013022456428111, -16.35857659188386393 ) ) ;
#5685 = CARTESIAN_POINT ( 'NONE',  ( -2.181185387301747713, 33.42915353557592795, -16.23749250282575574 ) ) ;
#5686 = ORIENTED_EDGE ( 'NONE', *, *, #8537, .F. ) ;
#5687 = CARTESIAN_POINT ( 'NONE',  ( 2.296612702664478700, -35.42576640342753791, -16.24555671982134086 ) ) ;
#5688 = ADVANCED_FACE ( 'NONE', ( #6266 ), #1170, .F. ) ;
#5689 = DIRECTION ( 'NONE',  ( 0.000000000000000000, 0.000000000000000000, -1.000000000000000000 ) ) ;
#5690 = ORIENTED_EDGE ( 'NONE', *, *, #4996, .F. ) ;
#5691 = CARTESIAN_POINT ( 'NONE',  ( 21.90467636904617521, 25.34661596826827790, -18.15144138427706011 ) ) ;
#5692 = ADVANCED_FACE ( 'NONE', ( #3330 ), #4766, .F. ) ;
#5693 = CARTESIAN_POINT ( 'NONE',  ( -25.10329539043307889, 25.10128603360117694, -19.99992814200971480 ) ) ;
#5694 = CARTESIAN_POINT ( 'NONE',  ( 0.6021504145823561860, -7.598429320581590929, -18.37962711749933931 ) ) ;
#5695 = CARTESIAN_POINT ( 'NONE',  ( -23.41325094967824683, -26.68496597776748658, -18.75847698608141911 ) ) ;
#5696 = CARTESIAN_POINT ( 'NONE',  ( 0.000000000000000000, 29.50000000000000355, -9.500000000000005329 ) ) ;
#5697 = CARTESIAN_POINT ( 'NONE',  ( -21.45500250793711672, 22.57389446051353232, -3.964755308625542263 ) ) ;
#5698 = B_SPLINE_CURVE_WITH_KNOTS ( 'NONE', 3,
 ( #5010, #2921, #6599, #7311, #230, #5764 ),
 .UNSPECIFIED., .F., .F.,
 ( 4, 2, 4 ),
 ( 0.0009969199348458300611, 0.001494136143687314726, 0.001991352352528799607 ),
 .UNSPECIFIED. ) ;
#5699 =( NAMED_UNIT ( * ) PLANE_ANGLE_UNIT ( ) SI_UNIT ( $, .RADIAN. ) );
#5700 = CARTESIAN_POINT ( 'NONE',  ( 1.552627668231750135, -3.714258315867746685, -30.50000000000000711 ) ) ;
#5701 = CARTESIAN_POINT ( 'NONE',  ( 35.46364583727568487, 1.624969596286832685, -15.49862066589264664 ) ) ;
#5702 = VECTOR ( 'NONE', #8358, 1000.000000000000000 ) ;
#5703 = CARTESIAN_POINT ( 'NONE',  ( 31.11864321197798589, -4.886721257204695412, -4.500000000000002665 ) ) ;
#5704 = CARTESIAN_POINT ( 'NONE',  ( -14.81517829866597857, 27.21798642083320985, -3.733243394663867676 ) ) ;
#5705 = CYLINDRICAL_SURFACE ( 'NONE', #6803, 35.50000000000000711 ) ;
#5706 = VERTEX_POINT ( 'NONE', #9013 ) ;
#5707 = CIRCLE ( 'NONE', #1695, 0.9999999999999991118 ) ;
#5708 = ORIENTED_EDGE ( 'NONE', *, *, #7289, .T. ) ;
#5709 = CARTESIAN_POINT ( 'NONE',  ( 3.990544140695936104, -0.6660029885810246908, -28.40472562341042106 ) ) ;
#5710 = CARTESIAN_POINT ( 'NONE',  ( 26.20741414274559489, -13.21058373483922033, -4.272944771188474711 ) ) ;
#5711 = CARTESIAN_POINT ( 'NONE',  ( -1.335333399969475643, 35.47636405748819044, -15.31632817220716802 ) ) ;
#5712 = VERTEX_POINT ( 'NONE', #1281 ) ;
#5713 = CARTESIAN_POINT ( 'NONE',  ( 23.91896888597872817, 23.45720397285587566, -19.99991912763202251 ) ) ;
#5714 = CARTESIAN_POINT ( 'NONE',  ( -22.10467735366389874, -1.200539366085987103, -10.50000000000000533 ) ) ;
#5715 = AXIS2_PLACEMENT_3D ( 'NONE', #2680, #5521, #594 ) ;
#5716 = CARTESIAN_POINT ( 'NONE',  ( -5.863145910777345371, -1.274174253756096054, -2.000000000000003553 ) ) ;
#5717 = CARTESIAN_POINT ( 'NONE',  ( 0.6443920504384776926, -33.49417904839638993, -15.07870116200540522 ) ) ;
#5718 = CARTESIAN_POINT ( 'NONE',  ( 18.51994402108039495, 12.54972075002641674, -10.50000000000000533 ) ) ;
#5719 = ORIENTED_EDGE ( 'NONE', *, *, #2386, .F. ) ;
#5720 = CARTESIAN_POINT ( 'NONE',  ( -1.809373243870850079, 3.511220366818961214, -30.50000000000000711 ) ) ;
#5721 = VERTEX_POINT ( 'NONE', #4859 ) ;
#5722 = CARTESIAN_POINT ( 'NONE',  ( -8.956799438520855361, -3.541117887326338032, -15.86817659907370093 ) ) ;
#5723 = CARTESIAN_POINT ( 'NONE',  ( 21.16379369922816167, 20.55112832145318080, -4.500000000000002665 ) ) ;
#5724 = CARTESIAN_POINT ( 'NONE',  ( -1.260925924858067537, 33.47763333078700754, -19.68347431265096859 ) ) ;
#5725 = ORIENTED_EDGE ( 'NONE', *, *, #1708, .T. ) ;
#5726 = CARTESIAN_POINT ( 'NONE',  ( 0.000000000000000000, 0.000000000000000000, -4.500000000000002665 ) ) ;
#5727 = DIRECTION ( 'NONE',  ( 1.000000000000000000, 0.000000000000000000, 0.000000000000000000 ) ) ;
#5728 = CYLINDRICAL_SURFACE ( 'NONE', #4827, 29.50000000000000000 ) ;
#5729 = CARTESIAN_POINT ( 'NONE',  ( 0.000000000000000000, 0.000000000000000000, -1.500000000000000000 ) ) ;
#5730 = ORIENTED_EDGE ( 'NONE', *, *, #5855, .F. ) ;
#5731 = VECTOR ( 'NONE', #5439, 1000.000000000000000 ) ;
#5732 = AXIS2_PLACEMENT_3D ( 'NONE', #5957, #145, #1664 ) ;
#5733 = CARTESIAN_POINT ( 'NONE',  ( -35.40120326695733155, 2.646659642759135789, -17.17385420710234811 ) ) ;
#5734 = EDGE_CURVE ( 'NONE', #4448, #3168, #2580, .T. ) ;
#5735 = CARTESIAN_POINT ( 'NONE',  ( 33.50000000000000000, 0.000000000000000000, 0.000000000000000000 ) ) ;
#5736 = ORIENTED_EDGE ( 'NONE', *, *, #1256, .F. ) ;
#5737 = CARTESIAN_POINT ( 'NONE',  ( 24.14135429462768201, 26.02980089915742923, -15.31632817220721243 ) ) ;
#5738 = DIRECTION ( 'NONE',  ( 1.000000000000000000, 0.000000000000000000, 0.000000000000000000 ) ) ;
#5739 = CARTESIAN_POINT ( 'NONE',  ( 0.6000000000005791811, -14.71185670656068289, -12.18214191399157897 ) ) ;
#5740 = AXIS2_PLACEMENT_3D ( 'NONE', #5454, #7826, #9084 ) ;
#5741 = CARTESIAN_POINT ( 'NONE',  ( 1.628014711680058513, 35.46349690234318786, -15.50119477827131931 ) ) ;
#5742 = EDGE_CURVE ( 'NONE', #5256, #3198, #2629, .T. ) ;
#5743 = CARTESIAN_POINT ( 'NONE',  ( -2.837523697818716162, 2.885178663074217997, -28.40468388860142568 ) ) ;
#5744 = ORIENTED_EDGE ( 'NONE', *, *, #5408, .T. ) ;
#5745 = EDGE_CURVE ( 'NONE', #6172, #6352, #9176, .T. ) ;
#5746 = CARTESIAN_POINT ( 'NONE',  ( -33.46555341489112578, 1.536295572920103769, -15.50119477818428138 ) ) ;
#5747 = CARTESIAN_POINT ( 'NONE',  ( 0.7770837895921042238, -3.950001050266812364, -30.50000000000000711 ) ) ;
#5748 = CARTESIAN_POINT ( 'NONE',  ( 35.40645403425953219, 2.578909602415504931, -18.15220486923517740 ) ) ;
#5749 = B_SPLINE_CURVE_WITH_KNOTS ( 'NONE', 3,
 ( #4721, #4675, #406, #449 ),
 .UNSPECIFIED., .F., .F.,
 ( 4, 4 ),
 ( 0.004058532276295367773, 0.007063361092653875663 ),
 .UNSPECIFIED. ) ;
#5750 = CARTESIAN_POINT ( 'NONE',  ( 30.62606389397490858, -5.651730185718215616, -3.964755308625544039 ) ) ;
#5751 = B_SPLINE_CURVE_WITH_KNOTS ( 'NONE', 3,
 ( #3517, #6363, #4169, #636, #4261, #2173, #8560, #42, #3470, #88, #3, #7774, #7157, #4954, #5001, #7864, #1470, #769, #3607, #6451, #2912, #5756, #8607, #2218 ),
 .UNSPECIFIED., .F., .F.,
 ( 4, 2, 2, 2, 2, 2, 2, 2, 2, 2, 2, 4 ),
 ( 0.000000000000000000, 0.06248950958253734339, 0.1249790191650746868, 0.1874685287476120232, 0.2499580383301493736, 0.3124475479126867516, 0.3749370574952240465, 0.4374265670777613968, 0.4686713218690300442, 0.4842936992646644789, 0.4921048879624816963, 0.4999160766602988581 ),
 .UNSPECIFIED. ) ;
#5752 = CARTESIAN_POINT ( 'NONE',  ( -4.767322160430591538, -29.07317244998073491, -4.442071776254556958 ) ) ;
#5753 = CARTESIAN_POINT ( 'NONE',  ( 0.000000000000000000, 0.000000000000000000, 0.000000000000000000 ) ) ;
#5754 = ORIENTED_EDGE ( 'NONE', *, *, #3245, .T. ) ;
#5755 = CARTESIAN_POINT ( 'NONE',  ( 13.08005347139368624, -3.618937869498570770, -12.79418102432777715 ) ) ;
#5756 = CARTESIAN_POINT ( 'NONE',  ( 35.49992019839729807, -0.08682019654103592665, -19.99888582382773450 ) ) ;
#5757 = CARTESIAN_POINT ( 'NONE',  ( -2.313451882477973953, 35.42478891475112590, -18.75847698617483772 ) ) ;
#5758 = ORIENTED_EDGE ( 'NONE', *, *, #2552, .T. ) ;
#5759 = EDGE_CURVE ( 'NONE', #2540, #837, #9061, .T. ) ;
#5760 = CIRCLE ( 'NONE', #3232, 0.9999999999999991118 ) ;
#5761 = FACE_OUTER_BOUND ( 'NONE', #1852, .T. ) ;
#5762 = CARTESIAN_POINT ( 'NONE',  ( -14.38403658501892224, 16.82728579420820481, -10.50000000000000533 ) ) ;
#5763 = CARTESIAN_POINT ( 'NONE',  ( -25.18031213268490731, 22.09565017598399095, -16.23749250276430089 ) ) ;
#5764 = CARTESIAN_POINT ( 'NONE',  ( -20.10612957175436222, 20.61560273015013678, -0.4452998037747741278 ) ) ;
#5765 = AXIS2_PLACEMENT_3D ( 'NONE', #5330, #2441, #8875 ) ;
#5766 = CARTESIAN_POINT ( 'NONE',  ( -2.042769682648409191, 3.832199837849839419, -26.34257494795165400 ) ) ;
#5767 = ORIENTED_EDGE ( 'NONE', *, *, #7677, .F. ) ;
#5768 = CARTESIAN_POINT ( 'NONE',  ( 26.90405087489893177, 23.16078682890307050, -17.82748966716971850 ) ) ;
#5769 = CARTESIAN_POINT ( 'NONE',  ( 2.966205064188945251, 3.061850106391522441, -26.78491208399393031 ) ) ;
#5770 = CARTESIAN_POINT ( 'NONE',  ( 18.51994402108039495, 12.54972075002641674, -10.50000000000000533 ) ) ;
#5771 = VERTEX_POINT ( 'NONE', #9193 ) ;
#5772 = CARTESIAN_POINT ( 'NONE',  ( -26.68461600099212916, -23.41364712928335479, -18.75985287860906325 ) ) ;
#5773 = CARTESIAN_POINT ( 'NONE',  ( 25.52487149273428813, -12.67797521647156778, -2.999864845263116475 ) ) ;
#5774 = AXIS2_PLACEMENT_3D ( 'NONE', #7465, #6745, #380 ) ;
#5775 = CARTESIAN_POINT ( 'NONE',  ( 26.47305433188401480, -23.65254162323032006, -15.84740799122067223 ) ) ;
#5776 = DIRECTION ( 'NONE',  ( 0.000000000000000000, 0.000000000000000000, -1.000000000000000000 ) ) ;
#5777 = EDGE_LOOP ( 'NONE', ( #5422, #7833, #1499, #8061 ) ) ;
#5778 = B_SPLINE_CURVE_WITH_KNOTS ( 'NONE', 3,
 ( #3582, #6421, #5020, #8576 ),
 .UNSPECIFIED., .F., .F.,
 ( 4, 4 ),
 ( 0.0001227968273480552945, 0.003127625643707510669 ),
 .UNSPECIFIED. ) ;
#5779 = CARTESIAN_POINT ( 'NONE',  ( 2.780220478896653358, 2.805864232054657403, -2.000000000000003553 ) ) ;
#5780 = CARTESIAN_POINT ( 'NONE',  ( 2.233532463794364098, 3.257887771728283699, -30.50000000000000711 ) ) ;
#5781 = ORIENTED_EDGE ( 'NONE', *, *, #1692, .T. ) ;
#5782 = LINE ( 'NONE', #512, #6779 ) ;
#5783 = CIRCLE ( 'NONE', #3851, 0.9999999999999991118 ) ;
#5784 = CARTESIAN_POINT ( 'NONE',  ( 0.000000000000000000, 0.000000000000000000, -45.00000000000000000 ) ) ;
#5785 = FACE_OUTER_BOUND ( 'NONE', #2932, .T. ) ;
#5786 = CARTESIAN_POINT ( 'NONE',  ( -25.05935372640506031, -22.23358406256631525, -15.96378118984150696 ) ) ;
#5787 = CARTESIAN_POINT ( 'NONE',  ( -23.22137779525042234, -24.14765994685303951, -19.93459846097958987 ) ) ;
#5788 = CARTESIAN_POINT ( 'NONE',  ( -2.911575143163301682, 2.986766574727722556, -27.36609676344214748 ) ) ;
#5789 = CARTESIAN_POINT ( 'NONE',  ( 3.788206096911509668, 1.232614777546160667, -10.49999999999003819 ) ) ;
#5790 = CARTESIAN_POINT ( 'NONE',  ( -25.06051675825039027, 22.23228233171107249, -19.03432852941214293 ) ) ;
#5791 = EDGE_CURVE ( 'NONE', #4151, #4355, #2301, .T. ) ;
#5792 = EDGE_CURVE ( 'NONE', #6731, #782, #7101, .T. ) ;
#5793 = VERTEX_POINT ( 'NONE', #1463 ) ;
#5794 = LINE ( 'NONE', #6061, #4382 ) ;
#5795 = CARTESIAN_POINT ( 'NONE',  ( 35.49374748406374636, 0.6878151668076089020, -19.91965102033505275 ) ) ;
#5796 = EDGE_CURVE ( 'NONE', #7820, #2498, #8740, .T. ) ;
#5797 = CARTESIAN_POINT ( 'NONE',  ( 30.38701036464692606, -5.669657141880078299, -3.617112386346107655 ) ) ;
#5798 = CARTESIAN_POINT ( 'NONE',  ( -25.10229073212193995, -25.10229073212293827, -15.00000000000000355 ) ) ;
#5799 = DIRECTION ( 'NONE',  ( -0.000000000000000000, -0.000000000000000000, 1.000000000000000000 ) ) ;
#5800 = ORIENTED_EDGE ( 'NONE', *, *, #6712, .F. ) ;
#5801 = CARTESIAN_POINT ( 'NONE',  ( -11.50000000000000000, 1.408343819019456176E-15, 0.000000000000000000 ) ) ;
#5802 = CARTESIAN_POINT ( 'NONE',  ( 0.6000000000004508394, -29.82729920354469044, -2.000000000000003553 ) ) ;
#5803 = CARTESIAN_POINT ( 'NONE',  ( -2.646714135710742433, 35.40119919275874594, -17.82637605762931088 ) ) ;
#5804 = VERTEX_POINT ( 'NONE', #2167 ) ;
#5805 = PLANE ( 'NONE',  #944 ) ;
#5806 = CARTESIAN_POINT ( 'NONE',  ( -16.47927677956433357, 14.78145772586513296, -10.50000000000000533 ) ) ;
#5807 = ORIENTED_EDGE ( 'NONE', *, *, #5395, .F. ) ;
#5808 = CARTESIAN_POINT ( 'NONE',  ( -0.5999999999999398037, -3.904164443258003825, -10.50000000000000355 ) ) ;
#5809 = CARTESIAN_POINT ( 'NONE',  ( -0.6529151078854887880, -33.49500451760779640, -19.93550015082134408 ) ) ;
#5810 = ADVANCED_FACE ( 'NONE', ( #126 ), #7859, .F. ) ;
#5811 = CARTESIAN_POINT ( 'NONE',  ( 3.750000000000000000, 14.00000000000000000, -3.499999999999999556 ) ) ;
#5812 = EDGE_LOOP ( 'NONE', ( #4329, #2183, #1148, #8465 ) ) ;
#5813 = DIRECTION ( 'NONE',  ( 0.6427876096865379196, -0.7660444431189792347, -0.000000000000000000 ) ) ;
#5814 = FACE_OUTER_BOUND ( 'NONE', #4104, .T. ) ;
#5815 = CARTESIAN_POINT ( 'NONE',  ( -0.3291986673764442095, 33.49998685118933395, -19.99993715642229120 ) ) ;
#5816 = ORIENTED_EDGE ( 'NONE', *, *, #3464, .T. ) ;
#5817 = CARTESIAN_POINT ( 'NONE',  ( 35.40654375040238477, -2.577646730231287986, -18.15506602305445938 ) ) ;
#5818 = DIRECTION ( 'NONE',  ( 1.000000000000000000, 0.000000000000000000, 0.000000000000000000 ) ) ;
#5819 = CARTESIAN_POINT ( 'NONE',  ( -4.201236397142697143, -0.7341875787858782587, -26.76850723054972647 ) ) ;
#5820 = CARTESIAN_POINT ( 'NONE',  ( 0.6000000000000857980, -5.969924622639712020, -2.000000000000003553 ) ) ;
#5821 = VERTEX_POINT ( 'NONE', #37 ) ;
#5822 = LINE ( 'NONE', #4469, #7225 ) ;
#5823 = PLANE ( 'NONE',  #4728 ) ;
#5824 = ORIENTED_EDGE ( 'NONE', *, *, #398, .T. ) ;
#5825 = FILL_AREA_STYLE_COLOUR ( '', #6483 ) ;
#5826 = CARTESIAN_POINT ( 'NONE',  ( 22.23314499488818896, 25.05976600380664010, -15.96412339893792165 ) ) ;
#5827 = VERTEX_POINT ( 'NONE', #6444 ) ;
#5828 = CARTESIAN_POINT ( 'NONE',  ( 8.852515235321172682, -2.245479226614604418, -4.099999999999998757 ) ) ;
#5829 = B_SPLINE_CURVE_WITH_KNOTS ( 'NONE', 3,
 ( #1636, #8118, #3733, #3684, #7232, #5215, #8810, #1589, #838, #202, #931, #8724, #4472, #5077, #3775, #6615, #250, #7422 ),
 .UNSPECIFIED., .F., .F.,
 ( 4, 2, 2, 2, 2, 2, 2, 2, 4 ),
 ( 0.000000000000000000, 0.06250000000000000000, 0.1250000000000000000, 0.1875000000000000000, 0.2500000000000000000, 0.3125000000000000000, 0.3750000000000000000, 0.4375000000000000000, 0.5000000000000000000 ),
 .UNSPECIFIED. ) ;
#5830 = CARTESIAN_POINT ( 'NONE',  ( -23.16078682890366380, 26.90405087489842373, -17.82748966720692252 ) ) ;
#5831 = CARTESIAN_POINT ( 'NONE',  ( 0.6002816320931574356, -16.86789596988384687, -11.26020627356194126 ) ) ;
#5832 = CARTESIAN_POINT ( 'NONE',  ( 2.497552057251682722, 33.40676928008648616, -17.17385420704539101 ) ) ;
#5833 = CARTESIAN_POINT ( 'NONE',  ( 23.42584923671748598, 26.67375006846344476, -16.24555671989411110 ) ) ;
#5834 = CARTESIAN_POINT ( 'NONE',  ( 1.721848647828560841, -3.592364382478401730, -10.50000000000000888 ) ) ;
#5835 = CARTESIAN_POINT ( 'NONE',  ( -25.34580837226155126, 21.90561283679359406, -16.84523636488913212 ) ) ;
#5836 = CARTESIAN_POINT ( 'NONE',  ( 6.000000000000000888, 7.347880794884120722E-16, -1.599999999999999423 ) ) ;
#5837 = CARTESIAN_POINT ( 'NONE',  ( 35.49992022130072655, 0.08680778827005743159, -19.99896530152257768 ) ) ;
#5838 = CARTESIAN_POINT ( 'NONE',  ( 0.000000000000000000, 0.000000000000000000, -9.500000000000005329 ) ) ;
#5839 = EDGE_CURVE ( 'NONE', #695, #6731, #6494, .T. ) ;
#5840 = CARTESIAN_POINT ( 'NONE',  ( -28.15141540587736557, -14.07964480549289732, -4.463889547375781142 ) ) ;
#5841 = CARTESIAN_POINT ( 'NONE',  ( 21.54153443016095437, 22.59181425498995921, -4.073592716983511330 ) ) ;
#5842 = DIRECTION ( 'NONE',  ( -0.000000000000000000, -0.000000000000000000, 1.000000000000000000 ) ) ;
#5843 = VERTEX_POINT ( 'NONE', #4947 ) ;
#5844 = EDGE_CURVE ( 'NONE', #6453, #2623, #7123, .T. ) ;
#5845 = ORIENTED_EDGE ( 'NONE', *, *, #3129, .T. ) ;
#5846 = CARTESIAN_POINT ( 'NONE',  ( -35.47636405748861677, -1.335333399954568234, -15.31632817220718756 ) ) ;
#5847 = DIRECTION ( 'NONE',  ( -0.000000000000000000, -0.000000000000000000, 1.000000000000000000 ) ) ;
#5848 = DIRECTION ( 'NONE',  ( -0.000000000000000000, -0.000000000000000000, 1.000000000000000000 ) ) ;
#5849 = ORIENTED_EDGE ( 'NONE', *, *, #5938, .T. ) ;
#5850 = CARTESIAN_POINT ( 'NONE',  ( -29.12341367316026819, -4.450111561481685740, -4.442071776254560511 ) ) ;
#5851 = CARTESIAN_POINT ( 'NONE',  ( 4.691272163260513217, -31.12443658435168459, -4.463889547375781142 ) ) ;
#5852 = ORIENTED_EDGE ( 'NONE', *, *, #6260, .F. ) ;
#5853 = DIRECTION ( 'NONE',  ( 1.000000000000000000, 0.000000000000000000, 0.000000000000000000 ) ) ;
#5854 = CARTESIAN_POINT ( 'NONE',  ( 1.260103349317747812, -33.47769565988176765, -15.31632817220711296 ) ) ;
#5855 = EDGE_CURVE ( 'NONE', #4549, #3282, #7812, .T. ) ;
#5856 = CARTESIAN_POINT ( 'NONE',  ( 4.184806469448400179, -27.97944445784949608, -0.04063620317971038121 ) ) ;
#5857 = VERTEX_POINT ( 'NONE', #2858 ) ;
#5858 = CARTESIAN_POINT ( 'NONE',  ( 26.85887866663903623, 23.21353570195099536, -18.15506602333613273 ) ) ;
#5859 = CARTESIAN_POINT ( 'NONE',  ( 33.49078568033235825, 0.8004787946551934485, -15.12618847594108296 ) ) ;
#5860 = EDGE_CURVE ( 'NONE', #2575, #1844, #7949, .T. ) ;
#5861 = DIRECTION ( 'NONE',  ( 0.000000000000000000, 0.000000000000000000, 1.000000000000000000 ) ) ;
#5862 = ORIENTED_EDGE ( 'NONE', *, *, #833, .F. ) ;
#5863 = CARTESIAN_POINT ( 'NONE',  ( 33.49500450026067710, -0.6529157158379190751, -19.93549989884338913 ) ) ;
#5864 = EDGE_CURVE ( 'NONE', #4268, #1892, #6168, .T. ) ;
#5865 = CARTESIAN_POINT ( 'NONE',  ( -0.5999999999999398037, -3.904164443258003825, -10.50000000000000355 ) ) ;
#5866 = CIRCLE ( 'NONE', #7952, 31.50000000000000000 ) ;
#5867 = CARTESIAN_POINT ( 'NONE',  ( 26.72745850266704082, -23.36444775698252130, -16.38942846851605850 ) ) ;
#5868 = DIRECTION ( 'NONE',  ( -0.5000000000000041078, 6.123233995736816572E-17, 0.8660254037844363761 ) ) ;
#5869 = VERTEX_POINT ( 'NONE', #7901 ) ;
#5870 = DIRECTION ( 'NONE',  ( -0.000000000000000000, -0.000000000000000000, 1.000000000000000000 ) ) ;
#5871 = B_SPLINE_CURVE_WITH_KNOTS ( 'NONE', 3,
 ( #8893, #1717, #280, #963, #6693, #4551, #8843, #8106, #235, #8756, #4412, #7266, #3810, #7407, #324, #3112, #3018, #5302 ),
 .UNSPECIFIED., .F., .F.,
 ( 4, 2, 2, 2, 2, 2, 2, 2, 4 ),
 ( 0.000000000000000000, 0.06250000000000000000, 0.1250000000000000000, 0.1875000000000000000, 0.2500000000000000000, 0.3125000000000000000, 0.3750000000000000000, 0.4375000000000000000, 0.5000000000000000000 ),
 .UNSPECIFIED. ) ;
#5872 = CIRCLE ( 'NONE', #2582, 31.50000000000000000 ) ;
#5873 = CARTESIAN_POINT ( 'NONE',  ( 22.78065227424447770, 24.56387081830859387, -19.68347431266159120 ) ) ;
#5874 = VERTEX_POINT ( 'NONE', #2256 ) ;
#5875 = FILL_AREA_STYLE ('',( #5825 ) ) ;
#5876 = CARTESIAN_POINT ( 'NONE',  ( 24.56247308264091345, 22.78214836873724281, -15.31533489716144381 ) ) ;
#5877 = ORIENTED_EDGE ( 'NONE', *, *, #236, .T. ) ;
#5878 = CARTESIAN_POINT ( 'NONE',  ( 0.000000000000000000, 0.000000000000000000, -9.500000000000005329 ) ) ;
#5879 = CARTESIAN_POINT ( 'NONE',  ( 5.248182912399830258, -1.074360663128627991, -9.047317909798890057 ) ) ;
#5880 = CARTESIAN_POINT ( 'NONE',  ( 0.6003795334130799244, -12.46253220543001561, -13.47925804968902774 ) ) ;
#5881 = CIRCLE ( 'NONE', #8267, 3.950000000000000178 ) ;
#5882 = CARTESIAN_POINT ( 'NONE',  ( 9.459663954936026187E-15, 33.50000000000000000, -15.00000000000000000 ) ) ;
#5883 = CARTESIAN_POINT ( 'NONE',  ( 0.000000000000000000, 0.000000000000000000, -10.44999999999990514 ) ) ;
#5884 = VERTEX_POINT ( 'NONE', #3702 ) ;
#5885 = CARTESIAN_POINT ( 'NONE',  ( -2.659988975721799154, -2.965519056006333365, -30.50000000000000711 ) ) ;
#5886 = CARTESIAN_POINT ( 'NONE',  ( -25.38817419733548419, 21.85613440037218780, -17.16962608727447659 ) ) ;
#5887 = AXIS2_PLACEMENT_3D ( 'NONE', #447, #8960, #2576 ) ;
#5888 = CARTESIAN_POINT ( 'NONE',  ( 28.19361093698522325, -13.70358563891114301, -4.271157366991179316 ) ) ;
#5889 = CARTESIAN_POINT ( 'NONE',  ( 14.32708761292726329, 28.05333507576040475, -4.500000000000002665 ) ) ;
#5890 = VECTOR ( 'NONE', #8572, 1000.000000000000000 ) ;
#5891 = CARTESIAN_POINT ( 'NONE',  ( -0.01972823285147085048, -3.980468738081039959, -30.50000000000000711 ) ) ;
#5892 = DIRECTION ( 'NONE',  ( 1.000000000000000000, 0.000000000000000000, 0.000000000000000000 ) ) ;
#5893 =( BOUNDED_CURVE ( )  B_SPLINE_CURVE ( 2, ( #3592, #2986, #4428 ),
 .UNSPECIFIED., .F., .F. ) 
 B_SPLINE_CURVE_WITH_KNOTS ( ( 3, 3 ),
 ( 0.000000000000000000, 1.000000000000000000 ),
 .UNSPECIFIED. ) 
 CURVE ( )  GEOMETRIC_REPRESENTATION_ITEM ( )  RATIONAL_B_SPLINE_CURVE ( ( 1.000000000000000000, 0.7071067811865475727, 1.000000000000000000 ) ) 
 REPRESENTATION_ITEM ( '' )  );
#5894 = ORIENTED_EDGE ( 'NONE', *, *, #6932, .F. ) ;
#5895 = CARTESIAN_POINT ( 'NONE',  ( 11.54340760594544513, -3.119322113414012332, -13.85023885607443006 ) ) ;
#5896 = DIRECTION ( 'NONE',  ( -1.000000000000000000, 0.000000000000000000, 0.000000000000000000 ) ) ;
#5897 = CARTESIAN_POINT ( 'NONE',  ( 18.02646617301165932, 25.83208310054120105, -10.50000000000000355 ) ) ;
#5898 = ORIENTED_EDGE ( 'NONE', *, *, #2557, .F. ) ;
#5899 = AXIS2_PLACEMENT_3D ( 'NONE', #2610, #3314, #6898 ) ;
#5900 = LINE ( 'NONE', #2916, #7056 ) ;
#5901 = CARTESIAN_POINT ( 'NONE',  ( 23.68807716974986022, -23.68807716974882283, -14.99999999999999822 ) ) ;
#5902 = ADVANCED_FACE ( 'NONE', ( #5088 ), #7195, .T. ) ;
#5903 = ORIENTED_EDGE ( 'NONE', *, *, #7162, .T. ) ;
#5904 = DIRECTION ( 'NONE',  ( 0.000000000000000000, 0.000000000000000000, -1.000000000000000000 ) ) ;
#5905 = CARTESIAN_POINT ( 'NONE',  ( 6.043495923599503605, -3.776395381046204758, -3.499999999999999556 ) ) ;
#5906 = ORIENTED_EDGE ( 'NONE', *, *, #1146, .F. ) ;
#5907 = CARTESIAN_POINT ( 'NONE',  ( 0.000000000000000000, 0.000000000000000000, 0.000000000000000000 ) ) ;
#5908 = CARTESIAN_POINT ( 'NONE',  ( -12.74204607877482509, 17.87738503002358925, -10.50000000000000355 ) ) ;
#5909 = AXIS2_PLACEMENT_3D ( 'NONE', #8282, #1943, #4906 ) ;
#5910 = LINE ( 'NONE', #7315, #1096 ) ;
#5911 = ORIENTED_EDGE ( 'NONE', *, *, #610, .F. ) ;
#5912 = CARTESIAN_POINT ( 'NONE',  ( 33.49878621082268637, 0.3264868179567365081, -15.01551170377320510 ) ) ;
#5913 = EDGE_CURVE ( 'NONE', #8002, #1285, #5625, .T. ) ;
#5914 = CARTESIAN_POINT ( 'NONE',  ( 0.3459785682306169008, -35.49871374579768712, -15.01551170377325661 ) ) ;
#5915 = DIRECTION ( 'NONE',  ( -0.000000000000000000, -0.000000000000000000, -1.000000000000000000 ) ) ;
#5916 = EDGE_CURVE ( 'NONE', #4676, #3164, #6815, .T. ) ;
#5917 = CARTESIAN_POINT ( 'NONE',  ( -11.26280726100062601, -9.122043225152552282, -3.499999999999999556 ) ) ;
#5918 = EDGE_LOOP ( 'NONE', ( #1753, #1492 ) ) ;
#5919 = CONICAL_SURFACE ( 'NONE', #8452, 3.950000000000000178, 0.7853981633974533860 ) ;
#5920 = B_SPLINE_CURVE_WITH_KNOTS ( 'NONE', 3,
 ( #2936, #8583, #2115, #2983 ),
 .UNSPECIFIED., .F., .F.,
 ( 4, 4 ),
 ( 2.310375141319906473E-07, 0.002426261243687846247 ),
 .UNSPECIFIED. ) ;
#5921 = CARTESIAN_POINT ( 'NONE',  ( -35.40118623936239572, 2.646887390694551812, -17.82748966708707172 ) ) ;
#5922 = CARTESIAN_POINT ( 'NONE',  ( 21.21312323211991213, 20.50008299346357177, -4.500000000000002665 ) ) ;
#5923 = ORIENTED_EDGE ( 'NONE', *, *, #4033, .T. ) ;
#5924 = DIRECTION ( 'NONE',  ( -0.06975647374412907720, 0.9975640502598239756, 0.000000000000000000 ) ) ;
#5925 = CARTESIAN_POINT ( 'NONE',  ( 23.80357730290383245, -23.57257703659485415, -14.99981109353421793 ) ) ;
#5926 = ORIENTED_EDGE ( 'NONE', *, *, #6594, .T. ) ;
#5927 = CARTESIAN_POINT ( 'NONE',  ( 9.488273331404264753E-15, 33.50000000000000000, -15.00000000000000000 ) ) ;
#5928 = AXIS2_PLACEMENT_3D ( 'NONE', #2621, #2665, #1183 ) ;
#5929 = CARTESIAN_POINT ( 'NONE',  ( -35.49999997156679399, -0.001420829841753978124, -19.99992814200970415 ) ) ;
#5930 = CARTESIAN_POINT ( 'NONE',  ( 0.6000005519487749961, -14.65482716569329114, -12.20999970445667770 ) ) ;
#5931 = B_SPLINE_CURVE_WITH_KNOTS ( 'NONE', 3,
 ( #2417, #8805, #7416, #5253 ),
 .UNSPECIFIED., .F., .F.,
 ( 4, 4 ),
 ( 0.003936049032454844859, 0.006940877848813351882 ),
 .UNSPECIFIED. ) ;
#5932 = CIRCLE ( 'NONE', #2501, 27.83333333333332860 ) ;
#5933 = VECTOR ( 'NONE', #6730, 1000.000000000000000 ) ;
#5934 = DIRECTION ( 'NONE',  ( 0.000000000000000000, 0.000000000000000000, -1.000000000000000000 ) ) ;
#5935 = DIRECTION ( 'NONE',  ( 1.000000000000000000, 0.000000000000000000, 0.000000000000000000 ) ) ;
#5936 = ORIENTED_EDGE ( 'NONE', *, *, #6437, .F. ) ;
#5937 = CARTESIAN_POINT ( 'NONE',  ( 1.807075951864844710, 3.550256487451655563, -30.50000000000000711 ) ) ;
#5938 = EDGE_CURVE ( 'NONE', #6947, #2686, #3952, .T. ) ;
#5939 = CARTESIAN_POINT ( 'NONE',  ( -3.527653733719267937, -1.777121024290835960, -30.50000000000000711 ) ) ;
#5940 = CARTESIAN_POINT ( 'NONE',  ( 0.000000000000000000, 0.000000000000000000, -2.168404344971008868E-16 ) ) ;
#5941 = CIRCLE ( 'NONE', #296, 6.000000000000000888 ) ;
#5942 = DIRECTION ( 'NONE',  ( -0.000000000000000000, -0.000000000000000000, 1.000000000000000000 ) ) ;
#5943 = CARTESIAN_POINT ( 'NONE',  ( -2.719766006825387272, -2.906439995272812382, -30.50000000000000711 ) ) ;
#5944 = DIRECTION ( 'NONE',  ( -1.000000000000000000, 0.000000000000000000, 0.000000000000000000 ) ) ;
#5945 = EDGE_CURVE ( 'NONE', #3286, #4672, #520, .T. ) ;
#5946 = VERTEX_POINT ( 'NONE', #2349 ) ;
#5947 = CARTESIAN_POINT ( 'NONE',  ( -33.50000000000000000, -1.000447554660999216E-13, -14.99999999999999822 ) ) ;
#5948 = CARTESIAN_POINT ( 'NONE',  ( 5.195447827443071986, -3.246476116813007629, -2.000000000000003553 ) ) ;
#5949 = DIRECTION ( 'NONE',  ( -0.5299192642332088976, 0.8480480961564234033, 0.000000000000000000 ) ) ;
#5950 = ORIENTED_EDGE ( 'NONE', *, *, #60, .F. ) ;
#5951 = FACE_OUTER_BOUND ( 'NONE', #1652, .T. ) ;
#5952 = CARTESIAN_POINT ( 'NONE',  ( 28.10198167803131142, -4.746445625699749371, -2.999864845264821334 ) ) ;
#5953 = ORIENTED_EDGE ( 'NONE', *, *, #3072, .T. ) ;
#5954 = DIRECTION ( 'NONE',  ( -0.000000000000000000, -0.000000000000000000, 1.000000000000000000 ) ) ;
#5955 = CARTESIAN_POINT ( 'NONE',  ( 5.572430623243263881, -13.25634385285144212, -2.000000000000003553 ) ) ;
#5956 = ORIENTED_EDGE ( 'NONE', *, *, #5275, .T. ) ;
#5957 = CARTESIAN_POINT ( 'NONE',  ( 0.000000000000000000, 0.000000000000000000, -4.500000000000000000 ) ) ;
#5958 = CARTESIAN_POINT ( 'NONE',  ( 33.49999999961229946, 0.0004469249472186344937, -19.99992799774167196 ) ) ;
#5959 = LINE ( 'NONE', #190, #4367 ) ;
#5960 = ORIENTED_EDGE ( 'NONE', *, *, #796, .T. ) ;
#5961 = CARTESIAN_POINT ( 'NONE',  ( 33.44115701280740893, -1.998120891518946785, -15.96378119003855822 ) ) ;
#5962 = CARTESIAN_POINT ( 'NONE',  ( 2.183116565201157933, -33.42902615898733387, -18.75847698606483149 ) ) ;
#5963 = CARTESIAN_POINT ( 'NONE',  ( -11.96469724926772749, -3.256688461207948304, -2.000000000000003553 ) ) ;
#5964 = DIRECTION ( 'NONE',  ( 0.000000000000000000, -1.000000000000000000, 0.000000000000000000 ) ) ;
#5965 = EDGE_CURVE ( 'NONE', #4676, #8539, #1649, .T. ) ;
#5966 = DIRECTION ( 'NONE',  ( -0.000000000000000000, -0.000000000000000000, 1.000000000000000000 ) ) ;
#5967 = EDGE_CURVE ( 'NONE', #9114, #4722, #7556, .T. ) ;
#5968 = CARTESIAN_POINT ( 'NONE',  ( 23.68712907396144018, 23.68902522759201545, -19.99992814200970770 ) ) ;
#5969 = ORIENTED_EDGE ( 'NONE', *, *, #7045, .T. ) ;
#5970 = CARTESIAN_POINT ( 'NONE',  ( 9.636992702065734662, -3.762126075896707444, -2.000000000000003553 ) ) ;
#5971 = CARTESIAN_POINT ( 'NONE',  ( 23.45707690344192997, -23.91907743605677084, -15.00037781293155881 ) ) ;
#5972 = ORIENTED_EDGE ( 'NONE', *, *, #4369, .F. ) ;
#5973 = CARTESIAN_POINT ( 'NONE',  ( 13.41745644144535987, 25.52122594534058919, -3.500000000002557066 ) ) ;
#5974 = EDGE_CURVE ( 'NONE', #3324, #2859, #3311, .T. ) ;
#5975 = FACE_OUTER_BOUND ( 'NONE', #2848, .T. ) ;
#5976 = CARTESIAN_POINT ( 'NONE',  ( 35.47636405748864519, 1.335333399953608113, -15.31632817220720177 ) ) ;
#5977 = CARTESIAN_POINT ( 'NONE',  ( -0.8482685734320984938, 35.49023557169572030, -15.12618847594107763 ) ) ;
#5978 = CARTESIAN_POINT ( 'NONE',  ( 0.000000000000000000, 0.000000000000000000, -4.500000000000002665 ) ) ;
#5979 = CARTESIAN_POINT ( 'NONE',  ( -3.788206096911972409, -1.232614777549292828, -10.50000000000000533 ) ) ;
#5980 = CARTESIAN_POINT ( 'NONE',  ( 5.746311680224354568, 6.888335504979793633, -16.64264319824352967 ) ) ;
#5981 = EDGE_CURVE ( 'NONE', #3198, #2216, #4264, .T. ) ;
#5982 = DIRECTION ( 'NONE',  ( -0.000000000000000000, -0.000000000000000000, 1.000000000000000000 ) ) ;
#5983 = EDGE_CURVE ( 'NONE', #2747, #5131, #4711, .T. ) ;
#5984 = CARTESIAN_POINT ( 'NONE',  ( 14.49916590487860013, 27.93765872914045900, -4.463889547375781142 ) ) ;
#5985 = CARTESIAN_POINT ( 'NONE',  ( 0.9572307980149800111, -3.863706740593162881, -10.50000000000000888 ) ) ;
#5986 = DIRECTION ( 'NONE',  ( 0.000000000000000000, 0.000000000000000000, -1.000000000000000000 ) ) ;
#5987 = B_SPLINE_CURVE_WITH_KNOTS ( 'NONE', 3,
 ( #6877, #6225, #6273, #8336 ),
 .UNSPECIFIED., .F., .F.,
 ( 4, 4 ),
 ( 0.000000000000000000, 1.000000000000000000 ),
 .UNSPECIFIED. ) ;
#5988 = VERTEX_POINT ( 'NONE', #8826 ) ;
#5989 = CARTESIAN_POINT ( 'NONE',  ( -33.44120125695919654, 1.997412678785500439, -19.03685471089824333 ) ) ;
#5990 = DIRECTION ( 'NONE',  ( 1.000000000000000000, 0.000000000000000000, 0.000000000000000000 ) ) ;
#5991 = CARTESIAN_POINT ( 'NONE',  ( -0.5999999999995487832, -31.49428519588911968, -10.50000000000000355 ) ) ;
#5992 = ORIENTED_EDGE ( 'NONE', *, *, #4120, .F. ) ;
#5993 = LINE ( 'NONE', #8835, #2294 ) ;
#5994 = CARTESIAN_POINT ( 'NONE',  ( 4.013116307662887294, -30.72967905464672356, -3.735904735502672214 ) ) ;
#5995 = ORIENTED_EDGE ( 'NONE', *, *, #508, .T. ) ;
#5996 = CARTESIAN_POINT ( 'NONE',  ( -0.6529151078854887880, -33.49500451760779640, -19.93550015082134408 ) ) ;
#5997 = CARTESIAN_POINT ( 'NONE',  ( -3.833887880952470351, -1.032039637888212180, -30.50000000000000711 ) ) ;
#5998 = VERTEX_POINT ( 'NONE', #215 ) ;
#5999 = CARTESIAN_POINT ( 'NONE',  ( 13.91978654769950374, -5.153691390415735540, -12.12465853174658115 ) ) ;
#6000 = CARTESIAN_POINT ( 'NONE',  ( 26.27951158041699031, -9.169608254400699821, -2.000000000000003553 ) ) ;
#6001 = CARTESIAN_POINT ( 'NONE',  ( 4.318158146162079269, -21.95002020744274063, -10.50000000000000533 ) ) ;
#6002 = VERTEX_POINT ( 'NONE', #2437 ) ;
#6003 = CARTESIAN_POINT ( 'NONE',  ( 33.46556029456888837, 1.536278632912097875, -19.49867079312600637 ) ) ;
#6004 = CARTESIAN_POINT ( 'NONE',  ( 1.998722883309458132, -33.44113806922586463, -15.96412339898252064 ) ) ;
#6005 = CARTESIAN_POINT ( 'NONE',  ( 18.99728656626159662, 25.12674079779025149, -4.500000000000002665 ) ) ;
#6006 = CARTESIAN_POINT ( 'NONE',  ( 5.162651825275920814, -13.99560437348226927, 0.000000000000000000 ) ) ;
#6007 = CARTESIAN_POINT ( 'NONE',  ( 21.90561283683140914, 25.34580837222862115, -16.84523636480906461 ) ) ;
#6008 = ORIENTED_EDGE ( 'NONE', *, *, #2110, .T. ) ;
#6009 = CARTESIAN_POINT ( 'NONE',  ( -0.2031436006820408202, -3.965165600288467207, -30.50000000000000711 ) ) ;
#6010 = CARTESIAN_POINT ( 'NONE',  ( 23.16078682890421803, -26.90405087489793701, -17.82748966721275607 ) ) ;
#6011 = VERTEX_POINT ( 'NONE', #4014 ) ;
#6012 = CARTESIAN_POINT ( 'NONE',  ( 12.30007449020309096, 7.449214920469583667, 0.000000000000000000 ) ) ;
#6013 = AXIS2_PLACEMENT_3D ( 'NONE', #1659, #8008, #7958 ) ;
#6014 = CARTESIAN_POINT ( 'NONE',  ( 5.585168645961283929, 8.708106117106130029, -2.000000000000003553 ) ) ;
#6015 = CARTESIAN_POINT ( 'NONE',  ( 25.34708205912120249, 24.85749940512367928, -15.00037781293158368 ) ) ;
#6016 = CARTESIAN_POINT ( 'NONE',  ( 33.41176939070558660, -2.432970571060511844, -16.84589223786971601 ) ) ;
#6017 = EDGE_CURVE ( 'NONE', #2266, #4468, #701, .T. ) ;
#6018 = CIRCLE ( 'NONE', #4075, 31.50000000000000711 ) ;
#6019 = DIRECTION ( 'NONE',  ( 0.000000000000000000, 0.000000000000000000, -1.000000000000000000 ) ) ;
#6020 = CARTESIAN_POINT ( 'NONE',  ( 1.998120891322095138, 33.44115701281780417, -15.96378118977798799 ) ) ;
#6021 = CARTESIAN_POINT ( 'NONE',  ( -25.10229073212193995, -25.10229073212293827, -15.00000000000000355 ) ) ;
#6022 = CARTESIAN_POINT ( 'NONE',  ( 16.82728579421052473, 14.38403658502070215, -10.50000000000000178 ) ) ;
#6023 = CARTESIAN_POINT ( 'NONE',  ( 3.526052274464558156, 3.832413631186925240, -23.15437699408443351 ) ) ;
#6024 = CYLINDRICAL_SURFACE ( 'NONE', #8394, 1.000000000000000666 ) ;
#6025 = EDGE_CURVE ( 'NONE', #1892, #5804, #82, .T. ) ;
#6026 = ADVANCED_FACE ( 'NONE', ( #3839 ), #990, .F. ) ;
#6027 = CIRCLE ( 'NONE', #5309, 1.000000000000000888 ) ;
#6028 = AXIS2_PLACEMENT_3D ( 'NONE', #3671, #4502, #7313 ) ;
#6029 = CARTESIAN_POINT ( 'NONE',  ( -3.621187049167986949, 1.652732565486893845, -10.50000000000000533 ) ) ;
#6030 = CARTESIAN_POINT ( 'NONE',  ( 0.000000000000000000, 14.00000000000000000, -2.000000000000003553 ) ) ;
#6031 = EDGE_LOOP ( 'NONE', ( #4794, #488, #2494, #8673 ) ) ;
#6032 = CARTESIAN_POINT ( 'NONE',  ( 24.74716059348320485, -22.58058128325322755, -15.49726176817998535 ) ) ;
#6033 = VERTEX_POINT ( 'NONE', #3790 ) ;
#6034 = CARTESIAN_POINT ( 'NONE',  ( -35.50000000000000711, -0.1730936072744641008, -14.99981109353422681 ) ) ;
#6035 = CARTESIAN_POINT ( 'NONE',  ( -35.50000000000000711, -1.060082699627688355E-13, -14.99999999999999645 ) ) ;
#6036 = CARTESIAN_POINT ( 'NONE',  ( 1.724022489423063798, -6.914676529564806273, -4.500000000000000000 ) ) ;
#6037 = ORIENTED_EDGE ( 'NONE', *, *, #7058, .T. ) ;
#6038 = CARTESIAN_POINT ( 'NONE',  ( -3.527670837823366323, -1.777087071578254740, -10.50000000000000355 ) ) ;
#6039 = VECTOR ( 'NONE', #295, 999.9999999999998863 ) ;
#6040 = DIRECTION ( 'NONE',  ( 1.000000000000000000, 0.000000000000000000, 0.000000000000000000 ) ) ;
#6041 = VERTEX_POINT ( 'NONE', #1172 ) ;
#6042 = CARTESIAN_POINT ( 'NONE',  ( 19.76417278425842383, 20.06835747568117512, -2.499859741077550268 ) ) ;
#6043 = CARTESIAN_POINT ( 'NONE',  ( 33.42915353557776115, 2.181185387275310639, -16.23749250277983336 ) ) ;
#6044 = AXIS2_PLACEMENT_3D ( 'NONE', #2691, #6137, #974 ) ;
#6045 = ORIENTED_EDGE ( 'NONE', *, *, #7758, .F. ) ;
#6046 = CARTESIAN_POINT ( 'NONE',  ( 12.68282244851592822, -4.751776151890773292, -12.75631896718873826 ) ) ;
#6047 = CYLINDRICAL_SURFACE ( 'NONE', #4003, 0.9999999999999993339 ) ;
#6048 = PLANE ( 'NONE',  #8111 ) ;
#6049 = EDGE_LOOP ( 'NONE', ( #9011, #9064, #7508, #8743 ) ) ;
#6050 = CARTESIAN_POINT ( 'NONE',  ( 22.23411612971531781, -25.05888422991380793, -19.03685471076806834 ) ) ;
#6051 = FACE_BOUND ( 'NONE', #8386, .T. ) ;
#6052 = AXIS2_PLACEMENT_3D ( 'NONE', #5026, #63, #8767 ) ;
#6053 = CARTESIAN_POINT ( 'NONE',  ( 23.21353570194782989, -26.85887866664177892, -18.15506602338598796 ) ) ;
#6054 = DIRECTION ( 'NONE',  ( -1.265478502371533448E-14, 0.8320012425877097995, -0.5547737668027453717 ) ) ;
#6055 = ORIENTED_EDGE ( 'NONE', *, *, #1191, .F. ) ;
#6056 = CARTESIAN_POINT ( 'NONE',  ( -3.804402093893509473, -1.866997476073679385, -26.93601827174825658 ) ) ;
#6057 = ORIENTED_EDGE ( 'NONE', *, *, #1751, .F. ) ;
#6058 = CARTESIAN_POINT ( 'NONE',  ( 26.55587143685377427, -23.56049693489923413, -15.96412339890090593 ) ) ;
#6059 = ORIENTED_EDGE ( 'NONE', *, *, #118, .F. ) ;
#6060 = CARTESIAN_POINT ( 'NONE',  ( 10.00781309531565455, -2.620858256342515791, -2.000000000000003553 ) ) ;
#6061 = CARTESIAN_POINT ( 'NONE',  ( 35.50000000000000711, 0.000000000000000000, 0.000000000000000000 ) ) ;
#6062 = CARTESIAN_POINT ( 'NONE',  ( 26.02830389331663952, 24.14291385022732328, -19.68467263740660300 ) ) ;
#6063 = B_SPLINE_CURVE_WITH_KNOTS ( 'NONE', 3,
 ( #3392, #6283, #9115, #2184 ),
 .UNSPECIFIED., .F., .F.,
 ( 4, 4 ),
 ( 0.000000000000000000, 1.000000000000000000 ),
 .UNSPECIFIED. ) ;
#6064 = AXIS2_PLACEMENT_3D ( 'NONE', #4509, #5115, #2931 ) ;
#6065 = CARTESIAN_POINT ( 'NONE',  ( 33.50000000000000000, -0.3266837095536533897, -15.00037781293159611 ) ) ;
#6066 = EDGE_CURVE ( 'NONE', #8941, #6746, #4874, .T. ) ;
#6067 = CARTESIAN_POINT ( 'NONE',  ( -25.10329539043307889, 25.10128603360117694, -19.99992814200971480 ) ) ;
#6068 = CARTESIAN_POINT ( 'NONE',  ( 3.357037644546554400, -2.221861262257801783, -10.49999999999251443 ) ) ;
#6069 = DIRECTION ( 'NONE',  ( -0.000000000000000000, -0.000000000000000000, 1.000000000000000000 ) ) ;
#6070 = CARTESIAN_POINT ( 'NONE',  ( -20.88148550512460488, 7.349940052709698968, -10.50000000000000533 ) ) ;
#6071 = CIRCLE ( 'NONE', #710, 35.50000000000001421 ) ;
#6072 = FACE_OUTER_BOUND ( 'NONE', #6868, .T. ) ;
#6073 = CIRCLE ( 'NONE', #4434, 31.50000000000000000 ) ;
#6074 = AXIS2_PLACEMENT_3D ( 'NONE', #716, #805, #3558 ) ;
#6075 = ADVANCED_FACE ( 'NONE', ( #7296 ), #4776, .T. ) ;
#6076 = CARTESIAN_POINT ( 'NONE',  ( 2.780246739361995623, 2.805838211349154676, -10.50000000000000533 ) ) ;
#6077 = DIRECTION ( 'NONE',  ( 1.000000000000000000, 0.000000000000000000, 0.000000000000000000 ) ) ;
#6078 = EDGE_CURVE ( 'NONE', #4639, #4332, #2883, .T. ) ;
#6079 = CARTESIAN_POINT ( 'NONE',  ( -26.27951158041672741, -9.169608254401456549, -2.000000000000003553 ) ) ;
#6080 = EDGE_LOOP ( 'NONE', ( #12, #4553, #6796, #1279 ) ) ;
#6081 = CARTESIAN_POINT ( 'NONE',  ( -33.46576721928531839, -1.532002922271324064, -15.49726176817138246 ) ) ;
#6082 = LINE ( 'NONE', #3373, #1627 ) ;
#6083 = AXIS2_PLACEMENT_3D ( 'NONE', #6788, #1811, #416 ) ;
#6084 = CYLINDRICAL_SURFACE ( 'NONE', #5421, 35.50000000000000711 ) ;
#6085 = ORIENTED_EDGE ( 'NONE', *, *, #7184, .T. ) ;
#6086 = DIRECTION ( 'NONE',  ( 1.000000000000000000, 0.000000000000000000, 0.000000000000000000 ) ) ;
#6087 = CARTESIAN_POINT ( 'NONE',  ( 27.78543622416732717, -4.618552960669810581, -2.499859741078402031 ) ) ;
#6088 = VECTOR ( 'NONE', #6866, 1000.000000000000000 ) ;
#6089 = CARTESIAN_POINT ( 'NONE',  ( -25.58901353038287851, -24.60802694392193501, -15.06543078878103969 ) ) ;
#6090 = DIRECTION ( 'NONE',  ( 0.000000000000000000, 0.000000000000000000, -1.000000000000000000 ) ) ;
#6091 = ORIENTED_EDGE ( 'NONE', *, *, #168, .T. ) ;
#6092 = CARTESIAN_POINT ( 'NONE',  ( 10.24239487126669168, -3.959297868658667063, -14.62844947163429232 ) ) ;
#6093 = DIRECTION ( 'NONE',  ( 1.000000000000000000, 0.000000000000000000, 0.000000000000000000 ) ) ;
#6094 = LINE ( 'NONE', #6837, #219 ) ;
#6095 = ORIENTED_EDGE ( 'NONE', *, *, #3977, .T. ) ;
#6096 = CARTESIAN_POINT ( 'NONE',  ( 22.57833364238359408, -24.74919087265478623, -19.50000510122382025 ) ) ;
#6097 = EDGE_CURVE ( 'NONE', #7621, #2824, #1258, .T. ) ;
#6098 = CARTESIAN_POINT ( 'NONE',  ( 1.809400085646715395, 3.511206534805614066, -10.44999999999990514 ) ) ;
#6099 = CARTESIAN_POINT ( 'NONE',  ( 23.16095991134164933, -26.90390187311618320, -17.17385420697664955 ) ) ;
#6100 = CARTESIAN_POINT ( 'NONE',  ( -8.232259418557971387, 12.35151600323384535, -12.12453020278074511 ) ) ;
#6101 = ORIENTED_EDGE ( 'NONE', *, *, #6251, .T. ) ;
#6102 = CARTESIAN_POINT ( 'NONE',  ( -4.718702423999238782, -2.164076692762306298, -23.20133601078389773 ) ) ;
#6103 = CARTESIAN_POINT ( 'NONE',  ( 24.74716059348320485, -22.58058128325322755, -15.49726176817998535 ) ) ;
#6104 = ORIENTED_EDGE ( 'NONE', *, *, #5913, .F. ) ;
#6105 = CARTESIAN_POINT ( 'NONE',  ( 2.540088057668058230, 4.516910924668527727, -23.22714308419021023 ) ) ;
#6106 = EDGE_LOOP ( 'NONE', ( #8480, #2958, #4913, #4512, #6130, #1728, #8526, #533, #8411, #3563, #8030, #8338, #3723, #21, #1253, #4758, #9147, #7765, #3854, #8475, #2187, #7138 ) ) ;
#6107 = DIRECTION ( 'NONE',  ( -1.000000000000000000, 0.000000000000000000, 0.000000000000000000 ) ) ;
#6108 = CARTESIAN_POINT ( 'NONE',  ( 35.49871374579717553, 0.3459785682825117781, -15.01551170377320510 ) ) ;
#6109 = LINE ( 'NONE', #3271, #7388 ) ;
#6110 = CARTESIAN_POINT ( 'NONE',  ( -0.5999999999998488764, -10.32788559922167160, -2.000000000000003553 ) ) ;
#6111 = CARTESIAN_POINT ( 'NONE',  ( -2.843911227749360116, -2.849304852839019464, -30.50000000000000711 ) ) ;
#6112 = CARTESIAN_POINT ( 'NONE',  ( 0.5999999999995443423, 29.50000000000001066, -9.500000000000005329 ) ) ;
#6113 = CARTESIAN_POINT ( 'NONE',  ( 23.41323972519241536, -26.68497354818794420, -16.24166244696487382 ) ) ;
#6114 = DIRECTION ( 'NONE',  ( -0.000000000000000000, -0.000000000000000000, -1.000000000000000000 ) ) ;
#6115 = CARTESIAN_POINT ( 'NONE',  ( -26.02888938601019575, -24.14227662963358156, -15.31533489710971807 ) ) ;
#6116 = DIRECTION ( 'NONE',  ( -1.000000000000000000, 0.000000000000000000, 0.000000000000000000 ) ) ;
#6117 = ORIENTED_EDGE ( 'NONE', *, *, #5293, .T. ) ;
#6118 = DIRECTION ( 'NONE',  ( -0.000000000000000000, -0.000000000000000000, 1.000000000000000000 ) ) ;
#6119 = ORIENTED_EDGE ( 'NONE', *, *, #3173, .T. ) ;
#6120 = CARTESIAN_POINT ( 'NONE',  ( -24.99290614573704161, -12.54534135892337687, -2.168404344971008868E-16 ) ) ;
#6121 = CARTESIAN_POINT ( 'NONE',  ( 0.000000000000000000, 0.000000000000000000, -1.500000000000000000 ) ) ;
#6122 = DIRECTION ( 'NONE',  ( -1.000000000000000000, 0.000000000000000000, 0.000000000000000000 ) ) ;
#6123 = VERTEX_POINT ( 'NONE', #6522 ) ;
#6124 = CARTESIAN_POINT ( 'NONE',  ( -2.030270917882635917, 1.840000000000000080, -44.49999999999998579 ) ) ;
#6125 = CARTESIAN_POINT ( 'NONE',  ( 33.49999998629436249, 0.0006703912523994923645, -19.99992794400424501 ) ) ;
#6126 = VERTEX_POINT ( 'NONE', #5820 ) ;
#6127 = ADVANCED_FACE ( 'NONE', ( #6654 ), #1630, .F. ) ;
#6128 = CARTESIAN_POINT ( 'NONE',  ( -21.90467636902849335, -25.34661596828367891, -18.15144138431149301 ) ) ;
#6129 = DIRECTION ( 'NONE',  ( 1.000000000000000000, 0.000000000000000000, 0.000000000000000000 ) ) ;
#6130 = ORIENTED_EDGE ( 'NONE', *, *, #725, .F. ) ;
#6131 = CARTESIAN_POINT ( 'NONE',  ( -0.1999999999995490663, -29.82729920354470465, -2.000000000000002220 ) ) ;
#6132 = DIRECTION ( 'NONE',  ( 0.000000000000000000, 0.000000000000000000, 1.000000000000000000 ) ) ;
#6133 = CARTESIAN_POINT ( 'NONE',  ( -26.65033197366668105, -8.028340434847256901, -2.000000000000003553 ) ) ;
#6134 = ORIENTED_EDGE ( 'NONE', *, *, #8872, .T. ) ;
#6135 = CARTESIAN_POINT ( 'NONE',  ( 22.09456841774186486, -25.18125735307726387, -18.75985287850459216 ) ) ;
#6136 = CARTESIAN_POINT ( 'NONE',  ( 35.49999998547622937, 0.0007104085850295147877, -19.99992795037453774 ) ) ;
#6137 = DIRECTION ( 'NONE',  ( -0.000000000000000000, -0.000000000000000000, 1.000000000000000000 ) ) ;
#6138 = EDGE_CURVE ( 'NONE', #5019, #7621, #7408, .T. ) ;
#6139 = EDGE_CURVE ( 'NONE', #6516, #4420, #8595, .T. ) ;
#6140 = CARTESIAN_POINT ( 'NONE',  ( -30.13825535823319157, -9.161635441444326844, -4.500000000000002665 ) ) ;
#6141 = EDGE_CURVE ( 'NONE', #8967, #6123, #2375, .T. ) ;
#6142 = ORIENTED_EDGE ( 'NONE', *, *, #1977, .T. ) ;
#6143 = CARTESIAN_POINT ( 'NONE',  ( -11.59387685601777740, -4.397956280762132408, -2.000000000000003553 ) ) ;
#6144 = CARTESIAN_POINT ( 'NONE',  ( 3.023623453860338817, 5.182441626228479592, -2.000000000000003553 ) ) ;
#6145 = VERTEX_POINT ( 'NONE', #4467 ) ;
#6146 = CARTESIAN_POINT ( 'NONE',  ( 0.000000000000000000, 0.000000000000000000, -10.44999999999990514 ) ) ;
#6147 = DIRECTION ( 'NONE',  ( -0.3090169943749304093, -0.9510565162951591933, 0.000000000000000000 ) ) ;
#6148 = AXIS2_PLACEMENT_3D ( 'NONE', #5940, #5982, #7386 ) ;
#6149 = CARTESIAN_POINT ( 'NONE',  ( 35.49383152889666349, 0.6828632176808483445, -15.07870116200535726 ) ) ;
#6150 = DIRECTION ( 'NONE',  ( -0.000000000000000000, -0.000000000000000000, 1.000000000000000000 ) ) ;
#6151 = CARTESIAN_POINT ( 'NONE',  ( -2.669581395823288350, 6.607445816926927229, -3.499999999999999556 ) ) ;
#6152 = CARTESIAN_POINT ( 'NONE',  ( 4.217497159606506507, -27.51194580819676005, -2.000000000000005773 ) ) ;
#6153 = CIRCLE ( 'NONE', #3329, 3.240000000000000657 ) ;
#6154 = CARTESIAN_POINT ( 'NONE',  ( -35.40643814088717534, -2.579121447847568138, -18.15144138419044140 ) ) ;
#6155 = DIRECTION ( 'NONE',  ( -0.000000000000000000, -0.000000000000000000, 1.000000000000000000 ) ) ;
#6156 = FACE_OUTER_BOUND ( 'NONE', #3858, .T. ) ;
#6157 = CARTESIAN_POINT ( 'NONE',  ( -33.49999998629449038, -0.0006703859853786739605, -19.99992793849283146 ) ) ;
#6158 = AXIS2_PLACEMENT_3D ( 'NONE', #2174, #7865, #8609 ) ;
#6159 = CARTESIAN_POINT ( 'NONE',  ( 7.624315409822878031, 20.76410553515884416, -10.50000000000000533 ) ) ;
#6160 = CARTESIAN_POINT ( 'NONE',  ( 19.74332688393510082, 20.03499706160481963, 9.006783672470726281E-16 ) ) ;
#6161 = CARTESIAN_POINT ( 'NONE',  ( 24.24758564574220898, -23.11553767791344782, -15.12618847594104565 ) ) ;
#6162 = ORIENTED_EDGE ( 'NONE', *, *, #1707, .T. ) ;
#6163 = FACE_OUTER_BOUND ( 'NONE', #8006, .T. ) ;
#6164 = CARTESIAN_POINT ( 'NONE',  ( -35.40653470732869579, -2.577814582360839601, -16.84523636506551014 ) ) ;
#6165 = LINE ( 'NONE', #1847, #7206 ) ;
#6166 = ORIENTED_EDGE ( 'NONE', *, *, #415, .T. ) ;
#6167 = CARTESIAN_POINT ( 'NONE',  ( -13.25113100649835474, 7.758231914844355259, -4.500000000000000000 ) ) ;
#6168 = B_SPLINE_CURVE_WITH_KNOTS ( 'NONE', 3,
 ( #5703, #7997, #4343, #8554, #80, #7248, #2906, #2952, #5750, #2212, #5797, #5043 ),
 .UNSPECIFIED., .F., .F.,
 ( 4, 2, 2, 2, 2, 4 ),
 ( 0.000000000000000000, 0.0002102482285964164647, 0.0004204964571928329294, 0.0008409929143856636905, 0.001261489371578494506, 0.001681985828771325429 ),
 .UNSPECIFIED. ) ;
#6169 = VECTOR ( 'NONE', #7766, 1000.000000000000000 ) ;
#6170 = CARTESIAN_POINT ( 'NONE',  ( -24.74919087279858587, -22.57833364222375749, -19.50000510104706208 ) ) ;
#6171 = CARTESIAN_POINT ( 'NONE',  ( -22.09456841780257363, 25.18125735302440305, -18.75985287868912721 ) ) ;
#6172 = VERTEX_POINT ( 'NONE', #7975 ) ;
#6173 = VERTEX_POINT ( 'NONE', #3770 ) ;
#6174 = CARTESIAN_POINT ( 'NONE',  ( 5.043922876952033896, -2.270203638469987517, -22.30065553475710871 ) ) ;
#6175 = PLANE ( 'NONE',  #2210 ) ;
#6176 = CARTESIAN_POINT ( 'NONE',  ( 0.000000000000000000, 0.000000000000000000, -2.000000000000003553 ) ) ;
#6177 = ORIENTED_EDGE ( 'NONE', *, *, #5224, .F. ) ;
#6178 = CARTESIAN_POINT ( 'NONE',  ( -25.81973904263819364, -12.75149395379278872, -0.4452998037747710747 ) ) ;
#6179 = CIRCLE ( 'NONE', #3501, 31.50000000000000000 ) ;
#6180 = CARTESIAN_POINT ( 'NONE',  ( 1.807075951864844710, 3.550256487451655563, -30.50000000000000711 ) ) ;
#6181 = CIRCLE ( 'NONE', #6044, 31.50000000000000000 ) ;
#6182 = CARTESIAN_POINT ( 'NONE',  ( 22.57739473825473908, -24.75004477339983566, -15.50119477829934667 ) ) ;
#6183 = EDGE_CURVE ( 'NONE', #1338, #5339, #8671, .T. ) ;
#6184 = CARTESIAN_POINT ( 'NONE',  ( -20.12590617746494459, 20.64725191513601033, -3.500000000002557954 ) ) ;
#6185 = ADVANCED_FACE ( 'NONE', ( #152 ), #831, .T. ) ;
#6186 = ORIENTED_EDGE ( 'NONE', *, *, #5505, .T. ) ;
#6187 = CARTESIAN_POINT ( 'NONE',  ( 28.96631116214023649, -4.717879882881483411, -4.271858384064485925 ) ) ;
#6188 = CARTESIAN_POINT ( 'NONE',  ( 5.701051668417679963, 6.826043474059755312, -16.73211695523270137 ) ) ;
#6189 = DIRECTION ( 'NONE',  ( 0.9271838545667869802, 0.3746065934159130140, 0.000000000000000000 ) ) ;
#6190 = ORIENTED_EDGE ( 'NONE', *, *, #5460, .F. ) ;
#6191 = B_SPLINE_CURVE_WITH_KNOTS ( 'NONE', 1,
 ( #4070, #6912 ),
 .UNSPECIFIED., .F., .F.,
 ( 2, 2 ),
 ( 0.000000000000000000, 1.000000000000000000 ),
 .UNSPECIFIED. ) ;
#6192 = CARTESIAN_POINT ( 'NONE',  ( 1.809290808054217825, 3.511056127102985425, -29.92901047369986856 ) ) ;
#6193 = CARTESIAN_POINT ( 'NONE',  ( 0.6000000000000977884, -6.736009796269748939, -7.638116798104244154 ) ) ;
#6194 = VECTOR ( 'NONE', #377, 1000.000000000000000 ) ;
#6195 = EDGE_CURVE ( 'NONE', #733, #2041, #1584, .T. ) ;
#6196 = CARTESIAN_POINT ( 'NONE',  ( -14.39585810366432383, -4.046615671570951811, -12.07137062997711574 ) ) ;
#6197 = CARTESIAN_POINT ( 'NONE',  ( 14.55132118139226804, 27.89386831779665599, -4.441752137684932045 ) ) ;
#6198 = B_SPLINE_SURFACE_WITH_KNOTS ( 'NONE', 1, 3, ( 
 ( #7715, #3454, #1840, #6115, #2620, #4668, #5416, #8320, #7531, #1889, #1978, #3368, #6299, #4756, #1182, #7619, #4064, #4155, #6209, #9093, #2708, #5551, #5695, #2247, #7098, #7049, #4898, #1364, #4336, #8504, #1409, #4197, #1455, #666, #7762, #5601 ),
 ( #7895, #30, #7145, #2852, #3502, #6346, #7241, #9184, #7941, #1547, #1500, #797, #6434, #7188, #2809, #759, #8546, #6396, #5787, #5651, #4246, #5035, #4294, #73, #9134, #2121, #4939, #4383, #2159, #711, #7849, #6485, #7802, #2074, #8636, #2944 ) ),
 .UNSPECIFIED., .F., .T., .F.,
 ( 2, 2 ),
 ( 4, 2, 2, 2, 2, 2, 2, 2, 2, 2, 2, 2, 2, 2, 2, 2, 2, 4 ),
 ( 0.000000000000000000, 1.000000000000000000 ),
 ( 0.000000000000000000, 0.06250000000000000000, 0.1250000000000000000, 0.1875000000000000000, 0.2500000000000000000, 0.3125000000000000000, 0.3750000000000000000, 0.4375000000000000000, 0.5000000000000000000, 0.5625000000000000000, 0.6250000000000000000, 0.6875000000000000000, 0.7500000000000000000, 0.8125000000000000000, 0.8750000000000000000, 0.9375000000000000000, 0.9687500000000000000, 1.000000000000000000 ),
 .UNSPECIFIED. ) ;
#6199 = CARTESIAN_POINT ( 'NONE',  ( 2.579121447792813271, -35.40643814089095542, -18.15144138432807353 ) ) ;
#6200 = CARTESIAN_POINT ( 'NONE',  ( 3.332746190569198408, 2.258377993736182532, -10.50000000000000533 ) ) ;
#6201 = CARTESIAN_POINT ( 'NONE',  ( -35.40119919275873883, -2.646714135710861004, -17.82637605770336009 ) ) ;
#6202 = CARTESIAN_POINT ( 'NONE',  ( 22.10467735366148290, 1.200539366099622862, -10.50000000000000533 ) ) ;
#6203 = CARTESIAN_POINT ( 'NONE',  ( 23.92531675037067274, 26.22765184829053098, -19.49867079307225737 ) ) ;
#6204 = AXIS2_PLACEMENT_3D ( 'NONE', #2304, #6446, #8603 ) ;
#6205 = DIRECTION ( 'NONE',  ( -0.000000000000000000, -0.000000000000000000, -1.000000000000000000 ) ) ;
#6206 = EDGE_CURVE ( 'NONE', #7885, #3943, #2283, .T. ) ;
#6207 = EDGE_CURVE ( 'NONE', #602, #180, #3727, .T. ) ;
#6208 = AXIS2_PLACEMENT_3D ( 'NONE', #8362, #6958, #667 ) ;
#6209 = CARTESIAN_POINT ( 'NONE',  ( -24.60772870839969784, -25.58931128696366741, -19.93459846097958987 ) ) ;
#6210 = CARTESIAN_POINT ( 'NONE',  ( 25.18159475674390535, 22.09418396602300660, -16.24166244697568828 ) ) ;
#6211 = CARTESIAN_POINT ( 'NONE',  ( 25.38817419733296177, -21.85613440037511879, -17.16962608725159711 ) ) ;
#6212 = ORIENTED_EDGE ( 'NONE', *, *, #1696, .F. ) ;
#6213 = DIRECTION ( 'NONE',  ( -1.000000000000000000, 0.000000000000000000, -0.000000000000000000 ) ) ;
#6214 = CARTESIAN_POINT ( 'NONE',  ( -28.18203707439134575, -9.787776259979073856, -2.000000000000003553 ) ) ;
#6215 = CARTESIAN_POINT ( 'NONE',  ( 30.31314787250700959, -5.639814757948016677, -3.499999999999998224 ) ) ;
#6216 = EDGE_LOOP ( 'NONE', ( #1588, #5191 ) ) ;
#6217 = VECTOR ( 'NONE', #2053, 1000.000000000000000 ) ;
#6218 = CARTESIAN_POINT ( 'NONE',  ( 0.000000000000000000, 0.000000000000000000, -2.000000000000003553 ) ) ;
#6219 = B_SPLINE_CURVE_WITH_KNOTS ( 'NONE', 3,
 ( #5828, #4430, #2520, #6060 ),
 .UNSPECIFIED., .F., .F.,
 ( 4, 4 ),
 ( 2.310652082925037684E-07, 0.002426261271382007881 ),
 .UNSPECIFIED. ) ;
#6220 = CARTESIAN_POINT ( 'NONE',  ( -26.85887866667193080, -23.21353570191319804, -18.15506602328148489 ) ) ;
#6221 = CARTESIAN_POINT ( 'NONE',  ( -26.22460301702783880, 23.92867568816454593, -15.49726176820533929 ) ) ;
#6222 = VECTOR ( 'NONE', #7370, 1000.000000000000000 ) ;
#6223 = ORIENTED_EDGE ( 'NONE', *, *, #2457, .T. ) ;
#6224 = CARTESIAN_POINT ( 'NONE',  ( 4.655903701658255400, -0.8823666332197228623, -24.62869221278449317 ) ) ;
#6225 = CARTESIAN_POINT ( 'NONE',  ( 17.37024318868346029, 24.24834900243259739, -2.000000000000003997 ) ) ;
#6226 = DIRECTION ( 'NONE',  ( 1.000000000000000000, 0.000000000000000000, 0.000000000000000000 ) ) ;
#6227 = EDGE_LOOP ( 'NONE', ( #16, #6920, #2107, #7375 ) ) ;
#6228 = DIRECTION ( 'NONE',  ( 1.000000000000000000, 1.776356839400250465E-15, 0.000000000000000000 ) ) ;
#6229 = CARTESIAN_POINT ( 'NONE',  ( 23.22830714676342012, 24.13961512403052723, -15.07870116200537680 ) ) ;
#6230 = CIRCLE ( 'NONE', #5034, 3.950000000000000178 ) ;
#6231 = DIRECTION ( 'NONE',  ( 0.000000000000000000, 0.000000000000000000, 1.000000000000000000 ) ) ;
#6232 = CARTESIAN_POINT ( 'NONE',  ( 26.85899096148531484, -23.21341061828415775, -16.84523636444804140 ) ) ;
#6233 = CARTESIAN_POINT ( 'NONE',  ( -10.86166940953010140, 15.97108815885850674, -10.66706411530312693 ) ) ;
#6234 = VERTEX_POINT ( 'NONE', #7928 ) ;
#6235 = CARTESIAN_POINT ( 'NONE',  ( -8.231009818227166264, -3.305295545168255966, -16.76034206793067938 ) ) ;
#6236 = PRODUCT_DEFINITION_FORMATION_WITH_SPECIFIED_SOURCE ( 'ANY', '', #1567, .NOT_KNOWN. ) ;
#6237 = CARTESIAN_POINT ( 'NONE',  ( 8.438457157011338694, 10.59375889755826883, -12.75620152267624263 ) ) ;
#6238 = DIRECTION ( 'NONE',  ( -0.000000000000000000, -0.000000000000000000, 1.000000000000000000 ) ) ;
#6239 = ORIENTED_EDGE ( 'NONE', *, *, #3569, .F. ) ;
#6240 = CARTESIAN_POINT ( 'NONE',  ( 2.851984864791395680, 4.946201375378763032, -21.73824769003992685 ) ) ;
#6241 = CARTESIAN_POINT ( 'NONE',  ( -25.81973904263819364, -12.75149395379278872, -0.4452998037747710747 ) ) ;
#6242 = CARTESIAN_POINT ( 'NONE',  ( -5.134826993510460014, 8.088264008637453983, -4.820036564298091797 ) ) ;
#6243 = EDGE_CURVE ( 'NONE', #3193, #4653, #3376, .T. ) ;
#6244 = CARTESIAN_POINT ( 'NONE',  ( 2.182618677627184756, 33.42905698873732945, -18.75985287846275540 ) ) ;
#6245 = EDGE_CURVE ( 'NONE', #9143, #3157, #4328, .T. ) ;
#6246 = EDGE_LOOP ( 'NONE', ( #2197, #5754, #1156, #6380 ) ) ;
#6247 = DIRECTION ( 'NONE',  ( -1.000000000000000000, 0.000000000000000000, 0.000000000000000000 ) ) ;
#6248 = CARTESIAN_POINT ( 'NONE',  ( 4.146049948680574637, -28.53368852662156385, -3.500000000002559286 ) ) ;
#6249 = FACE_OUTER_BOUND ( 'NONE', #6080, .T. ) ;
#6250 = VERTEX_POINT ( 'NONE', #2980 ) ;
#6251 = EDGE_CURVE ( 'NONE', #2824, #638, #1297, .T. ) ;
#6252 = CARTESIAN_POINT ( 'NONE',  ( -0.6000000000004126477, 29.49999999999999645, -9.500000000000005329 ) ) ;
#6253 = DIRECTION ( 'NONE',  ( -0.000000000000000000, -0.000000000000000000, 1.000000000000000000 ) ) ;
#6254 = DIRECTION ( 'NONE',  ( -1.000000000000000000, 0.000000000000000000, 0.000000000000000000 ) ) ;
#6255 = CARTESIAN_POINT ( 'NONE',  ( -17.02094963040022435, -14.12668847420309959, -10.50000000000000533 ) ) ;
#6256 = ADVANCED_FACE ( 'NONE', ( #6569 ), #196, .T. ) ;
#6257 = CARTESIAN_POINT ( 'NONE',  ( 2.097615657044225035, 3.351069189113529134, -30.50000000000000711 ) ) ;
#6258 = DIRECTION ( 'NONE',  ( -0.3746065934158998578, -0.9271838545667923093, 0.000000000000000000 ) ) ;
#6259 = ORIENTED_EDGE ( 'NONE', *, *, #703, .T. ) ;
#6260 = EDGE_CURVE ( 'NONE', #6033, #5706, #3630, .T. ) ;
#6261 = DIRECTION ( 'NONE',  ( -0.000000000000000000, -0.000000000000000000, 1.000000000000000000 ) ) ;
#6262 = B_SPLINE_CURVE_WITH_KNOTS ( 'NONE', 3,
 ( #2496, #1759, #5238, #6778 ),
 .UNSPECIFIED., .F., .F.,
 ( 4, 4 ),
 ( 0.000000000000000000, 0.0007378340800153706689 ),
 .UNSPECIFIED. ) ;
#6263 = CARTESIAN_POINT ( 'NONE',  ( 0.000000000000000000, 0.000000000000000000, 0.000000000000000000 ) ) ;
#6264 = ORIENTED_EDGE ( 'NONE', *, *, #2389, .T. ) ;
#6265 = PRODUCT_DEFINITION_CONTEXT ( 'detailed design', #199, 'design' ) ;
#6266 = FACE_OUTER_BOUND ( 'NONE', #6479, .T. ) ;
#6267 = EDGE_CURVE ( 'NONE', #5998, #4594, #5004, .T. ) ;
#6268 = CARTESIAN_POINT ( 'NONE',  ( -24.97989506861932085, -25.22468639562555381, -14.99981109353420727 ) ) ;
#6269 = CARTESIAN_POINT ( 'NONE',  ( -25.58931128690436907, 24.60772870846248139, -19.93459846103375455 ) ) ;
#6270 = B_SPLINE_CURVE_WITH_KNOTS ( 'NONE', 3,
 ( #7646, #1207, #7559, #6936, #8344, #6187, #8942, #1112, #469, #382 ),
 .UNSPECIFIED., .F., .F.,
 ( 4, 2, 2, 2, 4 ),
 ( 1.498133598136967407E-16, 0.0004177826574207619864, 0.0008355653148413741361, 0.001253347972261986340, 0.001671130629682598435 ),
 .UNSPECIFIED. ) ;
#6271 = ORIENTED_EDGE ( 'NONE', *, *, #4022, .F. ) ;
#6272 = CARTESIAN_POINT ( 'NONE',  ( 4.140476914355591731, -28.61338663054034370, -3.617102734979082079 ) ) ;
#6273 = CARTESIAN_POINT ( 'NONE',  ( 17.69384998643343820, 24.01323490151561302, -2.000000000000003553 ) ) ;
#6274 = CARTESIAN_POINT ( 'NONE',  ( -10.00781309531557817, -2.620858256342803561, -2.000000000000003553 ) ) ;
#6275 = ORIENTED_EDGE ( 'NONE', *, *, #7805, .T. ) ;
#6276 = CARTESIAN_POINT ( 'NONE',  ( -23.57257703658443049, -23.80357730291425256, -14.99981109353420727 ) ) ;
#6277 = CARTESIAN_POINT ( 'NONE',  ( 23.16091849811268233, 26.90393752455829102, -17.82637605762963062 ) ) ;
#6278 = CARTESIAN_POINT ( 'NONE',  ( 3.971547331732156572, -0.3108961472270133086, -10.50000000000499334 ) ) ;
#6279 = CARTESIAN_POINT ( 'NONE',  ( 26.55666701237095495, -23.55958276954002883, -19.03432852962032840 ) ) ;
#6280 = DIRECTION ( 'NONE',  ( 1.000000000000000000, 0.000000000000000000, 0.000000000000000000 ) ) ;
#6281 = CARTESIAN_POINT ( 'NONE',  ( -2.387337172767600713, 4.306668692688423228, -23.95596011140008486 ) ) ;
#6282 = ORIENTED_EDGE ( 'NONE', *, *, #8887, .T. ) ;
#6283 = CARTESIAN_POINT ( 'NONE',  ( 3.833887881815836618, -1.032039634630384395, -30.50000000000000711 ) ) ;
#6284 = CARTESIAN_POINT ( 'NONE',  ( 5.705082230231014684, 6.831591011054871210, -16.72411066962839499 ) ) ;
#6285 = LINE ( 'NONE', #6887, #3036 ) ;
#6286 = ORIENTED_EDGE ( 'NONE', *, *, #4317, .T. ) ;
#6287 = CARTESIAN_POINT ( 'NONE',  ( 35.50000000000000711, -0.3461872146016327645, -15.00037781293159611 ) ) ;
#6288 = CARTESIAN_POINT ( 'NONE',  ( -28.38374776655663467, -4.860286515015392439, -0.4452998037747728510 ) ) ;
#6289 = CARTESIAN_POINT ( 'NONE',  ( -14.28911208414177381, -4.011935383995364646, -12.12463497974908400 ) ) ;
#6290 = CARTESIAN_POINT ( 'NONE',  ( -2.433818831060756693, 33.41170923154187733, -18.15144138421802467 ) ) ;
#6291 = DIRECTION ( 'NONE',  ( 0.9510565162951590823, -0.3090169943749304649, 0.000000000000000000 ) ) ;
#6292 = CARTESIAN_POINT ( 'NONE',  ( -33.50000000000000000, 0.3266837095036179694, -15.00037781293153749 ) ) ;
#6293 = ORIENTED_EDGE ( 'NONE', *, *, #8816, .T. ) ;
#6294 = CARTESIAN_POINT ( 'NONE',  ( 26.85887866663902201, 23.21353570195099536, -18.15506602333612918 ) ) ;
#6295 = CARTESIAN_POINT ( 'NONE',  ( -6.935589337896340467, 8.525238802470544996, -3.410121492275869581 ) ) ;
#6296 = CARTESIAN_POINT ( 'NONE',  ( 0.5999617867853986874, -5.047105821740483833, -23.51425147938176252 ) ) ;
#6297 = EDGE_CURVE ( 'NONE', #1304, #3996, #2052, .T. ) ;
#6298 = AXIS2_PLACEMENT_3D ( 'NONE', #6709, #8728, #6619 ) ;
#6299 = CARTESIAN_POINT ( 'NONE',  ( -26.55493701960715924, -23.56152604807649098, -19.03685471094480874 ) ) ;
#6300 = DIRECTION ( 'NONE',  ( -0.000000000000000000, -0.000000000000000000, 1.000000000000000000 ) ) ;
#6301 = CARTESIAN_POINT ( 'NONE',  ( -26.68361434956161915, 23.41479347007258482, -16.23749250276430089 ) ) ;
#6302 = VERTEX_POINT ( 'NONE', #2235 ) ;
#6303 = CARTESIAN_POINT ( 'NONE',  ( 2.116661196716040916, 35.43769088425121794, -19.03685471104484961 ) ) ;
#6304 = APPLICATION_PROTOCOL_DEFINITION ( 'draft international standard', 'automotive_design', 1998, #2617 ) ;
#6305 = CARTESIAN_POINT ( 'NONE',  ( 15.44972555164448380, 15.59193638964908857, -10.50000000000000533 ) ) ;
#6306 = ORIENTED_EDGE ( 'NONE', *, *, #6245, .F. ) ;
#6307 = VECTOR ( 'NONE', #5349, 1000.000000000000000 ) ;
#6308 = EDGE_CURVE ( 'NONE', #1778, #5256, #5931, .T. ) ;
#6309 = CARTESIAN_POINT ( 'NONE',  ( 12.95323328693828380, 24.96798633319136229, 1.036768327439263221E-15 ) ) ;
#6310 = CIRCLE ( 'NONE', #6904, 1.000000000000000000 ) ;
#6311 = CARTESIAN_POINT ( 'NONE',  ( -25.34570240376084271, -21.90573087363639715, -18.15506602328148489 ) ) ;
#6312 = CARTESIAN_POINT ( 'NONE',  ( -26.90388608971372264, 23.16097824517052928, -17.16962608727447659 ) ) ;
#6313 = VERTEX_POINT ( 'NONE', #6700 ) ;
#6314 = CARTESIAN_POINT ( 'NONE',  ( 8.484422274689269017, 3.387633242746799223, -9.500000000000005329 ) ) ;
#6315 = CARTESIAN_POINT ( 'NONE',  ( 26.15944228672961458, -13.01323381380855793, -4.076053988288476759 ) ) ;
#6316 = CARTESIAN_POINT ( 'NONE',  ( 26.65033197366691553, -8.028340434846487739, -2.000000000000003553 ) ) ;
#6317 = ORIENTED_EDGE ( 'NONE', *, *, #6308, .T. ) ;
#6318 = CARTESIAN_POINT ( 'NONE',  ( -21.90467636902849335, -25.34661596828367891, -18.15144138431149301 ) ) ;
#6319 = CARTESIAN_POINT ( 'NONE',  ( 23.57257703658748582, 23.80357730291119722, -14.99981109353420905 ) ) ;
#6320 = AXIS2_PLACEMENT_3D ( 'NONE', #7033, #6334, #2792 ) ;
#6321 = CARTESIAN_POINT ( 'NONE',  ( -1.322654360280154595, -3.757716070397842056, -10.50000000000000533 ) ) ;
#6322 = ORIENTED_EDGE ( 'NONE', *, *, #3131, .F. ) ;
#6323 = CARTESIAN_POINT ( 'NONE',  ( 21.85595376812088375, -25.38832969884735036, -17.82748966721275607 ) ) ;
#6324 = DIRECTION ( 'NONE',  ( -0.000000000000000000, -0.000000000000000000, 1.000000000000000000 ) ) ;
#6325 = ADVANCED_FACE ( 'NONE', ( #1019 ), #8113, .F. ) ;
#6326 = VECTOR ( 'NONE', #935, 1000.000000000000114 ) ;
#6327 = CARTESIAN_POINT ( 'NONE',  ( -1.628014711682791882, -35.46349690234304575, -15.50119477829921344 ) ) ;
#6328 = VERTEX_POINT ( 'NONE', #4559 ) ;
#6329 = CARTESIAN_POINT ( 'NONE',  ( -0.5999999999995775379, -29.49389767392570860, 0.000000000000000000 ) ) ;
#6330 = DIRECTION ( 'NONE',  ( 0.3090169943749588310, -0.9510565162951497564, -0.000000000000000000 ) ) ;
#6331 = CARTESIAN_POINT ( 'NONE',  ( 0.000000000000000000, 0.000000000000000000, -2.000000000000003553 ) ) ;
#6332 = VERTEX_POINT ( 'NONE', #3119 ) ;
#6333 = CARTESIAN_POINT ( 'NONE',  ( -26.68497354819114165, -23.41323972518875607, -16.24166244697568473 ) ) ;
#6334 = DIRECTION ( 'NONE',  ( 0.000000000000000000, 0.000000000000000000, -1.000000000000000000 ) ) ;
#6335 = CARTESIAN_POINT ( 'NONE',  ( -14.19194517679968826, -3.980365181256655838, -12.17386169479820879 ) ) ;
#6336 = CIRCLE ( 'NONE', #8729, 31.50000000000000000 ) ;
#6337 = CARTESIAN_POINT ( 'NONE',  ( 2.432970571027354367, 33.41176939070787455, -16.84589223775190803 ) ) ;
#6338 = ORIENTED_EDGE ( 'NONE', *, *, #5358, .F. ) ;
#6339 = FACE_OUTER_BOUND ( 'NONE', #1512, .T. ) ;
#6340 = DIRECTION ( 'NONE',  ( -0.000000000000000000, -0.000000000000000000, 1.000000000000000000 ) ) ;
#6341 = ORIENTED_EDGE ( 'NONE', *, *, #1194, .F. ) ;
#6342 = CARTESIAN_POINT ( 'NONE',  ( 23.16091849811268233, 26.90393752455829102, -17.82637605762963062 ) ) ;
#6343 = AXIS2_PLACEMENT_3D ( 'NONE', #7506, #8807, #4561 ) ;
#6344 = CARTESIAN_POINT ( 'NONE',  ( -23.16095991134110221, 26.90390187311667347, -17.17385420698250442 ) ) ;
#6345 = CARTESIAN_POINT ( 'NONE',  ( 0.6000000000000420552, -5.156018206093381906, -23.20112373737890721 ) ) ;
#6346 = CARTESIAN_POINT ( 'NONE',  ( -25.05935372640506031, -22.23358406256631525, -15.96378118984150696 ) ) ;
#6347 = CARTESIAN_POINT ( 'NONE',  ( 24.56247308264091345, 22.78214836873724281, -15.31533489716144381 ) ) ;
#6348 = CARTESIAN_POINT ( 'NONE',  ( -23.21353570188236404, 26.85887866669878576, -18.15506602320147422 ) ) ;
#6349 = ORIENTED_EDGE ( 'NONE', *, *, #69, .F. ) ;
#6350 = CARTESIAN_POINT ( 'NONE',  ( 1.626671323709558692, 35.46356059723905219, -19.50000510094706740 ) ) ;
#6351 = CARTESIAN_POINT ( 'NONE',  ( -4.318284442049567851, -21.94999416366165335, -10.50000000000000533 ) ) ;
#6352 = VERTEX_POINT ( 'NONE', #758 ) ;
#6353 = AXIS2_PLACEMENT_3D ( 'NONE', #4702, #4747, #6804 ) ;
#6354 = CARTESIAN_POINT ( 'NONE',  ( 14.26373768937468611, 28.08550848976589265, -4.500000000000002665 ) ) ;
#6355 = B_SPLINE_CURVE_WITH_KNOTS ( 'NONE', 3,
 ( #4134, #8435, #6233, #1110, #6883, #1205, #6980, #8296, #2556, #424, #6100, #9073, #4006, #4739, #8250, #9025, #1866, #3261, #3959, #4047, #7601, #4091, #2642, #467, #5581, #7507, #6795, #5528, #4693, #4829, #8385, #1162, #5486, #7693, #3302, #8342, #510, #3346, #601, #1956, #6934, #556, #3432, #6281, #9113, #8570, #2182, #3530, #5766, #6375, #8484, #2101, #6415, #2142, #821, #2874, #11, #51, #5674, #5720 ),
 .UNSPECIFIED., .F., .F.,
 ( 4, 2, 2, 2, 1, 1, 1, 1, 2, 2, 2, 2, 2, 1, 1, 1, 1, 2, 2, 2, 2, 2, 2, 1, 1, 2, 2, 2, 2, 2, 1, 1, 1, 1, 2, 2, 4 ),
 ( 0.000000000000000000, 0.1250000000000134892, 0.1875000000000203448, 0.2187500000000238420, 0.2343750000000255629, 0.2421875000000263956, 0.2460937500000267286, 0.2480468750000268396, 0.2490234375000269229, 0.2500000000000269784, 0.3750000000000348055, 0.4375000000000388578, 0.4687500000000408007, 0.4843750000000417999, 0.4921875000000421330, 0.4960937500000422995, 0.4980468750000424105, 0.4990234375000425771, 0.5000000000000427436, 0.6250000000000438538, 0.6875000000000442979, 0.7187500000000445199, 0.7343750000000446310, 0.7421875000000445199, 0.7460937500000445199, 0.7480468750000444089, 0.7500000000000442979, 0.8125000000000373035, 0.8437500000000335287, 0.8593750000000316414, 0.8671875000000307532, 0.8710937500000300870, 0.8730468750000295319, 0.8740234375000291989, 0.8745117187500289768, 0.8750000000000287548, 1.000000000000000000 ),
 .UNSPECIFIED. ) ;
#6356 = EDGE_CURVE ( 'NONE', #6604, #7548, #3978, .T. ) ;
#6357 = EDGE_CURVE ( 'NONE', #5240, #9190, #3549, .T. ) ;
#6358 = CARTESIAN_POINT ( 'NONE',  ( -23.57257703658443049, -23.80357730291425256, -14.99981109353420727 ) ) ;
#6359 = CARTESIAN_POINT ( 'NONE',  ( -25.34895672001970368, 24.85560503883603545, -19.99993715641065961 ) ) ;
#6360 = VERTEX_POINT ( 'NONE', #7000 ) ;
#6361 = CARTESIAN_POINT ( 'NONE',  ( 4.194102715112929758, -0.7318693634209838539, -26.81223296448975191 ) ) ;
#6362 = EDGE_CURVE ( 'NONE', #7281, #1701, #5595, .T. ) ;
#6363 = CARTESIAN_POINT ( 'NONE',  ( 35.50000000000001421, -0.3461291082272103803, -15.00037774951695368 ) ) ;
#6364 = VECTOR ( 'NONE', #3096, 1000.000000000000000 ) ;
#6365 = DIRECTION ( 'NONE',  ( -0.000000000000000000, -0.000000000000000000, 1.000000000000000000 ) ) ;
#6366 = EDGE_LOOP ( 'NONE', ( #1657, #425 ) ) ;
#6367 = CARTESIAN_POINT ( 'NONE',  ( 24.85673742128494368, 25.34602500482183274, -15.01551170377322109 ) ) ;
#6368 = CARTESIAN_POINT ( 'NONE',  ( -3.550256487452557064, 1.807075951863530872, -30.50000000000000711 ) ) ;
#6369 = EDGE_LOOP ( 'NONE', ( #5334, #2733, #2724, #8613 ) ) ;
#6370 = AXIS2_PLACEMENT_3D ( 'NONE', #1937, #1135, #8275 ) ;
#6371 = VECTOR ( 'NONE', #7724, 1000.000000000000000 ) ;
#6372 = DIRECTION ( 'NONE',  ( -0.000000000000000000, -0.000000000000000000, 1.000000000000000000 ) ) ;
#6373 = FACE_OUTER_BOUND ( 'NONE', #8702, .T. ) ;
#6374 = ADVANCED_FACE ( 'NONE', ( #1269 ), #5919, .T. ) ;
#6375 = CARTESIAN_POINT ( 'NONE',  ( -2.023442286908243126, 3.805716204619966181, -26.51740071764194795 ) ) ;
#6376 = ORIENTED_EDGE ( 'NONE', *, *, #8553, .T. ) ;
#6377 = CARTESIAN_POINT ( 'NONE',  ( 33.50000000000000000, -8.202206241854447415E-15, -15.00000000000000178 ) ) ;
#6378 = CARTESIAN_POINT ( 'NONE',  ( 0.000000000000000000, 0.000000000000000000, -8.673617379884043361E-16 ) ) ;
#6379 = CARTESIAN_POINT ( 'NONE',  ( -2.497603480177743140, 33.40676543542022614, -17.82637605762931088 ) ) ;
#6380 = ORIENTED_EDGE ( 'NONE', *, *, #3744, .F. ) ;
#6381 = DIRECTION ( 'NONE',  ( -0.000000000000000000, -0.000000000000000000, 1.000000000000000000 ) ) ;
#6382 = VECTOR ( 'NONE', #2834, 1000.000000000000000 ) ;
#6383 = LINE ( 'NONE', #5112, #7528 ) ;
#6384 = CARTESIAN_POINT ( 'NONE',  ( -8.774925258344820733, -2.220261398019636623, -16.54793294232709400 ) ) ;
#6385 = CARTESIAN_POINT ( 'NONE',  ( 1.258063798052566185, 33.47773739745090182, -19.68467263745247919 ) ) ;
#6386 = ORIENTED_EDGE ( 'NONE', *, *, #3464, .F. ) ;
#6387 = CARTESIAN_POINT ( 'NONE',  ( 2.103540227890399184, -35.43775491881365980, -15.97300927172611651 ) ) ;
#6388 = VECTOR ( 'NONE', #3284, 1000.000000000000114 ) ;
#6389 = ORIENTED_EDGE ( 'NONE', *, *, #2238, .T. ) ;
#6390 = CARTESIAN_POINT ( 'NONE',  ( -33.44113806923176924, -1.998722883197627143, -15.96412339890950349 ) ) ;
#6391 = VERTEX_POINT ( 'NONE', #4196 ) ;
#6392 = CARTESIAN_POINT ( 'NONE',  ( 21.85613440037106159, 25.38817419733645409, -17.16962608734229079 ) ) ;
#6393 = B_SPLINE_CURVE_WITH_KNOTS ( 'NONE', 3,
 ( #8167, #8850, #5254, #4647, #7555, #4005, #465, #7418, #5396, #6794, #6744, #292, #1161, #1020, #6841, #423, #3907, #2378, #3301, #8249 ),
 .UNSPECIFIED., .F., .F.,
 ( 4, 2, 2, 2, 2, 2, 2, 2, 2, 4 ),
 ( 0.5000000000000000000, 0.5624999999999997780, 0.6249999999999995559, 0.6874999999999994449, 0.7499999999999992228, 0.8124999999999990008, 0.8437499999999988898, 0.8749999999999988898, 0.9374999999999993339, 1.000000000000000000 ),
 .UNSPECIFIED. ) ;
#6394 = PLANE ( 'NONE',  #7948 ) ;
#6395 = CARTESIAN_POINT ( 'NONE',  ( 0.5997587721306381070, -4.855432881064025707, -24.10889749039466778 ) ) ;
#6396 = CARTESIAN_POINT ( 'NONE',  ( -23.45528926195272135, -23.92084648231957900, -19.99993715639902447 ) ) ;
#6397 = FACE_OUTER_BOUND ( 'NONE', #5247, .T. ) ;
#6398 = CARTESIAN_POINT ( 'NONE',  ( -25.58931128690436907, 24.60772870846248139, -19.93459846103375455 ) ) ;
#6399 = CARTESIAN_POINT ( 'NONE',  ( -4.193667100289246719, -27.85273153336492769, -2.499859741077549824 ) ) ;
#6400 = PLANE ( 'NONE',  #5101 ) ;
#6401 = DIRECTION ( 'NONE',  ( -0.000000000000000000, -0.000000000000000000, 1.000000000000000000 ) ) ;
#6402 = CARTESIAN_POINT ( 'NONE',  ( 4.148653262751434312, -28.49645940093279251, -0.4452998037747735172 ) ) ;
#6403 = PLANE ( 'NONE',  #125 ) ;
#6404 = VERTEX_POINT ( 'NONE', #7799 ) ;
#6405 = CARTESIAN_POINT ( 'NONE',  ( 5.088412990465104535, -1.022448268626468870, -23.20135189693599997 ) ) ;
#6406 = DIRECTION ( 'NONE',  ( 0.000000000000000000, 0.000000000000000000, -1.000000000000000000 ) ) ;
#6407 = DIRECTION ( 'NONE',  ( -0.9702957262759946966, -0.2419218955996750020, -0.000000000000000000 ) ) ;
#6408 = ORIENTED_EDGE ( 'NONE', *, *, #5683, .T. ) ;
#6409 = CARTESIAN_POINT ( 'NONE',  ( 25.18125735308027657, 22.09456841773841163, -18.75985287855436212 ) ) ;
#6410 = CARTESIAN_POINT ( 'NONE',  ( 1.200539366113381856, -22.10467735366389874, -10.50000000000000533 ) ) ;
#6411 = EDGE_CURVE ( 'NONE', #1766, #3351, #9132, .T. ) ;
#6412 = CARTESIAN_POINT ( 'NONE',  ( -25.38822273444285216, 21.85607801934516914, -17.82637605769736311 ) ) ;
#6413 = CARTESIAN_POINT ( 'NONE',  ( -1.626671323693074100, -35.46356059723991194, -19.50000510097546425 ) ) ;
#6414 = CARTESIAN_POINT ( 'NONE',  ( 21.94171735030262838, -4.360150983881319497, -10.50000000000000533 ) ) ;
#6415 = CARTESIAN_POINT ( 'NONE',  ( -1.999439974906731310, 3.772771059794593373, -26.74523426091931455 ) ) ;
#6416 = ORIENTED_EDGE ( 'NONE', *, *, #415, .F. ) ;
#6417 = CARTESIAN_POINT ( 'NONE',  ( 0.000000000000000000, 0.000000000000000000, -4.898587196589407898E-16 ) ) ;
#6418 = FACE_OUTER_BOUND ( 'NONE', #4633, .T. ) ;
#6419 = CARTESIAN_POINT ( 'NONE',  ( -2.843911227749441828, -2.849304852841036517, -10.49999999999251798 ) ) ;
#6420 = VERTEX_POINT ( 'NONE', #845 ) ;
#6421 = CARTESIAN_POINT ( 'NONE',  ( 17.49487211091134498, 23.05884470439155720, -3.666663488590732101 ) ) ;
#6422 = CARTESIAN_POINT ( 'NONE',  ( 0.000000000000000000, 0.000000000000000000, 0.000000000000000000 ) ) ;
#6423 = CARTESIAN_POINT ( 'NONE',  ( 0.000000000000000000, 0.000000000000000000, -4.500000000000000000 ) ) ;
#6424 = ADVANCED_FACE ( 'NONE', ( #3781 ), #2339, .T. ) ;
#6425 = CARTESIAN_POINT ( 'NONE',  ( -0.8482685734320984938, 35.49023557169572030, -15.12618847594107763 ) ) ;
#6426 = ADVANCED_FACE ( 'NONE', ( #3738 ), #5126, .F. ) ;
#6427 = PLANE ( 'NONE',  #3666 ) ;
#6428 = ORIENTED_EDGE ( 'NONE', *, *, #8097, .F. ) ;
#6429 = CARTESIAN_POINT ( 'NONE',  ( -33.49078568033237246, -0.8004787946543894250, -15.12618847594106875 ) ) ;
#6430 = VERTEX_POINT ( 'NONE', #6578 ) ;
#6431 = CARTESIAN_POINT ( 'NONE',  ( 24.85673742128494368, 25.34602500482183274, -15.01551170377322109 ) ) ;
#6432 = CARTESIAN_POINT ( 'NONE',  ( 1.260103349317747812, -33.47769565988176765, -15.31632817220711296 ) ) ;
#6433 = CARTESIAN_POINT ( 'NONE',  ( 23.41323972519241892, -26.68497354818794420, -16.24166244696487382 ) ) ;
#6434 = CARTESIAN_POINT ( 'NONE',  ( -25.05888422977013619, -22.23411612987500163, -19.03685471094480874 ) ) ;
#6435 = CARTESIAN_POINT ( 'NONE',  ( 23.16097824516933557, 26.90388608971475648, -17.16962608734229079 ) ) ;
#6436 = ORIENTED_EDGE ( 'NONE', *, *, #4486, .F. ) ;
#6437 = EDGE_CURVE ( 'NONE', #127, #7747, #7151, .T. ) ;
#6438 = DIRECTION ( 'NONE',  ( -0.2419218955996750020, 0.9702957262759946966, 0.000000000000000000 ) ) ;
#6439 = PRODUCT_CONTEXT ( 'NONE', #2617, 'mechanical' ) ;
#6440 = ORIENTED_EDGE ( 'NONE', *, *, #2844, .T. ) ;
#6441 = CARTESIAN_POINT ( 'NONE',  ( 18.65495357041420377, -12.34676198819268222, -10.50000000000000533 ) ) ;
#6442 = CARTESIAN_POINT ( 'NONE',  ( -0.6000002982844709898, -14.77542364404279418, -12.15135860440923388 ) ) ;
#6443 = AXIS2_PLACEMENT_3D ( 'NONE', #4380, #8681, #8543 ) ;
#6444 = CARTESIAN_POINT ( 'NONE',  ( 31.50000000000000000, 0.000000000000000000, -9.500000000000005329 ) ) ;
#6445 = CARTESIAN_POINT ( 'NONE',  ( -23.68807716974887612, -23.68807716974981403, -15.00000000000000355 ) ) ;
#6446 = DIRECTION ( 'NONE',  ( 0.000000000000000000, 0.000000000000000000, -1.000000000000000000 ) ) ;
#6447 = ORIENTED_EDGE ( 'NONE', *, *, #4810, .T. ) ;
#6448 = AXIS2_PLACEMENT_3D ( 'NONE', #1249, #649, #8389 ) ;
#6449 = ORIENTED_EDGE ( 'NONE', *, *, #5533, .F. ) ;
#6450 = CARTESIAN_POINT ( 'NONE',  ( 0.000000000000000000, 0.000000000000000000, -44.49999999999998579 ) ) ;
#6451 = CARTESIAN_POINT ( 'NONE',  ( 35.49936585001488965, -0.2165164078716385609, -19.99184267463411757 ) ) ;
#6452 = CARTESIAN_POINT ( 'NONE',  ( -3.950000000000000178, 4.837354856632045057E-16, -10.44999999999990514 ) ) ;
#6453 = VERTEX_POINT ( 'NONE', #8591 ) ;
#6454 = CARTESIAN_POINT ( 'NONE',  ( 0.000000000000000000, 0.000000000000000000, -4.500000000000000000 ) ) ;
#6455 = CARTESIAN_POINT ( 'NONE',  ( 16.82728579421052473, 14.38403658502070215, -10.50000000000000178 ) ) ;
#6456 = AXIS2_PLACEMENT_3D ( 'NONE', #5618, #5049, #7910 ) ;
#6457 = EDGE_LOOP ( 'NONE', ( #348, #8160, #5154, #3375, #7040 ) ) ;
#6458 = DIRECTION ( 'NONE',  ( -0.000000000000000000, -0.000000000000000000, 1.000000000000000000 ) ) ;
#6459 = CARTESIAN_POINT ( 'NONE',  ( 0.001340783090431104784, -33.49999997316866285, -19.99992814200971480 ) ) ;
#6460 = CARTESIAN_POINT ( 'NONE',  ( -2.117411690800341972, -35.43764399865787595, -15.96378118975006899 ) ) ;
#6461 = ORIENTED_EDGE ( 'NONE', *, *, #168, .F. ) ;
#6462 = CARTESIAN_POINT ( 'NONE',  ( 25.58779123384060838, 24.60930377958164073, -19.93550015085430260 ) ) ;
#6463 = CARTESIAN_POINT ( 'NONE',  ( 3.013361673389117978, 3.126967936839616602, -26.34255705850450369 ) ) ;
#6464 = CARTESIAN_POINT ( 'NONE',  ( -2.780220478896689329, 2.805864232054620100, -10.50000000000000533 ) ) ;
#6465 = ORIENTED_EDGE ( 'NONE', *, *, #7640, .F. ) ;
#6466 = CARTESIAN_POINT ( 'NONE',  ( 35.43764399864665648, -2.117411691012615282, -15.96378119003855822 ) ) ;
#6467 = CIRCLE ( 'NONE', #1710, 12.39999999999998970 ) ;
#6468 = DIRECTION ( 'NONE',  ( -0.000000000000000000, -0.000000000000000000, 1.000000000000000000 ) ) ;
#6469 = CARTESIAN_POINT ( 'NONE',  ( 26.68496597780373492, -23.41325094963659836, -18.75847698606481728 ) ) ;
#6470 = DIRECTION ( 'NONE',  ( 0.000000000000000000, 0.000000000000000000, 1.000000000000000000 ) ) ;
#6471 = ORIENTED_EDGE ( 'NONE', *, *, #5734, .T. ) ;
#6472 = CIRCLE ( 'NONE', #1284, 29.50000000000000000 ) ;
#6473 = ADVANCED_FACE ( 'NONE', ( #5178 ), #5167, .F. ) ;
#6474 = VECTOR ( 'NONE', #6590, 1000.000000000000114 ) ;
#6475 = CARTESIAN_POINT ( 'NONE',  ( -35.47637170968994980, 1.334036673779970261, -15.31533489725400798 ) ) ;
#6476 = EDGE_CURVE ( 'NONE', #7548, #9032, #4477, .T. ) ;
#6477 = B_SPLINE_SURFACE_WITH_KNOTS ( 'NONE', 1, 3, ( 
 ( #3051, #3098, #768, #2217, #2172, #4348, #7301, #5092, #3658, #8559, #1654, #221, #3606, #1469, #4397, #3708, #268, #3753, #8745, #6551, #177, #3005, #87, #2911, #5000, #8606, #7347, #3797, #8049, #7863, #5846, #6499, #131, #6774, #6034, #3189 ),
 ( #5947, #4537, #8230, #7394, #8144, #1845, #6820, #7488, #7535, #4673, #1046, #3144, #5989, #1088, #8788, #3936, #8879, #5285, #995, #3890, #4029, #3843, #2491, #6725, #2400, #8922, #359, #5335, #1138, #6081, #8830, #6681, #6865, #2445, #3283, #2534 ) ),
 .UNSPECIFIED., .F., .T., .F.,
 ( 2, 2 ),
 ( 4, 2, 2, 2, 2, 2, 2, 2, 2, 2, 2, 2, 2, 2, 2, 2, 2, 4 ),
 ( 0.000000000000000000, 1.000000000000000000 ),
 ( 0.000000000000000000, 0.06250000000000000000, 0.1250000000000000000, 0.1875000000000000000, 0.2500000000000000000, 0.3125000000000000000, 0.3750000000000000000, 0.4375000000000000000, 0.5000000000000000000, 0.5625000000000000000, 0.6250000000000000000, 0.6875000000000000000, 0.7500000000000000000, 0.8125000000000000000, 0.8750000000000000000, 0.9375000000000000000, 0.9687500000000000000, 1.000000000000000000 ),
 .UNSPECIFIED. ) ;
#6478 = CARTESIAN_POINT ( 'NONE',  ( -33.47769565988362928, -1.260103349252902571, -15.31632817220718756 ) ) ;
#6479 = EDGE_LOOP ( 'NONE', ( #8297, #2667, #233, #1799, #2421 ) ) ;
#6480 = CARTESIAN_POINT ( 'NONE',  ( 24.49556977811309011, 25.69520269919507172, -15.12618847594110072 ) ) ;
#6481 = ADVANCED_FACE ( 'NONE', ( #3876 ), #5365, .F. ) ;
#6482 = CARTESIAN_POINT ( 'NONE',  ( -24.14227662959824272, 26.02888938604356284, -15.31533489714581364 ) ) ;
#6483 = COLOUR_RGB ( '',0.7921568627450980005, 0.8196078431372548767, 0.9333333333333333481 ) ;
#6484 = CARTESIAN_POINT ( 'NONE',  ( 0.6000084520943491651, -14.46087195039690165, -12.30642046441403181 ) ) ;
#6485 = CARTESIAN_POINT ( 'NONE',  ( -23.11553767793695258, -24.24758564572000452, -15.12618847594108829 ) ) ;
#6486 = CARTESIAN_POINT ( 'NONE',  ( -2.856560458441343098, 2.911303699584949278, -28.08945105277433285 ) ) ;
#6487 = CARTESIAN_POINT ( 'NONE',  ( 3.977834876855092627, 0.2160423916216879237, -30.50000000000000711 ) ) ;
#6488 = CARTESIAN_POINT ( 'NONE',  ( -23.45707690344138285, 23.91907743605730019, -15.00037781293156236 ) ) ;
#6489 = ADVANCED_FACE ( 'NONE', ( #3919 ), #3887, .T. ) ;
#6490 =( BOUNDED_SURFACE ( )  B_SPLINE_SURFACE ( 2, 3, ( 
 ( #9098, #762, #7767, #7855, #5039, #7149, #5557, #5700, #5747, #3461, #7008, #1328, #9141, #1459, #1415, #8413, #8509, #4205 ),
 ( #4341, #2081, #5657, #1506, #8464, #7899, #8597, #4162, #1371, #2165, #2208, #3507, #7192, #628, #4904, #7054, #4298, #2856 ),
 ( #6305, #4990, #2761, #671, #3600, #6441, #4251, #77, #2902, #6351, #5607, #9189, #7103, #2713, #714, #2814, #2127, #4944 ) ),
 .UNSPECIFIED., .F., .F., .F. ) 
 B_SPLINE_SURFACE_WITH_KNOTS ( ( 3, 3 ),
 ( 4, 2, 2, 2, 2, 2, 2, 2, 4 ),
 ( 0.000000000000000000, 1.000000000000000000 ),
 ( 2.351613232804484532, 2.941807507585624926, 3.532001782366765763, 4.122196057147906600, 4.712390331929046994, 5.302584606710187387, 5.892778881491327780, 6.482973156272468174, 7.073167431053608567 ),
 .UNSPECIFIED. ) 
 GEOMETRIC_REPRESENTATION_ITEM ( )  RATIONAL_B_SPLINE_SURFACE ( (
 ( 1.000000000000000000, 1.000000000000000000, 1.000000000000000000, 1.000000000000000000, 1.000000000000000000, 1.000000000000000000, 1.000000000000000000, 1.000000000000000000, 1.000000000000000000, 1.000000000000000000, 1.000000000000000000, 1.000000000000000000, 1.000000000000000000, 1.000000000000000000, 1.000000000000000000, 1.000000000000000000, 1.000000000000000000, 1.000000000000000000),
 ( 0.7071067811865475727, 0.7071067811865475727, 0.7071067811865476838, 0.7071067811865476838, 0.7071067811865476838, 0.7071067811865476838, 0.7071067811865475727, 0.7071067811865475727, 0.7071067811865476838, 0.7071067811865476838, 0.7071067811865476838, 0.7071067811865476838, 0.7071067811865476838, 0.7071067811865476838, 0.7071067811865476838, 0.7071067811865476838, 0.7071067811865476838, 0.7071067811865476838),
 ( 1.000000000000000000, 1.000000000000000000, 1.000000000000000000, 1.000000000000000000, 1.000000000000000000, 1.000000000000000000, 1.000000000000000000, 1.000000000000000000, 1.000000000000000000, 1.000000000000000000, 1.000000000000000000, 1.000000000000000000, 1.000000000000000000, 1.000000000000000000, 1.000000000000000000, 1.000000000000000000, 1.000000000000000000, 1.000000000000000000) ) ) 
 REPRESENTATION_ITEM ( '' )  SURFACE ( )  );
#6491 = CYLINDRICAL_SURFACE ( 'NONE', #6612, 35.50000000000000711 ) ;
#6492 = CARTESIAN_POINT ( 'NONE',  ( 35.50000000000001421, 0.04159481612559783742, -19.99994956611555352 ) ) ;
#6493 = CIRCLE ( 'NONE', #3367, 35.50000000000001421 ) ;
#6494 = LINE ( 'NONE', #8600, #5157 ) ;
#6495 = ADVANCED_FACE ( 'NONE', ( #2500 ), #4638, .T. ) ;
#6496 = CARTESIAN_POINT ( 'NONE',  ( -14.68849620246258603, 27.75695948946434299, -4.355391244064604983 ) ) ;
#6497 = DIRECTION ( 'NONE',  ( 1.000000000000000000, 0.000000000000000000, 0.000000000000000000 ) ) ;
#6498 = ORIENTED_EDGE ( 'NONE', *, *, #4272, .F. ) ;
#6499 = CARTESIAN_POINT ( 'NONE',  ( -35.49023557169550713, -0.8482685734397261701, -15.12618847594106875 ) ) ;
#6500 = PLANE ( 'NONE',  #1174 ) ;
#6501 = CARTESIAN_POINT ( 'NONE',  ( -2.579121447840504455, 35.40643814088766561, -18.15144138421802822 ) ) ;
#6502 = ORIENTED_EDGE ( 'NONE', *, *, #1405, .T. ) ;
#6503 = VECTOR ( 'NONE', #7274, 1000.000000000000000 ) ;
#6504 = LINE ( 'NONE', #956, #7800 ) ;
#6505 = DIRECTION ( 'NONE',  ( -1.000000000000000000, 0.000000000000000000, 0.000000000000000000 ) ) ;
#6506 = EDGE_CURVE ( 'NONE', #8205, #1338, #7934, .T. ) ;
#6507 = ORIENTED_EDGE ( 'NONE', *, *, #4765, .T. ) ;
#6508 = CARTESIAN_POINT ( 'NONE',  ( -11.59387685601777740, -4.397956280762132408, -2.000000000000003553 ) ) ;
#6509 = CARTESIAN_POINT ( 'NONE',  ( -1.535027868837126386, -33.46561352133907263, -19.50000510097546425 ) ) ;
#6510 = AXIS2_PLACEMENT_3D ( 'NONE', #1557, #4395, #5892 ) ;
#6511 = CARTESIAN_POINT ( 'NONE',  ( -23.68712907396124834, -23.68902522759220375, -19.99992814200971125 ) ) ;
#6512 = VERTEX_POINT ( 'NONE', #6733 ) ;
#6513 = CARTESIAN_POINT ( 'NONE',  ( 26.22675450699735578, 23.92629385966791489, -19.50000510105720153 ) ) ;
#6514 = CARTESIAN_POINT ( 'NONE',  ( 5.585168645961283929, 8.708106117106130029, -2.000000000000003553 ) ) ;
#6515 = CARTESIAN_POINT ( 'NONE',  ( 3.717212426075942489, 1.545542298080814891, -30.50000000000000711 ) ) ;
#6516 = VERTEX_POINT ( 'NONE', #5955 ) ;
#6517 = CARTESIAN_POINT ( 'NONE',  ( 35.40120326695734576, -2.646659642758945719, -17.17385420722779088 ) ) ;
#6518 = CARTESIAN_POINT ( 'NONE',  ( 24.86213704079840170, -12.51273695915502771, -2.000000000000005329 ) ) ;
#6519 = AXIS2_PLACEMENT_3D ( 'NONE', #8141, #7533, #1891 ) ;
#6520 = CARTESIAN_POINT ( 'NONE',  ( -4.198537774105655096, -0.7333103167962597979, -26.78499272993905223 ) ) ;
#6521 = AXIS2_PLACEMENT_3D ( 'NONE', #6218, #5610, #7674 ) ;
#6522 = CARTESIAN_POINT ( 'NONE',  ( -5.162651825275718309, -13.99560437348234032, -2.000000000000003553 ) ) ;
#6523 = ORIENTED_EDGE ( 'NONE', *, *, #4765, .F. ) ;
#6524 = CARTESIAN_POINT ( 'NONE',  ( -35.43764399865355585, 2.117411690881920716, -15.96378118986502592 ) ) ;
#6525 = LINE ( 'NONE', #2888, #573 ) ;
#6526 = ORIENTED_EDGE ( 'NONE', *, *, #3926, .F. ) ;
#6527 = ORIENTED_EDGE ( 'NONE', *, *, #4244, .F. ) ;
#6528 = FACE_OUTER_BOUND ( 'NONE', #5170, .T. ) ;
#6529 = AXIS2_PLACEMENT_3D ( 'NONE', #4041, #547, #6093 ) ;
#6530 = CARTESIAN_POINT ( 'NONE',  ( 25.18125735308027657, 22.09456841773841163, -18.75985287855436212 ) ) ;
#6531 = ORIENTED_EDGE ( 'NONE', *, *, #6251, .F. ) ;
#6532 = CARTESIAN_POINT ( 'NONE',  ( -26.65033197366668105, -8.028340434847256901, -2.000000000000003553 ) ) ;
#6533 = DIRECTION ( 'NONE',  ( 0.9510565162951500895, 0.3090169943749578874, 0.000000000000000000 ) ) ;
#6534 = EDGE_CURVE ( 'NONE', #3338, #2812, #5760, .T. ) ;
#6535 = CARTESIAN_POINT ( 'NONE',  ( -24.14737896529088346, -23.22165922877140432, -15.06543078878103969 ) ) ;
#6536 = ADVANCED_FACE ( 'NONE', ( #8970, #5344 ), #8200, .F. ) ;
#6537 = CARTESIAN_POINT ( 'NONE',  ( -2.577814582235133045, 35.40653470733737862, -16.84523636482767017 ) ) ;
#6538 = CARTESIAN_POINT ( 'NONE',  ( -3.510903668122867582, 3.811564687515729410, -23.22715032012258618 ) ) ;
#6539 = CARTESIAN_POINT ( 'NONE',  ( -2.965519056004498388, 2.659988975723813986, -10.50000000000000533 ) ) ;
#6540 = CARTESIAN_POINT ( 'NONE',  ( -23.45720397291144010, 23.91896888592314951, -19.99991912760876644 ) ) ;
#6541 = DIRECTION ( 'NONE',  ( 0.5877852522924685852, 0.8090169943749507819, 0.000000000000000000 ) ) ;
#6542 = CARTESIAN_POINT ( 'NONE',  ( 35.49489819634921162, 0.6846047666924761632, -15.06227464845878217 ) ) ;
#6543 = EDGE_CURVE ( 'NONE', #5988, #8002, #3477, .T. ) ;
#6544 = DIRECTION ( 'NONE',  ( -0.000000000000000000, 0.000000000000000000, -1.000000000000000000 ) ) ;
#6545 = EDGE_CURVE ( 'NONE', #5240, #1822, #3152, .T. ) ;
#6546 = DIRECTION ( 'NONE',  ( -0.3746065934159131805, 0.9271838545667869802, 0.000000000000000000 ) ) ;
#6547 = CARTESIAN_POINT ( 'NONE',  ( -5.112130744225562573, -29.05367651871177159, -4.500000000000002665 ) ) ;
#6548 = LINE ( 'NONE', #2862, #991 ) ;
#6549 = EDGE_CURVE ( 'NONE', #1814, #1236, #6784, .T. ) ;
#6550 = VERTEX_POINT ( 'NONE', #6832 ) ;
#6551 = CARTESIAN_POINT ( 'NONE',  ( -35.47629800725204774, -1.336205084545791788, -19.68347431263111247 ) ) ;
#6552 = CARTESIAN_POINT ( 'NONE',  ( -10.00781309531557817, -2.620858256342803561, -2.000000000000003553 ) ) ;
#6553 = DIRECTION ( 'NONE',  ( 1.000000000000000000, 0.000000000000000000, 0.000000000000000000 ) ) ;
#6554 = ORIENTED_EDGE ( 'NONE', *, *, #7594, .T. ) ;
#6555 = CARTESIAN_POINT ( 'NONE',  ( -29.21142365288467957, -4.116154536905698436, -4.500000000000002665 ) ) ;
#6556 = CARTESIAN_POINT ( 'NONE',  ( -9.568247549334865099, 19.96263245450748158, -10.50000000000000533 ) ) ;
#6557 = B_SPLINE_SURFACE_WITH_KNOTS ( 'NONE', 1, 3, ( 
 ( #8310, #9085, #1971, #5455, #3274, #1177, #8953, #7753, #9126, #2702, #8354, #1357, #2018, #4842, #5543, #1263, #7614, #4192, #524, #7657, #2066, #6900, #4150, #6154, #6201, #8997, #7706, #2611, #4103, #9041, #2657, #2746, #6951, #571, #8400, #615 ),
 ( #3445, #6292, #5594, #8449, #2568, #5410, #8264, #704, #5027, #753, #8675, #1494, #2155, #7889, #4287, #4331, #3682, #3590, #4977, #3495, #3634, #7140, #7841, #8629, #791, #3543, #1400, #1587, #6390, #7230, #6478, #6429, #24, #2286, #5644, #7795 ) ),
 .UNSPECIFIED., .F., .T., .F.,
 ( 2, 2 ),
 ( 4, 2, 2, 2, 2, 2, 2, 2, 2, 2, 2, 2, 2, 2, 2, 2, 2, 4 ),
 ( 0.000000000000000000, 1.000000000000000000 ),
 ( 0.000000000000000000, 0.06250000000000000000, 0.1250000000000000000, 0.1875000000000000000, 0.2500000000000000000, 0.3125000000000000000, 0.3750000000000000000, 0.4375000000000000000, 0.5000000000000000000, 0.5625000000000000000, 0.6250000000000000000, 0.6875000000000000000, 0.7500000000000000000, 0.8125000000000000000, 0.8750000000000000000, 0.9375000000000000000, 0.9687500000000000000, 1.000000000000000000 ),
 .UNSPECIFIED. ) ;
#6558 = CARTESIAN_POINT ( 'NONE',  ( -23.80357730290333862, 23.57257703659534798, -14.99981109353421793 ) ) ;
#6559 = CARTESIAN_POINT ( 'NONE',  ( 2.577814582302125679, -35.40653470733275299, -16.84523636481001674 ) ) ;
#6560 = CARTESIAN_POINT ( 'NONE',  ( 23.68712907396144018, 23.68902522759201545, -19.99992814200970770 ) ) ;
#6561 = ORIENTED_EDGE ( 'NONE', *, *, #4560, .T. ) ;
#6562 = CARTESIAN_POINT ( 'NONE',  ( 26.55493701960570974, 23.56152604807811102, -19.03685471093466930 ) ) ;
#6563 = CARTESIAN_POINT ( 'NONE',  ( 33.46576721928625631, 1.532002922253665966, -15.49726176816445999 ) ) ;
#6564 = CARTESIAN_POINT ( 'NONE',  ( -18.65504626345606809, -12.34662406453641204, -10.50000000000000533 ) ) ;
#6565 = ORIENTED_EDGE ( 'NONE', *, *, #2207, .T. ) ;
#6566 = CARTESIAN_POINT ( 'NONE',  ( 33.46555341489766988, -1.536295572796305464, -15.50119477801072243 ) ) ;
#6567 = CARTESIAN_POINT ( 'NONE',  ( 2.646714135716042193, -35.40119919275835514, -17.82637605771441613 ) ) ;
#6568 = CARTESIAN_POINT ( 'NONE',  ( -4.243800642089515129, -0.7480752530322151150, -26.51745471995446835 ) ) ;
#6569 = FACE_OUTER_BOUND ( 'NONE', #2515, .T. ) ;
#6570 = CARTESIAN_POINT ( 'NONE',  ( -26.22765184811328609, 23.92531675056769203, -19.49867079337194298 ) ) ;
#6571 = CARTESIAN_POINT ( 'NONE',  ( 22.57741158133570636, 24.75003765965444913, -19.49867079307225737 ) ) ;
#6572 = ORIENTED_EDGE ( 'NONE', *, *, #3525, .T. ) ;
#6573 = CARTESIAN_POINT ( 'NONE',  ( 0.000000000000000000, 0.000000000000000000, 0.000000000000000000 ) ) ;
#6574 = CYLINDRICAL_SURFACE ( 'NONE', #6917, 1.000000000000000000 ) ;
#6575 = ORIENTED_EDGE ( 'NONE', *, *, #3344, .F. ) ;
#6576 = DIRECTION ( 'NONE',  ( -0.000000000000000000, -0.000000000000000000, 1.000000000000000000 ) ) ;
#6577 = CARTESIAN_POINT ( 'NONE',  ( 23.55958276962161690, 26.55666701229756654, -19.03432852971191735 ) ) ;
#6578 = CARTESIAN_POINT ( 'NONE',  ( -25.10229073212244799, 25.10229073212242312, -15.00000000000000000 ) ) ;
#6579 = CARTESIAN_POINT ( 'NONE',  ( -1.532002922261139322, 33.46576721928585840, -15.49726176816129986 ) ) ;
#6580 = CARTESIAN_POINT ( 'NONE',  ( -5.539768918878360537, 6.603789184689330405, -17.05929362387946924 ) ) ;
#6581 = EDGE_LOOP ( 'NONE', ( #4258, #7590, #558, #751 ) ) ;
#6582 = CARTESIAN_POINT ( 'NONE',  ( -3.971547331721663632, 0.3108961472251215996, -10.50000000000000533 ) ) ;
#6583 = PLANE ( 'NONE',  #7437 ) ;
#6584 = ADVANCED_FACE ( 'NONE', ( #8102 ), #2543, .F. ) ;
#6585 = ORIENTED_EDGE ( 'NONE', *, *, #2485, .T. ) ;
#6586 = CARTESIAN_POINT ( 'NONE',  ( 2.312924270321344622, 35.42482158507985446, -18.75985287846275540 ) ) ;
#6587 = CARTESIAN_POINT ( 'NONE',  ( 3.575822934506358131, -1.748716935088949098, -30.50000000000000711 ) ) ;
#6588 = LINE ( 'NONE', #217, #5011 ) ;
#6589 = ORIENTED_EDGE ( 'NONE', *, *, #9089, .T. ) ;
#6590 = DIRECTION ( 'NONE',  ( -0.5299192642332088976, 0.8480480961564234033, 0.000000000000000000 ) ) ;
#6591 = LINE ( 'NONE', #4398, #5642 ) ;
#6592 = LINE ( 'NONE', #3755, #4221 ) ;
#6593 = EDGE_LOOP ( 'NONE', ( #6879, #1715, #1206, #8240 ) ) ;
#6594 = EDGE_CURVE ( 'NONE', #767, #7796, #2454, .T. ) ;
#6595 = DIRECTION ( 'NONE',  ( 0.7660444431189793457, -0.6427876096865379196, 0.000000000000000000 ) ) ;
#6596 = CARTESIAN_POINT ( 'NONE',  ( 4.322263980499724489, -31.04906549984949393, -4.272556101004807871 ) ) ;
#6597 = CIRCLE ( 'NONE', #504, 31.50000000000000355 ) ;
#6598 = CARTESIAN_POINT ( 'NONE',  ( 0.000000000000000000, -2.339999999999999858, -45.00000000000000000 ) ) ;
#6599 = CARTESIAN_POINT ( 'NONE',  ( -19.83148437161416311, 20.17607853313038646, -0.04063620317970338680 ) ) ;
#6600 = VERTEX_POINT ( 'NONE', #8154 ) ;
#6601 = DIRECTION ( 'NONE',  ( 1.000000000000000000, 0.000000000000000000, 0.000000000000000000 ) ) ;
#6602 = LINE ( 'NONE', #8709, #577 ) ;
#6603 = DIRECTION ( 'NONE',  ( -1.000000000000000000, 0.000000000000000000, 0.000000000000000000 ) ) ;
#6604 = VERTEX_POINT ( 'NONE', #3292 ) ;
#6605 = CARTESIAN_POINT ( 'NONE',  ( 35.40120507038113828, 2.646635518233402706, -17.16962608733032170 ) ) ;
#6606 = CARTESIAN_POINT ( 'NONE',  ( 0.3264868179077652366, -33.49878621082317665, -15.01551170377325661 ) ) ;
#6607 = AXIS2_PLACEMENT_3D ( 'NONE', #1905, #1995, #4820 ) ;
#6608 = CARTESIAN_POINT ( 'NONE',  ( -5.104274099425647471, -1.027601855332001213, -23.15455477689174657 ) ) ;
#6609 = DIRECTION ( 'NONE',  ( 0.000000000000000000, -0.000000000000000000, 1.000000000000000000 ) ) ;
#6610 = EDGE_LOOP ( 'NONE', ( #8187, #7561, #7538, #7471, #3847 ) ) ;
#6611 = CARTESIAN_POINT ( 'NONE',  ( -5.841975694604732539, 7.020008755863394789, -4.099999999999998757 ) ) ;
#6612 = AXIS2_PLACEMENT_3D ( 'NONE', #802, #3651, #2032 ) ;
#6613 = FACE_OUTER_BOUND ( 'NONE', #3413, .T. ) ;
#6614 = ORIENTED_EDGE ( 'NONE', *, *, #5742, .T. ) ;
#6615 = CARTESIAN_POINT ( 'NONE',  ( -23.22286412987094906, 24.14622553067372834, -19.93550015078834647 ) ) ;
#6616 = CARTESIAN_POINT ( 'NONE',  ( 21.90573087366907856, -25.34570240373238192, -18.15506602338598796 ) ) ;
#6617 = EDGE_LOOP ( 'NONE', ( #5123, #3197, #8128, #1733, #5744, #1530, #9058, #2284, #9179, #5144 ) ) ;
#6618 = CARTESIAN_POINT ( 'NONE',  ( 3.994443847110276113, 4.477099323477521153, -2.000000000000003553 ) ) ;
#6619 = DIRECTION ( 'NONE',  ( -1.000000000000000000, 0.000000000000000000, -0.000000000000000000 ) ) ;
#6620 = DIRECTION ( 'NONE',  ( 1.000000000000000000, 0.000000000000000000, 0.000000000000000000 ) ) ;
#6621 = AXIS2_PLACEMENT_3D ( 'NONE', #4114, #5260, #5124 ) ;
#6622 = CARTESIAN_POINT ( 'NONE',  ( 9.459663954936026187E-15, 33.50000000000000000, -15.00000000000000000 ) ) ;
#6623 = LINE ( 'NONE', #8078, #5617 ) ;
#6624 = CARTESIAN_POINT ( 'NONE',  ( -0.3108961472280582505, -3.971547331725794105, -30.50000000000000711 ) ) ;
#6625 = CARTESIAN_POINT ( 'NONE',  ( -25.38822273444285216, 21.85607801934516914, -17.82637605769736311 ) ) ;
#6626 = VECTOR ( 'NONE', #6704, 1000.000000000000000 ) ;
#6627 = CARTESIAN_POINT ( 'NONE',  ( -0.6009418427512578376, -5.709623890085934406, -21.79319460247221585 ) ) ;
#6628 = CARTESIAN_POINT ( 'NONE',  ( 1.628014711680058513, 35.46349690234318786, -15.50119477827131931 ) ) ;
#6629 = PRESENTATION_LAYER_ASSIGNMENT (  '', '', ( #7827 ) ) ;
#6630 = DIRECTION ( 'NONE',  ( -1.000000000000000000, 0.000000000000000000, 0.000000000000000000 ) ) ;
#6631 = ORIENTED_EDGE ( 'NONE', *, *, #3419, .T. ) ;
#6632 = CARTESIAN_POINT ( 'NONE',  ( 0.001420829842098642092, -35.49999997156679399, -19.99992814200971480 ) ) ;
#6633 = CYLINDRICAL_SURFACE ( 'NONE', #7736, 1.000000000000000222 ) ;
#6634 = CARTESIAN_POINT ( 'NONE',  ( 0.6000000000000542677, -3.904164443257983841, -2.000000000000003553 ) ) ;
#6635 = ORIENTED_EDGE ( 'NONE', *, *, #4439, .F. ) ;
#6636 = VECTOR ( 'NONE', #8153, 1000.000000000000000 ) ;
#6637 = DIRECTION ( 'NONE',  ( 0.000000000000000000, 0.000000000000000000, 1.000000000000000000 ) ) ;
#6638 = ADVANCED_FACE ( 'NONE', ( #7403 ), #8721, .T. ) ;
#6639 = CARTESIAN_POINT ( 'NONE',  ( -16.84163136444426812, 22.15973595123847772, -2.000000000000003553 ) ) ;
#6640 = ORIENTED_EDGE ( 'NONE', *, *, #5643, .T. ) ;
#6641 = CARTESIAN_POINT ( 'NONE',  ( -1.258879677576834499, -33.47770288098924851, -15.31533489701057960 ) ) ;
#6642 = CARTESIAN_POINT ( 'NONE',  ( 1.998722883309458132, -33.44113806922586463, -15.96412339898252064 ) ) ;
#6643 = ADVANCED_FACE ( 'NONE', ( #2955 ), #5705, .T. ) ;
#6644 = ORIENTED_EDGE ( 'NONE', *, *, #7761, .F. ) ;
#6645 = CARTESIAN_POINT ( 'NONE',  ( 25.10229073212210693, 25.10229073212276418, -15.00000000000000000 ) ) ;
#6646 = DIRECTION ( 'NONE',  ( 0.9975640502598249748, -0.06975647374411475532, 0.000000000000000000 ) ) ;
#6647 = AXIS2_PLACEMENT_3D ( 'NONE', #945, #5229, #6850 ) ;
#6648 = DIRECTION ( 'NONE',  ( 0.8090169943749422332, 0.5877852522924802425, 0.000000000000000000 ) ) ;
#6649 = VERTEX_POINT ( 'NONE', #4446 ) ;
#6650 = CARTESIAN_POINT ( 'NONE',  ( 35.50001387694788946, -0.3460106596715272209, -19.99991912762039448 ) ) ;
#6651 = CARTESIAN_POINT ( 'NONE',  ( -0.3266837094945005404, -33.50000000000000711, -15.00037781293152861 ) ) ;
#6652 = EDGE_CURVE ( 'NONE', #2332, #4211, #5190, .T. ) ;
#6653 = LINE ( 'NONE', #8247, #4109 ) ;
#6654 = FACE_OUTER_BOUND ( 'NONE', #3889, .T. ) ;
#6655 = ORIENTED_EDGE ( 'NONE', *, *, #2664, .F. ) ;
#6656 = AXIS2_PLACEMENT_3D ( 'NONE', #3026, #5776, #5164 ) ;
#6657 = CARTESIAN_POINT ( 'NONE',  ( -0.5999999999995490052, -29.82729920354470821, -2.000000000000003553 ) ) ;
#6658 = EDGE_CURVE ( 'NONE', #6011, #7705, #484, .T. ) ;
#6659 = DIRECTION ( 'NONE',  ( -0.000000000000000000, -0.000000000000000000, 1.000000000000000000 ) ) ;
#6660 = ORIENTED_EDGE ( 'NONE', *, *, #8195, .F. ) ;
#6661 = VERTEX_POINT ( 'NONE', #7197 ) ;
#6662 = CARTESIAN_POINT ( 'NONE',  ( 25.38817419733296177, -21.85613440037511879, -17.16962608725159711 ) ) ;
#6663 = VERTEX_POINT ( 'NONE', #3003 ) ;
#6664 = DIRECTION ( 'NONE',  ( -0.000000000000000000, -0.000000000000000000, 1.000000000000000000 ) ) ;
#6665 = AXIS2_PLACEMENT_3D ( 'NONE', #5498, #7570, #6993 ) ;
#6666 = CARTESIAN_POINT ( 'NONE',  ( 26.55543454577640006, 23.56096221568376592, -15.96378118965331439 ) ) ;
#6667 = CARTESIAN_POINT ( 'NONE',  ( 35.40120326695734576, -2.646659642758945719, -17.17385420722779088 ) ) ;
#6668 = EDGE_CURVE ( 'NONE', #2329, #1972, #5609, .T. ) ;
#6669 = AXIS2_PLACEMENT_3D ( 'NONE', #1345, #5059, #1525 ) ;
#6670 = CARTESIAN_POINT ( 'NONE',  ( 0.3265171011964663750, 33.50001309514799885, -19.99991912759713486 ) ) ;
#6671 = FACE_OUTER_BOUND ( 'NONE', #5418, .T. ) ;
#6672 = ORIENTED_EDGE ( 'NONE', *, *, #4191, .T. ) ;
#6673 = CARTESIAN_POINT ( 'NONE',  ( -2.965519056004009002, 2.659988975725189775, -30.50000000000000711 ) ) ;
#6674 = CARTESIAN_POINT ( 'NONE',  ( 6.279545493898422315, 7.621959097456091570, -15.66357068470163405 ) ) ;
#6675 = CARTESIAN_POINT ( 'NONE',  ( 28.14279238597154276, -13.50596215224902252, -4.073592716986006224 ) ) ;
#6676 = CIRCLE ( 'NONE', #6529, 27.83333333333332860 ) ;
#6677 = DIRECTION ( 'NONE',  ( -1.000000000000000000, 0.000000000000000000, 0.000000000000000000 ) ) ;
#6678 = CARTESIAN_POINT ( 'NONE',  ( 0.9572307980150072115, -3.863706740598134459, -30.50000000000000711 ) ) ;
#6679 = CARTESIAN_POINT ( 'NONE',  ( -14.51349381197856125, 18.95532951565472857, -9.500000000000005329 ) ) ;
#6680 = ORIENTED_EDGE ( 'NONE', *, *, #5561, .F. ) ;
#6681 = CARTESIAN_POINT ( 'NONE',  ( -33.49078568033237246, -0.8004787946543894250, -15.12618847594106875 ) ) ;
#6682 = CARTESIAN_POINT ( 'NONE',  ( -19.58314288377739842, 19.77864907515179027, -2.000000000000006217 ) ) ;
#6683 = LINE ( 'NONE', #5194, #2012 ) ;
#6684 = EDGE_LOOP ( 'NONE', ( #5730, #7083, #6223, #8066 ) ) ;
#6685 = B_SPLINE_CURVE_WITH_KNOTS ( 'NONE', 3,
 ( #3920, #3878, #5453, #5840, #8125, #6759, #2429, #391, #5366, #8261, #1924, #6805 ),
 .UNSPECIFIED., .F., .F.,
 ( 4, 2, 2, 2, 2, 4 ),
 ( 0.000000000000000000, 0.0002102482285964167087, 0.0004204964571928334173, 0.0008409929143856656420, 0.001261489371578497758, 0.001681985828771330200 ),
 .UNSPECIFIED. ) ;
#6686 = CARTESIAN_POINT ( 'NONE',  ( -1.809400085646768908, 3.511206534805590529, -10.50000000000000355 ) ) ;
#6687 = CARTESIAN_POINT ( 'NONE',  ( -14.90595788894037277, 0.5850940618372013624, 0.000000000000000000 ) ) ;
#6688 = ORIENTED_EDGE ( 'NONE', *, *, #8820, .F. ) ;
#6689 = CARTESIAN_POINT ( 'NONE',  ( -2.497766974317173982, -33.40675321179270441, -17.82748966746368424 ) ) ;
#6690 = CARTESIAN_POINT ( 'NONE',  ( 33.40676543542022614, 2.497603480177796431, -17.82637605764155353 ) ) ;
#6691 = ORIENTED_EDGE ( 'NONE', *, *, #3639, .T. ) ;
#6692 = CARTESIAN_POINT ( 'NONE',  ( 4.834523790530814935, -2.201767958115318446, -22.86621532898298170 ) ) ;
#6693 = CARTESIAN_POINT ( 'NONE',  ( 1.536295572993858105, 33.46555341488723201, -15.50119477827131931 ) ) ;
#6694 = CARTESIAN_POINT ( 'NONE',  ( -15.80350669597216395, -15.83347886577405106, -10.50000000000000888 ) ) ;
#6695 = ORIENTED_EDGE ( 'NONE', *, *, #2004, .T. ) ;
#6696 = CARTESIAN_POINT ( 'NONE',  ( 33.46576721928625631, 1.532002922253665966, -15.49726176816445999 ) ) ;
#6697 = CARTESIAN_POINT ( 'NONE',  ( 0.6549803906944716703, -33.49496780572274446, -19.93459846099844412 ) ) ;
#6698 = ADVANCED_FACE ( 'NONE', ( #8648 ), #5142, .F. ) ;
#6699 = FACE_OUTER_BOUND ( 'NONE', #3613, .T. ) ;
#6700 = CARTESIAN_POINT ( 'NONE',  ( 18.02646617301165932, 25.83208310054121881, -2.000000000000003553 ) ) ;
#6701 = DIRECTION ( 'NONE',  ( -1.000000000000000000, 0.000000000000000000, 0.000000000000000000 ) ) ;
#6702 = CARTESIAN_POINT ( 'NONE',  ( 21.90467636904617521, 25.34661596826827790, -18.15144138427706011 ) ) ;
#6703 = ORIENTED_EDGE ( 'NONE', *, *, #6506, .T. ) ;
#6704 = DIRECTION ( 'NONE',  ( -0.000000000000000000, 0.000000000000000000, 1.000000000000000000 ) ) ;
#6705 = CARTESIAN_POINT ( 'NONE',  ( 25.06051675815287538, -22.23228233181946223, -19.03432852962032840 ) ) ;
#6706 = ORIENTED_EDGE ( 'NONE', *, *, #5293, .F. ) ;
#6707 = CARTESIAN_POINT ( 'NONE',  ( -6.160215875535541841, -14.06536084722647217, -2.000000000000003553 ) ) ;
#6708 = LINE ( 'NONE', #8174, #1260 ) ;
#6709 = CARTESIAN_POINT ( 'NONE',  ( 0.000000000000000000, 0.000000000000000000, -2.000000000000003553 ) ) ;
#6710 = EDGE_CURVE ( 'NONE', #9032, #5131, #6548, .T. ) ;
#6711 = CARTESIAN_POINT ( 'NONE',  ( 33.47773741479713294, -1.258063190131043285, -19.68467288941753779 ) ) ;
#6712 = EDGE_CURVE ( 'NONE', #672, #3665, #707, .T. ) ;
#6713 = CARTESIAN_POINT ( 'NONE',  ( -13.31479122813216343, 4.326237921249226126, -2.000000000000003553 ) ) ;
#6714 = CARTESIAN_POINT ( 'NONE',  ( -2.432585591686674764, 33.41180035762823053, -16.84523636482767017 ) ) ;
#6715 = LINE ( 'NONE', #437, #1910 ) ;
#6716 = CARTESIAN_POINT ( 'NONE',  ( -7.349940052694755366, -20.88148550512460488, -10.50000000000000533 ) ) ;
#6717 = CARTESIAN_POINT ( 'NONE',  ( 9.268981955773057280, 11.73687039144404842, -12.07128501984419167 ) ) ;
#6718 = CARTESIAN_POINT ( 'NONE',  ( -0.6002845466203891034, -5.429146766100773291, -22.47202817784527085 ) ) ;
#6719 = ADVANCED_FACE ( 'NONE', ( #1466 ), #7951, .T. ) ;
#6720 = ADVANCED_FACE ( 'NONE', ( #7154 ), #1451, .F. ) ;
#6721 = CARTESIAN_POINT ( 'NONE',  ( -3.799962740772915293, 1.185244171822239068, -10.49999999999051958 ) ) ;
#6722 = DIRECTION ( 'NONE',  ( 0.5877852522924795764, -0.8090169943749425663, -0.000000000000000000 ) ) ;
#6723 = CARTESIAN_POINT ( 'NONE',  ( 27.83885172224547588, -13.25491528571417987, -3.500000000004495071 ) ) ;
#6724 = ORIENTED_EDGE ( 'NONE', *, *, #8305, .T. ) ;
#6725 = CARTESIAN_POINT ( 'NONE',  ( -33.41170923154141548, -2.433818831067423361, -18.15144138419044140 ) ) ;
#6726 = CARTESIAN_POINT ( 'NONE',  ( -19.76417278425901713, 20.06835747568138117, -2.499859741078404696 ) ) ;
#6727 = CARTESIAN_POINT ( 'NONE',  ( -3.997930794383291797, -30.65189111844753711, -3.617269320720284842 ) ) ;
#6728 = ORIENTED_EDGE ( 'NONE', *, *, #1235, .F. ) ;
#6729 = PLANE ( 'NONE',  #4072 ) ;
#6730 = DIRECTION ( 'NONE',  ( -0.000000000000000000, -0.000000000000000000, 1.000000000000000000 ) ) ;
#6731 = VERTEX_POINT ( 'NONE', #8000 ) ;
#6732 = CARTESIAN_POINT ( 'NONE',  ( 0.000000000000000000, 0.000000000000000000, -2.168404344971008868E-16 ) ) ;
#6733 = CARTESIAN_POINT ( 'NONE',  ( 3.283692341844998808, 14.00000000000000000, 0.000000000000000000 ) ) ;
#6734 = ORIENTED_EDGE ( 'NONE', *, *, #5051, .F. ) ;
#6735 = CARTESIAN_POINT ( 'NONE',  ( 3.927894346745697707, -1.906932654300559804, -26.22046214427151867 ) ) ;
#6736 = CARTESIAN_POINT ( 'NONE',  ( 33.40676543542022614, 2.497603480177796431, -17.82637605764155353 ) ) ;
#6737 = CARTESIAN_POINT ( 'NONE',  ( -3.950000000000000178, 4.837354856632045057E-16, -45.00000000000000000 ) ) ;
#6738 = ORIENTED_EDGE ( 'NONE', *, *, #2000, .T. ) ;
#6739 = B_SPLINE_CURVE_WITH_KNOTS ( 'NONE', 3,
 ( #2474, #387, #5318, #4569 ),
 .UNSPECIFIED., .F., .F.,
 ( 4, 4 ),
 ( 0.0001227968273480567582, 0.003127625643707512837 ),
 .UNSPECIFIED. ) ;
#6740 = CARTESIAN_POINT ( 'NONE',  ( 23.68807716974986022, -23.68807716974882283, -14.99999999999999822 ) ) ;
#6741 = EDGE_CURVE ( 'NONE', #1867, #1797, #5462, .T. ) ;
#6742 = CARTESIAN_POINT ( 'NONE',  ( 2.643555397910415827, 4.659322825470373353, -9.047317945328659405 ) ) ;
#6743 = CIRCLE ( 'NONE', #4207, 6.000000000000000888 ) ;
#6744 = CARTESIAN_POINT ( 'NONE',  ( -23.21341061821942731, -26.85899096154168930, -16.84523636464357921 ) ) ;
#6745 = DIRECTION ( 'NONE',  ( 0.000000000000000000, 0.000000000000000000, -1.000000000000000000 ) ) ;
#6746 = VERTEX_POINT ( 'NONE', #859 ) ;
#6747 = DIRECTION ( 'NONE',  ( 0.5299192642331970182, 0.8480480961564310638, -0.000000000000000000 ) ) ;
#6748 = CARTESIAN_POINT ( 'NONE',  ( 24.56387081831428532, -22.78065227423843453, -19.68347431263111247 ) ) ;
#6749 = ORIENTED_EDGE ( 'NONE', *, *, #732, .T. ) ;
#6750 = CARTESIAN_POINT ( 'NONE',  ( 4.688156049674183201, 7.473492090491471451, -16.81639706440361692 ) ) ;
#6751 = TOROIDAL_SURFACE ( 'NONE', #2436, 27.96481624151200762, 1.000000000000000000 ) ;
#6752 = FACE_OUTER_BOUND ( 'NONE', #384, .T. ) ;
#6753 = CARTESIAN_POINT ( 'NONE',  ( 26.68461600102536480, 23.41364712924518443, -18.75985287855436212 ) ) ;
#6754 = CARTESIAN_POINT ( 'NONE',  ( 35.50000000000000711, -8.673617379884035472E-15, -15.00000000000000355 ) ) ;
#6755 = ADVANCED_FACE ( 'NONE', ( #5045 ), #7714, .T. ) ;
#6756 = ADVANCED_FACE ( 'NONE', ( #720 ), #2909, .T. ) ;
#6757 = B_SPLINE_CURVE_WITH_KNOTS ( 'NONE', 3,
 ( #7831, #5723, #8620, #2229, #7081, #7921, #2276, #1390, #3533, #1438, #648, #824 ),
 .UNSPECIFIED., .F., .F.,
 ( 4, 2, 2, 2, 2, 4 ),
 ( 0.000000000000000000, 0.0002100866932174990092, 0.0004201733864349980183, 0.0008403467728699915915, 0.001260520159304985002, 0.001680693545739977545 ),
 .UNSPECIFIED. ) ;
#6758 = CIRCLE ( 'NONE', #3039, 0.9999999999999991118 ) ;
#6759 = CARTESIAN_POINT ( 'NONE',  ( -28.19828005603632093, -13.82389264330953971, -4.356401921130938604 ) ) ;
#6760 = CARTESIAN_POINT ( 'NONE',  ( 4.193667100289606431, -27.85273153336544993, -2.499859741078404696 ) ) ;
#6761 = EDGE_CURVE ( 'NONE', #8941, #6512, #6588, .T. ) ;
#6762 = CARTESIAN_POINT ( 'NONE',  ( -12.59929173086552012, 16.32065637909360234, -10.50000000000000355 ) ) ;
#6763 = CARTESIAN_POINT ( 'NONE',  ( -22.06973770414948532, 1.727638083947380832, -10.50000000000000533 ) ) ;
#6764 = CARTESIAN_POINT ( 'NONE',  ( -1.724022489422963877, -6.914676529564831142, -3.499999999999999556 ) ) ;
#6765 = CIRCLE ( 'NONE', #4084, 10.34529946162073166 ) ;
#6766 = VECTOR ( 'NONE', #2655, 1000.000000000000000 ) ;
#6767 = AXIS2_PLACEMENT_3D ( 'NONE', #2126, #8365, #2759 ) ;
#6768 = CARTESIAN_POINT ( 'NONE',  ( -3.592981023496778725, -1.713186488039700528, -30.50000000000000711 ) ) ;
#6769 = CARTESIAN_POINT ( 'NONE',  ( -0.5999999999996011857, -27.82686551598013480, -2.000000000000003553 ) ) ;
#6770 = ORIENTED_EDGE ( 'NONE', *, *, #6945, .T. ) ;
#6771 = ADVANCED_FACE ( 'NONE', ( #3562 ), #6403, .F. ) ;
#6772 = CARTESIAN_POINT ( 'NONE',  ( -14.90595788894037277, 0.5850940618372013624, -2.000000000000003553 ) ) ;
#6773 = ORIENTED_EDGE ( 'NONE', *, *, #3058, .F. ) ;
#6774 = CARTESIAN_POINT ( 'NONE',  ( -35.49871374579718264, -0.3459785682815334495, -15.01551170377319622 ) ) ;
#6775 = CARTESIAN_POINT ( 'NONE',  ( 0.000000000000000000, 0.000000000000000000, -4.500000000000002665 ) ) ;
#6776 = CARTESIAN_POINT ( 'NONE',  ( -7.765409958399875912, 9.667388901765759712, -2.000000000000003553 ) ) ;
#6777 = ORIENTED_EDGE ( 'NONE', *, *, #2997, .T. ) ;
#6778 = CARTESIAN_POINT ( 'NONE',  ( -2.030270917882635473, -1.840000000000000302, -44.49999999999998579 ) ) ;
#6779 = VECTOR ( 'NONE', #2559, 1000.000000000000227 ) ;
#6780 = DIRECTION ( 'NONE',  ( 0.000000000000000000, 0.000000000000000000, 1.000000000000000000 ) ) ;
#6781 = PRODUCT_DEFINITION ( 'UNKNOWN', '', #6236, #6265 ) ;
#6782 = ORIENTED_EDGE ( 'NONE', *, *, #2605, .T. ) ;
#6783 = CARTESIAN_POINT ( 'NONE',  ( -25.34708205912717460, -24.85749940511770717, -15.00037781293159611 ) ) ;
#6784 = LINE ( 'NONE', #8840, #2344 ) ;
#6785 = CIRCLE ( 'NONE', #5899, 29.50000000000000000 ) ;
#6786 = ORIENTED_EDGE ( 'NONE', *, *, #4301, .F. ) ;
#6787 = DIRECTION ( 'NONE',  ( 0.000000000000000000, 0.000000000000000000, 1.000000000000000000 ) ) ;
#6788 = CARTESIAN_POINT ( 'NONE',  ( 0.000000000000000000, 0.000000000000000000, -1.599999999999999423 ) ) ;
#6789 = FACE_OUTER_BOUND ( 'NONE', #8489, .T. ) ;
#6790 = VERTEX_POINT ( 'NONE', #8828 ) ;
#6791 = CARTESIAN_POINT ( 'NONE',  ( 21.90573087366907856, -25.34570240373238192, -18.15506602338598796 ) ) ;
#6792 =( BOUNDED_SURFACE ( )  B_SPLINE_SURFACE ( 2, 3, ( 
 ( #781, #3623, #6515, #5109, #743, #1577, #8574, #7131, #15, #3580, #7267, #5633, #8488, #147, #2974, #7832, #7922, #2106 ),
 ( #4925, #2926, #7786, #694, #4228, #1391, #2835, #1529, #1485, #7082, #2186, #6419, #2878, #5679, #8529, #5018, #2146, #6464 ),
 ( #102, #5770, #8621, #2230, #3205, #7360, #7500, #1102, #6001, #3902, #8159, #6694, #6564, #5158, #8844, #8017, #8757, #2460 ) ),
 .UNSPECIFIED., .F., .F., .F. ) 
 B_SPLINE_SURFACE_WITH_KNOTS ( ( 3, 3 ),
 ( 4, 2, 2, 2, 2, 2, 2, 2, 4 ),
 ( 0.000000000000000000, 1.000000000000000000 ),
 ( 2.351613232804484532, 2.941808339596976296, 3.532003446389467616, 4.122198553181958935, 4.712393659974450699, 5.302588766766942463, 5.892783873559434227, 6.482978980351925991, 7.073174087144417754 ),
 .UNSPECIFIED. ) 
 GEOMETRIC_REPRESENTATION_ITEM ( )  RATIONAL_B_SPLINE_SURFACE ( (
 ( 1.000000000000000000, 1.000000000000000000, 1.000000000000000000, 1.000000000000000000, 1.000000000000000000, 1.000000000000000000, 1.000000000000000000, 1.000000000000000000, 1.000000000000000000, 1.000000000000000000, 1.000000000000000000, 1.000000000000000000, 1.000000000000000000, 1.000000000000000000, 1.000000000000000000, 1.000000000000000000, 1.000000000000000000, 1.000000000000000000),
 ( 0.7071067811865475727, 0.7071067811865475727, 0.7071067811865476838, 0.7071067811865476838, 0.7071067811865476838, 0.7071067811865476838, 0.7071067811865476838, 0.7071067811865476838, 0.7071067811865476838, 0.7071067811865476838, 0.7071067811865475727, 0.7071067811865475727, 0.7071067811865476838, 0.7071067811865476838, 0.7071067811865476838, 0.7071067811865476838, 0.7071067811865476838, 0.7071067811865476838),
 ( 1.000000000000000000, 1.000000000000000000, 1.000000000000000000, 1.000000000000000000, 1.000000000000000000, 1.000000000000000000, 1.000000000000000000, 1.000000000000000000, 1.000000000000000000, 1.000000000000000000, 1.000000000000000000, 1.000000000000000000, 1.000000000000000000, 1.000000000000000000, 1.000000000000000000, 1.000000000000000000, 1.000000000000000000, 1.000000000000000000) ) ) 
 REPRESENTATION_ITEM ( '' )  SURFACE ( )  );
#6793 = CARTESIAN_POINT ( 'NONE',  ( -3.898491231073315966, -0.6358192520240809609, -10.44999999999990514 ) ) ;
#6794 = CARTESIAN_POINT ( 'NONE',  ( -23.16097824517373027, -26.90388608971097995, -17.16962608725161843 ) ) ;
#6795 = CARTESIAN_POINT ( 'NONE',  ( -4.741165462239333550, 7.546435669024156745, -16.71050671339254023 ) ) ;
#6796 = ORIENTED_EDGE ( 'NONE', *, *, #4872, .F. ) ;
#6797 = CARTESIAN_POINT ( 'NONE',  ( -7.992212301141110586, -3.227869830705299314, -17.05972961173308633 ) ) ;
#6798 = CARTESIAN_POINT ( 'NONE',  ( 25.34895672006382483, -24.85560503879190009, -19.99993715639902092 ) ) ;
#6799 = VERTEX_POINT ( 'NONE', #1796 ) ;
#6800 = LINE ( 'NONE', #1251, #1726 ) ;
#6801 = CARTESIAN_POINT ( 'NONE',  ( -18.01745678418379626, 23.77812080059835154, -2.000000000000003553 ) ) ;
#6802 = CARTESIAN_POINT ( 'NONE',  ( 22.78065227424447770, 24.56387081830859387, -19.68347431266159120 ) ) ;
#6803 = AXIS2_PLACEMENT_3D ( 'NONE', #808, #1510, #175 ) ;
#6804 = DIRECTION ( 'NONE',  ( 1.000000000000000000, 0.000000000000000000, 0.000000000000000000 ) ) ;
#6805 = CARTESIAN_POINT ( 'NONE',  ( -27.83885172224231752, -13.25491528571384237, -3.499999999999999112 ) ) ;
#6806 = CARTESIAN_POINT ( 'NONE',  ( -2.312924270399036253, -35.42482158507448986, -18.75985287847622018 ) ) ;
#6807 = CARTESIAN_POINT ( 'NONE',  ( 0.7770717392865701401, -3.950003636419659792, -10.50000000000749623 ) ) ;
#6808 = CARTESIAN_POINT ( 'NONE',  ( -9.126721392259169008, 11.54107327942515049, -12.18732125480833339 ) ) ;
#6809 = FACE_OUTER_BOUND ( 'NONE', #6049, .T. ) ;
#6810 = AXIS2_PLACEMENT_3D ( 'NONE', #4481, #2432, #1037 ) ;
#6811 = CARTESIAN_POINT ( 'NONE',  ( -0.5995331641657342114, -4.465410739943058260, -25.55692402193377077 ) ) ;
#6812 = ADVANCED_FACE ( 'NONE', ( #3140 ), #993, .F. ) ;
#6813 = B_SPLINE_CURVE_WITH_KNOTS ( 'NONE', 1,
 ( #6021, #8780 ),
 .UNSPECIFIED., .F., .F.,
 ( 2, 2 ),
 ( 0.000000000000000000, 1.000000000000000000 ),
 .UNSPECIFIED. ) ;
#6814 = AXIS2_PLACEMENT_3D ( 'NONE', #1634, #8168, #293 ) ;
#6815 = CIRCLE ( 'NONE', #7723, 29.50000000000000355 ) ;
#6816 = CARTESIAN_POINT ( 'NONE',  ( -11.01332713394887897, 19.18287462837615465, -10.50000000000000533 ) ) ;
#6817 = CARTESIAN_POINT ( 'NONE',  ( 4.693063937959951026, 3.937948219433572206, -2.000000000000003553 ) ) ;
#6818 = FACE_OUTER_BOUND ( 'NONE', #7187, .T. ) ;
#6819 = EDGE_LOOP ( 'NONE', ( #7373, #7178, #4376, #7919 ) ) ;
#6820 = CARTESIAN_POINT ( 'NONE',  ( -33.42902372074270545, 2.183129106434170463, -16.24166244700334616 ) ) ;
#6821 = CARTESIAN_POINT ( 'NONE',  ( -35.42032659877030909, -2.378007703314283461, -16.38942846820731347 ) ) ;
#6822 = AXIS2_PLACEMENT_3D ( 'NONE', #3099, #178, #5896 ) ;
#6823 = CARTESIAN_POINT ( 'NONE',  ( -3.994443847110343171, 4.477099323477462534, -2.000000000000003553 ) ) ;
#6824 = VERTEX_POINT ( 'NONE', #6769 ) ;
#6825 = FACE_OUTER_BOUND ( 'NONE', #792, .T. ) ;
#6826 = ADVANCED_FACE ( 'NONE', ( #443 ), #4723, .T. ) ;
#6827 = CARTESIAN_POINT ( 'NONE',  ( 33.49499273115849718, -0.6533281793352739841, -19.93532893723496358 ) ) ;
#6828 = ADVANCED_FACE ( 'NONE', ( #4582 ), #3279, .F. ) ;
#6829 = EDGE_CURVE ( 'NONE', #6453, #705, #7390, .T. ) ;
#6830 = VERTEX_POINT ( 'NONE', #7441 ) ;
#6831 = CARTESIAN_POINT ( 'NONE',  ( -25.05888422977013619, -22.23411612987500163, -19.03685471094480874 ) ) ;
#6832 = CARTESIAN_POINT ( 'NONE',  ( 23.68712907396144018, 23.68902522759201545, -19.99992814200970770 ) ) ;
#6833 = B_SPLINE_CURVE_WITH_KNOTS ( 'NONE', 3,
 ( #1619, #5671, #7124, #95, #8523, #3572, #1570, #2139, #6412, #776, #8010, #5763, #2224, #1522, #3716, #4357, #7260, #871, #6558, #5152 ),
 .UNSPECIFIED., .F., .F.,
 ( 4, 2, 2, 2, 2, 2, 2, 2, 2, 4 ),
 ( 0.5000000000000000000, 0.5625000000000000000, 0.6250000000000000000, 0.6875000000000000000, 0.7500000000000000000, 0.8125000000000000000, 0.8750000000000000000, 0.9375000000000000000, 0.9687500000000000000, 1.000000000000000000 ),
 .UNSPECIFIED. ) ;
#6834 = ORIENTED_EDGE ( 'NONE', *, *, #7993, .T. ) ;
#6835 = CARTESIAN_POINT ( 'NONE',  ( 14.43089077438455980, -5.319796777000917132, -11.87896259274200617 ) ) ;
#6836 = DIRECTION ( 'NONE',  ( -0.9510565162951587492, 0.3090169943749315196, 0.000000000000000000 ) ) ;
#6837 = CARTESIAN_POINT ( 'NONE',  ( -27.86495337710443110, -9.684749521376197379, 0.000000000000000000 ) ) ;
#6838 = VERTEX_POINT ( 'NONE', #1042 ) ;
#6839 = CARTESIAN_POINT ( 'NONE',  ( -28.71050695390804464, -9.959486532699887817, -2.833330587785095389 ) ) ;
#6840 = DIRECTION ( 'NONE',  ( 0.000000000000000000, -0.000000000000000000, -1.000000000000000000 ) ) ;
#6841 = CARTESIAN_POINT ( 'NONE',  ( -23.65254162324607634, -26.47305433186985013, -15.84740799122588761 ) ) ;
#6842 = CARTESIAN_POINT ( 'NONE',  ( -28.55285746764129939, -8.646508440424895525, -2.000000000000003553 ) ) ;
#6843 = ORIENTED_EDGE ( 'NONE', *, *, #971, .F. ) ;
#6844 = CARTESIAN_POINT ( 'NONE',  ( -3.620745874387643948, -1.807054916455959725, -28.40475228171117905 ) ) ;
#6845 = CARTESIAN_POINT ( 'NONE',  ( 28.23577377035462987, -8.543481701821180607, 0.000000000000000000 ) ) ;
#6846 = ORIENTED_EDGE ( 'NONE', *, *, #5643, .F. ) ;
#6847 = CARTESIAN_POINT ( 'NONE',  ( 0.000000000000000000, 0.000000000000000000, -4.500000000000002665 ) ) ;
#6848 = CARTESIAN_POINT ( 'NONE',  ( 28.29587197305823665, -4.824782389825540641, -0.3063886183192842116 ) ) ;
#6849 = CARTESIAN_POINT ( 'NONE',  ( 33.42905698874938025, -2.182618677452595524, -18.75985287883610297 ) ) ;
#6850 = DIRECTION ( 'NONE',  ( 1.000000000000000000, 0.000000000000000000, 0.000000000000000000 ) ) ;
#6851 = CARTESIAN_POINT ( 'NONE',  ( -11.47334169323851327, -10.20514898402205084, -4.500000000000000000 ) ) ;
#6852 = DIRECTION ( 'NONE',  ( -0.000000000000000000, -0.000000000000000000, 1.000000000000000000 ) ) ;
#6853 = CARTESIAN_POINT ( 'NONE',  ( 2.780246739361995623, 2.805838211349154676, -10.50000000000000533 ) ) ;
#6854 = CARTESIAN_POINT ( 'NONE',  ( 0.000000000000000000, 0.000000000000000000, -10.44999999999990514 ) ) ;
#6855 = CARTESIAN_POINT ( 'NONE',  ( 14.38403658502070215, -16.82728579421052473, -10.50000000000000888 ) ) ;
#6856 = CARTESIAN_POINT ( 'NONE',  ( 26.55543454577640006, 23.56096221568376592, -15.96378118965331439 ) ) ;
#6857 = ADVANCED_BREP_SHAPE_REPRESENTATION ( 'WheelRim', ( #3641, #3555 ), #4149 ) ;
#6858 = CARTESIAN_POINT ( 'NONE',  ( -3.614375791160409523, 3.953980522719360291, -9.047317945328657629 ) ) ;
#6859 = B_SPLINE_CURVE_WITH_KNOTS ( 'NONE', 3,
 ( #5599, #7660, #2071, #4895 ),
 .UNSPECIFIED., .F., .F.,
 ( 4, 4 ),
 ( 0.001210597731249374960, 0.003026929933099503731 ),
 .UNSPECIFIED. ) ;
#6860 = CARTESIAN_POINT ( 'NONE',  ( 21.64726061348928354, -4.546664876500525310, -10.50000000000000888 ) ) ;
#6861 = CARTESIAN_POINT ( 'NONE',  ( 24.60772870839030801, 25.58931128697254920, -19.93459846096797605 ) ) ;
#6862 = CARTESIAN_POINT ( 'NONE',  ( 25.06051675815287538, -22.23228233181946223, -19.03432852962032840 ) ) ;
#6863 = EDGE_CURVE ( 'NONE', #2875, #754, #4489, .T. ) ;
#6864 = VERTEX_POINT ( 'NONE', #2530 ) ;
#6865 = CARTESIAN_POINT ( 'NONE',  ( -33.49417904839546622, -0.6443920504864992793, -15.07870116200534483 ) ) ;
#6866 = DIRECTION ( 'NONE',  ( -0.000000000000000000, -0.000000000000000000, 1.000000000000000000 ) ) ;
#6867 = CARTESIAN_POINT ( 'NONE',  ( -27.59365244646927451, -4.541067284790473835, 0.000000000000000000 ) ) ;
#6868 = EDGE_LOOP ( 'NONE', ( #1024, #5148, #8436, #3076 ) ) ;
#6869 = DIRECTION ( 'NONE',  ( -0.000000000000000000, -0.000000000000000000, 1.000000000000000000 ) ) ;
#6870 = ADVANCED_FACE ( 'NONE', ( #311 ), #947, .F. ) ;
#6871 = EDGE_CURVE ( 'NONE', #1163, #5821, #4865, .T. ) ;
#6872 = CARTESIAN_POINT ( 'NONE',  ( -24.61507175253923663, -25.58078617621251993, -15.07870116200536970 ) ) ;
#6873 = CARTESIAN_POINT ( 'NONE',  ( 33.49417904839544491, 0.6443920504875610966, -15.07870116200535726 ) ) ;
#6874 = EDGE_CURVE ( 'NONE', #2332, #505, #4669, .T. ) ;
#6875 = ORIENTED_EDGE ( 'NONE', *, *, #9133, .T. ) ;
#6876 = CARTESIAN_POINT ( 'NONE',  ( 5.244760150450948899, -2.335992986680424988, -21.79377283031320900 ) ) ;
#6877 = CARTESIAN_POINT ( 'NONE',  ( 17.04663639093347882, 24.48346310334958531, -2.000000000000003553 ) ) ;
#6878 = CARTESIAN_POINT ( 'NONE',  ( -3.898518869927138031, -0.6356497627011546969, -30.50000000000000711 ) ) ;
#6879 = ORIENTED_EDGE ( 'NONE', *, *, #7630, .F. ) ;
#6880 = CARTESIAN_POINT ( 'NONE',  ( 22.57739473825473908, -24.75004477339983566, -15.50119477829934667 ) ) ;
#6881 = CARTESIAN_POINT ( 'NONE',  ( 0.5999999999998552047, 9.132863896322517050, -4.099999999999999645 ) ) ;
#6882 = CARTESIAN_POINT ( 'NONE',  ( 26.85984677232417894, -23.21241824184780711, -18.15144138432806287 ) ) ;
#6883 = CARTESIAN_POINT ( 'NONE',  ( -9.441550544865549455, 14.01634755957347522, -11.29202416001244202 ) ) ;
#6884 = VERTEX_POINT ( 'NONE', #356 ) ;
#6885 = CARTESIAN_POINT ( 'NONE',  ( -4.615123075323282364, -2.130381516963850252, -23.51449669558922650 ) ) ;
#6886 = CARTESIAN_POINT ( 'NONE',  ( 9.170188375636495692, 11.60090001012224903, -12.15135749380787900 ) ) ;
#6887 = CARTESIAN_POINT ( 'NONE',  ( 10.88555644094618202, -9.396131989646940852, 0.000000000000000000 ) ) ;
#6888 = ORIENTED_EDGE ( 'NONE', *, *, #5734, .F. ) ;
#6889 = CARTESIAN_POINT ( 'NONE',  ( 10.88555644094618380, -9.396131989646940852, -2.000000000000003553 ) ) ;
#6890 = CARTESIAN_POINT ( 'NONE',  ( 27.90320929118587046, -4.666136368442340476, -0.04063620317970498969 ) ) ;
#6891 = VECTOR ( 'NONE', #300, 1000.000000000000000 ) ;
#6892 = EDGE_CURVE ( 'NONE', #8717, #7906, #400, .T. ) ;
#6893 = CARTESIAN_POINT ( 'NONE',  ( 0.000000000000000000, 0.000000000000000000, 0.000000000000000000 ) ) ;
#6894 = CARTESIAN_POINT ( 'NONE',  ( 2.313465172530296599, 35.42478633093351448, -16.24166244714356111 ) ) ;
#6895 = B_SPLINE_CURVE_WITH_KNOTS ( 'NONE', 3,
 ( #5587, #7788, #7699, #8442, #58, #6987, #6333, #1441, #17, #104, #1393, #5772, #4883, #9170, #4324, #8623, #2880, #1305 ),
 .UNSPECIFIED., .F., .F.,
 ( 4, 2, 2, 2, 2, 2, 2, 2, 4 ),
 ( 0.000000000000000000, 0.06250000000000000000, 0.1250000000000000000, 0.1875000000000000000, 0.2500000000000000000, 0.3125000000000000000, 0.3750000000000000000, 0.4375000000000000000, 0.5000000000000000000 ),
 .UNSPECIFIED. ) ;
#6896 = CARTESIAN_POINT ( 'NONE',  ( 0.6859136312001483660, -35.49485940976641984, -15.06280857718578048 ) ) ;
#6897 = ORIENTED_EDGE ( 'NONE', *, *, #4983, .T. ) ;
#6898 = DIRECTION ( 'NONE',  ( 1.000000000000000000, 0.000000000000000000, 0.000000000000000000 ) ) ;
#6899 = AXIS2_PLACEMENT_3D ( 'NONE', #6331, #2560, #6938 ) ;
#6900 = CARTESIAN_POINT ( 'NONE',  ( -35.43754006842553395, -2.119258591941627579, -19.03432852956215626 ) ) ;
#6901 = CARTESIAN_POINT ( 'NONE',  ( 0.000000000000000000, 0.000000000000000000, -1.000000000000000000 ) ) ;
#6902 = CYLINDRICAL_SURFACE ( 'NONE', #1865, 33.50000000000000000 ) ;
#6903 = CARTESIAN_POINT ( 'NONE',  ( -33.50000000000000000, -0.1633418547519590314, -14.99981109353422681 ) ) ;
#6904 = AXIS2_PLACEMENT_3D ( 'NONE', #223, #3053, #4494 ) ;
#6905 = CARTESIAN_POINT ( 'NONE',  ( -22.08670541593304293, 1.205610814976395551, -10.50000000000000533 ) ) ;
#6906 = CARTESIAN_POINT ( 'NONE',  ( -21.05112834584223691, -6.209048892948281662, -10.50000000000000355 ) ) ;
#6907 = DIRECTION ( 'NONE',  ( 0.000000000000000000, 0.000000000000000000, -1.000000000000000000 ) ) ;
#6908 = CIRCLE ( 'NONE', #2593, 1.000000000000000888 ) ;
#6909 = EDGE_LOOP ( 'NONE', ( #3328, #1585, #7159, #1730 ) ) ;
#6910 = CARTESIAN_POINT ( 'NONE',  ( -13.25113100649835474, 7.758231914844355259, -2.000000000000003553 ) ) ;
#6911 = CARTESIAN_POINT ( 'NONE',  ( 4.699082784379627343E-13, -33.50000000000000000, -15.00000000000000000 ) ) ;
#6912 = CARTESIAN_POINT ( 'NONE',  ( -0.001340783089988905339, 33.49999997316866285, -19.99992814200971480 ) ) ;
#6913 = ORIENTED_EDGE ( 'NONE', *, *, #7974, .F. ) ;
#6914 = CARTESIAN_POINT ( 'NONE',  ( 33.50000000000000000, -0.3266837095536533897, -15.00037781293159611 ) ) ;
#6915 = AXIS2_PLACEMENT_3D ( 'NONE', #7554, #7504, #3905 ) ;
#6916 = B_SPLINE_CURVE_WITH_KNOTS ( 'NONE', 3,
 ( #5968, #248, #1821, #5873, #6571, #2514, #3908, #6702, #3121, #8210, #6007, #8852, #3868, #5255, #3079, #7278, #200, #3030, #5311, #8029 ),
 .UNSPECIFIED., .F., .F.,
 ( 4, 2, 2, 2, 2, 2, 2, 2, 2, 4 ),
 ( 0.5000000000000000000, 0.5625000000000000000, 0.6250000000000000000, 0.6875000000000000000, 0.7500000000000000000, 0.8125000000000000000, 0.8750000000000000000, 0.9375000000000000000, 0.9687500000000000000, 1.000000000000000000 ),
 .UNSPECIFIED. ) ;
#6917 = AXIS2_PLACEMENT_3D ( 'NONE', #3033, #7797, #4240 ) ;
#6918 = CARTESIAN_POINT ( 'NONE',  ( -23.92867568819223578, -26.22460301700293428, -15.49726176816959722 ) ) ;
#6919 = CARTESIAN_POINT ( 'NONE',  ( -23.45707690344138285, 23.91907743605730019, -15.00037781293156236 ) ) ;
#6920 = ORIENTED_EDGE ( 'NONE', *, *, #2664, .T. ) ;
#6921 = ORIENTED_EDGE ( 'NONE', *, *, #3637, .T. ) ;
#6922 = CARTESIAN_POINT ( 'NONE',  ( 4.110143214868902994, -0.7046559823021071312, -27.36616918981445679 ) ) ;
#6923 = CARTESIAN_POINT ( 'NONE',  ( 0.000000000000000000, 0.000000000000000000, -10.44999999999990514 ) ) ;
#6924 = FACE_OUTER_BOUND ( 'NONE', #8189, .T. ) ;
#6926 = ADVANCED_FACE ( 'NONE', ( #8186, #8273 ), #1085, .F. ) ;
#6925 = ORIENTED_EDGE ( 'NONE', *, *, #330, .F. ) ;
#6927 = CARTESIAN_POINT ( 'NONE',  ( 33.50000000000000000, -8.185726402265558477E-15, -15.00000000000000355 ) ) ;
#6928 = CONICAL_SURFACE ( 'NONE', #5292, 9.132863896322508168, 0.5235987755983035896 ) ;
#6929 = ADVANCED_FACE ( 'NONE', ( #2398 ), #2573, .T. ) ;
#6930 = CARTESIAN_POINT ( 'NONE',  ( 2.659988975720913640, 2.965519056000579301, -10.50000000000000178 ) ) ;
#6931 = VERTEX_POINT ( 'NONE', #8918 ) ;
#6932 = EDGE_CURVE ( 'NONE', #4722, #9114, #6071, .T. ) ;
#6933 = CARTESIAN_POINT ( 'NONE',  ( 21.90531871837340461, -25.34605869684320467, -16.84589223793057400 ) ) ;
#6934 = CARTESIAN_POINT ( 'NONE',  ( -2.569116551121076952, 4.556875361830242888, -23.08882778296737470 ) ) ;
#6935 = ORIENTED_EDGE ( 'NONE', *, *, #5116, .T. ) ;
#6936 = CARTESIAN_POINT ( 'NONE',  ( 28.72890527503555091, -4.886621461457243853, -3.962284092018672155 ) ) ;
#6937 = CARTESIAN_POINT ( 'NONE',  ( 10.41266327373017120, 13.31063337800380175, -11.29203245842927927 ) ) ;
#6938 = DIRECTION ( 'NONE',  ( -0.3090169943749582204, 0.9510565162951499785, 0.000000000000000000 ) ) ;
#6939 = VERTEX_POINT ( 'NONE', #4533 ) ;
#6940 = CARTESIAN_POINT ( 'NONE',  ( 4.568704777552842877, 7.309331252010609070, -17.05930103731792968 ) ) ;
#6941 = ORIENTED_EDGE ( 'NONE', *, *, #5446, .T. ) ;
#6942 = CARTESIAN_POINT ( 'NONE',  ( 20.81524037909941427, -6.974361149955359274, -10.50000000000000355 ) ) ;
#6943 = VECTOR ( 'NONE', #1724, 1000.000000000000000 ) ;
#6944 = DIRECTION ( 'NONE',  ( -0.000000000000000000, -0.000000000000000000, 1.000000000000000000 ) ) ;
#6945 = EDGE_CURVE ( 'NONE', #7869, #7792, #3980, .T. ) ;
#6946 = CARTESIAN_POINT ( 'NONE',  ( -1.536278632840271552, 33.46556029457268977, -19.49867079320532781 ) ) ;
#6947 = VERTEX_POINT ( 'NONE', #3793 ) ;
#6948 = CARTESIAN_POINT ( 'NONE',  ( 2.240981927637972770, 2.340000000000000302, -45.00000000000000000 ) ) ;
#6949 = EDGE_CURVE ( 'NONE', #1803, #2962, #2061, .T. ) ;
#6950 = CARTESIAN_POINT ( 'NONE',  ( 3.717212426091817346, 1.545542298084385813, -10.50000000000749623 ) ) ;
#6951 = CARTESIAN_POINT ( 'NONE',  ( -35.49383152889668480, -0.6828632176797231335, -15.07870116200534483 ) ) ;
#6952 = VERTEX_POINT ( 'NONE', #486 ) ;
#6953 = DIRECTION ( 'NONE',  ( -1.415534356397074431E-14, 1.000000000000000000, 0.000000000000000000 ) ) ;
#6954 = AXIS2_PLACEMENT_3D ( 'NONE', #7884, #6470, #8626 ) ;
#6955 = DIRECTION ( 'NONE',  ( 1.000000000000000000, 0.000000000000000000, 0.000000000000000000 ) ) ;
#6956 = CARTESIAN_POINT ( 'NONE',  ( 0.5999996875720350342, -4.212824742437282666, -26.82761297507500942 ) ) ;
#6957 = CARTESIAN_POINT ( 'NONE',  ( -15.38218168505935424, 15.89542513352305519, -10.50000000000000533 ) ) ;
#6958 = DIRECTION ( 'NONE',  ( 0.000000000000000000, 0.000000000000000000, -1.000000000000000000 ) ) ;
#6959 = CARTESIAN_POINT ( 'NONE',  ( -23.56152604804841033, 26.55493701963241548, -19.03685471090980030 ) ) ;
#6960 = VERTEX_POINT ( 'NONE', #4851 ) ;
#6961 = CARTESIAN_POINT ( 'NONE',  ( 3.750000000000000000, 14.00000000000000000, -4.500000000000000000 ) ) ;
#6962 = CARTESIAN_POINT ( 'NONE',  ( 0.000000000000000000, 0.000000000000000000, -4.500000000000000000 ) ) ;
#6963 = ORIENTED_EDGE ( 'NONE', *, *, #1551, .T. ) ;
#6964 = AXIS2_PLACEMENT_3D ( 'NONE', #4562, #7419, #4609 ) ;
#6965 = CARTESIAN_POINT ( 'NONE',  ( 0.000000000000000000, 0.000000000000000000, -2.000000000000003553 ) ) ;
#6966 = CARTESIAN_POINT ( 'NONE',  ( -25.38832969884737523, -21.85595376812085888, -17.82748966708716054 ) ) ;
#6967 = CARTESIAN_POINT ( 'NONE',  ( -26.68496597780181290, 23.41325094963881170, -18.75847698594912316 ) ) ;
#6968 = TOROIDAL_SURFACE ( 'NONE', #6822, 27.96481624151200762, 1.000000000000000000 ) ;
#6969 = ORIENTED_EDGE ( 'NONE', *, *, #4135, .T. ) ;
#6970 = CARTESIAN_POINT ( 'NONE',  ( 8.554907033427495477, -2.148769399736524033, -16.81660261715575899 ) ) ;
#6971 = DIRECTION ( 'NONE',  ( 0.000000000000000000, 0.000000000000000000, 1.000000000000000000 ) ) ;
#6972 = LINE ( 'NONE', #2044, #1862 ) ;
#6973 = EDGE_LOOP ( 'NONE', ( #8895, #6773, #1638, #8414, #4586, #7629, #6921, #4643, #8663, #3771, #1681, #8531 ) ) ;
#6974 = CARTESIAN_POINT ( 'NONE',  ( -21.85613440037520405, -25.38817419733288361, -17.16962608725161488 ) ) ;
#6975 = CARTESIAN_POINT ( 'NONE',  ( -17.82148828198198842, 23.50839329718597881, 0.000000000000000000 ) ) ;
#6976 = VECTOR ( 'NONE', #3145, 1000.000000000000000 ) ;
#6977 = CARTESIAN_POINT ( 'NONE',  ( -3.971547331726213770, 0.3108961472260823866, -30.50000000000000711 ) ) ;
#6978 = ORIENTED_EDGE ( 'NONE', *, *, #1370, .F. ) ;
#6979 = CARTESIAN_POINT ( 'NONE',  ( 25.34580837210586068, -21.90561283697237371, -16.84523636444804140 ) ) ;
#6980 = CARTESIAN_POINT ( 'NONE',  ( -8.784295128540648534, 13.11146547395602013, -11.70804363464734799 ) ) ;
#6981 = ORIENTED_EDGE ( 'NONE', *, *, #6658, .T. ) ;
#6982 = CARTESIAN_POINT ( 'NONE',  ( -13.79611478841978034, -5.113506802834626441, -12.18743986430371251 ) ) ;
#6983 = CARTESIAN_POINT ( 'NONE',  ( 9.755171467045395062, 12.40592116069703188, -11.70805614626142876 ) ) ;
#6984 = FACE_OUTER_BOUND ( 'NONE', #2058, .T. ) ;
#6985 = EDGE_CURVE ( 'NONE', #2237, #1814, #9035, .T. ) ;
#6986 = ORIENTED_EDGE ( 'NONE', *, *, #7641, .T. ) ;
#6987 = CARTESIAN_POINT ( 'NONE',  ( -26.55543454589193075, -23.56096221555535308, -15.96378118984151051 ) ) ;
#6988 = DIRECTION ( 'NONE',  ( -0.000000000000000000, -0.000000000000000000, 1.000000000000000000 ) ) ;
#6989 = CARTESIAN_POINT ( 'NONE',  ( -16.80554175295383601, -4.829274553685176663, -11.11194920403413455 ) ) ;
#6990 = CARTESIAN_POINT ( 'NONE',  ( -0.6828632176683446797, 35.49383152889691218, -15.07870116200535904 ) ) ;
#6991 = EDGE_LOOP ( 'NONE', ( #3986, #572, #6724, #9139, #2636 ) ) ;
#6992 = CARTESIAN_POINT ( 'NONE',  ( 0.000000000000000000, 0.000000000000000000, -2.000000000000003553 ) ) ;
#6993 = DIRECTION ( 'NONE',  ( 1.000000000000000000, 0.000000000000000000, 0.000000000000000000 ) ) ;
#6994 = ORIENTED_EDGE ( 'NONE', *, *, #7930, .T. ) ;
#6995 = ORIENTED_EDGE ( 'NONE', *, *, #9031, .F. ) ;
#6996 = DIRECTION ( 'NONE',  ( 0.000000000000000000, 0.000000000000000000, -1.000000000000000000 ) ) ;
#6997 = EDGE_CURVE ( 'NONE', #1938, #7842, #4716, .T. ) ;
#6998 = B_SPLINE_CURVE_WITH_KNOTS ( 'NONE', 3,
 ( #4688, #5437, #5306, #4002 ),
 .UNSPECIFIED., .F., .F.,
 ( 4, 4 ),
 ( 2.310652082927197088E-07, 0.002426261271382007881 ),
 .UNSPECIFIED. ) ;
#6999 = CARTESIAN_POINT ( 'NONE',  ( -33.49417904839546622, -0.6443920504864992793, -15.07870116200534483 ) ) ;
#7000 = CARTESIAN_POINT ( 'NONE',  ( -12.84571917496949922, 24.83985600399798344, 0.000000000000000000 ) ) ;
#7001 = CARTESIAN_POINT ( 'NONE',  ( 21.18049702663646272, 6.376723239423438550, -10.50000000000000888 ) ) ;
#7002 = DIRECTION ( 'NONE',  ( -0.000000000000000000, -0.000000000000000000, 1.000000000000000000 ) ) ;
#7003 = ORIENTED_EDGE ( 'NONE', *, *, #5796, .F. ) ;
#7004 = CARTESIAN_POINT ( 'NONE',  ( -13.41745644144423721, 25.52122594533924982, -3.500000000000001776 ) ) ;
#7005 = ORIENTED_EDGE ( 'NONE', *, *, #1598, .F. ) ;
#7006 = CARTESIAN_POINT ( 'NONE',  ( 0.000000000000000000, 0.000000000000000000, -35.00000000000000000 ) ) ;
#7007 = SHAPE_DEFINITION_REPRESENTATION ( #899, #6857 ) ;
#7008 = CARTESIAN_POINT ( 'NONE',  ( -1.552637708193499888, -3.714254118965399698, -30.50000000000000711 ) ) ;
#7009 = EDGE_LOOP ( 'NONE', ( #6275, #7911, #887, #7449, #3939, #8769, #7005, #5331, #1099 ) ) ;
#7010 = ADVANCED_FACE ( 'NONE', ( #9185 ), #7579, .T. ) ;
#7011 = DIRECTION ( 'NONE',  ( -1.000000000000000000, 0.000000000000000000, 0.000000000000000000 ) ) ;
#7012 = CARTESIAN_POINT ( 'NONE',  ( -26.90390187311626491, -23.16095991134156762, -17.17385420710221666 ) ) ;
#7013 = CARTESIAN_POINT ( 'NONE',  ( -24.56333324283090036, 22.78127799637687900, -15.31632817220722664 ) ) ;
#7014 = B_SPLINE_CURVE_WITH_KNOTS ( 'NONE', 3,
 ( #6547, #8556, #2169, #1465, #5752, #2258, #807, #8602, #2213, #5089, #7950, #7343 ),
 .UNSPECIFIED., .F., .F.,
 ( 4, 2, 2, 2, 2, 4 ),
 ( 8.673617379884035472E-19, 0.0002100866932174994971, 0.0004201733864349981268, 0.0008403467728699928925, 0.001260520159304987821, 0.001680693545739982749 ),
 .UNSPECIFIED. ) ;
#7015 = ORIENTED_EDGE ( 'NONE', *, *, #8494, .F. ) ;
#7016 = CARTESIAN_POINT ( 'NONE',  ( 4.155090573222120831, -28.68937490339115826, -3.733038658339572269 ) ) ;
#7017 = CARTESIAN_POINT ( 'NONE',  ( 0.000000000000000000, 0.000000000000000000, -44.49999999999998579 ) ) ;
#7018 = CARTESIAN_POINT ( 'NONE',  ( -1.627996760174019286, 35.46350419275613319, -19.49867079320532781 ) ) ;
#7019 = EDGE_LOOP ( 'NONE', ( #7768, #6981, #5992, #3481, #7216, #2937, #6585, #3294, #3491 ) ) ;
#7020 = CARTESIAN_POINT ( 'NONE',  ( -27.59365244646927451, -4.541067284790473835, 0.000000000000000000 ) ) ;
#7021 = CARTESIAN_POINT ( 'NONE',  ( 22.23228233189645309, 25.06051675808361878, -19.03432852971191735 ) ) ;
#7022 = CARTESIAN_POINT ( 'NONE',  ( 0.2160423916265786504, -3.977834876864184022, -10.50000000000000533 ) ) ;
#7023 = CARTESIAN_POINT ( 'NONE',  ( 25.10229073212299511, -25.10229073212189022, -15.00000000000000000 ) ) ;
#7024 = CARTESIAN_POINT ( 'NONE',  ( 0.000000000000000000, 0.000000000000000000, -9.500000000000005329 ) ) ;
#7025 = EDGE_CURVE ( 'NONE', #4649, #7981, #5028, .T. ) ;
#7026 = CARTESIAN_POINT ( 'NONE',  ( -1.334036673253062855, -35.47637170970502041, -15.31533489701057604 ) ) ;
#7027 = ORIENTED_EDGE ( 'NONE', *, *, #6997, .T. ) ;
#7028 = CARTESIAN_POINT ( 'NONE',  ( 13.25113100649824283, 7.758231914844540889, 0.000000000000000000 ) ) ;
#7029 = CARTESIAN_POINT ( 'NONE',  ( 27.70729770428753369, -8.371769418968312948, -3.666663488590733433 ) ) ;
#7030 = LINE ( 'NONE', #3350, #1243 ) ;
#7031 = ORIENTED_EDGE ( 'NONE', *, *, #6874, .F. ) ;
#7032 = DIRECTION ( 'NONE',  ( -0.000000000000000000, -0.000000000000000000, 1.000000000000000000 ) ) ;
#7033 = CARTESIAN_POINT ( 'NONE',  ( 0.000000000000000000, 0.000000000000000000, -0.4452998037747721294 ) ) ;
#7034 = CARTESIAN_POINT ( 'NONE',  ( -9.074771772202085529, -2.317635796981166951, -16.19718454908131733 ) ) ;
#7035 = CARTESIAN_POINT ( 'NONE',  ( 0.3460106594768523891, 35.50001387694788235, -19.99991912759713486 ) ) ;
#7036 = ORIENTED_EDGE ( 'NONE', *, *, #3450, .F. ) ;
#7037 = CARTESIAN_POINT ( 'NONE',  ( 2.646635518228416917, -35.40120507038150777, -17.16962608725743777 ) ) ;
#7038 = FACE_OUTER_BOUND ( 'NONE', #3896, .T. ) ;
#7039 = EDGE_LOOP ( 'NONE', ( #8571, #7312, #65, #1052 ) ) ;
#7040 = ORIENTED_EDGE ( 'NONE', *, *, #3695, .F. ) ;
#7041 = CARTESIAN_POINT ( 'NONE',  ( 26.02830389331663952, 24.14291385022732328, -19.68467263740660300 ) ) ;
#7042 = VECTOR ( 'NONE', #6253, 1000.000000000000000 ) ;
#7043 = DIRECTION ( 'NONE',  ( -0.5299192642332090086, 0.8480480961564234033, 0.000000000000000000 ) ) ;
#7044 = EDGE_CURVE ( 'NONE', #4078, #7155, #1307, .T. ) ;
#7045 = EDGE_CURVE ( 'NONE', #1381, #3147, #2939, .T. ) ;
#7046 = CARTESIAN_POINT ( 'NONE',  ( 0.6000000000000763611, -3.903431570216999713, -29.92900544489341641 ) ) ;
#7047 = VECTOR ( 'NONE', #1836, 1000.000000000000000 ) ;
#7048 = EDGE_CURVE ( 'NONE', #1511, #595, #1136, .T. ) ;
#7049 = CARTESIAN_POINT ( 'NONE',  ( -23.16097824517372317, -26.90388608971096573, -17.16962608725161488 ) ) ;
#7050 = CARTESIAN_POINT ( 'NONE',  ( 24.14069121599041168, 26.03037056865537480, -19.68347431266159120 ) ) ;
#7051 = DIRECTION ( 'NONE',  ( 1.000000000000000000, 0.000000000000000000, 0.000000000000000000 ) ) ;
#7052 = ORIENTED_EDGE ( 'NONE', *, *, #3807, .F. ) ;
#7053 = FACE_BOUND ( 'NONE', #7100, .T. ) ;
#7054 = CARTESIAN_POINT ( 'NONE',  ( -3.717207179833644126, 1.545554365101824423, -10.50000000003745271 ) ) ;
#7055 = ORIENTED_EDGE ( 'NONE', *, *, #3912, .F. ) ;
#7056 = VECTOR ( 'NONE', #2267, 1000.000000000000000 ) ;
#7057 = CARTESIAN_POINT ( 'NONE',  ( 0.000000000000000000, 0.000000000000000000, -2.000000000000003553 ) ) ;
#7058 = EDGE_CURVE ( 'NONE', #3730, #3188, #7262, .T. ) ;
#7059 = AXIS2_PLACEMENT_3D ( 'NONE', #8974, #7596, #6226 ) ;
#7060 = CARTESIAN_POINT ( 'NONE',  ( 21.85944224662258151, 22.54696222235035918, -4.355391244064604983 ) ) ;
#7061 = CARTESIAN_POINT ( 'NONE',  ( -23.16095991134109511, 26.90390187311666637, -17.17385420698250442 ) ) ;
#7062 = EDGE_CURVE ( 'NONE', #7501, #6550, #3257, .T. ) ;
#7063 = VERTEX_POINT ( 'NONE', #6906 ) ;
#7064 = CARTESIAN_POINT ( 'NONE',  ( 4.146049948680574637, -28.53368852662156385, -3.500000000002559286 ) ) ;
#7065 = EDGE_CURVE ( 'NONE', #3913, #562, #2807, .T. ) ;
#7066 = CARTESIAN_POINT ( 'NONE',  ( 26.21033292774529144, -13.32905496880098539, -4.356895280068775023 ) ) ;
#7067 = CARTESIAN_POINT ( 'NONE',  ( -13.43725712658998184, 26.09191828092536980, -4.272944771188474711 ) ) ;
#7068 = ORIENTED_EDGE ( 'NONE', *, *, #1491, .T. ) ;
#7069 = CARTESIAN_POINT ( 'NONE',  ( 0.000000000000000000, 0.000000000000000000, -2.000000000000003553 ) ) ;
#7070 = EDGE_CURVE ( 'NONE', #1426, #7684, #697, .T. ) ;
#7071 = CARTESIAN_POINT ( 'NONE',  ( 25.05935372629604174, 22.23358406268749832, -15.96378118965331439 ) ) ;
#7072 = VECTOR ( 'NONE', #66, 1000.000000000000114 ) ;
#7073 = CARTESIAN_POINT ( 'NONE',  ( 1.721848647829335555, -3.592364382474607432, -30.50000000000000711 ) ) ;
#7074 = CARTESIAN_POINT ( 'NONE',  ( 24.60930377941604874, -25.58779123399699529, -19.93550015078835358 ) ) ;
#7075 = FACE_BOUND ( 'NONE', #2832, .T. ) ;
#7076 = B_SPLINE_CURVE_WITH_KNOTS ( 'NONE', 3,
 ( #6157, #4153, #4712, #4754, #7757, #7573, #3366, #7617, #3277, #3409, #9000, #2022, #7712, #2615, #1267, #618, #2750, #5461, #6999, #575, #6903, #8315 ),
 .UNSPECIFIED., .F., .F.,
 ( 4, 2, 2, 2, 2, 2, 2, 2, 2, 2, 4 ),
 ( 0.4999148010363513306, 0.5000000000000000000, 0.5625000000000000000, 0.6250000000000000000, 0.6875000000000000000, 0.7500000000000000000, 0.8125000000000000000, 0.8750000000000000000, 0.9375000000000000000, 0.9687500000000000000, 1.000000000000000000 ),
 .UNSPECIFIED. ) ;
#7077 = AXIS2_PLACEMENT_3D ( 'NONE', #6961, #7669, #4903 ) ;
#7078 = CARTESIAN_POINT ( 'NONE',  ( -2.312924270399035809, -35.42482158507448986, -18.75985287847621308 ) ) ;
#7079 = ORIENTED_EDGE ( 'NONE', *, *, #7161, .F. ) ;
#7080 = CARTESIAN_POINT ( 'NONE',  ( 0.6000000000004664935, -31.49428519588910191, -2.000000000000003553 ) ) ;
#7081 = CARTESIAN_POINT ( 'NONE',  ( 20.94562664890302628, 20.71852893359986325, -4.442071776254558735 ) ) ;
#7082 = CARTESIAN_POINT ( 'NONE',  ( -0.7771087080456808849, -3.949996363493836871, -10.49999999999251443 ) ) ;
#7083 = ORIENTED_EDGE ( 'NONE', *, *, #8360, .F. ) ;
#7084 = CARTESIAN_POINT ( 'NONE',  ( 35.46349690235424390, -1.628014711470711751, -15.50119477801072243 ) ) ;
#7085 = CARTESIAN_POINT ( 'NONE',  ( 0.3488523191692308734, -35.49998606618571273, -19.99993715641065606 ) ) ;
#7086 = CARTESIAN_POINT ( 'NONE',  ( -10.17378879664270386, -2.674418500714049518, -15.03577720029493925 ) ) ;
#7087 = CIRCLE ( 'NONE', #4245, 35.50000000000001421 ) ;
#7088 = CARTESIAN_POINT ( 'NONE',  ( -2.183116565155271971, 33.42902615899050289, -18.75847698617484127 ) ) ;
#7089 = DIRECTION ( 'NONE',  ( 0.5877852522924680301, 0.8090169943749512260, -3.061189136958036888E-15 ) ) ;
#7090 = VERTEX_POINT ( 'NONE', #2853 ) ;
#7091 = FACE_OUTER_BOUND ( 'NONE', #8355, .T. ) ;
#7092 = ORIENTED_EDGE ( 'NONE', *, *, #6668, .T. ) ;
#7093 = LINE ( 'NONE', #706, #3791 ) ;
#7094 = VECTOR ( 'NONE', #8615, 1000.000000000000000 ) ;
#7095 = CARTESIAN_POINT ( 'NONE',  ( 0.6000000000004508394, -29.82729920354469044, -2.000000000000003553 ) ) ;
#7096 = B_SPLINE_CURVE_WITH_KNOTS ( 'NONE', 3,
 ( #3565, #8473, #1336, #7731 ),
 .UNSPECIFIED., .F., .F.,
 ( 4, 4 ),
 ( 2.403872770686837505E-07, 0.003005069203636526014 ),
 .UNSPECIFIED. ) ;
#7097 = CARTESIAN_POINT ( 'NONE',  ( 0.6001100506512210275, -3.904147528860479888, -30.50000000000000711 ) ) ;
#7098 = CARTESIAN_POINT ( 'NONE',  ( -23.16091849810791459, -26.90393752456239440, -17.82637605772025680 ) ) ;
#7099 = CARTESIAN_POINT ( 'NONE',  ( -5.692751020014099161, 6.814618285136839759, -16.74886038470947724 ) ) ;
#7100 = EDGE_LOOP ( 'NONE', ( #7718, #7055 ) ) ;
#7101 = CIRCLE ( 'NONE', #6074, 35.50000000000000000 ) ;
#7102 = CARTESIAN_POINT ( 'NONE',  ( -26.55666701247429629, 23.55958276942516605, -19.03432852941214293 ) ) ;
#7103 = CARTESIAN_POINT ( 'NONE',  ( -18.65498694474419139, -12.34671156215635435, -10.50000000000000533 ) ) ;
#7104 = ADVANCED_FACE ( 'NONE', ( #6397 ), #760, .F. ) ;
#7105 = CARTESIAN_POINT ( 'NONE',  ( -0.6000000000001460831, -14.72908193403434929, -12.17377162205668206 ) ) ;
#7106 = AXIS2_PLACEMENT_3D ( 'NONE', #8730, #207, #6620 ) ;
#7107 = CARTESIAN_POINT ( 'NONE',  ( -0.5999999999998660849, -9.113133541694169892, -4.099999999999998757 ) ) ;
#7108 = CARTESIAN_POINT ( 'NONE',  ( 4.003495269361334152, -30.57231541889893833, -3.500000000000000444 ) ) ;
#7109 = DIRECTION ( 'NONE',  ( 0.9271838545667869802, 0.3746065934159130140, 0.000000000000000000 ) ) ;
#7110 = ORIENTED_EDGE ( 'NONE', *, *, #8419, .T. ) ;
#7111 = VERTEX_POINT ( 'NONE', #7942 ) ;
#7112 = CARTESIAN_POINT ( 'NONE',  ( 5.079650480221514108, -1.019601974602428074, -23.22734345777461584 ) ) ;
#7113 = CARTESIAN_POINT ( 'NONE',  ( 26.11351947133751850, -13.71356585466213751, -4.492960760209227189 ) ) ;
#7114 = AXIS2_PLACEMENT_3D ( 'NONE', #3785, #8865, #7335 ) ;
#7115 = CARTESIAN_POINT ( 'NONE',  ( -0.6859136312529725554, 35.49485940976490639, -15.06280857718572008 ) ) ;
#7116 = ORIENTED_EDGE ( 'NONE', *, *, #6985, .F. ) ;
#7117 = ADVANCED_FACE ( 'NONE', ( #7896 ), #7146, .F. ) ;
#7118 = CARTESIAN_POINT ( 'NONE',  ( 23.41325094965988640, 26.68496597778346668, -18.75847698611589465 ) ) ;
#7119 = EDGE_CURVE ( 'NONE', #8329, #7391, #2361, .T. ) ;
#7120 = CARTESIAN_POINT ( 'NONE',  ( 1.322654360282646824, 3.757716070397849606, -10.49999999999502087 ) ) ;
#7121 = EDGE_LOOP ( 'NONE', ( #144, #5429, #1472, #744 ) ) ;
#7122 = AXIS2_PLACEMENT_3D ( 'NONE', #5169, #6054, #8768 ) ;
#7123 = CIRCLE ( 'NONE', #2069, 29.50000000000000355 ) ;
#7124 = CARTESIAN_POINT ( 'NONE',  ( -24.14765994679708072, 23.22137779530966739, -19.93459846103375455 ) ) ;
#7125 = CARTESIAN_POINT ( 'NONE',  ( 1.336205084546162825, -35.47629800725203353, -19.68347431263108049 ) ) ;
#7126 = CARTESIAN_POINT ( 'NONE',  ( -2.780220478896689329, 2.805864232054620100, -10.50000000000000533 ) ) ;
#7127 = CARTESIAN_POINT ( 'NONE',  ( -1.333172084535962032, -35.47640828685003100, -19.68467263743957929 ) ) ;
#7128 = VERTEX_POINT ( 'NONE', #3227 ) ;
#7129 = CARTESIAN_POINT ( 'NONE',  ( -20.68188555396934447, -7.350829306262686380, -10.50000000000000355 ) ) ;
#7130 = CARTESIAN_POINT ( 'NONE',  ( -25.10229073212244799, 25.10229073212242312, -15.00000000000000000 ) ) ;
#7131 = CARTESIAN_POINT ( 'NONE',  ( 1.552617487146095820, -3.714262800925263175, -30.50000000000000711 ) ) ;
#7132 = VERTEX_POINT ( 'NONE', #7522 ) ;
#7133 = CARTESIAN_POINT ( 'NONE',  ( 0.000000000000000000, 0.000000000000000000, -4.099999999999998757 ) ) ;
#7134 = CIRCLE ( 'NONE', #1774, 2.740000000000000213 ) ;
#7135 = CARTESIAN_POINT ( 'NONE',  ( 2.119258591649667345, -35.43754006844095983, -19.03432852981515921 ) ) ;
#7136 = CARTESIAN_POINT ( 'NONE',  ( 26.90393752456247611, -23.16091849810781511, -17.82637605772022837 ) ) ;
#7137 = CARTESIAN_POINT ( 'NONE',  ( -1.260103349266969985, 33.47769565988321716, -15.31632817220716802 ) ) ;
#7138 = ORIENTED_EDGE ( 'NONE', *, *, #7180, .F. ) ;
#7139 = CARTESIAN_POINT ( 'NONE',  ( 35.50000000000001421, 0.000000000000000000, 0.000000000000000000 ) ) ;
#7140 = CARTESIAN_POINT ( 'NONE',  ( -33.44105893781000560, -1.999863741691394692, -19.03432852956215626 ) ) ;
#7141 = VERTEX_POINT ( 'NONE', #303 ) ;
#7142 = CARTESIAN_POINT ( 'NONE',  ( 23.68807716974903244, 23.68807716974965416, -15.00000000000000178 ) ) ;
#7143 = CARTESIAN_POINT ( 'NONE',  ( 0.6000000000004670486, -30.93862709805087974, -3.666664066441806202 ) ) ;
#7144 = DIRECTION ( 'NONE',  ( -0.8090169943749512260, 0.5877852522924680301, -0.000000000000000000 ) ) ;
#7145 = CARTESIAN_POINT ( 'NONE',  ( -24.14737896529088346, -23.22165922877140432, -15.06543078878103969 ) ) ;
#7146 = PLANE ( 'NONE',  #5324 ) ;
#7147 = ORIENTED_EDGE ( 'NONE', *, *, #4478, .T. ) ;
#7148 = DIRECTION ( 'NONE',  ( -0.000000000000000000, -0.000000000000000000, 1.000000000000000000 ) ) ;
#7149 = CARTESIAN_POINT ( 'NONE',  ( 3.357041758684820021, -2.221854663024487753, -30.50000000000000711 ) ) ;
#7150 = CARTESIAN_POINT ( 'NONE',  ( 29.76743496498355412, -10.30290326099762588, -2.000000000000003553 ) ) ;
#7151 = B_SPLINE_CURVE_WITH_KNOTS ( 'NONE', 3,
 ( #3691, #7987, #6535, #2942, #70, #5786, #256, #3038, #2990, #8635, #1684, #5033, #116, #1596, #1498, #7286, #892, #3087 ),
 .UNSPECIFIED., .F., .F.,
 ( 4, 2, 2, 2, 2, 2, 2, 2, 4 ),
 ( 0.000000000000000000, 0.06250000000000000000, 0.1250000000000000000, 0.1875000000000000000, 0.2500000000000000000, 0.3125000000000000000, 0.3750000000000000000, 0.4375000000000000000, 0.5000000000000000000 ),
 .UNSPECIFIED. ) ;
#7152 = CARTESIAN_POINT ( 'NONE',  ( 0.000000000000000000, 0.000000000000000000, -9.500000000000005329 ) ) ;
#7153 = CARTESIAN_POINT ( 'NONE',  ( -14.78233559930693097, 27.14782558517907418, -3.617269320720283954 ) ) ;
#7154 = FACE_OUTER_BOUND ( 'NONE', #7173, .T. ) ;
#7155 = VERTEX_POINT ( 'NONE', #3923 ) ;
#7156 = CARTESIAN_POINT ( 'NONE',  ( 15.14887051645162153, -4.291289071933470645, -11.68487492329776778 ) ) ;
#7157 = CARTESIAN_POINT ( 'NONE',  ( 35.43763580344440101, -2.117606959357603902, -19.03577827547625034 ) ) ;
#7158 = CARTESIAN_POINT ( 'NONE',  ( -13.51444645294424518, 25.90406169148171145, -4.076053988288475871 ) ) ;
#7159 = ORIENTED_EDGE ( 'NONE', *, *, #8312, .T. ) ;
#7160 = DIRECTION ( 'NONE',  ( -0.9510565162951497564, -0.3090169943749588310, 0.000000000000000000 ) ) ;
#7161 = EDGE_CURVE ( 'NONE', #3193, #5946, #2199, .T. ) ;
#7162 = EDGE_CURVE ( 'NONE', #6661, #7469, #6623, .T. ) ;
#7163 = CARTESIAN_POINT ( 'NONE',  ( 14.78145772586422524, 16.47927677956637993, -10.50000000000000178 ) ) ;
#7164 = ORIENTED_EDGE ( 'NONE', *, *, #1408, .F. ) ;
#7165 = DIRECTION ( 'NONE',  ( -0.000000000000000000, -0.000000000000000000, -1.000000000000000000 ) ) ;
#7166 = EDGE_CURVE ( 'NONE', #4479, #127, #6813, .T. ) ;
#7167 = FACE_OUTER_BOUND ( 'NONE', #3124, .T. ) ;
#7168 = CARTESIAN_POINT ( 'NONE',  ( -0.6918951143264134851, -35.49470627985304816, -19.93550015082134763 ) ) ;
#7169 = ORIENTED_EDGE ( 'NONE', *, *, #5916, .F. ) ;
#7170 = DIRECTION ( 'NONE',  ( 0.000000000000000000, 0.000000000000000000, -1.000000000000000000 ) ) ;
#7171 = LINE ( 'NONE', #2973, #7584 ) ;
#7172 = CARTESIAN_POINT ( 'NONE',  ( -1.536278632840271552, 33.46556029457268977, -19.49867079320532781 ) ) ;
#7173 = EDGE_LOOP ( 'NONE', ( #7965, #7890, #5195, #5513 ) ) ;
#7174 = CARTESIAN_POINT ( 'NONE',  ( 35.49466771488865646, -0.6936622671150788344, -15.06543078857414031 ) ) ;
#7175 = DIRECTION ( 'NONE',  ( -1.415534356397074431E-14, 1.000000000000000000, 0.000000000000000000 ) ) ;
#7176 = CARTESIAN_POINT ( 'NONE',  ( 25.58931128696699631, -24.60772870839618420, -19.93459846099839083 ) ) ;
#7177 = DIRECTION ( 'NONE',  ( -0.000000000000000000, -0.000000000000000000, 1.000000000000000000 ) ) ;
#7178 = ORIENTED_EDGE ( 'NONE', *, *, #1923, .F. ) ;
#7179 = DIRECTION ( 'NONE',  ( 0.3090169943749305204, 0.9510565162951590823, 0.000000000000000000 ) ) ;
#7180 = EDGE_CURVE ( 'NONE', #2077, #7953, #8753, .T. ) ;
#7181 = CARTESIAN_POINT ( 'NONE',  ( 2.030270917882635917, 1.840000000000000080, -44.49999999999998579 ) ) ;
#7182 = ORIENTED_EDGE ( 'NONE', *, *, #673, .T. ) ;
#7183 = CARTESIAN_POINT ( 'NONE',  ( 21.90561283683140914, 25.34580837222862115, -16.84523636480906461 ) ) ;
#7184 = EDGE_CURVE ( 'NONE', #7491, #6600, #1605, .T. ) ;
#7185 = CARTESIAN_POINT ( 'NONE',  ( -23.92529890161323536, 26.22765938684458220, -15.50119477845026594 ) ) ;
#7186 = CARTESIAN_POINT ( 'NONE',  ( 0.6000000000003296030, -21.94158765350280405, -10.50000000000000355 ) ) ;
#7187 = EDGE_LOOP ( 'NONE', ( #2897, #8631, #1609, #7268, #8584, #8120 ) ) ;
#7188 = CARTESIAN_POINT ( 'NONE',  ( -24.74919087279858587, -22.57833364222375749, -19.50000510104706208 ) ) ;
#7189 = CARTESIAN_POINT ( 'NONE',  ( -2.965261369545743708, 3.060551168491845164, -26.79475380348372937 ) ) ;
#7190 = CARTESIAN_POINT ( 'NONE',  ( 1.807075951867817443, 3.550256487455990317, -10.50000000000000178 ) ) ;
#7191 = CARTESIAN_POINT ( 'NONE',  ( -24.56333324283090036, 22.78127799637687900, -15.31632817220722664 ) ) ;
#7192 = CARTESIAN_POINT ( 'NONE',  ( -3.357047764548058755, -2.221845588638500679, -10.50000000000000533 ) ) ;
#7193 = CARTESIAN_POINT ( 'NONE',  ( -0.6002949995755023638, -19.30512372550152733, -10.66707101093762944 ) ) ;
#7194 = VECTOR ( 'NONE', #2394, 1000.000000000000000 ) ;
#7195 = CYLINDRICAL_SURFACE ( 'NONE', #2502, 35.50000000000000711 ) ;
#7196 = CARTESIAN_POINT ( 'NONE',  ( 21.30770147698346051, 22.50089221772508097, -3.733243394663869008 ) ) ;
#7197 = CARTESIAN_POINT ( 'NONE',  ( 2.030270917882635917, 1.840000000000000080, -33.00000000000000000 ) ) ;
#7198 = CIRCLE ( 'NONE', #4519, 6.000000000000000888 ) ;
#7199 = ORIENTED_EDGE ( 'NONE', *, *, #3356, .F. ) ;
#7200 = CARTESIAN_POINT ( 'NONE',  ( 12.03664402938136746, -3.279666356753110357, -13.47936441454046097 ) ) ;
#7201 = CARTESIAN_POINT ( 'NONE',  ( 27.86495337710470466, -9.684749521375396242, -4.500000000000002665 ) ) ;
#7202 = CARTESIAN_POINT ( 'NONE',  ( -1.623465783291655695, 35.46372347118352764, -15.49726176816129808 ) ) ;
#7203 = ORIENTED_EDGE ( 'NONE', *, *, #2886, .T. ) ;
#7204 = DIRECTION ( 'NONE',  ( -0.8090169943749422332, -0.5877852522924802425, 0.000000000000000000 ) ) ;
#7205 = CARTESIAN_POINT ( 'NONE',  ( 7.349940052709704297, 20.88148550512460488, -10.50000000000000533 ) ) ;
#7206 = VECTOR ( 'NONE', #2577, 1000.000000000000000 ) ;
#7207 = ORIENTED_EDGE ( 'NONE', *, *, #4592, .F. ) ;
#7208 = DIRECTION ( 'NONE',  ( 1.000000000000000000, 0.000000000000000000, 0.000000000000000000 ) ) ;
#7209 = CARTESIAN_POINT ( 'NONE',  ( 2.311405410358197354, -35.42492389591338053, -16.23749250284341983 ) ) ;
#7210 = ADVANCED_FACE ( 'NONE', ( #6671 ), #8821, .T. ) ;
#7211 = LINE ( 'NONE', #143, #6217 ) ;
#7212 = ORIENTED_EDGE ( 'NONE', *, *, #1980, .F. ) ;
#7213 = CARTESIAN_POINT ( 'NONE',  ( 0.000000000000000000, 3.950000000000000178, -45.00000000000000000 ) ) ;
#7214 = CARTESIAN_POINT ( 'NONE',  ( 31.50000000000000000, 0.000000000000000000, -35.00000000000000000 ) ) ;
#7215 = CARTESIAN_POINT ( 'NONE',  ( -1.260103349266969985, 33.47769565988321716, -15.31632817220716802 ) ) ;
#7216 = ORIENTED_EDGE ( 'NONE', *, *, #4133, .F. ) ;
#7217 = CARTESIAN_POINT ( 'NONE',  ( 33.47769565988365059, 1.260103349251996185, -15.31632817220720177 ) ) ;
#7218 = VECTOR ( 'NONE', #2060, 1000.000000000000114 ) ;
#7219 = CARTESIAN_POINT ( 'NONE',  ( -18.02646617301202880, 25.83208310054094525, -10.50000000000000355 ) ) ;
#7220 = ADVANCED_FACE ( 'NONE', ( #8127 ), #5267, .T. ) ;
#7221 = EDGE_CURVE ( 'NONE', #5390, #4082, #6715, .T. ) ;
#7222 = CARTESIAN_POINT ( 'NONE',  ( -6.184610980109336076, -1.376062156885622167, -20.52166095010404590 ) ) ;
#7223 = DIRECTION ( 'NONE',  ( 0.000000000000000000, -0.000000000000000000, -1.000000000000000000 ) ) ;
#7224 = ORIENTED_EDGE ( 'NONE', *, *, #4487, .T. ) ;
#7225 = VECTOR ( 'NONE', #5117, 1000.000000000000000 ) ;
#7226 = CIRCLE ( 'NONE', #816, 28.79686653584985123 ) ;
#7227 = DIRECTION ( 'NONE',  ( -0.5877852522924688072, -0.8090169943749505599, -0.000000000000000000 ) ) ;
#7228 = ORIENTED_EDGE ( 'NONE', *, *, #4996, .T. ) ;
#7229 = B_SPLINE_SURFACE_WITH_KNOTS ( 'NONE', 1, 3, ( 
 ( #8067, #7464, #1675, #4511, #1864, #3260, #1064, #7368, #6099, #2553, #6053, #4692, #9072, #506, #4046, #7074, #3345, #7780, #1385, #7738, #643, #6279, #4176, #6882, #600, #2688, #6232, #5626, #5485, #1244, #4875, #4132, #9111, #8982, #7643, #7023 ),
 ( #4826, #2729, #5441, #7690, #6182, #1343, #4086, #6933, #3478, #6323, #9162, #2780, #3527, #1204, #2641, #2595, #4778, #5577, #1296, #1955, #8294, #7600, #1911, #4222, #8482, #8433, #6979, #687, #2098, #4918, #5527, #3431, #8383, #9023, #8341, #4738 ) ),
 .UNSPECIFIED., .F., .T., .F.,
 ( 2, 2 ),
 ( 4, 2, 2, 2, 2, 2, 2, 2, 2, 2, 2, 2, 2, 2, 2, 2, 2, 4 ),
 ( 0.000000000000000000, 1.000000000000000000 ),
 ( 0.000000000000000000, 0.06250000000000000000, 0.1250000000000000000, 0.1875000000000000000, 0.2500000000000000000, 0.3125000000000000000, 0.3750000000000000000, 0.4375000000000000000, 0.5000000000000000000, 0.5625000000000000000, 0.6250000000000000000, 0.6875000000000000000, 0.7500000000000000000, 0.8125000000000000000, 0.8750000000000000000, 0.9375000000000000000, 0.9687500000000000000, 1.000000000000000000 ),
 .UNSPECIFIED. ) ;
#7230 = CARTESIAN_POINT ( 'NONE',  ( -33.46576721928531839, -1.532002922271324064, -15.49726176817138246 ) ) ;
#7231 = ORIENTED_EDGE ( 'NONE', *, *, #717, .T. ) ;
#7232 = CARTESIAN_POINT ( 'NONE',  ( -22.57739473814206477, 24.75004477350121235, -15.50119477845026417 ) ) ;
#7233 = CARTESIAN_POINT ( 'NONE',  ( 23.22137779524155121, 24.14765994686141326, -19.93459846096797605 ) ) ;
#7234 = EDGE_LOOP ( 'NONE', ( #3371, #2914, #5680, #135 ) ) ;
#7235 = PLANE ( 'NONE',  #6621 ) ;
#7236 = DIRECTION ( 'NONE',  ( 0.3090169943749579429, -0.9510565162951502005, 0.000000000000000000 ) ) ;
#7237 = ADVANCED_FACE ( 'NONE', ( #3178 ), #1644, .F. ) ;
#7238 = CARTESIAN_POINT ( 'NONE',  ( 0.5999999999524701089, -20.60914399769377425, -10.50000000000007283 ) ) ;
#7239 = EDGE_CURVE ( 'NONE', #6011, #3774, #3093, .T. ) ;
#7240 = CIRCLE ( 'NONE', #3221, 1.000000000000000000 ) ;
#7241 = CARTESIAN_POINT ( 'NONE',  ( -25.18159475674374903, -22.09418396602318779, -16.24166244697568473 ) ) ;
#7242 = CARTESIAN_POINT ( 'NONE',  ( 23.21341061813478035, 26.85899096161540101, -16.84523636480906461 ) ) ;
#7243 = CARTESIAN_POINT ( 'NONE',  ( -3.788206096910651244, -1.232614777549670082, -30.50000000000000711 ) ) ;
#7244 = CARTESIAN_POINT ( 'NONE',  ( -22.57833364224934769, 24.74919087277556784, -19.50000510108211316 ) ) ;
#7245 = CARTESIAN_POINT ( 'NONE',  ( 0.000000000000000000, 0.000000000000000000, -2.000000000000003553 ) ) ;
#7246 = CARTESIAN_POINT ( 'NONE',  ( -0.6002275832122172528, -16.88894360924554050, -11.29204225328256683 ) ) ;
#7247 = CIRCLE ( 'NONE', #7398, 12.39999999999998970 ) ;
#7248 = CARTESIAN_POINT ( 'NONE',  ( 30.93836800248932306, -5.390769080098713140, -4.356401921130937716 ) ) ;
#7249 = CARTESIAN_POINT ( 'NONE',  ( -13.25113100649835474, 7.758231914844355259, 0.000000000000000000 ) ) ;
#7250 = DIRECTION ( 'NONE',  ( -0.000000000000000000, 0.000000000000000000, -1.000000000000000000 ) ) ;
#7251 = ORIENTED_EDGE ( 'NONE', *, *, #3408, .T. ) ;
#7252 = CARTESIAN_POINT ( 'NONE',  ( 10.14627239075448983, -2.665389813684362341, -15.01757294086689676 ) ) ;
#7253 = CARTESIAN_POINT ( 'NONE',  ( -28.23577377035438474, -8.543481701821994179, 0.000000000000000000 ) ) ;
#7254 = CARTESIAN_POINT ( 'NONE',  ( -4.087689244134280919, -30.87209965515118526, -3.962296814609497453 ) ) ;
#7255 = ORIENTED_EDGE ( 'NONE', *, *, #6356, .T. ) ;
#7256 = B_SPLINE_CURVE_WITH_KNOTS ( 'NONE', 3,
 ( #2700, #4791, #7654, #2745 ),
 .UNSPECIFIED., .F., .F.,
 ( 4, 4 ),
 ( 2.421166979522454866E-07, 0.003696380871774865816 ),
 .UNSPECIFIED. ) ;
#7257 = AXIS2_PLACEMENT_3D ( 'NONE', #3109, #8285, #6129 ) ;
#7258 = CARTESIAN_POINT ( 'NONE',  ( 3.750000000000000000, 14.00000000000000000, -4.500000000000000000 ) ) ;
#7259 = CARTESIAN_POINT ( 'NONE',  ( -1.232614777547426321, 3.788206096911972409, -10.50000000000498979 ) ) ;
#7260 = CARTESIAN_POINT ( 'NONE',  ( -24.13961512405727561, 23.22830714673562369, -15.07870116200531641 ) ) ;
#7261 = CARTESIAN_POINT ( 'NONE',  ( -2.432970570975535818, -33.41176939071145569, -16.84589223768767141 ) ) ;
#7262 = CIRCLE ( 'NONE', #8455, 29.50000000000000000 ) ;
#7263 = CARTESIAN_POINT ( 'NONE',  ( 25.53126775338146359, -12.67956998336439156, -0.1554362787622164399 ) ) ;
#7264 = ORIENTED_EDGE ( 'NONE', *, *, #7475, .T. ) ;
#7265 = CARTESIAN_POINT ( 'NONE',  ( 26.55543454577639295, 23.56096221568376592, -15.96378118965331083 ) ) ;
#7266 = CARTESIAN_POINT ( 'NONE',  ( 2.182618677627184756, 33.42905698873732945, -18.75985287846275540 ) ) ;
#7267 = CARTESIAN_POINT ( 'NONE',  ( -1.552652249529491213, -3.714248269537439917, -30.50000000000000711 ) ) ;
#7268 = ORIENTED_EDGE ( 'NONE', *, *, #7161, .T. ) ;
#7269 = CARTESIAN_POINT ( 'NONE',  ( 33.40676543542022614, 2.497603480177796431, -17.82637605764155353 ) ) ;
#7270 = CARTESIAN_POINT ( 'NONE',  ( 3.898491231073332841, -0.6358192520239684953, -2.000000000000003553 ) ) ;
#7271 = AXIS2_PLACEMENT_3D ( 'NONE', #186, #4585, #5283 ) ;
#7272 = CARTESIAN_POINT ( 'NONE',  ( -4.372647881067294406, -0.7902621140559199509, -25.83612890591731670 ) ) ;
#7273 = AXIS2_PLACEMENT_3D ( 'NONE', #7492, #6780, #2405 ) ;
#7274 = DIRECTION ( 'NONE',  ( -0.000000000000000000, -0.000000000000000000, 1.000000000000000000 ) ) ;
#7275 = ORIENTED_EDGE ( 'NONE', *, *, #7044, .T. ) ;
#7276 = LINE ( 'NONE', #5779, #4993 ) ;
#7277 = ADVANCED_FACE ( 'NONE', ( #939 ), #1454, .T. ) ;
#7278 = CARTESIAN_POINT ( 'NONE',  ( 23.11553767793770575, 24.24758564571929398, -15.12618847594110072 ) ) ;
#7279 = ORIENTED_EDGE ( 'NONE', *, *, #4571, .T. ) ;
#7280 = CONICAL_SURFACE ( 'NONE', #7881, 2.740000000000000213, 0.7853981633974346233 ) ;
#7281 = VERTEX_POINT ( 'NONE', #2391 ) ;
#7282 = DIRECTION ( 'NONE',  ( 0.000000000000000000, 0.000000000000000000, -1.000000000000000000 ) ) ;
#7283 = EDGE_LOOP ( 'NONE', ( #2770, #3591, #4563, #2376 ) ) ;
#7284 = CARTESIAN_POINT ( 'NONE',  ( 13.37198219351148332, 26.18720409446221709, -4.355214366836870354 ) ) ;
#7285 = CARTESIAN_POINT ( 'NONE',  ( -0.5999999999999106048, -5.969924622639730671, -1.599999999999999423 ) ) ;
#7286 = CARTESIAN_POINT ( 'NONE',  ( -24.14622553064173616, -23.22286412990482063, -19.93550015081902060 ) ) ;
#7287 = AXIS2_PLACEMENT_3D ( 'NONE', #4069, #8231, #3937 ) ;
#7288 = CARTESIAN_POINT ( 'NONE',  ( -0.6549803906889856142, 33.49496780572290078, -19.93459846097855959 ) ) ;
#7289 = EDGE_CURVE ( 'NONE', #3198, #4651, #4793, .T. ) ;
#7290 = CARTESIAN_POINT ( 'NONE',  ( -2.780118745848994877, 2.805724208526991781, -29.92900667929453107 ) ) ;
#7291 = EDGE_LOOP ( 'NONE', ( #5509, #8987, #4025, #7231 ) ) ;
#7292 = B_SPLINE_CURVE_WITH_KNOTS ( 'NONE', 3,
 ( #5571, #596, #9108, #1382, #9154, #4218, #4172, #2046, #8428, #639 ),
 .UNSPECIFIED., .F., .F.,
 ( 4, 2, 2, 2, 4 ),
 ( 1.494689781659996184E-16, 0.0004177826574207622033, 0.0008355653148413739193, 0.001253347972261985473, 0.001671130629682597134 ),
 .UNSPECIFIED. ) ;
#7293 = CARTESIAN_POINT ( 'NONE',  ( -2.659988975718830417, -2.965519056002005716, -10.50000000000000533 ) ) ;
#7294 = CARTESIAN_POINT ( 'NONE',  ( -21.85611709943455594, 25.38818909153263093, -17.17385420698250442 ) ) ;
#7295 = CARTESIAN_POINT ( 'NONE',  ( 35.46354829155878008, 1.627064549618649769, -19.49936980913158280 ) ) ;
#7296 = FACE_OUTER_BOUND ( 'NONE', #4781, .T. ) ;
#7297 = CARTESIAN_POINT ( 'NONE',  ( -1.471255112955490718, -3.698638799696270851, -10.50000000000474820 ) ) ;
#7298 = DIRECTION ( 'NONE',  ( 0.000000000000000000, 0.000000000000000000, -1.000000000000000000 ) ) ;
#7299 = ORIENTED_EDGE ( 'NONE', *, *, #8026, .F. ) ;
#7300 = EDGE_LOOP ( 'NONE', ( #3544, #7116, #7420, #8197, #2468, #6963, #1449, #950, #771, #9039 ) ) ;
#7301 = CARTESIAN_POINT ( 'NONE',  ( -35.42478633093630691, 2.313465172489941768, -16.24166244700334616 ) ) ;
#7302 = FACE_OUTER_BOUND ( 'NONE', #633, .T. ) ;
#7303 = DIRECTION ( 'NONE',  ( -0.000000000000000000, -0.000000000000000000, 1.000000000000000000 ) ) ;
#7304 = ORIENTED_EDGE ( 'NONE', *, *, #9158, .T. ) ;
#7305 = EDGE_CURVE ( 'NONE', #1468, #5339, #5472, .T. ) ;
#7306 = CARTESIAN_POINT ( 'NONE',  ( 35.50000000000000000, 0.000000000000000000, -1.500000000000000000 ) ) ;
#7307 = CARTESIAN_POINT ( 'NONE',  ( 6.849593510661267537, -21.05091742460640702, -10.50000000000000533 ) ) ;
#7308 = B_SPLINE_SURFACE_WITH_KNOTS ( 'NONE', 1, 3, ( 
 ( #8459, #1982, #4802, #2163, #2124, #7764, #4112, #1411, #4248, #8506, #6348, #1325, #6959, #2710, #5554, #3553, #8409, #2854, #6398, #2029, #5653, #7102, #4853, #4942, #5603, #4901, #4989, #6301, #1367, #7806, #33, #7852, #1458, #3648, #801, #1690 ),
 ( #4387, #6488, #122, #4440, #167, #8080, #897, #1550, #7294, #3698, #3743, #3091, #2995, #7244, #2898, #3043, #6540, #850, #8041, #212, #2947, #5790, #988, #8639, #6625, #5886, #5835, #2251, #4526, #5038, #7191, #8686, #7898, #2298, #7994, #7337 ) ),
 .UNSPECIFIED., .F., .T., .F.,
 ( 2, 2 ),
 ( 4, 2, 2, 2, 2, 2, 2, 2, 2, 2, 2, 2, 2, 2, 2, 2, 2, 4 ),
 ( 0.000000000000000000, 1.000000000000000000 ),
 ( 0.000000000000000000, 0.06250000000000000000, 0.1250000000000000000, 0.1875000000000000000, 0.2500000000000000000, 0.3125000000000000000, 0.3750000000000000000, 0.4375000000000000000, 0.5000000000000000000, 0.5625000000000000000, 0.6250000000000000000, 0.6875000000000000000, 0.7500000000000000000, 0.8125000000000000000, 0.8750000000000000000, 0.9375000000000000000, 0.9687500000000000000, 1.000000000000000000 ),
 .UNSPECIFIED. ) ;
#7309 = VERTEX_POINT ( 'NONE', #3360 ) ;
#7310 = DIRECTION ( 'NONE',  ( -1.000000000000000000, 0.000000000000000000, 0.000000000000000000 ) ) ;
#7311 = CARTESIAN_POINT ( 'NONE',  ( -19.98760111411231222, 20.42591754671157744, -0.1936872831438092024 ) ) ;
#7312 = ORIENTED_EDGE ( 'NONE', *, *, #5275, .F. ) ;
#7313 = DIRECTION ( 'NONE',  ( 0.3746065934158998023, 0.9271838545667924203, 0.000000000000000000 ) ) ;
#7314 = LINE ( 'NONE', #1665, #9197 ) ;
#7315 = CARTESIAN_POINT ( 'NONE',  ( 6.111436369172275285, -0.4273532616917745663, -2.000000000000003553 ) ) ;
#7316 = EDGE_LOOP ( 'NONE', ( #7680, #5545, #2406, #9086 ) ) ;
#7317 = B_SPLINE_CURVE_WITH_KNOTS ( 'NONE', 3,
 ( #2292, #7143, #7985, #7095 ),
 .UNSPECIFIED., .F., .F.,
 ( 4, 4 ),
 ( 0.004892574646599897985, 0.007897377851248249536 ),
 .UNSPECIFIED. ) ;
#7318 = CARTESIAN_POINT ( 'NONE',  ( 33.40676928008650748, -2.497552057251399393, -17.17385420722779088 ) ) ;
#7319 = CARTESIAN_POINT ( 'NONE',  ( 0.6443920504384776926, -33.49417904839638993, -15.07870116200540522 ) ) ;
#7320 = CARTESIAN_POINT ( 'NONE',  ( 26.02980089910948891, -24.14135429467843252, -15.31632817220725507 ) ) ;
#7321 = DIRECTION ( 'NONE',  ( -0.000000000000000000, -0.000000000000000000, 1.000000000000000000 ) ) ;
#7322 = ORIENTED_EDGE ( 'NONE', *, *, #5179, .F. ) ;
#7323 = CARTESIAN_POINT ( 'NONE',  ( -26.90393752455884879, 23.16091849811204995, -17.82637605769736311 ) ) ;
#7324 = ORIENTED_EDGE ( 'NONE', *, *, #8592, .F. ) ;
#7325 = CARTESIAN_POINT ( 'NONE',  ( -23.68902522759177742, 23.68712907396167466, -19.99992814200971480 ) ) ;
#7326 = ORIENTED_EDGE ( 'NONE', *, *, #4833, .F. ) ;
#7327 = LINE ( 'NONE', #2422, #3957 ) ;
#7328 = ORIENTED_EDGE ( 'NONE', *, *, #6949, .T. ) ;
#7329 = CARTESIAN_POINT ( 'NONE',  ( 23.68807716974986377, -23.68807716974882638, -15.00000000000000000 ) ) ;
#7330 = ORIENTED_EDGE ( 'NONE', *, *, #9142, .T. ) ;
#7331 = DIRECTION ( 'NONE',  ( -0.000000000000000000, -0.000000000000000000, 1.000000000000000000 ) ) ;
#7332 = LINE ( 'NONE', #7285, #6891 ) ;
#7333 = CARTESIAN_POINT ( 'NONE',  ( 0.6001573056614946111, -8.598395725529865530, -17.05931314457582104 ) ) ;
#7334 = CARTESIAN_POINT ( 'NONE',  ( 1.258063798052566185, 33.47773739745090182, -19.68467263745247919 ) ) ;
#7335 = DIRECTION ( 'NONE',  ( 1.000000000000000000, 0.000000000000000000, 0.000000000000000000 ) ) ;
#7336 = CARTESIAN_POINT ( 'NONE',  ( 1.322654360282646824, 3.757716070397849606, -10.49999999999502087 ) ) ;
#7337 = CARTESIAN_POINT ( 'NONE',  ( -23.68807716974935573, 23.68807716974933442, -15.00000000000000178 ) ) ;
#7338 = ADVANCED_FACE ( 'NONE', ( #6249 ), #3404, .F. ) ;
#7339 = EDGE_CURVE ( 'NONE', #3265, #6516, #1879, .T. ) ;
#7340 = CARTESIAN_POINT ( 'NONE',  ( -0.6001216734551736431, -5.327893169535938611, -22.73392215018008500 ) ) ;
#7341 = ADVANCED_FACE ( 'NONE', ( #7038 ), #1927, .F. ) ;
#7342 = CARTESIAN_POINT ( 'NONE',  ( 0.6936622674041689196, 35.49466771488039996, -15.06543078870605612 ) ) ;
#7343 = CARTESIAN_POINT ( 'NONE',  ( -4.146049948680286867, -28.53368852661987631, -3.500000000000001332 ) ) ;
#7344 = DIRECTION ( 'NONE',  ( 0.000000000000000000, 0.000000000000000000, -1.000000000000000000 ) ) ;
#7345 = ADVANCED_FACE ( 'NONE', ( #3315 ), #6557, .T. ) ;
#7346 = VERTEX_POINT ( 'NONE', #836 ) ;
#7347 = CARTESIAN_POINT ( 'NONE',  ( -35.40653470732869579, -2.577814582360839601, -16.84523636506550659 ) ) ;
#7348 = DIRECTION ( 'NONE',  ( 0.5000000000000041078, 0.000000000000000000, 0.8660254037844363761 ) ) ;
#7349 = CARTESIAN_POINT ( 'NONE',  ( -18.67367976851201661, 25.36185489870695875, -2.000000000000003553 ) ) ;
#7350 = EDGE_LOOP ( 'NONE', ( #7649, #7586, #4123, #3468 ) ) ;
#7351 = CARTESIAN_POINT ( 'NONE',  ( -29.76743496498323793, -10.30290326099850340, -10.50000000000000355 ) ) ;
#7352 = FACE_OUTER_BOUND ( 'NONE', #238, .T. ) ;
#7353 = ORIENTED_EDGE ( 'NONE', *, *, #7902, .T. ) ;
#7354 = AXIS2_PLACEMENT_3D ( 'NONE', #3610, #4402, #2964 ) ;
#7355 = CARTESIAN_POINT ( 'NONE',  ( 3.950000000000000178, 0.000000000000000000, -10.44999999999990514 ) ) ;
#7356 = CARTESIAN_POINT ( 'NONE',  ( 1.260925924853421032, -33.47763333078713544, -19.68347431263108049 ) ) ;
#7357 = EDGE_LOOP ( 'NONE', ( #5670, #1259, #3306, #322 ) ) ;
#7358 = CARTESIAN_POINT ( 'NONE',  ( 0.000000000000000000, 0.000000000000000000, -9.500000000000005329 ) ) ;
#7359 = CARTESIAN_POINT ( 'NONE',  ( 28.18203707439163352, -9.787776259978240745, -2.000000000000003553 ) ) ;
#7360 = CARTESIAN_POINT ( 'NONE',  ( 18.65493070836509659, -12.34679865992469416, -10.50000000000000533 ) ) ;
#7361 = ORIENTED_EDGE ( 'NONE', *, *, #4946, .T. ) ;
#7362 = CARTESIAN_POINT ( 'NONE',  ( 35.40119919275874594, 2.646714135710798832, -17.82637605764155353 ) ) ;
#7363 = CARTESIAN_POINT ( 'NONE',  ( 1.536278633088354661, -33.46556029455957315, -19.49867079296896932 ) ) ;
#7364 = VECTOR ( 'NONE', #8243, 1000.000000000000000 ) ;
#7365 = CARTESIAN_POINT ( 'NONE',  ( -17.04663639093386607, 24.48346310334932951, -2.000000000000003553 ) ) ;
#7366 = CARTESIAN_POINT ( 'NONE',  ( -3.857524663892196060, 6.330208175175195073, -4.099999999999999645 ) ) ;
#7367 = ORIENTED_EDGE ( 'NONE', *, *, #8553, .F. ) ;
#7368 = CARTESIAN_POINT ( 'NONE',  ( 23.21309894036584964, -26.85925623098309600, -16.84589223793057400 ) ) ;
#7369 = CONICAL_SURFACE ( 'NONE', #246, 27.83333333333332860, 0.5880026035475688362 ) ;
#7370 = DIRECTION ( 'NONE',  ( -0.000000000000000000, -0.000000000000000000, -1.000000000000000000 ) ) ;
#7371 = ORIENTED_EDGE ( 'NONE', *, *, #9090, .F. ) ;
#7372 =( NAMED_UNIT ( * ) PLANE_ANGLE_UNIT ( ) SI_UNIT ( $, .RADIAN. ) );
#7373 = ORIENTED_EDGE ( 'NONE', *, *, #7065, .F. ) ;
#7374 = CARTESIAN_POINT ( 'NONE',  ( 22.57833364238359408, -24.74919087265478623, -19.50000510122382025 ) ) ;
#7375 = ORIENTED_EDGE ( 'NONE', *, *, #4439, .T. ) ;
#7376 = LINE ( 'NONE', #6012, #7822 ) ;
#7377 = DIRECTION ( 'NONE',  ( 0.000000000000000000, 0.000000000000000000, 1.000000000000000000 ) ) ;
#7378 = CARTESIAN_POINT ( 'NONE',  ( 0.6000009524325823351, -8.849349555199749418, -16.76005393211427474 ) ) ;
#7379 = AXIS2_PLACEMENT_3D ( 'NONE', #6910, #6261, #4761 ) ;
#7380 = B_SPLINE_CURVE_WITH_KNOTS ( 'NONE', 3,
 ( #3156, #8710, #3765, #2321 ),
 .UNSPECIFIED., .F., .F.,
 ( 4, 4 ),
 ( 0.000000000000000000, 1.000000000000000000 ),
 .UNSPECIFIED. ) ;
#7381 = DIRECTION ( 'NONE',  ( -1.000000000000000000, 0.000000000000000000, 0.000000000000000000 ) ) ;
#7382 = CARTESIAN_POINT ( 'NONE',  ( -11.83305791082603697, 15.26552418878671524, -10.66706670852360617 ) ) ;
#7383 = CARTESIAN_POINT ( 'NONE',  ( 2.233532463794365874, 3.257887771728284587, -10.50000000000000178 ) ) ;
#7384 = FACE_OUTER_BOUND ( 'NONE', #3262, .T. ) ;
#7385 = AXIS2_PLACEMENT_3D ( 'NONE', #8977, #463, #8937 ) ;
#7386 = DIRECTION ( 'NONE',  ( -1.000000000000000000, -1.776356839400250465E-15, 0.000000000000000000 ) ) ;
#7387 = CARTESIAN_POINT ( 'NONE',  ( 29.02756728544025933, -5.120406485348512504, -1.463028680158844574 ) ) ;
#7388 = VECTOR ( 'NONE', #1122, 1000.000000000000000 ) ;
#7389 = CARTESIAN_POINT ( 'NONE',  ( 3.129753753909639613, 2.459518978240907483, -30.50000000000000711 ) ) ;
#7390 = LINE ( 'NONE', #6679, #8166 ) ;
#7391 = VERTEX_POINT ( 'NONE', #4237 ) ;
#7392 = EDGE_CURVE ( 'NONE', #595, #1860, #3583, .T. ) ;
#7393 = ORIENTED_EDGE ( 'NONE', *, *, #2485, .F. ) ;
#7394 = CARTESIAN_POINT ( 'NONE',  ( -33.47770288097503766, 1.258879678074056541, -15.31533489725400798 ) ) ;
#7395 = DIRECTION ( 'NONE',  ( -1.000000000000000000, 0.000000000000000000, -0.000000000000000000 ) ) ;
#7396 = CARTESIAN_POINT ( 'NONE',  ( -4.827784193522194123, -31.12816806045140794, -4.499999999999999112 ) ) ;
#7397 = ORIENTED_EDGE ( 'NONE', *, *, #1119, .F. ) ;
#7398 = AXIS2_PLACEMENT_3D ( 'NONE', #6992, #4102, #657 ) ;
#7399 = CARTESIAN_POINT ( 'NONE',  ( 0.000000000000000000, 0.000000000000000000, 0.000000000000000000 ) ) ;
#7400 = CARTESIAN_POINT ( 'NONE',  ( -12.15597749922612181, 7.892699857356057613, -4.500000000000000000 ) ) ;
#7401 = ORIENTED_EDGE ( 'NONE', *, *, #3560, .F. ) ;
#7402 = CARTESIAN_POINT ( 'NONE',  ( -2.183129106523157503, -33.42902372073655926, -16.24166244720775865 ) ) ;
#7403 = FACE_OUTER_BOUND ( 'NONE', #6909, .T. ) ;
#7404 = ADVANCED_FACE ( 'NONE', ( #2847 ), #64, .F. ) ;
#7405 = ORIENTED_EDGE ( 'NONE', *, *, #4302, .T. ) ;
#7406 = CARTESIAN_POINT ( 'NONE',  ( 4.741608189636634663, -2.171520339388676391, -23.13388336664165479 ) ) ;
#7407 = CARTESIAN_POINT ( 'NONE',  ( 1.535027868852682165, 33.46561352133825551, -19.50000510094706385 ) ) ;
#7408 = CIRCLE ( 'NONE', #2484, 9.132863896322508168 ) ;
#7409 = EDGE_CURVE ( 'NONE', #5721, #2366, #6525, .T. ) ;
#7410 = CARTESIAN_POINT ( 'NONE',  ( -4.169392032767270884, -28.19988117235582692, -0.1554362787622172726 ) ) ;
#7411 = B_SPLINE_CURVE_WITH_KNOTS ( 'NONE', 3,
 ( #7365, #3863, #8064, #969 ),
 .UNSPECIFIED., .F., .F.,
 ( 4, 4 ),
 ( 2.403850484238488086E-07, 0.003005043589698027165 ),
 .UNSPECIFIED. ) ;
#7412 = ORIENTED_EDGE ( 'NONE', *, *, #5358, .T. ) ;
#7413 = CARTESIAN_POINT ( 'NONE',  ( 33.47763333078706438, 1.260925924855917479, -19.68347431265409142 ) ) ;
#7414 = CARTESIAN_POINT ( 'NONE',  ( 0.8482685734059319804, -35.49023557169646637, -15.12618847594110960 ) ) ;
#7415 = CARTESIAN_POINT ( 'NONE',  ( -5.248189952635953226, -1.074362950640171954, -9.047310593155172498 ) ) ;
#7416 = CARTESIAN_POINT ( 'NONE',  ( 0.6000000000004364065, -28.93822505404209622, -3.666663488590732989 ) ) ;
#7417 = AXIS2_PLACEMENT_3D ( 'NONE', #6854, #4751, #4708 ) ;
#7418 = CARTESIAN_POINT ( 'NONE',  ( -23.21241824180631141, -26.85984677236031359, -18.15144138431149301 ) ) ;
#7419 = DIRECTION ( 'NONE',  ( -0.000000000000000000, -0.000000000000000000, 1.000000000000000000 ) ) ;
#7420 = ORIENTED_EDGE ( 'NONE', *, *, #942, .F. ) ;
#7421 = ORIENTED_EDGE ( 'NONE', *, *, #587, .T. ) ;
#7422 = CARTESIAN_POINT ( 'NONE',  ( -23.68902522759177742, 23.68712907396167466, -19.99992814200971480 ) ) ;
#7423 = CARTESIAN_POINT ( 'NONE',  ( 22.09456841774186486, -25.18125735307726387, -18.75985287850459216 ) ) ;
#7424 = VERTEX_POINT ( 'NONE', #2239 ) ;
#7425 = LINE ( 'NONE', #4518, #7978 ) ;
#7426 = CARTESIAN_POINT ( 'NONE',  ( 2.780220478896653358, 2.805864232054657403, -10.50000000000000355 ) ) ;
#7427 = CARTESIAN_POINT ( 'NONE',  ( 17.04663639093347882, 24.48346310334958531, -2.000000000000003553 ) ) ;
#7428 = EDGE_CURVE ( 'NONE', #3867, #5998, #659, .T. ) ;
#7429 = CARTESIAN_POINT ( 'NONE',  ( 35.40654375040238477, -2.577646730231287986, -18.15506602305445938 ) ) ;
#7430 = DIRECTION ( 'NONE',  ( -0.000000000000000000, -0.000000000000000000, 1.000000000000000000 ) ) ;
#7431 = CARTESIAN_POINT ( 'NONE',  ( -2.183116565155271971, 33.42902615899050289, -18.75847698617484127 ) ) ;
#7432 = DIRECTION ( 'NONE',  ( 1.000000000000000000, 0.000000000000000000, 0.000000000000000000 ) ) ;
#7433 = DIRECTION ( 'NONE',  ( 0.5877852522924679191, 0.8090169943749512260, 0.000000000000000000 ) ) ;
#7434 = CARTESIAN_POINT ( 'NONE',  ( 3.554204541171650966, 3.871137430896049114, -23.02170602863816384 ) ) ;
#7435 = B_SPLINE_CURVE_WITH_KNOTS ( 'NONE', 3,
 ( #6552, #3709, #4588, #3052 ),
 .UNSPECIFIED., .F., .F.,
 ( 4, 4 ),
 ( 2.310375141319906208E-07, 0.002426261243687846680 ),
 .UNSPECIFIED. ) ;
#7436 = CARTESIAN_POINT ( 'NONE',  ( 18.34406913175531528, 24.22766413079919801, -2.833330587785094057 ) ) ;
#7437 = AXIS2_PLACEMENT_3D ( 'NONE', #1603, #3836, #8736 ) ;
#7438 = CARTESIAN_POINT ( 'NONE',  ( 14.38689279638286855, 28.01737907708860575, -4.492893942089978054 ) ) ;
#7440 = EDGE_CURVE ( 'NONE', #3683, #6173, #5920, .T. ) ;
#7439 = FACE_OUTER_BOUND ( 'NONE', #2647, .T. ) ;
#7441 = CARTESIAN_POINT ( 'NONE',  ( 27.46869363289115640, -4.490580646955256938, -2.000000000000004885 ) ) ;
#7442 = EDGE_LOOP ( 'NONE', ( #1201, #4694, #5064, #3631 ) ) ;
#7443 = CARTESIAN_POINT ( 'NONE',  ( 24.13961512406514487, -23.22830714672744890, -15.07870116200530752 ) ) ;
#7444 = CARTESIAN_POINT ( 'NONE',  ( 25.77370136665095401, -12.74001547198293238, -0.3757584578515180129 ) ) ;
#7445 = ORIENTED_EDGE ( 'NONE', *, *, #3991, .F. ) ;
#7446 = PLANE ( 'NONE',  #2463 ) ;
#7447 = DIRECTION ( 'NONE',  ( -0.5299192642331970182, -0.8480480961564310638, -0.000000000000000000 ) ) ;
#7448 = CARTESIAN_POINT ( 'NONE',  ( 23.68807716974902888, 23.68807716974965416, -15.00000000000000000 ) ) ;
#7449 = ORIENTED_EDGE ( 'NONE', *, *, #5502, .T. ) ;
#7450 = FACE_OUTER_BOUND ( 'NONE', #1246, .T. ) ;
#7451 = CARTESIAN_POINT ( 'NONE',  ( 0.000000000000000000, 0.000000000000000000, -1.599999999999999423 ) ) ;
#7452 = EDGE_LOOP ( 'NONE', ( #1430, #583, #1300, #6212, #8098, #4501, #4698 ) ) ;
#7453 = CARTESIAN_POINT ( 'NONE',  ( 11.59387685601790352, -4.397956280761799341, -2.000000000000003553 ) ) ;
#7454 = CARTESIAN_POINT ( 'NONE',  ( -3.898518869927138031, -0.6356497627011546969, -30.50000000000000711 ) ) ;
#7455 = VERTEX_POINT ( 'NONE', #5075 ) ;
#7456 = CARTESIAN_POINT ( 'NONE',  ( 4.062027618775045035, -1.950219006967401247, -25.55720259287786789 ) ) ;
#7457 = CARTESIAN_POINT ( 'NONE',  ( 7.109000419432099704, -0.4971097354358893217, -3.499999999999999556 ) ) ;
#7458 = CARTESIAN_POINT ( 'NONE',  ( 0.000000000000000000, 0.000000000000000000, -10.44999999999990514 ) ) ;
#7460 = ADVANCED_FACE ( 'NONE', ( #9178 ), #5823, .F. ) ;
#7459 = ORIENTED_EDGE ( 'NONE', *, *, #1309, .F. ) ;
#7461 = CARTESIAN_POINT ( 'NONE',  ( 23.68902522759228191, -23.68712907396117373, -19.99992814200970770 ) ) ;
#7462 = CARTESIAN_POINT ( 'NONE',  ( -20.47409582145266072, 21.20447182506405426, -1.463028680158842798 ) ) ;
#7463 = EDGE_CURVE ( 'NONE', #5217, #4202, #1930, .T. ) ;
#7464 = CARTESIAN_POINT ( 'NONE',  ( 24.85749940513995426, -25.34708205910493106, -15.00037781293155881 ) ) ;
#7465 = CARTESIAN_POINT ( 'NONE',  ( 0.000000000000000000, 0.000000000000000000, -4.500000000000002665 ) ) ;
#7466 = ORIENTED_EDGE ( 'NONE', *, *, #5647, .F. ) ;
#7467 = CARTESIAN_POINT ( 'NONE',  ( 0.000000000000000000, 9.132863896322508168, -4.099999999999999645 ) ) ;
#7468 = CARTESIAN_POINT ( 'NONE',  ( 21.85595376812088375, -25.38832969884735036, -17.82748966721275607 ) ) ;
#7469 = VERTEX_POINT ( 'NONE', #7181 ) ;
#7470 = CARTESIAN_POINT ( 'NONE',  ( 1.994433666984540832, 3.765883410839032219, -26.79477905032366181 ) ) ;
#7471 = ORIENTED_EDGE ( 'NONE', *, *, #1933, .T. ) ;
#7472 = DIRECTION ( 'NONE',  ( -1.000000000000000000, 0.000000000000000000, 0.000000000000000000 ) ) ;
#7473 = CARTESIAN_POINT ( 'NONE',  ( -21.20885184147547164, 22.38032725432733017, -3.499999999999998224 ) ) ;
#7474 = CARTESIAN_POINT ( 'NONE',  ( 33.47770288097093783, -1.258879678217595055, -15.31533489731661035 ) ) ;
#7475 = EDGE_CURVE ( 'NONE', #335, #3114, #7980, .T. ) ;
#7476 = PLANE ( 'NONE',  #5598 ) ;
#7477 = ADVANCED_FACE ( 'NONE', ( #7091 ), #333, .F. ) ;
#7478 = CARTESIAN_POINT ( 'NONE',  ( 2.182618677627184756, 33.42905698873732945, -18.75985287846275540 ) ) ;
#7479 = CARTESIAN_POINT ( 'NONE',  ( -8.985463393856962355, 11.34663401526869286, -12.30641499257762383 ) ) ;
#7480 = CARTESIAN_POINT ( 'NONE',  ( 10.04185244136931487, 19.72864048090745470, -10.50000000000000178 ) ) ;
#7481 = CARTESIAN_POINT ( 'NONE',  ( 9.518922219545414620, 12.08082870550302701, -11.87887057758075926 ) ) ;
#7482 = CARTESIAN_POINT ( 'NONE',  ( -0.5999932251181964160, -4.235161533654730803, -26.69828928326423423 ) ) ;
#7483 = CARTESIAN_POINT ( 'NONE',  ( 3.811524521878041583, 1.147519671785342643, -30.50000000000000711 ) ) ;
#7484 = DIRECTION ( 'NONE',  ( -0.8090169943749420112, -0.5877852522924805756, -0.000000000000000000 ) ) ;
#7485 = ORIENTED_EDGE ( 'NONE', *, *, #6195, .T. ) ;
#7486 = PLANE ( 'NONE',  #3845 ) ;
#7487 = ORIENTED_EDGE ( 'NONE', *, *, #4266, .T. ) ;
#7488 = CARTESIAN_POINT ( 'NONE',  ( -33.41176939070526686, 2.432970571065202314, -16.84589223789211943 ) ) ;
#7489 = CARTESIAN_POINT ( 'NONE',  ( -3.527670837823367656, -1.777087071578255184, -10.44999999999990514 ) ) ;
#7490 = LINE ( 'NONE', #1188, #2894 ) ;
#7491 = VERTEX_POINT ( 'NONE', #5922 ) ;
#7492 = CARTESIAN_POINT ( 'NONE',  ( 0.000000000000000000, 0.000000000000000000, -4.099999999999999645 ) ) ;
#7493 = B_SPLINE_CURVE_WITH_KNOTS ( 'NONE', 1,
 ( #3163, #7325 ),
 .UNSPECIFIED., .F., .F.,
 ( 2, 2 ),
 ( 0.000000000000000000, 1.000000000000000000 ),
 .UNSPECIFIED. ) ;
#7494 = ORIENTED_EDGE ( 'NONE', *, *, #1460, .F. ) ;
#7495 = DIRECTION ( 'NONE',  ( -1.000000000000000000, 0.000000000000000000, 0.000000000000000000 ) ) ;
#7496 = DIRECTION ( 'NONE',  ( -0.000000000000000000, -0.000000000000000000, 1.000000000000000000 ) ) ;
#7497 = ORIENTED_EDGE ( 'NONE', *, *, #5460, .T. ) ;
#7498 = CARTESIAN_POINT ( 'NONE',  ( 15.87666952570234535, -5.789759240657499362, -11.29208073994238504 ) ) ;
#7499 = CARTESIAN_POINT ( 'NONE',  ( 0.000000000000000000, 0.000000000000000000, -4.099999999999999645 ) ) ;
#7500 = CARTESIAN_POINT ( 'NONE',  ( 15.80335850690935118, -15.83362677293579601, -10.50000000000000178 ) ) ;
#7501 = VERTEX_POINT ( 'NONE', #2380 ) ;
#7502 = CARTESIAN_POINT ( 'NONE',  ( 23.22165922880457956, -24.14737896525955207, -15.06543078875061603 ) ) ;
#7503 = VERTEX_POINT ( 'NONE', #976 ) ;
#7504 = DIRECTION ( 'NONE',  ( 0.4890380602820744715, -0.6731031445945259151, -0.5547737668027454827 ) ) ;
#7505 = ADVANCED_FACE ( 'NONE', ( #5213 ), #2420, .F. ) ;
#7506 = CARTESIAN_POINT ( 'NONE',  ( -7.109000419432092599, -0.4971097354359915177, -3.499999999999999556 ) ) ;
#7507 = CARTESIAN_POINT ( 'NONE',  ( -4.751452422870554138, 7.560594947609888372, -16.69013387309182050 ) ) ;
#7508 = ORIENTED_EDGE ( 'NONE', *, *, #3117, .T. ) ;
#7509 = CARTESIAN_POINT ( 'NONE',  ( 11.71526358883832764, -9.234853257745886168, -2.000000000000003553 ) ) ;
#7510 = CARTESIAN_POINT ( 'NONE',  ( 23.68807716974986377, -23.68807716974882638, -15.00000000000000000 ) ) ;
#7511 = EDGE_CURVE ( 'NONE', #4718, #75, #7493, .T. ) ;
#7512 = VERTEX_POINT ( 'NONE', #1777 ) ;
#7513 = CARTESIAN_POINT ( 'NONE',  ( 7.736689404519996316, 11.66953304287448212, -12.55485761260588617 ) ) ;
#7514 = VECTOR ( 'NONE', #4697, 1000.000000000000114 ) ;
#7515 = CARTESIAN_POINT ( 'NONE',  ( -18.99728656626198742, 25.12674079778996017, -4.500000000000002665 ) ) ;
#7516 = CARTESIAN_POINT ( 'NONE',  ( 25.38818909153165748, 21.85611709943569281, -17.17385420701961962 ) ) ;
#7517 = CARTESIAN_POINT ( 'NONE',  ( 33.49500450026067710, -0.6529157158379190751, -19.93549989884338913 ) ) ;
#7518 = AXIS2_PLACEMENT_3D ( 'NONE', #7956, #8146, #1756 ) ;
#7519 = CARTESIAN_POINT ( 'NONE',  ( -18.51982656518780601, 12.54989408095846848, -10.50000000000000533 ) ) ;
#7520 = CARTESIAN_POINT ( 'NONE',  ( -12.75908913207826423, 24.73661433915576779, -2.000000000000004885 ) ) ;
#7521 = CARTESIAN_POINT ( 'NONE',  ( 1.552617487146095820, -3.714262800925263175, -30.50000000000000711 ) ) ;
#7522 = CARTESIAN_POINT ( 'NONE',  ( 4.049736784963982039, 14.35721239031346741, -2.000000000000003553 ) ) ;
#7523 = CARTESIAN_POINT ( 'NONE',  ( 24.85749940513995426, -25.34708205910493106, -15.00037781293155881 ) ) ;
#7524 = EDGE_CURVE ( 'NONE', #1668, #7747, #3588, .T. ) ;
#7525 = EDGE_CURVE ( 'NONE', #2054, #1304, #929, .T. ) ;
#7526 = EDGE_CURVE ( 'NONE', #6550, #7501, #6916, .T. ) ;
#7527 = DIRECTION ( 'NONE',  ( -0.9702957262759982493, 0.2419218955996609854, 0.000000000000000000 ) ) ;
#7528 = VECTOR ( 'NONE', #5727, 1000.000000000000000 ) ;
#7529 = EDGE_CURVE ( 'NONE', #7503, #6604, #1676, .T. ) ;
#7530 = VECTOR ( 'NONE', #5316, 1000.000000000000114 ) ;
#7531 = CARTESIAN_POINT ( 'NONE',  ( -26.90390187311626491, -23.16095991134156762, -17.17385420710221666 ) ) ;
#7532 = CARTESIAN_POINT ( 'NONE',  ( 0.000000000000000000, 0.000000000000000000, 0.000000000000000000 ) ) ;
#7533 = DIRECTION ( 'NONE',  ( 0.000000000000000000, 0.000000000000000000, -1.000000000000000000 ) ) ;
#7534 = ORIENTED_EDGE ( 'NONE', *, *, #5053, .F. ) ;
#7535 = CARTESIAN_POINT ( 'NONE',  ( -33.40676928008648616, 2.497552057251578361, -17.17385420710234811 ) ) ;
#7536 = CARTESIAN_POINT ( 'NONE',  ( -35.49999997156679399, -0.001420829841753978124, -19.99992814200970415 ) ) ;
#7537 = CARTESIAN_POINT ( 'NONE',  ( -14.73106042184978648, 27.08671820823362708, -3.500000000000000000 ) ) ;
#7538 = ORIENTED_EDGE ( 'NONE', *, *, #4530, .T. ) ;
#7539 = CARTESIAN_POINT ( 'NONE',  ( 2.233532463794362322, 3.257887771728281034, -30.50000000000000711 ) ) ;
#7540 = CIRCLE ( 'NONE', #5440, 6.000000000000000888 ) ;
#7541 = CARTESIAN_POINT ( 'NONE',  ( 2.780220478896653358, 2.805864232054657403, -10.50000000000000355 ) ) ;
#7542 = ORIENTED_EDGE ( 'NONE', *, *, #7604, .F. ) ;
#7543 = ORIENTED_EDGE ( 'NONE', *, *, #626, .T. ) ;
#7544 = B_SPLINE_CURVE_WITH_KNOTS ( 'NONE', 3,
 ( #8349, #3488, #6193, #2650, #1353, #4186 ),
 .UNSPECIFIED., .F., .F.,
 ( 4, 2, 4 ),
 ( 0.005212040078796534651, 0.01122120868145100661, 0.01723037728410547337 ),
 .UNSPECIFIED. ) ;
#7545 = DIRECTION ( 'NONE',  ( -0.5877852522924688072, -0.8090169943749505599, -0.000000000000000000 ) ) ;
#7546 = CARTESIAN_POINT ( 'NONE',  ( -25.10229073212245154, 25.10229073212242668, -15.00000000000000178 ) ) ;
#7547 = CIRCLE ( 'NONE', #3074, 11.50000000000000000 ) ;
#7548 = VERTEX_POINT ( 'NONE', #2467 ) ;
#7549 = CARTESIAN_POINT ( 'NONE',  ( -0.5999999999995490052, -29.82729920354470821, -2.000000000000003553 ) ) ;
#7550 = LINE ( 'NONE', #1153, #1618 ) ;
#7551 = CARTESIAN_POINT ( 'NONE',  ( -20.68188555396934447, -7.350829306262686380, -10.50000000000000355 ) ) ;
#7552 = ORIENTED_EDGE ( 'NONE', *, *, #7524, .F. ) ;
#7553 = CARTESIAN_POINT ( 'NONE',  ( -26.49349465711409124, -12.91948009555444798, -1.463028680158842576 ) ) ;
#7554 = CARTESIAN_POINT ( 'NONE',  ( -18.02646617301205723, 25.83208310054093815, -4.500000000000002665 ) ) ;
#7555 = CARTESIAN_POINT ( 'NONE',  ( -23.92531675047015227, -26.22765184820103812, -19.49867079319878016 ) ) ;
#7556 = CIRCLE ( 'NONE', #8295, 35.50000000000001421 ) ;
#7557 = CARTESIAN_POINT ( 'NONE',  ( 21.20885184147515901, 22.38032725432763215, -3.500000000000000444 ) ) ;
#7558 = ORIENTED_EDGE ( 'NONE', *, *, #6437, .T. ) ;
#7559 = CARTESIAN_POINT ( 'NONE',  ( 28.56921055059759595, -4.913778437682442046, -3.733038658339571825 ) ) ;
#7560 = FACE_OUTER_BOUND ( 'NONE', #4505, .T. ) ;
#7561 = ORIENTED_EDGE ( 'NONE', *, *, #4936, .F. ) ;
#7562 = CARTESIAN_POINT ( 'NONE',  ( 3.750000000000000000, 14.00000000000000000, 0.000000000000000000 ) ) ;
#7563 = DIRECTION ( 'NONE',  ( -0.000000000000000000, -0.000000000000000000, 1.000000000000000000 ) ) ;
#7564 = AXIS2_PLACEMENT_3D ( 'NONE', #85, #2259, #7109 ) ;
#7565 = CARTESIAN_POINT ( 'NONE',  ( 33.49496812531745604, -0.6545827027705672929, -15.06543078857414031 ) ) ;
#7566 = EDGE_CURVE ( 'NONE', #3114, #3820, #4513, .T. ) ;
#7567 = DIRECTION ( 'NONE',  ( -0.000000000000000000, -0.000000000000000000, 1.000000000000000000 ) ) ;
#7568 = CYLINDRICAL_SURFACE ( 'NONE', #133, 1.000000000000000000 ) ;
#7569 = CARTESIAN_POINT ( 'NONE',  ( 0.6000000000004752643, -31.49428519588910191, -9.500000000000005329 ) ) ;
#7570 = DIRECTION ( 'NONE',  ( -0.000000000000000000, 0.7071067811865573427, 0.7071067811865376918 ) ) ;
#7571 = LINE ( 'NONE', #1079, #4212 ) ;
#7572 = AXIS2_PLACEMENT_3D ( 'NONE', #986, #5183, #7432 ) ;
#7573 = CARTESIAN_POINT ( 'NONE',  ( -33.47763333078714965, -1.260925924853071312, -19.68347431263111247 ) ) ;
#7574 = EDGE_CURVE ( 'NONE', #965, #5240, #9191, .T. ) ;
#7575 = VECTOR ( 'NONE', #10, 1000.000000000000000 ) ;
#7576 = CIRCLE ( 'NONE', #2776, 33.50000000000000000 ) ;
#7577 = EDGE_CURVE ( 'NONE', #5640, #2769, #1017, .T. ) ;
#7578 = CARTESIAN_POINT ( 'NONE',  ( 1.372029424539126463, 3.736593023392446700, -10.50000000000000533 ) ) ;
#7579 = PLANE ( 'NONE',  #5928 ) ;
#7580 = CARTESIAN_POINT ( 'NONE',  ( 25.18158761285704728, -22.09419455810778388, -18.75847698606482084 ) ) ;
#7581 = ORIENTED_EDGE ( 'NONE', *, *, #2000, .F. ) ;
#7582 = CARTESIAN_POINT ( 'NONE',  ( -25.72777723112184844, -12.72856529898957945, -0.3063886183192817692 ) ) ;
#7583 = CARTESIAN_POINT ( 'NONE',  ( -35.40120507038118092, -2.646635518232877793, -17.16962608726845474 ) ) ;
#7584 = VECTOR ( 'NONE', #780, 1000.000000000000114 ) ;
#7585 = PLANE ( 'NONE',  #5274 ) ;
#7586 = ORIENTED_EDGE ( 'NONE', *, *, #1887, .F. ) ;
#7587 = CARTESIAN_POINT ( 'NONE',  ( 33.50000000000000000, -8.202206241854447415E-15, -15.00000000000000178 ) ) ;
#7588 = CARTESIAN_POINT ( 'NONE',  ( -25.18159475674374903, -22.09418396602318779, -16.24166244697568473 ) ) ;
#7589 = CARTESIAN_POINT ( 'NONE',  ( -23.92529890161323181, 26.22765938684457154, -15.50119477845026417 ) ) ;
#7590 = ORIENTED_EDGE ( 'NONE', *, *, #8978, .F. ) ;
#7591 = B_SPLINE_CURVE_WITH_KNOTS ( 'NONE', 3,
 ( #8397, #4889, #2017, #9124, #5641, #8448, #8536, #6199, #2065, #7037, #8497, #3542, #5687, #6387, #2845, #7611, #4056, #6896, #522, #5496 ),
 .UNSPECIFIED., .F., .F.,
 ( 4, 2, 2, 2, 2, 2, 2, 2, 2, 4 ),
 ( 0.5000000000000000000, 0.5625000000000003331, 0.6250000000000006661, 0.6875000000000009992, 0.7500000000000013323, 0.8125000000000016653, 0.8437500000000015543, 0.8750000000000014433, 0.9375000000000006661, 1.000000000000000000 ),
 .UNSPECIFIED. ) ;
#7592 = ORIENTED_EDGE ( 'NONE', *, *, #2552, .F. ) ;
#7593 = CARTESIAN_POINT ( 'NONE',  ( 8.287991072574357077, -3.323809350149242281, -16.69040280379788399 ) ) ;
#7594 = EDGE_CURVE ( 'NONE', #5095, #6033, #2252, .T. ) ;
#7595 = DIRECTION ( 'NONE',  ( 1.000000000000000000, 0.000000000000000000, 0.000000000000000000 ) ) ;
#7596 = DIRECTION ( 'NONE',  ( 0.000000000000000000, -0.000000000000000000, 1.000000000000000000 ) ) ;
#7597 = ORIENTED_EDGE ( 'NONE', *, *, #6207, .F. ) ;
#7598 = CARTESIAN_POINT ( 'NONE',  ( 22.78274968980793602, -24.56192057523521655, -19.68467263747256979 ) ) ;
#7599 = CARTESIAN_POINT ( 'NONE',  ( 1.232614777542436091, -3.788206096902003495, -10.50000000000000533 ) ) ;
#7600 = CARTESIAN_POINT ( 'NONE',  ( 25.06051675815287538, -22.23228233181946223, -19.03432852962032840 ) ) ;
#7601 = CARTESIAN_POINT ( 'NONE',  ( -5.186231802571907856, 8.159229395365864335, -15.87570929459443470 ) ) ;
#7602 = ORIENTED_EDGE ( 'NONE', *, *, #353, .T. ) ;
#7603 = CARTESIAN_POINT ( 'NONE',  ( -4.570861738557219667, -2.115957622344362576, -23.65447712336264985 ) ) ;
#7604 = EDGE_CURVE ( 'NONE', #5667, #6033, #3100, .T. ) ;
#7605 = CARTESIAN_POINT ( 'NONE',  ( -12.40308291034193111, 8.288151179077566155, 0.000000000000000000 ) ) ;
#7606 = EDGE_LOOP ( 'NONE', ( #5540, #1, #5360, #1142 ) ) ;
#7607 = CARTESIAN_POINT ( 'NONE',  ( 5.164874510936441787, 8.129620868377854137, -15.86798580728062547 ) ) ;
#7608 = FACE_OUTER_BOUND ( 'NONE', #1757, .T. ) ;
#7609 = CARTESIAN_POINT ( 'NONE',  ( 35.50000000000000711, -8.673617379884035472E-15, -15.00000000000000355 ) ) ;
#7610 = CARTESIAN_POINT ( 'NONE',  ( 14.81577286269996740, 27.21968316827560841, -3.735904735502669549 ) ) ;
#7611 = CARTESIAN_POINT ( 'NONE',  ( 1.623465783184723454, -35.46372347118918356, -15.49726176809836531 ) ) ;
#7612 = ORIENTED_EDGE ( 'NONE', *, *, #8834, .F. ) ;
#7613 = CARTESIAN_POINT ( 'NONE',  ( 2.843884560468208367, -2.849331469390596450, -30.50000000000000711 ) ) ;
#7614 = CARTESIAN_POINT ( 'NONE',  ( -35.50001387694788946, 0.3460106596000436241, -19.99991912762038737 ) ) ;
#7615 = CARTESIAN_POINT ( 'NONE',  ( -1.200539366100950911, 22.10467735366389874, -10.50000000000000533 ) ) ;
#7616 = CARTESIAN_POINT ( 'NONE',  ( 25.58779123384059773, 24.60930377958163007, -19.93550015085430616 ) ) ;
#7617 = CARTESIAN_POINT ( 'NONE',  ( -33.44105893781000560, -1.999863741691394692, -19.03432852956215626 ) ) ;
#7618 = ADVANCED_FACE ( 'NONE', ( #6613 ), #4579, .T. ) ;
#7619 = CARTESIAN_POINT ( 'NONE',  ( -25.58779123396362820, -24.60930377945137337, -19.93550015081902060 ) ) ;
#7620 = CARTESIAN_POINT ( 'NONE',  ( 25.05935372629604174, 22.23358406268749832, -15.96378118965331439 ) ) ;
#7621 = VERTEX_POINT ( 'NONE', #4780 ) ;
#7622 = EDGE_CURVE ( 'NONE', #7733, #7953, #9138, .T. ) ;
#7623 = B_SPLINE_SURFACE_WITH_KNOTS ( 'NONE', 1, 3, ( 
 ( #891, #6015, #3780, #8859, #1785, #6666, #5262, #4617, #3918, #3128, #1072, #6753, #8814, #3220, #6062, #206, #8907, #2522, #8218, #4432, #3737, #6577, #7118, #8380, #6277, #6, #1383, #2095, #2825, #8477, #3966, #1117, #729, #6367, #7778, #3568 ),
 ( #7735, #9109, #4915, #1999, #8430, #7071, #2683, #2868, #7516, #2047, #5621, #6409, #5524, #45, #597, #5668, #5713, #8521, #4219, #6802, #551, #7021, #4823, #684, #2726, #5573, #3523, #2137, #7821, #3386, #4957, #1292, #6229, #1428, #6319, #4265 ) ),
 .UNSPECIFIED., .F., .T., .F.,
 ( 2, 2 ),
 ( 4, 2, 2, 2, 2, 2, 2, 2, 2, 2, 2, 2, 2, 2, 2, 2, 2, 4 ),
 ( 0.000000000000000000, 1.000000000000000000 ),
 ( 0.000000000000000000, 0.06250000000000000000, 0.1250000000000000000, 0.1875000000000000000, 0.2500000000000000000, 0.3125000000000000000, 0.3750000000000000000, 0.4375000000000000000, 0.5000000000000000000, 0.5625000000000000000, 0.6250000000000000000, 0.6875000000000000000, 0.7500000000000000000, 0.8125000000000000000, 0.8750000000000000000, 0.9375000000000000000, 0.9687500000000000000, 1.000000000000000000 ),
 .UNSPECIFIED. ) ;
#7624 = CARTESIAN_POINT ( 'NONE',  ( -27.86495337710443110, -9.684749521376197379, -4.500000000000002665 ) ) ;
#7625 = ORIENTED_EDGE ( 'NONE', *, *, #5791, .F. ) ;
#7626 = CARTESIAN_POINT ( 'NONE',  ( 0.6918951143598310871, 35.49470627985209603, -19.93550015080846194 ) ) ;
#7627 = DIRECTION ( 'NONE',  ( 0.3090169943749315196, 0.9510565162951587492, 0.000000000000000000 ) ) ;
#7628 = CARTESIAN_POINT ( 'NONE',  ( 0.6000000000004194201, -27.82686551598012414, -2.000000000000003553 ) ) ;
#7629 = ORIENTED_EDGE ( 'NONE', *, *, #4250, .F. ) ;
#7630 = EDGE_CURVE ( 'NONE', #4471, #4653, #1147, .T. ) ;
#7631 = CARTESIAN_POINT ( 'NONE',  ( 33.46555341489766988, -1.536295572796305464, -15.50119477801072243 ) ) ;
#7632 = CARTESIAN_POINT ( 'NONE',  ( -24.14135429462877624, -26.02980089915639184, -15.31632817220718401 ) ) ;
#7633 = CARTESIAN_POINT ( 'NONE',  ( -24.13961512405727561, 23.22830714673562369, -15.07870116200531641 ) ) ;
#7634 = EDGE_LOOP ( 'NONE', ( #623, #6416, #6436, #1896 ) ) ;
#7635 = CARTESIAN_POINT ( 'NONE',  ( 3.831336187858328746, -1.875753465113505936, -26.76850271971383322 ) ) ;
#7636 = LINE ( 'NONE', #499, #8770 ) ;
#7637 = CARTESIAN_POINT ( 'NONE',  ( 29.08132734715825407, -8.818218713144846177, -2.833330587785094501 ) ) ;
#7638 = ORIENTED_EDGE ( 'NONE', *, *, #4713, .F. ) ;
#7639 = CARTESIAN_POINT ( 'NONE',  ( 21.90531871837340461, -25.34605869684320467, -16.84589223793057400 ) ) ;
#7640 = EDGE_CURVE ( 'NONE', #3913, #7776, #1812, .T. ) ;
#7641 = EDGE_CURVE ( 'NONE', #505, #7128, #6355, .T. ) ;
#7642 = CARTESIAN_POINT ( 'NONE',  ( 3.028144824013742742, 2.588471276120967612, -30.50000000000000711 ) ) ;
#7643 = CARTESIAN_POINT ( 'NONE',  ( 25.22468639561450843, -24.97989506863036269, -14.99981109353421793 ) ) ;
#7644 = CARTESIAN_POINT ( 'NONE',  ( -20.36988856871120745, 20.83978664256975577, -3.962284092018674819 ) ) ;
#7645 = EDGE_LOOP ( 'NONE', ( #3012, #599 ) ) ;
#7646 = CARTESIAN_POINT ( 'NONE',  ( 28.41835030084938651, -4.874266846349597948, -3.500000000002557510 ) ) ;
#7647 = CARTESIAN_POINT ( 'NONE',  ( 3.109991651473940077, 3.260549295395717362, -25.55690204373160057 ) ) ;
#7648 = DIRECTION ( 'NONE',  ( -0.3090169943749446757, -0.9510565162951544194, 0.000000000000000000 ) ) ;
#7649 = ORIENTED_EDGE ( 'NONE', *, *, #5974, .F. ) ;
#7650 = CARTESIAN_POINT ( 'NONE',  ( 7.320709674425125435, 11.09722799940599103, -12.96064691858671480 ) ) ;
#7651 = CARTESIAN_POINT ( 'NONE',  ( 17.04663639093347882, 24.48346310334958531, -2.000000000000003553 ) ) ;
#7652 = CARTESIAN_POINT ( 'NONE',  ( -30.38710934276844711, -5.669697131635428988, -3.617269320720283066 ) ) ;
#7653 = CARTESIAN_POINT ( 'NONE',  ( -1.998722883207607381, 33.44113806923124343, -15.96412339891959853 ) ) ;
#7654 = CARTESIAN_POINT ( 'NONE',  ( -4.051833130600164701, -29.88105179775297060, -2.481296856322390276 ) ) ;
#7655 = DIRECTION ( 'NONE',  ( -0.000000000000000000, -0.000000000000000000, 1.000000000000000000 ) ) ;
#7656 = AXIS2_PLACEMENT_3D ( 'NONE', #4462, #3813, #1624 ) ;
#7657 = CARTESIAN_POINT ( 'NONE',  ( -35.47629800725204774, -1.336205084545791788, -19.68347431263111247 ) ) ;
#7658 = ORIENTED_EDGE ( 'NONE', *, *, #6545, .T. ) ;
#7659 = DIRECTION ( 'NONE',  ( 1.000000000000000000, 0.000000000000000000, 0.000000000000000000 ) ) ;
#7660 = CARTESIAN_POINT ( 'NONE',  ( -13.19812795568698505, 25.25984043447979843, -2.999864845263119140 ) ) ;
#7661 = CARTESIAN_POINT ( 'NONE',  ( 0.5999952162844279790, -4.194646479301740172, -26.93591500531126215 ) ) ;
#7662 = VECTOR ( 'NONE', #5861, 1000.000000000000000 ) ;
#7663 = CARTESIAN_POINT ( 'NONE',  ( 0.8923460542968624232, 3.879205988009964301, -10.49999999999051958 ) ) ;
#7664 = CARTESIAN_POINT ( 'NONE',  ( 1.809374981418587991, 3.511219471439586570, -30.50000000000000711 ) ) ;
#7665 = VERTEX_POINT ( 'NONE', #5014 ) ;
#7666 = FACE_OUTER_BOUND ( 'NONE', #4943, .T. ) ;
#7667 = AXIS2_PLACEMENT_3D ( 'NONE', #8491, #5449, #4746 ) ;
#7668 = VERTEX_POINT ( 'NONE', #690 ) ;
#7669 = DIRECTION ( 'NONE',  ( 0.000000000000000000, -1.000000000000000000, -0.000000000000000000 ) ) ;
#7670 = DIRECTION ( 'NONE',  ( -0.9510565162951587492, 0.3090169943749315196, 0.000000000000000000 ) ) ;
#7671 = DIRECTION ( 'NONE',  ( 0.3090169943749305204, 0.9510565162951590823, -0.000000000000000000 ) ) ;
#7672 = ORIENTED_EDGE ( 'NONE', *, *, #5759, .T. ) ;
#7673 = UNCERTAINTY_MEASURE_WITH_UNIT (LENGTH_MEASURE( 1.000000000000000082E-05 ), #2079, 'distance_accuracy_value', 'NONE');
#7674 = DIRECTION ( 'NONE',  ( 1.000000000000000000, 0.000000000000000000, 0.000000000000000000 ) ) ;
#7675 = VECTOR ( 'NONE', #8395, 1000.000000000000000 ) ;
#7676 = AXIS2_PLACEMENT_3D ( 'NONE', #1369, #1984, #5468 ) ;
#7677 = EDGE_CURVE ( 'NONE', #4311, #159, #645, .T. ) ;
#7678 = CARTESIAN_POINT ( 'NONE',  ( -23.16097824517372317, -26.90388608971096573, -17.16962608725161488 ) ) ;
#7679 = CARTESIAN_POINT ( 'NONE',  ( -26.85984677232515949, 23.21241824184668445, -18.15144138444374633 ) ) ;
#7680 = ORIENTED_EDGE ( 'NONE', *, *, #7960, .F. ) ;
#7681 = CARTESIAN_POINT ( 'NONE',  ( 6.179911061306262887, -1.373965336070697374, -20.47426599171524586 ) ) ;
#7682 = CARTESIAN_POINT ( 'NONE',  ( 6.935589130044517603, 8.525238516387330989, -3.410121845480087455 ) ) ;
#7683 = DIRECTION ( 'NONE',  ( 0.000000000000000000, -0.000000000000000000, -1.000000000000000000 ) ) ;
#7684 = VERTEX_POINT ( 'NONE', #3480 ) ;
#7685 = CARTESIAN_POINT ( 'NONE',  ( -22.23228233180221025, -25.06051675816839719, -19.03432852958535548 ) ) ;
#7686 = AXIS2_PLACEMENT_3D ( 'NONE', #6847, #1210, #4699 ) ;
#7687 = LINE ( 'NONE', #1829, #5252 ) ;
#7688 = FACE_OUTER_BOUND ( 'NONE', #130, .T. ) ;
#7689 = VECTOR ( 'NONE', #5904, 1000.000000000000000 ) ;
#7690 = CARTESIAN_POINT ( 'NONE',  ( 22.78214836877610949, -24.56247308260421391, -15.31533489714015950 ) ) ;
#7691 = ADVANCED_FACE ( 'NONE', ( #3576 ), #7874, .T. ) ;
#7692 = EDGE_CURVE ( 'NONE', #5095, #8856, #7918, .T. ) ;
#7693 = CARTESIAN_POINT ( 'NONE',  ( -2.955883619595451428, 5.091509160186513228, -21.46643827797966253 ) ) ;
#7694 = VERTEX_POINT ( 'NONE', #4920 ) ;
#7695 = DIRECTION ( 'NONE',  ( -0.000000000000000000, -0.000000000000000000, 1.000000000000000000 ) ) ;
#7696 = CARTESIAN_POINT ( 'NONE',  ( 6.157197596078384016, 7.453661746016832623, -15.87572850743514152 ) ) ;
#7697 = CARTESIAN_POINT ( 'NONE',  ( -3.898491231073317298, -0.6358192520240811829, -2.000000000000003553 ) ) ;
#7698 = ORIENTED_EDGE ( 'NONE', *, *, #1765, .F. ) ;
#7699 = CARTESIAN_POINT ( 'NONE',  ( -25.58901353038288207, -24.60802694392193857, -15.06543078878104325 ) ) ;
#7700 = CARTESIAN_POINT ( 'NONE',  ( -5.195179803188493928, -13.53043261734606872, -4.500000000000000000 ) ) ;
#7701 = VECTOR ( 'NONE', #4932, 1000.000000000000000 ) ;
#7702 = CYLINDRICAL_SURFACE ( 'NONE', #527, 35.50000000000000000 ) ;
#7703 = CARTESIAN_POINT ( 'NONE',  ( 0.6529151079170236738, 33.49500451760689401, -19.93550015080845839 ) ) ;
#7704 = CARTESIAN_POINT ( 'NONE',  ( -19.65456138640193373, 19.89294257091423290, -2.168404344971008868E-16 ) ) ;
#7705 = VERTEX_POINT ( 'NONE', #739 ) ;
#7706 = CARTESIAN_POINT ( 'NONE',  ( -35.40653470732869579, -2.577814582360839601, -16.84523636506550659 ) ) ;
#7707 = ORIENTED_EDGE ( 'NONE', *, *, #6356, .F. ) ;
#7708 = CARTESIAN_POINT ( 'NONE',  ( 23.21241824182505553, 26.85984677234399598, -18.15144138427706011 ) ) ;
#7709 = EDGE_CURVE ( 'NONE', #8888, #2828, #2048, .T. ) ;
#7710 = AXIS2_PLACEMENT_3D ( 'NONE', #7894, #8682, #8777 ) ;
#7711 = B_SPLINE_CURVE_WITH_KNOTS ( 'NONE', 3,
 ( #1044, #3718, #5856, #8706, #1175, #1877 ),
 .UNSPECIFIED., .F., .F.,
 ( 4, 2, 4 ),
 ( 0.0009969199348475719404, 0.001494136143689063761, 0.001991352352530555581 ),
 .UNSPECIFIED. ) ;
#7712 = CARTESIAN_POINT ( 'NONE',  ( -33.41180035762004508, -2.432585591805299874, -16.84523636506550659 ) ) ;
#7713 = CARTESIAN_POINT ( 'NONE',  ( 24.60802694395709267, -25.58901353034968196, -15.06543078875061603 ) ) ;
#7714 = TOROIDAL_SURFACE ( 'NONE', #5175, 27.96481624151200762, 1.000000000000000000 ) ;
#7715 = CARTESIAN_POINT ( 'NONE',  ( -25.10229073212194351, -25.10229073212294182, -15.00000000000000355 ) ) ;
#7716 = CARTESIAN_POINT ( 'NONE',  ( 6.160215875535744345, -14.06536084722638336, 0.000000000000000000 ) ) ;
#7717 = CARTESIAN_POINT ( 'NONE',  ( -11.26280726100062601, -9.122043225152552282, -4.500000000000000000 ) ) ;
#7718 = ORIENTED_EDGE ( 'NONE', *, *, #718, .F. ) ;
#7719 = CARTESIAN_POINT ( 'NONE',  ( 0.000000000000000000, 0.000000000000000000, -4.500000000000000000 ) ) ;
#7720 = CARTESIAN_POINT ( 'NONE',  ( 0.000000000000000000, 0.000000000000000000, -45.00000000000000000 ) ) ;
#7721 = ORIENTED_EDGE ( 'NONE', *, *, #835, .F. ) ;
#7722 = VECTOR ( 'NONE', #1843, 1000.000000000000000 ) ;
#7723 = AXIS2_PLACEMENT_3D ( 'NONE', #5838, #8689, #4208 ) ;
#7724 = DIRECTION ( 'NONE',  ( -0.5877852522924688072, -0.8090169943749505599, -0.000000000000000000 ) ) ;
#7725 = CARTESIAN_POINT ( 'NONE',  ( -24.75004477336417708, -22.57739473829437671, -15.50119477820776481 ) ) ;
#7726 = CARTESIAN_POINT ( 'NONE',  ( -25.18031213268490731, 22.09565017598399095, -16.23749250276430089 ) ) ;
#7727 = ORIENTED_EDGE ( 'NONE', *, *, #6945, .F. ) ;
#7728 = CIRCLE ( 'NONE', #5187, 31.50000000000000355 ) ;
#7729 = ORIENTED_EDGE ( 'NONE', *, *, #6949, .F. ) ;
#7730 = CARTESIAN_POINT ( 'NONE',  ( 3.829715048384579656, -1.875227020010700407, -26.77839707331713015 ) ) ;
#7731 = CARTESIAN_POINT ( 'NONE',  ( 16.85066788873168164, 24.21373559993721614, -4.500000000000000000 ) ) ;
#7732 = CARTESIAN_POINT ( 'NONE',  ( -0.001420829841630015218, 35.49999997156679399, -19.99992814200971480 ) ) ;
#7733 = VERTEX_POINT ( 'NONE', #2922 ) ;
#7734 = CARTESIAN_POINT ( 'NONE',  ( -23.45528926195272135, -23.92084648231957189, -19.99993715639902447 ) ) ;
#7735 = CARTESIAN_POINT ( 'NONE',  ( 23.68807716974903244, 23.68807716974965416, -15.00000000000000178 ) ) ;
#7736 = AXIS2_PLACEMENT_3D ( 'NONE', #269, #8090, #1703 ) ;
#7737 = CARTESIAN_POINT ( 'NONE',  ( 2.965519056003376619, -2.659988975726112592, -30.50000000000000711 ) ) ;
#7738 = CARTESIAN_POINT ( 'NONE',  ( 26.03037056866141086, -24.14069121598401324, -19.68347431263111247 ) ) ;
#7739 = CYLINDRICAL_SURFACE ( 'NONE', #863, 33.50000000000000000 ) ;
#7740 = ADVANCED_FACE ( 'NONE', ( #8617 ), #2226, .F. ) ;
#7741 = CARTESIAN_POINT ( 'NONE',  ( -2.116661196731588479, -35.43769088425039371, -19.03685471101641014 ) ) ;
#7742 = EDGE_CURVE ( 'NONE', #3794, #8427, #7211, .T. ) ;
#7743 = VERTEX_POINT ( 'NONE', #3669 ) ;
#7744 = CARTESIAN_POINT ( 'NONE',  ( -14.77957695385421211, -5.433052988840697317, -11.68488289282377757 ) ) ;
#7745 = CARTESIAN_POINT ( 'NONE',  ( 3.677020731635158857, 4.039719675271690846, -22.47201429585893706 ) ) ;
#7746 = FACE_OUTER_BOUND ( 'NONE', #2103, .T. ) ;
#7747 = VERTEX_POINT ( 'NONE', #6511 ) ;
#7748 = PLANE ( 'NONE',  #4691 ) ;
#7749 = CARTESIAN_POINT ( 'NONE',  ( -4.968641499408698259, -31.10566832026525930, -4.500000000000000000 ) ) ;
#7750 = CARTESIAN_POINT ( 'NONE',  ( -9.361059394721639393, -2.410583748874940202, -15.87591499423313834 ) ) ;
#7751 = CARTESIAN_POINT ( 'NONE',  ( -1.336205084551086442, 35.47629800725191274, -19.68347431265096859 ) ) ;
#7752 = CARTESIAN_POINT ( 'NONE',  ( 12.41165508361676295, 18.10395863023692087, -10.50000000000000355 ) ) ;
#7753 = CARTESIAN_POINT ( 'NONE',  ( -35.40650189164288975, 2.578222545457154347, -16.84589223789211943 ) ) ;
#7754 = EDGE_LOOP ( 'NONE', ( #7552, #2384, #4426, #7558 ) ) ;
#7755 = ORIENTED_EDGE ( 'NONE', *, *, #5967, .F. ) ;
#7756 = CARTESIAN_POINT ( 'NONE',  ( 0.000000000000000000, 0.000000000000000000, 0.000000000000000000 ) ) ;
#7757 = CARTESIAN_POINT ( 'NONE',  ( -33.49496780572274446, -0.6549803906942006648, -19.93459846099842991 ) ) ;
#7758 = EDGE_CURVE ( 'NONE', #2686, #7981, #2970, .T. ) ;
#7759 = CARTESIAN_POINT ( 'NONE',  ( 23.16078682890422513, -26.90405087489794766, -17.82748966721275963 ) ) ;
#7760 =( BOUNDED_SURFACE ( )  B_SPLINE_SURFACE ( 2, 3, ( 
 ( #4825, #8431, #7642, #8340, #2638, #9071, #1293, #2684, #1954, #7737, #1384, #7073, #3526, #1242, #8478, #641, #3430, #3343, #4220, #4085, #685, #3475, #6977, #7, #6368, #2096, #4131, #3387, #2727, #5484, #5525, #1341, #6180, #8293 ),
 ( #4777, #6930, #5576, #552, #8382, #1909, #6278, #9110, #4736, #503, #4871, #4174, #7599, #7022, #1203, #6321, #9159, #4916, #4045, #2778, #5622, #7779, #8612, #5151, #773, #731, #7823, #4267, #7259, #2177, #4313, #7120, #4353, #3571 ),
 ( #2222, #7163, #6455, #94, #4403, #3612, #8522, #8565, #8009, #8700, #1429, #2869, #7307, #6410, #5007, #2917, #868, #2966, #2826, #46, #5099, #5714, #7868, #7959, #138, #5806, #5762, #6556, #5054, #1476, #7913, #7205, #1520, #1617 ) ),
 .UNSPECIFIED., .F., .T., .F. ) 
 B_SPLINE_SURFACE_WITH_KNOTS ( ( 3, 3 ),
 ( 4, 2, 2, 2, 2, 2, 2, 2, 2, 2, 2, 2, 2, 2, 2, 2, 4 ),
 ( 0.000000000000000000, 1.000000000000000000 ),
 ( -4.111408706821528369, -3.718709625122804230, -3.326010543424080090, -2.933311461725355951, -2.540612380026631811, -2.147913298327907672, -1.755214216629183532, -1.362515134930459393, -0.9698160532317354754, -0.5771169715330113359, -0.1844178898342872519, 0.2082811918644368598, 0.6009802735631609716, 0.9936793552618850001, 1.386378436960609140, 1.779077518659333279, 2.171776600358057863 ),
 .UNSPECIFIED. ) 
 GEOMETRIC_REPRESENTATION_ITEM ( )  RATIONAL_B_SPLINE_SURFACE ( (
 ( 1.000000000000000000, 1.000000000000000000, 1.000000000000000000, 1.000000000000000000, 1.000000000000000000, 1.000000000000000000, 1.000000000000000000, 1.000000000000000000, 1.000000000000000000, 1.000000000000000000, 1.000000000000000000, 1.000000000000000000, 1.000000000000000000, 1.000000000000000000, 1.000000000000000000, 1.000000000000000000, 1.000000000000000000, 1.000000000000000000, 1.000000000000000000, 1.000000000000000000, 1.000000000000000000, 1.000000000000000000, 1.000000000000000000, 1.000000000000000000, 1.000000000000000000, 1.000000000000000000, 1.000000000000000000, 1.000000000000000000, 1.000000000000000000, 1.000000000000000000, 1.000000000000000000, 1.000000000000000000, 1.000000000000000000, 1.000000000000000000),
 ( 0.7071067811865475727, 0.7071067811865475727, 0.7071067811865476838, 0.7071067811865476838, 0.7071067811865476838, 0.7071067811865476838, 0.7071067811865476838, 0.7071067811865476838, 0.7071067811865476838, 0.7071067811865476838, 0.7071067811865476838, 0.7071067811865476838, 0.7071067811865476838, 0.7071067811865476838, 0.7071067811865476838, 0.7071067811865476838, 0.7071067811865476838, 0.7071067811865476838, 0.7071067811865476838, 0.7071067811865476838, 0.7071067811865476838, 0.7071067811865476838, 0.7071067811865476838, 0.7071067811865476838, 0.7071067811865476838, 0.7071067811865476838, 0.7071067811865476838, 0.7071067811865476838, 0.7071067811865476838, 0.7071067811865476838, 0.7071067811865476838, 0.7071067811865476838, 0.7071067811865475727, 0.7071067811865475727),
 ( 1.000000000000000000, 1.000000000000000000, 1.000000000000000000, 1.000000000000000000, 1.000000000000000000, 1.000000000000000000, 1.000000000000000000, 1.000000000000000000, 1.000000000000000000, 1.000000000000000000, 1.000000000000000000, 1.000000000000000000, 1.000000000000000000, 1.000000000000000000, 1.000000000000000000, 1.000000000000000000, 1.000000000000000000, 1.000000000000000000, 1.000000000000000000, 1.000000000000000000, 1.000000000000000000, 1.000000000000000000, 1.000000000000000000, 1.000000000000000000, 1.000000000000000000, 1.000000000000000000, 1.000000000000000000, 1.000000000000000000, 1.000000000000000000, 1.000000000000000000, 1.000000000000000000, 1.000000000000000000, 1.000000000000000000, 1.000000000000000000) ) ) 
 REPRESENTATION_ITEM ( '' )  SURFACE ( )  );
#7761 = EDGE_CURVE ( 'NONE', #1426, #6550, #5134, .T. ) ;
#7762 = CARTESIAN_POINT ( 'NONE',  ( -24.97989506861932085, -25.22468639562555381, -14.99981109353420727 ) ) ;
#7763 = CARTESIAN_POINT ( 'NONE',  ( 24.74919087280032670, 22.57833364222183548, -19.50000510105720508 ) ) ;
#7764 = CARTESIAN_POINT ( 'NONE',  ( -23.56096221571575455, 26.55543454574761597, -15.96378118959905201 ) ) ;
#7765 = ORIENTED_EDGE ( 'NONE', *, *, #673, .F. ) ;
#7766 = DIRECTION ( 'NONE',  ( 1.526556658859590243E-14, -1.000000000000000000, 0.000000000000000000 ) ) ;
#7767 = CARTESIAN_POINT ( 'NONE',  ( 3.717211357573883213, 1.545544317151349656, -30.50000000000000711 ) ) ;
#7768 = ORIENTED_EDGE ( 'NONE', *, *, #3453, .T. ) ;
#7769 = CARTESIAN_POINT ( 'NONE',  ( 33.42905698874938025, -2.182618677452595524, -18.75985287883610297 ) ) ;
#7770 = DIRECTION ( 'NONE',  ( 0.000000000000000000, -0.000000000000000000, 1.000000000000000000 ) ) ;
#7771 = CARTESIAN_POINT ( 'NONE',  ( -23.22165922880382993, 24.14737896526027683, -15.06543078874496011 ) ) ;
#7772 = ORIENTED_EDGE ( 'NONE', *, *, #5627, .F. ) ;
#7773 = CARTESIAN_POINT ( 'NONE',  ( 3.898518870446026519, -0.6356497595187470262, -30.50000000000000711 ) ) ;
#7774 = CARTESIAN_POINT ( 'NONE',  ( 35.42480614239341463, -2.313166067720515695, -18.75958077198946938 ) ) ;
#7775 = CARTESIAN_POINT ( 'NONE',  ( -1.994403662700601432, 35.44414881087892155, -15.84740799123002297 ) ) ;
#7776 = VERTEX_POINT ( 'NONE', #2273 ) ;
#7777 = CARTESIAN_POINT ( 'NONE',  ( -11.47334169323851327, -10.20514898402205084, -2.000000000000003553 ) ) ;
#7778 = CARTESIAN_POINT ( 'NONE',  ( 24.97989506862256093, 25.22468639562231374, -14.99981109353420905 ) ) ;
#7779 = CARTESIAN_POINT ( 'NONE',  ( -3.977834876854215995, -0.2160423916197286576, -10.50000000000000533 ) ) ;
#7780 = CARTESIAN_POINT ( 'NONE',  ( 25.34895672006382483, -24.85560503879190009, -19.99993715639902092 ) ) ;
#7781 = CARTESIAN_POINT ( 'NONE',  ( -2.116661196731588923, -35.43769088425040081, -19.03685471101641014 ) ) ;
#7782 = CARTESIAN_POINT ( 'NONE',  ( -2.646659642758651287, -35.40120326695736708, -17.17385420672569296 ) ) ;
#7783 = VERTEX_POINT ( 'NONE', #1752 ) ;
#7784 = CARTESIAN_POINT ( 'NONE',  ( 5.863145910777382674, -1.274174253755927300, -1.599999999999999423 ) ) ;
#7785 = CARTESIAN_POINT ( 'NONE',  ( 26.65033197366691553, -8.028340434846487739, -2.000000000000003553 ) ) ;
#7786 = CARTESIAN_POINT ( 'NONE',  ( 3.717212426091817346, 1.545542298084385813, -10.50000000000749623 ) ) ;
#7787 = ORIENTED_EDGE ( 'NONE', *, *, #4608, .T. ) ;
#7788 = CARTESIAN_POINT ( 'NONE',  ( -25.34708205912718171, -24.85749940511770006, -15.00037781293159433 ) ) ;
#7789 = CARTESIAN_POINT ( 'NONE',  ( 27.86495337710470821, -9.684749521375398018, -9.500000000000005329 ) ) ;
#7790 = CARTESIAN_POINT ( 'NONE',  ( -31.11864321197791483, -4.886721257205135949, -4.500000000000000000 ) ) ;
#7791 = CARTESIAN_POINT ( 'NONE',  ( 1.998120891322095138, 33.44115701281780417, -15.96378118977798799 ) ) ;
#7792 = VERTEX_POINT ( 'NONE', #2443 ) ;
#7793 = DIRECTION ( 'NONE',  ( 0.000000000000000000, 0.000000000000000000, -1.000000000000000000 ) ) ;
#7794 = ADVANCED_FACE ( 'NONE', ( #8662 ), #5327, .F. ) ;
#7795 = CARTESIAN_POINT ( 'NONE',  ( -33.50000000000000000, -1.000447554660999216E-13, -14.99999999999999822 ) ) ;
#7796 = VERTEX_POINT ( 'NONE', #5105 ) ;
#7797 = DIRECTION ( 'NONE',  ( 0.000000000000000000, 0.000000000000000000, -1.000000000000000000 ) ) ;
#7798 = CARTESIAN_POINT ( 'NONE',  ( -0.5999999999995230260, -31.49428519588912678, -4.500000000000002665 ) ) ;
#7799 = CARTESIAN_POINT ( 'NONE',  ( -4.217497159606111268, -27.51194580819681690, -2.000000000000002665 ) ) ;
#7800 = VECTOR ( 'NONE', #5006, 1000.000000000000114 ) ;
#7801 = EDGE_CURVE ( 'NONE', #7111, #471, #8158, .T. ) ;
#7802 = CARTESIAN_POINT ( 'NONE',  ( -23.22830714676237918, -24.13961512403153620, -15.07870116200536970 ) ) ;
#7803 = EDGE_CURVE ( 'NONE', #2769, #6041, #7711, .T. ) ;
#7804 = CARTESIAN_POINT ( 'NONE',  ( -5.658980083150791707, 6.768119011231539695, -16.81639442346723712 ) ) ;
#7805 = EDGE_CURVE ( 'NONE', #8329, #5712, #2566, .T. ) ;
#7806 = CARTESIAN_POINT ( 'NONE',  ( -26.22460301702783880, 23.92867568816454593, -15.49726176820533929 ) ) ;
#7807 = ORIENTED_EDGE ( 'NONE', *, *, #7440, .T. ) ;
#7808 = ADVANCED_FACE ( 'NONE', ( #3313 ), #4289, .T. ) ;
#7809 = CARTESIAN_POINT ( 'NONE',  ( -4.146049948680286867, -28.53368852661987631, -3.500000000000001332 ) ) ;
#7810 = DIRECTION ( 'NONE',  ( -1.000000000000000000, 0.000000000000000000, -0.000000000000000000 ) ) ;
#7811 = AXIS2_PLACEMENT_3D ( 'NONE', #461, #9106, #3426 ) ;
#7812 = LINE ( 'NONE', #3653, #3101 ) ;
#7813 = CIRCLE ( 'NONE', #3196, 3.240000000000001101 ) ;
#7814 = LINE ( 'NONE', #1509, #5149 ) ;
#7815 = CARTESIAN_POINT ( 'NONE',  ( -22.09418396602605483, 25.18159475674125147, -16.24166244695344830 ) ) ;
#7816 = EDGE_LOOP ( 'NONE', ( #3732, #5781, #7279, #2419, #2901 ) ) ;
#7817 = CARTESIAN_POINT ( 'NONE',  ( 8.586808871588461400, -2.159143200260354778, -16.77711275342952746 ) ) ;
#7818 = DIRECTION ( 'NONE',  ( -1.000000000000000000, 0.000000000000000000, 0.000000000000000000 ) ) ;
#7819 = CARTESIAN_POINT ( 'NONE',  ( -13.50223616574316310, 25.65417478788744532, -3.735678521575905187 ) ) ;
#7820 = VERTEX_POINT ( 'NONE', #6110 ) ;
#7821 = CARTESIAN_POINT ( 'NONE',  ( 22.23314499488818896, 25.05976600380664010, -15.96412339893792165 ) ) ;
#7822 = VECTOR ( 'NONE', #7984, 1000.000000000000000 ) ;
#7823 = CARTESIAN_POINT ( 'NONE',  ( -2.588471276111623087, 3.028144824014163294, -10.50000000000000533 ) ) ;
#7824 = DIRECTION ( 'NONE',  ( 1.000000000000000000, 0.000000000000000000, 0.000000000000000000 ) ) ;
#7825 = CARTESIAN_POINT ( 'NONE',  ( -0.3460106594850335671, -35.50001387694788235, -19.99991912760877000 ) ) ;
#7826 = DIRECTION ( 'NONE',  ( -0.7660444431189793457, -0.6427876096865379196, 0.000000000000000000 ) ) ;
#7827 = STYLED_ITEM ( 'NONE', ( #8677 ), #3641 ) ;
#7828 = CARTESIAN_POINT ( 'NONE',  ( -0.3461872145389483513, -35.50000000000001421, -15.00037781293152861 ) ) ;
#7829 = EDGE_LOOP ( 'NONE', ( #6428, #7612, #4817, #5091 ) ) ;
#7830 = CARTESIAN_POINT ( 'NONE',  ( -12.71066150777823367, -4.760973384885176074, -12.79418910051325042 ) ) ;
#7831 = CARTESIAN_POINT ( 'NONE',  ( 21.21312323211991213, 20.50008299346357177, -4.500000000000002665 ) ) ;
#7832 = CARTESIAN_POINT ( 'NONE',  ( -3.717197960905462395, 1.545577088070808625, -30.50000000000000711 ) ) ;
#7833 = ORIENTED_EDGE ( 'NONE', *, *, #111, .F. ) ;
#7834 = CARTESIAN_POINT ( 'NONE',  ( 8.763740682599225451, 13.08303520125030772, -11.68480425429752145 ) ) ;
#7835 = CARTESIAN_POINT ( 'NONE',  ( 2.240981927637973214, -2.339999999999999858, -45.00000000000000000 ) ) ;
#7836 = CARTESIAN_POINT ( 'NONE',  ( -19.78396647306298206, -5.797323042166920182, -10.49999999999979750 ) ) ;
#7837 = CIRCLE ( 'NONE', #4986, 29.50000000000000355 ) ;
#7838 = CARTESIAN_POINT ( 'NONE',  ( -0.6443920504757619794, 33.49417904839567228, -15.07870116200535904 ) ) ;
#7839 = VERTEX_POINT ( 'NONE', #8434 ) ;
#7840 = PLANE ( 'NONE',  #2459 ) ;
#7841 = CARTESIAN_POINT ( 'NONE',  ( -33.42902615899095053, -2.183116565148779387, -18.75847698620240678 ) ) ;
#7842 = VERTEX_POINT ( 'NONE', #8262 ) ;
#7843 = VERTEX_POINT ( 'NONE', #8951 ) ;
#7844 = LINE ( 'NONE', #3636, #7072 ) ;
#7845 = CIRCLE ( 'NONE', #2475, 9.132863896322508168 ) ;
#7846 = CARTESIAN_POINT ( 'NONE',  ( 1.532002922160231595, -33.46576721929118037, -15.49726176809836531 ) ) ;
#7847 = CARTESIAN_POINT ( 'NONE',  ( 0.5999897845351779280, -5.104509006680642891, -23.34755306686319187 ) ) ;
#7848 = ADVANCED_FACE ( 'NONE', ( #2051 ), #7568, .F. ) ;
#7849 = CARTESIAN_POINT ( 'NONE',  ( -22.78127799633983130, -24.56333324286589104, -15.31632817220718401 ) ) ;
#7850 = CARTESIAN_POINT ( 'NONE',  ( -3.372065100232038759, 3.620755934694310341, -23.93020299881952440 ) ) ;
#7851 = VECTOR ( 'NONE', #7223, 1000.000000000000000 ) ;
#7852 = CARTESIAN_POINT ( 'NONE',  ( -25.69520269921368083, 24.49556977809337965, -15.12618847594104921 ) ) ;
#7853 = ADVANCED_FACE ( 'NONE', ( #688, #1833, #7075, #6373 ), #7739, .T. ) ;
#7854 = EDGE_CURVE ( 'NONE', #5857, #6952, #4016, .T. ) ;
#7855 = CARTESIAN_POINT ( 'NONE',  ( 4.025651639369765888, 0.02227984727549828931, -30.50000000000000711 ) ) ;
#7856 = DIRECTION ( 'NONE',  ( 0.000000000000000000, 0.000000000000000000, -1.000000000000000000 ) ) ;
#7857 = ADVANCED_FACE ( 'NONE', ( #5407 ), #1317, .T. ) ;
#7858 = AXIS2_PLACEMENT_3D ( 'NONE', #1714, #5385, #4037 ) ;
#7859 = PLANE ( 'NONE',  #1920 ) ;
#7860 = CARTESIAN_POINT ( 'NONE',  ( 21.74518933081712291, 22.57907655321457696, -4.271157366989791093 ) ) ;
#7861 = DIRECTION ( 'NONE',  ( 0.8090169943749507819, -0.5877852522924685852, 0.000000000000000000 ) ) ;
#7862 = ORIENTED_EDGE ( 'NONE', *, *, #3408, .F. ) ;
#7863 = CARTESIAN_POINT ( 'NONE',  ( -35.46372347118295920, -1.623465783302447951, -15.49726176817138246 ) ) ;
#7864 = CARTESIAN_POINT ( 'NONE',  ( 35.49010825081105480, -0.8532178209286347403, -19.87248171794038498 ) ) ;
#7865 = DIRECTION ( 'NONE',  ( -0.9510565162951500895, -0.3090169943749582759, 0.000000000000000000 ) ) ;
#7866 = ORIENTED_EDGE ( 'NONE', *, *, #7428, .F. ) ;
#7867 = DIRECTION ( 'NONE',  ( -0.9510565162951587492, 0.3090169943749315196, -0.000000000000000000 ) ) ;
#7868 = CARTESIAN_POINT ( 'NONE',  ( -22.06973770414948532, 1.727638083947380832, -10.50000000000000533 ) ) ;
#7869 = VERTEX_POINT ( 'NONE', #7520 ) ;
#7870 = VECTOR ( 'NONE', #2489, 999.9999999999998863 ) ;
#7871 = DIRECTION ( 'NONE',  ( -0.000000000000000000, -0.000000000000000000, 1.000000000000000000 ) ) ;
#7872 = DIRECTION ( 'NONE',  ( 0.8480480961564309528, -0.5299192642331970182, 0.000000000000000000 ) ) ;
#7873 = EDGE_CURVE ( 'NONE', #5827, #8581, #6073, .T. ) ;
#7874 = PLANE ( 'NONE',  #287 ) ;
#7875 = ORIENTED_EDGE ( 'NONE', *, *, #4120, .T. ) ;
#7876 = CARTESIAN_POINT ( 'NONE',  ( -11.66711579353643735, -4.422152033927904569, -13.47935813304468056 ) ) ;
#7877 = CARTESIAN_POINT ( 'NONE',  ( -2.669581395823287906, 6.607445816926925453, -4.500000000000000000 ) ) ;
#7878 = DIRECTION ( 'NONE',  ( 1.000000000000000000, 0.000000000000000000, 0.000000000000000000 ) ) ;
#7879 = ORIENTED_EDGE ( 'NONE', *, *, #5550, .F. ) ;
#7880 = CARTESIAN_POINT ( 'NONE',  ( 12.41165508361676295, 18.10395863023692087, -10.50000000000000355 ) ) ;
#7881 = AXIS2_PLACEMENT_3D ( 'NONE', #2865, #2772, #2822 ) ;
#7882 = PLANE ( 'NONE',  #1555 ) ;
#7883 = CARTESIAN_POINT ( 'NONE',  ( -4.297684797688758884, -0.7657198433460609133, -26.22031541757122852 ) ) ;
#7884 = CARTESIAN_POINT ( 'NONE',  ( 0.000000000000000000, 0.000000000000000000, -4.099999999999999645 ) ) ;
#7885 = VERTEX_POINT ( 'NONE', #9112 ) ;
#7886 = DIRECTION ( 'NONE',  ( -0.5740716841873674259, 0.000000000000000000, 0.8188050448148689320 ) ) ;
#7887 = ORIENTED_EDGE ( 'NONE', *, *, #3864, .T. ) ;
#7888 = ADVANCED_FACE ( 'NONE', ( #2730 ), #5138, .T. ) ;
#7889 = CARTESIAN_POINT ( 'NONE',  ( -33.46561352134852285, 1.535027868658110917, -19.50000510109366303 ) ) ;
#7890 = ORIENTED_EDGE ( 'NONE', *, *, #6710, .T. ) ;
#7891 = EDGE_LOOP ( 'NONE', ( #6680, #3008, #2245, #3097, #8562, #2590 ) ) ;
#7892 = CARTESIAN_POINT ( 'NONE',  ( 22.78065227424447770, 24.56387081830859387, -19.68347431266159120 ) ) ;
#7893 = CARTESIAN_POINT ( 'NONE',  ( -3.898491231073317298, -0.6358192520240811829, -10.50000000000000355 ) ) ;
#7894 = CARTESIAN_POINT ( 'NONE',  ( 0.000000000000000000, 0.000000000000000000, 0.000000000000000000 ) ) ;
#7895 = CARTESIAN_POINT ( 'NONE',  ( -23.68807716974887612, -23.68807716974981403, -15.00000000000000355 ) ) ;
#7896 = FACE_OUTER_BOUND ( 'NONE', #7969, .T. ) ;
#7897 = CARTESIAN_POINT ( 'NONE',  ( 1.721848647829335555, -3.592364382474607432, -30.50000000000000711 ) ) ;
#7898 = CARTESIAN_POINT ( 'NONE',  ( -24.13961512405727561, 23.22830714673562369, -15.07870116200531641 ) ) ;
#7899 = CARTESIAN_POINT ( 'NONE',  ( 3.357041758688022792, -2.221854663020187193, -10.50000000000000533 ) ) ;
#7900 = CARTESIAN_POINT ( 'NONE',  ( -0.6001250599009245734, -9.649116836332090941, -15.87573214824925394 ) ) ;
#7901 = CARTESIAN_POINT ( 'NONE',  ( -8.852515235321106957, -2.245479226614860657, -4.099999999999998757 ) ) ;
#7902 = EDGE_CURVE ( 'NONE', #2828, #8092, #1034, .T. ) ;
#7903 = EDGE_CURVE ( 'NONE', #4830, #7694, #5698, .T. ) ;
#7904 = CARTESIAN_POINT ( 'NONE',  ( 0.000000000000000000, 0.000000000000000000, -2.000000000000003553 ) ) ;
#7905 = CARTESIAN_POINT ( 'NONE',  ( 0.000000000000000000, 0.000000000000000000, -4.099999999999998757 ) ) ;
#7906 = VERTEX_POINT ( 'NONE', #5058 ) ;
#7907 = CARTESIAN_POINT ( 'NONE',  ( 14.14779197207358941, -3.966018727242790920, -12.19647569261792874 ) ) ;
#7908 = ADVANCED_FACE ( 'NONE', ( #1480 ), #3062, .F. ) ;
#7909 = PLANE ( 'NONE',  #1026 ) ;
#7910 = DIRECTION ( 'NONE',  ( 0.9510565162951500895, 0.3090169943749578874, 0.000000000000000000 ) ) ;
#7911 = ORIENTED_EDGE ( 'NONE', *, *, #136, .T. ) ;
#7912 = DIRECTION ( 'NONE',  ( -0.3090169943749588866, 0.9510565162951498674, 0.000000000000000000 ) ) ;
#7913 = CARTESIAN_POINT ( 'NONE',  ( 1.727638083947385939, 22.06973770414948532, -10.50000000000000533 ) ) ;
#7914 = VERTEX_POINT ( 'NONE', #4316 ) ;
#7915 = CARTESIAN_POINT ( 'NONE',  ( -0.001340783089988905339, 33.49999997316866285, -19.99992814200971480 ) ) ;
#7916 = CARTESIAN_POINT ( 'NONE',  ( -2.432427195885665139, -33.41180889124191822, -18.15506602341434927 ) ) ;
#7917 = ADVANCED_FACE ( 'NONE', ( #7167 ), #3388, .T. ) ;
#7918 = LINE ( 'NONE', #4964, #4873 ) ;
#7919 = ORIENTED_EDGE ( 'NONE', *, *, #4302, .F. ) ;
#7920 = CARTESIAN_POINT ( 'NONE',  ( 13.83980755053426215, 26.02456439693344237, -1.463028680158843686 ) ) ;
#7921 = CARTESIAN_POINT ( 'NONE',  ( 20.77612288703300081, 20.80860342088030279, -4.356895280068777687 ) ) ;
#7922 = CARTESIAN_POINT ( 'NONE',  ( -3.332725053872117815, 2.258409185412539877, -30.50000000000000711 ) ) ;
#7923 = EDGE_LOOP ( 'NONE', ( #6738, #2836, #3143, #5106, #7534, #8845, #57, #5398, #3034 ) ) ;
#7924 = CARTESIAN_POINT ( 'NONE',  ( 35.50000000000000711, 0.1730936073008033371, -14.99981109353420727 ) ) ;
#7925 = ADVANCED_FACE ( 'NONE', ( #6818 ), #4670, .F. ) ;
#7926 = CARTESIAN_POINT ( 'NONE',  ( 1.336205084546162825, -35.47629800725203353, -19.68347431263108049 ) ) ;
#7927 = CARTESIAN_POINT ( 'NONE',  ( -8.640776618518261287, -2.176681009701816549, -16.71073037686576512 ) ) ;
#7928 = CARTESIAN_POINT ( 'NONE',  ( -11.71526358883819086, -9.234853257746054922, -2.000000000000003553 ) ) ;
#7929 = ORIENTED_EDGE ( 'NONE', *, *, #4354, .F. ) ;
#7930 = EDGE_CURVE ( 'NONE', #840, #5592, #8916, .T. ) ;
#7931 = CARTESIAN_POINT ( 'NONE',  ( -25.34895672001970723, 24.85560503883603189, -19.99993715641066316 ) ) ;
#7932 = EDGE_LOOP ( 'NONE', ( #3822, #8667, #1422, #1464, #2879, #8463, #9053, #2132, #5522 ) ) ;
#7933 = CARTESIAN_POINT ( 'NONE',  ( 35.49999998547622937, 0.0007104085850295147877, -19.99992795037453774 ) ) ;
#7934 = B_SPLINE_CURVE_WITH_KNOTS ( 'NONE', 3,
 ( #3898, #1196, #5997, #7454 ),
 .UNSPECIFIED., .F., .F.,
 ( 4, 4 ),
 ( 0.000000000000000000, 1.000000000000000000 ),
 .UNSPECIFIED. ) ;
#7935 = ORIENTED_EDGE ( 'NONE', *, *, #5121, .T. ) ;
#7936 = DIRECTION ( 'NONE',  ( 1.000000000000000000, 0.000000000000000000, 0.000000000000000000 ) ) ;
#7937 = CARTESIAN_POINT ( 'NONE',  ( 24.97989506862256093, 25.22468639562231374, -14.99981109353420905 ) ) ;
#7938 = CARTESIAN_POINT ( 'NONE',  ( 0.000000000000000000, 0.000000000000000000, -35.00000000000000000 ) ) ;
#7939 = CARTESIAN_POINT ( 'NONE',  ( -23.56096221571575455, 26.55543454574761952, -15.96378118959904846 ) ) ;
#7940 = CARTESIAN_POINT ( 'NONE',  ( 0.6000001919292412556, -8.858913404533423019, -16.74884879811813221 ) ) ;
#7941 = CARTESIAN_POINT ( 'NONE',  ( -25.38818909153225079, -21.85611709943500003, -17.17385420710221666 ) ) ;
#7942 = CARTESIAN_POINT ( 'NONE',  ( 25.81973904263838193, -12.75149395379241568, -0.4452998037747720739 ) ) ;
#7943 = ORIENTED_EDGE ( 'NONE', *, *, #7409, .T. ) ;
#7944 = CARTESIAN_POINT ( 'NONE',  ( -3.550256487452557064, 1.807075951863530872, -30.50000000000000711 ) ) ;
#7945 = FACE_OUTER_BOUND ( 'NONE', #809, .T. ) ;
#7946 = CARTESIAN_POINT ( 'NONE',  ( -11.26280726100062601, -9.122043225152552282, -4.500000000000000000 ) ) ;
#7947 = CARTESIAN_POINT ( 'NONE',  ( -0.6000369007930003162, -15.36867489786529184, -11.87887613944692866 ) ) ;
#7948 = AXIS2_PLACEMENT_3D ( 'NONE', #7893, #7236, #6533 ) ;
#7949 = LINE ( 'NONE', #3602, #409 ) ;
#7950 = CARTESIAN_POINT ( 'NONE',  ( -4.140486265555448853, -28.61325290210206518, -3.616906243914456809 ) ) ;
#7951 = CYLINDRICAL_SURFACE ( 'NONE', #8303, 35.50000000000000711 ) ;
#7952 = AXIS2_PLACEMENT_3D ( 'NONE', #91, #6637, #7204 ) ;
#7953 = VERTEX_POINT ( 'NONE', #8228 ) ;
#7954 = CARTESIAN_POINT ( 'NONE',  ( 16.22608183315844954, -4.641000125734734638, -11.26024014817391716 ) ) ;
#7955 = LINE ( 'NONE', #7253, #6976 ) ;
#7956 = CARTESIAN_POINT ( 'NONE',  ( 0.000000000000000000, 0.000000000000000000, -4.500000000000002665 ) ) ;
#7957 = ORIENTED_EDGE ( 'NONE', *, *, #7641, .F. ) ;
#7958 = DIRECTION ( 'NONE',  ( 1.000000000000000000, 0.000000000000000000, 0.000000000000000000 ) ) ;
#7959 = CARTESIAN_POINT ( 'NONE',  ( -20.88148550512460488, 7.349940052709698968, -10.50000000000000533 ) ) ;
#7960 = EDGE_CURVE ( 'NONE', #7548, #4639, #5624, .T. ) ;
#7961 = AXIS2_PLACEMENT_3D ( 'NONE', #8060, #1667, #4504 ) ;
#7962 = DIRECTION ( 'NONE',  ( -0.3090169943749582204, 0.9510565162951499785, 0.000000000000000000 ) ) ;
#7963 = CARTESIAN_POINT ( 'NONE',  ( 0.1633418547479551508, -33.50000000000000000, -14.99981109353423570 ) ) ;
#7964 = CARTESIAN_POINT ( 'NONE',  ( 25.59923597760306180, -12.69651636496636193, -0.2033801135337992283 ) ) ;
#7965 = ORIENTED_EDGE ( 'NONE', *, *, #8761, .F. ) ;
#7966 = LINE ( 'NONE', #100, #2164 ) ;
#7967 = CARTESIAN_POINT ( 'NONE',  ( 2.030270917882635917, -1.840000000000000080, -44.49999999999998579 ) ) ;
#7968 = FACE_OUTER_BOUND ( 'NONE', #998, .T. ) ;
#7969 = EDGE_LOOP ( 'NONE', ( #8169, #5969, #8471, #2672, #2867, #6575 ) ) ;
#7970 = CARTESIAN_POINT ( 'NONE',  ( 35.42478891474954139, 2.313451882501056822, -18.75847698607005754 ) ) ;
#7971 = CIRCLE ( 'NONE', #2451, 6.000000000000000888 ) ;
#7972 = CARTESIAN_POINT ( 'NONE',  ( -2.646659642758649955, -35.40120326695736708, -17.17385420672569296 ) ) ;
#7973 = CARTESIAN_POINT ( 'NONE',  ( -5.348247962272012046, -1.106574454904858174, -22.47216559263099356 ) ) ;
#7974 = EDGE_CURVE ( 'NONE', #5015, #8423, #5932, .T. ) ;
#7975 = CARTESIAN_POINT ( 'NONE',  ( 5.863145910777382674, -1.274174253755927522, -2.000000000000003553 ) ) ;
#7976 = ORIENTED_EDGE ( 'NONE', *, *, #4022, .T. ) ;
#7977 = CIRCLE ( 'NONE', #8765, 31.50000000000000000 ) ;
#7978 = VECTOR ( 'NONE', #7331, 1000.000000000000000 ) ;
#7979 = CARTESIAN_POINT ( 'NONE',  ( 5.195179803188689327, -13.53043261734599234, -3.499999999999999556 ) ) ;
#7980 = LINE ( 'NONE', #8499, #1009 ) ;
#7981 = VERTEX_POINT ( 'NONE', #3235 ) ;
#7982 = CARTESIAN_POINT ( 'NONE',  ( 23.45528926194415220, 23.92084648232815880, -19.99993715638739289 ) ) ;
#7983 = ORIENTED_EDGE ( 'NONE', *, *, #3309, .F. ) ;
#7984 = DIRECTION ( 'NONE',  ( 0.000000000000000000, 0.000000000000000000, 1.000000000000000000 ) ) ;
#7985 = CARTESIAN_POINT ( 'NONE',  ( 0.6000000000004584999, -30.38296531850424387, -2.833330587785093613 ) ) ;
#7986 = CIRCLE ( 'NONE', #1129, 1.000000000000000888 ) ;
#7987 = CARTESIAN_POINT ( 'NONE',  ( -23.91907743607775672, -23.45707690342093699, -15.00037781293159611 ) ) ;
#7988 = B_SPLINE_CURVE_WITH_KNOTS ( 'NONE', 1,
 ( #315, #7448 ),
 .UNSPECIFIED., .F., .F.,
 ( 2, 2 ),
 ( 0.000000000000000000, 1.000000000000000000 ),
 .UNSPECIFIED. ) ;
#7989 = VECTOR ( 'NONE', #184, 1000.000000000000000 ) ;
#7990 = CARTESIAN_POINT ( 'NONE',  ( -1.336205084551086442, 35.47629800725191274, -19.68347431265096859 ) ) ;
#7991 = CARTESIAN_POINT ( 'NONE',  ( -4.761523669960319616, 5.528217468037128768, -18.86770623391304724 ) ) ;
#7992 = CARTESIAN_POINT ( 'NONE',  ( 2.965519056003376619, -2.659988975726112592, -30.50000000000000711 ) ) ;
#7993 = EDGE_CURVE ( 'NONE', #5884, #2444, #3933, .T. ) ;
#7994 = CARTESIAN_POINT ( 'NONE',  ( -23.80357730290333862, 23.57257703659534798, -14.99981109353421793 ) ) ;
#7995 = DIRECTION ( 'NONE',  ( 1.000000000000000000, 0.000000000000000000, 0.000000000000000000 ) ) ;
#7996 = CARTESIAN_POINT ( 'NONE',  ( -0.6004652911864795106, -12.43355911047851947, -13.46102430450790166 ) ) ;
#7997 = CARTESIAN_POINT ( 'NONE',  ( 31.10762067990670587, -4.956912746500926836, -4.500000000000003553 ) ) ;
#7998 = AXIS2_PLACEMENT_3D ( 'NONE', #1989, #4724, #2764 ) ;
#7999 = CARTESIAN_POINT ( 'NONE',  ( -1.533032504228868609, 3.673463205067776904, -30.50000000000000711 ) ) ;
#8000 = CARTESIAN_POINT ( 'NONE',  ( 35.50000000000000000, 0.000000000000000000, -8.673617379884043361E-16 ) ) ;
#8001 = EDGE_LOOP ( 'NONE', ( #8882, #6655, #7027, #5100 ) ) ;
#8002 = VERTEX_POINT ( 'NONE', #1184 ) ;
#8003 = DIRECTION ( 'NONE',  ( 1.000000000000000000, 0.000000000000000000, 0.000000000000000000 ) ) ;
#8004 = DIRECTION ( 'NONE',  ( 1.000000000000000000, 0.000000000000000000, 0.000000000000000000 ) ) ;
#8005 = CARTESIAN_POINT ( 'NONE',  ( -4.012599996946680569, -30.72795688115999369, -3.733243394663867232 ) ) ;
#8006 = EDGE_LOOP ( 'NONE', ( #906, #4795, #8758, #1968, #4285, #2779, #1495 ) ) ;
#8007 = AXIS2_PLACEMENT_3D ( 'NONE', #1725, #5964, #3865 ) ;
#8008 = DIRECTION ( 'NONE',  ( -0.000000000000000000, -0.000000000000000000, 1.000000000000000000 ) ) ;
#8009 = CARTESIAN_POINT ( 'NONE',  ( 19.72864048090743339, -10.04185244136685284, -10.50000000000000533 ) ) ;
#8010 = CARTESIAN_POINT ( 'NONE',  ( -25.34580837226155126, 21.90561283679359406, -16.84523636488913212 ) ) ;
#8011 = CARTESIAN_POINT ( 'NONE',  ( -2.497766974317173982, -33.40675321179270441, -17.82748966746368424 ) ) ;
#8012 = AXIS2_PLACEMENT_3D ( 'NONE', #1841, #4627, #1749 ) ;
#8013 = VERTEX_POINT ( 'NONE', #6723 ) ;
#8014 = FACE_OUTER_BOUND ( 'NONE', #6106, .T. ) ;
#8015 = CARTESIAN_POINT ( 'NONE',  ( 33.49878621082268637, 0.3264868179567365081, -15.01551170377320510 ) ) ;
#8016 = B_SPLINE_CURVE_WITH_KNOTS ( 'NONE', 3,
 ( #5402, #6192, #3352, #4786, #1964, #2011, #5361, #1115, #1070, #3268, #4052, #4011, #8255, #7470, #3397, #8348, #3218, #385, #3307, #2603, #5536, #8946, #1167, #9079, #6105, #5448, #6240, #3964, #2695, #4097, #8216, #8301, #3914, #6940, #8391, #6750, #1826, #1917, #4745, #9033, #7607, #516, #2648, #5492, #7650, #4654, #7513, #745, #2739, #4970, #2791, #3536, #2188, #3487, #7834, #2059, #4928, #783, #7880 ),
 .UNSPECIFIED., .F., .F.,
 ( 4, 2, 2, 1, 1, 1, 1, 1, 2, 2, 2, 2, 2, 1, 1, 2, 2, 2, 2, 2, 1, 1, 1, 1, 2, 2, 2, 2, 2, 1, 1, 1, 1, 2, 2, 2, 4 ),
 ( 0.000000000000000000, 0.06250000000000466294, 0.09375000000000716094, 0.1093750000000085765, 0.1171875000000094369, 0.1210937500000100336, 0.1230468750000101863, 0.1240234375000104083, 0.1245117187500103528, 0.1250000000000103251, 0.1875000000000240641, 0.2187500000000309475, 0.2343750000000343892, 0.2421875000000362488, 0.2460937500000373312, 0.2480468750000378586, 0.2500000000000383582, 0.3750000000000573985, 0.4375000000000667799, 0.4687500000000714429, 0.4843750000000738298, 0.4921875000000748845, 0.4960937500000755507, 0.4980468750000758837, 0.4990234375000758837, 0.5000000000000758282, 0.6250000000000609512, 0.6875000000000536238, 0.7187500000000499600, 0.7343750000000480727, 0.7421875000000471845, 0.7460937500000467404, 0.7480468750000466294, 0.7490234375000464073, 0.7500000000000462963, 0.8750000000000230926, 1.000000000000000000 ),
 .UNSPECIFIED. ) ;
#8017 = CARTESIAN_POINT ( 'NONE',  ( -20.65632790933502605, 8.588713185614375689, -10.50000000000000533 ) ) ;
#8018 = ORIENTED_EDGE ( 'NONE', *, *, #7463, .F. ) ;
#8019 = CARTESIAN_POINT ( 'NONE',  ( 33.41180035762635470, 2.432585591713825934, -16.84523636487362097 ) ) ;
#8020 = FACE_OUTER_BOUND ( 'NONE', #6973, .T. ) ;
#8021 = AXIS2_PLACEMENT_3D ( 'NONE', #5508, #7148, #8548 ) ;
#8022 = CARTESIAN_POINT ( 'NONE',  ( 26.55666701237095495, -23.55958276954003239, -19.03432852962032484 ) ) ;
#8023 = CIRCLE ( 'NONE', #7273, 6.000000000000000888 ) ;
#8024 = CARTESIAN_POINT ( 'NONE',  ( -5.572430623243072922, -13.25634385285152028, 0.000000000000000000 ) ) ;
#8025 = EDGE_LOOP ( 'NONE', ( #5296, #2627, #1436, #3106, #2599, #419, #7983, #99, #5596 ) ) ;
#8026 = EDGE_CURVE ( 'NONE', #4319, #1867, #5370, .T. ) ;
#8027 = CARTESIAN_POINT ( 'NONE',  ( -26.68496597780181645, 23.41325094963882236, -18.75847698594912671 ) ) ;
#8028 = ADVANCED_FACE ( 'NONE', ( #8323 ), #7486, .F. ) ;
#8029 = CARTESIAN_POINT ( 'NONE',  ( 23.68807716974902888, 23.68807716974965416, -15.00000000000000000 ) ) ;
#8030 = ORIENTED_EDGE ( 'NONE', *, *, #578, .F. ) ;
#8031 = AXIS2_PLACEMENT_3D ( 'NONE', #941, #5133, #5085 ) ;
#8032 = CARTESIAN_POINT ( 'NONE',  ( 24.13961512406514487, -23.22830714672744890, -15.07870116200530752 ) ) ;
#8033 = EDGE_LOOP ( 'NONE', ( #994, #1952 ) ) ;
#8034 = CARTESIAN_POINT ( 'NONE',  ( 23.68807716974986022, -23.68807716974882283, -14.99999999999999822 ) ) ;
#8035 = EDGE_CURVE ( 'NONE', #5467, #6002, #2574, .T. ) ;
#8036 = CARTESIAN_POINT ( 'NONE',  ( 10.62201928269143281, -2.820425944169013821, -3.410121490213373185 ) ) ;
#8037 = CARTESIAN_POINT ( 'NONE',  ( 0.6000000399974153575, -14.70121284534762651, -12.18732451894801017 ) ) ;
#8038 = CARTESIAN_POINT ( 'NONE',  ( -1.999863741663068462, 33.44105893781150485, -19.03432852957876165 ) ) ;
#8039 = CARTESIAN_POINT ( 'NONE',  ( 0.000000000000000000, 0.000000000000000000, -2.000000000000003553 ) ) ;
#8040 = CARTESIAN_POINT ( 'NONE',  ( 1.232614777545146145, -3.788206096911495013, -30.50000000000000711 ) ) ;
#8041 = CARTESIAN_POINT ( 'NONE',  ( -24.14765994679708072, 23.22137779530966739, -19.93459846103375455 ) ) ;
#8042 = B_SPLINE_CURVE_WITH_KNOTS ( 'NONE', 3,
 ( #5235, #6727, #8005, #7254, #3799, #4539, #3892, #2357, #7396, #179 ),
 .UNSPECIFIED., .F., .F.,
 ( 4, 2, 2, 2, 4 ),
 ( 1.301042606982605321E-18, 0.0004180340405659043303, 0.0008360680811318061669, 0.001254102121697708329, 0.001672136162263610382 ),
 .UNSPECIFIED. ) ;
#8043 = CARTESIAN_POINT ( 'NONE',  ( 0.000000000000000000, 0.000000000000000000, -2.000000000000003553 ) ) ;
#8044 = CARTESIAN_POINT ( 'NONE',  ( 30.31314787250700959, -5.639814757948016677, -3.499999999999998224 ) ) ;
#8045 = CARTESIAN_POINT ( 'NONE',  ( 3.328108814600885257, -2.183623661761834089, -10.50000000000474820 ) ) ;
#8046 = DIRECTION ( 'NONE',  ( -0.7071067811865378028, 0.000000000000000000, -0.7071067811865573427 ) ) ;
#8047 = ORIENTED_EDGE ( 'NONE', *, *, #5458, .T. ) ;
#8048 = ORIENTED_EDGE ( 'NONE', *, *, #218, .F. ) ;
#8049 = CARTESIAN_POINT ( 'NONE',  ( -35.43762392411127848, -2.118049622493007877, -15.96412339890950349 ) ) ;
#8050 = LINE ( 'NONE', #5948, #2215 ) ;
#8051 = DIRECTION ( 'NONE',  ( 1.526556658859590243E-14, -1.000000000000000000, 0.000000000000000000 ) ) ;
#8052 = EDGE_LOOP ( 'NONE', ( #4396, #5436, #4175, #2335 ) ) ;
#8053 = CARTESIAN_POINT ( 'NONE',  ( 9.488273331404264753E-15, 33.50000000000000000, -15.00000000000000000 ) ) ;
#8054 = DIRECTION ( 'NONE',  ( 0.000000000000000000, -0.000000000000000000, -1.000000000000000000 ) ) ;
#8055 = CARTESIAN_POINT ( 'NONE',  ( -1.258063798083231655, -33.47773739745002786, -19.68467263743957929 ) ) ;
#8056 = DIRECTION ( 'NONE',  ( -0.5299192642331970182, -0.8480480961564310638, 0.000000000000000000 ) ) ;
#8057 = VERTEX_POINT ( 'NONE', #1223 ) ;
#8058 = CARTESIAN_POINT ( 'NONE',  ( -1.809400085646768908, 3.511206534805590529, -10.50000000000000355 ) ) ;
#8059 = CARTESIAN_POINT ( 'NONE',  ( 29.76743496498354702, -10.30290326099762410, -4.500000000000002665 ) ) ;
#8060 = CARTESIAN_POINT ( 'NONE',  ( 5.195179803188689327, -13.53043261734599234, -4.500000000000000000 ) ) ;
#8061 = ORIENTED_EDGE ( 'NONE', *, *, #1001, .F. ) ;
#8062 = CARTESIAN_POINT ( 'NONE',  ( 33.40675321179271151, -2.497766974317136235, -17.82748966696158988 ) ) ;
#8063 = CARTESIAN_POINT ( 'NONE',  ( -1.258063798083231655, -33.47773739745002786, -19.68467263743957929 ) ) ;
#8064 = CARTESIAN_POINT ( 'NONE',  ( -17.69985853778583618, 25.38254625632777461, -3.666664066441807535 ) ) ;
#8065 = CARTESIAN_POINT ( 'NONE',  ( 14.47360495703819439, 0.7597759851426028055, 0.000000000000000000 ) ) ;
#8066 = ORIENTED_EDGE ( 'NONE', *, *, #789, .T. ) ;
#8067 = CARTESIAN_POINT ( 'NONE',  ( 25.10229073212299511, -25.10229073212189022, -15.00000000000000000 ) ) ;
#8068 = CARTESIAN_POINT ( 'NONE',  ( 6.000000000000000888, 7.347880794884120722E-16, -1.599999999999999423 ) ) ;
#8069 = ORIENTED_EDGE ( 'NONE', *, *, #5295, .F. ) ;
#8070 = CARTESIAN_POINT ( 'NONE',  ( -6.111436369172269067, -0.4273532616918624960, -2.000000000000003553 ) ) ;
#8071 = CARTESIAN_POINT ( 'NONE',  ( 24.85763406080339877, -25.34696702840939508, -19.99991912762039092 ) ) ;
#8072 = ORIENTED_EDGE ( 'NONE', *, *, #7062, .T. ) ;
#8073 = DIRECTION ( 'NONE',  ( 1.000000000000000000, 0.000000000000000000, 0.000000000000000000 ) ) ;
#8074 = CARTESIAN_POINT ( 'NONE',  ( 9.279145175773345855, -2.384099697270180673, -4.820036376883778395 ) ) ;
#8075 = CARTESIAN_POINT ( 'NONE',  ( -2.740000000000000213, 0.000000000000000000, -33.00000000000000000 ) ) ;
#8076 = EDGE_CURVE ( 'NONE', #338, #6391, #9049, .T. ) ;
#8077 = CARTESIAN_POINT ( 'NONE',  ( -0.3264868179450745034, 33.49878621082280716, -15.01551170377321043 ) ) ;
#8078 = CARTESIAN_POINT ( 'NONE',  ( 2.030270917882635917, 1.840000000000000080, -33.00000000000000000 ) ) ;
#8079 = CARTESIAN_POINT ( 'NONE',  ( 2.659988975720913640, 2.965519056000579301, -10.50000000000000178 ) ) ;
#8080 = CARTESIAN_POINT ( 'NONE',  ( -22.23358406271768217, 25.05935372626887769, -15.96378118959905201 ) ) ;
#8081 = CARTESIAN_POINT ( 'NONE',  ( -0.6000010585064535773, -5.180110757277968325, -23.13365091338469171 ) ) ;
#8082 = CARTESIAN_POINT ( 'NONE',  ( 28.38374776655670573, -4.860286515014993647, -0.4452998037747718518 ) ) ;
#8083 = EDGE_CURVE ( 'NONE', #672, #8539, #3186, .T. ) ;
#8084 = B_SPLINE_CURVE_WITH_KNOTS ( 'NONE', 1,
 ( #2855, #4297 ),
 .UNSPECIFIED., .F., .F.,
 ( 2, 2 ),
 ( 0.000000000000000000, 1.000000000000000000 ),
 .UNSPECIFIED. ) ;
#8085 = EDGE_CURVE ( 'NONE', #7839, #501, #1597, .T. ) ;
#8086 = CARTESIAN_POINT ( 'NONE',  ( -3.970406710637893077, -0.2835332963390931327, -30.50000000000000711 ) ) ;
#8087 = CARTESIAN_POINT ( 'NONE',  ( 11.47334169323866249, -10.20514898402188386, 0.000000000000000000 ) ) ;
#8088 = VERTEX_POINT ( 'NONE', #7004 ) ;
#8089 = CARTESIAN_POINT ( 'NONE',  ( 1.334036673643747006, 35.47637170969384357, -15.31533489718471586 ) ) ;
#8090 = DIRECTION ( 'NONE',  ( 0.6427876096865379196, -0.7660444431189793457, 0.000000000000000000 ) ) ;
#8091 = DIRECTION ( 'NONE',  ( 1.000000000000000000, 0.000000000000000000, 0.000000000000000000 ) ) ;
#8092 = VERTEX_POINT ( 'NONE', #2076 ) ;
#8093 = VECTOR ( 'NONE', #7377, 1000.000000000000000 ) ;
#8094 = DIRECTION ( 'NONE',  ( -0.5877852522924688072, -0.8090169943749505599, -0.000000000000000000 ) ) ;
#8095 = DIRECTION ( 'NONE',  ( -0.000000000000000000, -0.000000000000000000, 1.000000000000000000 ) ) ;
#8096 = EDGE_LOOP ( 'NONE', ( #813, #7597, #8744, #6057 ) ) ;
#8097 = EDGE_CURVE ( 'NONE', #7792, #8717, #2802, .T. ) ;
#8098 = ORIENTED_EDGE ( 'NONE', *, *, #3712, .T. ) ;
#8099 = B_SPLINE_CURVE_WITH_KNOTS ( 'NONE', 3,
 ( #2929, #5773, #3675, #6518 ),
 .UNSPECIFIED., .F., .F.,
 ( 4, 4 ),
 ( 0.001210597731249379513, 0.003026929933099506333 ),
 .UNSPECIFIED. ) ;
#8100 = AXIS2_PLACEMENT_3D ( 'NONE', #1349, #5585, #8299 ) ;
#8101 = CARTESIAN_POINT ( 'NONE',  ( -1.998120891318633019, -33.44115701281798181, -15.96378118975006544 ) ) ;
#8102 = FACE_OUTER_BOUND ( 'NONE', #869, .T. ) ;
#8103 = ORIENTED_EDGE ( 'NONE', *, *, #5502, .F. ) ;
#8104 = CYLINDRICAL_SURFACE ( 'NONE', #6028, 0.9999999999999997780 ) ;
#8105 = EDGE_CURVE ( 'NONE', #4078, #2769, #4159, .T. ) ;
#8106 = CARTESIAN_POINT ( 'NONE',  ( 2.432970571027354367, 33.41176939070787455, -16.84589223775190803 ) ) ;
#8107 = CARTESIAN_POINT ( 'NONE',  ( -4.151963002090579558, -28.44912792324118556, -0.3757584578515168472 ) ) ;
#8108 = ORIENTED_EDGE ( 'NONE', *, *, #1033, .T. ) ;
#8109 = CARTESIAN_POINT ( 'NONE',  ( 35.43754006843110460, 2.119258591836190586, -19.03432852965813993 ) ) ;
#8110 = CARTESIAN_POINT ( 'NONE',  ( 0.6828632176288346178, -35.49383152889766535, -15.07870116200540522 ) ) ;
#8111 = AXIS2_PLACEMENT_3D ( 'NONE', #8800, #325, #6648 ) ;
#8112 = CARTESIAN_POINT ( 'NONE',  ( 0.000000000000000000, 0.000000000000000000, -2.000000000000003553 ) ) ;
#8113 = PLANE ( 'NONE',  #8007 ) ;
#8114 = CARTESIAN_POINT ( 'NONE',  ( 5.459108381078933370, 4.580735829120112790, -4.500000000000000000 ) ) ;
#8115 = AXIS2_PLACEMENT_3D ( 'NONE', #2671, #5512, #1278 ) ;
#8116 = CARTESIAN_POINT ( 'NONE',  ( -5.347204162131137473, 8.380576103847809932, -2.700039325476422558 ) ) ;
#8117 = ORIENTED_EDGE ( 'NONE', *, *, #444, .T. ) ;
#8118 = CARTESIAN_POINT ( 'NONE',  ( -23.45707690344138285, 23.91907743605730019, -15.00037781293156236 ) ) ;
#8119 = CARTESIAN_POINT ( 'NONE',  ( 26.68496597780374202, -23.41325094963660547, -18.75847698606482084 ) ) ;
#8120 = ORIENTED_EDGE ( 'NONE', *, *, #5844, .F. ) ;
#8121 = CARTESIAN_POINT ( 'NONE',  ( 12.94152193302962139, 26.50975311195698580, -4.500000000000002665 ) ) ;
#8122 = LINE ( 'NONE', #5219, #3922 ) ;
#8123 = CARTESIAN_POINT ( 'NONE',  ( 35.43754006843110460, 2.119258591836190586, -19.03432852965813993 ) ) ;
#8124 = VECTOR ( 'NONE', #8836, 1000.000000000000000 ) ;
#8125 = CARTESIAN_POINT ( 'NONE',  ( -28.16787055294353337, -14.01356151616111845, -4.441752137684932933 ) ) ;
#8126 = CARTESIAN_POINT ( 'NONE',  ( -0.1730936072876801124, 35.50000000000000711, -14.99981109353421438 ) ) ;
#8127 = FACE_OUTER_BOUND ( 'NONE', #7891, .T. ) ;
#8128 = ORIENTED_EDGE ( 'NONE', *, *, #8085, .T. ) ;
#8129 = CARTESIAN_POINT ( 'NONE',  ( -21.05091742460639992, -6.849593510688703368, -10.50000000000000533 ) ) ;
#8130 = VERTEX_POINT ( 'NONE', #4296 ) ;
#8131 = CARTESIAN_POINT ( 'NONE',  ( -33.42905698873003928, 2.182618677732658607, -18.75985287827878878 ) ) ;
#8132 = AXIS2_PLACEMENT_3D ( 'NONE', #2508, #4604, #1907 ) ;
#8133 = B_SPLINE_CURVE_WITH_KNOTS ( 'NONE', 3,
 ( #339, #3688, #4567, #6532 ),
 .UNSPECIFIED., .F., .F.,
 ( 4, 4 ),
 ( 0.0001227968273480537767, 0.003127625643707512837 ),
 .UNSPECIFIED. ) ;
#8134 = CARTESIAN_POINT ( 'NONE',  ( -0.5999999999998766320, -8.257160206799284197, -17.45224393213394976 ) ) ;
#8135 = CARTESIAN_POINT ( 'NONE',  ( -3.283692341844998808, 15.00000000000000000, 0.000000000000000000 ) ) ;
#8136 = AXIS2_PLACEMENT_3D ( 'NONE', #6851, #6019, #433 ) ;
#8137 = ADVANCED_FACE ( 'NONE', ( #7666 ), #3414, .F. ) ;
#8138 = CARTESIAN_POINT ( 'NONE',  ( -3.592981023490497527, -1.713186488038053179, -10.50000000000000533 ) ) ;
#8139 = DIRECTION ( 'NONE',  ( -0.9510565162951587492, 0.3090169943749315196, 0.000000000000000000 ) ) ;
#8140 = ADVANCED_FACE ( 'NONE', ( #4201 ), #668, .F. ) ;
#8141 = CARTESIAN_POINT ( 'NONE',  ( 0.000000000000000000, 0.000000000000000000, -1.000000000000000000 ) ) ;
#8142 = CARTESIAN_POINT ( 'NONE',  ( 25.72024473674525069, -12.72668723720981454, -0.3136142966344729888 ) ) ;
#8143 = ORIENTED_EDGE ( 'NONE', *, *, #893, .F. ) ;
#8144 = CARTESIAN_POINT ( 'NONE',  ( -33.46555341489112578, 1.536295572920103769, -15.50119477818428138 ) ) ;
#8145 = CARTESIAN_POINT ( 'NONE',  ( 28.42925066989158012, -9.026931046942111792, -2.000000000000002220 ) ) ;
#8146 = DIRECTION ( 'NONE',  ( -0.000000000000000000, -0.000000000000000000, 1.000000000000000000 ) ) ;
#8147 = ORIENTED_EDGE ( 'NONE', *, *, #1294, .T. ) ;
#8148 = AXIS2_PLACEMENT_3D ( 'NONE', #1107, #4646, #2551 ) ;
#8149 = EDGE_CURVE ( 'NONE', #8539, #4760, #9056, .T. ) ;
#8150 = LINE ( 'NONE', #1706, #8980 ) ;
#8151 = CARTESIAN_POINT ( 'NONE',  ( 27.46869363289115640, -4.490580646955256938, -2.000000000000004885 ) ) ;
#8152 = ORIENTED_EDGE ( 'NONE', *, *, #7525, .F. ) ;
#8153 = DIRECTION ( 'NONE',  ( 1.000000000000000000, 0.000000000000000000, 0.000000000000000000 ) ) ;
#8154 = CARTESIAN_POINT ( 'NONE',  ( 17.82148828198164381, 23.50839329718624171, -4.500000000000000000 ) ) ;
#8155 = EDGE_LOOP ( 'NONE', ( #8152, #2424, #6091, #3347, #7625, #5950, #3080, #6572, #2171, #1996, #9160, #2711, #1445, #2231, #103, #3251 ) ) ;
#8156 = CARTESIAN_POINT ( 'NONE',  ( 15.07438438885791321, -5.528968164787797512, -11.59948333040783552 ) ) ;
#8157 = CARTESIAN_POINT ( 'NONE',  ( -28.41835030084769897, -4.874266846349343929, -3.500000000000000444 ) ) ;
#8158 = B_SPLINE_CURVE_WITH_KNOTS ( 'NONE', 3,
 ( #3015, #7444, #8142, #7964, #7263, #873, #1573, #4409 ),
 .UNSPECIFIED., .F., .F.,
 ( 4, 2, 2, 4 ),
 ( 2.385971272006891968E-07, 0.0002491498565360464584, 0.0004980611159448923055, 0.0009958836347625837828 ),
 .UNSPECIFIED. ) ;
#8159 = CARTESIAN_POINT ( 'NONE',  ( -8.628029589159670110, -20.63993658641915729, -10.50000000000000888 ) ) ;
#8160 = ORIENTED_EDGE ( 'NONE', *, *, #5844, .T. ) ;
#8161 = CARTESIAN_POINT ( 'NONE',  ( -28.10809374205463484, -4.748915059859578847, -0.1554362787622176612 ) ) ;
#8162 = CARTESIAN_POINT ( 'NONE',  ( 1.260925924853421032, -33.47763333078713544, -19.68347431263108049 ) ) ;
#8163 = ADVANCED_FACE ( 'NONE', ( #9095 ), #7308, .T. ) ;
#8164 = CARTESIAN_POINT ( 'NONE',  ( -20.10612957175436222, 20.61560273015013678, -0.4452998037747741278 ) ) ;
#8165 = EDGE_CURVE ( 'NONE', #2455, #3286, #4142, .T. ) ;
#8166 = VECTOR ( 'NONE', #266, 1000.000000000000114 ) ;
#8167 = CARTESIAN_POINT ( 'NONE',  ( -25.10128603360072219, -25.10329539043353364, -19.99992814200971125 ) ) ;
#8168 = DIRECTION ( 'NONE',  ( -0.000000000000000000, -0.000000000000000000, 1.000000000000000000 ) ) ;
#8169 = ORIENTED_EDGE ( 'NONE', *, *, #8479, .F. ) ;
#8170 = CARTESIAN_POINT ( 'NONE',  ( -7.501628025092285768, -3.069473126170036981, -17.71545658222623842 ) ) ;
#8171 = CARTESIAN_POINT ( 'NONE',  ( 26.02980089910948536, -24.14135429467843252, -15.31632817220725329 ) ) ;
#8172 = ORIENTED_EDGE ( 'NONE', *, *, #626, .F. ) ;
#8173 = LINE ( 'NONE', #205, #1268 ) ;
#8174 = CARTESIAN_POINT ( 'NONE',  ( 17.82148828198164381, 23.50839329718624171, 0.000000000000000000 ) ) ;
#8175 = CARTESIAN_POINT ( 'NONE',  ( 6.591736205475058341, -1.510907590987325078, -7.638116799906806698 ) ) ;
#8176 = CARTESIAN_POINT ( 'NONE',  ( 35.46349690235424390, -1.628014711470711751, -15.50119477801072243 ) ) ;
#8177 = ADVANCED_FACE ( 'NONE', ( #7384 ), #6583, .F. ) ;
#8178 = LINE ( 'NONE', #1788, #1737 ) ;
#8179 = AXIS2_PLACEMENT_3D ( 'NONE', #3504, #3457, #7051 ) ;
#8180 = CARTESIAN_POINT ( 'NONE',  ( 2.432427195959817379, 33.41180889123679520, -18.15506602342782116 ) ) ;
#8181 = DIRECTION ( 'NONE',  ( 0.000000000000000000, 0.000000000000000000, -1.000000000000000000 ) ) ;
#8182 = CARTESIAN_POINT ( 'NONE',  ( -6.849593510673761543, 21.05091742460639992, -10.50000000000000533 ) ) ;
#8183 = CARTESIAN_POINT ( 'NONE',  ( 9.916710325578749874, 12.62819526747600207, -11.59941269909257677 ) ) ;
#8184 = CARTESIAN_POINT ( 'NONE',  ( -0.5999995629259061714, -4.222968175273998703, -26.76839264989511236 ) ) ;
#8185 = CARTESIAN_POINT ( 'NONE',  ( -2.719766006818981730, -2.906439995268151222, -10.50000000000000533 ) ) ;
#8186 = FACE_BOUND ( 'NONE', #3869, .T. ) ;
#8187 = ORIENTED_EDGE ( 'NONE', *, *, #1817, .F. ) ;
#8188 = CARTESIAN_POINT ( 'NONE',  ( 0.000000000000000000, 0.000000000000000000, -33.00000000000000000 ) ) ;
#8189 = EDGE_LOOP ( 'NONE', ( #2413, #5284, #8324, #682 ) ) ;
#8190 = CARTESIAN_POINT ( 'NONE',  ( -25.31685665672633334, -12.62611129284836764, -0.04063620317970421947 ) ) ;
#8191 = DIRECTION ( 'NONE',  ( -0.000000000000000000, -0.000000000000000000, 1.000000000000000000 ) ) ;
#8192 = CARTESIAN_POINT ( 'NONE',  ( 13.25113100649824283, 7.758231914844540889, -4.500000000000000000 ) ) ;
#8193 = ORIENTED_EDGE ( 'NONE', *, *, #8601, .F. ) ;
#8194 = CARTESIAN_POINT ( 'NONE',  ( -28.96722971361688082, -4.716744786728678918, -4.272944771188477375 ) ) ;
#8195 = EDGE_CURVE ( 'NONE', #1049, #4311, #6230, .T. ) ;
#8196 = DIRECTION ( 'NONE',  ( -0.3090169943749447312, -0.9510565162951544194, 0.000000000000000000 ) ) ;
#8197 = ORIENTED_EDGE ( 'NONE', *, *, #1127, .F. ) ;
#8198 = ADVANCED_FACE ( 'NONE', ( #7945 ), #4483, .F. ) ;
#8199 = CARTESIAN_POINT ( 'NONE',  ( 0.2000000000004769352, -31.49428519588911968, -2.000000000000003553 ) ) ;
#8200 = PLANE ( 'NONE',  #1747 ) ;
#8201 = VERTEX_POINT ( 'NONE', #261 ) ;
#8202 = CARTESIAN_POINT ( 'NONE',  ( 11.47334169323866249, -10.20514898402188386, -2.000000000000003553 ) ) ;
#8203 = CARTESIAN_POINT ( 'NONE',  ( -15.87081097119432549, 22.86507825398946991, -2.000000000000003553 ) ) ;
#8204 = DIRECTION ( 'NONE',  ( 0.000000000000000000, 0.000000000000000000, -1.000000000000000000 ) ) ;
#8205 = VERTEX_POINT ( 'NONE', #5939 ) ;
#8206 = CARTESIAN_POINT ( 'NONE',  ( -28.28867416008050029, -4.821874284614305672, -0.3136142966344729333 ) ) ;
#8207 = CARTESIAN_POINT ( 'NONE',  ( 11.71526358883832408, -9.234853257745886168, -2.000000000000003553 ) ) ;
#8208 = FACE_OUTER_BOUND ( 'NONE', #5499, .T. ) ;
#8209 = EDGE_CURVE ( 'NONE', #5300, #2981, #5463, .T. ) ;
#8210 = CARTESIAN_POINT ( 'NONE',  ( 21.85613440037106159, 25.38817419733645409, -17.16962608734229079 ) ) ;
#8211 = EDGE_CURVE ( 'NONE', #1128, #5555, #8806, .T. ) ;
#8212 = ORIENTED_EDGE ( 'NONE', *, *, #3593, .T. ) ;
#8213 = CARTESIAN_POINT ( 'NONE',  ( -3.527653733719267937, -1.777121024290835960, -30.50000000000000711 ) ) ;
#8214 = CARTESIAN_POINT ( 'NONE',  ( 23.92084648231374544, -23.45528926195855490, -19.99993715639902092 ) ) ;
#8215 = VERTEX_POINT ( 'NONE', #2008 ) ;
#8216 = CARTESIAN_POINT ( 'NONE',  ( 4.265001514068679001, 6.892944280344581287, -17.71477744778885111 ) ) ;
#8217 = DIRECTION ( 'NONE',  ( -0.8090169943749507819, 0.5877852522924685852, 0.000000000000000000 ) ) ;
#8218 = CARTESIAN_POINT ( 'NONE',  ( 24.60772870839030091, 25.58931128697254209, -19.93459846096797605 ) ) ;
#8219 = CARTESIAN_POINT ( 'NONE',  ( 35.40653470733538910, 2.577814582263905141, -16.84523636487362097 ) ) ;
#8220 = CARTESIAN_POINT ( 'NONE',  ( -35.50000000000001421, 4.347496136973105648E-15, -35.00000000000000000 ) ) ;
#8221 = CARTESIAN_POINT ( 'NONE',  ( -2.577646729968392059, -35.40654375042053914, -18.15506602341434927 ) ) ;
#8222 = CARTESIAN_POINT ( 'NONE',  ( -0.7771087080456808849, -3.949996363493836871, -10.49999999999251443 ) ) ;
#8223 = DIRECTION ( 'NONE',  ( 1.000000000000000000, 0.000000000000000000, 0.000000000000000000 ) ) ;
#8224 = CARTESIAN_POINT ( 'NONE',  ( -22.10467735366389874, -1.200539366085987103, -10.50000000000000533 ) ) ;
#8225 = DIRECTION ( 'NONE',  ( -0.000000000000000000, -0.000000000000000000, 1.000000000000000000 ) ) ;
#8226 = CARTESIAN_POINT ( 'NONE',  ( 10.05476756454313225, 19.51164137695778678, -10.50000000000000533 ) ) ;
#8227 = DIRECTION ( 'NONE',  ( 1.000000000000000000, 0.000000000000000000, 0.000000000000000000 ) ) ;
#8228 = CARTESIAN_POINT ( 'NONE',  ( -30.13825535823319157, -9.161635441444326844, -4.500000000000002665 ) ) ;
#8229 = ORIENTED_EDGE ( 'NONE', *, *, #3293, .T. ) ;
#8230 = CARTESIAN_POINT ( 'NONE',  ( -33.49496812531335621, 0.6545827029145731002, -15.06543078863676222 ) ) ;
#8231 = DIRECTION ( 'NONE',  ( 0.000000000000000000, 0.000000000000000000, -1.000000000000000000 ) ) ;
#8232 = CARTESIAN_POINT ( 'NONE',  ( 0.000000000000000000, 0.000000000000000000, -2.000000000000003553 ) ) ;
#8233 = ORIENTED_EDGE ( 'NONE', *, *, #7801, .T. ) ;
#8234 = CARTESIAN_POINT ( 'NONE',  ( -30.13825535823319868, -9.161635441444332173, -2.000000000000003553 ) ) ;
#8235 = CARTESIAN_POINT ( 'NONE',  ( -2.494985343616922258, 3.088496268554020485, -30.50000000000000711 ) ) ;
#8236 = ORIENTED_EDGE ( 'NONE', *, *, #8887, .F. ) ;
#8237 = EDGE_LOOP ( 'NONE', ( #6786, #3982 ) ) ;
#8238 = CARTESIAN_POINT ( 'NONE',  ( -2.432970570975535818, -33.41176939071145569, -16.84589223768767141 ) ) ;
#8239 = CARTESIAN_POINT ( 'NONE',  ( 3.527670837823419614, -1.777087071578154598, -10.50000000000000355 ) ) ;
#8240 = ORIENTED_EDGE ( 'NONE', *, *, #2827, .F. ) ;
#8241 = CARTESIAN_POINT ( 'NONE',  ( 18.17449959454438968, -6.536440359385745857, -10.66707379123704413 ) ) ;
#8242 = DIRECTION ( 'NONE',  ( 1.000000000000000000, 0.000000000000000000, 0.000000000000000000 ) ) ;
#8243 = DIRECTION ( 'NONE',  ( -0.000000000000000000, -0.000000000000000000, 1.000000000000000000 ) ) ;
#8244 = ORIENTED_EDGE ( 'NONE', *, *, #1870, .F. ) ;
#8245 = CARTESIAN_POINT ( 'NONE',  ( -28.18203707439134575, -9.787776259979073856, -2.000000000000003553 ) ) ;
#8246 = EDGE_CURVE ( 'NONE', #6649, #1860, #1691, .T. ) ;
#8247 = CARTESIAN_POINT ( 'NONE',  ( 3.994443847110277002, 4.477099323477521153, -1.599999999999999423 ) ) ;
#8248 = AXIS2_PLACEMENT_3D ( 'NONE', #7458, #2369, #1770 ) ;
#8249 = CARTESIAN_POINT ( 'NONE',  ( -25.10229073212193995, -25.10229073212293827, -15.00000000000000355 ) ) ;
#8250 = CARTESIAN_POINT ( 'NONE',  ( -8.172205826303457599, 12.26885731971590943, -12.17375400630675131 ) ) ;
#8251 = VERTEX_POINT ( 'NONE', #7214 ) ;
#8252 = CARTESIAN_POINT ( 'NONE',  ( -3.708793590504330329, -1.835813256607107702, -27.60863177200867469 ) ) ;
#8253 = DIRECTION ( 'NONE',  ( -0.000000000000000000, 0.000000000000000000, -1.000000000000000000 ) ) ;
#8254 = ORIENTED_EDGE ( 'NONE', *, *, #8479, .T. ) ;
#8255 = CARTESIAN_POINT ( 'NONE',  ( 1.993723507230228176, 3.764905921277582834, -26.80183366061445227 ) ) ;
#8256 = VECTOR ( 'NONE', #5147, 1000.000000000000000 ) ;
#8257 = CARTESIAN_POINT ( 'NONE',  ( -12.84571917496949922, 24.83985600399798344, 0.000000000000000000 ) ) ;
#8258 = EDGE_CURVE ( 'NONE', #1505, #4683, #5012, .T. ) ;
#8259 = CARTESIAN_POINT ( 'NONE',  ( 35.50001387694788946, -0.3460106596715272209, -19.99991912762039448 ) ) ;
#8260 = CIRCLE ( 'NONE', #5415, 31.50000000000000000 ) ;
#8261 = CARTESIAN_POINT ( 'NONE',  ( -27.98554036910943310, -13.31269347462675334, -3.735904735502670881 ) ) ;
#8262 = CARTESIAN_POINT ( 'NONE',  ( -5.492325517527397061, -2.415442073310272608, -2.000000000000003553 ) ) ;
#8263 = CARTESIAN_POINT ( 'NONE',  ( -33.49999999999999289, 4.102566777143632985E-15, -1.500000000000000000 ) ) ;
#8264 = CARTESIAN_POINT ( 'NONE',  ( -33.42902372074270545, 2.183129106434170463, -16.24166244700334616 ) ) ;
#8265 = CARTESIAN_POINT ( 'NONE',  ( 23.21309894036584964, -26.85925623098309600, -16.84589223793057400 ) ) ;
#8266 = CARTESIAN_POINT ( 'NONE',  ( 0.000000000000000000, 0.000000000000000000, 0.000000000000000000 ) ) ;
#8267 = AXIS2_PLACEMENT_3D ( 'NONE', #7720, #7563, #5136 ) ;
#8268 = EDGE_CURVE ( 'NONE', #1163, #7155, #5632, .T. ) ;
#8269 = ORIENTED_EDGE ( 'NONE', *, *, #2260, .T. ) ;
#8270 = ADVANCED_FACE ( 'NONE', ( #146 ), #2073, .T. ) ;
#8271 = AXIS2_PLACEMENT_3D ( 'NONE', #7358, #2319, #188 ) ;
#8272 = CARTESIAN_POINT ( 'NONE',  ( 22.04669777210618165, -1.794204813529959752, -10.50000000000000533 ) ) ;
#8273 = FACE_OUTER_BOUND ( 'NONE', #3446, .T. ) ;
#8274 = ORIENTED_EDGE ( 'NONE', *, *, #6017, .F. ) ;
#8275 = DIRECTION ( 'NONE',  ( 1.000000000000000000, 0.000000000000000000, 0.000000000000000000 ) ) ;
#8276 = ORIENTED_EDGE ( 'NONE', *, *, #2794, .F. ) ;
#8277 = DIRECTION ( 'NONE',  ( -0.8090169943749426773, -0.5877852522924796874, 0.000000000000000000 ) ) ;
#8278 = CARTESIAN_POINT ( 'NONE',  ( 3.527670837823419614, -1.777087071578154598, -10.50000000000000355 ) ) ;
#8279 = CARTESIAN_POINT ( 'NONE',  ( 0.000000000000000000, 0.000000000000000000, -4.500000000000002665 ) ) ;
#8280 = ORIENTED_EDGE ( 'NONE', *, *, #3795, .T. ) ;
#8281 = AXIS2_PLACEMENT_3D ( 'NONE', #4831, #2007, #4922 ) ;
#8282 = CARTESIAN_POINT ( 'NONE',  ( 0.000000000000000000, 0.000000000000000000, -2.000000000000003553 ) ) ;
#8283 = ORIENTED_EDGE ( 'NONE', *, *, #509, .F. ) ;
#8284 = CARTESIAN_POINT ( 'NONE',  ( -23.41479346994684718, -26.68361434967113155, -16.23749250300987157 ) ) ;
#8285 = DIRECTION ( 'NONE',  ( -0.000000000000000000, -0.000000000000000000, 1.000000000000000000 ) ) ;
#8286 = AXIS2_PLACEMENT_3D ( 'NONE', #7904, #7770, #9195 ) ;
#8287 = EDGE_LOOP ( 'NONE', ( #1372, #53, #7494, #2156 ) ) ;
#8288 = CARTESIAN_POINT ( 'NONE',  ( 13.86669072228169775, -5.136438585385680433, -12.15147139948104638 ) ) ;
#8289 = CARTESIAN_POINT ( 'NONE',  ( 0.000000000000000000, 0.000000000000000000, -1.599999999999999423 ) ) ;
#8290 = CYLINDRICAL_SURFACE ( 'NONE', #5715, 1.000000000000000222 ) ;
#8291 = ORIENTED_EDGE ( 'NONE', *, *, #3056, .T. ) ;
#8292 = FACE_OUTER_BOUND ( 'NONE', #1224, .T. ) ;
#8293 = CARTESIAN_POINT ( 'NONE',  ( 2.233532463794362322, 3.257887771728281034, -30.50000000000000711 ) ) ;
#8294 = CARTESIAN_POINT ( 'NONE',  ( 24.75003765958567570, -22.57741158141215720, -19.49867079316377172 ) ) ;
#8295 = AXIS2_PLACEMENT_3D ( 'NONE', #9037, #1746, #309 ) ;
#8296 = CARTESIAN_POINT ( 'NONE',  ( -8.548119110074839710, 12.78632033578369587, -11.87885636723721205 ) ) ;
#8297 = ORIENTED_EDGE ( 'NONE', *, *, #8699, .F. ) ;
#8298 = CARTESIAN_POINT ( 'NONE',  ( 12.15597749922600812, 7.892699857356227255, -3.499999999999999556 ) ) ;
#8299 = DIRECTION ( 'NONE',  ( 0.8090169943749422332, 0.5877852522924802425, 0.000000000000000000 ) ) ;
#8300 = ORIENTED_EDGE ( 'NONE', *, *, #8657, .T. ) ;
#8301 = CARTESIAN_POINT ( 'NONE',  ( 4.359548173969852058, 7.022463646847988628, -17.50440259708185309 ) ) ;
#8302 = CARTESIAN_POINT ( 'NONE',  ( 21.05112819320598305, -6.209048843353092373, -10.50000000000000355 ) ) ;
#8303 = AXIS2_PLACEMENT_3D ( 'NONE', #129, #5090, #4304 ) ;
#8304 = CARTESIAN_POINT ( 'NONE',  ( 35.42482158509263002, -2.312924270136332616, -18.75985287883610297 ) ) ;
#8305 = EDGE_CURVE ( 'NONE', #7491, #8507, #6757, .T. ) ;
#8306 = CARTESIAN_POINT ( 'NONE',  ( 0.000000000000000000, 0.000000000000000000, -45.00000000000000000 ) ) ;
#8307 = EDGE_CURVE ( 'NONE', #782, #6731, #1321, .T. ) ;
#8308 = CARTESIAN_POINT ( 'NONE',  ( -8.628029589159670110, -20.63993658641915729, -10.50000000000000888 ) ) ;
#8309 = CARTESIAN_POINT ( 'NONE',  ( 3.948509500395326999, -0.7846285369636509799, -30.50000000000000711 ) ) ;
#8310 = CARTESIAN_POINT ( 'NONE',  ( -35.50000000000000711, -1.060349724690823336E-13, -14.99999999999999822 ) ) ;
#8311 = CARTESIAN_POINT ( 'NONE',  ( 21.05091742460881932, 6.849593510675043184, -10.50000000000000533 ) ) ;
#8312 = EDGE_CURVE ( 'NONE', #6430, #8500, #1981, .T. ) ;
#8313 = AXIS2_PLACEMENT_3D ( 'NONE', #8039, #8181, #1835 ) ;
#8314 = FACE_OUTER_BOUND ( 'NONE', #646, .T. ) ;
#8315 = CARTESIAN_POINT ( 'NONE',  ( -33.50000000000000000, -9.259528367083139930E-14, -14.99999999999999645 ) ) ;
#8316 = EDGE_CURVE ( 'NONE', #2310, #4347, #2860, .T. ) ;
#8317 = AXIS2_PLACEMENT_3D ( 'NONE', #8808, #6659, #1022 ) ;
#8318 = AXIS2_PLACEMENT_3D ( 'NONE', #1003, #3244, #1851 ) ;
#8319 = EDGE_CURVE ( 'NONE', #4651, #1558, #8470, .T. ) ;
#8320 = CARTESIAN_POINT ( 'NONE',  ( -26.85925623098004777, -23.21309894036935262, -16.84589223791972401 ) ) ;
#8321 = ADVANCED_FACE ( 'NONE', ( #6418 ), #2363, .T. ) ;
#8322 = CARTESIAN_POINT ( 'NONE',  ( 25.18125735308027657, 22.09456841773841163, -18.75985287855436212 ) ) ;
#8323 = FACE_OUTER_BOUND ( 'NONE', #5812, .T. ) ;
#8324 = ORIENTED_EDGE ( 'NONE', *, *, #1033, .F. ) ;
#8325 = CARTESIAN_POINT ( 'NONE',  ( 2.312924270321345066, 35.42482158507986156, -18.75985287846275540 ) ) ;
#8326 = CARTESIAN_POINT ( 'NONE',  ( -35.49485940976446585, -0.6859136312681125558, -15.06280857718568988 ) ) ;
#8327 = VECTOR ( 'NONE', #7348, 1000.000000000000000 ) ;
#8328 = DIRECTION ( 'NONE',  ( 0.000000000000000000, 0.000000000000000000, -1.000000000000000000 ) ) ;
#8329 = VERTEX_POINT ( 'NONE', #3483 ) ;
#8330 = CARTESIAN_POINT ( 'NONE',  ( 33.46561352135802991, -1.535027868478041624, -19.50000510125887843 ) ) ;
#8331 = CARTESIAN_POINT ( 'NONE',  ( -25.05935372640506031, -22.23358406256631525, -15.96378118984150696 ) ) ;
#8332 = CARTESIAN_POINT ( 'NONE',  ( -24.24758564573685504, 23.11553767791910730, -15.12618847594104921 ) ) ;
#8333 = ORIENTED_EDGE ( 'NONE', *, *, #2844, .F. ) ;
#8334 = ORIENTED_EDGE ( 'NONE', *, *, #8305, .F. ) ;
#8335 = CARTESIAN_POINT ( 'NONE',  ( 4.882076258593178508, -2.217287922142763712, -22.73426874127844854 ) ) ;
#8336 = CARTESIAN_POINT ( 'NONE',  ( 18.01745678418341967, 23.77812080059862510, -2.000000000000003553 ) ) ;
#8337 = CARTESIAN_POINT ( 'NONE',  ( 29.60979310345224746, -8.989927646149372009, -3.666664066441805314 ) ) ;
#8338 = ORIENTED_EDGE ( 'NONE', *, *, #8948, .F. ) ;
#8339 = CARTESIAN_POINT ( 'NONE',  ( -28.33975562197496956, -4.842512534873668173, -0.3757584578515181795 ) ) ;
#8340 = CARTESIAN_POINT ( 'NONE',  ( 3.592364382474951601, 1.721848647828806866, -30.50000000000000711 ) ) ;
#8341 = CARTESIAN_POINT ( 'NONE',  ( 23.80357730290383245, -23.57257703659485415, -14.99981109353421793 ) ) ;
#8342 = CARTESIAN_POINT ( 'NONE',  ( -2.746258748990696663, 4.801420944748685748, -22.30015168051037833 ) ) ;
#8343 = ORIENTED_EDGE ( 'NONE', *, *, #6243, .T. ) ;
#8344 = CARTESIAN_POINT ( 'NONE',  ( 28.81072830395497064, -4.849282809134639827, -4.073818833115713467 ) ) ;
#8345 = CARTESIAN_POINT ( 'NONE',  ( 3.241269886253297372, 3.441327786955977075, -24.65131114390938905 ) ) ;
#8346 = LINE ( 'NONE', #1303, #5560 ) ;
#8347 = ORIENTED_EDGE ( 'NONE', *, *, #2110, .F. ) ;
#8348 = CARTESIAN_POINT ( 'NONE',  ( 2.096184404688208769, 3.905167019344879975, -25.85879635029930057 ) ) ;
#8349 = CARTESIAN_POINT ( 'NONE',  ( 0.6000000000000542677, -3.904164443257985617, -10.44999999999990514 ) ) ;
#8350 = CARTESIAN_POINT ( 'NONE',  ( -26.67375006844107332, 23.42584923674283459, -16.24555671984478522 ) ) ;
#8351 = CARTESIAN_POINT ( 'NONE',  ( -2.030270917882635917, 1.840000000000000080, -33.00000000000000000 ) ) ;
#8352 = CARTESIAN_POINT ( 'NONE',  ( 3.898491231073332841, -0.6358192520239684953, -2.000000000000003553 ) ) ;
#8353 = CARTESIAN_POINT ( 'NONE',  ( -2.030270917882635917, 1.840000000000000080, -33.00000000000000000 ) ) ;
#8354 = CARTESIAN_POINT ( 'NONE',  ( -35.40654375042284130, 2.577646729934905068, -18.15506602361177002 ) ) ;
#8355 = EDGE_LOOP ( 'NONE', ( #1987, #6471, #5050, #7929 ) ) ;
#8356 = ORIENTED_EDGE ( 'NONE', *, *, #7692, .T. ) ;
#8357 = CARTESIAN_POINT ( 'NONE',  ( 25.58901353031122383, 24.60802694399780677, -15.06543078872929264 ) ) ;
#8358 = DIRECTION ( 'NONE',  ( -1.000000000000000000, 0.000000000000000000, 0.000000000000000000 ) ) ;
#8359 = CARTESIAN_POINT ( 'NONE',  ( 24.85763406080340232, -25.34696702840939508, -19.99991912762039448 ) ) ;
#8360 = EDGE_CURVE ( 'NONE', #7953, #4549, #3622, .T. ) ;
#8361 = CARTESIAN_POINT ( 'NONE',  ( -10.69030235725927014, -19.36474861902043187, -10.50000000000000533 ) ) ;
#8362 = CARTESIAN_POINT ( 'NONE',  ( 0.000000000000000000, 0.000000000000000000, -2.000000000000003553 ) ) ;
#8363 = DIRECTION ( 'NONE',  ( -0.9702957262759946966, -0.2419218955996750020, 0.000000000000000000 ) ) ;
#8364 = EDGE_LOOP ( 'NONE', ( #5926, #6565, #2223, #8147 ) ) ;
#8365 = DIRECTION ( 'NONE',  ( -0.9975640502598249748, 0.06975647374411469981, 0.000000000000000000 ) ) ;
#8366 = CARTESIAN_POINT ( 'NONE',  ( -3.898491231073317298, -0.6358192520240811829, -10.50000000000000355 ) ) ;
#8367 = DIRECTION ( 'NONE',  ( -1.000000000000000000, 0.000000000000000000, 0.000000000000000000 ) ) ;
#8368 = VERTEX_POINT ( 'NONE', #6514 ) ;
#8369 = EDGE_CURVE ( 'NONE', #2077, #3193, #5017, .T. ) ;
#8370 = CARTESIAN_POINT ( 'NONE',  ( 2.780220478896653358, 2.805864232054657403, -2.000000000000003553 ) ) ;
#8371 = EDGE_CURVE ( 'NONE', #2812, #6830, #7171, .T. ) ;
#8372 = CARTESIAN_POINT ( 'NONE',  ( -25.58779123396362820, -24.60930377945137337, -19.93550015081902060 ) ) ;
#8373 = CARTESIAN_POINT ( 'NONE',  ( -23.16078682890366380, 26.90405087489842018, -17.82748966720692252 ) ) ;
#8374 = EDGE_LOOP ( 'NONE', ( #3620, #8829, #1521, #9118, #7421 ) ) ;
#8375 = CARTESIAN_POINT ( 'NONE',  ( 3.859069075005283622, -1.884737596694576967, -26.60276151810462864 ) ) ;
#8376 = CARTESIAN_POINT ( 'NONE',  ( 7.765409958399732027, 9.667388901765873399, -2.000000000000003553 ) ) ;
#8377 = CARTESIAN_POINT ( 'NONE',  ( 28.55285746764155164, -8.646508440424048203, -2.000000000000003553 ) ) ;
#8378 = ORIENTED_EDGE ( 'NONE', *, *, #390, .T. ) ;
#8379 = CARTESIAN_POINT ( 'NONE',  ( -23.11553767793695258, -24.24758564572000452, -15.12618847594108829 ) ) ;
#8380 = CARTESIAN_POINT ( 'NONE',  ( 23.21241824182505553, 26.85984677234399598, -18.15144138427706011 ) ) ;
#8381 = EDGE_CURVE ( 'NONE', #2381, #3794, #4852, .T. ) ;
#8382 = CARTESIAN_POINT ( 'NONE',  ( 3.788206096911509668, 1.232614777546160667, -10.49999999999003819 ) ) ;
#8383 = CARTESIAN_POINT ( 'NONE',  ( 24.13961512406514487, -23.22830714672744890, -15.07870116200530752 ) ) ;
#8384 = ADVANCED_FACE ( 'NONE', ( #5814 ), #6047, .F. ) ;
#8385 = CARTESIAN_POINT ( 'NONE',  ( -3.975910488538745735, 6.497698964147033962, -18.33216992746388030 ) ) ;
#8386 = EDGE_LOOP ( 'NONE', ( #5046, #8291 ) ) ;
#8387 = DIRECTION ( 'NONE',  ( -0.000000000000000000, -0.000000000000000000, -1.000000000000000000 ) ) ;
#8388 = CARTESIAN_POINT ( 'NONE',  ( -17.04663639093386607, 24.48346310334932951, -2.000000000000003553 ) ) ;
#8389 = DIRECTION ( 'NONE',  ( -1.000000000000000000, 0.000000000000000000, 0.000000000000000000 ) ) ;
#8390 = ORIENTED_EDGE ( 'NONE', *, *, #1949, .T. ) ;
#8391 = CARTESIAN_POINT ( 'NONE',  ( 4.648540592327564447, 7.419018208312680329, -16.89623163744860435 ) ) ;
#8392 = VERTEX_POINT ( 'NONE', #3856 ) ;
#8393 = DIRECTION ( 'NONE',  ( 0.9510565162951590823, -0.3090169943749303538, 0.000000000000000000 ) ) ;
#8394 = AXIS2_PLACEMENT_3D ( 'NONE', #6764, #7527, #9088 ) ;
#8395 = DIRECTION ( 'NONE',  ( -1.000000000000000000, 0.000000000000000000, -0.000000000000000000 ) ) ;
#8396 = CARTESIAN_POINT ( 'NONE',  ( -1.260925924858067537, 33.47763333078700754, -19.68347431265096859 ) ) ;
#8397 = CARTESIAN_POINT ( 'NONE',  ( 0.001420829842098642092, -35.49999997156679399, -19.99992814200971480 ) ) ;
#8398 = CARTESIAN_POINT ( 'NONE',  ( 3.948509500407323625, -0.7846285369692519440, -10.50000000000749623 ) ) ;
#8399 = AXIS2_PLACEMENT_3D ( 'NONE', #1869, #8253, #7648 ) ;
#8400 = CARTESIAN_POINT ( 'NONE',  ( -35.50000000000000711, -0.1730936072744641008, -14.99981109353422681 ) ) ;
#8401 = ORIENTED_EDGE ( 'NONE', *, *, #6652, .T. ) ;
#8402 = CARTESIAN_POINT ( 'NONE',  ( 24.60772870839030091, 25.58931128697254209, -19.93459846096797605 ) ) ;
#8403 = LINE ( 'NONE', #1319, #7042 ) ;
#8404 = EDGE_CURVE ( 'NONE', #3122, #4193, #5871, .T. ) ;
#8405 = DIRECTION ( 'NONE',  ( 1.000000000000000000, 0.000000000000000000, 0.000000000000000000 ) ) ;
#8406 = VECTOR ( 'NONE', #4216, 1000.000000000000000 ) ;
#8407 = CARTESIAN_POINT ( 'NONE',  ( -1.981897137993858582, 3.452043498040542335, -10.50000000000000533 ) ) ;
#8408 = CARTESIAN_POINT ( 'NONE',  ( 24.14622553052563347, 23.22286413002773742, -19.93550015085430616 ) ) ;
#8409 = CARTESIAN_POINT ( 'NONE',  ( -24.85763406084645766, 25.34696702836632198, -19.99991912760876644 ) ) ;
#8410 = B_SPLINE_CURVE_WITH_KNOTS ( 'NONE', 3,
 ( #8151, #6087, #5952, #1709 ),
 .UNSPECIFIED., .F., .F.,
 ( 4, 4 ),
 ( 2.422455444479347636E-07, 0.001816574447397673433 ),
 .UNSPECIFIED. ) ;
#8411 = ORIENTED_EDGE ( 'NONE', *, *, #7742, .F. ) ;
#8412 = CARTESIAN_POINT ( 'NONE',  ( 3.283692341844998808, 15.00000000000000000, -4.500000000000000000 ) ) ;
#8413 = CARTESIAN_POINT ( 'NONE',  ( -3.717207179816885532, 1.545554365097850491, -30.50000000000000711 ) ) ;
#8414 = ORIENTED_EDGE ( 'NONE', *, *, #7873, .T. ) ;
#8415 = DIRECTION ( 'NONE',  ( 0.000000000000000000, 0.000000000000000000, -1.000000000000000000 ) ) ;
#8416 = VECTOR ( 'NONE', #5870, 1000.000000000000000 ) ;
#8417 = EDGE_CURVE ( 'NONE', #4639, #6661, #6602, .T. ) ;
#8418 = AXIS2_PLACEMENT_3D ( 'NONE', #4615, #2291, #8073 ) ;
#8419 = EDGE_CURVE ( 'NONE', #5793, #1114, #7314, .T. ) ;
#8420 = CARTESIAN_POINT ( 'NONE',  ( -23.21341061821942375, -26.85899096154168930, -16.84523636464357566 ) ) ;
#8421 = CARTESIAN_POINT ( 'NONE',  ( -23.21309894036531318, 26.85925623098355786, -16.84589223794203150 ) ) ;
#8422 = EDGE_CURVE ( 'NONE', #505, #7391, #757, .T. ) ;
#8423 = VERTEX_POINT ( 'NONE', #6000 ) ;
#8424 = CARTESIAN_POINT ( 'NONE',  ( 3.918507463672968871, -0.6425859986990049011, -29.33315245944865524 ) ) ;
#8425 = CARTESIAN_POINT ( 'NONE',  ( 26.00268412020399467, -12.81824808887212086, -3.735678521575904298 ) ) ;
#8426 = DIRECTION ( 'NONE',  ( 0.8090169943749507819, -0.5877852522924685852, 0.000000000000000000 ) ) ;
#8427 = VERTEX_POINT ( 'NONE', #5348 ) ;
#8428 = CARTESIAN_POINT ( 'NONE',  ( -26.11889320111403734, -13.71399928463815421, -4.500000000000003553 ) ) ;
#8429 = AXIS2_PLACEMENT_3D ( 'NONE', #1061, #1816, #4735 ) ;
#8430 = CARTESIAN_POINT ( 'NONE',  ( 24.75004477347350118, 22.57739473817285969, -15.50119477839591831 ) ) ;
#8431 = CARTESIAN_POINT ( 'NONE',  ( 2.659988975723879712, 2.965519056004906506, -30.50000000000000711 ) ) ;
#8432 = AXIS2_PLACEMENT_3D ( 'NONE', #1878, #4707, #5497 ) ;
#8433 = CARTESIAN_POINT ( 'NONE',  ( 25.38817419733296177, -21.85613440037511879, -17.16962608725159711 ) ) ;
#8434 = CARTESIAN_POINT ( 'NONE',  ( -22.30316851333155270, 22.24452009520403450, -4.500000000000002665 ) ) ;
#8435 = CARTESIAN_POINT ( 'NONE',  ( -11.62837396652469657, 17.02586466202432547, -10.50000000000001954 ) ) ;
#8436 = ORIENTED_EDGE ( 'NONE', *, *, #8672, .F. ) ;
#8437 = CARTESIAN_POINT ( 'NONE',  ( -8.217352044692804114, -3.300859657889459786, -16.77718750546925008 ) ) ;
#8438 = CARTESIAN_POINT ( 'NONE',  ( 3.842414197623884586, 4.266245761480054632, -21.79312932105882084 ) ) ;
#8439 = EDGE_CURVE ( 'NONE', #4611, #4067, #542, .T. ) ;
#8440 = DIRECTION ( 'NONE',  ( 0.000000000000000000, 0.000000000000000000, -1.000000000000000000 ) ) ;
#8441 = ORIENTED_EDGE ( 'NONE', *, *, #5364, .F. ) ;
#8442 = CARTESIAN_POINT ( 'NONE',  ( -26.02888938601019575, -24.14227662963358156, -15.31533489710971807 ) ) ;
#8443 = LINE ( 'NONE', #9080, #7218 ) ;
#8444 = AXIS2_PLACEMENT_3D ( 'NONE', #4187, #6944, #3400 ) ;
#8445 = EDGE_CURVE ( 'NONE', #4202, #3867, #8646, .T. ) ;
#8446 = CARTESIAN_POINT ( 'NONE',  ( -12.00911945283423421, -3.270632915242565275, -13.46112748168209983 ) ) ;
#8447 = CARTESIAN_POINT ( 'NONE',  ( -2.577814582235133045, 35.40653470733737862, -16.84523636482767017 ) ) ;
#8448 = CARTESIAN_POINT ( 'NONE',  ( 2.119258591649667789, -35.43754006844096693, -19.03432852981516632 ) ) ;
#8449 = CARTESIAN_POINT ( 'NONE',  ( -33.47770288097503766, 1.258879678074056541, -15.31533489725400798 ) ) ;
#8450 = ORIENTED_EDGE ( 'NONE', *, *, #8868, .T. ) ;
#8451 = DIRECTION ( 'NONE',  ( -0.9510565162951498674, -0.3090169943749588866, -3.061189136958036493E-15 ) ) ;
#8452 = AXIS2_PLACEMENT_3D ( 'NONE', #2806, #5600, #8405 ) ;
#8453 = CARTESIAN_POINT ( 'NONE',  ( -0.5999999999996844524, -21.94158779086097155, -10.50000000000000355 ) ) ;
#8454 = CARTESIAN_POINT ( 'NONE',  ( 0.5997394023269404517, -4.001460960719454008, -28.40467350112524514 ) ) ;
#8455 = AXIS2_PLACEMENT_3D ( 'NONE', #4899, #6300, #9094 ) ;
#8456 = CARTESIAN_POINT ( 'NONE',  ( 2.646659642759245923, 35.40120326695731734, -17.17385420704539101 ) ) ;
#8457 = CARTESIAN_POINT ( 'NONE',  ( 2.233532463794364098, 3.257887771728283699, -30.50000000000000711 ) ) ;
#8458 = ORIENTED_EDGE ( 'NONE', *, *, #5458, .F. ) ;
#8459 = CARTESIAN_POINT ( 'NONE',  ( -25.10229073212245154, 25.10229073212242668, -15.00000000000000178 ) ) ;
#8460 = ORIENTED_EDGE ( 'NONE', *, *, #4254, .F. ) ;
#8461 = CARTESIAN_POINT ( 'NONE',  ( 0.6000000000000542677, -3.904164443257983841, -10.50000000000000355 ) ) ;
#8462 = APPLICATION_PROTOCOL_DEFINITION ( 'draft international standard', 'automotive_design', 1998, #199 ) ;
#8463 = ORIENTED_EDGE ( 'NONE', *, *, #5067, .T. ) ;
#8464 = CARTESIAN_POINT ( 'NONE',  ( 3.948510389123018438, -0.7846229796064092543, -10.50000000000000533 ) ) ;
#8465 = ORIENTED_EDGE ( 'NONE', *, *, #1693, .T. ) ;
#8466 = VECTOR ( 'NONE', #5942, 1000.000000000000000 ) ;
#8467 = DIRECTION ( 'NONE',  ( -0.9510565162951497564, -0.3090169943749588310, 0.000000000000000000 ) ) ;
#8468 = CARTESIAN_POINT ( 'NONE',  ( -26.68461600099212205, -23.41364712928335479, -18.75985287860905970 ) ) ;
#8469 = CARTESIAN_POINT ( 'NONE',  ( -26.90393752455884524, 23.16091849811204639, -17.82637605769736311 ) ) ;
#8470 = CIRCLE ( 'NONE', #4293, 31.50000000000000000 ) ;
#8471 = ORIENTED_EDGE ( 'NONE', *, *, #3131, .T. ) ;
#8472 = CARTESIAN_POINT ( 'NONE',  ( 4.360821618337475059, -0.7865116804996551414, -25.85883034241281209 ) ) ;
#8473 = CARTESIAN_POINT ( 'NONE',  ( 16.19743291294065202, 23.31463478943900114, -2.833329964864176542 ) ) ;
#8474 = CARTESIAN_POINT ( 'NONE',  ( 0.000000000000000000, 0.000000000000000000, -4.099999999999998757 ) ) ;
#8475 = ORIENTED_EDGE ( 'NONE', *, *, #789, .F. ) ;
#8476 = CARTESIAN_POINT ( 'NONE',  ( -22.78127799633983130, -24.56333324286589104, -15.31632817220718401 ) ) ;
#8477 = CARTESIAN_POINT ( 'NONE',  ( 23.92867568824175351, 26.22460301695837970, -15.49726176814304779 ) ) ;
#8478 = CARTESIAN_POINT ( 'NONE',  ( -0.3108961472280582505, -3.971547331725794105, -30.50000000000000711 ) ) ;
#8479 = EDGE_CURVE ( 'NONE', #1381, #4590, #3253, .T. ) ;
#8480 = ORIENTED_EDGE ( 'NONE', *, *, #1711, .F. ) ;
#8481 = B_SPLINE_CURVE_WITH_KNOTS ( 'NONE', 3,
 ( #1396, #7836, #9081, #6989, #3354, #609, #3489, #2742, #3440, #6196, #6289, #9036, #8534, #3539, #6335, #9121, #8446, #4233, #7086, #2062, #7750, #7034, #5684, #6384, #19, #61, #7927, #151, #8715, #8764, #1582, #2979, #7222, #882, #4418, #2325, #7973, #2282, #1533, #4368, #5023, #5208, #6608, #4466, #829, #8625, #7272, #7883, #3676, #6568, #2190, #2374, #2882, #5819, #8670, #6520, #1489, #1443, #106, #5163 ),
 .UNSPECIFIED., .F., .F.,
 ( 4, 2, 2, 2, 1, 1, 1, 1, 2, 2, 2, 2, 2, 1, 1, 1, 1, 2, 2, 2, 2, 2, 2, 1, 1, 2, 2, 2, 2, 2, 1, 1, 1, 1, 2, 2, 4 ),
 ( 0.000000000000000000, 0.1249999999999856504, 0.1874999999999786005, 0.2187499999999752698, 0.2343749999999735212, 0.2421874999999725497, 0.2460937499999721612, 0.2480468749999719669, 0.2490234374999719114, 0.2499999999999718558, 0.3749999999999679146, 0.4374999999999659162, 0.4687499999999650835, 0.4843749999999644174, 0.4921874999999640843, 0.4960937499999639733, 0.4980468749999638067, 0.4990234374999638622, 0.4999999999999639178, 0.6249999999999864553, 0.6874999999999977796, 0.7187500000000034417, 0.7343750000000064393, 0.7421875000000081046, 0.7460937500000088818, 0.7480468750000093259, 0.7500000000000096589, 0.8125000000000268674, 0.8437500000000356382, 0.8593750000000401901, 0.8671875000000427436, 0.8710937500000439648, 0.8730468750000446310, 0.8740234375000447420, 0.8745117187500446310, 0.8750000000000444089, 1.000000000000000000 ),
 .UNSPECIFIED. ) ;
#8482 = CARTESIAN_POINT ( 'NONE',  ( 25.38822273444628408, -21.85607801934118655, -17.82637605772023193 ) ) ;
#8483 = CARTESIAN_POINT ( 'NONE',  ( -2.578222545362135243, -35.40650189164945516, -16.84589223768767141 ) ) ;
#8484 = CARTESIAN_POINT ( 'NONE',  ( -2.014237719409593286, 3.793097223293274922, -26.60265377525375285 ) ) ;
#8485 = EDGE_LOOP ( 'NONE', ( #7003, #878, #8117, #6635 ) ) ;
#8486 = CARTESIAN_POINT ( 'NONE',  ( -13.77846450198094175, -5.107772043194932721, -12.19650054602301736 ) ) ;
#8487 = CARTESIAN_POINT ( 'NONE',  ( 28.23577377035463698, -8.543481701821182384, -4.500000000000002665 ) ) ;
#8488 = CARTESIAN_POINT ( 'NONE',  ( -3.357058439208463252, -2.221829843051704501, -30.50000000000000711 ) ) ;
#8489 = EDGE_LOOP ( 'NONE', ( #6104, #3246, #9007, #3484 ) ) ;
#8490 = CARTESIAN_POINT ( 'NONE',  ( 0.6000000000003296030, -21.94158765350280405, -10.50000000000000355 ) ) ;
#8491 = CARTESIAN_POINT ( 'NONE',  ( 0.000000000000000000, 0.000000000000000000, -2.000000000000003553 ) ) ;
#8492 = EDGE_CURVE ( 'NONE', #4311, #4790, #2808, .T. ) ;
#8493 = CARTESIAN_POINT ( 'NONE',  ( -26.72745850258379363, 23.36444775707811772, -16.38942846829551669 ) ) ;
#8494 = EDGE_CURVE ( 'NONE', #2261, #2790, #5987, .T. ) ;
#8495 = CARTESIAN_POINT ( 'NONE',  ( 2.183129106472252001, 33.42902372074008355, -16.24166244714356111 ) ) ;
#8496 = EDGE_CURVE ( 'NONE', #1558, #2216, #8934, .T. ) ;
#8497 = CARTESIAN_POINT ( 'NONE',  ( 2.577814582302126123, -35.40653470733276009, -16.84523636481002029 ) ) ;
#8498 = ADVANCED_FACE ( 'NONE', ( #4641 ), #870, .F. ) ;
#8499 = CARTESIAN_POINT ( 'NONE',  ( -0.5999999999995230260, -31.49428519588912678, -4.500000000000002665 ) ) ;
#8500 = VERTEX_POINT ( 'NONE', #4772 ) ;
#8501 = PLANE ( 'NONE',  #8713 ) ;
#8502 = CARTESIAN_POINT ( 'NONE',  ( -24.60930377941548741, 25.58779123399753530, -19.93550015078834647 ) ) ;
#8503 = CARTESIAN_POINT ( 'NONE',  ( 25.10229073212299511, -25.10229073212189022, -15.00000000000000000 ) ) ;
#8504 = CARTESIAN_POINT ( 'NONE',  ( -23.92867568819223578, -26.22460301700293428, -15.49726176816959722 ) ) ;
#8505 = CARTESIAN_POINT ( 'NONE',  ( -5.619415091261197759, 6.713610354154586624, -16.89622736165783934 ) ) ;
#8506 = CARTESIAN_POINT ( 'NONE',  ( -23.16078682890366380, 26.90405087489842018, -17.82748966720692252 ) ) ;
#8507 = VERTEX_POINT ( 'NONE', #4732 ) ;
#8508 = DIRECTION ( 'NONE',  ( -1.000000000000000000, 0.000000000000000000, 0.000000000000000000 ) ) ;
#8509 = CARTESIAN_POINT ( 'NONE',  ( -3.332739304299203287, 2.258387776983925566, -30.50000000000000711 ) ) ;
#8510 = CARTESIAN_POINT ( 'NONE',  ( -0.6000820131603640251, -15.77054510906977747, -11.70806373516473720 ) ) ;
#8511 = B_SPLINE_CURVE_WITH_KNOTS ( 'NONE', 3,
 ( #4869, #7734, #3473, #3428, #4129, #7685, #1339, #6318, #2775, #6974, #5620, #9069, #2682, #5523, #8476, #8379, #4914, #2094, #6276, #1997 ),
 .UNSPECIFIED., .F., .F.,
 ( 4, 2, 2, 2, 2, 2, 2, 2, 2, 4 ),
 ( 0.5000000000000000000, 0.5625000000000000000, 0.6250000000000000000, 0.6875000000000000000, 0.7500000000000000000, 0.8125000000000000000, 0.8750000000000000000, 0.9375000000000000000, 0.9687500000000000000, 1.000000000000000000 ),
 .UNSPECIFIED. ) ;
#8512 = DIRECTION ( 'NONE',  ( 1.526556658859590243E-14, -1.000000000000000000, 0.000000000000000000 ) ) ;
#8513 = CARTESIAN_POINT ( 'NONE',  ( -23.22830714676237918, -24.13961512403153620, -15.07870116200536970 ) ) ;
#8514 = CARTESIAN_POINT ( 'NONE',  ( -23.91807993415463685, 23.45635784822727388, -15.01551170377316957 ) ) ;
#8515 = ORIENTED_EDGE ( 'NONE', *, *, #9158, .F. ) ;
#8516 = ORIENTED_EDGE ( 'NONE', *, *, #285, .F. ) ;
#8517 = DIRECTION ( 'NONE',  ( 0.9510565162951500895, 0.3090169943749578874, 0.000000000000000000 ) ) ;
#8518 = CARTESIAN_POINT ( 'NONE',  ( 12.40308291034181210, 8.288151179077743791, -2.000000000000003553 ) ) ;
#8519 = FACE_OUTER_BOUND ( 'NONE', #2737, .T. ) ;
#8520 = ORIENTED_EDGE ( 'NONE', *, *, #4144, .T. ) ;
#8521 = CARTESIAN_POINT ( 'NONE',  ( 23.45528926194415220, 23.92084648232815880, -19.99993715638739289 ) ) ;
#8522 = CARTESIAN_POINT ( 'NONE',  ( 22.06973770414739988, -1.727638083948607184, -10.50000000000000533 ) ) ;
#8523 = CARTESIAN_POINT ( 'NONE',  ( -24.75003765948719092, 22.57741158152162342, -19.49867079337194653 ) ) ;
#8524 = CARTESIAN_POINT ( 'NONE',  ( -2.646659642758649955, -35.40120326695736708, -17.17385420672569296 ) ) ;
#8525 = CARTESIAN_POINT ( 'NONE',  ( 0.000000000000000000, 9.132863896322508168, -4.099999999999999645 ) ) ;
#8526 = ORIENTED_EDGE ( 'NONE', *, *, #5974, .T. ) ;
#8527 = CARTESIAN_POINT ( 'NONE',  ( -8.185423026006821701, -3.290493549297244691, -16.81670375805748563 ) ) ;
#8528 = CARTESIAN_POINT ( 'NONE',  ( 2.966870942446746096, 3.062766821863702749, -26.77832487419810548 ) ) ;
#8529 = CARTESIAN_POINT ( 'NONE',  ( -4.025651666620710500, 0.02231310098543479517, -10.49999999999251443 ) ) ;
#8530 = EDGE_CURVE ( 'NONE', #6864, #7843, #5941, .T. ) ;
#8531 = ORIENTED_EDGE ( 'NONE', *, *, #3695, .T. ) ;
#8532 = LINE ( 'NONE', #4280, #530 ) ;
#8533 = CARTESIAN_POINT ( 'NONE',  ( 8.852515235321172682, -2.245479226614604418, -4.099999999999998757 ) ) ;
#8534 = CARTESIAN_POINT ( 'NONE',  ( -14.21332264425002734, -3.987311029066114454, -12.16297573965119128 ) ) ;
#8535 = CARTESIAN_POINT ( 'NONE',  ( -1.532002922261139322, 33.46576721928585840, -15.49726176816129986 ) ) ;
#8536 = CARTESIAN_POINT ( 'NONE',  ( 2.313451882526601278, -35.42478891474777924, -18.75847698606483860 ) ) ;
#8537 = EDGE_CURVE ( 'NONE', #2290, #4649, #6676, .T. ) ;
#8538 = DIRECTION ( 'NONE',  ( -1.000000000000000000, 0.000000000000000000, 0.000000000000000000 ) ) ;
#8539 = VERTEX_POINT ( 'NONE', #5479 ) ;
#8540 = CARTESIAN_POINT ( 'NONE',  ( 24.56192057538330786, 22.78274968965113700, -19.68467263740660300 ) ) ;
#8541 = AXIS2_PLACEMENT_3D ( 'NONE', #8266, #9048, #6955 ) ;
#8542 = ADVANCED_FACE ( 'NONE', ( #4819 ), #6175, .T. ) ;
#8543 = DIRECTION ( 'NONE',  ( -1.000000000000000000, 0.000000000000000000, 0.000000000000000000 ) ) ;
#8544 = CARTESIAN_POINT ( 'NONE',  ( 23.21309894036585320, -26.85925623098310311, -16.84589223793057400 ) ) ;
#8545 = VECTOR ( 'NONE', #4677, 1000.000000000000114 ) ;
#8546 = CARTESIAN_POINT ( 'NONE',  ( -23.91896888596976822, -23.45720397286483561, -19.99991912762039448 ) ) ;
#8547 = CARTESIAN_POINT ( 'NONE',  ( -3.516321472247715185, 3.819020330943854180, -23.20115358869301758 ) ) ;
#8548 = DIRECTION ( 'NONE',  ( 1.000000000000000000, 0.000000000000000000, 0.000000000000000000 ) ) ;
#8549 = CARTESIAN_POINT ( 'NONE',  ( 0.000000000000000000, 0.000000000000000000, 0.000000000000000000 ) ) ;
#8550 = FACE_OUTER_BOUND ( 'NONE', #8033, .T. ) ;
#8551 = CARTESIAN_POINT ( 'NONE',  ( 35.47633213036990441, 1.335370426013579914, -19.68396276672890721 ) ) ;
#8552 = AXIS2_PLACEMENT_3D ( 'NONE', #3951, #7683, #4733 ) ;
#8553 = EDGE_CURVE ( 'NONE', #3943, #6939, #7636, .T. ) ;
#8554 = CARTESIAN_POINT ( 'NONE',  ( 31.05078105324857418, -5.156314884326961057, -4.463889547375782030 ) ) ;
#8555 = CIRCLE ( 'NONE', #521, 31.50000000000000711 ) ;
#8556 = CARTESIAN_POINT ( 'NONE',  ( -5.042218622800830552, -29.06597788460256382, -4.500000000000001776 ) ) ;
#8557 = CARTESIAN_POINT ( 'NONE',  ( 11.26280726100075569, -9.122043225152388857, -4.500000000000000000 ) ) ;
#8558 = ORIENTED_EDGE ( 'NONE', *, *, #1021, .T. ) ;
#8559 = CARTESIAN_POINT ( 'NONE',  ( -35.40118623936240283, 2.646887390694552256, -17.82748966708707172 ) ) ;
#8560 = CARTESIAN_POINT ( 'NONE',  ( 35.42481568523910340, -2.313029202985755539, -16.24083615950015869 ) ) ;
#8561 = CARTESIAN_POINT ( 'NONE',  ( -0.3489985056937434660, 35.50000000000001421, -14.99961911895356792 ) ) ;
#8562 = ORIENTED_EDGE ( 'NONE', *, *, #3744, .T. ) ;
#8563 = DIRECTION ( 'NONE',  ( 0.6427876096865379196, 0.7660444431189793457, -0.000000000000000000 ) ) ;
#8564 = CIRCLE ( 'NONE', #7676, 29.50000000000000000 ) ;
#8565 = CARTESIAN_POINT ( 'NONE',  ( 20.88148550512669743, -7.349940052708421767, -10.50000000000000533 ) ) ;
#8566 = EDGE_CURVE ( 'NONE', #778, #5390, #1081, .T. ) ;
#8567 = CARTESIAN_POINT ( 'NONE',  ( 0.000000000000000000, 0.000000000000000000, -10.50000000000000355 ) ) ;
#8568 = CARTESIAN_POINT ( 'NONE',  ( 0.1730936072702211059, -35.50000000000000711, -14.99981109353423570 ) ) ;
#8569 = CARTESIAN_POINT ( 'NONE',  ( 8.627836415909397871, -20.64001733679410577, -10.50000000000000178 ) ) ;
#8570 = CARTESIAN_POINT ( 'NONE',  ( -2.139954117520578514, 3.965381100246701873, -25.55691343502711987 ) ) ;
#8571 = ORIENTED_EDGE ( 'NONE', *, *, #2731, .F. ) ;
#8572 = DIRECTION ( 'NONE',  ( -0.000000000000000000, -0.000000000000000000, 1.000000000000000000 ) ) ;
#8573 = DIRECTION ( 'NONE',  ( -0.000000000000000000, -0.000000000000000000, 1.000000000000000000 ) ) ;
#8574 = CARTESIAN_POINT ( 'NONE',  ( 2.843884560468208367, -2.849331469390596450, -30.50000000000000711 ) ) ;
#8575 = ORIENTED_EDGE ( 'NONE', *, *, #4667, .F. ) ;
#8576 = CARTESIAN_POINT ( 'NONE',  ( 16.84163136444394837, 22.15973595123872641, -2.000000000000003553 ) ) ;
#8577 = DIRECTION ( 'NONE',  ( -0.000000000000000000, -0.000000000000000000, 1.000000000000000000 ) ) ;
#8578 = FACE_OUTER_BOUND ( 'NONE', #316, .T. ) ;
#8579 = AXIS2_PLACEMENT_3D ( 'NONE', #819, #6458, #3615 ) ;
#8580 = DIRECTION ( 'NONE',  ( -0.000000000000000000, 0.000000000000000000, 1.000000000000000000 ) ) ;
#8581 = VERTEX_POINT ( 'NONE', #2679 ) ;
#8582 = CARTESIAN_POINT ( 'NONE',  ( -35.50000000000000000, 0.3461872145486103447, -15.00037781293153394 ) ) ;
#8583 = CARTESIAN_POINT ( 'NONE',  ( 9.251958079113029143, -3.637020743167769687, -2.700039325476423002 ) ) ;
#8584 = ORIENTED_EDGE ( 'NONE', *, *, #8885, .F. ) ;
#8585 = ORIENTED_EDGE ( 'NONE', *, *, #1131, .F. ) ;
#8586 = CARTESIAN_POINT ( 'NONE',  ( 25.18159475674390535, 22.09418396602300660, -16.24166244697568828 ) ) ;
#8587 = AXIS2_PLACEMENT_3D ( 'NONE', #8112, #6840, #464 ) ;
#8588 = CARTESIAN_POINT ( 'NONE',  ( 0.3264868179077652366, -33.49878621082317665, -15.01551170377325661 ) ) ;
#8589 = EDGE_CURVE ( 'NONE', #8088, #5771, #5388, .T. ) ;
#8590 = EDGE_CURVE ( 'NONE', #8251, #5827, #3425, .T. ) ;
#8591 = CARTESIAN_POINT ( 'NONE',  ( -17.82148828198198842, 23.50839329718598236, -9.500000000000005329 ) ) ;
#8592 = EDGE_CURVE ( 'NONE', #6663, #4790, #5419, .T. ) ;
#8593 = CARTESIAN_POINT ( 'NONE',  ( 2.117411690804011037, 35.43764399865766990, -15.96378118977798799 ) ) ;
#8594 = CARTESIAN_POINT ( 'NONE',  ( -2.780239154922234501, 2.805845726592483658, -30.50000000000000711 ) ) ;
#8595 = CIRCLE ( 'NONE', #9181, 1.000000000000000000 ) ;
#8596 = CARTESIAN_POINT ( 'NONE',  ( -33.44115701281391040, 1.998120891395615661, -15.96378118986502237 ) ) ;
#8597 = CARTESIAN_POINT ( 'NONE',  ( 2.843890762319539078, -2.849324980604506674, -10.49999999999251443 ) ) ;
#8598 = CARTESIAN_POINT ( 'NONE',  ( 35.40119833039999975, 2.646725670387187979, -17.16967451192983418 ) ) ;
#8599 = AXIS2_PLACEMENT_3D ( 'NONE', #479, #4019, #4892 ) ;
#8600 = CARTESIAN_POINT ( 'NONE',  ( 35.50000000000000000, 0.000000000000000000, 0.000000000000000000 ) ) ;
#8601 = EDGE_CURVE ( 'NONE', #733, #965, #7728, .T. ) ;
#8602 = CARTESIAN_POINT ( 'NONE',  ( -4.292608586725070730, -28.90041844968272500, -4.076053988288476759 ) ) ;
#8603 = DIRECTION ( 'NONE',  ( -1.000000000000000000, 0.000000000000000000, 0.000000000000000000 ) ) ;
#8604 = ADVANCED_FACE ( 'NONE', ( #2722 ), #8973, .T. ) ;
#8605 = ORIENTED_EDGE ( 'NONE', *, *, #7392, .T. ) ;
#8606 = CARTESIAN_POINT ( 'NONE',  ( -35.40120507038117381, -2.646635518232877793, -17.16962608726845119 ) ) ;
#8607 = CARTESIAN_POINT ( 'NONE',  ( 35.50000000000000711, -0.04158085536534839033, -19.99990598401258524 ) ) ;
#8608 = VECTOR ( 'NONE', #6118, 1000.000000000000000 ) ;
#8609 = DIRECTION ( 'NONE',  ( 0.3090169943749582204, -0.9510565162951499785, 0.000000000000000000 ) ) ;
#8610 = ORIENTED_EDGE ( 'NONE', *, *, #460, .T. ) ;
#8611 = DIRECTION ( 'NONE',  ( -0.000000000000000000, -0.000000000000000000, 1.000000000000000000 ) ) ;
#8612 = CARTESIAN_POINT ( 'NONE',  ( -3.971547331721663632, 0.3108961472251215996, -10.50000000000000533 ) ) ;
#8613 = ORIENTED_EDGE ( 'NONE', *, *, #1658, .F. ) ;
#8614 = VECTOR ( 'NONE', #6330, 1000.000000000000114 ) ;
#8615 = DIRECTION ( 'NONE',  ( 0.5877852522924679191, 0.8090169943749512260, 0.000000000000000000 ) ) ;
#8616 = CARTESIAN_POINT ( 'NONE',  ( -2.182618677700498999, -33.42905698873226328, -18.75985287847622018 ) ) ;
#8617 = FACE_OUTER_BOUND ( 'NONE', #7039, .T. ) ;
#8618 = ORIENTED_EDGE ( 'NONE', *, *, #3593, .F. ) ;
#8619 = FACE_OUTER_BOUND ( 'NONE', #1516, .T. ) ;
#8620 = CARTESIAN_POINT ( 'NONE',  ( 21.11189746730347139, 20.59770795404536159, -4.492960760209226301 ) ) ;
#8621 = CARTESIAN_POINT ( 'NONE',  ( 20.65640829174696336, 8.588519858955464770, -10.50000000000000533 ) ) ;
#8622 = EDGE_LOOP ( 'NONE', ( #1197, #319, #2019, #4807, #6554, #7542, #4032, #6142, #7330, #5645, #8450, #6969 ) ) ;
#8623 = CARTESIAN_POINT ( 'NONE',  ( -25.58779123396363531, -24.60930377945137337, -19.93550015081901705 ) ) ;
#8624 = CARTESIAN_POINT ( 'NONE',  ( -2.577646729968392059, -35.40654375042053914, -18.15506602341434927 ) ) ;
#8625 = CARTESIAN_POINT ( 'NONE',  ( -4.431634902092017825, -0.8095387437375169970, -25.55697476781644895 ) ) ;
#8626 = DIRECTION ( 'NONE',  ( 1.000000000000000000, 0.000000000000000000, 0.000000000000000000 ) ) ;
#8627 = ORIENTED_EDGE ( 'NONE', *, *, #7604, .T. ) ;
#8628 = DIRECTION ( 'NONE',  ( -0.000000000000000000, -0.000000000000000000, 1.000000000000000000 ) ) ;
#8629 = CARTESIAN_POINT ( 'NONE',  ( -33.41170923154141548, -2.433818831067423361, -18.15144138419044140 ) ) ;
#8630 = EDGE_LOOP ( 'NONE', ( #245, #934, #3361, #4043 ) ) ;
#8631 = ORIENTED_EDGE ( 'NONE', *, *, #4592, .T. ) ;
#8632 = DIRECTION ( 'NONE',  ( -0.000000000000000000, -0.000000000000000000, 1.000000000000000000 ) ) ;
#8633 = FACE_BOUND ( 'NONE', #6216, .T. ) ;
#8634 = B_SPLINE_CURVE_WITH_KNOTS ( 'NONE', 3,
 ( #2221, #3104, #814, #2359 ),
 .UNSPECIFIED., .F., .F.,
 ( 4, 4 ),
 ( 2.422455444449152500E-07, 0.001816574447397668662 ),
 .UNSPECIFIED. ) ;
#8635 = CARTESIAN_POINT ( 'NONE',  ( -25.38832969884737523, -21.85595376812085888, -17.82748966708716054 ) ) ;
#8636 = CARTESIAN_POINT ( 'NONE',  ( -23.57257703658443049, -23.80357730291425256, -14.99981109353420727 ) ) ;
#8637 = CARTESIAN_POINT ( 'NONE',  ( -3.066284768867187260, 3.200362160113303212, -25.85876949052378748 ) ) ;
#8638 = CARTESIAN_POINT ( 'NONE',  ( 0.2160423916238677355, -3.977834876854685398, -30.50000000000000711 ) ) ;
#8639 = CARTESIAN_POINT ( 'NONE',  ( -25.34661596825050012, 21.90467636906659266, -18.15144138444374633 ) ) ;
#8640 = ORIENTED_EDGE ( 'NONE', *, *, #2997, .F. ) ;
#8641 = DIRECTION ( 'NONE',  ( 0.000000000000000000, 0.000000000000000000, -1.000000000000000000 ) ) ;
#8642 = EDGE_CURVE ( 'NONE', #3147, #3850, #7550, .T. ) ;
#8643 = CARTESIAN_POINT ( 'NONE',  ( -0.6000017818198846165, -8.950241912311009074, -16.64262186687719236 ) ) ;
#8644 = B_SPLINE_SURFACE_WITH_KNOTS ( 'NONE', 1, 3, ( 
 ( #3944, #6783, #6089, #3332, #4907, #8969, #3992, #5612, #7012, #589, #6220, #8468, #9101, #2717, #1232, #8372, #4076, #1899, #5430, #2086, #4725, #9145, #2767, #5564, #2037, #7678, #8420, #8284, #1990, #6918, #7632, #631, #6872, #2630, #6268, #5515 ),
 ( #4860, #1282, #4121, #5474, #7725, #8331, #7588, #1195, #4813, #6966, #6311, #1149, #6831, #6170, #4165, #1332, #3421, #4036, #455, #9014, #3291, #3465, #2675, #6128, #2583, #495, #543, #1944, #4768, #3378, #9062, #3655, #8513, #8690, #6358, #6445 ) ),
 .UNSPECIFIED., .F., .T., .F.,
 ( 2, 2 ),
 ( 4, 2, 2, 2, 2, 2, 2, 2, 2, 2, 2, 2, 2, 2, 2, 2, 2, 4 ),
 ( 0.000000000000000000, 1.000000000000000000 ),
 ( 0.000000000000000000, 0.06250000000000000000, 0.1250000000000000000, 0.1875000000000000000, 0.2500000000000000000, 0.3125000000000000000, 0.3750000000000000000, 0.4375000000000000000, 0.5000000000000000000, 0.5625000000000000000, 0.6250000000000000000, 0.6875000000000000000, 0.7500000000000000000, 0.8125000000000000000, 0.8750000000000000000, 0.9375000000000000000, 0.9687500000000000000, 1.000000000000000000 ),
 .UNSPECIFIED. ) ;
#8645 = CARTESIAN_POINT ( 'NONE',  ( 0.000000000000000000, 0.000000000000000000, 0.000000000000000000 ) ) ;
#8646 = B_SPLINE_CURVE_WITH_KNOTS ( 'NONE', 3,
 ( #4461, #5958, #4503, #372, #2411, #8799, #5245, #1768, #4601, #3901, #6736, #3203, #2505, #876, #3721, #6563, #189, #5859, #920, #8015, #3764, #2634 ),
 .UNSPECIFIED., .F., .F.,
 ( 4, 2, 2, 2, 2, 2, 2, 2, 2, 2, 4 ),
 ( 0.4999148010371693429, 0.5000000000000000000, 0.5625000000000000000, 0.6250000000000000000, 0.6875000000000000000, 0.7500000000000000000, 0.8125000000000000000, 0.8750000000000000000, 0.9375000000000000000, 0.9687500000000000000, 1.000000000000000000 ),
 .UNSPECIFIED. ) ;
#8647 = DIRECTION ( 'NONE',  ( 0.000000000000000000, 0.000000000000000000, -1.000000000000000000 ) ) ;
#8648 = FACE_OUTER_BOUND ( 'NONE', #2558, .T. ) ;
#8649 = ORIENTED_EDGE ( 'NONE', *, *, #3681, .T. ) ;
#8650 = ORIENTED_EDGE ( 'NONE', *, *, #5221, .F. ) ;
#8651 = CARTESIAN_POINT ( 'NONE',  ( 13.48726208049589381, -3.751330139313564960, -12.55496644621268487 ) ) ;
#8652 = DIRECTION ( 'NONE',  ( -0.000000000000000000, -0.000000000000000000, 1.000000000000000000 ) ) ;
#8653 = CARTESIAN_POINT ( 'NONE',  ( 1.005615334656411013E-14, 35.50000000000000711, -15.00000000000000000 ) ) ;
#8654 = EDGE_LOOP ( 'NONE', ( #6376, #4737, #5862, #4583 ) ) ;
#8655 = ADVANCED_FACE ( 'NONE', ( #5434 ), #7280, .F. ) ;
#8656 = DIRECTION ( 'NONE',  ( 1.000000000000000000, 0.000000000000000000, 0.000000000000000000 ) ) ;
#8657 = EDGE_CURVE ( 'NONE', #5721, #3157, #5783, .T. ) ;
#8658 = CARTESIAN_POINT ( 'NONE',  ( 13.25113100649824283, 7.758231914844540889, 0.000000000000000000 ) ) ;
#8659 = EDGE_LOOP ( 'NONE', ( #9099, #7592 ) ) ;
#8660 = CARTESIAN_POINT ( 'NONE',  ( 11.26280726100075569, -9.122043225152388857, -3.499999999999999556 ) ) ;
#8661 = CARTESIAN_POINT ( 'NONE',  ( 0.6828632176288346178, -35.49383152889766535, -15.07870116200540522 ) ) ;
#8662 = FACE_OUTER_BOUND ( 'NONE', #4854, .T. ) ;
#8663 = ORIENTED_EDGE ( 'NONE', *, *, #6652, .F. ) ;
#8664 = CARTESIAN_POINT ( 'NONE',  ( -3.994443847110341395, 4.477099323477460757, -4.099999999999999645 ) ) ;
#8665 = CARTESIAN_POINT ( 'NONE',  ( 2.975034570030000491, 3.074014348017410470, -26.69831748403827376 ) ) ;
#8666 = CARTESIAN_POINT ( 'NONE',  ( -2.432585591686674764, 33.41180035762823053, -16.84523636482767017 ) ) ;
#8667 = ORIENTED_EDGE ( 'NONE', *, *, #5222, .T. ) ;
#8668 = CARTESIAN_POINT ( 'NONE',  ( 35.47636405748864519, 1.335333399953608113, -15.31632817220720177 ) ) ;
#8669 = CARTESIAN_POINT ( 'NONE',  ( -0.3461872145389482958, -35.50000000000001421, -15.00037781293152861 ) ) ;
#8670 = CARTESIAN_POINT ( 'NONE',  ( -4.199615239919154419, -0.7336605380797632803, -26.77840527121924197 ) ) ;
#8671 = LINE ( 'NONE', #3075, #6503 ) ;
#8672 = EDGE_CURVE ( 'NONE', #2455, #7309, #2531, .T. ) ;
#8673 = ORIENTED_EDGE ( 'NONE', *, *, #9194, .F. ) ;
#8674 = FACE_OUTER_BOUND ( 'NONE', #4495, .T. ) ;
#8675 = CARTESIAN_POINT ( 'NONE',  ( -33.41180889124409248, 2.432427195854065083, -18.15506602361177002 ) ) ;
#8676 = VERTEX_POINT ( 'NONE', #8518 ) ;
#8677 = PRESENTATION_STYLE_ASSIGNMENT (( #4427 ) ) ;
#8678 = CARTESIAN_POINT ( 'NONE',  ( 23.68807716974903244, 23.68807716974965416, -15.00000000000000178 ) ) ;
#8679 = ORIENTED_EDGE ( 'NONE', *, *, #6066, .T. ) ;
#8680 = DIRECTION ( 'NONE',  ( -0.000000000000000000, -0.000000000000000000, 1.000000000000000000 ) ) ;
#8681 = DIRECTION ( 'NONE',  ( 0.000000000000000000, 0.000000000000000000, -1.000000000000000000 ) ) ;
#8682 = DIRECTION ( 'NONE',  ( -0.000000000000000000, -0.000000000000000000, 1.000000000000000000 ) ) ;
#8683 = CARTESIAN_POINT ( 'NONE',  ( -0.3291986673764442095, 33.49998685118933395, -19.99993715642229120 ) ) ;
#8684 = CARTESIAN_POINT ( 'NONE',  ( -3.424888273496119684, 3.693307053215884928, -23.65423359998683139 ) ) ;
#8685 = CARTESIAN_POINT ( 'NONE',  ( -0.3108961472276153826, -3.971547331726644536, -10.50000000000000533 ) ) ;
#8686 = CARTESIAN_POINT ( 'NONE',  ( -24.24758564573685504, 23.11553767791910730, -15.12618847594104921 ) ) ;
#8687 = CYLINDRICAL_SURFACE ( 'NONE', #3492, 0.9999999999999998890 ) ;
#8688 = CARTESIAN_POINT ( 'NONE',  ( -0.6000000000001611822, -13.53047960342654044, -12.75621536236194409 ) ) ;
#8689 = DIRECTION ( 'NONE',  ( -0.000000000000000000, -0.000000000000000000, 1.000000000000000000 ) ) ;
#8690 = CARTESIAN_POINT ( 'NONE',  ( -23.45635784825377357, -23.91807993412865585, -15.01551170377322109 ) ) ;
#8691 = CARTESIAN_POINT ( 'NONE',  ( -0.5999999999999398037, -3.904164443258002937, -10.44999999999990514 ) ) ;
#8692 = AXIS2_PLACEMENT_3D ( 'NONE', #3394, #6238, #7878 ) ;
#8693 = ORIENTED_EDGE ( 'NONE', *, *, #232, .T. ) ;
#8694 = CARTESIAN_POINT ( 'NONE',  ( 12.81447181246080547, -3.532577801033945253, -12.96076474849142457 ) ) ;
#8695 = CYLINDRICAL_SURFACE ( 'NONE', #440, 35.50000000000001421 ) ;
#8696 = CARTESIAN_POINT ( 'NONE',  ( 12.40308291034181032, 8.288151179077738462, -2.000000000000003553 ) ) ;
#8697 = ORIENTED_EDGE ( 'NONE', *, *, #2512, .F. ) ;
#8698 = CARTESIAN_POINT ( 'NONE',  ( 19.65456138640164951, 19.89294257091452067, 0.000000000000000000 ) ) ;
#8699 = EDGE_CURVE ( 'NONE', #2290, #3730, #7096, .T. ) ;
#8700 = CARTESIAN_POINT ( 'NONE',  ( 16.47927677956636217, -14.78145772586674944, -10.50000000000000533 ) ) ;
#8701 = CONICAL_SURFACE ( 'NONE', #4671, 27.83333333333332860, 0.5880026035475688362 ) ;
#8702 = EDGE_LOOP ( 'NONE', ( #7976, #922, #5060, #8693, #612, #7866, #4744, #3567 ) ) ;
#8703 = DIRECTION ( 'NONE',  ( 0.000000000000000000, 0.000000000000000000, -1.000000000000000000 ) ) ;
#8704 = CARTESIAN_POINT ( 'NONE',  ( 4.979876103497482553E-13, -35.50000000000001421, -15.00000000000000178 ) ) ;
#8705 = EDGE_CURVE ( 'NONE', #4067, #6002, #680, .T. ) ;
#8706 = CARTESIAN_POINT ( 'NONE',  ( 4.164255879605538446, -28.27333158457087592, -0.1936872831438000708 ) ) ;
#8707 = ORIENTED_EDGE ( 'NONE', *, *, #7577, .T. ) ;
#8708 = CARTESIAN_POINT ( 'NONE',  ( 26.68461600102536835, 23.41364712924518088, -18.75985287855435857 ) ) ;
#8709 = CARTESIAN_POINT ( 'NONE',  ( 2.030270917882635917, 1.840000000000000080, -33.00000000000000000 ) ) ;
#8710 = CARTESIAN_POINT ( 'NONE',  ( 18.67367976851161870, 25.36185489870724652, -2.000000000000003553 ) ) ;
#8711 = ORIENTED_EDGE ( 'NONE', *, *, #4810, .F. ) ;
#8712 = CARTESIAN_POINT ( 'NONE',  ( 35.46350419275210442, 1.627996760250133734, -19.49867079312600637 ) ) ;
#8713 = AXIS2_PLACEMENT_3D ( 'NONE', #2748, #8451, #1265 ) ;
#8714 = CARTESIAN_POINT ( 'NONE',  ( 27.59365244646933490, -4.541067284790084813, -2.168404344971008868E-16 ) ) ;
#8715 = CARTESIAN_POINT ( 'NONE',  ( -8.623172677820733156, -2.170961312498558282, -16.73232201004111985 ) ) ;
#8716 = CARTESIAN_POINT ( 'NONE',  ( -5.162651825275719197, -13.99560437348234210, -2.000000000000003553 ) ) ;
#8717 = VERTEX_POINT ( 'NONE', #1379 ) ;
#8718 = AXIS2_PLACEMENT_3D ( 'NONE', #3736, #1029, #3084 ) ;
#8719 = CARTESIAN_POINT ( 'NONE',  ( 29.76743496498354702, -10.30290326099762410, -4.500000000000002665 ) ) ;
#8720 = ORIENTED_EDGE ( 'NONE', *, *, #1540, .F. ) ;
#8721 = B_SPLINE_SURFACE_WITH_KNOTS ( 'NONE', 1, 3, ( 
 ( #7546, #2584, #5298, #5431, #7589, #1900, #1007, #8421, #7061, #8373, #4257, #632, #1233, #3422, #3513, #4122, #4166, #6359, #6269, #4814, #3333, #3466, #6967, #7679, #8469, #6312, #3379, #4077, #1421, #6221, #677, #9146, #590, #9063, #2131, #5475 ),
 ( #496, #6919, #7771, #1283, #2676, #544, #7815, #1991, #1376, #5516, #2038, #6171, #9102, #2768, #4210, #9196, #4769, #2718, #5565, #2087, #5613, #2818, #5661, #9015, #1945, #4861, #2631, #7726, #4908, #1333, #7013, #8332, #7633, #8514, #4949, #3750 ) ),
 .UNSPECIFIED., .F., .T., .F.,
 ( 2, 2 ),
 ( 4, 2, 2, 2, 2, 2, 2, 2, 2, 2, 2, 2, 2, 2, 2, 2, 2, 4 ),
 ( 0.000000000000000000, 1.000000000000000000 ),
 ( 0.000000000000000000, 0.06250000000000000000, 0.1250000000000000000, 0.1875000000000000000, 0.2500000000000000000, 0.3125000000000000000, 0.3750000000000000000, 0.4375000000000000000, 0.5000000000000000000, 0.5625000000000000000, 0.6250000000000000000, 0.6875000000000000000, 0.7500000000000000000, 0.8125000000000000000, 0.8750000000000000000, 0.9375000000000000000, 0.9687500000000000000, 1.000000000000000000 ),
 .UNSPECIFIED. ) ;
#8722 = CARTESIAN_POINT ( 'NONE',  ( 2.030270917882635917, -1.840000000000000080, -33.00000000000000000 ) ) ;
#8723 = EDGE_LOOP ( 'NONE', ( #468, #8754, #2306, #2403 ) ) ;
#8724 = CARTESIAN_POINT ( 'NONE',  ( -22.09456841780257363, 25.18125735302440305, -18.75985287868912721 ) ) ;
#8725 = CARTESIAN_POINT ( 'NONE',  ( 24.14622553052563347, 23.22286413002773742, -19.93550015085430616 ) ) ;
#8726 = ORIENTED_EDGE ( 'NONE', *, *, #4816, .F. ) ;
#8727 = CARTESIAN_POINT ( 'NONE',  ( -35.50000000000000000, 4.347496136973103281E-15, -1.500000000000000000 ) ) ;
#8728 = DIRECTION ( 'NONE',  ( 0.000000000000000000, 0.000000000000000000, -1.000000000000000000 ) ) ;
#8729 = AXIS2_PLACEMENT_3D ( 'NONE', #6417, #54, #2734 ) ;
#8730 = CARTESIAN_POINT ( 'NONE',  ( 0.000000000000000000, 0.000000000000000000, 0.000000000000000000 ) ) ;
#8731 = VECTOR ( 'NONE', #4596, 1000.000000000000000 ) ;
#8732 = CARTESIAN_POINT ( 'NONE',  ( -2.646635518232780537, 35.40120507038118802, -17.16962608734250395 ) ) ;
#8733 = CARTESIAN_POINT ( 'NONE',  ( -6.642836045645182708, 8.121559732973294032, -15.01740512108082370 ) ) ;
#8734 = VERTEX_POINT ( 'NONE', #7201 ) ;
#8735 = CARTESIAN_POINT ( 'NONE',  ( 3.550256487453492760, -1.807075951867820995, -10.50000000000997424 ) ) ;
#8736 = DIRECTION ( 'NONE',  ( 0.000000000000000000, 0.6360170256337485117, -0.7716750242841864393 ) ) ;
#8737 = CARTESIAN_POINT ( 'NONE',  ( 27.91625222717898325, -13.27421339902830333, -3.617269320720087222 ) ) ;
#8738 = DIRECTION ( 'NONE',  ( 1.000000000000000000, 0.000000000000000000, 0.000000000000000000 ) ) ;
#8739 = AXIS2_PLACEMENT_3D ( 'NONE', #8306, #4444, #8738 ) ;
#8740 = B_SPLINE_CURVE_WITH_KNOTS ( 'NONE', 3,
 ( #4994, #764, #4300, #7107 ),
 .UNSPECIFIED., .F., .F.,
 ( 4, 4 ),
 ( 0.009102835270812500990, 0.01152886535196153729 ),
 .UNSPECIFIED. ) ;
#8741 = CARTESIAN_POINT ( 'NONE',  ( -2.768091920545945772, 2.860452358879418622, -30.50000000000000711 ) ) ;
#8742 = CARTESIAN_POINT ( 'NONE',  ( -18.02646617301203591, 25.83208310054095591, -10.50000000000000355 ) ) ;
#8743 = ORIENTED_EDGE ( 'NONE', *, *, #3450, .T. ) ;
#8744 = ORIENTED_EDGE ( 'NONE', *, *, #4704, .F. ) ;
#8745 = CARTESIAN_POINT ( 'NONE',  ( -35.49466737621364842, -0.6940836976013171622, -19.93459846099842991 ) ) ;
#8746 = CARTESIAN_POINT ( 'NONE',  ( 18.99728656626161438, 25.12674079779023728, -10.50000000000000355 ) ) ;
#8747 = DIRECTION ( 'NONE',  ( -0.000000000000000000, -0.000000000000000000, 1.000000000000000000 ) ) ;
#8748 = ORIENTED_EDGE ( 'NONE', *, *, #5796, .T. ) ;
#8749 = CARTESIAN_POINT ( 'NONE',  ( 11.50000000000000000, 0.000000000000000000, 0.000000000000000000 ) ) ;
#8750 = CARTESIAN_POINT ( 'NONE',  ( -12.40308291034193111, 8.288151179077567932, -2.000000000000003553 ) ) ;
#8751 = CARTESIAN_POINT ( 'NONE',  ( -26.27951158041672741, -9.169608254401456549, -2.000000000000003553 ) ) ;
#8752 = CARTESIAN_POINT ( 'NONE',  ( 0.8482685734059319804, -35.49023557169646637, -15.12618847594110960 ) ) ;
#8753 = CIRCLE ( 'NONE', #7572, 31.50000000000000000 ) ;
#8754 = ORIENTED_EDGE ( 'NONE', *, *, #3419, .F. ) ;
#8755 = CARTESIAN_POINT ( 'NONE',  ( 26.68497354819129797, 23.41323972518856422, -16.24166244697568118 ) ) ;
#8756 = CARTESIAN_POINT ( 'NONE',  ( 2.497766974317538136, 33.40675321179267598, -17.82748966714402883 ) ) ;
#8757 = CARTESIAN_POINT ( 'NONE',  ( -18.51982656518780601, 12.54989408095846848, -10.50000000000000533 ) ) ;
#8758 = ORIENTED_EDGE ( 'NONE', *, *, #4571, .F. ) ;
#8759 = CARTESIAN_POINT ( 'NONE',  ( 35.49470626147026309, -0.6918957585745114658, -19.93549989884338913 ) ) ;
#8760 = CARTESIAN_POINT ( 'NONE',  ( -1.536295572996437375, -33.46555341488708990, -15.50119477829921522 ) ) ;
#8761 = EDGE_CURVE ( 'NONE', #9032, #4332, #7134, .T. ) ;
#8762 = B_SPLINE_CURVE_WITH_KNOTS ( 'NONE', 3,
 ( #7809, #3556, #6399, #35 ),
 .UNSPECIFIED., .F., .F.,
 ( 4, 4 ),
 ( 0.001210597731249375177, 0.003026929933099506333 ),
 .UNSPECIFIED. ) ;
#8763 = VECTOR ( 'NONE', #6852, 1000.000000000000000 ) ;
#8764 = CARTESIAN_POINT ( 'NONE',  ( -8.037447809572565660, -1.980647766231299123, -17.45231529768780376 ) ) ;
#8765 = AXIS2_PLACEMENT_3D ( 'NONE', #2497, #8054, #2450 ) ;
#8766 = CARTESIAN_POINT ( 'NONE',  ( -9.132863896322508168, 1.118453253767978403E-15, -4.099999999999998757 ) ) ;
#8767 = DIRECTION ( 'NONE',  ( 1.000000000000000000, 0.000000000000000000, 0.000000000000000000 ) ) ;
#8768 = DIRECTION ( 'NONE',  ( 0.000000000000000000, 0.5547737668027453717, 0.8320012425877097995 ) ) ;
#8769 = ORIENTED_EDGE ( 'NONE', *, *, #6829, .T. ) ;
#8770 = VECTOR ( 'NONE', #1858, 1000.000000000000000 ) ;
#8771 = CARTESIAN_POINT ( 'NONE',  ( 25.34580837210586068, -21.90561283697237371, -16.84523636444804140 ) ) ;
#8772 = ORIENTED_EDGE ( 'NONE', *, *, #5051, .T. ) ;
#8773 = FACE_OUTER_BOUND ( 'NONE', #1045, .T. ) ;
#8774 = EDGE_CURVE ( 'NONE', #3903, #5217, #5751, .T. ) ;
#8775 = CARTESIAN_POINT ( 'NONE',  ( 35.50000000000001421, 0.000000000000000000, -33.50000000000000000 ) ) ;
#8776 = ADVANCED_FACE ( 'NONE', ( #5048 ), #7909, .T. ) ;
#8777 = DIRECTION ( 'NONE',  ( 1.000000000000000000, 0.000000000000000000, 0.000000000000000000 ) ) ;
#8778 = ADVANCED_FACE ( 'NONE', ( #3659 ), #6500, .F. ) ;
#8779 = CARTESIAN_POINT ( 'NONE',  ( 2.432970571027354367, 33.41176939070787455, -16.84589223775190803 ) ) ;
#8780 = CARTESIAN_POINT ( 'NONE',  ( -23.68807716974887612, -23.68807716974980693, -15.00000000000000178 ) ) ;
#8781 = CARTESIAN_POINT ( 'NONE',  ( 2.965519056003066201, -2.659988975720917193, -10.49999999999003819 ) ) ;
#8782 = CARTESIAN_POINT ( 'NONE',  ( -33.50000000000000000, -9.259528367083139930E-14, -14.99999999999999645 ) ) ;
#8783 = CARTESIAN_POINT ( 'NONE',  ( 28.04785388743013286, -14.33763900749946174, -4.500000000000000000 ) ) ;
#8784 = DIRECTION ( 'NONE',  ( 1.000000000000000000, 0.000000000000000000, 0.000000000000000000 ) ) ;
#8785 = CARTESIAN_POINT ( 'NONE',  ( -3.062995491575550844, -2.542160340458014645, -30.50000000000000711 ) ) ;
#8786 = CARTESIAN_POINT ( 'NONE',  ( -18.02646617301205723, 25.83208310054093815, -4.500000000000002665 ) ) ;
#8787 = ORIENTED_EDGE ( 'NONE', *, *, #5408, .F. ) ;
#8788 = CARTESIAN_POINT ( 'NONE',  ( -33.47773739745179000, 1.258063798021579638, -19.68467263745364804 ) ) ;
#8789 = CARTESIAN_POINT ( 'NONE',  ( -19.94509001354612820, 20.35788556460798659, -2.999864845264822222 ) ) ;
#8790 = DIRECTION ( 'NONE',  ( 0.3090169943749582204, -0.9510565162951499785, 0.000000000000000000 ) ) ;
#8791 = ORIENTED_EDGE ( 'NONE', *, *, #5067, .F. ) ;
#8792 = CARTESIAN_POINT ( 'NONE',  ( -30.01464856048321650, -9.542058047962392209, -2.000000000000003553 ) ) ;
#8793 = PLANE ( 'NONE',  #5181 ) ;
#8794 = ORIENTED_EDGE ( 'NONE', *, *, #587, .F. ) ;
#8795 = CARTESIAN_POINT ( 'NONE',  ( -2.030270917882635917, 1.840000000000000080, -44.49999999999998579 ) ) ;
#8796 = CARTESIAN_POINT ( 'NONE',  ( 0.000000000000000000, 35.50000000000001421, -33.50000000000000000 ) ) ;
#8797 = VERTEX_POINT ( 'NONE', #4493 ) ;
#8798 = DIRECTION ( 'NONE',  ( -0.9510565162951497564, -0.3090169943749588310, -0.000000000000000000 ) ) ;
#8799 = CARTESIAN_POINT ( 'NONE',  ( 33.47763333078706438, 1.260925924855917479, -19.68347431265409142 ) ) ;
#8800 = CARTESIAN_POINT ( 'NONE',  ( 0.000000000000000000, 0.000000000000000000, -2.000000000000003553 ) ) ;
#8801 = ORIENTED_EDGE ( 'NONE', *, *, #4936, .T. ) ;
#8802 = CARTESIAN_POINT ( 'NONE',  ( 33.42902372074241413, -2.183129106438423950, -16.24166244702568207 ) ) ;
#8803 = CARTESIAN_POINT ( 'NONE',  ( 2.432585591749893528, -33.41180035762386780, -16.84523636481001674 ) ) ;
#8804 = FACE_OUTER_BOUND ( 'NONE', #7442, .T. ) ;
#8805 = CARTESIAN_POINT ( 'NONE',  ( 0.6000000000004278577, -28.38254795352475313, -2.833329964864180983 ) ) ;
#8806 = B_SPLINE_CURVE_WITH_KNOTS ( 'NONE', 3,
 ( #1792, #4623, #5532, #8388 ),
 .UNSPECIFIED., .F., .F.,
 ( 4, 4 ),
 ( 0.000000000000000000, 1.000000000000000000 ),
 .UNSPECIFIED. ) ;
#8807 = DIRECTION ( 'NONE',  ( -0.06975647374412906332, 0.9975640502598239756, 0.000000000000000000 ) ) ;
#8808 = CARTESIAN_POINT ( 'NONE',  ( 0.000000000000000000, 0.000000000000000000, -4.500000000000002665 ) ) ;
#8809 = ORIENTED_EDGE ( 'NONE', *, *, #2260, .F. ) ;
#8810 = CARTESIAN_POINT ( 'NONE',  ( -22.09418396602605483, 25.18159475674125147, -16.24166244695344830 ) ) ;
#8811 = CARTESIAN_POINT ( 'NONE',  ( 25.18031213284155712, -22.09565017580412061, -16.23749250320539161 ) ) ;
#8812 = VERTEX_POINT ( 'NONE', #314 ) ;
#8813 = CARTESIAN_POINT ( 'NONE',  ( 13.51494668122724541, 25.90212009413255245, -4.073818833115710802 ) ) ;
#8814 = CARTESIAN_POINT ( 'NONE',  ( 26.55493701960570618, 23.56152604807810746, -19.03685471093467285 ) ) ;
#8815 = CARTESIAN_POINT ( 'NONE',  ( 33.46555341489766988, -1.536295572796305464, -15.50119477801072243 ) ) ;
#8816 = EDGE_CURVE ( 'NONE', #1285, #5869, #7435, .T. ) ;
#8817 = ADVANCED_FACE ( 'NONE', ( #2446 ), #6968, .T. ) ;
#8818 = CARTESIAN_POINT ( 'NONE',  ( 1.809400085646715395, 3.511206534805614066, -10.50000000000000355 ) ) ;
#8819 = CARTESIAN_POINT ( 'NONE',  ( -1.260925924858067537, 33.47763333078700754, -19.68347431265096859 ) ) ;
#8820 = EDGE_CURVE ( 'NONE', #2216, #8734, #2354, .T. ) ;
#8821 = PLANE ( 'NONE',  #6810 ) ;
#8822 = ORIENTED_EDGE ( 'NONE', *, *, #2891, .T. ) ;
#8823 = CARTESIAN_POINT ( 'NONE',  ( -2.588471276111623087, 3.028144824014163294, -10.50000000000000533 ) ) ;
#8824 = CARTESIAN_POINT ( 'NONE',  ( 4.382286542782215299, 5.005981994141149194, -19.93866908733201626 ) ) ;
#8825 = CARTESIAN_POINT ( 'NONE',  ( -0.5999999999998676392, -8.873244100652286193, -16.73209107190147193 ) ) ;
#8826 = CARTESIAN_POINT ( 'NONE',  ( -8.481694842071156870, -3.386747046169040765, -4.099999999999998757 ) ) ;
#8827 = CARTESIAN_POINT ( 'NONE',  ( -0.5190819126307182341, -3.946526896649413363, -10.49999999999526423 ) ) ;
#8828 = CARTESIAN_POINT ( 'NONE',  ( -33.50000000000000000, 4.102566777143633774E-15, -33.50000000000000000 ) ) ;
#8829 = ORIENTED_EDGE ( 'NONE', *, *, #2313, .T. ) ;
#8830 = CARTESIAN_POINT ( 'NONE',  ( -33.47769565988362928, -1.260103349252902571, -15.31632817220718756 ) ) ;
#8831 = DIRECTION ( 'NONE',  ( -0.000000000000000000, -0.000000000000000000, 1.000000000000000000 ) ) ;
#8832 = DIRECTION ( 'NONE',  ( -0.000000000000000000, 0.000000000000000000, -1.000000000000000000 ) ) ;
#8833 = VERTEX_POINT ( 'NONE', #8746 ) ;
#8834 = EDGE_CURVE ( 'NONE', #6746, #7792, #1047, .T. ) ;
#8835 = CARTESIAN_POINT ( 'NONE',  ( -16.85066788873203691, 24.21373559993696389, 0.000000000000000000 ) ) ;
#8836 = DIRECTION ( 'NONE',  ( -0.000000000000000000, -0.000000000000000000, -1.000000000000000000 ) ) ;
#8837 = ORIENTED_EDGE ( 'NONE', *, *, #4703, .T. ) ;
#8838 = AXIS2_PLACEMENT_3D ( 'NONE', #7399, #2449, #6086 ) ;
#8839 = LINE ( 'NONE', #1762, #8731 ) ;
#8840 = CARTESIAN_POINT ( 'NONE',  ( -2.780220478896693326, 2.805864232054615659, -2.000000000000003553 ) ) ;
#8841 = ORIENTED_EDGE ( 'NONE', *, *, #3807, .T. ) ;
#8842 = DIRECTION ( 'NONE',  ( 0.8090169943749420112, 0.5877852522924806866, 0.000000000000000000 ) ) ;
#8843 = CARTESIAN_POINT ( 'NONE',  ( 2.183129106472252001, 33.42902372074008355, -16.24166244714356111 ) ) ;
#8844 = CARTESIAN_POINT ( 'NONE',  ( -22.37039343876175934, 0.1239930548847228281, -10.50000000000000533 ) ) ;
#8845 = ORIENTED_EDGE ( 'NONE', *, *, #8246, .F. ) ;
#8846 = CARTESIAN_POINT ( 'NONE',  ( -0.5999999999999398037, -3.904164443258003825, -2.000000000000003553 ) ) ;
#8847 = CARTESIAN_POINT ( 'NONE',  ( 1.260103349317747812, -33.47769565988176765, -15.31632817220711296 ) ) ;
#8848 = VECTOR ( 'NONE', #1561, 1000.000000000000114 ) ;
#8849 = CARTESIAN_POINT ( 'NONE',  ( -20.84164343073384984, 21.79267095526322962, -2.481296856322388944 ) ) ;
#8850 = CARTESIAN_POINT ( 'NONE',  ( -24.85560503878572192, -25.34895672007001011, -19.99993715639902447 ) ) ;
#8851 = VECTOR ( 'NONE', #473, 1000.000000000000000 ) ;
#8852 = CARTESIAN_POINT ( 'NONE',  ( 22.09565017594555059, 25.18031213271838809, -16.23749250284440393 ) ) ;
#8853 = ORIENTED_EDGE ( 'NONE', *, *, #1230, .F. ) ;
#8854 = CARTESIAN_POINT ( 'NONE',  ( -4.286314762001460110, -2.023135768294458181, -24.62890167093462068 ) ) ;
#8855 = CARTESIAN_POINT ( 'NONE',  ( 23.45720397287081482, -23.91896888596379256, -19.99991912762039092 ) ) ;
#8856 = VERTEX_POINT ( 'NONE', #3891 ) ;
#8857 = FACE_OUTER_BOUND ( 'NONE', #3110, .T. ) ;
#8858 = FACE_OUTER_BOUND ( 'NONE', #8654, .T. ) ;
#8859 = CARTESIAN_POINT ( 'NONE',  ( 26.02888938608216307, 24.14227662955737941, -15.31533489716144381 ) ) ;
#8860 = CARTESIAN_POINT ( 'NONE',  ( 35.42492389591075863, 2.311405410396224713, -16.23749250277983336 ) ) ;
#8861 = VECTOR ( 'NONE', #3772, 1000.000000000000114 ) ;
#8862 = B_SPLINE_CURVE_WITH_KNOTS ( 'NONE', 3,
 ( #4241, #2157, #5080, #6482, #7185, #7939, #4334, #9182, #6344, #5830, #2243, #115, #2989, #1452, #2940, #8502, #1544, #5693 ),
 .UNSPECIFIED., .F., .F.,
 ( 4, 2, 2, 2, 2, 2, 2, 2, 4 ),
 ( 0.000000000000000000, 0.06250000000000033307, 0.1250000000000006661, 0.1875000000000005551, 0.2500000000000004441, 0.3125000000000003331, 0.3750000000000002220, 0.4375000000000001110, 0.5000000000000000000 ),
 .UNSPECIFIED. ) ;
#8863 = FACE_OUTER_BOUND ( 'NONE', #822, .T. ) ;
#8864 = CARTESIAN_POINT ( 'NONE',  ( 2.497766974317538136, 33.40675321179267598, -17.82748966714402883 ) ) ;
#8865 = DIRECTION ( 'NONE',  ( 0.000000000000000000, -0.000000000000000000, 1.000000000000000000 ) ) ;
#8866 = CARTESIAN_POINT ( 'NONE',  ( -14.78145772585267181, -16.47927677957430248, -10.50000000000000533 ) ) ;
#8867 = CARTESIAN_POINT ( 'NONE',  ( 3.358124845142856252, 3.601281353517332917, -23.95596939417261595 ) ) ;
#8868 = EDGE_CURVE ( 'NONE', #1972, #638, #3844, .T. ) ;
#8869 = CIRCLE ( 'NONE', #8281, 31.50000000000000000 ) ;
#8870 = CARTESIAN_POINT ( 'NONE',  ( -0.6001100417513325347, -3.904147530228489593, -30.50000000000000711 ) ) ;
#8871 = EDGE_CURVE ( 'NONE', #338, #8676, #8050, .T. ) ;
#8872 = EDGE_CURVE ( 'NONE', #9175, #4471, #3877, .T. ) ;
#8873 = VECTOR ( 'NONE', #2270, 1000.000000000000114 ) ;
#8874 = CARTESIAN_POINT ( 'NONE',  ( -3.105168386853873752, 2.490471816184267162, -10.50000000000000533 ) ) ;
#8875 = DIRECTION ( 'NONE',  ( -1.000000000000000000, 0.000000000000000000, 0.000000000000000000 ) ) ;
#8876 = B_SPLINE_CURVE_WITH_KNOTS ( 'NONE', 3,
 ( #1611, #8145, #1755, #5093 ),
 .UNSPECIFIED., .F., .F.,
 ( 4, 4 ),
 ( 0.000000000000000000, 1.000000000000000000 ),
 .UNSPECIFIED. ) ;
#8877 = CARTESIAN_POINT ( 'NONE',  ( 0.000000000000000000, 0.000000000000000000, -2.000000000000003553 ) ) ;
#8878 = ORIENTED_EDGE ( 'NONE', *, *, #5550, .T. ) ;
#8879 = CARTESIAN_POINT ( 'NONE',  ( -33.50001309514800596, 0.3265171013127172728, -19.99991912762038737 ) ) ;
#8880 = CARTESIAN_POINT ( 'NONE',  ( -35.49998606618570562, -0.3488523192835515374, -19.99993715639901737 ) ) ;
#8881 = CARTESIAN_POINT ( 'NONE',  ( 25.10329539043361535, -25.10128603360064758, -19.99992814200970770 ) ) ;
#8882 = ORIENTED_EDGE ( 'NONE', *, *, #6543, .F. ) ;
#8883 = AXIS2_PLACEMENT_3D ( 'NONE', #6423, #1818, #5308 ) ;
#8884 = CARTESIAN_POINT ( 'NONE',  ( -29.76743496498323793, -10.30290326099849452, -2.000000000000003553 ) ) ;
#8885 = EDGE_CURVE ( 'NONE', #2623, #5946, #7955, .T. ) ;
#8886 = CARTESIAN_POINT ( 'NONE',  ( 3.997938240979086011, -30.65178462714607122, -3.617112386346106767 ) ) ;
#8887 = EDGE_CURVE ( 'NONE', #407, #2981, #5531, .T. ) ;
#8888 = VERTEX_POINT ( 'NONE', #3798 ) ;
#8889 = CARTESIAN_POINT ( 'NONE',  ( 8.908324601850310387, -3.525367458120115760, -4.820036564298092685 ) ) ;
#8890 = CARTESIAN_POINT ( 'NONE',  ( 33.50000000000000000, -8.185726402265558477E-15, -15.00000000000000355 ) ) ;
#8891 = EDGE_LOOP ( 'NONE', ( #204, #2586, #6101, #2067, #4001, #2785, #1806, #7807, #5072, #4117, #5559, #8748, #8720, #4346, #3065, #6293 ) ) ;
#8892 = DIRECTION ( 'NONE',  ( -0.000000000000000000, -0.000000000000000000, 1.000000000000000000 ) ) ;
#8893 = CARTESIAN_POINT ( 'NONE',  ( 9.488273331404264753E-15, 33.50000000000000000, -15.00000000000000000 ) ) ;
#8894 = CARTESIAN_POINT ( 'NONE',  ( 0.000000000000000000, 0.000000000000000000, -9.500000000000005329 ) ) ;
#8895 = ORIENTED_EDGE ( 'NONE', *, *, #7854, .F. ) ;
#8896 = LINE ( 'NONE', #8846, #4100 ) ;
#8897 = LINE ( 'NONE', #3210, #6943 ) ;
#8898 = CARTESIAN_POINT ( 'NONE',  ( -11.47334169323851327, -10.20514898402205084, 0.000000000000000000 ) ) ;
#8899 = DIRECTION ( 'NONE',  ( -0.8090169943749505599, 0.5877852522924688072, 0.000000000000000000 ) ) ;
#8900 = ORIENTED_EDGE ( 'NONE', *, *, #2120, .F. ) ;
#8901 = CARTESIAN_POINT ( 'NONE',  ( -3.827029839450154292, -1.874354707451421076, -26.79483142893479553 ) ) ;
#8902 = CARTESIAN_POINT ( 'NONE',  ( 25.69520269921935807, -24.49556977808738623, -15.12618847594104565 ) ) ;
#8903 = EDGE_LOOP ( 'NONE', ( #660, #6631, #7092, #5662, #3255, #721 ) ) ;
#8904 = CARTESIAN_POINT ( 'NONE',  ( -29.76743496498323793, -10.30290326099849452, -2.000000000000003553 ) ) ;
#8905 = CARTESIAN_POINT ( 'NONE',  ( -13.39346758508473734, 25.49263713959059174, -0.4452998037747750160 ) ) ;
#8906 = AXIS2_PLACEMENT_3D ( 'NONE', #8993, #1922, #4748 ) ;
#8907 = CARTESIAN_POINT ( 'NONE',  ( 25.34696702842521887, 24.85763406078757143, -19.99991912763202251 ) ) ;
#8908 = CARTESIAN_POINT ( 'NONE',  ( 33.44115701280740893, -1.998120891518946785, -15.96378119003855822 ) ) ;
#8909 = DIRECTION ( 'NONE',  ( 0.5877852522924679191, 0.8090169943749512260, 0.000000000000000000 ) ) ;
#8910 = CARTESIAN_POINT ( 'NONE',  ( 2.843884560463056044, -2.849331469386645388, -10.50000000000000178 ) ) ;
#8911 = DIRECTION ( 'NONE',  ( -0.000000000000000000, -0.000000000000000000, 1.000000000000000000 ) ) ;
#8912 = DIRECTION ( 'NONE',  ( 0.000000000000000000, 0.000000000000000000, -1.000000000000000000 ) ) ;
#8913 = CARTESIAN_POINT ( 'NONE',  ( -0.5999999999998886224, -4.886961472179505606, -23.95596450647943954 ) ) ;
#8914 = AXIS2_PLACEMENT_3D ( 'NONE', #4538, #5847, #5990 ) ;
#8915 = B_SPLINE_CURVE_WITH_KNOTS ( 'NONE', 3,
 ( #2697, #2111, #6242, #5589, #4054, #4838 ),
 .UNSPECIFIED., .F., .F.,
 ( 4, 2, 4 ),
 ( 9.905261040422363633E-07, 0.005987115715835393016, 0.01197324090556674270 ),
 .UNSPECIFIED. ) ;
#8916 = B_SPLINE_CURVE_WITH_KNOTS ( 'NONE', 3,
 ( #4759, #4717, #3981, #3370, #4027, #6862, #7580, #3280, #1086, #6211, #1750, #4584, #3323, #6032, #5466, #6161, #7443, #445, #487, #357 ),
 .UNSPECIFIED., .F., .F.,
 ( 4, 2, 2, 2, 2, 2, 2, 2, 2, 4 ),
 ( 0.5000000000000000000, 0.5625000000000000000, 0.6250000000000000000, 0.6875000000000000000, 0.7500000000000000000, 0.8125000000000000000, 0.8750000000000000000, 0.9375000000000000000, 0.9687500000000000000, 1.000000000000000000 ),
 .UNSPECIFIED. ) ;
#8917 = CARTESIAN_POINT ( 'NONE',  ( 2.690822961332860697, -2.933256273966096117, -10.49999999999526423 ) ) ;
#8918 = CARTESIAN_POINT ( 'NONE',  ( 2.240981927637972770, 2.340000000000000302, -45.00000000000000000 ) ) ;
#8919 = DIRECTION ( 'NONE',  ( -0.8090169943749420112, -0.5877852522924805756, 0.000000000000000000 ) ) ;
#8920 = ADVANCED_FACE ( 'NONE', ( #3006 ), #6633, .F. ) ;
#8921 = ORIENTED_EDGE ( 'NONE', *, *, #3129, .F. ) ;
#8922 = CARTESIAN_POINT ( 'NONE',  ( -33.40677098190899841, -2.497529291853560984, -17.16962608726845119 ) ) ;
#8923 = CARTESIAN_POINT ( 'NONE',  ( 4.979690780034018454E-13, -35.50000000000000711, -15.00000000000000000 ) ) ;
#8924 = DIRECTION ( 'NONE',  ( 0.000000000000000000, 0.000000000000000000, -1.000000000000000000 ) ) ;
#8925 = ORIENTED_EDGE ( 'NONE', *, *, #1692, .F. ) ;
#8926 = CARTESIAN_POINT ( 'NONE',  ( -16.85066788873204047, 24.21373559993697100, -4.500000000000002665 ) ) ;
#8927 = CARTESIAN_POINT ( 'NONE',  ( -2.166338340873638746, 3.327272044572882947, -30.50000000000000711 ) ) ;
#8928 = ORIENTED_EDGE ( 'NONE', *, *, #7758, .T. ) ;
#8929 = CARTESIAN_POINT ( 'NONE',  ( 0.6000000000004664935, -31.49428519588910191, -2.000000000000003553 ) ) ;
#8930 = CARTESIAN_POINT ( 'NONE',  ( 18.99728656626161438, 25.12674079779023728, -10.50000000000000355 ) ) ;
#8931 = EDGE_CURVE ( 'NONE', #7869, #5390, #880, .T. ) ;
#8932 = ORIENTED_EDGE ( 'NONE', *, *, #6534, .T. ) ;
#8933 = CARTESIAN_POINT ( 'NONE',  ( 8.260262645489948596, -3.314799398369910222, -16.72436243371613074 ) ) ;
#8934 = LINE ( 'NONE', #2546, #4442 ) ;
#8935 = CARTESIAN_POINT ( 'NONE',  ( 12.40308291034181032, 8.288151179077738462, 0.000000000000000000 ) ) ;
#8936 = EDGE_LOOP ( 'NONE', ( #3054, #1653, #4730, #370 ) ) ;
#8937 = DIRECTION ( 'NONE',  ( -1.000000000000000000, 0.000000000000000000, 0.000000000000000000 ) ) ;
#8938 = CARTESIAN_POINT ( 'NONE',  ( -6.591740555661571577, -1.510909004448810045, -7.638112240242367790 ) ) ;
#8939 = CARTESIAN_POINT ( 'NONE',  ( -27.46869363289109245, -4.490580646955644184, -2.000000000000003109 ) ) ;
#8940 = CARTESIAN_POINT ( 'NONE',  ( -20.77334135131524562, 20.80980190127583285, -4.355214366836872131 ) ) ;
#8941 = VERTEX_POINT ( 'NONE', #862 ) ;
#8942 = CARTESIAN_POINT ( 'NONE',  ( 29.03768084386370774, -4.625219700567501313, -4.355214366836869466 ) ) ;
#8943 = ADVANCED_FACE ( 'NONE', ( #1560 ), #8695, .T. ) ;
#8944 = CARTESIAN_POINT ( 'NONE',  ( 24.56333324282163133, -22.78127799638668805, -15.31632817220725329 ) ) ;
#8945 = VERTEX_POINT ( 'NONE', #5802 ) ;
#8946 = CARTESIAN_POINT ( 'NONE',  ( 2.481523165080894877, 4.436239589611830958, -23.51426491408933472 ) ) ;
#8947 = CARTESIAN_POINT ( 'NONE',  ( -13.20236525879055733, 25.26489025567639146, -0.1554362787622159681 ) ) ;
#8948 = EDGE_CURVE ( 'NONE', #3114, #4672, #2517, .T. ) ;
#8949 = CARTESIAN_POINT ( 'NONE',  ( 33.41180889122477993, -2.432427196133750691, -18.15506602305445938 ) ) ;
#8950 = CARTESIAN_POINT ( 'NONE',  ( -22.37039343876175934, 0.1239930548847228281, -10.50000000000000533 ) ) ;
#8951 = CARTESIAN_POINT ( 'NONE',  ( 5.492325517527465450, -2.415442073310114957, -4.099999999999999645 ) ) ;
#8952 = CARTESIAN_POINT ( 'NONE',  ( -1.552652249529415940, -3.714248269535422864, -10.50000000000749978 ) ) ;
#8953 = CARTESIAN_POINT ( 'NONE',  ( -35.42478633093630691, 2.313465172489941768, -16.24166244700334616 ) ) ;
#8954 = DIRECTION ( 'NONE',  ( -1.000000000000000000, 0.000000000000000000, 0.000000000000000000 ) ) ;
#8955 = LINE ( 'NONE', #5413, #363 ) ;
#8956 = CARTESIAN_POINT ( 'NONE',  ( -21.00290506522441447, -6.939310656594253501, -10.50000000000000533 ) ) ;
#8957 = CARTESIAN_POINT ( 'NONE',  ( 0.000000000000000000, 0.000000000000000000, -2.168404344971008868E-16 ) ) ;
#8958 = CARTESIAN_POINT ( 'NONE',  ( -29.76743496498323793, -10.30290326099849452, -10.50000000000000355 ) ) ;
#8959 = EDGE_LOOP ( 'NONE', ( #5903, #2801, #3909, #8143 ) ) ;
#8960 = DIRECTION ( 'NONE',  ( 0.000000000000000000, 0.000000000000000000, -1.000000000000000000 ) ) ;
#8961 = CARTESIAN_POINT ( 'NONE',  ( -35.47629800725205484, -1.336205084545791788, -19.68347431263110892 ) ) ;
#8962 = CARTESIAN_POINT ( 'NONE',  ( -0.5999999999995487832, -31.49428519588911968, -10.50000000000000355 ) ) ;
#8963 = ORIENTED_EDGE ( 'NONE', *, *, #9092, .F. ) ;
#8964 = DIRECTION ( 'NONE',  ( 0.5877852522924795764, -0.8090169943749425663, 0.000000000000000000 ) ) ;
#8965 = CARTESIAN_POINT ( 'NONE',  ( 0.000000000000000000, 0.000000000000000000, -4.500000000000002665 ) ) ;
#8966 = B_SPLINE_CURVE_WITH_KNOTS ( 'NONE', 3,
 ( #1593, #3594, #4980, #794, #28, #4291, #844, #2850, #662, #5648, #756, #1497, #2118, #7846, #6432, #68, #161, #8588, #5032, #1736 ),
 .UNSPECIFIED., .F., .F.,
 ( 4, 2, 2, 2, 2, 2, 2, 2, 2, 4 ),
 ( 0.5000000000000000000, 0.5625000000000000000, 0.6250000000000000000, 0.6875000000000000000, 0.7500000000000000000, 0.8125000000000000000, 0.8750000000000000000, 0.9375000000000000000, 0.9687500000000000000, 1.000000000000000000 ),
 .UNSPECIFIED. ) ;
#8967 = VERTEX_POINT ( 'NONE', #2264 ) ;
#8968 = ORIENTED_EDGE ( 'NONE', *, *, #8381, .F. ) ;
#8969 = CARTESIAN_POINT ( 'NONE',  ( -26.55543454589193075, -23.56096221555534598, -15.96378118984150696 ) ) ;
#8970 = FACE_BOUND ( 'NONE', #4338, .T. ) ;
#8971 = ORIENTED_EDGE ( 'NONE', *, *, #8097, .T. ) ;
#8972 = CARTESIAN_POINT ( 'NONE',  ( -2.780220478896693326, 2.805864232054615659, -10.50000000000000355 ) ) ;
#8973 = CYLINDRICAL_SURFACE ( 'NONE', #6083, 6.000000000000000888 ) ;
#8974 = CARTESIAN_POINT ( 'NONE',  ( 0.000000000000000000, 29.50000000000000355, -9.500000000000005329 ) ) ;
#8976 = EDGE_CURVE ( 'NONE', #1457, #2381, #8876, .T. ) ;
#8975 = ORIENTED_EDGE ( 'NONE', *, *, #330, .T. ) ;
#8977 = CARTESIAN_POINT ( 'NONE',  ( 0.000000000000000000, 0.000000000000000000, -33.00000000000000000 ) ) ;
#8978 = EDGE_CURVE ( 'NONE', #3157, #3338, #6591, .T. ) ;
#8979 = CARTESIAN_POINT ( 'NONE',  ( 6.794589565149789401, 10.37273120451683717, -2.000000000000003553 ) ) ;
#8980 = VECTOR ( 'NONE', #1143, 1000.000000000000000 ) ;
#8981 = ADVANCED_FACE ( 'NONE', ( #7302 ), #3754, .F. ) ;
#8982 = CARTESIAN_POINT ( 'NONE',  ( 25.34602500485888399, -24.85673742124716057, -15.01551170377315891 ) ) ;
#8983 = CARTESIAN_POINT ( 'NONE',  ( -21.00127588610039808, 20.68923207511158679, -4.470314497633392392 ) ) ;
#8984 = ORIENTED_EDGE ( 'NONE', *, *, #835, .T. ) ;
#8985 = LINE ( 'NONE', #8298, #97 ) ;
#8986 = LINE ( 'NONE', #2601, #1546 ) ;
#8987 = ORIENTED_EDGE ( 'NONE', *, *, #5945, .T. ) ;
#8988 = EDGE_CURVE ( 'NONE', #1538, #4590, #405, .T. ) ;
#8989 = DIRECTION ( 'NONE',  ( -0.000000000000000000, -0.000000000000000000, 1.000000000000000000 ) ) ;
#8990 = VECTOR ( 'NONE', #8832, 1000.000000000000000 ) ;
#8991 = PLANE ( 'NONE',  #2016 ) ;
#8992 = CARTESIAN_POINT ( 'NONE',  ( 33.49496780572281551, 0.6549803906917330831, -19.93459846097544030 ) ) ;
#8993 = CARTESIAN_POINT ( 'NONE',  ( 0.000000000000000000, 29.50000000000000355, -9.500000000000005329 ) ) ;
#8994 = CIRCLE ( 'NONE', #4971, 3.950000000000000178 ) ;
#8995 = CARTESIAN_POINT ( 'NONE',  ( -18.65504626345606809, -12.34662406453641204, -10.50000000000000533 ) ) ;
#8996 = CARTESIAN_POINT ( 'NONE',  ( -21.21312323212020345, 20.50008299346326623, -4.500000000000000000 ) ) ;
#8997 = CARTESIAN_POINT ( 'NONE',  ( -35.40120507038117381, -2.646635518232877793, -17.16962608726845119 ) ) ;
#8998 = DIRECTION ( 'NONE',  ( 1.000000000000000000, 0.000000000000000000, 0.000000000000000000 ) ) ;
#8999 = CARTESIAN_POINT ( 'NONE',  ( 26.68497354819130152, 23.41323972518856422, -16.24166244697568828 ) ) ;
#9000 = CARTESIAN_POINT ( 'NONE',  ( -33.40676543542021903, -2.497603480177854607, -17.82637605770336009 ) ) ;
#9001 = CIRCLE ( 'NONE', #7379, 0.9999999999999991118 ) ;
#9002 = AXIS2_PLACEMENT_3D ( 'NONE', #5726, #6381, #4141 ) ;
#9003 = CARTESIAN_POINT ( 'NONE',  ( -0.08643254471358045865, 3.979579122620769294, -10.50000000000949107 ) ) ;
#9004 = CARTESIAN_POINT ( 'NONE',  ( 24.75004477347350118, 22.57739473817285969, -15.50119477839591831 ) ) ;
#9005 = B_SPLINE_CURVE_WITH_KNOTS ( 'NONE', 3,
 ( #6740, #4775, #7502, #4083, #6880, #1157, #3385, #7639, #2637, #5392, #6791, #6135, #6050, #6096, #7598, #375, #550, #7461 ),
 .UNSPECIFIED., .F., .F.,
 ( 4, 2, 2, 2, 2, 2, 2, 2, 4 ),
 ( 0.000000000000000000, 0.06250000000000000000, 0.1250000000000000000, 0.1875000000000000000, 0.2500000000000000000, 0.3125000000000000000, 0.3750000000000000000, 0.4375000000000000000, 0.5000000000000000000 ),
 .UNSPECIFIED. ) ;
#9006 = CARTESIAN_POINT ( 'NONE',  ( -26.80799698363432171, -9.341323571078449461, -2.833329964864181427 ) ) ;
#9007 = ORIENTED_EDGE ( 'NONE', *, *, #60, .T. ) ;
#9008 = CARTESIAN_POINT ( 'NONE',  ( 2.117411690804011037, 35.43764399865768411, -15.96378118977799154 ) ) ;
#9009 = CARTESIAN_POINT ( 'NONE',  ( -28.30564387214133149, -9.407353653461015597, -2.000000000000004441 ) ) ;
#9010 = FACE_OUTER_BOUND ( 'NONE', #278, .T. ) ;
#9011 = ORIENTED_EDGE ( 'NONE', *, *, #1671, .F. ) ;
#9012 = VECTOR ( 'NONE', #4315, 1000.000000000000000 ) ;
#9013 = CARTESIAN_POINT ( 'NONE',  ( -3.023623453860414312, 5.182441626228436071, -4.099999999999999645 ) ) ;
#9014 = CARTESIAN_POINT ( 'NONE',  ( -22.78065227423524419, -24.56387081831730868, -19.68347431264994896 ) ) ;
#9015 = CARTESIAN_POINT ( 'NONE',  ( -25.34661596825050012, 21.90467636906659266, -18.15144138444374633 ) ) ;
#9016 = ORIENTED_EDGE ( 'NONE', *, *, #7180, .T. ) ;
#9017 = CARTESIAN_POINT ( 'NONE',  ( 8.991605767949806705, -3.552558634515158964, -15.87592704585099490 ) ) ;
#9018 = DIRECTION ( 'NONE',  ( 1.000000000000000000, 0.000000000000000000, -0.000000000000000000 ) ) ;
#9019 = DIRECTION ( 'NONE',  ( 0.000000000000000000, 0.000000000000000000, -1.000000000000000000 ) ) ;
#9020 = VERTEX_POINT ( 'NONE', #5336 ) ;
#9021 = DIRECTION ( 'NONE',  ( -0.000000000000000000, -0.000000000000000000, -1.000000000000000000 ) ) ;
#9022 = CARTESIAN_POINT ( 'NONE',  ( 0.000000000000000000, 0.000000000000000000, -4.099999999999999645 ) ) ;
#9023 = CARTESIAN_POINT ( 'NONE',  ( 23.91807993416260913, -23.45635784821914882, -15.01551170377315891 ) ) ;
#9024 = VECTOR ( 'NONE', #290, 1000.000000000000227 ) ;
#9025 = CARTESIAN_POINT ( 'NONE',  ( -7.467709115195030556, 11.29920078351488222, -12.75618323261288722 ) ) ;
#9026 = ORIENTED_EDGE ( 'NONE', *, *, #6357, .F. ) ;
#9027 = ORIENTED_EDGE ( 'NONE', *, *, #9194, .T. ) ;
#9028 = CARTESIAN_POINT ( 'NONE',  ( -4.485527226006435164, -2.088135659091928442, -23.93047185758352313 ) ) ;
#9029 = CARTESIAN_POINT ( 'NONE',  ( 4.951011102238752848, 5.789154435506887353, -18.33217751296124121 ) ) ;
#9030 = DIRECTION ( 'NONE',  ( 0.3090169943749582204, -0.9510565162951499785, 0.000000000000000000 ) ) ;
#9031 = EDGE_CURVE ( 'NONE', #2975, #7733, #2192, .T. ) ;
#9032 = VERTEX_POINT ( 'NONE', #448 ) ;
#9033 = CARTESIAN_POINT ( 'NONE',  ( 4.724143643398290848, 7.523006870504763022, -16.74448195654768412 ) ) ;
#9034 = CARTESIAN_POINT ( 'NONE',  ( 20.93832129020848498, -6.593767677787560011, -10.50000000000000355 ) ) ;
#9035 = CIRCLE ( 'NONE', #6208, 12.39999999999998970 ) ;
#9036 = CARTESIAN_POINT ( 'NONE',  ( -14.23601759702017588, -3.994684865015607933, -12.15144692051693909 ) ) ;
#9037 = CARTESIAN_POINT ( 'NONE',  ( 0.000000000000000000, 0.000000000000000000, -35.00000000000000000 ) ) ;
#9038 = CARTESIAN_POINT ( 'NONE',  ( 0.000000000000000000, 0.000000000000000000, -2.000000000000003553 ) ) ;
#9039 = ORIENTED_EDGE ( 'NONE', *, *, #5673, .F. ) ;
#9040 = CARTESIAN_POINT ( 'NONE',  ( 2.780246739361992070, 2.805838211349149791, -30.50000000000000711 ) ) ;
#9041 = CARTESIAN_POINT ( 'NONE',  ( -35.46372347118295920, -1.623465783302447951, -15.49726176817138246 ) ) ;
#9042 = B_SPLINE_CURVE_WITH_KNOTS ( 'NONE', 3,
 ( #3852, #1661, #320, #2453 ),
 .UNSPECIFIED., .F., .F.,
 ( 4, 4 ),
 ( 0.000000000000000000, 1.000000000000000000 ),
 .UNSPECIFIED. ) ;
#9043 = ORIENTED_EDGE ( 'NONE', *, *, #1711, .T. ) ;
#9044 = AXIS2_PLACEMENT_3D ( 'NONE', #8957, #5417, #6630 ) ;
#9045 = LINE ( 'NONE', #1929, #240 ) ;
#9046 = EDGE_CURVE ( 'NONE', #3665, #7063, #490, .T. ) ;
#9047 = ADVANCED_FACE ( 'NONE', ( #4115 ), #2957, .T. ) ;
#9048 = DIRECTION ( 'NONE',  ( -0.000000000000000000, -0.000000000000000000, 1.000000000000000000 ) ) ;
#9049 = CIRCLE ( 'NONE', #5030, 27.83333333333332860 ) ;
#9050 = CARTESIAN_POINT ( 'NONE',  ( -8.175708792249471557, -20.55319535526824382, -10.50000000000000533 ) ) ;
#9051 = CARTESIAN_POINT ( 'NONE',  ( 1.955860610082159168, 3.435733608537211214, -30.50000000000000711 ) ) ;
#9052 = CARTESIAN_POINT ( 'NONE',  ( -22.20031657044385653, 22.34059441590513018, -4.492893942089978943 ) ) ;
#9053 = ORIENTED_EDGE ( 'NONE', *, *, #2788, .T. ) ;
#9054 = CARTESIAN_POINT ( 'NONE',  ( 4.049736784963978486, 14.35721239031346208, 0.000000000000000000 ) ) ;
#9055 = DIRECTION ( 'NONE',  ( 1.000000000000000000, 0.000000000000000000, 0.000000000000000000 ) ) ;
#9056 = CIRCLE ( 'NONE', #8179, 31.50000000000000000 ) ;
#9057 = FACE_OUTER_BOUND ( 'NONE', #3759, .T. ) ;
#9058 = ORIENTED_EDGE ( 'NONE', *, *, #4423, .T. ) ;
#9059 = EDGE_CURVE ( 'NONE', #2113, #3794, #4742, .T. ) ;
#9060 = FACE_OUTER_BOUND ( 'NONE', #1388, .T. ) ;
#9061 = B_SPLINE_CURVE_WITH_KNOTS ( 'NONE', 3,
 ( #630, #6309, #9144, #172, #856, #5659 ),
 .UNSPECIFIED., .F., .F.,
 ( 4, 2, 4 ),
 ( 0.0009969199348458387348, 0.001494136143687323833, 0.001991352352528809148 ),
 .UNSPECIFIED. ) ;
#9062 = CARTESIAN_POINT ( 'NONE',  ( -22.78127799633983130, -24.56333324286589104, -15.31632817220718401 ) ) ;
#9063 = CARTESIAN_POINT ( 'NONE',  ( -25.34602500485043564, 24.85673742125576879, -15.01551170377316957 ) ) ;
#9064 = ORIENTED_EDGE ( 'NONE', *, *, #6362, .F. ) ;
#9065 = CARTESIAN_POINT ( 'NONE',  ( 5.584275821689706376, -1.183563869121145196, -21.73833932585366213 ) ) ;
#9066 = CARTESIAN_POINT ( 'NONE',  ( -16.85066788873204047, 24.21373559993697100, -4.500000000000002665 ) ) ;
#9067 = CARTESIAN_POINT ( 'NONE',  ( -20.81524050131606174, -6.974361201757579565, -10.50000000000000355 ) ) ;
#9068 = ORIENTED_EDGE ( 'NONE', *, *, #5864, .F. ) ;
#9069 = CARTESIAN_POINT ( 'NONE',  ( -22.09565017586533742, -25.18031213278824865, -16.23749250300987157 ) ) ;
#9070 = DIRECTION ( 'NONE',  ( 0.000000000000000000, 0.000000000000000000, 1.000000000000000000 ) ) ;
#9071 = CARTESIAN_POINT ( 'NONE',  ( 3.977834876855092627, 0.2160423916216879237, -30.50000000000000711 ) ) ;
#9072 = CARTESIAN_POINT ( 'NONE',  ( 23.56152604790727878, -26.55493701975940724, -19.03685471076806834 ) ) ;
#9073 = CARTESIAN_POINT ( 'NONE',  ( -8.199444770446001840, 12.30634901735274056, -12.15134060992797771 ) ) ;
#9074 = ORIENTED_EDGE ( 'NONE', *, *, #8705, .F. ) ;
#9075 = CARTESIAN_POINT ( 'NONE',  ( -13.75200480069321074, -5.099175137169861927, -12.21011458400486660 ) ) ;
#9076 = CARTESIAN_POINT ( 'NONE',  ( 5.711932055551375953, 6.841018767386108479, -16.71052629998993311 ) ) ;
#9077 = PLANE ( 'NONE',  #8399 ) ;
#9078 = EDGE_LOOP ( 'NONE', ( #3069, #2699, #3715, #446, #86, #6117, #2843, #3872, #8378 ) ) ;
#9079 = CARTESIAN_POINT ( 'NONE',  ( 2.530093718900420896, 4.503149892093077256, -23.27540913825701097 ) ) ;
#9080 = CARTESIAN_POINT ( 'NONE',  ( -3.527670837823366323, -1.777087071578254740, -2.000000000000003553 ) ) ;
#9081 = CARTESIAN_POINT ( 'NONE',  ( -18.54392111244239416, -5.394097707594069924, -10.66707638421353366 ) ) ;
#9082 = CARTESIAN_POINT ( 'NONE',  ( -0.3291986673764442095, 33.49998685118933395, -19.99993715642229120 ) ) ;
#9083 = CARTESIAN_POINT ( 'NONE',  ( 0.000000000000000000, 0.000000000000000000, -4.500000000000002665 ) ) ;
#9084 = DIRECTION ( 'NONE',  ( 0.6427876096865378086, -0.7660444431189792347, 0.000000000000000000 ) ) ;
#9085 = CARTESIAN_POINT ( 'NONE',  ( -35.50000000000000711, 0.3461872145486101227, -15.00037781293153749 ) ) ;
#9086 = ORIENTED_EDGE ( 'NONE', *, *, #6078, .F. ) ;
#9087 = LINE ( 'NONE', #6252, #4231 ) ;
#9088 = DIRECTION ( 'NONE',  ( -0.2419218955996606524, -0.9702957262759982493, 0.000000000000000000 ) ) ;
#9089 = EDGE_CURVE ( 'NONE', #1189, #1468, #6082, .T. ) ;
#9090 = EDGE_CURVE ( 'NONE', #4415, #5300, #2963, .T. ) ;
#9091 = CARTESIAN_POINT ( 'NONE',  ( 0.5998819400749273445, -4.094083870037144024, -27.60853696055983875 ) ) ;
#9092 = EDGE_CURVE ( 'NONE', #4594, #5998, #1780, .T. ) ;
#9093 = CARTESIAN_POINT ( 'NONE',  ( -24.14069121598063106, -26.03037056866460830, -19.68347431264994896 ) ) ;
#9094 = DIRECTION ( 'NONE',  ( 1.000000000000000000, 0.000000000000000000, 0.000000000000000000 ) ) ;
#9095 = FACE_OUTER_BOUND ( 'NONE', #3635, .T. ) ;
#9096 = ORIENTED_EDGE ( 'NONE', *, *, #1255, .F. ) ;
#9097 = CARTESIAN_POINT ( 'NONE',  ( 2.578222545417046430, 35.40650189164566797, -16.84589223775190803 ) ) ;
#9098 = CARTESIAN_POINT ( 'NONE',  ( 2.780246739361992070, 2.805838211349149791, -30.50000000000000711 ) ) ;
#9099 = ORIENTED_EDGE ( 'NONE', *, *, #1949, .F. ) ;
#9100 = DIRECTION ( 'NONE',  ( -0.3090169943749588866, 0.9510565162951498674, 0.000000000000000000 ) ) ;
#9101 = CARTESIAN_POINT ( 'NONE',  ( -26.55493701960715924, -23.56152604807649098, -19.03685471094480874 ) ) ;
#9102 = CARTESIAN_POINT ( 'NONE',  ( -22.23411612984850194, 25.05888422979396779, -19.03685471090980030 ) ) ;
#9103 = ORIENTED_EDGE ( 'NONE', *, *, #1693, .F. ) ;
#9104 = CARTESIAN_POINT ( 'NONE',  ( 4.971606510713773908, -29.07840241713573448, -4.500000000000003553 ) ) ;
#9105 = CARTESIAN_POINT ( 'NONE',  ( 2.780220478896653358, 2.805864232054657403, -10.44999999999990514 ) ) ;
#9106 = DIRECTION ( 'NONE',  ( 0.000000000000000000, 0.000000000000000000, -1.000000000000000000 ) ) ;
#9107 = ORIENTED_EDGE ( 'NONE', *, *, #2379, .F. ) ;
#9108 = CARTESIAN_POINT ( 'NONE',  ( -26.00122335001205798, -12.81723036860136489, -3.733038658339572713 ) ) ;
#9109 = CARTESIAN_POINT ( 'NONE',  ( 23.91907743607211856, 23.45707690342657159, -15.00037781293158368 ) ) ;
#9110 = CARTESIAN_POINT ( 'NONE',  ( 3.757716070392343788, -1.322654360280745678, -10.49999999999502620 ) ) ;
#9111 = CARTESIAN_POINT ( 'NONE',  ( 25.58078617624813589, -24.61507175250222090, -15.07870116200530752 ) ) ;
#9112 = CARTESIAN_POINT ( 'NONE',  ( -5.572430623243073811, -13.25634385285152028, -2.000000000000003553 ) ) ;
#9113 = CARTESIAN_POINT ( 'NONE',  ( -2.271319894968635289, 4.146101071585247766, -24.65131200083048313 ) ) ;
#9114 = VERTEX_POINT ( 'NONE', #3190 ) ;
#9115 = CARTESIAN_POINT ( 'NONE',  ( 3.708346147773380785, -1.418439616648049295, -30.50000000000000711 ) ) ;
#9116 = CARTESIAN_POINT ( 'NONE',  ( 5.338995065948045848, 6.327715312233324063, -17.45216443573362142 ) ) ;
#9117 = DIRECTION ( 'NONE',  ( -0.000000000000000000, -0.000000000000000000, 1.000000000000000000 ) ) ;
#9118 = ORIENTED_EDGE ( 'NONE', *, *, #5983, .T. ) ;
#9119 = CARTESIAN_POINT ( 'NONE',  ( 35.42478633093598717, -2.313465172494449718, -16.24166244702568207 ) ) ;
#9120 = LINE ( 'NONE', #4884, #4235 ) ;
#9121 = CARTESIAN_POINT ( 'NONE',  ( -13.05211736961372893, -3.610012676387958308, -12.75631115967845552 ) ) ;
#9122 = CARTESIAN_POINT ( 'NONE',  ( -2.646714135710742877, 35.40119919275875304, -17.82637605762931088 ) ) ;
#9123 = ORIENTED_EDGE ( 'NONE', *, *, #3628, .F. ) ;
#9124 = CARTESIAN_POINT ( 'NONE',  ( 1.336205084546162603, -35.47629800725203353, -19.68347431263108049 ) ) ;
#9125 = AXIS2_PLACEMENT_3D ( 'NONE', #3801, #3010, #2176 ) ;
#9126 = CARTESIAN_POINT ( 'NONE',  ( -35.40120326695732444, 2.646659642759135345, -17.17385420710234811 ) ) ;
#9127 = ORIENTED_EDGE ( 'NONE', *, *, #664, .T. ) ;
#9128 = FACE_OUTER_BOUND ( 'NONE', #6684, .T. ) ;
#9129 = LINE ( 'NONE', #2705, #4356 ) ;
#9130 = CARTESIAN_POINT ( 'NONE',  ( 23.92529890173264207, -26.22765938673714103, -15.50119477829934667 ) ) ;
#9131 = VECTOR ( 'NONE', #3068, 1000.000000000000114 ) ;
#9132 = B_SPLINE_CURVE_WITH_KNOTS ( 'NONE', 3,
 ( #7097, #7046, #1975, #8454, #4798, #9091, #4154, #2158, #7661, #709, #6956, #4896, #2072, #4984, #619, #576, #3410, #2706, #6395, #2024, #3452, #6296, #7847, #29, #1363, #6345, #9183, #5649, #2851, #5694, #1453, #4292, #3640, #7333, #4381, #2244, #795, #7378, #7940, #937, #5081, #2893, #4335, #5880, #4433, #4521, #162, #983, #6484, #1545, #5930, #3831, #8037, #5739, #2293, #5831, #2388, #7238, #7186 ),
 .UNSPECIFIED., .F., .F.,
 ( 4, 2, 2, 1, 1, 1, 1, 1, 2, 2, 2, 2, 2, 1, 1, 2, 2, 2, 2, 2, 1, 1, 1, 1, 2, 2, 2, 2, 2, 1, 1, 1, 1, 2, 2, 2, 4 ),
 ( 0.000000000000000000, 0.06250000000001734723, 0.09375000000002585432, 0.1093750000000301009, 0.1171875000000322381, 0.1210937500000331263, 0.1230468750000335704, 0.1240234375000336120, 0.1245117187500334871, 0.1250000000000333622, 0.1875000000000307532, 0.2187500000000296152, 0.2343750000000291989, 0.2421875000000290046, 0.2460937500000287825, 0.2480468750000287825, 0.2500000000000288103, 0.3750000000000342504, 0.4375000000000369704, 0.4687500000000383582, 0.4843750000000390243, 0.4921875000000393574, 0.4960937500000393019, 0.4980468750000391909, 0.4990234375000391354, 0.5000000000000390799, 0.6250000000000365263, 0.6875000000000353051, 0.7187500000000345279, 0.7343750000000340838, 0.7421875000000338618, 0.7460937500000337508, 0.7480468750000338618, 0.7490234375000338618, 0.7500000000000337508, 0.8750000000000168754, 1.000000000000000000 ),
 .UNSPECIFIED. ) ;
#9133 = EDGE_CURVE ( 'NONE', #407, #4415, #5071, .T. ) ;
#9134 = CARTESIAN_POINT ( 'NONE',  ( -21.85607801934127181, -25.38822273444620237, -17.82637605772025680 ) ) ;
#9135 = CARTESIAN_POINT ( 'NONE',  ( 20.05179155093578913, 20.52864371919517339, -0.3136142966344760419 ) ) ;
#9136 = EDGE_LOOP ( 'NONE', ( #8343, #3028, #2318, #9043, #2533 ) ) ;
#9137 = CARTESIAN_POINT ( 'NONE',  ( -21.30913144930462622, 22.50198200551852068, -3.735904735502669105 ) ) ;
#9138 = B_SPLINE_CURVE_WITH_KNOTS ( 'NONE', 3,
 ( #6842, #5397, #2732, #6140 ),
 .UNSPECIFIED., .F., .F.,
 ( 4, 4 ),
 ( 2.403850484232291511E-07, 0.003005043589698023262 ),
 .UNSPECIFIED. ) ;
#9139 = ORIENTED_EDGE ( 'NONE', *, *, #4254, .T. ) ;
#9140 = PLANE ( 'NONE',  #7077 ) ;
#9141 = CARTESIAN_POINT ( 'NONE',  ( -3.357047764542892221, -2.221845588634501656, -30.50000000000000711 ) ) ;
#9142 = EDGE_CURVE ( 'NONE', #4448, #5843, #3521, .T. ) ;
#9143 = VERTEX_POINT ( 'NONE', #1089 ) ;
#9144 = CARTESIAN_POINT ( 'NONE',  ( 13.06032526770653668, 25.09561358600996073, -0.04063620317970512152 ) ) ;
#9145 = CARTESIAN_POINT ( 'NONE',  ( -23.55958276952174302, -26.55666701238740757, -19.03432852958535548 ) ) ;
#9146 = CARTESIAN_POINT ( 'NONE',  ( -25.69520269921368083, 24.49556977809337965, -15.12618847594104921 ) ) ;
#9147 = ORIENTED_EDGE ( 'NONE', *, *, #1519, .F. ) ;
#9148 = B_SPLINE_CURVE_WITH_KNOTS ( 'NONE', 3,
 ( #2003, #2049, #553, #3389, #2968, #6508 ),
 .UNSPECIFIED., .F., .F.,
 ( 4, 2, 4 ),
 ( 0.005212076845214612224, 0.01122124663063493039, 0.01723041641605525115 ),
 .UNSPECIFIED. ) ;
#9149 = ORIENTED_EDGE ( 'NONE', *, *, #8246, .T. ) ;
#9150 = CARTESIAN_POINT ( 'NONE',  ( 4.185773619859065597, -0.7291642531573823138, -26.86386134817134064 ) ) ;
#9151 = CARTESIAN_POINT ( 'NONE',  ( 25.93334000391271488, -12.77981785458483088, -3.616906243914453256 ) ) ;
#9152 = CARTESIAN_POINT ( 'NONE',  ( -13.41745644144423721, 25.52122594533924982, -3.500000000000001776 ) ) ;
#9153 = ORIENTED_EDGE ( 'NONE', *, *, #2257, .T. ) ;
#9154 = CARTESIAN_POINT ( 'NONE',  ( -26.15870573762371265, -13.01136900174971345, -4.073818833115711691 ) ) ;
#9155 = CIRCLE ( 'NONE', #8429, 27.83333333333332860 ) ;
#9156 = EDGE_CURVE ( 'NONE', #8888, #7455, #2083, .T. ) ;
#9157 = DIRECTION ( 'NONE',  ( 0.000000000000000000, -0.000000000000000000, 1.000000000000000000 ) ) ;
#9158 = EDGE_CURVE ( 'NONE', #4722, #7346, #2492, .T. ) ;
#9159 = CARTESIAN_POINT ( 'NONE',  ( -1.807075951869890895, -3.550256487454566567, -10.50000000000000533 ) ) ;
#9160 = ORIENTED_EDGE ( 'NONE', *, *, #4478, .F. ) ;
#9161 = VECTOR ( 'NONE', #5211, 1000.000000000000000 ) ;
#9162 = CARTESIAN_POINT ( 'NONE',  ( 21.90573087366907856, -25.34570240373238192, -18.15506602338598796 ) ) ;
#9163 = CARTESIAN_POINT ( 'NONE',  ( -0.6936622677938371062, -35.49466771486925865, -15.06543078888019238 ) ) ;
#9164 = CARTESIAN_POINT ( 'NONE',  ( -0.6936622677938372172, -35.49466771486927286, -15.06543078888019238 ) ) ;
#9165 = EDGE_LOOP ( 'NONE', ( #5767, #979, #7324, #403 ) ) ;
#9166 = CARTESIAN_POINT ( 'NONE',  ( -9.776678374918397196, -3.807969262542308275, -15.01756026967790802 ) ) ;
#9167 = CARTESIAN_POINT ( 'NONE',  ( -30.13825535823319157, -9.161635441444326844, -4.500000000000002665 ) ) ;
#9168 = CARTESIAN_POINT ( 'NONE',  ( -1.998722883207607381, 33.44113806923124343, -15.96412339891959853 ) ) ;
#9169 = ORIENTED_EDGE ( 'NONE', *, *, #2891, .F. ) ;
#9170 = CARTESIAN_POINT ( 'NONE',  ( -26.22675450699551902, -23.92629385966995770, -19.50000510104706208 ) ) ;
#9171 = VERTEX_POINT ( 'NONE', #7489 ) ;
#9172 = LINE ( 'NONE', #1919, #8851 ) ;
#9173 = CARTESIAN_POINT ( 'NONE',  ( -26.90388608971372975, 23.16097824517053283, -17.16962608727448369 ) ) ;
#9174 = CARTESIAN_POINT ( 'NONE',  ( 9.459663954936026187E-15, 33.50000000000000000, -15.00000000000000000 ) ) ;
#9175 = VERTEX_POINT ( 'NONE', #1139 ) ;
#9176 = CIRCLE ( 'NONE', #1897, 6.000000000000000888 ) ;
#9177 = PLANE ( 'NONE',  #3950 ) ;
#9178 = FACE_OUTER_BOUND ( 'NONE', #2322, .T. ) ;
#9179 = ORIENTED_EDGE ( 'NONE', *, *, #5303, .F. ) ;
#9180 = CARTESIAN_POINT ( 'NONE',  ( 23.21341061813477680, 26.85899096161540456, -16.84523636480906461 ) ) ;
#9181 = AXIS2_PLACEMENT_3D ( 'NONE', #1490, #7177, #926 ) ;
#9182 = CARTESIAN_POINT ( 'NONE',  ( -23.21309894036531674, 26.85925623098356496, -16.84589223794203150 ) ) ;
#9183 = CARTESIAN_POINT ( 'NONE',  ( 0.6000000000000504929, -5.677427627872063454, -21.73830594427331420 ) ) ;
#9184 = CARTESIAN_POINT ( 'NONE',  ( -25.34605869684033053, -21.90531871837671218, -16.84589223791972401 ) ) ;
#9185 = FACE_OUTER_BOUND ( 'NONE', #7291, .T. ) ;
#9186 = CARTESIAN_POINT ( 'NONE',  ( -21.25106693969502203, 22.44788553365843242, -3.617112386346102326 ) ) ;
#9187 = ORIENTED_EDGE ( 'NONE', *, *, #955, .F. ) ;
#9188 = CARTESIAN_POINT ( 'NONE',  ( -24.99290614573704161, -12.54534135892337687, -2.168404344971008868E-16 ) ) ;
#9189 = CARTESIAN_POINT ( 'NONE',  ( -15.80343576993790577, -15.83354799699518445, -10.50000000000000533 ) ) ;
#9190 = VERTEX_POINT ( 'NONE', #5656 ) ;
#9191 = CIRCLE ( 'NONE', #8317, 31.50000000000000000 ) ;
#9192 = AXIS2_PLACEMENT_3D ( 'NONE', #7541, #4497, #1145 ) ;
#9193 = CARTESIAN_POINT ( 'NONE',  ( -14.73106042184978648, 27.08671820823362708, -3.500000000000000000 ) ) ;
#9194 = EDGE_CURVE ( 'NONE', #3903, #3867, #8084, .T. ) ;
#9195 = DIRECTION ( 'NONE',  ( 1.000000000000000000, 0.000000000000000000, 0.000000000000000000 ) ) ;
#9196 = CARTESIAN_POINT ( 'NONE',  ( -23.22286412987094906, 24.14622553067372834, -19.93550015078834647 ) ) ;
#9197 = VECTOR ( 'NONE', #1576, 1000.000000000000000 ) ;
ENDSEC;
END-ISO-10303-21;
